"protein_group","number_of_peptides_A_1","number_of_peptides_A_2","number_of_peptides_A_3","number_of_peptides_B_1","number_of_peptides_B_2","number_of_peptides_B_3","abundance_A_1","abundance_B_1","log_fold_change_B_vs_A","differential_abundance_pvalue_B_vs_A","differential_abundance_qvalue_B_vs_A"
"Q86U42",5,7,8,6,7,8,22.1066571019255,22.1288583646778,0.145947188631169,0.137702356049743,0.289928792719332
"O75822",13,13,14,10,13,15,22.5286939043552,22.5304692337617,0.0636991026991205,0.250877360560782,0.469906328920503
"Q9H3H3",NA,NA,4,3,4,NA,19.5340932538789,19.5259429248315,0.178635253165875,0.154734092536803,0.317559935910643
"Q96P70",7,10,10,9,10,13,20.6184957816541,20.6181142925249,0.0580439721034109,0.324163226285678,0.579156906919194
"P28482",14,12,15,14,14,14,22.4761551465916,22.4909166855092,6.0741407393212e-20,0.999999999420447,1
"Q8WVM8",11,11,16,13,15,12,20.6625200446614,20.6825775683903,0.153481610618176,0.0639717542831942,0.153261233579629
"Q9Y2Z0",13,15,14,12,18,15,21.7365576423738,21.6313054266917,0.0890713735126279,0.0566955122217167,0.138591699155544
"Q7L5D6",6,NA,NA,7,5,5,20.5366852897501,20.672577893274,0.15019810094434,0.148476098895798,0.307782470186798
"P27361",NA,NA,1,NA,NA,NA,20.6570718519773,19.6401478341177,-0.720072696286856,0.0278592265517154,0.0754553417731672
"Q5VYK3",29,25,30,31,30,19,20.4095478481445,20.4019182485458,0.17823180266127,0.0476342666729068,0.120053335271297
"Q99615",14,14,14,18,12,11,21.9373108280316,21.9650110104162,0.133122071717174,0.0399498591548377,0.102934675062197
"O43324",8,6,8,8,8,7,22.6806543096277,22.7189804350859,0.230038836656932,0.00644581866856422,0.0215445700457399
"P42566",19,15,17,20,17,17,20.1624755357549,20.2132156385918,0.260040024009385,0.000216932581312158,0.00112442413440237
"O00231",17,20,24,21,23,23,22.6426814802277,22.6552751841576,0.249426196895097,1.52605449787408e-05,9.95713246275656e-05
"A6NHR9",43,40,43,38,41,40,20.8568915158985,20.8454163833756,0.108710243141165,0.0174151213747539,0.0505158750923254
"Q96EV2",NA,5,NA,5,NA,NA,20.4699363201011,20.5538264953875,0.0487738932000602,0.60569085502694,0.983736076196627
"P62877",1,2,2,2,4,3,21.0809950019095,21.0675469637535,0.00312076797223463,0.887693013383115,1
"Q5VWZ2",NA,1,NA,NA,NA,3,20.5855520873959,20.5431862933057,3.35541127599883e-12,0.999998737836512,1
"Q9NWH9",11,12,12,7,8,12,20.5756253372258,20.5171639916668,2.89663123838941e-20,0.999999999661435,1
NA,NA,NA,NA,NA,NA,NA,19.5585398668647,19.7904474822831,1.12176935184386e-19,0.999999999572057,1
"Q9NS69",7,7,9,9,7,7,21.4100791355931,21.4020738887715,0.0569666427278536,0.29326499080084,0.533368767947681
"O75427",1,NA,NA,NA,NA,NA,18.7167662799768,18.4039505734921,-1.09437794165382e-19,0.999999999847033,1
"O43583",7,8,6,7,7,7,21.6475756825681,21.4799642956019,2.78162871629564e-08,0.999592756637175,1
"Q92616",60,64,63,66,61,71,21.2889587133542,21.2512237892087,0.134770169384839,0.000838507105875387,0.00366188303845201
"Q8IY67",12,13,14,12,15,12,21.7548217397473,21.6231106879228,2.48976529365372e-19,0.999999998262534,1
"Q96BP3",13,11,13,11,10,8,20.1074638921907,19.9819646045092,6.36148283930521e-20,0.999999999289468,1
"Q9UL63",6,5,7,6,6,6,19.3770203236584,19.5698238433829,0.471220273850616,0.00485206699539069,0.0168421025850836
"P30566",12,11,11,13,13,10,21.2405655993722,21.1958619585232,0.117227922559125,0.0357196717752614,0.0937946228818766
"P26641",25,23,25,28,22,25,24.1626853316941,24.148436913274,0.140104450268671,0.00158372216423775,0.00639810445762436
"O95249",3,NA,NA,3,NA,1,20.2593276411926,20.5267246690946,0.434829019057311,0.0297689001412719,0.0801011123670698
"P52272",48,52,60,48,54,55,22.2732636657852,22.1421115429856,0.025055028568092,0.294243324172816,0.534810881270629
"Q9H7E9",NA,3,NA,2,2,4,20.3164249344488,20.2490004719442,0.0399011378208375,0.559581191197135,0.91684859188193
"P35269",7,8,9,10,10,12,20.8649341778198,20.6871954007279,3.90954735590346e-20,0.99999999951427,1
"Q86Y56",9,8,18,14,11,15,19.9596999903812,20.0438073635205,0.235153815233434,0.000664940684753489,0.00298990086542703
"Q9P000",NA,NA,1,NA,NA,2,20.4217544219413,20.5325191242259,0.0904162807704902,0.744772772390644,1
"P27708",51,54,56,64,61,65,20.845985449992,20.7958740782244,0.10531836199935,0.0289344661589012,0.0781474416061334
"Q9NXG2",10,10,13,8,11,9,21.6818479234483,21.7290641189304,0.189029050479067,0.007437091728332,0.0245309217728687
"Q9H0S4",10,7,6,11,8,7,20.3719885198424,20.3139388810638,0.0575950282033658,0.359295953358585,0.629832377674165
"Q96G03",13,15,16,13,14,18,21.3328446588369,21.1778962081417,3.93223996749941e-21,0.999999999942111,1
"Q5RI15",NA,1,2,3,NA,NA,21.3246375423642,21.2806292217812,3.5666412853244e-18,0.999999998008817,1
"Q3MHD2",5,5,6,5,4,6,21.4672033540212,21.5177889410441,1.15261526723972e-19,0.999999999336747,1
"Q92979",9,7,6,8,8,10,20.3054216273492,20.3439737586082,0.0797342053195132,0.381217527136785,0.660235338952901
"Q13144",5,8,7,8,7,8,21.0495951687245,21.126071290434,0.276461801679259,0.00139091764802939,0.00570305892784758
"Q16401",14,14,14,13,17,16,22.1499855953353,22.0632352253448,0.137101474766811,0.00403315306627681,0.0143536459218698
"P62826",6,9,8,7,8,8,21.4330639614521,21.3006866722971,0.0253701657774387,0.627429996575985,1
"Q9Y5J7",5,5,4,4,5,4,22.2470555355415,22.2536391983425,6.49140706125498e-20,0.999999999524523,1
"O14497",26,23,24,23,29,29,20.336607934995,20.3168944739841,1.80835577875302e-11,0.999989810954279,1
"Q13263",43,40,41,40,48,46,21.195373219841,21.1857698423219,0.140002250796104,4.3483078820655e-06,3.19966685862702e-05
"P14550",11,9,11,12,11,11,21.4080465093643,21.3183180260866,2.79174289898293e-20,0.99999999964438,1
"Q8ND24",5,4,2,5,4,3,20.0613722179505,20.0323442879361,0.107902020826113,0.2723617220693,0.502158764658929
"O75937",NA,6,7,10,7,8,20.7715714607989,20.5868278650818,1.69375140198711e-20,0.99999999989179,1
"O15160",5,7,8,9,8,7,21.4227378338785,21.2542107462346,2.58097145518767e-20,0.999999999632204,1
"P41236,Q6NXS1",NA,2,NA,NA,NA,NA,20.8099497358043,20.5593034543942,-1.82564048176804e-20,0.999999999853833,1
"O95684",7,7,6,5,8,7,20.4612787976735,20.4469411292729,0.155202603074031,0.105869685919062,0.234187967050256
NA,NA,NA,NA,NA,NA,NA,18.2669573805716,18.3580497081839,0.324914958569488,0.0764238218743816,0.178353166825772
"O95456",7,7,6,8,8,8,22.00218232514,22.0322615564529,0.192944352232065,0.0174253061940939,0.0505158750923254
"P12270",51,53,54,55,52,59,21.7645616941979,21.7074909990584,0.119724502708842,0.000119172855084831,0.000662339307306733
"Q9Y5X3",9,9,9,6,11,10,20.8937907897137,20.8988403734425,0.116496305656712,0.265461213549023,0.491951731758534
"Q9Y312",NA,NA,5,5,6,7,19.6618117616896,19.6802864703847,0.215994570681423,0.0845741767560448,0.194208824769484
"P09382",12,8,10,8,10,10,23.8155419262136,23.7767522275318,0.106886251708649,0.12864045928985,0.275167523041581
"Q7Z7C8",2,2,1,3,3,3,19.7175733192724,19.7646905673745,7.35633620516366e-20,0.999999999704854,1
"O60832",13,14,16,16,17,14,22.1373142739057,22.178158616544,0.0800869475885946,0.13102476599634,0.278538315674933
"Q14498",12,14,14,15,16,14,21.6095216715906,21.7748199883883,0.239807022133363,0.00069267038588699,0.00310008957035069
"P62310",2,6,2,5,5,4,22.0795537630283,21.9850310487586,-5.33697433161192e-19,0.999999999850737,1
"O14737",6,6,4,6,5,5,23.5780921566903,23.4378358663684,0.0595912727858018,0.365043908684119,0.636762782777998
"Q15056",10,9,8,9,10,10,22.5972904523404,22.7015118322324,0.214649136995074,0.000968543036101035,0.0041512071138684
"P38768",NA,NA,3,NA,NA,NA,18.9028169066709,18.5605671091891,-1.1413098266825e-19,0.999999999562641,1
"P62140",3,3,4,4,5,4,21.3892737226112,21.3161998281727,7.20930563628893e-20,0.99999999933104,1
"Q9Y285",13,14,15,19,15,13,21.2740322025638,21.3215487305863,0.188905461316861,0.00564857298717059,0.0191573295490812
"Q99733",9,8,10,9,7,11,21.481893795377,21.4731333031215,0.184461039293439,0.0129074471827311,0.0393776112095059
"Q9UIA9",18,22,16,22,16,18,21.1749745305848,21.1492878286264,0.0755746862000518,0.190528101473573,0.375651612235489
"P63313",2,2,2,2,2,2,23.6612797619135,24.0153949019863,0.373702013153679,0.0311671757602181,0.0833194795925387
"Q9H6Z4",12,9,9,12,11,8,20.753451155896,20.6243675941252,0.0435827558609001,0.540979417806509,0.890670736679724
"P47755",7,8,9,9,8,8,21.4867113492276,21.3958505974747,0.102127203094007,0.262290152720524,0.487484500980896
"Q01518",13,14,13,13,14,13,23.1121022520408,23.0125425959915,0.0196340340401737,0.564915648197145,0.924014282520366
"P05771",9,9,10,10,11,9,20.6802317798546,20.4218429943039,3.26014597162346e-20,0.999999999648818,1
"P29083",NA,7,3,NA,NA,4,19.9391503735346,19.8039011193644,-1.80010698720248e-20,0.999999999877658,1
"Q7Z2W4",21,19,19,20,18,19,20.8896229201964,20.8963680385995,0.167487408143222,0.0206622996522266,0.0585465651737206
"P0DP23,P0DP24,P0DP25",4,4,6,5,4,7,21.6537312574993,21.5704974117549,1.24754787639076e-19,0.999999999337939,1
"Q99287",5,4,6,NA,NA,NA,20.2597865300523,19.4072418376154,-0.599869602663958,0.000175669373555695,0.000930612135943806
"P07741",8,8,6,8,10,6,23.577973165973,23.5234057286284,9.12226026999582e-08,0.999401791979756,1
"Q96C90",4,5,4,5,8,6,21.5808970159281,21.4689028045781,1.26796160464533e-20,0.999999999809069,1
"Q9NY33",11,11,17,17,10,17,20.6152575867094,20.7644199153206,0.269959137582153,0.00353817301222032,0.012829490953802
"Q9UBF6",NA,NA,2,1,NA,1,20.1769227466711,19.9081608594662,-8.69011919460479e-20,0.999999999736294,1
"Q9Y5S9",8,9,9,9,10,8,21.333887638215,21.2018128595493,8.09719245192302e-20,0.999999999222287,1
"O60927",2,1,1,1,1,1,20.3143616930868,20.1636530170182,7.39279457905881e-20,0.999999999714521,1
"Q9NYB0",8,12,11,9,9,9,20.2625186372909,20.1733669005816,0.0880101307241285,0.139940231832713,0.293603851325604
"P25398",11,12,13,16,15,16,23.2431858469654,23.1507689525225,1.48347679652599e-20,0.999999999763924,1
"O00299",20,23,21,20,17,19,26.0384086757502,26.0059410787936,0.144557802630908,0.00548410209963767,0.0186984544992965
"Q12434",4,5,6,4,5,NA,21.4562088902945,20.7009276391977,-0.576845760241469,7.17085353654029e-05,0.000415765367359809
"O14545",11,8,10,11,10,10,20.3300129219343,20.193635632638,0.026419324455553,0.466424949533688,0.784262761253234
"Q9Y4E8",28,24,25,27,31,31,21.5015848179712,21.4634689508537,0.111356240897168,0.010816866705296,0.0338224954053401
"Q9H2C0",1,NA,NA,1,1,1,19.838344166914,19.7796351828008,3.26170196018655e-20,0.999999999855666,1
"Q9Y5J9",4,3,2,3,3,NA,22.3499139997268,22.2860381478447,0.254225344867197,0.0136376894575596,0.0410964324187849
"Q9UN36",4,4,4,6,4,5,20.4549448120436,20.2562067228155,6.14928035207918e-21,0.999999999924283,1
"P06634",14,12,13,10,11,11,21.6724985139761,20.7438345495001,-0.820686496496759,7.95896827648432e-11,1.2179121481973e-09
"Q96I24",16,16,10,13,17,17,21.6761537838244,21.6658185212594,2.66028142504664e-10,0.999959685044265,1
"Q9HD15",NA,NA,NA,6,NA,5,20.4275400074011,20.2788472334041,-1.06020866920138e-19,0.999999999475044,1
"Q9NXV2",2,2,1,3,NA,2,20.1515396736686,19.7963352402421,-0.0803068959857898,0.756946191457834,1
"Q8TAG9",NA,5,5,6,NA,NA,19.3147738162997,19.2377697998126,0.026484415888976,0.640593257967522,1
"Q9NQT5",8,6,6,5,8,5,21.133782278658,21.2469911053988,0.199440864388978,0.0903562980106389,0.205222631190305
"Q9Y5Z4",5,4,4,NA,4,NA,21.3807754891803,21.3774315932931,8.67837621502132e-10,0.999933403828059,1
"Q04760",12,14,15,13,12,14,21.1923385522845,21.1629595686973,2.72140955438918e-20,0.999999999647159,1
"O00148",9,9,10,8,10,10,22.2363668710028,22.2028454243073,0.0913126909542743,0.185894429153601,0.36865760116436
"Q9NRF9",2,2,3,2,2,4,22.4450444081842,22.3828887942391,9.89664136427907e-20,0.999999999397962,1
"O60869",6,5,6,6,6,6,22.0579576051089,21.9768741803054,2.48302072621061e-20,0.999999999656281,1
"P49736",21,27,23,21,24,26,22.1036420940959,22.0273723253508,0.0720644392764384,0.216941622806813,0.418395715598002
"Q08945",17,13,15,14,17,16,21.812686859063,21.8034857979051,0.122603683236729,0.0406308428659746,0.104455347741826
"Q14151",9,10,9,10,10,9,21.473227601538,21.3397573280857,4.4158955188672e-20,0.999999999528047,1
"Q15424",11,11,11,8,10,10,22.9029965147527,22.8646485298051,1.17632300207893e-17,0.999999991851472,1
"P40429",NA,4,3,4,4,4,23.7561730770474,23.6159823463064,4.62446230442633e-18,0.99999999768458,1
"P30520",8,7,9,7,9,9,21.7278820369041,21.6311966409174,9.02369973906092e-10,0.999933556549762,1
"Q9H267",7,7,3,8,5,6,19.7883292005085,19.6137605998258,3.43371179835271e-20,0.99999999992585,1
"Q9Y4A5",NA,NA,14,14,16,16,19.2017201481974,19.1653574039438,0.0872701416435009,0.354541339360849,0.623772182608337
"Q9H9Y4",NA,NA,NA,NA,NA,1,18.2381189504813,18.6705897427581,0.392145909987707,0.0828629335267634,0.191138050186285
"Q9BXR0",2,4,5,4,3,4,20.4251580023709,20.4379873534033,4.69585769244904e-09,0.999856919087341,1
"P63151",9,6,5,9,6,5,20.2460568359523,20.1784652633367,4.4544174126417e-11,0.999988575339756,1
"Q9BTD8",5,5,6,4,6,4,19.3733998382748,19.2198260333875,1.07577159150855e-17,0.999999995006201,1
"O95295",3,1,2,2,2,3,20.36740446428,20.5626334175337,0.309362323041702,0.250281640128414,0.469247572928443
"Q9NPD3",6,6,8,7,7,8,21.6411780935885,21.5725334543917,5.89695710547344e-20,0.999999999661,1
"Q96BR5",NA,4,4,5,5,4,20.755685736583,20.4277248673269,-1.82509904259522e-11,0.99999389240129,1
"P57081",5,5,8,5,10,8,20.4482551567139,20.5453194185682,1.21891274771444e-17,0.999999996364207,1
"P10659",11,5,9,4,5,6,21.8765837382814,20.8756639861274,-0.756964691379618,4.95688347351249e-06,3.61520363573875e-05
"P25205",26,31,33,26,32,36,22.596791056076,22.5708817940485,0.148792221825999,0.00784225934032505,0.025720292287854
"Q16643",12,12,10,14,13,14,21.6241464501021,21.5516648197314,0.0320381289716165,0.441107185219514,0.746917332413083
"P42229",9,8,7,7,8,8,21.5848355639271,21.5925856240604,2.81408499165469e-20,0.999999999735617,1
"Q8TED0",15,11,13,13,14,14,20.624022448122,20.7126534120355,0.246834134465797,0.00547414386516595,0.0186865893243446
"Q99829",4,3,4,6,5,6,20.4556741176636,20.6423350316678,0.0839626245182159,0.376123403359463,0.652030847278759
"Q6IBS0",8,7,7,10,9,8,21.3856930108532,21.3248565451573,0.148760291636131,0.0300552302648311,0.0807585577074107
"Q9P289",8,7,5,6,8,6,20.5129755995604,20.4699513227475,2.62452884159735e-09,0.999867005276068,1
"P28074",15,14,14,18,16,18,21.8156720792906,21.669363233884,1.33445894818919e-10,0.999954939527153,1
"P62195",20,17,19,21,18,20,21.9000012016963,22.0536881869787,0.341008141479209,7.47012646019657e-05,0.000429234656861295
"Q7Z7K0",4,NA,4,3,3,3,20.5302663069809,20.9051003653967,3.09233664991773e-05,0.989572390340502,1
"P15891",22,21,21,15,17,17,22.2384032660177,21.2138103387883,-0.85149078395916,3.6082469184804e-23,2.08159764727134e-21
"O60232",5,5,6,7,6,7,20.8445517511754,20.8560633265633,0.169239563016662,0.0342678793799837,0.0905180385270723
NA,NA,NA,NA,NA,NA,NA,18.6811186486126,18.7462996751308,5.71754337621404e-21,0.999999999969235,1
"P49321",34,32,37,34,39,39,21.9212932740642,21.8636617540048,1.47497052257656e-20,0.999999999694381,1
"Q9HAV4",21,19,20,25,27,26,21.3100895583288,21.1479264082651,0.0466357297046633,0.298937322877513,0.541126267863312
"Q96DG6",9,8,9,9,9,9,22.8211402623811,22.7323835461495,1.78545871748295e-10,0.999978351747748,1
"P62913",7,6,5,6,6,5,23.3512728336599,23.1299179226631,5.23913573826703e-21,0.99999999995032,1
"Q12074",8,6,9,4,8,6,21.31450446885,20.2951870521672,-0.90458325957447,1.40967103007311e-11,2.31033868536698e-10
"Q9NXV6",6,6,12,10,6,11,19.7880597523864,19.7202784652979,6.28258428097114e-20,0.999999999511613,1
"P78347",24,29,22,27,26,23,21.4357714713851,21.336997179851,0.124930488582517,0.00554292065323037,0.0188766878680555
"P40763",12,16,13,14,13,16,20.8155726614643,20.7261732350933,0.127015410682909,0.0304274807723268,0.0816827066428819
"Q86VP6",28,28,25,27,22,30,21.9425780278353,22.0664242545395,0.235582190065902,6.73210098697195e-06,4.75367081931961e-05
"Q6P2E9",26,22,28,22,27,28,20.8425161873056,20.8799393794021,0.244649833117887,0.000329546836823482,0.00161800485245504
"P53602",11,8,8,6,7,6,20.2983317833216,20.2643129920183,0.0846733289976742,0.29229843850951,0.532450171064529
"O43264",9,9,13,10,10,14,20.2292925715936,20.2312599105391,1.56870413065508e-09,0.999898486613073,1
"O76094",15,12,18,11,17,13,21.0629175788644,21.0933377254791,0.191206314284994,0.00603269215410839,0.0202576257491567
"Q96B36",4,4,3,3,3,3,20.5921833433727,20.3198109085079,-0.0187882729854295,0.680557481046346,1
"P23528",12,12,12,11,11,12,25.0272949325771,24.9756654820653,0.0672933456172004,0.235421625350421,0.446758998896902
"P60981",7,5,7,5,7,7,22.2164669693838,22.2457621128915,0.0433672868980474,0.363114907856479,0.634598577226303
"Q9P253",NA,NA,NA,NA,NA,2,18.9099605472787,19.3867163036723,0.448799598645255,0.11799070921256,0.25570563540468
"P78371",41,39,41,47,41,44,22.4523228178667,22.482725327217,0.213626345104375,1.36823529207454e-05,9.04163734247197e-05
"P48643",31,33,31,42,37,37,22.0938264677517,22.0288264609638,0.1373885330381,0.00270221548941469,0.0102559744463377
"P38011",25,28,28,22,18,19,22.1424888036258,21.1460379324047,-0.79752799076354,3.12287579091377e-36,5.45935467811561e-34
"Q13601",NA,NA,NA,NA,NA,4,21.1243727663387,21.1281375482996,0.107651043396445,0.24719481985909,0.464668268415474
"Q9UEU0",NA,NA,1,NA,NA,NA,20.0447972414123,20.0560135009924,1.75398512368008e-19,0.999999999286242,1
"Q7KZF4",43,42,40,42,47,49,22.8702977947914,22.85147622407,0.131163706902286,7.87744656796197e-05,0.000451213933659942
"Q96BD8",1,2,3,6,5,4,20.5383629000834,20.6178040813412,1.13049419704571e-05,0.997747140088901,1
"O75381",5,6,5,4,7,7,20.1128960683614,20.0051397765937,9.50701527489458e-11,0.999987037254233,1
"Q01658",3,3,3,3,4,3,20.9324263960586,20.9780963647654,0.120116331189178,0.265714802050311,0.492263549463148
"Q9BXK5",NA,7,6,6,6,4,20.2348274061942,20.1708837557942,3.46172477643343e-10,0.999970147110328,1
"O15294",22,18,20,18,19,19,20.6172129948189,20.5479600418924,0.0702131653112537,0.1648504898189,0.334278550356848
"Q05506",21,21,18,14,16,12,20.8529192884811,19.8719558330512,-0.759866754597506,1.21338834753292e-14,2.75592022713284e-13
"P40016",9,9,9,5,5,5,21.3287201596153,20.2925340292894,-0.8712890404667,2.83859626913814e-07,2.55075730166012e-06
"P56134",4,3,4,4,4,5,21.8833079817186,21.8259448002399,2.87767356040623e-20,0.99999999975859,1
"Q7Z4H3",7,8,8,7,8,9,21.5941939261481,21.4788062943551,0.0623187998924011,0.280179483033563,0.514107963619791
"Q15020",17,17,15,17,16,12,21.1019717572111,20.9562788169201,9.55295721114352e-12,0.999994062147691,1
"P29144",25,26,23,27,28,28,21.4101391154564,21.4363305098032,0.253122689017788,5.11987580576573e-06,3.71997021706077e-05
"P22234",21,24,21,24,21,24,23.5122762706027,23.4075052384383,0.104095315855914,0.0239192698202423,0.0663733850856074
"P20700",33,33,30,34,33,34,23.1337827773928,23.043388878141,0.066409604173043,0.220541860223494,0.423537280835332
"Q9NUU7",5,3,3,4,3,4,21.1253994485741,20.9817143392249,7.13604760249571e-20,0.999999999479142,1
"Q5SSJ5",8,6,6,8,6,5,20.8871881589622,20.8412661853724,7.26222608184656e-18,0.999999995140765,1
"Q9NX55",4,5,3,4,4,8,20.2478970798926,20.4138281690096,0.181482814842428,0.0838725164324388,0.19282729968239
"Q13435",25,26,25,28,29,32,21.9759543206591,21.8920170723114,0.0220758152122593,0.420073369054611,0.716135716925547
"Q8NC96",NA,1,NA,NA,NA,NA,18.6448931653107,18.3325196299644,-1.2264550322551e-19,0.999999999551764,1
"P82979",6,7,5,8,7,7,23.4389035404441,23.2487811966269,4.26126850554408e-20,0.99999999970993,1
"Q8WUM4",32,35,33,38,30,38,22.1628597496439,22.0640695506656,0.110396011463441,0.00136274265724723,0.00559548924530908
"Q15637",11,15,12,13,12,12,22.5065476963905,22.4404931858494,0.0626772459248917,0.271756870515317,0.501684923520917
"P07259",65,59,63,52,46,49,22.0297886542344,21.0107510042916,-0.829656290692655,2.28927044112443e-63,2.64136023496937e-60
"P11745",7,9,9,8,6,5,21.5888942961847,20.748412529064,-0.679274329510558,9.99365128291008e-05,0.000562471943913251
"P29692",18,16,15,18,15,16,23.6553212286014,23.585027727754,0.0846953199675725,0.0900554658485956,0.204619922205809
"P18583",24,27,25,26,23,30,21.3366856471341,21.3295959465643,0.168575994642801,0.00643663339257133,0.0215263408937646
"P48426",4,2,4,3,2,5,20.6399213741616,20.5425308142517,6.15056511979455e-20,0.999999999507535,1
"Q9Y2P8",5,5,5,7,6,5,20.6115788074822,20.4398470926859,-1.66665656267556e-21,0.999999999987214,1
"Q6PKG0",21,18,19,21,16,17,21.2181630629236,21.1384727719171,8.44838012825201e-08,0.998990923132089,1
"Q9NW64",7,6,6,6,3,6,20.7931646308572,20.80627324606,6.2592601368065e-20,0.999999999487002,1
"P38919",16,18,19,21,19,21,21.6522083037055,21.5054731243978,0.174250844982847,0.0054098761731634,0.0185374307840647
"P06730",6,5,5,7,5,4,22.9740948727571,22.8985478916017,0.0137902781938416,0.670333760648414,1
"Q01469",5,5,6,4,4,5,22.3753071618498,22.2964104700484,0.0890096991872224,0.171047100018087,0.343942391078544
"P46821",28,34,32,29,30,34,20.4466939206991,20.476883579502,0.131301897357245,0.00726111523249115,0.0240743527449664
"Q15437",9,11,9,11,8,12,20.4769935007963,20.4334707749573,5.57886940138888e-20,0.999999999410543,1
"Q9NVA2",7,6,7,6,7,8,21.4407580848023,21.3793184597531,3.52084933369568e-20,0.999999999649269,1
"Q15691",12,9,9,12,10,9,22.5925892819737,22.4157369612667,4.45351132149408e-20,0.999999999534454,1
"Q9UPY8",1,NA,NA,3,2,5,19.6737003301402,20.0796460241047,0.380782414571014,0.0729587188820791,0.171515423484399
"P09012",7,8,9,10,9,8,22.1651721852705,22.0889521350936,6.99000710082109e-20,0.999999999325067,1
"P21796",13,14,15,13,13,15,23.1064273415164,23.154120966573,0.139084030500024,0.00590770182776535,0.0199170744835954
"O15143",5,7,8,8,9,7,21.5368254008278,21.3452632020516,-5.56933941767502e-18,0.999999994494694,1
"P60660",5,4,5,5,6,5,22.0749697843819,22.2069120578469,0.279408817495736,0.00158493717724305,0.00639853224318764
"Q9BV44",9,9,9,10,11,12,20.9090380487323,21.0913926891528,0.268797806086298,0.0249106533862816,0.0687605547298845
"Q2VPK5",6,4,4,7,5,7,20.0423284565237,20.1327048815312,0.326023342677674,0.0058943452061623,0.0198924653202048
"Cont_P60712,P60709",4,2,5,5,4,4,24.9159233872963,25.1378943588231,0.357742888227701,0.0686570841284233,0.162862959842465
"P63261",2,2,2,2,2,2,23.3442396691603,23.6851737994443,0.334867868576915,0.0832423555294355,0.191936510411396
"P35658",37,35,38,41,36,41,21.7266144756054,21.6510124793115,0.120161471682869,0.000449098772227276,0.00212190894101487
"P12235",NA,2,3,3,NA,NA,21.0195470945819,21.0113941942564,1.13272130914567e-19,0.999999999459855,1
"Q92620",11,9,11,14,12,9,19.6698156392512,19.6604280180161,0.222375700956488,0.00218955485884862,0.00852330767928319
"Q9BTY7",12,12,12,13,10,10,20.1996894576363,20.1911201230482,0.113762870297001,0.0782777208437263,0.182237357363784
"Q13535",NA,NA,5,NA,NA,NA,18.246776821434,18.503486471993,5.29061305196753e-19,0.999999999365987,1
"Q9NQS7",3,7,5,6,10,6,20.1285596804592,20.0710267598986,4.94075597605742e-19,0.999999998612365,1
"Q15365",24,21,23,23,25,23,21.9377904730281,21.9184806169242,0.11919797589338,0.00436625528214953,0.0153403938628019
"O43592",13,17,18,19,17,13,20.0680695398362,20.1334300853411,0.20411377617663,0.00127165027718328,0.00527780607846788
"P26599",25,25,22,29,22,25,21.9293050446135,21.9430441736949,0.162565445898792,0.000788627893160152,0.00347032365800222
"P00498",7,8,9,6,5,7,21.7864929382462,20.6691607698477,-0.786113807720479,1.18166743154588e-09,1.51153867241423e-08
"P32381",13,9,10,4,7,11,21.0760831786901,20.1210169350293,-0.816197749068072,2.42186498964847e-07,2.20027387799717e-06
"O95373",21,24,21,20,22,22,22.0497743660104,21.9848138792214,0.0863625460014699,0.147487566476503,0.305953171881678
"P60010",21,26,24,18,18,23,21.3395650205121,20.4963012907356,-0.71541631927104,1.94772608320456e-15,4.90673876594196e-14
"P49588",31,33,32,37,30,43,21.7227127595618,21.6773136434728,0.136634917841853,0.000164678550797317,0.000881289943923674
"P49723",14,13,12,7,9,7,23.2440376045701,22.3559459116758,-0.791078542769897,1.07167586058727e-09,1.3831091811472e-08
"P06132",15,16,19,18,14,15,20.7083910644236,20.7053975502223,0.0930257516022842,0.178061682847081,0.356432286032204
"P06748",20,22,22,17,22,22,21.5340288027445,21.3695785339115,0.0007865093934156,0.911122112552513,1
"Q9NVZ3",6,8,7,7,8,4,20.8675079849084,20.801954172713,0.0960810307885469,0.385450158523787,0.666565337087449
"Q8WW33",8,6,5,7,7,7,22.4838795076685,22.419212717418,4.48858121609791e-20,0.999999999631007,1
"P49327",113,106,107,107,111,115,22.3195145124831,22.2893110410895,0.14449841326826,1.61950487704087e-08,1.75289374027182e-07
"P17987",37,35,37,38,39,41,23.5055291947857,23.4266980586617,0.152655733048786,6.39247526327504e-05,0.000374397865927246
"Q14974",38,38,45,42,46,39,22.2891631599802,22.2751359183351,0.228644729908917,2.38681821319826e-05,0.000149831928965623
"Q9H3K6",4,5,4,5,5,4,21.6743634912192,21.5924053102752,0.169553326230993,0.122182861439949,0.263110461980988
"P19623",14,15,17,19,18,14,22.3389070180283,22.363777756676,0.223341394208505,0.0473407285794716,0.119477693753163
"O60610",34,41,36,37,40,38,NA,NA,0.201505558545127,4.14336172775276e-06,3.06057026983427e-05
"O13535,P0C2I2,P0C2I4,P0C2J0,P0CX59,P0CX60,P0CX65,P0CX66,P0CX67,P0CX68,P0CX69,Q03619,Q03855,Q03856,Q04670,Q12088,Q12193,Q12217,Q12316,Q12441,Q92393,Q99231",NA,1,1,NA,1,1,20.4562865210771,19.3730666228182,-0.8698020567974,1.6781760441916e-05,0.000108414306819052
"P61163",NA,3,6,3,6,7,21.0883570929432,21.2118388513593,0.104238270114783,0.45252333608652,0.763782073107996
"P61978",28,29,28,27,27,30,24.8234656704492,24.7773455567352,0.139482882507236,0.0093747972484247,0.0300128775394906
"P52597",19,21,19,22,20,21,22.3137973366104,22.2695933234866,0.261574424935439,7.32850175446778e-05,0.000423204470685932
"P31943",18,18,20,19,21,20,22.3842895200308,22.2805109710599,0.0457989884128221,0.264441314053512,0.490622154657963
"P41252",42,44,43,48,49,44,22.0771716896083,21.9779531650822,0.140559632654575,0.00121714019216228,0.0050844907810168
"Q99832",33,31,31,33,30,33,22.0432265736279,22.1099761158256,0.232930819384897,0.000893419633753721,0.00387529162941745
"P04080",6,6,6,6,7,7,22.2061000399589,22.1126006966849,2.47843096565741e-09,0.999880174152169,1
"P49368",39,43,44,45,44,45,23.0511894222508,23.0654255634727,0.190949681477821,5.1938095453157e-05,0.000308897806875529
"P31539",45,44,49,39,31,42,22.1191968265659,21.2418397597648,-0.743220240156988,5.75890176559552e-40,1.1456242857145e-37
"P11940",7,6,8,6,5,10,21.2574066579045,21.1410389318174,8.32604098646739e-11,0.99997969601936,1
"P55884",27,28,29,27,30,31,22.0009001783027,21.9676990064843,0.162073176842214,0.000556489000981561,0.00257242391559505
"P63220",8,7,7,6,7,8,22.0535472774937,22.3102501753294,0.285561558345935,0.0259185477983695,0.0709990988835678
NA,NA,NA,NA,NA,NA,NA,19.1853703317062,19.2265846708805,1.0325869787577e-19,0.999999999586344,1
"Q99385",1,2,NA,1,1,NA,20.689779302351,19.7689300731287,-0.635176648863433,0.014841915124716,0.0440465428095821
"P62258",25,21,25,22,24,24,23.0931211482825,23.0443518444405,0.183601606197993,0.00121116279233449,0.00506685870121659
"Q9HD42",NA,NA,4,NA,NA,NA,19.518425079413,19.4882506343256,1.33082286019598e-19,0.9999999994384,1
"P21576",15,16,18,8,8,12,22.2450071105972,21.2714401893814,-0.83078612495405,1.71178908554534e-09,2.1468067901111e-08
"Q9UGV2",NA,3,4,5,6,8,19.9355578297119,19.9075662901202,4.00352266062486e-20,0.999999999737212,1
"Q5BKZ1",16,15,11,13,13,9,21.1052684967968,21.0009806267597,6.72864467815936e-21,0.999999999882242,1
"P15303",12,17,15,11,13,8,20.98340959151,20.0048808332123,-0.754376407958884,2.48795041235066e-16,6.93380962746422e-15
"Q15428",6,7,8,6,7,9,21.9786064385327,21.8734318000156,1.92102091476445e-21,0.999999999990616,1
"P33448",1,NA,NA,NA,NA,NA,NA,NA,NA,NA,NA
"P08579",NA,4,3,4,4,6,21.3168629574227,21.4814013207354,0.300679687366991,0.0137151391920269,0.041274198225771
"Q14566",28,26,31,27,32,32,22.3739012856812,22.3270625769272,0.140722730259285,0.000835413840526141,0.00365113821666311
"Q12154",10,12,9,9,8,7,21.547787375185,20.5955283757435,-0.800366932606215,2.64134054613128e-06,2.03171914808418e-05
"O00161",5,5,6,9,4,8,21.1689170358996,21.0659980415075,1.7017361279528e-19,0.999999999217593,1
"O43399",8,9,9,9,10,10,21.8642790048646,21.7147728745512,3.94010034363988e-11,0.999987169636389,1
"Q9H6V9",NA,3,4,6,5,5,19.1370585766972,19.8817133164804,0.424591832501309,0.0523011406532614,0.129718521250501
"P32598",10,5,6,4,3,3,21.1470666407191,19.9398658102039,-1.0058459165646,2.0478227306721e-12,3.65755087716636e-11
"O60220",3,NA,6,2,NA,5,20.5074262923533,20.4625757005651,1.89411309629282e-19,0.999999999479043,1
"P54136",23,28,29,27,25,30,22.2005701958894,22.2621798999252,0.189993968149467,0.0814656617270046,0.188442422815994
"Q9Y5Y2",3,NA,5,NA,NA,4,19.9120477955259,20.2166529733679,2.75550237607136e-19,0.999999999260674,1
"Q12016",1,1,NA,NA,NA,NA,20.4634894543181,19.3925859996632,-0.942345342741565,0.000679391787628551,0.00305012546523666
"O43504",3,5,4,4,5,5,21.9844343970705,22.1364147005723,0.0402819822956737,0.576840783760481,0.941917486983927
"Q9NQC3",8,10,9,10,12,12,20.8410857932092,20.6809025846309,5.70885486073466e-17,0.999999986719804,1
"O76021",10,9,11,10,12,12,21.6522576935381,21.6816539287687,2.29035885799128e-11,0.999991500482034,1
"P53384",4,1,4,6,5,6,20.2840583581549,20.1901597646431,0.0291399480512046,0.630233705319433,1
"O75832",8,5,8,7,7,6,21.1714582528184,21.0366472696367,2.00592576556817e-11,0.999992811506248,1
"Q9Y5L4",6,5,4,6,6,7,22.0239429366591,21.8306895263674,2.1954870837973e-10,0.999974174193175,1
"Q5JS54",NA,2,3,3,3,3,20.5259543331934,20.6203726256446,0.166751338262343,0.319953828408781,0.573234048475235
"Q15050",6,7,5,8,9,7,21.1702762829863,21.1122942271859,1.94344779511686e-11,0.999990658880794,1
"A0AVT1",22,27,26,28,28,33,20.6838069587815,20.6968988475921,0.0154071010564823,0.634976280544485,1
"Q9UJA5",NA,5,4,4,2,4,19.426091524847,19.4130444884993,0.176504690371594,0.237367927714236,0.450008404529551
"Q9BXV9",2,2,2,3,2,2,20.2831643375895,20.1278385658222,-8.01454201935938e-19,0.999999999448101,1
"P36954",NA,2,1,NA,NA,3,19.5272089229064,19.8214461972283,0.00857825248441379,0.869114485460269,1
"P46379",16,18,15,20,17,16,21.3311646154022,21.3221342629483,0.0610052757455226,0.132771201844426,0.281601861559004
"Q8TEX9",17,16,21,20,22,22,20.3544829948022,20.5020106114458,0.28164646418721,0.00247085709248273,0.00947134522693215
"P78344",23,23,27,24,25,27,21.5020813894935,21.4207466625837,0.0495109329061727,0.252228337981724,0.471977061893145
NA,NA,NA,NA,NA,NA,NA,20.6251806943546,20.4596131531441,-4.87751261262335e-21,0.999999999981273,1
NA,NA,NA,NA,NA,NA,NA,21.0753664360265,19.2927696023413,-1.85261205149366,0.00868035759574979,0.0280386242832478
"P10644",5,8,6,7,6,10,21.103501933227,20.8199041122767,-0.0906852410334487,0.17075933939583,0.343483482906047
"Q9UKK9",10,8,9,11,10,9,22.5925213803319,22.4841111235221,0.0687784430758283,0.149893616713968,0.309898343790019
"P0C2I6,P0CX74,P0CX75,P0CX76,P47098,P47099,P47100,Q03434,Q12085,Q12141,Q12269,Q12485",NA,1,NA,NA,NA,NA,19.8014858534095,18.4208428214049,-1.2439048430606,1.28248087792041e-06,1.03045016500318e-05
"P29401",26,24,23,29,22,30,21.6754223972586,21.7144823682833,0.178112801183171,0.0079038095612934,0.0258927185457704
"P00812",6,8,7,NA,NA,NA,20.4720396834416,22.0547136959584,1.64155527351035,0.000399677742997502,0.00191506719215331
"Q12874",14,15,17,15,17,18,21.4953502588566,21.5900669340089,0.195590022769988,0.00560790876450656,0.0190530186469013
"P50453",11,11,9,11,10,10,20.7220546756746,20.7461744534176,0.188201097399033,0.0573525342241069,0.139842252721417
"P35250",11,9,8,14,9,12,20.29410855078,20.1334406670117,1.06792660963746e-19,0.999999999362737,1
"P51991",20,20,20,21,19,23,22.6229518519696,22.5825224803854,0.0388529685901901,0.306658932495551,0.553021375919611
"O00273",7,6,11,8,7,8,20.7224925789773,20.6053623505578,0.0703642556028261,0.233279958595985,0.44400926464541
"Q9UK41",4,4,4,4,5,5,20.5237831455859,20.5481050134051,0.0366523138828245,0.428434912345792,0.727809484488479
"Q9H910",10,13,9,10,10,9,21.9259637092123,21.9386040840362,0.120208386702911,0.0688860925804384,0.163271926087325
"Q92600",NA,2,5,NA,3,4,19.4112669550206,19.55178613087,0.029682103008677,0.678163873092444,1
"Q13111",9,9,4,10,7,9,20.0296330038484,20.0586893500216,0.0832846897010865,0.347213151509888,0.613874554416348
"Q8WWM7",24,26,25,27,18,25,21.193713492938,21.0751106066367,4.83256712842624e-10,0.999932867887302,1
"Q9BWD1",14,16,17,16,12,15,20.926258565215,20.8263064349699,1.49070758330609e-20,0.999999999824316,1
"Q92879",11,8,7,12,9,12,20.6357273488214,20.6355889335199,0.0735217732403394,0.319651770626595,0.572870787432378
"P53633",NA,4,4,1,NA,NA,20.2523884769381,19.0136856354652,-0.996117144901394,0.00239961575034044,0.00923185078504086
"P01123",8,7,11,4,4,6,20.1387142027287,19.2457827275344,-0.650746306674697,0.000105021146481252,0.00058764984873942
"Q16763",5,2,2,NA,5,4,20.8333481360704,20.7009474534023,3.91850129274728e-12,0.999999100503655,1
"Q9BVC4",3,2,2,3,3,2,19.1661309575589,19.6681849825892,0.389440410503363,0.0226726069011568,0.0633099076538109
"O15116",4,3,3,4,3,4,20.6585576033114,20.5150274761805,2.08544648793353e-20,0.999999999812678,1
"Q9H2J4",9,11,7,8,8,8,20.7343544244537,20.7473612521925,0.0573769977752516,0.304467175159837,0.549240504533178
"O95639",3,6,3,5,4,5,20.9691425834167,21.0323217271344,0.0581803538960904,0.448868135729207,0.758722612077878
"B2RUZ4",NA,1,1,1,NA,1,20.5460166953556,20.4098108513019,2.3001323696531e-20,0.999999999883861,1
"P16861",36,42,38,28,29,31,21.7097751489675,20.711684833444,-0.812761851266044,1.05293909969949e-51,4.67261974320491e-49
"P40121",6,5,5,7,7,6,20.5838189869567,20.3971092394848,-1.73184490546505e-17,0.999999991941311,1
"P46940",36,35,32,39,39,37,21.0492990376843,21.0780353962051,0.145752212244967,3.92406008767474e-05,0.000239048602384325
"P32468",6,6,5,4,7,6,20.5320202182557,19.3632598918584,-0.87132035143265,2.78689303471587e-06,2.13797685070158e-05
"O14745",7,10,8,7,10,11,21.235899990821,21.172895381861,0.0948719938914487,0.0638896123446293,0.153191676482197
"O60664",16,15,13,16,13,17,22.074209880165,22.129128454394,0.143570220367249,0.0220885028813639,0.0620090380158581
"P10080",13,12,12,8,9,10,22.0699056014057,21.0139645853527,-0.81397792281868,2.79787385836955e-19,1.06893604562476e-17
"P25567",6,6,8,5,4,5,21.2692630558951,20.3565576607016,-0.599872053882671,7.22748887491655e-07,6.0691969897225e-06
"P30519",NA,NA,NA,2,NA,2,19.2404258337662,19.1826069860031,1.22139591883235e-19,0.999999999481973,1
"P56211",NA,3,4,3,4,3,19.6370975775063,19.9941527094659,2.77494140972591e-10,0.999978039085757,1
"P46779",NA,5,7,6,6,6,23.7467106518009,23.6404565822905,3.49054101534002e-20,0.999999999623287,1
"Q9UKF6",10,16,14,14,14,18,21.0815116641391,20.9850387102562,0.021244124381514,0.526948196966317,0.86905778967944
"P38879",9,10,10,7,7,5,22.4773694964242,21.3866212677984,-0.869114647405704,4.62100413950764e-16,1.2399336223637e-14
"P41567",1,2,1,1,1,2,23.5098802518536,23.7477053339702,0.0974727342326127,0.461047699065497,0.776352649126928
"P38216",NA,NA,1,NA,NA,NA,20.1782096284383,19.0228985524045,-0.1209906466164,0.560047453495329,0.917352004319863
"P40159",6,5,5,3,5,4,21.6168814286519,20.6764160601618,-0.662545745970544,2.66464378822327e-05,0.000165828802742827
"P32835",1,1,1,2,1,1,23.5530729944347,22.4277084436537,-0.91838550424956,0.000293452550310443,0.0014644703829939
"O95487",NA,6,10,6,8,NA,19.8294885863846,19.8193888656345,7.92391431267342e-11,0.99998207415246,1
"P32836",1,1,1,1,NA,1,21.8464116753926,21.0806339665502,-0.535141566940604,0.0172730237602265,0.0501752638835584
"P80217",5,3,4,5,6,5,19.4196786137872,19.3616592459562,1.89035539468971e-19,0.999999999327341,1
"Q12489",NA,2,NA,NA,NA,NA,20.4948459610708,18.6152732667128,-1.13350091723348,0.00079736146374119,0.00350608100939247
"P35659",10,11,11,10,13,13,23.151113333582,23.1621824732304,0.172240018382635,0.00418055653799997,0.0147960924341852
"P04801",22,21,22,18,20,15,22.2432252422002,21.2423623705169,-0.847015981841552,2.56160360099267e-26,1.94445936501668e-24
"P40075",8,8,9,8,7,7,22.520756450292,21.4287917275957,-0.836148764474855,1.51475363191804e-12,2.75666047398586e-11
"P21825",NA,2,NA,2,NA,NA,19.6336076835786,18.7215919416135,-0.606858466048029,0.084598158544932,0.194208824769484
"P0CX51,P0CX52",7,9,8,6,6,6,25.2017157292252,24.1012905763851,-0.939533403672819,7.07241957768020e-11,1.08802102783032e-09
"P04183",12,12,13,11,12,13,22.5810201618198,22.5736740075755,0.0723610903867171,0.274299372336037,0.505246832377585
"P06454",3,4,4,5,6,4,22.3891465651521,22.217656804908,-2.2175073739572e-20,0.999999999709085,1
"Q8NDC0",1,1,NA,1,1,1,23.000678928053,23.0863488370859,0.254077945598337,0.127646582849915,0.27314285477046
"P51159",NA,2,4,NA,NA,2,20.2519727953896,19.9291388969024,1.09743652716928e-20,0.99999999994985,1
"P62328",4,4,3,3,3,3,24.5974157808579,24.4322944390589,3.48883564415178e-11,0.999996746075027,1
"Q13177",11,12,14,12,13,12,21.7240041207092,21.5921408327981,1.26435674868822e-11,0.999992707429738,1
"P40462",8,6,6,2,NA,NA,19.3910558861282,18.5219741377181,-0.490575362466773,0.0291480140107323,0.0785770527233245
"Q06677",NA,4,2,NA,NA,NA,19.0004971588299,18.0655384487578,-0.483791640629083,0.0322482996758412,0.0859706288493198
"P25451",3,5,3,2,3,2,20.1103424841155,19.2165627402436,-0.672228344954073,0.000623690882185916,0.00282423288801456
"P08047",3,4,3,4,3,4,20.4978429021005,20.3399801493573,1.18713506650301e-20,0.999999999880289,1
"P63165",NA,1,1,1,1,2,21.5349116525034,21.5395222958013,0.0149654339233292,0.842223946224946,1
"P47756",15,14,15,15,14,16,22.8243060764417,22.6120550494317,8.34648538851923e-19,0.999999997781374,1
"O60234",3,NA,2,NA,2,NA,20.1728052198975,20.0966780666007,6.47768271132185e-18,0.999999997333175,1
"O14467",5,6,7,5,6,7,23.9758131725537,22.7912180958707,-0.986424414625479,2.72348438185631e-13,5.29016208718149e-12
"O95747",8,9,6,9,10,7,21.5606084556116,21.6109227247221,0.168451708189338,0.0550872074862621,0.135233234037552
"P07384",19,26,23,21,23,24,21.2292130428348,21.1227717133338,0.0918722924598773,0.0615942517643148,0.148490279326507
"P38166",NA,1,1,NA,NA,NA,20.8601394744861,20.6903076755516,7.43337495813964e-20,0.999999999860009,1
"Q00955",44,44,54,37,37,39,21.8137629071891,20.8477081277383,-0.78450289483049,2.79863507212007e-32,3.58785016245793e-30
"P10081",25,18,20,15,17,18,22.9808324490689,22.0199540023888,-0.718346552494513,1.47457268533471e-13,2.9233023442254e-12
"P09436",34,34,38,24,27,30,22.1672183978153,21.0792009036862,-0.887552771872068,7.58845448247371e-34,1.18318361917273e-31
"P16403",NA,1,NA,1,1,NA,23.3120915964557,22.5023122505258,-7.34050767374309e-20,0.999999999849455,1
"P10412",NA,NA,2,NA,NA,1,23.4250289621818,23.3226230920818,1.8110788843023e-21,0.999999999994249,1
"Q04067",7,NA,7,2,4,NA,21.8261135110726,20.8717143420813,-0.748349703513017,4.13431774794939e-07,3.6192532758604e-06
"Q12402",5,4,3,2,4,2,22.1663970608502,20.8822110790854,-1.09145576321913,1.10609968816068e-05,7.45454334228853e-05
"O75534",23,28,27,32,30,33,22.1611775630543,22.1579178055354,0.157975710369213,0.00099445146777383,0.00424333618164736
"P25644",NA,NA,4,NA,NA,NA,19.6025229155047,19.0524306786555,-0.149735060510506,0.32607990682945,0.581860495669378
"Q07551",15,16,17,10,12,12,22.3002530735679,21.3010798256887,-0.739722847989211,1.6882987648381e-10,2.44105152239373e-09
"Q00245",NA,3,3,NA,NA,NA,20.1432651081168,19.3244219903804,-0.57532107430914,0.00198764495087735,0.00781111970137019
"P87108",3,4,2,2,NA,1,20.9696079606596,20.1433930212381,-0.554886557359059,0.000368798891850534,0.00178340386176507
"P21243",8,7,8,5,7,5,22.0653520951216,21.035892087684,-0.858630208643831,3.60890986032993e-07,3.20798166167078e-06
"P08865",19,17,22,18,18,20,21.7183845652327,21.8791960801102,0.262199435864215,1.71742925674041e-05,0.000110702227733357
"Q12996",9,9,8,9,11,7,21.0127874413762,20.7823679116945,4.8088786622621e-21,0.999999999957137,1
"P11387",9,9,10,11,13,11,20.903823263341,20.8245772451945,6.35596041486584e-17,0.999999983445823,1
"Q9UQ80",30,32,31,33,33,33,23.4348494735864,23.3933847421994,0.063225811014158,0.170143840696378,0.342603775559304
"Q15102",10,9,11,9,11,10,21.8701243930109,21.6839152801061,8.49639682978772e-20,0.999999999316477,1
"Q9BRT3",NA,NA,2,2,NA,NA,20.1788535894908,20.178781395766,1.03294625504244e-18,0.999999998328271,1
"P37198",7,7,7,9,8,7,21.7167071447001,21.7234794843768,0.22774648232858,0.0109927180609614,0.0342979937770073
"O15247",6,5,7,6,6,8,21.7078084206483,21.7625363484404,0.232039162707301,0.000932223040443874,0.00401043603305049
"P63218",NA,3,2,NA,4,2,20.5612609388421,20.5042904055155,6.79374652219561e-20,0.999999999783109,1
"O43719",5,9,10,10,11,9,20.4627733231757,20.4729092165739,0.201393897203187,0.0885251155852398,0.201938075053874
"Q12792",NA,2,NA,2,1,2,19.5167041444319,19.5087973096035,1.55377095990003e-20,0.999999999916199,1
"P43616",8,12,14,8,8,8,22.4178861545542,21.4496887082049,-0.778016844344967,6.65909925924669e-18,2.2866871206306e-16
"P84090",5,6,5,4,4,5,24.095596511647,24.0761374355716,0.103275863166613,0.105324057846776,0.23351825123676
"P17649",13,13,12,7,6,10,20.6783370395106,19.7498704032295,-0.59580294901041,3.13254156931798e-09,3.82064108105611e-08
"Q2TAY7",14,12,14,15,10,14,20.9358230480713,21.0829719955223,0.252349979296331,0.000186584525701733,0.000983019295683378
"P14020",11,13,11,9,8,9,21.7741860595892,20.6653627249203,-0.94605610873943,1.17716211811454e-11,1.94029950268651e-10
"Q9Y3A5",9,7,9,8,9,11,22.3760119408951,22.3946351979708,0.110521724887122,0.166361323061366,0.336632224742554
"P49720",7,7,6,11,4,9,20.8260624603786,20.6290849940201,1.04713018811295e-19,0.999999999428105,1
"P30613",22,21,21,22,23,23,21.7507119785642,21.779606447361,0.147146436388289,0.00503927388426477,0.0174394547320477
NA,NA,NA,NA,NA,NA,NA,19.6985939262836,19.5997222843459,2.66365556854641e-20,0.999999999849207,1
"Q9BZK7",8,7,6,5,4,5,20.3646552085657,20.3388699252534,0.122295685058165,0.1307239127852,0.278282750132036
"P13489",17,23,15,20,21,19,22.3230485406843,22.3768624436275,0.241838199542648,0.000183725945215916,0.000968843672715374
"P78406",12,13,11,11,11,12,21.2954107789759,21.165347679892,6.04479704787129e-20,0.999999999332023,1
"Q9UMS4",17,17,22,20,20,22,22.1505107831883,22.0659422723577,0.158444121608434,0.00236523262173544,0.00912100734945974
"P07277",2,3,5,1,NA,2,19.9903977848023,19.0424866421025,-0.575048697409002,0.00289825102988226,0.0108642041529505
"P62306",7,6,5,6,6,6,21.6900754373163,21.6128948668753,0.153262458672329,0.130109740886758,0.27738473583729
NA,NA,NA,NA,NA,NA,NA,NA,NA,NA,NA,NA
"P0CX55,P0CX56",9,10,9,9,8,8,25.2488645181994,24.0122566508186,-0.98271807700419,2.53575611738555e-17,8.26484578598713e-16
"Q96I25",9,9,14,14,8,11,21.5378172121599,21.5137428924956,0.167943997096092,0.0724829987598515,0.170536060295915
"P35719",10,9,8,9,10,8,21.8432109837431,20.8689614814561,-0.695054759397143,6.35700971019967e-12,1.063002580236e-10
"Q15717",12,11,12,16,14,13,22.1624494420077,22.3012612082442,0.28410271539505,0.000325692889974305,0.00160180927729051
"P12709",30,35,34,30,27,28,22.1774980075391,21.1101981423571,-0.837677761883732,2.90486283372531e-40,5.98505488848619e-38
"P21399",8,13,12,12,13,13,20.5981164579229,20.5783502127496,0.376571569573285,0.000168666971932598,0.000900962741739963
"P39015",11,10,9,7,9,9,23.4391199549898,22.4852149784585,-0.749895536469237,2.39896289871906e-15,5.96535213909926e-14
NA,NA,NA,NA,NA,NA,NA,18.6755370105981,18.7466060619901,7.73210561079188e-20,0.999999999674417,1
"P50086",NA,NA,3,NA,NA,NA,20.4194971364806,20.0783826711071,-0.336177266983778,0.0931612716278164,0.210433584972934
"Q99496",5,5,5,5,5,4,20.3076777843037,20.0912766830685,-2.77699770656301e-18,0.999999997355307,1
"P68402",4,5,5,6,5,5,22.6887358556257,22.6957433196973,0.0544873084250351,0.410314118652833,0.701712606434506
"P46988",3,2,2,NA,NA,NA,19.3220854315631,18.5435587522319,-0.487258098447605,0.0377525833125818,0.0982233446680347
"P26785",7,4,4,6,6,5,24.4134465333724,23.4147657149869,-0.802576532440637,3.08672002239179e-08,3.20852032597806e-07
"Q6UVJ0",NA,NA,NA,4,NA,NA,18.7163416310723,19.3238224440269,0.695846848662629,0.00194975880017404,0.00767792390321096
"P32356",11,7,8,NA,NA,NA,20.4512483540613,19.327560418865,-0.980934958119157,2.95592693120157e-06,2.25565376535739e-05
"P14832",8,8,7,8,8,7,23.0231880619362,21.9050656875752,-0.922617904019657,1.99620252256372e-16,5.61760602569274e-15
"P15454",7,9,8,7,8,6,22.3287183410721,21.2369064206365,-1.00903705470691,1.40821867215854e-13,2.82083802766757e-12
"P36421",6,11,10,7,5,6,22.486429340934,21.360581004059,-0.81621922644676,1.96228673481522e-08,2.10026570930408e-07
"P22203",13,12,13,9,10,11,23.7566005486804,22.8806651247139,-0.683310036918517,5.34100328440619e-10,7.21598312593426e-09
"P40046",NA,1,NA,NA,NA,NA,22.756344007882,21.5894497295542,-0.985752564863076,0.000731134328378524,0.00325205392476153
"P41920",6,6,5,5,3,6,22.0685146024555,20.9407918886232,-0.897987970961732,5.09745205267773e-06,3.70834815786858e-05
"Q9Y2V2",3,2,3,3,3,3,21.8514845030197,22.0118991326354,0.219977709432748,0.475298311987952,0.796166074871805
"Q9NQG5",9,3,6,8,8,6,20.9180584521146,20.8458521736236,0.131314954673375,0.0250434168704129,0.0690279368969958
"P16152",3,7,8,5,6,5,20.7792770024927,20.8140838994928,0.104953902077496,0.270973859753246,0.500559781273288
"P26637",34,30,30,30,21,22,22.2912869475909,21.3449684541869,-0.807291847605065,9.04054430316397e-33,1.24178333535602e-30
"P25788",12,9,10,10,9,10,23.0195704814529,22.9414078175204,0.10953467460731,0.0159558976673389,0.0470120396541768
"P62820",5,4,4,4,4,3,19.3280017771435,19.4131380032567,0.0872186842032556,0.360292913715347,0.631004802435895
"P06787",7,7,7,7,7,6,23.4305418142667,22.4436118217859,-0.75754501387748,3.974702615948e-08,4.04410218543281e-07
"P22515",32,30,31,27,24,25,22.1861797168104,21.1166386830124,-0.847491611527,6.7341896138291e-35,1.07915388561611e-32
"P47095",2,2,2,NA,NA,NA,19.6133718656539,18.9028382724186,-0.487076693229686,0.102240466965873,0.227468281498696
"P31109",NA,NA,NA,NA,1,1,20.9898385090087,19.859800523041,-0.870311095728572,0.000822090771873002,0.00360109465674666
"P38115",9,6,8,7,6,7,21.7705503718623,20.8514096302244,-0.802083986949485,4.366706628968e-10,5.92741895118033e-09
"Q00341",20,20,20,24,26,29,20.8646060344609,20.8300323543883,0.135938298377153,0.00281404913942801,0.0106036900622862
"P49959",10,16,12,14,14,14,20.8599698278298,20.9181488706651,0.228051968114145,0.00147561837429527,0.00600341495155811
"Q01662",7,7,5,3,7,6,21.1423758017646,20.1537947473508,-0.805567313633996,1.21188666786526e-07,1.15369211005193e-06
"P53164",NA,2,NA,NA,NA,NA,19.5248420348581,19.3600255225224,-1.55180353084744e-10,0.999989591517954,1
"Q9Y241",1,1,1,NA,1,1,22.3622936602337,22.5218521512344,0.207289315255467,0.198815854756369,0.389330843886454
"O94742",1,2,2,1,NA,2,20.8313460157112,20.7257306373772,-4.05861949451395e-20,0.999999999932809,1
"P21965",8,7,7,5,4,7,21.1936762749047,20.140071774982,-0.669002301221091,3.57482740138624e-06,2.68530980190068e-05
"P0CX47,P0CX48",10,10,9,10,11,8,24.8680673295153,23.6195705092136,-0.980222609322548,4.39454254960589e-14,9.49517452010352e-13
"Q08971",NA,4,3,5,5,3,22.220815874221,21.1513499970495,-0.919894856662312,2.42778107168681e-06,1.87998241645117e-05
"P20340",NA,2,3,3,3,3,20.8292192912472,20.8642169490399,8.26152254260763e-18,0.999999995874673,1
"P38197",8,6,7,5,4,5,20.9531989221085,19.8499113498703,-0.840059551041597,3.27631002352717e-11,5.16421653708421e-10
"P49189",13,10,13,13,8,12,21.4643156737478,21.4811587507172,0.116570106715577,0.118114295316426,0.25587734497952
"P28496",NA,4,2,4,NA,NA,20.5467211567634,19.674500785225,-0.729047507380957,2.18221881074463e-05,0.000138495273038347
"P26640",36,32,35,38,39,37,22.3470490071028,22.3913361454749,0.18183310823728,3.09781024279803e-07,2.76645004500028e-06
"P52292",19,19,19,18,22,18,22.1240517987599,22.1069138394782,0.0838364196218596,0.0531380545500454,0.131342517865986
"Q06672",NA,1,1,NA,NA,NA,19.4654141735982,19.1467154312505,-0.100483552325499,0.477281966201653,0.798793055705638
"Q12285",5,5,5,4,4,3,21.4388793341259,20.4748014645083,-0.869117727593278,4.00443404585292e-09,4.75341152479948e-08
"P13029",NA,3,NA,11,11,10,19.5055360286711,21.0110462519042,1.7233215542887,3.71632886294213e-18,1.31313883901105e-16
"Q92522",4,5,4,3,4,3,20.8680117160017,20.8295577370948,6.04935624960691e-20,0.999999999506099,1
"P26784",5,6,6,4,6,5,23.6045677328755,22.5099494658833,-0.832744605839238,1.78706918455201e-15,4.54167494523372e-14
"P00937",NA,6,6,3,2,4,20.9097735159763,19.9076889080366,-0.91989140609297,8.85857460048552e-06,6.09119390586424e-05
"P32342",NA,NA,2,NA,NA,NA,20.6843993250286,20.1475471297535,-0.255155386835941,0.173416714824985,0.347979487939248
"P38828",NA,3,NA,NA,NA,NA,19.3915997639501,18.6597953606814,-1.69956534163261e-19,0.999999999442359,1
"Q92598",30,32,32,32,30,33,22.250602685953,22.2094320067188,0.0839421036719145,0.0073373805587368,0.0242853404723767
"P07274",3,3,4,3,3,3,23.0153484577219,21.8571022843496,-0.939588908155977,2.51043620483187e-07,2.27715510466589e-06
"Q9H2U1",4,3,5,4,8,7,19.9820543519585,19.8802755854969,1.29826271007237e-09,0.999942119198379,1
"Q01130",6,5,6,6,4,7,20.6577464091403,20.6301311020678,0.139490136773489,0.0892913023059514,0.203444519353489
"P47117",8,10,11,6,6,8,21.3958400176523,20.458976136141,-0.728249810401849,1.24104289953219e-12,2.28011990044624e-11
"Q9Y262",19,19,15,17,17,17,21.6859998923944,21.6614746002976,0.128924564348062,0.0574770109504622,0.140027397032608
"P40510",5,5,6,4,6,3,20.7504080192605,19.7931319940996,-0.78863271254716,5.40177791186119e-06,3.90023238717487e-05
"O15400",4,5,5,5,3,3,20.9470785260097,20.9098105841001,0.244880771714373,0.0221410030189628,0.0620959875626623
"Q16658",28,30,31,32,31,32,23.2550413609829,23.1367693780311,0.070696504458363,0.0861716316252083,0.197506612175537
"Q9BYB4",4,5,7,7,5,7,20.2504543714811,20.2582404983249,0.204418594235304,0.0268630550644586,0.0730659899419432
"P59998",NA,NA,6,5,6,NA,21.7057908785936,21.8692805754834,0.270276445922798,0.00641188989948884,0.0214560283237536
"P05141",5,5,6,7,5,6,23.7851980332321,23.8114418432827,0.135723121735912,0.0380480865857801,0.0988290911811641
"P38174",6,8,7,NA,NA,5,20.4299825262884,19.5922951047178,-0.791697342139663,5.45142345509703e-06,3.92811063363274e-05
"P43598",NA,6,5,NA,NA,NA,20.0349460733608,19.0969354666047,-0.824326179069143,0.00158811743559817,0.00640688775242367
"P46976",NA,3,4,5,4,3,21.0107732853972,20.9698802393577,0.0691987366817173,0.373905797961481,0.648740616072116
"P38972",30,35,31,25,23,23,21.8215365386121,20.812679906603,-0.833601353452863,5.27427407066838e-32,6.47389087525231e-30
"P62253",NA,3,3,6,4,5,20.6686437133007,20.6294461509638,1.56696699558252e-19,0.999999999228196,1
"P12236",NA,2,2,2,2,2,23.3525262650818,23.380862737192,0.181417557368264,0.0803540400351229,0.186244458402019
"P47912",8,9,7,NA,NA,5,20.3101214720339,19.2093882537905,-0.974794914534869,1.76481055154533e-12,3.17171092581465e-11
"P46782",8,7,10,8,11,7,24.1456593172903,23.9721716652075,4.89307580538056e-20,0.999999999572525,1
"Q86WQ0",NA,3,3,3,2,2,19.9809322153247,19.9512067672209,7.01252405574168e-18,0.999999994552548,1
"Q9GZS3",7,7,5,9,6,6,21.0048778433927,21.1372882038368,0.179820102762315,0.0692989486029591,0.164115613501835
"O95777",5,5,5,6,5,5,22.1934712202687,22.375036905753,0.226460113833178,0.0287457915782024,0.0776742255806321
"P11277",13,12,17,16,13,18,19.9156070659355,19.877522349103,5.99001783975917e-11,0.99997890067054,1
"P21242",7,7,6,6,6,6,21.7268809039795,20.6607919360516,-0.791885584008962,1.15575452885301e-10,1.71402259047635e-09
"O95071",16,13,19,19,17,14,20.3250025142536,20.2965587466056,0.184360253062672,0.0166750842741642,0.048732807080878
"Q03533",NA,NA,5,NA,NA,NA,19.7737169672577,18.8645164407765,-0.214087831517871,0.196095084080556,0.38510918283291
"O00151",13,15,16,17,16,16,22.209838821331,22.0885541323717,0.0902738263028615,0.00973504589896757,0.0309770986161853
"P15104",5,6,9,6,6,10,21.5420902578309,21.6511783199761,0.219048179496772,0.0397548444746938,0.102507813675962
"Q16186",6,5,8,6,8,9,22.2498393320454,22.2364522805107,0.10214756411391,0.116132482161159,0.252532336821609
"Q15436",NA,2,3,3,5,4,18.9096911751251,18.9468568945326,0.0975764329416826,0.367101457617556,0.639241868094077
"O75190",5,4,5,4,4,3,19.5282542348339,19.5434724996744,1.05991297886041e-19,0.999999999308995,1
"P62937",20,18,20,23,20,24,21.5990534699118,21.5651252978161,0.0540725945667559,0.473720590902003,0.79444595607955
"P55735",9,8,8,9,9,7,22.5061190698611,22.526634539973,0.210035796348106,0.000230908338685688,0.00118620677282078
"P36578",24,26,25,25,24,26,23.5090536144447,23.5211173232073,0.15570747590047,0.000395124369277845,0.00189639973907146
"Q92945",33,31,32,34,37,31,21.6251066232082,21.5308715255147,0.121185842065564,0.00302569107406921,0.0112638318281821
"Q68E01",6,10,7,9,6,7,19.3456546031918,19.3517958635639,0.112681892352407,0.289962164111956,0.529197002455512
"Q8IYB3",11,10,9,11,12,11,20.359821502583,20.334417917637,0.00825514265962996,0.735948653602099,1
"Q9P258",19,19,20,22,18,18,22.7810778287462,22.6361957313923,3.01447392274598e-11,0.999984786687653,1
"Q8NBS9",10,9,10,9,10,12,21.3819928012804,21.2400944752294,2.34902643200613e-17,0.99999999127713,1
"Q14103",16,15,18,14,15,15,21.8127423567696,21.7650753293029,0.131946087592751,0.0251785045975665,0.0692348870464066
"Q9UQ35",34,37,33,38,37,39,21.5119253979035,21.3722380975629,2.16549878149473e-12,0.999997641555282,1
"P52701",25,24,26,28,28,31,21.1073832579662,21.0055374036221,3.02464411336137e-20,0.999999999578262,1
"P00959",NA,NA,NA,8,6,NA,18.5288253034265,19.6814182722117,1.1529035538564,5.70949294355828e-06,4.08660853491163e-05
"Q5VTL8",NA,NA,6,5,NA,NA,19.7767507015854,19.7403338253062,0.0994197399375894,0.144093598274581,0.29999132747963
"P77581",8,10,7,14,12,16,19.9333110222937,21.7129005418997,1.9828711331531,2.73791217854243e-27,2.35746497880766e-25
"P0AAV6",1,1,1,2,2,2,18.0056437606528,19.4941719139709,1.65406985333904,1.29457705699043e-06,1.038722537104e-05
"P09938",15,15,14,11,10,10,22.897879807946,21.8851825191858,-0.819288101841617,7.35007568484277e-10,9.77018125019768e-09
"P55060",32,37,42,38,38,39,21.7471475815225,21.6702014099599,0.130015575408352,0.013236182781453,0.0402103941370208
"Q9NQP4",NA,1,NA,3,2,1,23.025816815482,23.1386715738508,0.165848111397829,0.277182514299328,0.509581238047426
NA,NA,NA,NA,NA,NA,NA,19.0248417587636,18.3264543312704,-0.436767408786467,0.0320385615321257,0.0854509761806902
"P15180",18,22,22,13,18,15,21.3066726990138,20.1858922208345,-0.910469313291943,6.6539168556974e-15,1.56042464798855e-13
"P02786",35,32,35,34,34,33,23.7553144789306,23.7652876737687,0.181606605472977,8.43673994537444e-05,0.000480469424924631
"P07954",21,22,26,22,25,26,21.1346828776753,21.1823302621155,0.284386714490764,0.00520423233204094,0.0179564690930288
"Q9Y490",71,79,74,79,79,87,22.088918544037,22.033896002452,0.130703591941916,7.50600725571394e-07,6.26659274359099e-06
"P0A7J3",NA,2,2,5,6,4,22.1829639844546,24.1940313711632,2.20016507478719,1.69577671549645e-11,2.76354120669464e-10
"P35221",NA,NA,NA,6,5,NA,19.4009032684047,19.2457017534207,5.68770542607979e-21,0.999999999963444,1
"Q96C19",6,5,3,6,7,2,21.4897523983875,21.4881451243632,0.105805464147063,0.252825151973962,0.472633927977249
"Q9GZT9",NA,NA,NA,2,NA,2,19.5925313267015,19.3678212407791,-1.07542936763201e-19,0.999999999721198,1
"Q96T51",5,4,5,8,5,5,19.7391562923377,19.8272789258489,0.161065136779729,0.0328605017330489,0.0873202369866232
"P39935",13,13,11,10,8,7,21.1694873459796,20.0458986756792,-0.921889920058976,4.15250853586665e-08,4.20277574445872e-07
"P0DMV8,P0DMV9",17,18,16,19,15,14,23.6665467694783,23.5150098366266,1.95524449192589e-20,0.999999999666366,1
"P31948",34,36,36,33,36,39,22.8276874945338,22.7649198323457,0.132598860466709,0.000882001129581129,0.00383152448535658
"O60716",15,16,13,16,16,12,20.5406164356852,20.3952368302486,9.1197456091081e-21,0.999999999818218,1
"Cont_Q29443",24,24,31,26,24,28,21.6336073598241,21.565690412376,0.0738418988526545,0.299087197569373,0.541227742402044
"Q06505",7,5,8,NA,NA,4,20.5051154351015,19.5113720903444,-0.856464089826681,0.000149650270824851,0.000809121286212341
"Q04697",6,9,9,3,5,6,21.3817376524043,20.4085404142965,-0.788611776803467,1.4385950205842e-07,1.3516701423046e-06
"P31350",9,12,13,11,11,15,20.9117945285398,20.9121724657447,0.14685814004384,0.0644805120866131,0.154415971036808
"P25694",29,35,31,21,23,27,22.0589068607919,20.9833152957155,-0.939263303751065,1.7176465458397e-37,3.19648481385459e-35
"Cont_Q3T052",14,13,15,14,15,15,21.7773000569662,21.742284746856,0.060030391842051,0.333330693615414,0.592964776894025
"P38431",7,10,12,6,9,8,22.0223006738886,21.2832682126525,-0.76240532041761,3.12078459262521e-06,2.36892188353353e-05
"P49006",NA,2,2,2,2,2,24.2157718954193,24.2259680530175,0.112891114895118,0.24380663667213,0.459647217961281
"P16659",4,NA,NA,14,12,19,18.5480455544401,20.0639597642279,1.82819267227336,4.18188096466159e-17,1.34029284917404e-15
"P19404",5,5,5,4,6,6,21.0894498961088,21.1452058871963,0.165128086422815,0.0620141827877329,0.149315450960948
"O43837",10,8,8,8,11,8,21.0600230175419,21.0771986766459,0.050083188066503,0.49593153749843,0.824979538589517
"P22830",5,9,10,10,6,9,20.9292938227018,20.7968425999651,6.8337061923263e-19,0.999999998345962,1
"P46777",21,19,21,19,24,23,22.9657865851818,23.0574132721536,3.36321757995057e-06,0.995698517232149,1
"Q96PK6",26,21,19,23,25,24,21.9419545044175,21.7754591179001,6.39992166577478e-12,0.99999756444715,1
"P17858",7,11,7,8,10,9,20.2380952110293,20.2722017075229,0.190612159507486,0.115601338759782,0.251567002378417
"P77674",5,5,7,12,10,14,19.5445191570821,21.2174936972034,1.70125996431701,1.29499741132545e-25,9.11078056821529e-24
"P06753",NA,3,NA,2,3,5,25.244287870761,25.2094015715816,0.126592056886676,0.247150717085833,0.464668268415474
"Q14980",43,43,47,46,50,47,21.0217026878163,20.9746073697449,3.4162069936941e-11,0.999986560360809,1
"Q7Z6E9",11,13,7,8,12,11,19.90924953625,19.7082084819477,0.031010704291893,0.477648248117511,0.79894251765437
"Q9UBQ7",8,8,10,8,7,9,21.4676245734696,21.4855674508818,0.118680501108513,0.14969540823262,0.309642456111146
"P32263",12,11,9,7,8,9,21.4817272816747,20.4476926278637,-0.873246945650438,2.8447705615941e-21,1.33426677803548e-19
"Q9Y277",9,10,10,11,11,9,22.6067128801646,22.4916916274153,0.0357532224257349,0.401643377661386,0.689197098669999
"P0A9Q7",9,9,14,25,30,24,19.7919262118696,21.5680227351174,1.86631640314863,1.77857964521481e-45,5.13031298662212e-43
NA,NA,NA,NA,NA,NA,NA,20.2229214031096,19.7202315193618,-2.02707125351235e-19,0.999999999553381,1
"O95782",23,21,24,27,24,27,21.5224968694729,21.53233878062,0.152873168232199,0.000355547767377517,0.00173532577834255
"P14866",31,32,33,38,34,34,21.9731756861609,21.8548042399771,0.0348550589402209,0.38978836659207,0.672253837629193
"P67809",13,15,14,14,15,15,21.3854417914145,21.1915282601321,4.91681939390531e-21,0.999999999898655,1
"Q96GM8",8,10,12,8,9,9,20.0479601165302,20.1142323838029,7.39162359638954e-20,0.999999999364378,1
"Q1ED39",5,6,5,4,4,4,20.3458234157847,20.036589663726,-7.75745209005777e-20,0.999999999606324,1
"Q12363",16,17,19,14,15,15,23.0617479381951,22.0226004620768,-0.83972622255827,6.93767021231598e-15,1.61384755866334e-13
"Q07478",13,13,12,12,12,16,22.289253657096,21.0993947837482,-0.901841654578778,1.6157546457834e-21,7.83301558951635e-20
"P55263",7,9,8,12,8,9,21.4504320922732,21.2782391443706,7.58712713832906e-20,0.99999999933474,1
"Q14554",NA,NA,NA,3,NA,4,19.971740538217,19.9001855992365,0.036877192567646,0.618974337981433,1
"Q08211",55,53,53,55,56,58,22.7101794042403,22.6054929729971,0.100431689650324,0.00145076981438733,0.00591901772220685
"Q7Z460",NA,NA,8,11,10,8,19.9170121996488,19.9213811679478,0.202279802903295,0.0287324150019161,0.0776742255806321
"P17967",21,23,24,17,19,15,23.0972977699999,22.0068516042186,-0.897141397389692,1.33078426177665e-23,7.99718167311403e-22
"P09496",NA,NA,NA,NA,4,NA,22.9696492162346,23.0128038309862,0.0832537180140155,0.488839677691761,0.815062456821898
"P19097",64,66,64,54,40,44,22.0509702652997,20.9764795059304,-0.91736585696135,2.10322043883871e-66,4.04449290388684e-63
"Q13356",9,16,14,19,17,17,21.0844025294911,20.9659605672488,2.21581220976415e-05,0.984120932524768,1
"P16862",32,30,32,21,26,22,21.617844218737,20.4817581672906,-0.953984864315358,2.56040519329204e-19,9.91340775845757e-18
"Q9NVM6",5,NA,3,5,4,5,20.184773629419,20.0525789252461,0.108643601274585,0.144573660679181,0.30088219641349
"Q9UHV9",4,7,9,9,5,6,22.4740838796785,22.4533929565412,9.6513815012525e-18,0.999999994523215,1
"P35232",19,21,23,20,19,21,21.9301045237508,21.8879873318862,0.152643727632901,0.0198122901594847,0.056415153963508
"O75717",13,17,12,14,12,12,19.8764691800443,19.8320997285388,0.108657658056378,0.0836634247520792,0.192445892103168
"P07813",NA,NA,1,5,4,3,19.3386161088561,20.3034366863757,0.632369643809633,0.0237489046930318,0.0659640978209438
"Q96CW6",NA,NA,NA,2,NA,NA,19.1003481136324,19.2363098545431,0.336925553049037,0.0835138399247859,0.192268525138507
"P35606",19,19,18,22,18,16,20.7459837378415,20.6546442720031,0.126700596346764,0.0194268594345169,0.0554819564741229
"Q14676",10,NA,9,14,11,9,19.7678334178343,19.8907047698527,0.199815340967209,0.0160630203432823,0.0472311744956144
"Cont_P01966",14,18,13,17,16,20,21.3076480204817,21.3828684123475,0.248093702974937,0.00010475453975693,0.000586727126075463
"O60306",12,7,16,9,14,20,20.0580419502286,20.142794486018,0.226394159848018,0.0189172103382864,0.0542143002690384
"P0ABA4",NA,NA,NA,NA,3,3,18.5093624089148,20.1486482209305,1.79253010000396,0.000273987564699228,0.00137912848273118
"P50416",NA,6,5,5,NA,5,20.2894234088137,20.1693889376053,9.76770329443188e-21,0.999999999956577,1
"Q8IWA0",14,13,15,13,12,14,20.2472107183372,20.2739282363549,0.156029773300595,0.0171242840286224,0.0497933440328239
"P31040",22,17,17,19,21,20,22.0749858106004,21.928919063796,0.0175836401465347,0.614742254548518,0.995913526113564
"P14540",54,55,61,41,38,45,22.7777548754085,21.767601120632,-0.826477517666059,6.13160337632985e-46,1.86174841463405e-43
"P53252",13,15,16,9,11,11,22.6193213837648,21.6015331287189,-0.762552762612942,2.65357580378242e-20,1.07806188817048e-18
"P0ABE2",NA,NA,NA,2,NA,2,17.5973153102809,19.3510409914648,1.88493407740194,9.63575907838473e-06,6.57854368321911e-05
"Q9UBI1",4,5,5,4,5,3,20.2020642780622,20.2090654415261,6.78969666341499e-10,0.999954235144653,1
"Q96CT7",5,7,5,6,7,6,20.8213184833928,20.6887071913477,0.046993115082726,0.497421171729949,0.826742362348048
"P00390",10,9,12,12,11,13,21.4597773256267,21.3982580985666,0.133481534864645,0.0226409136239133,0.0632541083093631
"Q9UKD2",10,12,12,13,12,13,21.7560447106254,21.7638445607245,9.96354052834926e-20,0.999999999449625,1
"Q92925",7,6,6,10,5,9,20.7825692048535,20.6256142251922,8.34932517748567e-21,0.999999999899848,1
"P02400",16,18,15,12,11,13,21.8806445289139,20.8374778014955,-0.897814271370658,5.89246799682261e-32,7.08200997368117e-30
"P0A7L0",6,4,6,7,7,6,21.4921644181745,23.1844654848727,1.85522028104409,2.99940769511189e-16,8.23980142528594e-15
"O75175",NA,NA,NA,NA,3,5,20.6341021791539,20.6404359283582,-1.23235227537397e-20,0.999999999911646,1
"P10622",3,3,1,1,NA,2,20.3535922910409,19.3533953210421,-0.703312157708678,4.56265944486981e-06,3.35311876910241e-05
"Q9NSD9",20,22,21,19,21,21,21.9258976207604,21.9667177444151,0.155572296673061,0.0195353786083612,0.0557366959404727
"P22102",47,45,51,49,43,50,22.5420178961881,22.5369690893283,0.173584773211304,2.47550210715533e-05,0.000154725586740835
"P00560",54,48,52,47,45,47,24.1427673168934,23.1105442233095,-0.77481319976547,7.50487112257063e-56,4.81062238956778e-53
"Q0VDF9",12,14,12,15,16,14,21.4093706968383,21.4150510011986,0.233827380164636,2.98902227937319e-05,0.000184227238565213
"P46926",3,2,3,2,3,3,20.1780856409648,20.4083345120611,0.335376088861307,0.131166792963568,0.278711318087227
"P28838",20,22,20,21,21,21,22.0114120986797,22.0175497770656,0.119456997919398,0.0226284899067806,0.0632541083093631
"P25349",6,7,5,6,5,1,22.2919383719168,21.0850659370137,-0.999439493090671,6.95203045418187e-06,4.89100776709454e-05
"O75533",33,35,33,35,34,39,21.8977446705257,21.8069046482515,6.00974875131953e-12,0.999991050032865,1
"P40212,Q12690",11,9,10,11,10,10,25.0047866074613,23.8535762777646,-0.925256723782782,1.65505754873038e-09,2.08472205210166e-08
"Q9BW92",NA,2,NA,5,5,3,19.6152544827394,19.7572424964652,0.139591971501072,0.337254119553684,0.599205117248292
"P27694",20,18,23,17,19,18,21.6855355201191,21.6366718391869,0.098979486165996,0.0201309567673212,0.0571814325901899
"O75369",57,63,54,57,62,68,20.9056287745887,20.8315407466893,0.0867411982861458,0.0238990100128138,0.0663490802521284
"Q9BZE9",NA,NA,NA,5,NA,NA,19.4910765764871,19.3890536898845,6.3753807575413e-20,0.99999999975189,1
"Q9NVU0",6,8,7,6,9,3,19.384125105327,19.7088886707851,-9.8451159635509e-21,0.999999999938004,1
"P05386",6,6,7,6,7,5,20.8263738238535,20.6890880068427,6.38434275993257e-20,0.99999999932939,1
"Q9BX68",NA,5,5,3,NA,5,20.601050865429,21.0614341746092,1.45599075892828e-19,0.999999999498688,1
"P32322",8,10,12,10,10,9,22.2775670060347,22.2397132633054,0.00681911119704466,0.785781258306389,1
"Q96C36",10,9,13,12,12,12,22.2884008129949,22.2360644883012,0.17027298092502,0.0179146521025092,0.051623190798889
"Q9Y230",20,19,19,18,20,20,22.8127723086678,22.7817053119477,0.131298534548957,0.00500985900233528,0.017348065176754
"P33316",11,13,9,11,10,13,23.1182138548687,23.1371341711252,0.164375795077186,0.00292763556952642,0.0109388145081593
"P02545",39,38,37,39,37,39,23.393975254552,23.3056147432168,5.41813011948289e-12,0.999994123924443,1
"Q15833",11,9,10,9,11,14,20.6004351077537,20.4160731752365,6.29784098213193e-20,0.999999999523221,1
"P61764",NA,3,NA,NA,NA,NA,19.4562851921018,19.7100206547661,0.275736723833227,0.043660557642234,0.111219792063603
"P50579",17,16,15,13,15,14,21.14738877399,20.9829864264425,0.0644545995368022,0.115091360696818,0.250551720701866
"Q5SRE5",18,20,24,23,20,25,20.3256828752056,20.3062076563369,0.0822886038501998,0.104283301644831,0.231509325115986
"P08200",NA,7,2,16,17,17,19.4615285484833,21.1172918555326,4.47782413780122e-06,0.997253266201968,1
"Q9UHB9",16,15,13,14,15,13,20.8620670716878,20.838611204911,0.170684842971025,0.00958185660605936,0.0305570650969356
"O14744",18,16,19,19,18,15,22.0816901780701,22.0470961527444,0.0803789942767607,0.245930726655782,0.46274441033177
"P16521",42,44,40,33,31,31,22.4883117820552,21.4175832623265,-0.818976455306361,3.50688399801575e-43,8.79617990632732e-41
"Cont_P68103,P68104,Q5VTE0",30,32,34,32,34,35,22.6817123960431,22.7227287990051,0.234444436953037,4.86036760075719e-06,3.55821424242773e-05
"P0CX39,P0CX40",6,8,8,5,6,6,25.6695945125778,24.4924271038761,-0.985074082238465,1.43489280770865e-16,4.28906559982962e-15
"Q15149",69,62,70,72,78,79,20.1404112564354,20.1321840170526,0.148456519734253,0.0354730751527033,0.0932943017691255
"O43747",10,10,8,9,9,9,19.6997319678049,19.4491311702203,-3.38704070136898e-20,0.99999999974511,1
"P54920",9,10,10,9,11,7,22.0316948541547,21.9536356253326,0.11090801630344,0.0377808288816725,0.0982233446680347
"Q8NFW8",6,8,8,9,11,10,21.2098105826747,21.0922743679914,0.0401772414016901,0.425297230438242,0.723758030205965
"Q86UK7",7,8,13,9,12,12,20.0030101098965,19.9427891008159,0.0331724122820419,0.423250827274569,0.720488056225136
"P34897",19,21,20,20,21,25,22.4579746959065,22.4934108706558,0.182358739583424,0.0515762786159859,0.128306835418552
"Q12788",17,14,18,17,16,17,21.8025793898935,21.7447376181198,0.135568657233267,0.00250751824999478,0.00958639680862817
"O95319",NA,3,1,5,3,1,20.4639808288657,20.1261471235062,-3.92211714170857e-20,0.999999999822574,1
"P52815",NA,NA,NA,4,6,NA,22.0563152822918,22.0992634084022,0.311176717292047,0.0169058319100604,0.0492574466106761
"Cont_P08727,P08727",11,10,10,12,10,11,21.7657933418104,21.738074412407,0.0613174457176204,0.371069616695765,0.64478934298731
"Q15057",NA,NA,NA,5,1,7,19.0201278276918,19.6965398017622,0.25343871457669,0.0763372009596908,0.178223113045915
"Q9H0D6",16,12,16,12,15,15,20.8659220265157,20.8296367156789,0.0608956547709121,0.182116093695557,0.362785823387317
"P0ACF0",NA,2,3,5,4,4,22.7112765007253,24.7297598195263,2.20108356688728,4.5621331246737e-16,1.22985728954405e-14
"O75643",63,59,65,66,65,68,21.8760671538147,21.8899759464605,0.185275242433017,7.46756760643801e-07,6.24353587268709e-06
"P11172",7,8,7,10,8,8,21.1994364694933,21.2959517345777,0.224829721702316,0.0929559868028696,0.210072084375656
"P41227",6,5,7,6,7,7,22.4299671187201,22.5991986503545,0.0368080355153675,0.581641800812778,0.949488270766531
"Q9C0C9",11,13,12,14,14,11,20.1115532459487,20.0248645533895,3.13718830080056e-11,0.999983940898768,1
"P78346",7,7,9,7,5,8,20.2779676559636,20.245602761663,0.0786701595026148,0.365432544141745,0.637104970430259
"P07814",66,62,59,69,66,71,22.0402379184818,21.9860107043244,0.124530036351887,0.000282262859199174,0.00141721012595303
"P46655",22,20,22,18,17,18,22.4157168167345,21.299988540959,-0.911276006175263,1.97552777441062e-27,1.72679086826892e-25
"Q9P287",11,10,13,10,11,10,21.4526512231159,21.433861448522,0.12198055536739,0.096721241990785,0.21685996447781
"O95602",12,10,16,16,17,21,19.6539330996498,19.6603351547071,0.0813278817830834,0.108792337437848,0.239642227827011
"P38911",6,8,9,3,NA,4,21.2765001436575,20.188575119604,-0.873869638852232,6.39960244515844e-14,1.34598263913647e-12
"Q7Z6Z7",44,34,38,50,40,39,20.60832033843,20.5941596256603,0.13649155877414,0.0307005892930699,0.0823009756652975
"O75390",13,17,19,18,17,18,21.8974795424758,21.8729851915045,8.05290246134999e-12,0.99999242897582,1
"O00139",10,11,10,10,11,8,20.6723819112875,20.6139541760366,0.0145032111539665,0.756623216442171,1
"P62851",NA,3,3,3,3,3,25.7569585970569,25.6004173446274,2.2768061989739e-20,0.999999999832542,1
"Q8WZA9",NA,NA,8,8,NA,5,19.2990158533602,19.2848998410809,1.01690840788317e-19,0.99999999965599,1
"Q9UNQ2",10,9,8,7,9,7,20.8189101918181,20.6667386811789,0.029781937875457,0.530556513471326,0.874009287897225
"P78527",100,102,101,102,109,115,21.7482045075214,21.6986153268564,0.121452252099133,1.02290727186888e-06,8.32320458591196e-06
"O95831",15,20,16,18,18,18,22.2284932667152,22.2081000580346,0.14122943804795,0.0150678462401815,0.0446234111702294
"Q04637",33,39,41,39,38,41,22.3599797654617,22.3099557720414,0.107585406603089,0.00221236529046483,0.00860049552607251
NA,NA,NA,NA,NA,NA,NA,19.1258567064894,18.724638731043,-4.0417134550057e-20,0.99999999987309,1
"P36105,P38754",NA,NA,NA,NA,NA,3,23.5775393235288,22.4376217290642,-0.921559970683536,6.41206697786843e-06,4.53879931230956e-05
"P55084",15,16,15,16,15,18,21.5915018539628,21.540857034063,0.0192640527574875,0.565107627681336,0.924066299346267
"P0AFH8",5,4,5,8,8,8,20.7817530009512,22.4728831276464,2.17415519982119,2.54052754715072e-15,6.23672485936703e-14
"Q9BUF5",9,8,8,8,10,9,21.9524324082821,21.8981148345708,0.104575552191207,0.0634130844747709,0.152365716091193
"P09211",23,25,20,24,24,27,22.5989815861214,22.6435679147394,0.12166241881794,0.0225457672338159,0.0631280774078643
"P54886",14,17,21,17,16,22,21.2851587206576,21.1407984237151,0.0938868740826832,0.0827154151412756,0.190874091980008
"Q16891",27,24,23,21,21,22,21.9288449776405,21.8684357342045,0.112886993687654,0.0109234006617472,0.0341186239402381
"P14618",35,37,39,42,41,38,22.616994058545,22.646385487558,0.189604668727167,0.00245137387468856,0.00941299120337223
"Q8IZ69",18,16,19,14,18,16,20.556196577451,20.5888944852854,1.46637845111595e-09,0.999864315855842,1
"Q8NE71",16,19,20,18,19,20,21.5495121460917,21.4798261720816,0.0583382868146398,0.398887432653632,0.685283382661942
"P42765",3,5,1,6,4,3,20.1083522460376,19.9987927141456,1.4607577397067e-17,0.999999994349334,1
"P25787",13,11,12,12,13,11,21.4488974537082,21.3420949645039,3.86893249275294e-17,0.999999985154544,1
"P76402",1,NA,1,3,4,3,20.457645410355,21.5684242540141,1.37169584174682,1.70185817341579e-06,1.3488257676836e-05
"P68919",NA,2,NA,3,3,2,20.3134325742691,21.9650641352694,1.85683788502467,3.18861869091529e-15,7.79455136775012e-14
"Q05050",20,17,17,10,13,10,20.8499041548328,20.0682871648953,-0.657100755089535,1.26799440101885e-07,1.20313481899305e-06
"P07262",10,9,9,8,6,5,21.5151078021967,20.5900288815184,-0.707260504946906,6.54764533390299e-13,1.23442372324465e-11
"P08574",8,7,10,7,9,7,21.3209034884678,21.3929558976469,0.27621330540495,0.00105180902074326,0.00446496412116839
"Q15042",12,13,10,16,19,15,20.1401935480428,20.0761985585155,0.0754906023650693,0.26273073168337,0.487988921790522
"Q03973",6,4,4,4,3,3,21.5482120309701,20.7599023351692,-0.690219510727384,0.000103834719045845,0.000582706706396379
"Q9Y4L1",24,29,25,27,24,30,21.1743165466023,21.128662721716,1.33000536361252e-06,0.995236032233193,1
"Q9Y6E0",4,3,3,4,4,4,20.3721540470826,20.2205250784656,3.30285923067037e-18,0.999999996905136,1
"P05387",13,12,12,13,13,11,21.5241279327901,21.3924941169029,7.47131165163435e-21,0.999999999863117,1
"P05318",4,6,3,2,2,3,20.7394617488512,19.5629749307227,-0.868879116277526,9.5032082611907e-05,0.000537490279007933
"Q14444",13,14,15,15,16,13,22.0935218667251,21.9709628000334,0.0885827113494637,0.0963298688802597,0.216236192050668
"P47914",3,3,3,4,NA,3,23.5880332369115,23.4016069423625,-9.64223024225514e-22,0.999999999991902,1
"Q9UKV3",23,23,23,19,26,25,21.094418848287,20.9880080178652,6.86924336870464e-08,0.999035382717815,1
"Q9UHJ6",NA,NA,4,3,NA,2,19.4493166031529,19.6963411382222,0.0765289845651471,0.342677132694185,0.606970948269191
"Q96GQ7",15,7,9,13,15,12,21.2572282813013,21.2506394772961,0.106837794596029,0.175139514946707,0.351070139585669
"P0AEE5",7,7,8,13,13,17,20.387117751482,22.1219965715284,1.9358888943541,5.02275694373223e-32,6.29919234965026e-30
"P31146",NA,NA,NA,6,NA,NA,20.0996339091379,19.9982419406629,0.0947114925115418,0.211149177450044,0.408764968023257
"Q96JP5",3,3,2,2,NA,4,20.0334810066671,19.765683642771,-2.13315003943822e-20,0.999999999906286,1
"Q01855",8,9,11,7,7,8,22.1477075257595,21.0741156538675,-1.14259098217029,2.74457960744699e-11,4.34985707564881e-10
"Q15181",26,22,23,25,25,23,22.4931019031595,22.4623216400382,0.0939021872691349,0.23556677471598,0.446837742078933
"Q15233",23,24,24,25,26,27,21.7308794579533,21.6426062805642,0.12523685099057,0.0102987976455442,0.0323780728158826
"Cont_Q1WEI2",33,31,33,33,28,33,22.5180337731479,22.1704825918791,-0.162467207840767,0.000279535913328224,0.00140474101392903
"Q9BQA1",8,9,8,9,10,10,22.2966380620361,22.3326310952672,0.215247627814076,0.00666962114411043,0.0222025645587842
"P43582",4,4,3,NA,2,2,20.9109330053538,19.8266902524448,-0.848433337507633,5.61936277283504e-08,5.5797080613572e-07
"O95817",8,5,8,8,8,8,19.8951751795695,19.9384252194855,0.105968494481941,0.156057378328171,0.319707036780972
"P0ABB4",NA,NA,4,6,5,10,19.2563952227293,21.0855350970474,2.01913058801226,3.73179365476105e-15,9.00783162942113e-14
"Q9BRP8",5,4,4,3,4,5,20.5928707370914,20.5607936202327,1.9982027242112e-09,0.99992064770474,1
"Q96T58",NA,NA,NA,10,NA,NA,19.6719829616699,19.4306672375608,-2.26808041892279e-20,0.999999999724815,1
"P22061",17,15,15,13,17,15,21.1769179040768,21.1576671329323,0.138245129092668,0.173976658055467,0.348981689958967
"P00924",18,14,15,14,13,13,23.146001041682,21.9525635719552,-0.958700705174871,7.4284706464003e-18,2.52087336229902e-16
"P00925",40,46,46,31,30,30,22.7343403942136,21.6753764212437,-0.891915103209903,1.48315353863891e-31,1.71126255288158e-29
"Q99543",12,13,10,16,15,14,20.7866669125592,20.7255346071049,1.16653425759719e-09,0.99993283125796,1
"P19367",18,17,20,22,18,16,20.8682784287567,20.8738076749579,0.0826911737284647,0.252591013428759,0.472386147710562
"P09624",10,9,9,7,4,5,21.0719387922772,20.343059967648,-0.631959708486073,5.13467716317895e-05,0.000306011906553506
"Q9NZL4",7,9,9,9,8,12,20.6040974336444,20.6930385576239,0.239388957147547,0.000708894132915844,0.00316533301299652
"Q96B54",3,3,3,4,2,4,21.1722462856142,21.0145783910126,6.89355599593931e-21,0.999999999926747,1
"P48729",NA,3,3,NA,NA,NA,20.1041935024233,19.7512455611964,-1.70490294866989e-17,0.999999997358722,1
"P78318",NA,3,3,5,5,7,21.2077662884692,20.8352971214618,-1.84660790598585e-18,0.999999999175939,1
"Q8IVM0",NA,NA,NA,NA,2,NA,20.2448615552287,20.2283232126996,4.19547544970336e-11,0.999992139804541,1
"Cont_Q7SIH1",17,25,21,27,22,28,20.6892455670134,20.6446255198619,0.111406508167263,0.0229930300293054,0.0640496331429564
"P0AE08",6,4,5,6,6,7,21.6412239985807,23.3747536759559,1.78010485482774,1.68537687409617e-15,4.32130630518258e-14
"O00116",16,11,13,16,15,14,21.0393913619229,20.9480835296409,0.115127462353453,0.047343735122158,0.119477693753163
"O75367",9,9,10,10,9,9,22.0634203452702,22.0606622111635,0.122123921840757,0.0388815155316958,0.100496175225068
"O00154",10,8,7,8,10,5,21.5596310469921,21.3616954078841,1.18696096501811e-19,0.999999999259396,1
"P31323",7,8,9,9,8,8,20.6478978081621,20.6923607732205,0.206105509752218,0.042181683651116,0.107818401853473
"Q9UKM9",9,9,9,10,10,7,21.2680306770238,21.6221414726476,0.303729962837861,0.0018955600042655,0.00749519236779141
"P13861",6,9,4,7,8,7,21.137284497019,21.2313271983746,0.184081295040087,0.0533307068377324,0.131649485557072
"P00817",11,13,13,11,9,10,22.5398122963574,21.4209997748313,-0.935957427592305,4.7814136665449e-27,3.99767760033298e-25
"Q96JM3",NA,7,9,6,11,10,19.950050369627,19.8896833520007,0.0264110598990232,0.718333693141565,1
"P38804",NA,4,3,2,NA,4,22.3271716134631,21.2278004944073,-0.922519568412033,8.76666552546587e-06,6.04240064712218e-05
"P00350",9,9,9,17,18,15,19.8214947983908,21.5252668483486,1.86032714705063,3.02414538526658e-24,1.98253349177306e-22
"P04075",9,9,7,9,9,10,24.2882162054887,24.2641500417746,0.206668969514079,0.0324933683061351,0.0864641336522571
"P23588",17,15,21,18,20,22,21.9009913190443,21.840619709956,0.0308730812000344,0.493298524148479,0.821547109068296
"Q9Y5B9",22,22,23,25,22,23,21.2572309217177,21.2890517007284,0.228851009148023,0.00410872945324149,0.0145776508091944
"P06738",26,26,31,18,20,19,22.086051717514,21.0015932525605,-0.917535781593974,6.91160153822762e-44,1.81241042154705e-41
"Q969X6",7,8,8,11,9,11,20.2167090306818,20.3004813399597,0.220177287080362,0.0262406095092166,0.071728301554188
"P0CX53,P0CX54",6,5,6,5,4,5,23.5186098252424,22.4582311820597,-0.908147517273852,4.33420514998504e-17,1.37384777528921e-15
"Q9Y3F4",14,16,17,14,16,16,22.8507892645726,22.7604518168945,0.0827449214866232,0.0595229655883928,0.144038585771576
"Q9H3U1",17,13,20,16,13,14,19.8985312925875,19.8991432913807,0.139444437748261,0.0123778004109427,0.0379827290269831
"Q9HCC0",10,8,8,8,10,7,20.1434746616031,20.2941190414895,0.301223039213876,0.000241588414536826,0.00123447614124265
"P39940",14,11,13,8,10,9,20.6824906824339,19.6186161236522,-0.729167170971154,5.61337920510149e-11,8.7052646866211e-10
NA,NA,NA,NA,NA,NA,NA,20.3891656129451,20.5297265542923,0.271612516056985,0.105427507470391,0.233555371712389
"Cont_Q03247",4,NA,4,4,NA,4,20.8486494547715,20.7721098903707,0.02455316795455,0.619946523984208,1
"P51610",32,30,27,33,27,28,21.0473355817573,20.9425886522675,0.129301761908176,0.000669301962870317,0.0030071674640178
"Q13895",12,16,14,13,16,16,21.2998304197885,21.3202946068111,0.144493343621271,0.0553746429762674,0.135823263320615
"P00942",13,16,17,10,12,10,24.5347576701036,23.4037559955941,-0.944525049862961,3.28113503839591e-22,1.70530342671225e-20
NA,NA,NA,NA,NA,NA,NA,21.4914146369188,21.5106839011422,0.155400291728593,0.513164819765451,0.849726706437109
"P80303",NA,NA,2,NA,4,5,19.8104426802118,19.7757576981369,0.1218098224348,0.36860034018,0.641271219088788
"Q9UNZ2",13,14,16,15,15,15,21.8293316585396,21.6929880621001,0.0266033214068533,0.496074759148272,0.824979903582123
"Q14204",105,93,114,109,104,117,21.1738942920974,21.1203500364404,0.127204580700315,1.24126107169756e-07,1.17970924590169e-06
"P35612",NA,5,10,8,9,8,19.8370977904765,19.7792099179229,0.198876061357937,0.0999082418634632,0.222967368398576
"Q86U90",7,4,6,8,5,5,20.7036288117082,20.7915151753982,0.0585978683494359,0.3883756073246,0.670218031305898
"P25437",NA,NA,NA,2,NA,3,18.3367570879497,20.1632566437378,2.13693230002618,0.000379904612888625,0.00183096884858352
"P22314",35,36,36,37,38,39,21.6842959418191,21.6679533306314,0.163954194605042,1.25307121821144e-06,1.00963238238293e-05
"O75152",9,8,6,14,7,9,20.4719823069639,20.4666079712076,0.2170510577545,0.00935866198210192,0.029977857287477
"P11766",13,16,14,13,17,17,21.7001213285194,21.7924886756456,0.222824014145076,6.50150919926534e-05,0.000379627596868034
"P13804",12,10,14,12,10,15,22.8572017498043,22.8175787636622,0.136954880749529,0.0144915368312697,0.0432497030416942
"Q06523",12,10,6,6,5,5,21.1099838957329,20.2907351295028,-0.540682093191654,0.000254894030131006,0.00129558031702711
"Q92599",12,9,4,10,9,11,20.7586094993942,20.7202079600344,0.143858712604738,0.0451549044982763,0.114706580383336
"Q5VTR2",4,NA,3,5,7,8,20.0498348261716,19.9244503382653,4.19494110705949e-20,0.999999999675343,1
"P19882",24,25,26,21,21,24,24.0679623252442,22.9881324726897,-0.865586746537153,3.37804227036358e-33,4.7904808846129e-31
"P10809",41,41,45,43,41,43,21.8953648150911,21.9753772313446,0.290347130260508,0.0001067148483866,0.000596548411184395
"P0A6F5",12,7,10,15,21,18,20.2760298147107,22.1242143173546,1.90633494025988,3.54470911610965e-37,6.39044590338643e-35
"Q99460",26,24,26,28,25,26,21.6169725112662,21.5611832513579,0.166591257185821,0.000560308021032207,0.00258593357866784
"Q01844",8,6,9,8,11,10,22.4429616534569,22.3324107475275,0.0994612068205303,0.180743836187508,0.360621384707947
"P02549",45,51,49,48,53,48,20.5311344314252,20.4418150436185,0.105147694028723,0.00287723836719174,0.0107994717894139
"Q29RF7",13,14,19,20,23,20,20.785124812064,20.7296723653788,2.08143322626182e-20,0.999999999815233,1
"Q07653",19,19,15,13,NA,7,20.2630618609333,19.1968034576621,-0.872101406066649,8.80899929373993e-09,1.00433037402343e-07
"Q9UHI6",8,10,4,11,7,10,19.7025506131566,19.788140467328,0.103722110166556,0.178333911770355,0.356853394728816
"Q96GX9",5,4,1,4,4,5,20.8666877072548,20.6324047131183,1.50326453114887e-20,0.999999999912009,1
"Q6P2Q9",59,59,56,63,57,64,21.4511387932929,21.3491714890629,0.0908044173519706,0.0609279280098662,0.147129852109216
"Q7L8L6",NA,5,NA,NA,NA,NA,19.9219729671041,19.7396600187611,-1.35821686593499e-20,0.99999999996892,1
NA,NA,NA,NA,NA,NA,NA,21.367600937667,21.2823284125889,4.76223179305871e-20,0.999999999726431,1
"Cont_P02081",7,7,7,8,6,7,24.0311785318141,24.080046330249,3.93946664163e-20,0.999999999567584,1
"P02100",14,12,11,14,13,14,24.8293599417028,24.6251718218531,1.66710618479211e-11,0.999994503431207,1
"P35611",9,9,7,10,9,11,20.800963465286,20.6978399504702,0.061723939782278,0.245755006137239,0.462564642872996
"P49916",8,10,7,7,12,9,19.4544445184867,19.5256186374698,0.00810340579159825,0.828019690415087,1
"Cont_Q2UVX4",22,24,22,21,23,26,20.6036905406034,20.6582852539957,0.227819001730504,0.000141014700805107,0.000768916643614992
"Q12068",7,8,8,6,8,5,21.3397552734135,20.3112656174863,-0.840890363653303,1.52172849399484e-09,1.92518677233689e-08
"P76558",NA,4,4,8,11,11,19.0885315420797,20.7314936587836,1.82914220196003,1.3958573405486e-22,7.3877990803898e-21
"Q14839",12,17,17,19,20,14,19.9223591647413,19.8677035863947,4.18428444973057e-20,0.99999999941915,1
"P04083",23,27,27,25,23,28,24.0509958975538,23.9572189878487,0.123855808631505,0.00791074203475882,0.0259007212250418
"Q8N163",18,24,24,23,21,25,21.4403024615218,21.4148311443085,0.146073140270997,0.000448512793313263,0.00212087729887231
"O95155",5,7,5,10,7,9,20.0736190873888,20.0746604835385,0.11398695945992,0.211761853374862,0.409813529728139
"P62873",1,2,2,2,3,3,20.9282374996991,20.8332284772021,2.44029162706725e-20,0.999999999744095,1
"Q96QK1",17,17,14,15,15,21,21.9591715023403,22.0158876958655,0.205743511627872,0.00165864629640979,0.00665882427556581
"P00558",29,31,32,33,32,35,22.3190002868121,22.352195122721,0.179428221983855,4.66276454916656e-05,0.000279911432717397
"P40926",30,32,36,36,36,34,22.143654933862,22.2423634811399,0.26216334585949,0.000739681652956587,0.00328247958146658
"Q6Y7W6",11,9,14,6,13,11,20.497890420825,20.4032067219988,1.3861311142921e-20,0.99999999986201,1
"Q9UJV9",10,5,9,5,9,8,20.2227430997418,20.1366718724932,0.105372986099595,0.140902859441222,0.294731180607835
"Q9Y5A7",7,5,5,6,7,5,19.5930474331766,19.631318355387,0.125487559441602,0.0634716676883196,0.152442985384644
"Q96T76",10,12,14,10,13,10,20.2432208825106,20.2301631344106,0.169119442763024,0.122961518111475,0.264392470363436
"P53738",2,2,4,NA,NA,NA,20.729998329227,19.4471287791203,-1.13208946376475,0.00181504035777037,0.00721141034709176
"Q9H939",NA,5,NA,5,6,NA,20.5402027095793,20.4017511399875,2.81106070060291e-20,0.999999999859005,1
"P33734",15,13,12,9,NA,6,20.3843074272851,19.3951972745571,-0.74214461728624,3.32702792589157e-12,5.71238812632991e-11
"Q14847",9,10,7,10,11,10,20.2493048425418,20.1494407615293,0.0260496412401727,0.61209771869468,0.992119896044216
"P62879",3,4,4,4,4,4,20.6608370279576,20.6567424115247,0.0630239187797386,0.323908016668451,0.578880219380512
"Q99536",11,11,12,12,8,14,20.9663847197416,20.8488172022523,3.09678623714783e-17,0.999999987644823,1
"P55769",6,5,6,7,7,6,23.0390217752107,22.9374893416517,2.51756944214046e-21,0.999999999958677,1
"P52910",17,17,17,11,13,13,21.6240150004473,20.5277544024301,-0.829666631933457,9.79512396677735e-17,2.98984498224013e-15
NA,NA,NA,NA,NA,NA,NA,19.8462923413358,19.8157603674885,1.68098222725317e-19,0.999999999632589,1
"O43707",38,37,40,35,38,37,22.8395623849309,22.8131339670245,0.196306080019245,4.72590312500995e-07,4.10598420605157e-06
"Q8NHP8",NA,NA,3,3,NA,NA,19.6468406128471,19.5420505473404,0.12734445742334,0.242718507086969,0.457745363643257
"Q15004",4,4,3,4,3,3,20.5150262494365,20.3609009962533,1.13986663624815e-20,0.999999999856156,1
"Q9Y3S2",4,3,4,3,3,4,22.5178095910646,22.4870765581398,5.28987720441553e-20,0.999999999772449,1
"P15927",6,9,7,7,9,6,22.0013741540761,21.986423263193,3.89172994969036e-20,0.999999999645731,1
"P40010",9,9,7,3,NA,5,20.4594482803682,19.3502327534995,-0.992359922124214,2.2064038637044e-10,3.13515859352481e-09
"P61247",17,13,15,16,18,15,23.2327169458478,23.1900835667287,0.0629501089690522,0.248951679737943,0.467361614190757
"Q9H8Y8",6,7,7,7,8,8,21.6523117415501,21.4707254886375,1.68792653879274e-11,0.999990791738521,1
"Q6NYC1",5,5,3,7,5,5,20.6166795784116,20.795877501998,0.384860660544652,0.0127727224859018,0.0390491976794739
"O75792",5,4,2,5,6,4,20.2866970669731,20.2786772729557,0.121279395798409,0.217886138759939,0.419274561209502
"P32074",12,10,13,6,7,8,21.5564547368764,20.6460197994259,-0.737275030904612,1.80900888646244e-10,2.60253672468873e-09
"Q9BQ52",15,10,13,14,13,10,20.8233776119032,20.7968600510627,0.107845630833398,0.0549521461070369,0.134959102124945
"Q12220",NA,3,1,NA,NA,NA,19.1846671556045,18.301261527953,-0.474018435490277,0.0813140556397824,0.188263452645602
"O95433",9,6,12,13,13,13,21.8087578713405,21.851999664725,0.195634859730124,0.00484195718833693,0.0168171288497988
"Q99504",2,NA,5,NA,NA,6,19.2549165242861,19.1004329603483,6.70408820295759e-20,0.999999999598478,1
"P0AEQ3",NA,4,4,8,8,9,19.4769270109085,21.3143706735645,1.82932143317377,2.54659420576682e-16,7.06312594859077e-15
"P00331",NA,1,1,NA,1,NA,21.308004435716,18.7940129953738,-2.18369492925423,1.12569690059106e-05,7.5777659504199e-05
"Cont_P00330,P00330",20,26,26,19,21,15,23.1601629956899,22.2971421667693,-0.675563157444937,8.92873195147023e-21,3.87292140060389e-19
"P49411",28,28,29,27,32,26,22.5846156755018,22.5270885946731,0.153292669364566,0.00185520526606522,0.00735579325081117
"P07395",NA,6,4,12,11,13,19.6686307304895,21.2734659605857,1.72642274172404,4.69438505281211e-23,2.65508895781109e-21
"O43290",12,19,15,16,15,19,21.0804344951732,21.0250367421696,0.135925059129591,0.00229436533560797,0.00888335142357206
"Q00610",53,49,53,51,60,52,22.6058544282973,22.6577856888424,0.206242486422613,0.000661085680201583,0.00297720787594296
"P32324",54,59,52,47,44,41,22.6259927828044,21.5914227927422,-0.813018457677305,1.82066451129269e-53,9.54855778695231e-51
"P48739",7,6,5,6,6,6,21.312659950982,21.0784307339151,8.18287201928618e-11,0.999995075598573,1
"P61970",7,8,10,8,5,9,20.7897622565832,20.6504053469318,-8.87310581483697e-13,0.999999744520662,1
NA,NA,NA,NA,NA,NA,NA,21.1782825697391,19.3127890715796,-0.351238818531371,0.329823629982411,0.587813568541405
"Q8N201",9,7,13,NA,9,7,19.0289609671703,18.7086775914233,1.68090119074368e-17,0.999999994067029,1
"P43487",10,11,13,10,11,11,23.1999734394187,23.144998093521,0.0137846584161237,0.590828833272438,0.962307040979304
"P41921",13,7,13,7,5,6,21.6809322877731,20.6739501195226,-0.845875368128534,5.14822560618176e-17,1.62295702306353e-15
"P14906",6,8,10,7,6,7,20.8600322458786,19.9792648632754,-0.728502777892007,4.76431915508395e-08,4.78006212272683e-07
"P35237",13,11,15,15,12,14,21.3132793094628,21.3068859694887,0.0671542067328245,0.335618067929241,0.596665834786993
"Q9H2M9",13,10,14,8,13,14,20.410395214954,20.4662310636377,1.0430047602821e-19,0.999999999327554,1
"Q14318",4,5,7,4,6,7,21.2115439696742,21.1365464629546,7.70701345940372e-20,0.999999999390661,1
"P22146",9,10,8,6,9,7,22.5012846368304,21.1807417898042,-1.0431537110167,3.73695062118359e-22,1.89109369593054e-20
"Q07157",14,9,10,11,11,9,19.6525748475955,19.5851467084744,4.79825980313649e-18,0.999999995858717,1
"P09622",16,16,17,15,16,17,22.2520818043609,22.1510166872472,5.1324533079074e-20,0.999999999366814,1
"P32499",7,8,10,NA,NA,2,20.6188534461329,19.6185529875964,-0.764978195683405,3.13459804214234e-05,0.00019258249313226
"O94888",NA,7,10,8,10,10,20.4372087211958,20.4402790888745,0.0215227689887289,0.647602415334327,1
"P62241",11,9,12,10,10,13,24.041524863711,24.0445365054961,0.155943794077488,0.00793274789204364,0.0259580389048212
"P62333",12,16,16,17,17,21,22.0591716629323,22.0087443421537,0.187616278288002,0.043230946931509,0.110256115317363
"P38088",25,19,22,21,19,13,22.8584317165411,21.7865175849025,-0.929032362621703,8.10638265423436e-31,9.16974932005452e-29
"P0A7V3",NA,2,4,5,4,6,20.4164168628483,22.3513477152767,2.13734352523683,5.06344902936415e-18,1.77036590608495e-16
"P12695",10,10,7,5,8,7,20.7454832581889,19.815445749172,-0.712367469144772,9.45427955926863e-09,1.0694458583808e-07
"P05198",19,19,20,21,20,20,22.9107781404061,22.7699222511256,1.57258634922866e-08,0.999388930563254,1
"P61221",19,17,17,18,18,19,22.0846977284204,21.9936898357927,0.159313593697631,0.000367765645876098,0.00178139379601949
"Q53H82",NA,5,6,6,NA,6,20.4263879728476,20.3169334110647,5.27197973896448e-20,0.999999999473708,1
"Q08972",17,17,17,13,9,12,21.1022146236205,20.1180274854335,-0.81846390172023,6.96433163316996e-21,3.09055609167365e-19
"P05459",NA,NA,NA,2,NA,NA,16.9903281238758,18.2135485790236,0.344872542207553,0.3623537262765,0.633652211848781
"P41807",13,10,11,9,9,10,21.7623942154964,20.7594129763203,-0.812268592976115,4.46941120541558e-08,4.50769811958784e-07
"P0A6F3",17,15,15,25,27,26,20.5550315494227,22.4481664169505,2.02135378179075,1.44163306766393e-62,1.25263910880088e-59
"P03817",NA,NA,NA,2,NA,1,17.5901474396405,19.2257558608266,1.82245132079124,9.50074067135379e-05,0.000537490279007933
"P68036",6,4,5,4,5,3,20.5841012560675,20.5575293705725,5.16521458893551e-20,0.999999999603209,1
"Q8N1G4",19,22,20,19,21,20,21.6487819269104,21.5311497379049,0.0714406244525604,0.125775599743285,0.269839879107107
"Cont_P33433",6,6,6,5,6,5,20.9946417074047,21.0189342805924,0.0913214978182283,0.298676398970495,0.540823648983298
"P99999",5,4,3,5,3,4,20.9727359846108,20.9769736452939,4.95014728361008e-20,0.999999999756493,1
"P38817",6,6,8,6,2,3,20.9996010356805,19.9238042822681,-0.925069120610969,3.42181723762955e-06,2.57708402661683e-05
"Q15269",9,14,13,12,9,10,20.8892623600209,20.8014897333915,0.193423909140121,0.00535198213866191,0.0183892703739968
"Q04178",5,5,4,3,5,4,22.0441230823261,20.9396040340444,-1.007395001551,9.60800516872497e-07,7.88457778355254e-06
"Q8IXI1",7,9,10,10,8,9,20.691035757603,20.721954721757,0.155280314186471,0.073798208062897,0.173206616076018
"P38996",5,NA,2,NA,NA,1,20.1792703066329,19.2400041604308,-0.734181135920462,0.0125916127792581,0.0385977758360999
"Q13045",NA,8,8,8,9,13,19.6074077379936,19.6950748251489,0.212565545360855,0.0684480870709396,0.162434209654481
"P31930",15,15,19,19,19,17,22.0528585171456,21.9722384812375,0.0496680825516089,0.24733929284193,0.464788397526089
"Q14232",10,8,6,9,7,10,21.2586165648931,21.2780949049624,2.30906239172135e-19,0.999999999142649,1
"P50990",44,46,48,46,49,49,23.4820927280263,23.5040256398485,0.189840687415902,0.0001081048336319,0.000602827252301928
"Q9NUQ3",10,4,7,5,10,8,20.2653752873909,20.0567391313176,-3.49248244224232e-20,0.99999999968478,1
"P11484",5,3,4,3,3,3,22.5540880987149,21.5480837273617,-0.835486101869293,8.97045406183942e-08,8.74164687208642e-07
"P0AG55",NA,NA,NA,10,7,9,20.6191173511346,21.9984909804956,1.49888732972171,2.711763427416e-13,5.28519027458206e-12
"O94788",20,20,21,21,22,22,21.3996966425742,21.503631016428,0.300743922480916,0.00158041188775271,0.0063892054523093
"P26321",15,17,14,11,12,8,22.2468446549665,21.143530228958,-0.904299147951665,1.38650143294118e-13,2.78701281067514e-12
"Q9BW85",3,4,3,7,6,NA,20.1733620888538,19.8525707009737,3.26921857703939e-17,0.999999990741545,1
"Q9NX24",4,4,5,3,5,6,20.6635429943664,20.8570939523897,0.368583524544009,0.00540851746159635,0.0185374307840647
"Q9UBT2",17,20,18,20,23,26,21.2961785117426,21.2239029742964,0.0896572916984712,0.0260189381870538,0.0712216761951227
"Q9Y4B6",NA,NA,NA,4,NA,NA,18.4929809948615,18.5625430492693,0.102464583637742,0.416183972616541,0.710252990831228
"P46199",4,4,8,10,4,NA,19.7947640763895,20.2921395717149,0.598011253846155,0.00130434424826999,0.00537099355336872
"Q9UNF0",8,7,8,8,6,7,20.5130756569788,20.3188161466725,3.27081007768061e-20,0.999999999768732,1
"P52434",4,5,6,6,6,8,21.2452176694399,21.4086248333325,0.353329616879491,0.00560667398101351,0.0190530186469013
"P30822",13,8,6,NA,NA,6,20.8269643033109,19.6262272070593,-0.886758742005368,1.6876642244801e-06,1.34106541474183e-05
"P0A9G6",10,4,6,14,15,14,20.3289278523051,21.9889806770482,1.81930176428879,2.53187805329799e-32,3.31963738397184e-30
"Q8NI27",18,20,22,17,23,20,20.7072121665258,20.5677510970119,7.24692175445197e-11,0.999973042059451,1
"Q00534",12,9,11,9,11,13,21.236532771235,21.148512940676,4.44381933223775e-10,0.999940836378678,1
"Q12306",3,4,4,2,3,3,22.275576757249,21.0865454144676,-1.00356925265209,2.90584841762611e-12,5.06460408498036e-11
"P06367,P39516",NA,7,NA,NA,7,8,24.2590271795213,23.0569249645628,-0.875121017512817,6.91232216881485e-15,1.61384755866334e-13
"P62263",5,7,6,6,10,9,22.795453939583,22.6676530400271,1.24202846938748e-17,0.999999993571031,1
"O15027",17,12,11,15,17,14,20.046633969053,20.029013929774,0.068110849002412,0.339973670905725,0.603293788820402
"Q8N1G2",NA,NA,9,10,NA,12,20.1656436596338,20.2174103820489,2.02665504395791e-19,0.999999999281147,1
"P53622",23,21,23,20,16,13,20.9944510944284,20.0604861118005,-0.738759708387054,9.6468117031733e-11,1.44928272696893e-09
"Q08AM6",NA,4,4,5,4,5,19.5876283199946,19.7413091269893,0.0897945858389395,0.296365971379718,0.537755130227924
"Q12114",5,8,8,5,3,4,20.5664740571328,19.3727836079766,-0.900959704008019,1.36039577898752e-10,1.99190945405559e-09
"Q92900",32,30,33,36,38,37,21.557258773517,21.5392175240085,0.137095103459365,0.00468891399659676,0.0163248912772279
"Q16181",10,10,9,9,10,10,21.9906286029702,21.9442208659885,0.18449227441844,0.000381600036353341,0.00183760484951788
"P52948",22,25,23,22,25,22,20.7084607535202,20.6453293440073,0.150617941041509,0.00286501871427512,0.0107606073975607
"Q7Z417",8,10,12,11,10,10,21.1638975235765,21.0587692154205,0.0845034613630842,0.165401948056675,0.33516116555636
"Q9H9B1",NA,7,5,5,7,9,19.9501924682307,19.9013516693631,1.30616794110299e-09,0.999928159417725,1
"O60885",9,NA,9,16,11,11,20.111714594153,20.1860388101697,0.0636350537973253,0.294500440187318,0.535109618721461
"P39109",9,6,8,6,NA,3,20.8767814236832,19.960496807938,-0.662070953547108,7.31338695087979e-05,0.000422754802801859
"P04040",18,18,18,19,20,20,22.261768864353,22.2013242292335,0.102361183185407,0.0409720190188788,0.10509896741659
"Q14146",NA,5,10,7,8,9,19.6617548989885,20.0510374566043,1.79337818077378e-19,0.999999999446793,1
"P0A705",NA,NA,NA,7,7,8,18.9406817121976,19.6537568376074,1.18953990087158,3.31618174522324e-06,2.51063680947413e-05
"Q04371",11,9,14,7,6,NA,21.3944767911286,20.3652640867242,-0.860672189969611,1.79588069699558e-09,2.23767510604049e-08
"Biognosys|iRT-Kit_WR_fusion",15,14,16,19,17,17,24.9107658771411,24.7739342097648,7.58437876335919e-08,0.998841339443472,1
"P49090",10,12,15,9,10,10,22.6745002957948,21.606567253042,-0.904085592109219,1.84793704811784e-16,5.3571602163778e-15
"P08243",31,33,35,37,33,34,21.7869412996806,21.886943897654,0.247595271717222,2.37126105664951e-06,1.84363949269691e-05
"P0A763",5,5,4,6,5,5,20.9234659680324,22.8133617852183,1.93458339231349,2.46555435350564e-15,6.07853977152736e-14
"P15992",12,13,13,11,11,11,24.5819579807399,23.529360353915,-0.869957676734246,1.78813947950374e-21,8.59648054771423e-20
"O43633",1,NA,1,NA,NA,NA,21.0300771481516,20.3790857572692,-0.302476235572413,0.189868243799208,0.374642779650012
"O60287",NA,9,11,12,13,16,19.3383803263627,19.5853595569679,0.3817610803814,0.00969025611392355,0.030885683713384
"Q969G3",9,12,9,13,10,8,21.567839449167,21.5476033043447,0.191208026032317,0.00130066422219684,0.00536349671040282
"Q8IZQ5",NA,1,3,NA,3,4,21.1035221334601,21.1487393239021,0.0934092810440016,0.463400359600553,0.779859006573977
NA,NA,NA,NA,NA,NA,NA,18.9148568947354,19.0544637080928,4.03190382462985e-20,0.999999999859766,1
NA,NA,NA,NA,NA,NA,NA,NA,NA,NA,NA,NA
"P22336",4,7,7,5,NA,5,20.5754992340846,19.6724131915839,-0.673951719691023,3.79524603407653e-08,3.88894749033526e-07
"Q5T8P6",7,6,7,5,7,9,20.0816862628392,20.0313509402544,0.0372676612202246,0.454779622372766,0.766469074340779
"P11498",8,4,6,11,7,5,19.5716431746222,19.7766725153798,0.300582374410119,0.0130628036980225,0.0397255216309392
"P15705",21,23,20,16,18,22,22.6946787662057,21.6460734351834,-0.852852507636048,2.68095455139737e-35,4.54894906088571e-33
"Q16512",12,12,8,9,8,9,20.2981266605519,20.2496001928547,0.22166260307691,0.0232281471169866,0.0646421518176052
"P0AD61",NA,NA,7,14,15,12,19.4430639586879,21.4870979936254,2.00255206735158,3.13875728744482e-14,6.83301539293175e-13
"O95671",2,NA,5,4,5,3,20.269566118728,20.1592956702171,0.0489007877280005,0.782290717839283,1
"Q969T9",3,NA,1,2,3,NA,20.3522867469077,20.1166839030784,6.60004716673603e-12,0.999995730634014,1
"P21333",87,75,89,83,81,90,22.668546978825,22.6024773813681,0.115811590805885,1.58457282328853e-06,1.26612196918996e-05
"P37837",11,16,15,16,15,16,24.6976281249973,24.4820540603467,8.41356265406057e-18,0.999999996129286,1
"P07237",22,20,21,23,23,22,23.3047476488644,23.2162753080734,0.0610023646012129,0.233934923067215,0.444962272065533
"P0A7Z4",NA,5,2,7,7,12,19.4833662529966,21.2176306981135,1.93053975846942e-08,0.99981970574844,1
"Q9NVT9",5,NA,4,NA,5,3,21.3161761516503,21.2942089009177,0.147030903103681,0.163295773733536,0.332176769629326
NA,NA,NA,NA,NA,NA,NA,18.9600775027857,19.0877461709038,3.26352661578e-20,0.999999999895197,1
"P06959",NA,NA,NA,8,12,11,18.8181388022287,20.7410333417461,1.86194382413257,4.81035915651507e-13,9.18906025627001e-12
"O13516",1,1,1,1,NA,NA,22.3253350321708,21.2229322447205,-0.955460526168933,0.000505458307136734,0.00236414944329533
"P05755",NA,1,1,NA,NA,1,24.5722381040201,23.4953459446565,-0.821878442415963,0.000707285748654166,0.00316059758635622
"Q02790",29,33,30,32,28,29,22.0369075711548,21.9510112492674,1.99993193725714e-07,0.998181632726136,1
"Q9NPL8",NA,NA,NA,4,3,NA,20.5489491153047,20.7289102521387,2.92809770975433e-19,0.999999999309562,1
"Q8IY81",16,15,16,15,14,15,20.6748192952968,20.5880874404017,2.18550742334729e-18,0.999999996823069,1
"Q9BUJ2",14,16,11,13,14,8,21.8405288054413,21.8131355151089,0.18351910189577,0.0217029223845278,0.0612217815288056
"Q14008",39,38,41,48,39,43,21.0847964557207,21.0472021305986,0.169516537710893,7.51382265812399e-06,5.25421126238997e-05
"P13796",23,24,22,25,25,25,22.1211048227585,22.0606016155634,0.0549104040297166,0.162370485079365,0.330761062296206
"P53701",8,5,5,12,8,8,20.8093103093943,20.6751527127438,6.34386855880434e-20,0.999999999433716,1
"P04818",10,9,8,12,11,12,21.8160433588254,21.8158746653457,0.155084962949624,0.00658954053036643,0.0219632484289918
"O75347",9,9,9,9,10,9,24.1997421938406,24.075302117102,2.22396075476312e-12,0.999998371813039,1
"P07355",4,5,5,5,6,7,23.5299950577639,23.68203478316,0.236261146445928,0.00128383733049124,0.00530548535788249
"Q7Z4V5",3,3,6,7,6,5,20.3736451371158,20.2556577047961,1.84185614203324e-10,0.999986511661515,1
"P12004",14,12,14,14,17,18,22.315896469514,22.3100476556848,0.201329605611282,0.00929492580019968,0.02979023718964
"Q9Y6G9",13,12,11,13,14,13,21.7709131114109,21.7421212444317,0.101514745247341,0.0502681692390031,0.125753065514773
"P22137",34,40,36,25,32,28,21.7825107504486,20.7323989639414,-0.833455591015212,1.71205277228665e-50,6.17302027707606e-48
"P16157",39,32,37,37,41,41,20.7453520348006,20.6599377284821,0.158045125037144,6.48298586934125e-05,0.000379313848683871
"Q8WUH1",NA,NA,NA,1,NA,NA,21.334995557911,21.2647095179622,0.0119006167417173,0.84659062806277,1
"P0A707",NA,2,NA,3,4,5,19.7065052052061,21.4768062820845,1.95134078955311,3.77606898619064e-09,4.51017432325751e-08
"O75683",7,8,7,6,7,8,21.3419227911357,21.2156136656188,3.60628236600147e-21,0.999999999943207,1
"Q14683",23,25,30,27,27,30,21.4452704883203,21.3611999781749,0.0213168777088516,0.512223484843807,0.848411508488063
"Q9UQE7",20,26,26,27,18,26,21.2521889832353,21.1751706503594,0.0556613833058911,0.28366001285085,0.519833104871841
"Q8N0X7",6,4,5,9,NA,5,19.9494766607265,19.9342695074099,0.00908060263221839,0.77655335775949,1
"P39705",2,2,1,NA,NA,NA,20.1042435180547,19.4932017142891,-0.33174697106783,0.129781724662937,0.27694869441072
"P0A6E6",NA,NA,NA,2,NA,NA,NA,NA,NA,NA,NA
"Q06385",3,3,4,NA,NA,NA,20.288979307382,19.2937396929461,-0.718731794503715,0.00145689848220722,0.0059398214444194
"P0ABK5",5,6,6,9,10,10,20.5915397747236,22.3078182732313,1.93243871445482,1.18369432874237e-20,4.98447633760201e-19
"P17480",14,11,8,12,10,11,21.4074813807812,21.3821198611334,2.43120086648561e-10,0.999962481326579,1
"Q86TU7",NA,NA,NA,NA,4,1,19.2259587946228,19.0545505635242,9.59321569012229e-20,0.999999999742597,1
"P09110",3,5,9,3,5,10,20.4162533645689,20.4324238349484,0.0532876003363794,0.467515366337969,0.785867176108316
"P43593",10,10,13,3,5,8,21.1903503523054,20.1994236223275,-0.786304363351155,1.7249364223854e-08,1.86351277541973e-07
"Q8N5F7",NA,3,NA,3,2,1,20.1084022414396,19.9708770340811,-1.34756787104547e-19,0.99999999987469,1
"P10592",11,13,14,14,11,15,23.5170877196441,22.4630692965505,-0.850147433002026,2.71693946611446e-10,3.82293262927179e-09
"P10591",17,16,16,17,14,15,24.1359847509167,23.0883618210545,-0.884497987225516,4.22961743704607e-24,2.74164752745155e-22
"Q9BYN8",NA,NA,NA,6,NA,7,20.8698327371489,20.5055429881341,-0.0447882755386793,0.635763971021933,1
"P11234",2,2,NA,NA,3,NA,19.7290371362387,19.9363972497376,0.274923086834559,0.161934075958557,0.329988585024696
"P32589",24,23,20,17,16,17,22.7736600357762,21.699517595283,-0.873762728613529,9.83725829126312e-31,1.09136813619802e-28
"P52565",4,6,4,6,6,6,23.2431283673505,23.2163813155951,0.180634346799557,0.0341969704114153,0.0903721128279682
"Q9Y2W1",19,15,16,20,15,19,22.1125542081354,22.036365858273,0.0152849448653175,0.67436661561444,1
"Q96B26",8,5,5,6,6,4,21.8333888055757,21.855798559781,0.24981681199553,0.0178427361436903,0.0514718695596321
"Q14692",15,16,22,18,18,16,20.9622364944364,20.8421835941456,0.06976036769189,0.1054852600477,0.233555371712389
"Q9UHY7",5,5,7,7,4,6,20.8100113511023,20.8591087889665,0.167247648900335,0.0530615596123311,0.131209660267269
"Q9H4A4",21,20,18,19,20,23,21.6849014693286,21.5891817487541,0.0861744183698575,0.0490175076462248,0.123002175559404
"Q9UBB4",11,11,12,9,11,14,20.748458854936,20.6607840746499,0.133396726957774,0.0251010891214734,0.0691208511416612
"P67936",4,6,5,5,4,5,21.9084846155184,21.8815957776529,8.64576540037122e-18,0.999999994304093,1
"P40961",5,5,4,2,2,2,20.6202292294502,19.8474843951158,-0.0132522367315964,0.876010404676253,1
"Q9NYF8",13,16,14,15,15,12,21.7240205936563,21.5656745244833,0.0559016082314407,0.361651442502993,0.632615879866515
"Q09666",50,51,58,54,60,63,20.1306386182356,20.103435976485,0.190281789533038,1.88427254688958e-05,0.000120647817125483
"Q9NVI7",5,7,5,4,7,6,21.603812242826,21.6361549776856,3.1689865456897e-17,0.999999990712892,1
"P14735",11,12,15,12,16,14,21.0454029431134,21.055946527092,0.0898984878075468,0.396138611440455,0.68116949311475
"Q9NUQ8",9,6,8,9,11,10,20.2892695756937,19.9856732148132,1.7042741259726e-20,0.999999999905771,1
"P48813",2,2,2,NA,NA,NA,19.5722593079464,18.5855504441382,-0.788119613500081,5.07691817421702e-05,0.000302882533061613
"Q9NYV4",9,8,5,7,6,5,19.1022483747642,19.1052304209178,0.117938774588742,0.196125980094139,0.38510918283291
"Q9NZB2",7,6,7,11,10,5,19.5781294296567,19.4374174795448,5.64967893096218e-10,0.99993617208262,1
"Q86WX3",NA,2,NA,1,1,NA,20.5701468739706,20.2644231642583,-3.68874435624925e-20,0.999999999856212,1
"Q96EH3",NA,NA,NA,NA,NA,1,19.5854906097478,19.4233729759262,-8.46373638045782e-21,0.999999999957905,1
"P53041",15,14,13,13,15,11,20.5751289035671,20.478448530066,3.27708547659002e-11,0.999984809280928,1
"Q5T4S7",67,67,66,70,65,82,20.653246431448,20.5944717285727,0.117805433820878,0.0244165299484177,0.06762312111014
"P26639",35,31,35,31,29,35,22.4197323139431,22.3621472119264,0.145151681906319,0.0122551344689488,0.0377468610525176
"Q14149",12,10,7,6,10,9,20.1499920031068,20.2261700603552,0.215999662566296,0.211934772250779,0.410010630823187
"Q14315",56,55,58,65,63,62,21.9543501089112,21.8863436169241,0.0806925519270465,0.0696227505028855,0.164612150676699
"P38061",6,6,7,5,7,5,24.0052608655512,23.0212075782527,-0.542869400227216,0.181053071713811,0.360792805083584
"Q6UB35",12,13,13,16,16,14,20.1256179260474,20.1580972993922,0.201935580538702,0.105388760162425,0.233555371712389
"Q99805",7,8,8,6,7,10,19.6180690283556,19.7627061056631,0.296366649409282,0.0313533203268881,0.0837782792801379
"P33991",32,40,38,41,40,40,21.743851802559,21.6961877838299,0.187025518609108,0.000441612309691982,0.00209856788683117
"Q96SB4",14,13,15,16,12,15,21.3718317866507,21.4156804711282,0.210361413293359,0.00303630179978229,0.0112936331933875
"Q9H993",6,4,4,3,6,4,20.0365763854305,20.0707279113106,0.0597047734204985,0.410396660445489,0.701712606434506
"P31939",34,32,34,37,32,38,22.4291875258833,22.3931382471198,0.175438618694482,0.00010994924322017,0.000612255969244363
"Q9UBF2",7,10,10,9,14,16,20.8057860893006,20.7185584370988,9.38269626928273e-12,0.999990914684332,1
"P0A9D8",1,2,NA,3,5,5,19.3731648592291,20.7969699927387,1.70914877869933,0.0171563218940565,0.0498613707842882
"P20226",NA,NA,1,NA,NA,1,19.5648392214549,19.9311107453321,0.026266888688165,0.769258303010823,1
"Q9Y3Q8",7,6,6,4,7,NA,20.1872363840174,20.3247662538129,1.21988465196181e-19,0.999999999415065,1
"Cont_P01030",3,NA,8,5,4,7,20.3638527148497,20.584405458222,0.390448355481906,0.00209555313000455,0.00817946279228434
"P0A8L1",NA,NA,NA,5,7,NA,18.9508285008437,21.1128175957373,1.66933727766056,0.000103473372197688,0.000581244288421095
"Q13523",10,9,8,9,12,9,21.0559772408037,21.0190391389934,0.11833292166903,0.136707600517863,0.288571587042646
"Q9Y3X0",5,4,6,6,NA,5,20.3876642652086,20.2736019111023,-1.02826546667831e-19,0.999999999530989,1
"Q16204",7,8,6,8,7,7,20.8030651400496,20.7175954805833,0.0821252647650244,0.193787129399048,0.381425434835588
"Q01082",13,17,22,19,21,25,19.7756763505341,19.6872850922786,0.0556394126539063,0.298217680750327,0.540162574646353
"Q9BYT8",7,5,8,6,5,7,20.5814075898525,20.5876573698462,0.22600760717604,0.00127696528207199,0.00528845133687961
"Q13907",6,7,7,6,9,8,20.9221088245568,20.8783962435304,4.53055403341926e-11,0.999989899328187,1
"Q9HB71",16,15,19,13,13,16,22.2654606464834,22.1670136212429,0.118250166471292,0.0111531211488186,0.0347420928226429
"P05455",26,29,27,24,25,26,24.4762904010331,24.4982056533948,0.19275629334349,1.96227606671063e-06,1.55286291205125e-05
"Q08379",14,12,13,20,15,15,20.3763264614781,20.3278589943652,7.85670395312362e-06,0.989790361724712,1
"Q04726",4,NA,5,4,4,3,20.3750962921163,20.5419901346703,0.301409686228473,0.00424716461554819,0.0149950383519569
"Q16890",2,4,1,3,2,2,21.4760319913208,21.6333020519834,0.161131963417685,0.165624739782662,0.335494776617337
"Q96ST3",13,11,12,6,8,11,19.4142134184185,19.5290182725621,0.270043891322485,0.00685235731345539,0.0227845817529246
"Q9H6R4",13,14,18,15,12,14,20.5658279601666,20.5126025614608,6.50831893666705e-20,0.999999999507432,1
"P04424",NA,NA,5,4,4,NA,20.6254238878101,20.6028236264891,0.133713842368154,0.222566176922608,0.426572848726421
"Q05775",4,2,4,2,2,2,21.5268185481493,20.4434176558585,-0.935771274930178,3.01807573007096e-08,3.14851336108126e-07
"P0A853",27,26,26,48,45,44,20.4706772508432,22.2437038877635,1.97572320318706,1.15677046808058e-64,1.66835220758922e-61
"P48231",NA,NA,2,NA,NA,NA,18.7650348887416,18.8123624820529,3.25137816476195e-19,0.999999999207451,1
"O94992",4,4,4,6,3,2,20.2824386045211,20.2957759196176,0.17637552450762,0.0127375113279095,0.0389828662337984
"P18899",6,6,6,7,3,4,20.9488515026035,19.7411638218235,-1.00398298336088,2.05216268137164e-13,4.04058925216143e-12
"P38646",40,33,35,42,40,38,23.1105651557325,23.0511992977415,0.101750676050144,0.00376690563487078,0.0135650927637762
"P48634",21,23,25,21,20,25,20.1802520856714,20.0487463618003,0.00966681465416229,0.742405049357552,1
"P61158",13,13,12,15,12,12,22.1086420427359,22.1573277836042,0.244452389907613,0.000170301770741616,0.000906933215850938
"Q06494",NA,NA,5,2,NA,NA,20.2606905612352,19.145546891171,-0.957703952681105,0.00391960486649699,0.0140013625231091
"Q9UHD1",9,11,12,13,13,10,22.3735041191266,22.4169797324304,0.121048640361078,0.0574647636619995,0.140027397032608
"Q12906",28,34,34,32,34,34,22.4729888099484,22.459073722427,0.137693198806728,0.000593963544069344,0.00271950451248893
"P63244",29,26,25,29,26,25,21.8989688394656,21.8769543543585,0.16310894044152,6.66897647962963e-07,5.62475516242447e-06
"P76108",4,NA,NA,8,12,13,19.7490050374641,21.1501320010641,1.55612637400926,2.39754504614759e-07,2.18161472732262e-06
"Q9NR30",32,33,34,37,31,36,22.5564234277443,22.5337537635213,0.187373873548692,8.67441504735896e-07,7.14895720117341e-06
"Q86YP4",15,9,13,15,12,15,20.4249480374132,20.2919165659437,0.0613893615443822,0.244070532920373,0.459994415033528
"P09874",39,34,43,44,43,39,22.4642560544294,22.3835061634638,0.124131333983091,0.000733566021609303,0.00326035622393225
"P33195",NA,5,5,18,11,13,18.9475042740326,21.0493210010919,1.78579536888964,1.89352030798992e-15,4.79110467403238e-14
"Q9Y608",NA,NA,2,NA,NA,NA,20.3112628796586,20.260265320781,1.20440483936084e-19,0.999999999273262,1
"P50851",20,16,18,22,28,24,20.2189136538306,20.0281052868611,2.80680787076093e-20,0.999999999498825,1
"P38687",7,6,3,NA,NA,NA,19.8803174384845,18.5662990970344,-1.1652989409267,2.25009086243923e-07,2.05717498976417e-06
"Q02218",12,13,14,15,12,17,20.528766433106,20.5507048422736,0.113426047693144,0.0717447946494518,0.16907504915551
"P27616",8,12,12,9,10,9,23.025344866507,22.0084753369524,-0.791661432116925,1.25058491519902e-08,1.39010103579636e-07
"Q9UJZ1",10,10,11,9,9,9,21.7994393607884,21.7418765030839,0.0226556358379996,0.605617752808774,0.983736076196627
"Q46851",NA,2,NA,8,7,10,19.2838052090311,20.7863551891667,1.62151276304454,6.89170877474061e-12,1.14908288790401e-10
"Q96GD0",6,7,5,6,8,5,20.0997356762073,20.0139739883708,5.93311607076782e-20,0.999999999583862,1
"Q9NQ29",5,4,4,3,4,4,20.9736588486511,21.099997804576,1.22850336117146e-16,0.999999983060221,1
"O75400",15,14,12,16,15,18,22.314339258577,22.2598511076533,0.0924111318630726,0.240420096974099,0.45474870145691
"P40185",13,13,13,11,9,10,23.4158261911411,22.3128843024393,-0.833876729500908,2.286449935623e-18,8.29593061547739e-17
"P32599",16,16,13,9,11,7,22.4225823614138,21.3456912958657,-0.876885402506533,7.71672247328431e-26,5.63516100612369e-24
"P11233",2,2,NA,3,3,3,21.2217315403647,20.9987970212101,-2.62571009803448e-20,0.999999999840721,1
"P00509",NA,4,4,11,13,14,19.7616175926631,21.5004472321989,1.86448224629285,4.57614197266033e-15,1.08641000165751e-13
"P13024",NA,NA,NA,NA,NA,3,19.4085138314692,19.7579690848598,4.48274654611321e-11,0.999990733505534,1
"Q9NR28",5,6,6,7,5,6,20.738503060351,20.52169793341,5.1137834332621e-13,0.999999808114973,1
"A0MZ66",NA,NA,13,9,10,12,19.9550540478041,20.0244175540482,2.63611752451011e-20,0.999999999762516,1
"P67910",NA,NA,NA,2,3,3,18.5738155153443,20.2319793245679,1.62003106888803,7.57860471388658e-07,6.31805933445255e-06
"P31373",14,13,14,10,11,10,22.5311016798148,21.5482919806588,-0.767830908670272,1.62675276209418e-14,3.63749483896175e-13
"Q14203",19,19,17,20,22,20,20.6114587358748,20.6122531493855,0.0988942757687244,0.106921432619652,0.236146908486869
"Q9NZI7",NA,2,NA,NA,NA,6,20.1049047126558,19.9680212354043,1.00613911417716e-05,0.993069474783673,1
"Q9Y6G5",NA,NA,2,3,NA,3,19.6244347284287,19.6653664882349,0.00717037840105821,0.823557441329727,1
"P03965",8,10,11,3,3,4,20.7051391252985,19.6532764887284,-0.685254592686927,1.7021063596354e-06,1.3488257676836e-05
"Q9H967",NA,2,5,NA,6,6,19.571161859083,19.7226523119261,0.066883753513838,0.411440239107009,0.703288515380248
"Q13098",11,10,7,11,9,7,20.925479637952,20.8128763506496,0.0570912952424777,0.337518076138079,0.599482279742271
"P00549",54,56,64,48,40,51,23.5930474282738,22.5325024515482,-0.848019659605878,2.0316332230842e-81,1.17204920639728e-77
"Cont_P13645,P13645",5,2,3,6,4,4,20.1848838078782,20.1521403194655,3.18789509908897e-18,0.999999996227918,1
"O14646",7,9,11,9,11,12,20.1228435775116,19.9013952899757,-1.87472507692782e-20,0.999999999837356,1
"Q9Y613",8,11,10,16,13,14,20.0950331868313,19.9980274153416,0.0618501052866231,0.353361150437687,0.621885441389572
"O60841",24,30,28,29,30,30,22.0314544183814,21.9180916274301,0.115656852763053,0.0142583545119689,0.0426420151267748
"P18858",12,17,15,18,13,17,20.6299689172811,20.449865882345,0.0826446236647565,0.116418096439095,0.253058025002689
"Q92917",10,10,10,14,13,11,20.255502268004,20.3688597860244,0.188539173088827,0.0160364398084423,0.0472252277972964
"Q8TAT6",6,8,6,7,6,11,20.7331866505373,20.6694455368953,1.98260752041435e-20,0.999999999859806,1
"Q92888",20,19,17,21,20,20,20.5134697797335,20.4857742641107,0.19675999446706,0.000644039167611498,0.00290497416571597
"Q9NW13",11,10,11,13,10,10,20.3871049765581,20.3936313011024,2.27034568319367e-08,0.999684556713268,1
"Q15393",37,31,33,32,34,37,21.9941337048091,21.9462270984477,0.109541246385435,0.0306979514257918,0.0823009756652975
"P56192",23,27,28,31,31,38,21.725426907716,21.7574246561315,0.173366423506608,5.47680061187457e-05,0.000323726052560496
"O94906",22,23,24,21,25,26,20.8959937952472,20.8650421552682,0.133222218452476,0.000362523828641513,0.0017622921913668
"P09972",23,25,19,24,25,22,22.6029420827655,22.5827782505565,0.110275919608709,0.0590190449024203,0.142939072225887
NA,NA,NA,NA,NA,NA,NA,18.7277202886359,18.3538938458659,-1.18382581883411e-19,0.999999999729795,1
"P22803",8,9,7,5,6,8,22.7622669929566,21.6450167379557,-0.924950375096429,1.59084213882563e-16,4.65866411110916e-15
"Q9H2G2",17,14,12,16,14,15,20.428001993522,20.2790603679901,0.0759175510916381,0.210661900774722,0.408563538722307
"P54577",26,29,27,32,26,25,22.7995109120415,22.6973209707204,8.33216720119417e-21,0.999999999854096,1
"Q9HCS7",11,9,6,13,12,14,20.2382748005575,20.3432166761902,0.262624256884628,0.00390580358760364,0.0139780278516659
"Q12443",8,9,9,9,8,7,20.8262005332184,19.9924179085911,-0.686084564076599,6.83132192364388e-09,7.92955657495001e-08
"Q96SZ5",NA,2,4,3,1,2,20.5594503464502,20.1747998081135,-0.246997343128857,0.113184778954384,0.24742818862745
"P0AA10",NA,NA,NA,3,NA,NA,19.1337648950619,20.8509000119119,1.91977473871484,2.48080062720746e-09,3.05154345807246e-08
"Q12532",7,6,7,NA,NA,NA,20.285891007687,19.6245361967215,-0.553976577240899,2.22219728023101e-05,0.000140722899118032
"P0A836",9,5,8,15,16,14,20.6473098292202,22.3108157390837,1.86873357671223,3.40457126484883e-33,4.7904808846129e-31
"P42704",56,51,50,57,59,60,22.4483395316587,22.4193960817161,0.164561244136874,1.45215910193794e-07,1.36219607464715e-06
"Q9BXJ9",24,24,21,22,24,25,20.9308921855359,20.8201742206727,0.135825469078036,0.0357732877453351,0.0938926737956497
"Q92499",22,28,28,23,27,28,21.5433626607171,21.4821766478736,0.106839836288678,0.02226371432842,0.0624097997865184
"Q14166",17,19,16,19,20,16,21.6544672753656,21.6440177170685,0.223153548728605,0.000153507909291343,0.000826878738283621
"P32915",NA,4,NA,NA,NA,3,21.5209511067654,20.9461762717398,-0.280307156107575,0.1002262389187,0.223590553875475
"P38765",5,7,5,2,NA,NA,20.8956581622392,19.8424959995147,-0.667417208886694,0.000170413521577815,0.000906933215850938
"P25705",28,22,28,30,25,31,21.7562619864166,21.7598872757491,0.225831951967497,8.21369518708733e-05,0.000469156510240662
"P27466",2,3,8,NA,2,NA,19.9607331919812,19.1412335392575,-0.743428479766265,8.11778780767424e-05,0.000464137937190017
"P52907",10,11,11,14,12,10,23.0693374405888,23.0450341085831,0.0719738085038651,0.299250120619648,0.541352758185873
"P49407",NA,NA,NA,NA,2,NA,20.3952294586371,20.0535743639124,-1.0061534428403e-20,0.999999999942128,1
"O43847",22,22,23,24,20,21,21.1876711639337,21.1831894447958,0.182442072090276,0.00043812393079681,0.00208542653198581
"O60271",19,14,19,15,17,20,20.4482435765972,20.4257595765731,0.17857516330942,0.00090321621030556,0.00390765760319732
"Q9Y3D9",NA,1,4,4,3,5,20.9467213637658,20.7543388929215,3.887702741507e-20,0.999999999708967,1
"O96000",7,7,7,7,7,7,21.7931744448632,21.7634301468954,0.119962826428598,0.11464724539254,0.24977339828911
"Q9UDW1",NA,1,1,NA,1,1,22.2749491853558,22.5436572756746,7.25538466938955e-20,0.999999999701553,1
"P0CE47,P0CE48",17,14,19,32,30,30,20.3890449830905,22.168222763918,1.98443377430565,8.27857409394729e-72,2.38795469739909e-68
"P53396",42,50,46,53,48,52,22.1599996023002,22.0728808279825,0.105191159144818,0.00325798253406806,0.0119411062509775
"O00418",NA,4,3,NA,NA,NA,20.2332751082972,20.221479259968,0.0762231353556835,0.605363111589652,0.983736076196627
"P49089",8,10,7,5,7,7,21.8579232908776,20.833928394064,-0.911114555585727,1.17225136187611e-11,1.93774157784048e-10
"Q13415",NA,NA,NA,NA,NA,5,19.2419424489933,19.439644486224,1.91353121263592e-19,0.999999999680377,1
"Q9NTK5",23,22,26,23,23,26,22.0097658365734,22.0032446276084,0.123275838450535,0.0360665301595557,0.0945762784047623
"O95163",15,19,18,18,17,21,20.3823632347053,20.3634942199539,0.175483236687176,0.00444432102520023,0.0155861933096536
"O43818",8,6,9,6,7,8,21.70086466506,21.5587786460679,3.40716619489059e-21,0.999999999951514,1
"P38555",3,2,4,1,NA,1,20.6935573368741,19.8269877611752,-0.739086287891854,6.49128835242283e-05,0.000379414817681128
"Q03154",9,13,9,4,10,12,21.0465710657649,20.9953683594016,1.01917366283872e-19,0.999999999279321,1
"P55786",17,13,20,16,17,18,20.9726455421598,20.9602279370027,0.194905239015122,0.0167754761223636,0.0489518066514496
"P07702",13,16,10,NA,NA,NA,19.4468660263469,18.6849867754643,-0.449628379782231,0.0415847907234363,0.106489089109591
"Q96FW1",9,9,9,7,7,8,21.8732776686838,21.8543052184422,0.0632200721097603,0.201247447267332,0.39289222446201
"O15446",9,4,NA,7,7,6,19.9576042416,19.9174549520789,3.15685694991612e-20,0.999999999696645,1
"Q9H479",3,4,3,3,4,3,21.7808395067981,20.2138194355709,-0.719056069699482,0.0954479924541662,0.214674256712704
"Q9Y520",30,31,36,30,32,34,21.0813602141826,20.9052563262643,8.46609100127609e-21,0.99999999983573,1
"Q13620",5,7,6,8,9,7,20.5983973527802,20.5887136286857,0.10853347584402,0.180842029114247,0.360621384707947
"P84103",7,6,4,6,6,6,22.9081169829955,22.7884210792367,5.2984777920725e-18,0.999999994255387,1
"P54115",33,33,32,25,23,23,22.4174253862561,21.3600699561818,-0.85923732339818,1.36201754509358e-29,1.3785051259026e-27
"P37291",35,37,38,26,29,25,23.4025135803487,22.2327075449491,-0.965696431085077,2.7832555391759e-40,5.94688933537252e-38
"P19338",22,24,24,23,23,26,22.8062179495856,22.8339174816954,0.16038568106071,0.00390843599594676,0.0139787769749639
"O60506",20,20,18,23,20,18,21.7781469046451,21.7813411916502,0.064775226567661,0.471675391376456,0.791706526869589
"P47897",24,28,26,23,28,30,21.8188692540874,21.7649843292919,0.142882456298434,0.00539806623243574,0.0185255467548613
"P17255",42,40,34,27,24,25,22.2497284333138,21.2632992925521,-0.790657209628554,4.08121011748282e-27,3.46242664231741e-25
"Q12931",19,21,22,18,23,20,22.3402218109251,22.3984238195485,0.183030910378145,0.00422397228572063,0.0149222878850718
"Q9H7Z7",4,6,5,6,6,6,20.8778647622456,20.924660756992,6.56864007703325e-20,0.999999999555369,1
"Q96JH7",3,NA,NA,7,3,7,19.6443699725181,19.4897059461413,-9.24219789799471e-21,0.999999999932941,1
"O75153",18,24,23,24,23,30,20.2149018519669,20.2940951934089,0.223182753645219,2.19829324538414e-05,0.000139362128929902
"P0AG67",12,9,11,19,19,21,20.5950841201957,22.261029666034,1.76536671894173,9.56199038556181e-33,1.2828633147513e-30
"P61026",5,3,3,2,3,2,20.8900258481036,20.8997045740257,0.0215948573480997,0.621196813614747,1
"P0A7U7",NA,NA,NA,2,NA,NA,22.1810475153702,21.4966175058794,-0.104890473913088,0.659324012502653,1
"P46060",12,15,19,14,16,20,22.4551576546722,22.3996235482386,0.107916463216311,0.0274509887319719,0.0744545152772666
"P13807",NA,NA,NA,5,1,2,19.0558133387301,18.997753542394,0.179217294012314,0.0899809026843549,0.204531058938552
"O43813",NA,NA,4,NA,4,6,20.046100330711,20.2161572505638,2.32366409745072e-11,0.99999194047098,1
"O95372",6,5,5,6,5,6,20.3706204332587,20.2905336979933,-2.20292001477728e-20,0.999999999808447,1
"Q6UN15",10,10,10,9,8,9,21.7603318819315,21.7878431551589,0.169980911508685,0.005931463610936,0.0199641852809158
"P48439",4,NA,2,NA,NA,NA,20.639891065798,19.2506652610127,-1.08257324301359,0.000226659016322012,0.00116645483065271
"P38432",6,6,9,6,9,6,20.9578452618451,20.9317873967501,0.0843197599778159,0.179807813274681,0.359055477598351
"Q9H814",1,NA,1,3,3,NA,19.472720562853,19.9977263677533,0.360332707126562,0.0967581120759028,0.21685996447781
"P32471",13,11,16,12,9,11,21.8933971746002,20.9277484817077,-0.773358517285647,4.51491696780763e-15,1.07630396641662e-13
"Q9BU89",7,8,8,9,10,14,21.0260940685718,20.950308493987,0.192336547085974,0.0105020033098387,0.0329630343277799
"P34932",36,34,37,35,36,39,22.8472820072682,22.7946505350248,0.122874668038609,0.00306853996697133,0.0113695613805123
"Q04323",3,4,4,6,6,5,21.1389459471181,21.1541283601756,0.282165695587895,0.00617187673068415,0.020712947562139
"Q04792",4,6,2,5,NA,2,20.6006271130098,19.5516989263419,-0.551498291539121,0.0486282849265164,0.122238159364302
"P10768",12,15,12,12,14,14,21.9484948515877,21.83705608196,0.0666497308734238,0.168024653998087,0.33952162133624
"O15067",26,28,28,21,28,29,21.4306536819066,21.4449311389657,0.169264186742582,0.000197960661268051,0.00103915837566459
"P46367",21,19,22,17,16,14,22.6587369833746,21.7425905229856,-0.820536632265068,2.35747844114561e-28,2.15877668682048e-26
"P38013",22,24,26,21,17,21,23.1075317774008,21.9545465306845,-0.931844353022617,2.30089926911817e-26,1.79376863291118e-24
"P00864",NA,NA,NA,6,9,7,17.9602403576113,19.7240935358984,1.85275635836436,5.19756640657951e-09,6.09446353649537e-08
"P17028",3,NA,NA,4,1,2,19.724463079935,19.7825967863869,7.92766410417106e-20,0.999999999606982,1
"Q9ULV3",NA,5,3,7,6,5,19.3497803426125,19.2367391074288,0.145431945150108,0.114058103817922,0.2488658097298
NA,NA,NA,NA,NA,NA,NA,20.5057750869012,20.6435395309269,0.108613292052728,0.495117609951854,0.824100834337058
NA,NA,NA,NA,NA,NA,NA,20.4879298196456,20.1223698399375,4.91039355452118e-20,0.999999999917524,1
"Q96KB5",6,8,11,9,8,13,21.7311328428303,21.9004242514187,0.274809982192232,0.00313689682707354,0.0115708170047233
"P11310",10,14,11,14,14,13,21.3030537755801,21.2315228357564,5.68924283961814e-20,0.999999999539728,1
"Q9BQY4",NA,1,1,NA,NA,1,20.1366497847423,20.1588286934028,0.153926590470061,0.292224417132248,0.532450171064529
"P15880",13,12,14,11,13,17,22.8604348747721,22.8774874873199,0.169451190456151,0.0129003177854571,0.0393766842879906
"Q07021",8,8,9,9,8,8,24.4572674555584,24.4140523040377,2.14453362192968e-11,0.999992520555985,1
"O43390",17,17,19,21,24,21,22.0956219465766,22.021918662172,0.0111292793053275,0.66673764970773,1
"Q9HAU5",7,7,10,10,7,8,19.3406518373056,19.4864295999685,0.249047993987207,0.047264810646419,0.11938296524483
"O95394",13,11,13,12,13,11,21.1986597419473,21.1349429557894,0.176472521006935,0.0213597311954702,0.0603744680385436
"Q9UL46",10,10,10,8,8,12,21.8458407434292,21.6314277684456,9.3006304621846e-18,0.999999996147086,1
"Q9NR12",12,9,9,8,9,11,20.372292374289,20.3534410030596,0.0849880988356237,0.14010148669379,0.293603851325604
"P04181",13,16,16,14,15,16,22.5870437879274,22.5855357257805,0.213996095403469,0.000396192283916154,0.00189994454356799
"Q8WW12",4,4,5,3,4,5,22.772587727135,22.622760544661,6.55972757924673e-19,0.999999999340563,1
"P0AG18",NA,NA,NA,2,4,NA,17.5056206137707,20.1551308648925,2.81482466560042,3.25877683043761e-09,3.9330300281997e-08
"Q96C57",NA,2,NA,2,1,5,20.0963975852378,19.7544187517663,7.64038711017561e-20,0.999999999681839,1
"Q92974",17,19,21,18,15,23,20.6249021131508,20.5983506121919,0.0974174922239111,0.0980949414999728,0.219685449345242
"O75179",7,NA,8,11,9,10,20.0115379864234,19.8733971476468,0.0545686924603953,0.345649083362806,0.611671644760744
"P04406",34,37,42,39,42,49,21.4763321291623,21.4523402784147,0.184152540668855,0.000273393620416715,0.00137747405780264
"Q9Y5J1",9,12,9,10,9,10,20.6923392314134,20.6808243590097,0.151456794440772,0.0218466012161418,0.0614795328858158
"P05373",6,8,7,4,NA,4,20.8788277334741,19.9158375926628,-0.761404676868783,0.00126242991755856,0.00524331043512984
"Q9BQG0",21,26,24,29,23,24,20.3070755775813,20.3798742085314,0.216864609232121,0.000542084093474602,0.00251187400422087
"P00931",17,20,20,16,13,14,21.7494254640313,20.9179356986162,-0.676829297533885,3.63447464830774e-13,7.01246964752086e-12
"Q9H0W5",NA,NA,1,NA,NA,NA,17.8580138440246,17.4101294160254,-2.39065440544137e-19,0.999999999351895,1
"P09373",5,7,4,15,15,16,19.4783506703007,21.2881367473783,1.98070281112726,8.5535944094501e-17,2.62477053979349e-15
"P78362",NA,3,NA,6,NA,4,19.8449634349472,19.7235668481659,1.94504081318405e-22,0.999999999998378,1
"P38720",17,18,20,14,17,17,23.2217891444436,22.1222953133872,-0.854934964641662,3.24411136081379e-18,1.15526410126758e-16
"P24783",6,9,6,4,5,5,20.806142345674,19.880457821376,-0.779113788154301,2.70847501402528e-06,2.0805848676314e-05
"P16278",7,7,7,8,6,6,20.7222545975918,20.6417440508381,7.05135279242694e-19,0.999999998516961,1
"P05317",14,16,17,13,12,13,22.324041643789,21.2046097238534,-0.923558993255361,3.81858484126167e-12,6.49835278738601e-11
NA,NA,NA,NA,NA,NA,NA,19.2426186957121,18.7337358150624,-1.84848575851232e-19,0.999999999287239,1
"O43396",11,13,16,13,14,15,21.4939872252438,21.3939341695413,0.0512076382352389,0.159746768721645,0.3263416595211
"P0A6M8",15,16,13,23,22,24,20.574693420275,22.1164284509435,1.81166581985891,8.83126645138827e-42,2.03790304632236e-39
"P0AG44",NA,1,NA,3,NA,2,20.3142641022576,22.9942337009888,2.72394788384061,2.712430081435e-08,2.84509257087246e-07
"Q03640",23,19,24,10,11,10,20.8306952640588,19.9668457687296,-0.655595491055396,6.39419575770963e-24,3.99583821970501e-22
"P32929",12,13,13,14,12,10,21.1524037634181,21.0334455629459,0.0508023187104483,0.36411115269462,0.635493987758509
"Q92317",NA,2,2,NA,NA,NA,20.7354852582449,19.4064977236046,-0.934405445724624,0.0027383720282834,0.0103523382904108
"O15514",3,3,4,4,4,4,21.1384666740247,21.2249989221001,0.125163825192327,0.348300678687534,0.615420096584498
"Q12125",NA,5,4,NA,NA,NA,20.0507317935442,18.9382637944327,-1.31630001597863,6.75536071294215e-06,4.76426356393194e-05
"Q9NZT2",10,7,10,6,9,9,20.2272049428524,20.1483407142718,1.20202537731442e-18,0.999999998112707,1
"P16989",9,9,10,11,9,9,21.0075400915553,20.9382766221564,1.47092972962994e-20,0.999999999797869,1
"P0A850",3,6,NA,13,9,9,20.5811187636671,22.5608980559585,2.07268052751665,3.33443588442495e-22,1.71753219796853e-20
"Q16222",24,21,18,21,24,27,21.2292613717627,21.2095360942269,0.169080121957124,0.00434836379606838,0.0152961650850722
"O00541",12,11,13,11,12,11,21.3266533617804,21.1534027513886,6.10271069254496e-20,0.99999999948603,1
"Q92783",3,3,4,5,4,4,20.7614165009981,20.6756424580353,0.0748406605633495,0.361514601455641,0.632568315376885
"P16120",15,16,17,11,16,15,22.637213652424,21.5877272259638,-0.902737324627529,2.75232125549492e-16,7.59719680523932e-15
"P00957",NA,NA,NA,8,9,8,18.4727929159303,19.4994354845248,1.34761806805122,1.08073534914313e-05,7.30921715030094e-05
"P62269",8,8,8,8,8,8,24.7389002231736,24.6903407453047,1.40066836120712e-20,0.999999999798318,1
"Q08J23",28,24,30,24,27,30,21.4095269319979,21.2846634229493,0.0901198275381815,0.0389299961429271,0.100556976137681
"Q6PJG6",NA,6,6,6,5,7,19.653601597716,19.612993223166,3.90581282361208e-20,0.99999999968606,1
"P53981",7,7,10,6,5,6,21.4408963662181,20.5877869480122,-0.450565375131209,0.000555258473487927,0.00256879401247141
"Q14966",12,14,14,16,16,19,19.7418908627818,19.6562909698066,4.48329427520764e-18,0.999999994992766,1
"Q9NVH1",9,7,10,9,8,6,20.5740545643985,20.6907533536912,0.25016745166493,0.0385778775453813,0.0998903840032787
"Q93009",30,29,25,30,32,35,21.0611121949543,20.9449451118485,0.0494656374374142,0.22648705483754,0.433367767614516
"O43709",NA,NA,NA,NA,NA,2,19.8229836343198,19.6176278117268,6.90786654362294e-20,0.999999999686097,1
"Q9H0A0",16,20,17,18,18,22,21.6896015722707,21.5953980164277,0.12716879336619,0.0396825749325191,0.102383172981083
"P49748",19,19,24,23,17,16,21.097027267643,21.1236326232914,0.141695502077673,0.0126424647038143,0.0387125153271256
"Q9H223",NA,NA,NA,5,NA,3,20.2386937300167,20.1251265181383,3.91939741276151e-20,0.99999999978432,1
"P55809",6,6,10,7,7,7,20.4699344192435,20.3652507716276,6.40664685453079e-20,0.999999999459102,1
"Q92922",19,22,22,23,23,19,21.1084420647986,21.1290633963539,0.141101591364783,0.00972889382333427,0.0309746073216421
"Q8IU81",8,9,5,6,10,11,20.7384798566284,20.4447484841598,-4.83919845714866e-20,0.999999999547099,1
"O75122",9,11,14,10,8,15,19.9849993349623,19.9423412463513,7.30568382289313e-20,0.999999999375316,1
"P0CX49,P0CX50",4,5,5,4,4,4,24.9639550104634,23.9368097628806,-0.799873037773334,7.45129427925392e-06,5.21681027876406e-05
"Q32MZ4",11,13,15,15,12,12,20.4667524810962,20.3276421747839,2.63770012844851e-22,0.999999999995701,1
"P61889",9,9,6,13,12,14,21.5856186464547,23.3764081729585,1.87745879491396,6.72849102182985e-29,6.36338765654695e-27
"P0C0S5,Q71UI9",NA,4,4,5,3,5,22.1419771766196,21.9536596281184,4.75277590805735e-23,0.999999999999508,1
"Q9H4L7",8,4,NA,10,NA,7,19.8244849287577,19.8260158809143,5.78247030088424e-20,0.999999999503804,1
NA,NA,NA,NA,NA,NA,NA,20.8421938244666,19.983147183318,-0.580875252113465,0.021812834703896,0.0614144672556253
"Q14687",11,14,16,12,10,14,20.3135459083046,20.4077025482952,0.215297466551568,0.0187980163381277,0.0538994812398899
"Q03252",14,14,18,24,20,22,21.4057353545348,21.2269388467631,-1.89872964610988e-20,0.999999999784271,1
"Q9H3R5",NA,2,3,3,3,2,20.3644088829189,20.4211885985683,0.108111308543138,0.297768285280659,0.539687476526586
"P20618",9,8,11,8,10,12,22.8060785518774,22.7540591757864,0.123484929175486,0.119321693072287,0.258202118279828
"Q8TAQ2",14,10,11,12,15,14,20.6754131867953,20.6757274745587,0.107662983894935,0.142669170796453,0.297347704597087
"P38427",20,27,29,19,19,16,21.4600414044909,20.391398225157,-0.932887772081081,1.70083719745331e-33,2.51593071592516e-31
"Q13347",18,20,21,21,21,21,21.2354870328789,21.1607066812133,0.0482437151519665,0.396821425682598,0.682140287474049
"O43172",13,12,13,17,16,14,21.3575511815581,21.3069056125689,0.0658149297385658,0.176106194410416,0.352762720678364
"Q9UPN3",22,30,32,30,26,26,19.7487220816461,19.7312454061499,0.0862959171921307,0.113951287512059,0.24872681712337
"P53897",4,1,3,NA,1,1,20.1842458586623,19.056315234668,-0.785447592860764,0.00525581447798586,0.0181019664020898
"Q13409",14,14,12,14,13,13,20.8341372356373,20.7767348857963,6.0480962557097e-07,0.997734635471561,1
"P15639",1,NA,3,10,11,11,19.9175176662137,21.7449251614175,1.81310922254758,2.17085316978795e-14,4.76184484277821e-13
"P63284",NA,NA,NA,10,8,11,18.6636749390677,20.0642103584474,1.61743527430965,6.4161072241728e-14,1.34598263913647e-12
"Q9Y3B7",7,5,4,7,NA,4,20.8214411045712,20.956874437434,0.150912041963696,0.189706060295692,0.374542868530407
"Q9H6F5",9,10,9,9,8,10,21.1681318619654,21.0381728036434,6.35959750647985e-13,0.99999955217525,1
"P0A991",NA,NA,NA,2,5,3,19.3294769347684,20.6399644509747,1.60363764024883,3.91021041018909e-05,0.000238456700384576
"Q8WYQ5",NA,NA,NA,NA,NA,4,19.7637349912772,19.9999290374798,0.241763766834422,0.171743934166879,0.345103015050061
"P0AC38",4,6,8,18,15,16,19.5786483378089,21.4893870198548,2.05471836097089,3.3886181858686e-23,1.98913064386002e-21
"Q14738",6,8,5,6,7,5,19.8313601935929,19.8512563903639,0.150537022457406,0.112343134412057,0.245961116669129
"Q96S55",6,NA,6,7,NA,NA,19.192064645427,19.2826812396056,0.0304339395225967,0.693224089668436,1
"Q14690",19,18,21,21,22,18,20.1514153541284,20.1019491501346,0.0261558522145497,0.514742426936298,0.851849988811103
"P39023",20,18,16,20,20,18,23.2982167725944,23.2227079387902,0.190329880944478,0.00445044969606375,0.0155982043114166
"Q9Y2Q3",5,6,9,5,7,7,21.9271582105757,21.7557575195594,8.9623758394719e-20,0.999999999579913,1
"P32602",6,8,8,7,5,5,21.2538303337384,20.2223496063654,-0.736693237248479,1.77443648492449e-07,1.65375187100637e-06
"Q03558",19,15,15,11,11,15,23.7868749619109,22.6802276343081,-0.893122371553683,3.41408882017425e-22,1.74299808881285e-20
"P18124",14,13,14,13,18,13,23.5942989136149,23.5353367966021,7.42061322043064e-20,0.999999999305075,1
"P35268",6,6,6,5,4,6,22.2592806837114,21.9555291030183,-4.06253337568169e-20,0.999999999767731,1
"Q86X55",5,5,7,6,7,7,20.3141441280966,20.1920462116838,0.136902154308837,0.290910852434018,0.530425002431052
"Q96IX5",1,1,2,1,2,2,23.8152355849959,23.856340453993,0.149568863709034,0.345426137906791,0.611464679221933
"Q9BW19",9,13,9,12,7,7,19.5590693413009,19.5351678108711,4.14096000416965e-20,0.999999999645888,1
"Q14684",9,10,8,10,10,7,20.1601341306492,19.994923452839,9.96239839892e-20,0.999999999297175,1
"Q9H0W8",4,2,4,5,NA,NA,19.3410137350734,19.3010273575532,-1.53587041056993e-17,0.99999999537836,1
"P00890",10,9,10,8,9,8,21.4775787708372,20.5216041188764,-0.81126851936494,2.37132731159072e-14,5.18188911385108e-13
"P30405",4,2,7,5,7,7,22.2949051356518,22.3204731287609,0.094058242799118,0.359785592606259,0.630499114138975
"P61088",4,4,3,5,4,5,22.6725107015808,22.436249107722,3.3467123792805e-20,0.999999999677793,1
"Q99497",20,18,20,21,24,21,21.9844155668068,21.988260894407,0.212990116299797,0.000330436893127058,0.00161961804286321
"Q13428",23,28,26,28,22,25,21.3035036264682,21.1408435285042,3.42232608523457e-21,0.999999999935453,1
"P49247",8,5,9,6,8,9,20.9905658744978,20.9180626167623,2.40586051315527e-20,0.9999999998415,1
"Q4KMP7",7,5,NA,5,4,NA,19.8962432614107,19.7163780511545,5.91894304580075e-21,0.9999999999406,1
"P52209",20,20,19,16,19,20,23.4934804394616,23.392109996783,0.0643729289841306,0.200638531817182,0.392234391749686
"P25325",5,6,6,7,6,6,20.4254792428162,20.2431096703243,-8.01662423943018e-18,0.999999997974364,1
"P53598",4,7,5,6,3,3,21.3050330440953,20.3534850893874,-0.804046233514577,2.99667457851005e-10,4.20628117844877e-09
"P09543",6,6,5,6,6,4,20.254395681823,20.1635596779446,2.31732986407894e-20,0.999999999702733,1
"Q9Y696",10,7,10,9,13,9,20.73689630149,20.7598532823323,0.0799753063714775,0.278736417141348,0.51194854838855
"Q86SX6",3,2,2,3,3,3,22.2385589997121,22.3367262990928,0.315146656382026,0.0694999396835573,0.164456584099443
"P23893",NA,NA,NA,NA,NA,1,19.9142808462227,19.3905422622419,-9.5952874671688e-20,0.999999999739583,1
"Q99383",6,8,8,2,NA,3,19.9661896612124,19.0846850747748,-0.792378729706167,8.59163032858328e-06,5.92884155090873e-05
"P38708",16,16,21,12,12,11,21.2197320758378,20.2462265101156,-0.84756448418956,1.98392833945832e-24,1.33084681282965e-22
"P25789",15,14,14,16,15,14,20.705704005263,20.6413577518912,5.34497989751699e-20,0.999999999501233,1
"Q96AE4",26,25,23,29,25,26,21.9106336941001,21.7441200193202,2.22582362339324e-20,0.999999999634088,1
"O43175",19,20,14,19,18,22,22.259510534899,22.2660037728539,0.168059293991177,0.00235762913977828,0.00909776756346547
"P27302",NA,NA,NA,8,6,8,20.3152276624379,21.2002672737958,1.30657004453865,2.80659761127727e-08,2.93852297993803e-07
"P15976",5,3,4,4,3,6,21.0110877065844,20.860302126553,-1.42547288128711e-21,0.999999999985701,1
"P12814",15,15,19,17,18,17,21.058231450773,21.0887510275112,0.163945600653553,0.0043326086007905,0.0152500421097989
"P54114",7,6,8,1,2,3,21.2925220963208,20.2119681664429,-0.947864291877043,2.03091634077506e-08,2.161689367146e-07
"P32775",8,7,7,5,4,NA,20.847020065699,19.8425925517267,-0.863042338606442,2.67661416185392e-12,4.72213672774778e-11
"Q8N5M4",NA,1,3,2,NA,2,20.4514260779077,20.3418994668638,3.97415017500126e-20,0.999999999716898,1
"O13563",4,2,3,2,2,2,21.912665769773,21.0106788081965,-0.762761636227914,1.74153492724338e-05,0.000112130747715034
"P0AE52",NA,NA,NA,5,3,4,19.708181749084,20.1054531996825,0.404728897687542,0.0638696971508671,0.153191676482197
"P25443",13,14,13,8,9,9,23.1026799446769,21.9027438602781,-0.91853358341465,2.98804051876942e-23,1.77711399513204e-21
"P62829",7,8,11,7,11,11,22.0597161246705,22.4198411788512,0.339873851607315,0.0658774592191105,0.157280782377274
"Q14997",NA,10,10,11,7,9,20.476000931593,20.3911004978466,0.082694288755743,0.206115404251656,0.401038707294369
"P61421",4,7,6,7,6,6,20.7608248551424,20.7347751817492,5.05410577841184e-20,0.999999999592123,1
"Q9Y224",10,11,11,8,8,11,21.8583846431077,21.8779659469743,0.161122355404883,0.0750140673261727,0.175489113708309
"O75340",5,3,4,7,6,7,22.5868980166764,22.4170891615032,-5.62323281517381e-21,0.999999999949782,1
"P09394",NA,4,NA,9,10,15,19.9605249315068,21.7052308372617,1.84567130013086,6.55049429638004e-28,5.90465649934632e-26
"P62424",11,11,11,13,14,11,23.5010024972152,23.4530891692167,5.28172171159926e-09,0.999879739606895,1
"P53350",13,13,11,11,10,11,20.8856257417459,20.8134496525912,3.00277803059327e-20,0.999999999815098,1
"P26358",16,15,22,17,24,19,20.0200960055597,20.0121181090456,0.212371931072348,8.5519765100319e-05,0.000486551799668383
"P36551",13,12,13,11,14,13,21.1133289660519,21.2211710188576,0.210003524649792,0.0523399214588299,0.129758920024061
"P36776",21,23,26,21,26,25,21.8434415613294,21.8283422482881,0.155125590103806,0.00102656470732981,0.00436422387368139
"Q13330",NA,NA,6,4,NA,7,19.9598651981391,19.8449548782773,0.0276333328054131,0.575829868321238,0.940532987073959
"P68066",NA,NA,NA,1,NA,3,20.8727280598699,21.1981993930425,7.80773893658667e-19,0.99999999927404,1
"P48200",NA,5,6,7,NA,2,19.9538562151305,20.0227022164398,0.0383708895571509,0.653459853735872,1
"Q9BWH6",3,4,NA,6,5,6,19.6967248943975,19.5240531324073,4.128526382432e-13,0.999999800283692,1
"Q96KR1",11,7,11,11,8,8,20.2293394289347,20.1115381450104,2.00323095893448e-20,0.999999999777097,1
"P51116",8,6,8,6,8,7,20.0931418910287,20.0322930235033,2.42794075770245e-08,0.99947382947022,1
"P02407,P14127",7,10,7,6,6,6,25.9748886662858,24.8849704478843,-0.913086412574549,7.85682601833488e-06,5.46755480093774e-05
"P55265",17,19,22,22,21,23,20.8373649840722,20.8508153462064,0.0992277225512365,0.250711874027646,0.469891351455821
"Q8WUM0",22,16,21,19,22,20,20.6573167638986,20.7263166537335,0.188861977446123,0.000139144215883047,0.000762320020350713
"Q05048",9,8,8,7,7,5,20.9881722929069,20.7834190152589,5.47261706205681e-12,0.999994343478224,1
"O75083",21,17,19,19,20,19,22.2900145083883,22.303952831102,0.191397482742531,0.0055747388419271,0.0189626582423806
"O75081",NA,6,5,8,6,7,20.3025593281083,20.1134547877177,0.0220009208608454,0.641902887221675,1
"Q9BXS5",NA,6,5,3,NA,9,20.1978271443834,20.0537109933492,2.74819140533139e-08,0.999591006124854,1
"O75312",12,9,9,8,9,10,20.524784154002,20.3119226823966,-3.51480645390059e-21,0.999999999957846,1
"P32969",10,9,13,12,8,11,22.2735120056348,22.3115831052965,0.339130831172972,0.00188929336329108,0.00747553732018259
"Q92973",14,17,16,18,17,13,22.2454387105691,22.2135069887786,0.110637010780567,0.0450638200825037,0.114525629099543
"P06576",29,29,28,33,31,36,21.644480527977,21.7053709304791,0.256227833436222,2.24760778397421e-05,0.000142175979229684
"P37012",23,21,18,12,17,14,23.3339112138323,22.1768995302397,-0.972016083559375,1.1461573009846e-30,1.24758140931701e-28
"P04802",20,20,22,18,19,15,22.0707709518865,21.0157735678836,-0.870172624693328,4.64339377642683e-30,4.96069235114933e-28
"Q9HCE1",16,21,18,21,19,25,20.6875589859198,20.6731595745677,0.195625262021727,0.00306752190066854,0.0113695613805123
"P14126",16,17,18,14,13,14,23.9387016341712,22.8026169111514,-0.956097970908776,3.98394093769797e-15,9.5763980289915e-14
NA,NA,NA,NA,NA,NA,NA,18.3616483140189,18.1100317653598,-9.11022791646795e-20,0.999999999695438,1
"P62266",6,5,7,6,5,7,24.1814027202374,24.1521049299874,0.171733957044923,0.0462734800027286,0.117289853310958
"Q96C86",10,7,7,8,10,10,20.5806984199404,20.5515349127449,3.50398245580066e-18,0.999999996093543,1
"P98175",12,11,14,13,12,9,20.7706088617715,20.8472295005338,0.138803824933592,0.112257513995039,0.245866969718063
"P53111",3,4,4,2,3,3,20.2560743830835,19.185920697294,-0.855383881423841,0.00799345708881417,0.0261270560596991
"P50995",15,11,13,11,12,12,22.1718114312434,22.153174876278,2.73222265178597e-08,0.999525728767289,1
"P53184",9,10,8,6,8,7,22.6267233039189,21.6772161226215,-0.799550897587187,4.00804169399365e-10,5.51847077151536e-09
"P17174",14,15,16,14,15,16,22.489144304405,22.4067065838416,1.98242346819787e-11,0.99998761144745,1
"Q5VSL9",NA,NA,NA,NA,2,NA,19.456936769988,19.4248999186639,7.34994160178569e-20,0.999999999662029,1
"Q96EE3",6,7,6,5,5,5,20.7231097708553,20.7837783653824,0.361485604784204,0.0914315277802202,0.207338240473306
"P22768",7,2,3,NA,NA,4,19.6678090967824,18.8448246227658,-0.485468227342547,0.000568125451855158,0.00261573482182953
"Q9BRZ2",NA,NA,NA,5,NA,NA,18.9865036561535,18.8512291906321,-6.59995777919231e-20,0.999999999962938,1
"P03905",2,NA,NA,3,NA,2,18.8140886292343,18.7264405333722,3.23443803734291e-20,0.999999999892754,1
"P55072",38,36,43,40,36,46,22.9747571676916,22.9387656620981,0.167385286689067,1.27746178332726e-06,1.02784895788214e-05
"P04147",24,24,20,19,18,21,23.12707589208,22.0328625078469,-0.890052160377462,4.87559441862269e-14,1.04562469148826e-12
"P33992",20,19,29,24,28,27,21.9651208544388,21.9212559834685,0.103163053421224,0.0533931360992563,0.131660363131122
"Q96GA3",10,12,14,14,12,15,21.2406505134416,21.1676933072935,5.67322494818768e-11,0.999981262153603,1
"P0A8N3",NA,NA,NA,4,8,7,18.3237349293437,19.8138173820285,1.68167259954994,6.30949020388693e-07,5.34499985113417e-06
"O15381",12,8,13,12,13,13,19.6921940748593,19.5409198019353,1.4855191493017e-07,0.999030691132586,1
"O95861",10,8,9,8,10,9,21.4009313818257,21.3112452248076,0.103617657200794,0.0684481822967659,0.162434209654481
"Q7KZ85",15,13,22,19,19,19,19.7965174878727,19.7014990426405,0.0321981117145776,0.399530121639918,0.686182132219601
"P16547",7,11,10,5,10,7,21.187025746332,20.082744009671,-0.952078792783762,1.39269619739622e-05,9.16130486063719e-05
"Q96TC7",4,6,3,2,6,5,20.5117733908556,20.5607053553106,0.181780687722826,0.0577963550580368,0.140627234217551
"P38626",9,8,8,5,NA,NA,20.4419165573618,19.3930627805488,-0.790946730170101,2.46456518817544e-08,2.59453952017958e-07
"P37769",9,6,9,16,16,17,20.1053172621814,21.8687019308776,1.78593470481538,6.44154887211936e-24,3.99583821970501e-22
"P0A9P0",NA,3,5,13,12,13,19.0088692660392,20.7489307800862,1.81280016184061,3.20746315732336e-19,1.217358878592e-17
"O43808",NA,2,3,4,2,4,19.4946977044068,19.6354795305109,0.261648246165178,0.119529523439685,0.258554863413403
"P82933",4,7,8,4,9,5,20.3423871853221,20.396777684297,0.205072892036036,0.0384482915507869,0.0995995482516792
"O43765",10,10,10,12,11,9,22.6340558189001,22.5165687313221,2.32614605551569e-09,0.999852567243028,1
"P39958",7,11,10,6,NA,NA,20.8048213031223,19.9505559414095,-0.819381104001733,1.25958179018781e-10,1.84898914697035e-09
"P41338",11,10,15,7,7,10,22.1552508845567,21.0885793311609,-0.893463052170229,2.49365469105963e-18,8.99118369545189e-17
"P62191",14,15,16,16,17,16,21.9435401136228,21.7831930941679,0.130770527486858,0.0545289060471121,0.134090903233499
NA,NA,NA,NA,NA,NA,NA,23.7510960269953,22.7027004526443,-0.833774589220203,0.00140355525351921,0.00574670706710599
"P32473",12,10,7,6,3,7,21.1399179273279,20.2644240629963,-0.744802458912976,1.00781054749873e-13,2.04720389032399e-12
"P35520",11,14,16,13,17,19,22.2580467363616,22.2076802631371,3.74098046423824e-17,0.99999998494903,1
"P25791",NA,1,NA,NA,NA,NA,20.3348403251878,19.8485479100626,-2.4828443378001e-19,0.999999999336413,1
"Q16822",9,6,9,10,8,9,20.2984192572402,20.1594240625692,6.19704678458526e-20,0.999999999562956,1
"Q96CP2",NA,3,3,2,NA,NA,19.8504472786375,19.6689064750357,2.77477599255724e-20,0.999999999856617,1
"Q9Y2L1",10,10,12,9,13,18,20.0909840555784,20.0794372417242,0.107584499686315,0.0781345026914781,0.182050866731477
"P51532",10,8,11,8,7,9,20.9888065564741,20.853005509072,2.73424209271193e-09,0.999837970488711,1
"Q9BXW9",6,9,NA,6,6,4,19.5444027634818,19.9164015554296,0.483738469047988,0.0041360285581583,0.0146588380470942
"Q4G0J3",5,8,8,9,6,5,20.2948161255832,20.2671944416557,0.1048056393538,0.200634308597497,0.392234391749686
"P48637",8,5,7,7,7,6,20.9323978819649,21.0335180739482,0.228876637765584,0.0167266299395194,0.048858697782829
"Q8IVI9",NA,1,4,NA,NA,NA,19.7705989699586,19.9729634691789,0.0355211025209002,0.691687282712414,1
"P30419",7,8,9,7,8,7,21.5437554506417,21.4718315336604,1.47774910796866e-06,0.996875697825022,1
"P04825",NA,NA,NA,11,9,12,19.2181071282379,20.5862991919853,1.71976970912803,4.75444662537633e-15,1.12411485990967e-13
"P00958",18,19,19,13,15,14,21.6663608084141,20.667484261808,-0.838698265293483,4.04014535489203e-12,6.85517604481534e-11
"O75223",7,6,5,6,6,4,22.2616993672707,22.1460365406114,2.2747721105364e-20,0.999999999681628,1
"P61966",1,NA,NA,3,1,3,20.7594561951695,20.7529924383582,4.88913170553071e-20,0.999999999783877,1
"P25719",5,6,8,5,4,2,22.5719535631755,21.5233434794623,-0.742997092039893,7.25141579330212e-06,5.0892235658832e-05
"P47120",10,11,14,10,7,6,20.8106220287062,19.8422630184947,-0.696589827853524,1.81696031681676e-11,2.93614679767952e-10
"Q9ULV4",11,9,12,10,12,14,22.9430188873122,23.0021218835639,0.173170889296845,0.0199247868197023,0.0566795341039756
"P07149",56,51,62,37,39,38,22.0252233405626,21.0248595185906,-0.823417440141831,2.41720701108867e-51,9.96061946212182e-49
"P30624",21,15,17,9,7,7,21.3797246669478,20.254093997308,-0.868628145853129,1.97947773691209e-16,5.59784660012051e-15
"P26786",4,6,9,5,6,6,22.227570563631,21.3829696716068,-0.667670481123243,9.67177565993087e-10,1.25667733743561e-08
"P07339",5,7,11,8,NA,10,20.9581393551845,20.8150262097966,1.73836000657395e-20,0.999999999782858,1
"P49593",11,14,15,15,15,17,21.3123640222275,21.3072530744128,0.207255748474567,0.000416347045228523,0.0019899802020906
"P0ABT2",6,6,6,10,11,10,20.7380967071083,22.6108271340883,2.04120335704234,4.31615907796163e-24,2.7666579689734e-22
"O75410",NA,NA,NA,NA,NA,4,19.9033030777186,19.7412809882715,6.50736591751272e-20,0.999999999750758,1
"P00338",24,25,27,28,26,25,23.6640817932087,23.5612766049691,1.24441228486547e-16,0.999999982948354,1
"P28066",15,13,14,16,15,14,21.7639035613309,21.7404873381246,0.179383042323035,0.000188801093563203,0.000992437970049173
"P06168",17,20,19,14,17,17,22.736130392271,21.6314825021561,-0.943113404119455,5.57523065020572e-27,4.59478651729097e-25
"P18887",NA,NA,5,4,10,8,20.2590702338558,20.1922879195636,5.46491808811913e-20,0.999999999564514,1
"O00410",26,23,28,24,26,29,21.4688251905976,21.4494452680768,9.8309457615859e-08,0.998617261476826,1
"Q04491",10,11,8,7,5,7,21.1417745320105,20.0538385397148,-0.784215643895793,1.00270113621974e-06,8.1703147667397e-06
"P39714",7,5,7,6,4,NA,21.3252129561193,20.1987126075656,-1.10300244960932,7.16363136049275e-13,1.3417853674897e-11
"Q9H6Y2",NA,6,6,6,6,6,19.7919844718119,19.60266236296,-1.9915446584977e-20,0.999999999873811,1
"O14980",36,36,39,39,42,42,21.8280196969929,21.7752182227804,0.0950395790169225,0.0262898175112175,0.0718115327756693
"P62081",7,7,7,8,7,9,24.7646822678811,24.7439736989982,0.183951995291905,0.0994660030258851,0.222238331315388
"P0AG59",2,NA,2,1,1,2,19.7916622044624,21.9370351132402,2.31759077087642,5.39267076309823e-07,4.60211799294581e-06
"P0A7S9",NA,4,4,7,7,6,21.4447848577797,22.9893061393765,1.83726510933073,1.71058068407375e-10,2.46708499160537e-09
"Q8NBF2",NA,NA,5,NA,5,5,19.5642508070286,19.5501451329454,0.068252886221797,0.600630918496623,0.976342566584113
"P61923",5,4,3,3,3,4,22.2224075987167,22.2657892782711,0.154865488608423,0.0822279801818324,0.189901208034024
"Q03940",9,11,9,5,6,5,21.2382745006691,20.3649881533912,-0.580026092261127,0.00129797473345162,0.00535623479061686
"P09960",14,15,16,13,18,14,20.8123813542298,20.7935321635327,0.142842520914528,0.0160510651556146,0.047228122818698
"P52789",16,19,20,25,19,18,20.8594458105245,20.7929441492613,0.14282256470685,0.0116070652921732,0.0360199890643073
"P40616",NA,1,2,NA,NA,NA,21.0554906287099,20.9828047992612,-1.26073073959266e-17,0.999999998198967,1
"P0A805",NA,NA,NA,4,4,7,18.8087806482522,20.4196441712837,1.83892998648782,2.74843954722884e-07,2.47359559250595e-06
"P0A9C5",NA,2,2,8,8,8,18.9747938774758,20.5459947958548,1.7124769818857,8.12805973576907e-14,1.68067299697677e-12
"P19524",8,9,11,NA,NA,2,19.3350022549366,18.4672720790245,-0.530983049234444,0.0014850404882675,0.0060332384343769
"P04806",36,34,39,29,32,31,23.1101897555606,22.0712809936174,-0.814837361447923,1.0927643532316e-46,3.70832797281946e-44
"P51114",15,14,15,18,16,17,20.8850248843728,20.7480433081516,2.90308232952786e-20,0.999999999695623,1
NA,NA,NA,NA,NA,NA,NA,18.7256551799823,18.7860242515158,0.186226945865427,0.204118027370811,0.397823276993989
"Q5T6F2",10,9,8,9,11,6,20.5666686460067,20.5543992308585,1.18037589935327e-11,0.999993621497863,1
"P60900",13,10,10,13,10,12,22.4477715090849,22.4326411080123,0.186988735424244,0.000580915193609671,0.00266610958785537
"Q9Y2A7",8,10,5,9,8,9,19.9659989856751,20.2338027840442,0.304388683220618,0.0331352109326959,0.0880096831817323
"Q9ULH0",NA,NA,5,7,8,7,19.5503855565029,19.2969356272002,8.39073326358057e-20,0.999999999486677,1
"P34223",8,10,11,4,7,6,21.1483499660223,19.9753934911016,-0.874967892158953,9.84159712700379e-21,4.20564250560629e-19
"Q14157",19,20,19,21,21,22,20.9103368331907,20.8124545089652,0.0614150823668975,0.120368574055749,0.260077267313713
"P0A9J8",NA,NA,NA,6,6,3,18.7689070281879,20.5959423742946,1.90359469857295,6.56547892205811e-10,8.80842974450076e-09
"P07244",26,30,27,20,22,22,22.4449082440826,21.3725888582119,-0.867827880258619,5.00059332282959e-51,1.92322819196026e-48
"P18206",53,54,60,52,60,56,22.3193018830998,22.216303774505,0.119572783263927,0.000605849204039679,0.00276077729708128
"Q3E754",1,1,NA,1,NA,1,20.444732998671,19.4685385470204,-0.510288690414718,0.0465316759223894,0.117789047124293
"P0C0V8",NA,NA,1,NA,NA,NA,NA,NA,NA,NA,NA
"Q9BRF8",3,4,4,3,5,2,20.3248770196725,20.4172531816932,1.12190355861924e-19,0.999999999370467,1
"P0AEK4",NA,NA,NA,NA,5,4,20.2530564408678,22.0306266900453,1.91934936963813,0.013970366863149,0.0419329065731043
"P38788",16,13,13,12,13,13,23.307483310368,22.1996430100031,-0.846392915183218,6.67957823491381e-21,2.98716952226494e-19
"Q9UID3",4,NA,5,4,4,6,19.6774195809616,19.4663016512838,8.50207616447387e-18,0.999999998760598,1
"O43242",17,20,20,20,22,21,21.8042328895804,21.7497483512732,0.171091581026542,0.00122609319109024,0.0051144841788862
"Q9UJX3",10,9,9,12,8,10,20.7344501306991,20.7085013119766,0.170340161476935,0.142591147670344,0.297347704597087
"Q9BT78",10,9,8,8,9,10,21.0705559484422,21.2640430253276,0.429423265319811,0.000120283625059352,0.000666586198815948
"P00950",18,17,19,18,13,16,23.5585269181211,22.6558561234629,-0.870283257509604,8.92734977511157e-16,2.2991911094919e-14
"Q6PJT7",11,11,12,11,9,14,20.7350769116261,20.6342086091828,2.55878360277746e-20,0.999999999699008,1
"P30153",20,20,19,23,25,28,21.9359653089861,21.7997740385777,0.0747908729252271,0.117808524796797,0.255594130252433
"P38999",9,9,8,NA,NA,5,20.8125520434709,19.9215383808851,-0.786764914743672,1.09254284053634e-07,1.04352312037321e-06
"P23638",9,8,7,4,3,4,21.6600114332385,20.7430302637098,-0.745361014432378,4.27660764927395e-11,6.70427976322322e-10
"Q9NZI8",15,18,18,16,20,22,23.2509711131593,23.2525907861642,0.16668164937342,0.000136137155356915,0.000747264747149424
"Q7Z739",4,2,3,5,4,2,20.4930662185595,20.363186196986,8.3167791277915e-21,0.999999999906718,1
"Q9Y2R4",2,NA,5,3,NA,NA,19.8859869135579,19.9513705093295,8.6806842430835e-20,0.999999999597638,1
"P83731",5,6,6,7,5,6,22.9218488708925,22.7985195841509,0.0300812053056535,0.511478659250939,0.84790815667203
"P61949",NA,NA,NA,4,2,2,18.7347753034323,20.3600700829758,1.42724317940382,4.08448391387115e-07,3.58651258738549e-06
"Q15366",16,16,14,16,14,15,21.3885741498599,21.3858411689465,0.10342410887781,0.0310023321403953,0.0829941782449841
"Q99598",9,7,6,8,7,9,21.1229656011752,21.0321495773601,2.99578584923291e-11,0.999993012777282,1
"P09232",7,6,8,5,5,8,21.8538563404902,20.8317729808209,-0.857163377514049,5.74488444704099e-07,4.88823574852204e-06
"Q9BUB7",NA,3,NA,4,4,NA,19.8509595673131,20.1569053486719,0.386837077542393,0.0356603734780285,0.0936815549156405
"Q13112",9,7,6,6,10,6,20.608073926188,20.4947031810361,3.95364306230954e-20,0.999999999518947,1
"O43482",2,2,2,3,1,2,20.232773020809,20.1973785903838,1.21764633370836e-17,0.999999997823205,1
"P36139",9,8,10,5,4,5,21.5079962330572,20.4622819923339,-0.888398514024801,1.24479704931769e-10,1.83194749426371e-09
"P36016",NA,NA,3,NA,NA,NA,20.2811229367537,19.4100695330791,-0.631463946051037,0.000441979546266468,0.00209858436412449
"P57740",13,9,15,20,14,15,20.8509866101985,20.8954797970262,0.199940634854809,0.00263757518928887,0.0100291829923611
"O00232",12,13,12,15,16,14,20.9372469021486,20.8816858238915,0.0119750424104781,0.67554714665924,1
"Q9BZJ0",NA,3,6,3,6,6,20.1690815933679,20.3872154603156,1.47807044485812e-19,0.999999999467258,1
"Q96RP9",15,18,20,15,15,21,21.6538610177005,21.5787039408231,4.58438752850413e-06,0.9919634147201,1
"P41250",24,21,26,26,27,27,22.1311621255293,22.1661426863193,0.298692421402237,4.10457941350324e-05,0.0002487323386187
"P0A6Y8",9,8,8,25,22,23,19.6083199565729,21.3488430569888,1.86685663624578,3.95617906588642e-52,1.9019330859249e-49
"P36957",7,5,5,7,6,4,20.2083206436267,20.2407730395442,0.254007463883402,0.0165763018121526,0.0484686696169834
"O94979",21,19,18,25,18,22,20.805388937648,20.9057738570946,0.234037609354954,1.26376416398421e-05,8.43825863660289e-05
"P14743",2,NA,NA,2,NA,NA,19.8822572052203,20.1059274063065,-1.35996490101133e-19,0.999999999786934,1
"P40855",3,3,4,5,4,5,20.196829417129,20.1460936542144,2.76724882169749e-20,0.999999999795669,1
"P46680",12,14,13,7,7,5,20.6344554599639,19.6697343422233,-0.863055188486968,7.93819013182677e-14,1.64731722555786e-12
"Q9NQZ2",4,4,5,2,3,5,20.6439780987406,20.3556114927293,-5.73309970395453e-20,0.999999999461473,1
"P00367",3,1,2,3,3,3,22.3308278884535,22.3393528397944,0.0816197553949874,0.347407392034052,0.614029793089597
"P49448",NA,1,NA,NA,NA,1,19.8380244356972,19.8364248052757,1.3150089775681e-19,0.999999999308902,1
"Q9H2W6",NA,4,3,5,6,4,20.2287173651833,20.0422538428436,5.20205308355067e-20,0.999999999733191,1
"P40069",18,22,26,12,14,12,21.8979580403186,20.8443420903935,-0.801669349620985,3.27113745521441e-21,1.52187032089774e-19
"Q01650",3,2,1,3,2,3,21.5731467198477,21.5329649671886,0.210325302390185,0.0272967937829368,0.0740711210412805
"P10746",4,4,NA,4,4,5,19.8491814770772,19.7859634582831,0.126158584564966,0.0833900278672817,0.192123430817232
"P08240",NA,5,5,4,4,4,19.7655070887064,19.6582754923524,8.10857647359667e-20,0.999999999665829,1
"O43314",NA,NA,6,NA,NA,8,20.5115630953161,20.6515236148543,0.267594250993942,0.184355905754532,0.366362115156009
"P52888",17,10,16,14,16,14,21.4131157934209,21.2873801553257,0.011036981101041,0.606451049275569,0.984416461246697
"P0ADG7",NA,NA,NA,8,8,8,19.09182018689,20.6818579429173,1.64900474346454,1.45780910959915e-13,2.91006946480189e-12
"Q8IX07",NA,NA,NA,6,NA,NA,19.1008013629709,18.58293068502,-1.22638925140876e-15,0.999999954517552,1
"P60174",22,18,21,20,24,24,22.3556916901414,22.3029238765034,0.160226863865939,0.000776132541746774,0.00342055663356543
"Q15382",3,3,NA,NA,NA,NA,21.3787734585296,21.2702371564403,1.8580116685733e-20,0.999999999872753,1
"Q7L4I2",3,2,3,6,5,3,20.4161603070829,20.3825277069859,8.05286212587361e-21,0.999999999935834,1
"O43815",7,6,8,8,8,8,19.7061813313832,19.9022481412315,0.272962324611464,0.00785058318849837,0.0257329627354813
"Q9Y265",21,20,19,23,21,25,22.4238473201886,22.4350129096484,0.173983180097756,0.00742014475379157,0.0245170762225794
"Q6PL18",8,NA,8,6,NA,8,19.8625826456725,19.74110040696,5.23533509140934e-20,0.999999999585064,1
"Q13573",16,14,11,15,17,13,20.7482166689761,20.7573569031607,0.0877238586901073,0.272215413339493,0.502150325635945
"Q96T88",14,16,19,14,13,20,20.3400544351425,20.4515072993462,0.129936909677786,0.0516048936040912,0.128317033324591
"Q8NB90",10,11,11,9,9,13,19.4495093065522,19.6197197429937,0.227993280023601,0.0108020584614435,0.0337945093622925
"P10964",15,16,12,10,7,3,20.5331412578244,19.5401039578713,-0.823940645497422,1.18677974315621e-14,2.70613926413761e-13
"P17423",7,6,7,7,6,6,20.8673516616696,20.1714712626868,-0.586873095195197,0.000142675884342018,0.000776441278546352
"Q12789",NA,6,13,8,11,11,19.2571231991215,19.2306228636121,7.71795414280385e-20,0.999999999473069,1
"P21264",18,20,20,13,11,8,21.2406724991879,20.2352446142471,-0.85926014831525,9.49499618731452e-14,1.94243379448998e-12
"P39676",18,19,16,13,14,12,21.905579623905,20.8348826601066,-0.901464893940785,2.99057490512336e-25,2.0786297141755e-23
"P07284",16,15,18,14,15,15,22.4660134028313,21.427698252657,-0.850071393235127,9.17351193145057e-21,3.94940226362226e-19
"P49589",19,18,16,18,19,18,21.0617265901002,20.9268368936708,3.33337128824355e-20,0.999999999534286,1
"Q5TDH0",6,6,9,5,8,7,21.5233715853167,21.5803299335134,0.201178419546563,0.0257282880843799,0.0705113985552437
"Cont_Q28065",NA,6,7,8,5,5,19.2585429541775,19.2034040812869,1.97237412084084e-20,0.999999999795679,1
"Q9Y678",18,13,16,18,17,19,20.7938281811104,20.9473458038731,0.201373822357335,0.00174974747544426,0.00697119695154554
"P14174",7,8,8,9,5,8,22.1132495719205,22.1537680315268,6.68999612550581e-10,0.999939458048754,1
"P10155",8,8,12,10,12,16,21.0404883663526,21.1746083148949,0.312752880863761,0.000516581300710271,0.00241113068268411
"Q9Y5J6",2,1,1,2,1,3,20.8551791092838,20.6688494390569,1.46394047121496e-20,0.999999999917746,1
"P0ACF4",NA,NA,2,NA,NA,3,20.9861461154458,21.9920775074833,0.308848154106987,0.20880465942945,0.4055872324069
"P00452",NA,NA,NA,1,1,4,19.3347122417895,19.9169871569819,0.866931774211429,0.000177719678528212,0.000938887202774041
"P27476",8,7,10,4,NA,NA,20.6613528288715,19.4468007089342,-1.00670366929299,2.35253496888828e-09,2.90616150653458e-08
"P13010",28,24,24,27,22,26,22.2401689226465,22.2538938952729,0.161822749106111,0.0009785290931386,0.00418158099134562
"P35998",14,18,15,15,17,15,22.6717379028628,22.6039029829787,0.0915389044915522,0.0730278562167648,0.171538152489624
"Q05584",NA,7,3,NA,NA,NA,20.9994175810131,19.5940844651416,-1.0746068436241,0.000138774743028129,0.000761018529020227
"P23526",14,16,15,18,19,18,22.8404662492907,22.8024218875963,0.100863451313216,0.156520615293829,0.320542218541036
"O14617",9,4,7,7,10,9,19.9255500226243,19.7997227888818,0.0191554995617268,0.673275791303554,1
"O15355",12,13,11,14,11,14,22.3149288370394,22.2497812707367,0.0292111244430995,0.587631261714137,0.958124590570736
"Q12018",5,4,6,NA,NA,NA,19.3244122654652,18.4139172252674,-0.682376745202537,0.00062994776689437,0.00284363745478374
"Q49A26",8,5,7,6,9,8,20.4912702110676,20.5799026241303,0.167205202047511,0.0136242672754255,0.0410864599644169
"P29704",8,6,9,5,5,4,21.2928240117241,20.2357814718612,-0.979006658090756,1.01074025036671e-07,9.75077007418989e-07
"O60763",21,22,21,20,22,28,20.9223576497805,20.8932247710783,0.155882208801409,0.00305196997222286,0.0113254175608361
"P13798",11,11,8,11,8,13,21.3207053807067,21.3985650079282,0.212397485548495,0.00348453449241431,0.0126429430734202
"Q15750",6,2,5,6,3,5,20.4961509586647,20.400568397103,1.59070821951285e-20,0.999999999872345,1
"Q00796",10,10,12,8,8,9,20.7506886136096,20.9935758094403,0.309189218640773,0.0293415964244945,0.0789994734388694
"Q12769",15,14,18,19,17,19,20.8019473230222,20.8692101731288,0.131620531463949,0.0650524421648214,0.155656382766012
"P23786",NA,NA,NA,4,4,NA,18.9819858532852,18.9609061668794,1.86278774033792e-17,0.999999994883392,1
"P0A7K2",5,3,5,7,7,7,21.6447226772578,23.0846341288168,1.58595343305775,8.59217176629834e-11,1.30442733999408e-09
"P38715",11,10,13,11,9,7,21.4997165057649,20.4300014160139,-0.89744529163105,1.58370226111466e-16,4.65866411110916e-15
"P0A6A8",NA,NA,2,4,3,4,19.3308971349192,20.7839578631046,1.74098771133317,4.49096552354801e-08,4.52153230459834e-07
"Q8N3X1",9,12,7,9,13,9,19.4763896146399,19.625524398041,0.250974101758816,0.013022492912799,0.0396238194166335
"P48681",NA,9,8,7,9,9,19.5795527277675,19.312536898904,-5.00026690044109e-20,0.999999999672256,1
"P42166",13,12,12,12,11,12,21.338076054198,21.4533168328976,0.207711643719677,0.000934361673622573,0.00401664120352356
"Q9NU22",38,38,41,44,43,51,20.0748444391291,20.0003716765541,0.106220592386517,0.0235782811223342,0.0655533030336126
"Q14160",15,13,15,17,15,16,19.9305389003531,19.8366107202023,0.0567204254986495,0.399963490869468,0.68651870836833
"P08678",NA,NA,4,NA,NA,NA,18.8444374018286,18.0943426586341,-0.518239825632062,0.0940091053147399,0.212182522911086
"P08524",6,7,6,6,6,6,22.3822194759352,21.2316269728651,-0.918999656947749,5.72271419310786e-06,4.09099605700611e-05
"P43246",18,19,18,21,18,23,NA,NA,0.0951289661909581,0.0417945687637067,0.106960811026624
"Q96NA2",NA,2,3,3,4,2,19.7664120138628,19.8309843305981,0.12484999469628,0.355601327034126,0.624804873748589
"P00582",NA,NA,NA,2,NA,NA,17.6890971598916,18.8538203974633,0.664805630933605,0.183684222016306,0.365404923038644
"Q9Y617",14,15,16,11,16,20,22.7643387326884,22.6678998742915,6.28495534172925e-20,0.999999999382906,1
"Q66K74",NA,5,6,7,3,5,19.7554834624379,19.7930693122503,0.138172563911733,0.158409917862196,0.324066246860642
"Q99614",9,8,12,9,9,12,21.2112000704604,21.1818010035362,0.168040496318322,0.164481276756302,0.333764504258567
"P0A9W3",NA,NA,NA,5,8,4,18.8924080676268,19.8495722277621,0.863642814009335,0.000627180333025663,0.00283336205264295
"P25293",7,8,10,3,6,6,21.7660015398412,20.8695716814732,-0.678694481070542,2.29428138114645e-07,2.09425779870789e-06
"P27472",9,7,9,6,NA,9,21.4104801594894,20.4507097705198,-0.709009721280647,2.05179358957583e-07,1.89996745076452e-06
"Q8WX92",5,5,5,2,5,6,20.9305183713579,20.8335111914007,-1.55714170674333e-17,0.99999999584945,1
"Q9BXY0",5,3,7,4,7,7,21.8663119830675,21.8767723551629,0.0660846349369022,0.36706811172362,0.639241868094077
"P35580",47,49,45,47,53,50,22.093204819217,22.0365559021158,0.100444157172741,0.00308280868931304,0.0114077763493566
"Q96QU8",NA,NA,NA,4,4,4,19.1496260238572,19.56217289022,0.178823272963798,0.189600175692511,0.374461969726154
"Q9BVI4",11,12,12,9,8,9,20.6733552802537,20.5836845977092,-4.80628793557405e-18,0.999999997048004,1
"P43897",7,6,5,5,6,6,21.6462265144089,21.6015559489927,0.0563339104924328,0.355669822393893,0.624804873748589
"Q00403",NA,5,6,3,3,4,20.5259660683709,20.5608146857017,6.95292643174807e-20,0.999999999427,1
"Q9NT62",NA,6,5,4,4,6,21.4062756486961,21.2773565979827,0.0513118421832303,0.470017679044706,0.789383403321371
"Q14152",42,45,43,47,42,41,21.8525768285847,21.8217173131472,0.0516580371605457,0.241486315369794,0.456167175300702
"Q9H5X1",NA,NA,3,3,NA,3,20.4066577575484,20.6786919497841,0.351727823842708,0.121637175381864,0.262252046758104
"Q09028",12,10,13,12,13,12,22.2499015335015,22.1632672271921,1.13868717759493e-20,0.999999999840177,1
"P37685",NA,NA,NA,6,9,10,19.7538157779325,21.595609556944,1.94489406724144,5.04904397368911e-16,1.34851549463947e-14
"Q9NQT4",6,5,3,4,7,NA,21.5223901640353,21.3998327906978,9.38593308015371e-20,0.999999999280214,1
"P46108",2,4,4,2,5,5,20.3487464530452,20.3500477365293,0.283241342412946,0.00536518552446263,0.0184236638634672
"P53112",NA,2,2,NA,NA,NA,19.3139999017833,18.6253487661039,-0.499641386996966,0.014474169541902,0.0432202298588161
"Q06685",7,9,5,3,NA,3,19.8362519825232,18.8396794099167,-0.739598731097539,3.80133285578459e-06,2.82966312838985e-05
"P40047",6,4,6,NA,NA,NA,20.4135681717306,18.9859501347488,-1.0800505647184,0.000149533155407599,0.000809121286212341
"P07275",NA,NA,5,NA,NA,NA,20.5531040266908,19.7877689188902,-0.0927180585550643,0.610752478631916,0.990284162233706
"P33892",32,31,32,19,15,20,20.8355687148083,19.8074391540838,-0.814175798884264,3.39266319192897e-26,2.54185376029068e-24
"P60757",NA,NA,NA,1,NA,1,NA,NA,NA,NA,NA
"O75600",3,NA,NA,1,NA,4,19.4841020315473,19.4083884529648,2.39743536714314e-18,0.999999998464417,1
"Q13451",17,16,17,18,20,18,22.370718639771,22.4055226917036,0.132348894638737,0.0224012905113335,0.0627649562699771
"Q8NI36",15,19,15,18,21,17,20.7377060217112,20.7951405254601,0.255569166549165,7.88392520591475e-05,0.000451213933659942
"P0A6B7",NA,NA,3,10,10,12,19.3314451690917,20.9829326580016,1.7899862794334,1.2736356288216e-12,2.32519112109867e-11
"P36915",8,6,9,7,9,7,20.7020032628255,20.6395930666273,0.0904903493644048,0.182879250625846,0.364054657301762
"P12829",13,12,9,12,12,12,21.8842782623092,21.9284747673953,0.166512308335988,0.0122787863847151,0.0377793699484913
"P27695",10,11,10,12,9,13,21.8479544353139,21.907664881527,0.203706842491813,0.000827907566319372,0.00362107562554697
"P06493",15,11,13,18,13,14,22.3753795031055,22.2721149641512,0.0676862579851166,0.0874650911359974,0.19999449495187
"Q9UBB6",6,NA,5,6,5,9,19.7214403561783,19.7998160481998,0.162001062711261,0.12127809326784,0.261846302418476
"O60313",19,20,23,21,15,23,20.3826004971561,20.4461581211995,0.238852780227584,0.00122815061240003,0.00511936479980907
"P14868",29,26,31,28,29,33,22.832458964553,22.7387253331004,0.0860211774273138,0.0588126308250712,0.142572495246904
"P38836",NA,NA,3,NA,NA,NA,19.6439526729861,18.7434889010468,-0.844700408376723,1.23222115840124e-06,9.95613986388902e-06
"Q9BTW9",13,11,8,13,10,11,20.3930925445798,20.2455350666945,6.94923471796921e-20,0.999999999283844,1
"P50991",25,24,25,29,23,27,22.9932866051649,23.0031514042834,2.31031190506255e-11,0.9999797791102,1
"Q92530",5,NA,4,3,4,3,22.1244711265089,21.6379142140692,-1.2365246173519e-19,0.999999999483617,1
"P39966",NA,NA,NA,5,NA,NA,21.0894182161047,20.286885695192,-0.568451461277206,0.0151505248252549,0.0448452425433018
"P46985",NA,2,1,2,NA,NA,20.5369438271694,19.6426465114802,-0.569580948984771,0.0179490512642622,0.0516964936313174
"P23381",20,23,20,23,22,21,21.4789135715617,21.597203392086,0.247940033715771,2.33341207394344e-06,1.81911543980807e-05
"Q53F19",NA,5,5,5,6,6,20.3412900277175,20.0512372078289,-2.2457693678356e-16,0.999999973531133,1
"P15559",NA,6,4,4,3,5,21.1136618263216,20.9455629053212,1.84054381840801e-20,0.999999999922999,1
"Q05519",7,5,6,6,6,7,22.3202684560886,22.3482198108658,0.0879226940941075,0.32033341810395,0.573735948165691
"P19388",6,6,6,7,4,7,22.0211840143771,21.9853636698583,0.133550317215593,0.153922564975061,0.316255518262958
"Q7L2H7",14,13,16,12,11,15,21.7700984019925,21.880089608296,0.192679144837781,0.0984876330005115,0.220479299487757
"P62399",NA,2,3,7,8,12,19.2581557200906,20.8655459298067,1.79723724411989,1.74572795430544e-14,3.87350175707233e-13
"Q92614",NA,10,11,14,11,10,19.7315824984041,19.7122349885478,1.04218800778901e-19,0.999999999331658,1
"Q9NP81",7,3,9,5,7,7,20.2651514142628,20.2843881329738,0.127140862646827,0.101572709458659,0.226244386435136
"Q9H0B6",1,2,3,NA,1,3,19.8212397550614,19.4700306719531,2.42064817566518e-20,0.9999999998968,1
"Q9NYH9",10,7,7,10,9,6,20.7914719234355,20.731582294934,6.99870246650706e-20,0.999999999277354,1
"Q14258",13,10,13,11,13,13,21.1778307284145,21.0106448792665,4.7710728710619e-20,0.999999999583288,1
"Q10740",NA,6,6,NA,NA,3,20.5512628241512,19.6042679188738,-0.80830148559584,0.000425567366281613,0.00203236600668761
"P40413",10,8,10,6,7,9,21.4352243434728,20.3877987587392,-0.923593781445788,8.74668461082560e-11,1.32439956745021e-09
"Q14697",30,25,34,34,32,30,21.3343698401201,21.3579863784689,0.155203042816213,0.00130276866336768,0.00536833744212011
"Q6KC79",12,13,8,13,16,9,19.8995513634691,19.7724776742913,1.97435994266677e-20,0.999999999873272,1
"P49366",3,2,2,4,4,9,20.3364878708947,20.2692607287482,8.57169143932186e-20,0.999999999356549,1
"Q12230",13,12,11,7,9,8,23.2927820778338,22.2407329540408,-0.824920228417807,8.17909083822702e-17,2.527907079174e-15
NA,NA,NA,NA,NA,NA,NA,NA,NA,NA,NA,NA
"P47044",4,4,4,NA,NA,NA,20.4097984982265,19.696447653074,-0.222329452166984,0.204340068991141,0.39798712289328
"Q01105",6,7,5,8,7,6,21.843400335302,21.9370368555406,0.255935185919159,0.0252474103237726,0.0693912864020219
"Q70J99",22,14,19,14,14,21,20.8351442249717,20.9572002447972,0.235969137380633,0.00116529309526961,0.00490698968365721
"Q9HC38",11,12,9,10,11,7,20.6234964045315,20.4826714225264,7.75359131611013e-20,0.999999999367965,1
"P33993",25,25,24,24,26,28,22.5238695503889,22.4696186652015,0.0215823256021071,0.622259471656243,1
"Q9H269",NA,2,3,1,2,NA,19.0786240067787,18.9213886034884,2.66716380038946e-20,0.999999999887904,1
"O75127",NA,4,NA,5,6,6,19.5696502472287,19.3980842098886,0.115467781889281,0.285024286501567,0.52134569644413
"P50570",13,10,11,17,10,14,21.2909351193677,21.2520057477766,0.0714448330381375,0.283909671532253,0.520125403324727
"P21734",NA,3,4,1,1,3,21.2031828001813,20.6978243952716,-0.442894697967386,0.000443526583215186,0.00210074290522858
"Q7L2E3",21,24,24,24,25,31,20.6020262524638,20.5363520790717,0.115213442935882,0.0133521651980452,0.0404349821666785
"P07900",27,26,25,27,26,24,22.9409844457538,22.859752395778,0.145436218844176,0.00228822834358576,0.00886554017068249
"P08238",25,23,24,27,26,26,22.1151616992795,22.1372307095373,0.155157245022191,0.032418235749398,0.0863438605901555
"P02829",3,6,5,3,4,4,23.1540123311363,22.1330148345248,-0.788866228939293,5.42957748662138e-11,8.44291981679751e-10
"P15108",10,9,9,9,10,7,23.6454606827805,22.7177270371439,-0.699603921647404,3.81238763362509e-07,3.36809559852728e-06
"P21980",19,17,12,16,18,21,21.9892369038164,21.9829620647411,0.171308110297234,0.000620006113862676,0.00280975276580815
"P47176",9,11,8,7,4,5,21.7882377850022,21.0644638943436,-0.433763527318041,0.000122734220161771,0.00067886262331089
"Q9Y5B6",9,8,8,8,12,6,19.5062685685976,19.525422266438,0.0188758796567537,0.69506965045388,1
"Q15785",8,9,9,13,12,9,20.5027386519996,20.6342236926149,0.227767203817995,0.00455763446076494,0.0159254955809527
"P0A7X3",NA,NA,NA,NA,NA,6,18.7805670363693,20.687592944473,2.31484338834369,5.33316590398624e-07,4.55807912594024e-06
"P40939",17,17,23,19,21,17,21.8585621162411,21.8339772999334,0.0625836083108866,0.277506478197666,0.510014295228524
"Q9GZT8",6,NA,4,2,NA,2,20.043155059108,20.3162320829798,0.250985962298369,0.113019771381054,0.247254858209063
"P32891",5,7,8,NA,NA,NA,20.3325304371017,19.1806453164258,-0.958001975339344,1.67917928950757e-12,3.02724541286536e-11
"P39986",15,16,19,10,8,13,21.4137626503893,20.2916656504929,-0.865085917542204,2.4405142035772e-20,9.98533790101906e-19
"P00358",5,5,4,5,3,4,21.7186034263731,21.1118332002161,-0.296304724670979,0.0455505890765489,0.115609920097937
"P00359",29,30,30,21,21,23,21.579914579189,20.6406576140837,-0.701256765080814,7.18326282534513e-10,9.57049497446098e-09
"Q92896",NA,1,3,3,4,5,19.431677040407,19.253804366344,-2.52044915903552e-20,0.999999999831067,1
"Q6IAA8",4,4,4,6,5,3,20.7090378151671,20.5901099041525,3.89976031414195e-12,0.999997980198379,1
"Q03048",9,10,8,8,7,6,22.8739433204165,21.8664165548077,-0.895702575530813,1.52961933573692e-16,4.52531997326477e-15
"O95347",14,21,23,20,22,22,21.4296882689475,21.4215017853168,0.0949703442329264,0.31143238814996,0.560403445800723
"P40937",9,6,7,6,6,6,21.0598387006022,20.6649284540555,-0.035099054136687,0.51503618502783,0.852091698143261
"Q8IX01",12,8,8,11,12,9,19.7476450498365,19.734777603059,0.128283377501461,0.0526289073404254,0.130362010728346
"Q01477",7,5,4,NA,NA,NA,20.884157994337,19.3457770318888,-1.02908760150753,7.46426935342377e-05,0.000429234656861295
"P49915",33,31,34,33,34,32,22.605322297397,22.5880213961614,0.191824101316643,1.96612102425577e-05,0.000125609658792155
"P40482",10,13,15,4,7,8,21.0939901164169,19.9928295631913,-0.818200795604876,2.08364485510819e-15,5.22632485613876e-14
"O95551",NA,4,NA,3,NA,1,20.5279752927697,20.6629997877466,1.63558377571814e-19,0.999999999322615,1
"Q76FK4",NA,4,5,11,5,10,18.9764407514323,19.1342592682564,0.239701816995967,0.153551992909932,0.315808002530266
"P61981",9,9,10,11,11,11,22.4396447475399,22.3772023256285,0.0330514153784481,0.425778885612606,0.724364019787415
"P05750",15,17,15,12,14,12,25.1616671531813,24.1824503035191,-0.840987293211848,1.22680367826317e-25,8.78824986482772e-24
"P20449",9,9,11,4,5,7,21.3498642220264,20.4151376007282,-0.749686020038377,7.65603798215562e-09,8.85123910201519e-08
"Q9ULW0",9,9,17,14,14,15,20.9282142094569,20.9182796190099,1.70956375438485e-20,0.999999999757116,1
"Q9UPT8",14,10,12,13,10,11,19.8376350786099,19.7901436790332,0.0517739924661061,0.40581969865486,0.695329326266672
"Q9Y2R5",3,3,4,2,3,4,20.8765962008208,20.7192306882739,-8.11833760053576e-20,0.999999999557382,1
"O43488",4,2,4,5,5,4,21.0393518541843,21.1623342308134,0.158759415589056,0.101372307006742,0.225885221754304
"P0A955",NA,4,6,8,8,7,21.5746787536882,23.3576031028249,1.99558058084059,6.65865424020507e-18,2.2866871206306e-16
"Q9BRG1",NA,4,4,NA,NA,3,18.8956509313262,19.0879743934931,2.07952440721436e-19,0.999999999443373,1
"Q96P16",NA,2,3,2,4,3,19.8951296854947,19.8618600196167,0.00898536198234956,0.815558321565716,1
"Q4V328",NA,NA,3,2,NA,3,18.5053061024508,19.049872929755,0.616975173388974,0.0267449964409859,0.0728540619812454
"Q86XP3",20,16,21,22,17,20,20.9281126672512,20.8904868462457,0.0868815091742582,0.159748456662782,0.3263416595211
"Q9NV70",NA,NA,6,6,6,5,20.0050533145047,20.0568846222209,0.23016709219422,0.161387265409596,0.329109550915829
"O00429",18,14,17,13,17,19,20.4508422325145,20.4134421077945,0.0697043830655841,0.241143294505204,0.455668413364075
"Q9Y6D9",4,5,5,6,5,NA,20.7542793306347,20.689104808661,0.227121612170467,0.0247839400093497,0.0684763170085911
"P63010",15,14,13,16,16,13,21.9661030769304,22.030184851158,0.151709974228321,0.0617112269123439,0.14871013703313
"P21165",NA,NA,NA,4,4,NA,18.6540920140831,20.0983784501729,1.46110195759887,3.38524356930815e-05,0.000207539534020603
"P17891",11,11,11,6,6,7,21.9951051105853,21.0039880099958,-0.837689363834852,0.000154527966778057,0.000831596865991243
"O14964",8,8,8,8,9,8,21.1874822279856,21.1782618880219,1.53506598797157e-19,0.99999999922886,1
"Q9UI10",7,5,9,9,6,9,20.2153695997896,19.9632942670942,-1.41828527602895e-17,0.999999994927901,1
"P54838",17,16,15,11,12,11,22.3535714916168,21.2241018588704,-0.854911461210567,4.74464443653907e-23,2.65746152955281e-21
"Q9Y5X1",6,7,10,6,8,7,20.4323322334332,20.4191074270056,0.142628428264896,0.0544707161373113,0.134004930232899
"P43535",8,9,9,4,NA,NA,20.4612013318967,19.2468357554943,-0.911158887474313,8.2939031155064e-06,5.73024276327622e-05
"Q16576",10,9,10,10,13,12,21.8217913776487,21.7957296707115,0.0539052053739067,0.297479456128383,0.539502980950846
"P53090",13,14,15,12,12,13,22.4903235098462,21.5479637662032,-0.766522168851423,1.13876398185615e-18,4.19423019635324e-17
"P34896",4,NA,5,7,4,4,19.729893890747,19.8353289013539,0.199533728334094,0.127003144051943,0.271866841571674
"P28331",18,16,21,21,22,15,20.8308182560501,20.8095882378236,0.0306024458805553,0.553505552453494,0.908495314903398
"P40477",NA,NA,4,NA,NA,NA,18.9993688930093,18.8738930070636,2.0941286497831e-20,0.999999999921921,1
"Q9Y314",11,9,9,10,10,8,21.2396517793986,21.2258444082937,0.0839528799156393,0.249165827089376,0.467611469251338
"P30041",26,27,27,27,28,25,22.0279222026538,22.0105614282981,0.177430886971798,0.0308919959127013,0.0827371979667474
"P0A6Z3",NA,NA,NA,10,10,11,19.3408297937266,20.6907617940845,1.66233634356005,1.78344757685555e-14,3.94203412677381e-13
"Q5JTH9",15,18,20,20,17,17,20.3146045265997,20.2510999963724,0.0301144233881853,0.508524444243271,0.843495548832499
"P11075",19,12,12,5,11,NA,20.1359748392679,19.3749407485302,-0.6893937094614,4.34520057996037e-07,3.78662570178118e-06
"Q9BPX3",11,11,10,14,15,16,20.9020809144391,20.9194114648163,0.127710578978449,0.073997747633156,0.173533742315316
"P16474",22,16,22,15,14,9,23.0006757388661,21.9544155549981,-0.872916732408537,5.55367717134706e-24,3.52078720895618e-22
"Q9BY32",5,4,4,6,4,2,20.7008005939546,20.6935485977586,0.219202400962615,0.019281216717342,0.0550932834286014
"P76621",NA,NA,NA,6,4,7,18.5554675405725,20.3502844283874,2.02350048863944,2.9562831156336e-17,9.58134679443271e-16
"P05055",NA,NA,NA,9,11,11,18.7568860149111,20.3875215431777,1.68758854875987,1.61406950690904e-10,2.34548286784842e-09
"P07991",NA,9,10,2,NA,7,21.4840501932328,20.5229040073161,-0.629596136250254,0.000524908196344474,0.00244603827521104
"P12268",22,22,22,22,23,25,22.7232380192386,22.7048080012959,0.125377959270836,0.065593976259929,0.156692194220924
"P0ABP8",2,NA,NA,7,6,7,19.8672621038958,21.6201308539401,1.92949077158031,1.990841932684e-11,3.19032419712611e-10
"Q9BSJ8",14,12,14,10,16,17,20.5874771229904,20.5509461626275,0.0946282111000918,0.0880391125946411,0.200908876803198
"Q03690",30,32,30,21,17,12,21.0764069544252,20.0614864691227,-0.777008240187776,6.12183937942645e-35,1.00905403942603e-32
"Q9UBQ5",6,7,7,5,6,7,22.4243946709107,22.4350014180053,0.185220883203848,0.0134379283613495,0.0406368287340853
"O95801",NA,7,8,7,11,7,20.3667691141119,20.3661087106534,0.0658365851245041,0.529891613773404,0.873163301873398
"Q53HC9",NA,NA,3,NA,NA,NA,21.2562685533621,21.1835085567669,7.24764934504547e-20,0.999999999721039,1
"P32916",NA,NA,2,NA,NA,NA,19.4563430806301,18.8623265583838,-9.80699274709361e-20,0.999999999664467,1
NA,NA,NA,NA,NA,NA,NA,19.8014546157237,19.7745167191688,0.00791477135808078,0.808827631815608,1
"Q92552",11,9,8,9,6,8,20.0578236021898,20.0072229164091,0.0296772246771132,0.55097860204653,0.905067071528027
"P26038",21,22,22,20,23,26,22.3455660003865,22.2789237937186,0.0982214555308579,0.0356445045136105,0.0936815549156405
"P23368",3,1,3,NA,2,2,20.4014157904545,20.4450737948926,0.123433002280379,0.267372306768823,0.495016315067182
"Q03701",17,22,16,17,22,18,20.7812226429621,20.6986763119656,6.43933551950064e-20,0.999999999358658,1
"P35180",NA,3,3,2,NA,3,21.7435542217108,20.7331889910163,-0.792139895875261,3.68215464002153e-06,2.75874676860834e-05
"P0AAC0",NA,NA,NA,2,NA,3,18.4610639422088,20.7491183800725,2.47900800321561,9.1953180936124e-05,0.000521610521947394
"P0CX82,P0CX83",8,10,8,6,8,7,24.1342011188402,22.9222478343611,-1.01471348159741,5.32107562880752e-16,1.41462144251569e-14
"O43156",2,NA,6,9,6,7,19.9557613762533,19.854353756592,5.18612575365905e-20,0.999999999589748,1
"P00127",NA,2,NA,NA,NA,NA,20.6575171696833,19.6187395127379,-0.805414696336774,1.9960684957219e-05,0.000127241095600217
"P48164",8,6,7,5,6,6,22.9748528996101,22.0367170232689,-0.64814268121822,5.60495081080295e-06,4.02176134670674e-05
"Q13618",8,13,11,9,8,8,19.910585086971,20.1858647333087,0.307168536402942,0.0336016095501369,0.088961764797953
"O95182",5,5,6,4,8,4,20.4244100724025,20.6020881710167,0.205957504607454,0.0751805586267849,0.175807313627046
"O43143",21,24,22,22,24,29,21.5737215583362,21.5652866686948,0.185926785576413,0.000773584152059488,0.00341454244317612
"Q15154",14,17,19,17,19,25,20.251523305712,20.084289837652,1.05074380642788e-10,0.999981536536098,1
"Q14691",2,3,2,2,3,3,20.5551448432869,20.5093668650202,0.0507791684864448,0.712940867014379,1
"Q12100",NA,2,3,NA,NA,NA,19.8676034343933,19.3947189849584,-0.0498696728906478,0.722697369889552,1
"Q15404",NA,NA,6,5,6,6,19.1079101449417,19.29536818758,8.31958014759751e-21,0.99999999993654,1
"P22256",3,NA,NA,8,8,7,19.7735473820592,21.5688815081039,1.98095462295086,2.98588381233436e-11,4.71933252420738e-10
"P35844",9,8,7,8,10,5,20.8320511492138,19.7077014741083,-0.89928896529197,2.74896187449052e-12,4.83498812619995e-11
"Cont_Q95121",5,5,4,6,6,7,20.5927319916324,20.4442226229669,4.99036370225783e-12,0.999998209263341,1
"Q16531",24,29,30,28,32,36,21.317902904355,21.3150274523007,0.096421236830545,0.0160537959520657,0.047228122818698
"P17980",15,15,21,16,19,22,22.0695681094412,22.0979083718609,0.0346456306161566,0.47488147231882,0.795930044685437
"Q6DN03,Q6DRA6",NA,NA,NA,NA,NA,2,20.2821664775505,19.1561501507045,-0.371957993624869,0.26906305669136,0.497667449199249
"P55010",12,10,14,15,12,15,21.0499047866584,21.1479542870414,0.301091669367067,0.0161494292933521,0.0474368928683037
"Q15369",7,6,9,8,7,10,21.0999052687098,21.1582915766484,1.81822498860885e-20,0.999999999818467,1
"P98179",7,5,5,6,5,8,21.5440721950012,21.4274183072263,0.0516653448111586,0.404520977997867,0.693310018440195
"P26368",15,18,18,15,14,17,21.599334675705,21.4603197782249,4.0477017473903e-20,0.999999999524261,1
"Q9NRW3",5,4,4,5,6,5,20.5785577398506,20.6328229293136,0.169556264563111,0.145172772134331,0.301911219337764
"P0A953",NA,2,NA,6,7,NA,19.4937567113779,21.1912165400694,1.73786826980182,1.04982283953411e-17,3.52117904725131e-16
"Q14249",9,8,7,6,NA,5,20.5339320053245,20.5947418220877,0.0128095023612998,0.756089335832989,1
"Q9UNS2",7,8,6,8,9,5,19.9137709709776,20.0044444308591,0.195016913454831,0.0415877825903809,0.106489089109591
"P36114",8,9,12,5,8,7,21.2519307304761,20.1701895736254,-0.811619450303048,8.19411724398574e-17,2.527907079174e-15
"P38631",4,3,5,NA,NA,NA,20.3180086373751,19.0799627283808,-1.12275930909654,3.70245829399837e-09,4.43142777968394e-08
"Q9HCN8",4,5,5,6,5,5,21.3711741511563,21.5251226520564,0.178575156107788,0.0151862964077691,0.0449280738340615
"Q02821",7,9,10,NA,NA,NA,20.479480810839,19.3841383447354,-0.940696818729328,1.02053435792299e-13,2.06577638977465e-12
"P39101",4,6,5,NA,NA,5,20.8200207391374,19.85085701681,-0.722197305598897,1.02511995050825e-08,1.1528103303084e-07
"P33297",8,7,8,4,NA,NA,20.5726155818105,19.4276220265028,-0.861990538027171,5.23020565198595e-07,4.47671460034228e-06
"Q9Y3C1",5,3,4,5,3,NA,21.7937224377977,21.4233232141902,-0.0937982631400912,0.318390479820099,0.571320273120421
"Q9Y4W2",16,18,15,18,19,16,20.6430541363737,20.5697709159624,0.0683649836162228,0.139945884536126,0.293603851325604
"P06169",55,54,56,42,40,44,22.7729736762052,21.743760226056,-0.786525546659441,3.95679471162812e-41,8.77951872745485e-39
"Q9Y383",9,8,11,11,12,9,23.4779009002402,23.2258477406993,9.93611017262458e-21,0.999999999904326,1
"Q9NQ50",NA,5,3,4,2,NA,20.3307824035277,20.3645126735326,2.17151018607001e-10,0.99997859111252,1
"P21912",5,3,6,7,6,5,21.8687338056716,21.7287084058356,-8.09711896946633e-21,0.999999999952362,1
"O00487",9,9,13,10,12,13,20.6896150198035,20.6327201805657,0.0700192459819616,0.370928471474939,0.644738280186478
"P47137",NA,4,3,NA,NA,NA,20.2386460790819,19.4518099264074,-0.470913563672903,0.00444182504141212,0.0155861933096536
"P06733",24,26,23,26,22,25,21.7077334895416,21.7151035356326,0.131522206015284,0.101319314041403,0.225854375079156
"P0AFG3",NA,6,NA,17,13,17,19.0784433718819,20.5781510094311,1.85165050158131,9.17339615217251e-24,5.62992791509396e-22
"Q9UJU6",7,6,10,10,11,7,20.5165843049528,20.3082328019428,2.07669233618867e-10,0.999976405967624,1
"O95202",17,19,17,18,18,16,21.7861632899263,21.6971034907385,0.136608158087786,0.00193990943840831,0.00764435625012126
"Q9Y6M9",NA,NA,NA,4,NA,NA,20.5109106878848,20.1074352607604,-1.76228653680873e-20,0.999999999862421,1
"O75431",NA,5,5,3,5,5,20.5576470445632,20.4993364635961,1.26390615207285e-19,0.99999999960196,1
"Q9BSL1",9,11,9,11,13,11,21.2894957876423,21.3783829909726,0.219727906298527,0.0187906565471306,0.0538994812398899
"Q96TA2",8,9,7,7,9,8,20.6200888064421,20.5637331204357,1.82168493513991e-16,0.999999971655955,1
"Q68CQ4",NA,6,5,6,9,8,19.5052963851208,19.7552979159369,0.206127131503818,0.0387885242536979,0.10030076038529
"O75569",6,4,4,5,7,8,21.4904168160627,21.4264674223498,2.56831100332401e-20,0.999999999868038,1
"P40098",NA,2,1,NA,NA,NA,19.7584067795545,18.7670063466269,-0.653790636748421,0.0051512996438313,0.0177844689678413
"Q9NVP1",14,16,19,17,18,18,21.8451107408888,21.9144802271073,0.176933925227837,0.00594579764353986,0.0200007618691437
"P22087",9,11,9,13,12,11,22.2011234805274,22.2054820085474,0.0833736044221548,0.140160340882426,0.293603851325604
"P15646",9,9,10,5,6,6,22.5337224460673,21.5334032483354,-0.733854670712989,7.59590354826565e-10,1.00506347637487e-08
"Q53FZ2",NA,7,6,8,NA,6,20.0270243136549,19.9628373226246,6.19427729438342e-20,0.999999999535113,1
"P38968",18,19,21,14,13,16,20.899993200713,19.7921377843691,-0.934661785932839,8.65798703141945e-27,7.03491932172659e-25
"Q9BQ75",NA,3,NA,NA,NA,2,20.6088964434618,20.2920223694409,-1.15433139230421e-19,0.999999999515446,1
"P53199",5,6,4,NA,1,2,20.4244735275784,19.4674917386478,-0.769437610238484,9.6214973919626e-05,0.00054364758525203
NA,NA,NA,NA,NA,NA,NA,20.8988482472155,20.1194424820417,-0.294555178467822,0.188743809005597,0.37340981966848
"P0AB71",NA,3,1,5,6,5,20.9158041108483,22.6608887687072,1.99658115111907,1.25918704117751e-12,2.30611112398509e-11
"Q13042",NA,4,3,6,4,NA,20.1185497606248,19.9418051222993,-6.08067927292222e-20,0.999999999784195,1
"Q00839",27,25,29,33,34,32,21.577561715498,21.5971134194536,0.200371506411186,6.12450855996721e-06,4.35126722690281e-05
"Q9P2J5",25,31,27,37,35,39,21.1145452064031,21.1256159544065,0.145405427920489,0.000825508099190357,0.00361332035222244
"P48415",9,9,11,NA,NA,NA,19.7367805092263,18.5786992039198,-0.802752557920489,8.19934472332892e-06,5.67330614105895e-05
"P41543",NA,5,3,2,NA,NA,20.5135302346769,19.6407446537354,-0.582036974844234,0.0100630030575023,0.0317579128220627
"Q14978",17,15,16,18,19,21,22.9947539581981,22.8880124388848,1.35838298107165e-20,0.999999999835899,1
"Q96G21",NA,NA,NA,4,6,NA,20.0824803270851,19.8276245818137,4.26624745136585e-20,0.999999999809383,1
"P00491",15,17,17,19,21,19,22.8569158715478,22.9295197992214,0.212933328907799,0.00344927293795106,0.0125465671998989
"P41810",11,10,12,4,12,8,20.8631030895306,19.998431749148,-0.631633446292651,1.01708734757347e-05,6.91116243598511e-05
"Q14807",10,7,10,12,6,8,19.4014706362429,19.3762357187154,0.0382203234336289,0.476955766218204,0.798478762423918
"Q93050",6,7,9,6,NA,8,19.9593530220978,19.6887087331455,-4.29799530793802e-20,0.999999999622643,1
"O15372",9,9,7,11,9,10,21.6101986887117,21.5087071097918,0.125604265525031,0.121421269806242,0.262057353352866
"P42941",3,3,4,3,NA,NA,20.7307758021739,19.540848613613,-0.962389596992221,0.000140180840049272,0.000766543380326304
"P07256",10,10,11,8,4,6,21.2286023432391,20.14424324629,-0.81802498188438,9.54139928548853e-13,1.76991422758789e-11
"P35579",40,44,48,51,49,52,21.5883591518288,21.545493427432,0.133408093453739,0.0248337840809542,0.0685811873446745
"Q9NY93",11,11,14,15,12,11,20.3869442243827,19.8982966884458,-4.84694499237584e-20,0.999999999773316,1
"Q96HC4",14,11,14,14,16,17,21.6190195724518,21.5800649635892,0.0638541339407526,0.209089391643772,0.405945993320576
"Q09161",15,16,14,11,17,17,21.1508538278943,20.995436367562,0.0533767264747222,0.358172733815669,0.628054255739391
"O43678",2,2,5,4,2,3,21.0948729250917,21.2927457917239,0.36041183145713,0.555307502844984,0.910622223966092
"P62995",7,6,8,8,6,7,22.566264402893,22.4464080060615,5.34801208565529e-20,0.999999999500134,1
"Q13595",3,4,3,6,6,4,21.7592201773211,21.8888029797044,2.6508738613506e-19,0.999999999240347,1
NA,NA,NA,NA,NA,NA,NA,18.7340019858381,20.1186863542434,1.54511052941891,1.55344715693175e-05,0.000101035362439
NA,NA,NA,NA,NA,NA,NA,18.9022731657401,18.8167327229106,3.23507000096603e-09,0.999909480112648,1
"Q04119",NA,1,NA,NA,NA,NA,19.8202437639221,18.4678718203372,-1.1083541707995,0.000904268140105465,0.00390765760319732
"P54839",12,9,6,11,8,7,22.5087358001197,21.761441801773,-0.582634975660284,6.24439621591719e-11,9.65788787389445e-10
"Q12800",3,NA,2,NA,3,6,20.3565072024798,20.5494294407398,0.181981656572531,0.192473984556582,0.379099493652072
"P02925",17,16,13,23,22,23,20.6524890320931,22.4960919939427,2.02292673645987,1.51992958252837e-62,1.25263910880088e-59
"Q99700",13,11,9,16,8,12,20.2082647338503,20.1819512004052,0.1024884064084,0.264598946953267,0.490669021206492
"P11938",3,4,3,NA,NA,NA,20.3928952200404,19.2770071992086,-0.825948990942294,4.28553227800115e-06,3.15750136804452e-05
"Q9NSY1",7,3,6,5,7,5,20.204535359609,20.1574107841263,0.119812453608408,0.134399798013564,0.284533003574403
"P23254",21,25,22,14,15,15,23.3357448134759,22.2272217737647,-0.954031768917572,7.64841254074926e-19,2.86517480179107e-17
"P0A9M8",NA,NA,NA,8,4,5,18.3886636026284,20.0248478920612,1.84718898226098,0.210714859024637,0.408563538722307
"P38616",6,5,4,6,4,5,22.514252601697,21.537707558694,-0.741928527699186,1.22602290356959e-09,1.56135234673134e-08
"Q9Y5K6",22,22,14,14,18,22,21.2283257977155,21.2073469482248,0.219037700461809,0.000251711967691065,0.00128053469277756
"P25375",6,7,12,4,NA,NA,21.5094297923472,20.977417536648,-1.00735932790591e-19,0.999999999651994,1
"O00560",NA,5,NA,5,NA,4,20.1833559945379,20.4273541833292,0.400419020703623,0.0102215124845405,0.0321694120988277
"Q8IXT5",10,13,10,14,15,10,20.8234486844338,20.9362654739403,0.177716470782655,0.0174668181815652,0.050570513046563
NA,NA,NA,NA,NA,NA,NA,19.1041369060235,18.6493631816898,-2.04429655765015e-19,0.999999999492299,1
"O00233",5,5,6,6,7,7,21.9502442339869,21.7749172589464,4.52644904668271e-20,0.999999999408971,1
"Q01532",6,7,8,8,6,7,21.4143220698993,20.4187226546077,-0.704634964043772,1.4956952125363e-08,1.63421698506097e-07
"P11586",24,26,24,26,30,24,21.5395309221172,21.5849254282256,0.215005637184046,0.000433187221497615,0.00206533643042954
"P02994",43,39,37,29,31,30,23.3748187939963,22.2930961209295,-0.91388121013069,9.42444174853426e-54,5.43696044472941e-51
"P25553",15,15,14,25,25,27,19.7991992842808,21.6120726932372,2.04580633265131,4.80412006553548e-58,3.46437108225927e-55
"Q9H7N4",NA,5,5,NA,3,4,20.2301226214356,20.2058355660742,0.0760383076333886,0.319576016911954,0.572870787432378
"Q8NBN7",8,7,9,7,10,8,20.7311561053675,20.6341464891151,1.75055715247193e-07,0.999272287282704,1
NA,NA,NA,NA,NA,NA,NA,19.8965022269513,19.5320842249183,-5.75566652916129e-20,0.999999999763813,1
"Q03497",4,4,3,NA,3,NA,19.376884306247,18.3221351658643,-0.938052927486389,2.80206812827416e-06,2.1467637492714e-05
"P29590",8,8,8,11,10,9,20.1459933248607,20.080976738879,4.00565848452341e-06,0.994262197969296,1
"Q9BWU0",11,11,7,9,7,13,19.779168088613,19.5717336494502,1.33332110207739e-20,0.999999999829777,1
"Q9Y3E5",4,3,5,5,5,4,20.6521240423123,20.6952747747931,0.170493596861529,0.0572288453287623,0.139658717724886
"Q08220",3,6,4,4,NA,5,20.3969587769104,19.5798049678161,-0.65279903894751,3.32064338587199e-08,3.42085565948134e-07
"P62277",5,5,6,5,6,5,20.6191301757009,20.6931318529866,0.210216127835643,0.609431104394173,0.988419466193417
"Q3ZCQ8",10,8,6,7,7,8,21.8892831469513,21.9343337364093,0.0285383661627753,0.597788938277501,0.972489478334911
"Q96SB3",4,9,5,7,6,10,20.0528896906581,19.8515426932094,3.44651541451238e-20,0.999999999713436,1
"P00387",4,5,5,5,6,5,19.9513401810629,20.0097917251108,0.171978423316716,0.129103788246287,0.275838656130016
"Q9GZR2",NA,5,7,6,8,6,20.247078087181,20.2268831062151,0.0243416562191115,0.631921333616064,1
"Q86W50",NA,3,5,NA,NA,3,19.9220537145966,20.0328119020562,0.278397331031014,0.056835278340814,0.138874511117389
"P23301",5,7,5,6,4,5,24.8864772400556,23.9471628205048,-0.743128990358913,3.05815334372848e-09,3.73781496609526e-08
"P23542",14,14,14,7,8,8,22.4931405363706,21.3588262038169,-0.885222171285848,7.51108085681386e-18,2.53400148906194e-16
"P24941",NA,6,5,5,7,8,20.83918576658,20.823573536721,6.08419329054212e-09,0.999800979565292,1
"P46672",15,15,12,11,9,7,22.8835338969562,21.6326747923888,-0.973999254067757,2.37330144490873e-19,9.25106488897193e-18
NA,NA,NA,NA,NA,NA,NA,22.2311254420308,21.2544943661559,-0.821669610469467,7.47046268511184e-08,7.34192491148385e-07
"P52566",5,7,7,7,8,10,21.4480463920407,21.3289767921242,-7.58878242636058e-20,0.999999999499377,1
"P05694",26,23,26,17,18,19,22.0010401742548,20.9521255488414,-0.861876088472389,1.23391963780732e-25,8.78824986482772e-24
"P52593",NA,NA,2,NA,NA,NA,18.810865375149,18.252333943069,-8.16497073941543e-20,0.999999999753183,1
"Q03195",6,8,11,5,5,5,20.9857541284417,20.1110110105976,-0.68575477857519,1.54370357360181e-05,0.000100514965193102
"Q6EEV4",1,2,1,2,1,1,20.469732687456,20.2903358197083,0.0721664098321665,0.391064581844562,0.673850529468721
"Q05022",21,21,21,9,6,9,20.753291010648,19.7561988181602,-0.836407389886481,3.52613906663292e-16,9.64089870872289e-15
"Q10567",9,10,11,9,8,10,21.1357625697775,21.140912106181,0.167812993353875,0.0333381236781999,0.0884671736428405
"P49721",NA,4,8,9,6,6,21.949751557993,22.0711934148518,0.225312754815308,0.0318362877223883,0.0849900712033586
"P52758",2,2,3,NA,NA,3,20.9496743931525,20.9804032718174,0.0727995512811954,0.697228058858274,1
"O75306",7,7,7,7,7,9,20.8729208283621,20.8273064172806,0.188901061825728,0.0384341107217977,0.0995995482516792
"Q9H074",6,8,5,6,7,7,22.2526705896409,21.9182237239492,-8.71608445187987e-09,0.999845042335396,1
"Q9NP58",NA,NA,1,NA,NA,4,19.242735568443,19.7838525760566,0.41033154670265,0.110683848426759,0.243077806847632
"Q99714",12,12,15,17,17,17,21.6064144449756,21.6078032704129,0.12697393780523,0.0683783001753599,0.162401981766839
"Q9Y606",9,11,11,12,12,11,20.3665841046344,20.4330189807361,7.65622613265618e-12,0.999995368706695,1
"Q9Y5A9",8,8,7,12,9,9,21.7321852673339,21.6211490217955,8.70440761288272e-17,0.999999986575727,1
"O14579",8,7,10,12,9,11,21.2177884690662,21.3391191268833,0.201224240029885,0.00892654681525512,0.028721276395542
"P23641",6,9,6,4,6,4,21.2005638297167,20.367565573231,-0.647211882280814,2.64303260391651e-07,2.38617450578942e-06
"O95363",NA,NA,1,NA,NA,NA,19.709665051854,20.0920081791484,0.3617216334788,0.12889450925528,0.275608756076245
"P49792",42,46,45,48,53,51,20.8624806658168,20.8426589450231,0.078140180046727,0.143371581059184,0.29870373821973
"Q07020",5,6,7,6,7,6,24.6501700629626,24.5241340821206,6.6549660599691e-22,0.999999999988116,1
"P11171",13,13,20,14,19,19,21.1607880202991,21.0970651740403,0.0214363512214797,0.489259357279812,0.815526504521016
"P06105",31,35,31,18,25,19,21.8174285276059,20.7691058305555,-0.836712987689543,1.09123738649309e-16,3.31334130667297e-15
"P50213",11,11,7,9,10,12,21.7844126456653,21.7022542593378,0.0761559074427126,0.360713990826092,0.631550535076093
"P38328",2,4,5,3,3,3,20.8762868902931,19.9529225513228,-2.45498356269304e-09,0.999942491673174,1
"P35637",9,10,9,12,9,10,21.5529482361095,21.2337683984081,1.97429150019289e-20,0.999999999807177,1
"Q96K17",4,3,4,4,5,4,22.5741861141805,22.4897715665809,7.07208812625464e-09,0.999796828304808,1
"P19926",NA,1,4,8,7,6,19.7785196200505,21.3825501971794,1.87299324525224,5.35584952186769e-26,3.96126870405829e-24
"P20290",8,8,7,9,9,10,22.253481804987,22.2224447666574,7.70729309392496e-11,0.999974691530946,1
"P42695",NA,NA,NA,NA,NA,3,19.7798496345151,19.4676695653882,-1.31988592656393e-19,0.9999999994455,1
"P32771",2,5,7,NA,1,5,20.5875876912369,20.035890930038,-0.472083090650121,0.010764007681883,0.0336937386417705
"Q06323",10,7,12,9,13,13,21.794741974192,21.565270662223,-2.25637876665732e-20,0.999999999760477,1
"Cont_P00722,P00722",NA,NA,2,9,10,12,19.1415740955336,20.8247458380623,1.74790821092809,8.18922709746329e-13,1.52398874597631e-11
"P33299",8,8,9,6,6,6,21.3367940397876,20.1964120449419,-0.866166778117278,1.60997467056314e-08,1.74585411174412e-07
"O94903",NA,NA,2,4,NA,NA,20.7169420109078,20.650151829415,5.92008241725315e-20,0.99999999966105,1
NA,NA,NA,NA,NA,NA,NA,19.6885966312728,18.6791430994747,-0.67735859600016,0.00541116890975299,0.0185374307840647
"Q92841",18,17,21,25,23,20,22.3860064400255,22.1277112977861,-1.84548560037754e-20,0.999999999765034,1
"Q8WVC0",3,NA,2,3,2,NA,20.4798708763257,20.7159032535765,2.53002893992689e-19,0.999999999284717,1
"P39325",NA,NA,NA,NA,3,3,19.3854620802801,21.259266357868,2.02189952132343,9.16533036056013e-10,1.19626223642695e-08
"Q9H0W9",NA,3,3,5,5,4,20.0225197356636,20.0465073614584,0.134490662780472,0.284515080089123,0.520889745994725
"Q9NPH2",7,10,13,9,12,8,21.3264483891243,21.4914744337452,0.170332066573525,0.0106583315384662,0.033411469955007
"Q9GZL7",9,8,10,10,12,12,22.0820979951056,21.9585816645568,4.98904605629004e-07,0.997489949071058,1
"Q02543",8,4,7,7,8,6,23.7866078419045,23.5949728819822,5.33187498273469e-21,0.999999999930946,1
NA,NA,NA,NA,NA,NA,NA,22.8852468359376,21.8613558503693,-0.835403548190534,0.00168428972435851,0.00675237485741781
"Q9Y478",5,4,3,3,NA,3,20.0855951916238,20.2373175172571,0.224830721737464,0.0589939603439203,0.142938327267567
"Q9NZZ3",2,2,2,3,2,2,20.8710728085626,20.7427196452857,-3.10556462308441e-20,0.999999999964382,1
"P27692",8,9,13,8,7,7,20.3785439972861,19.5894451610972,-0.770679423027352,1.20922653805892e-09,1.54336900399599e-08
"Q04182",11,15,10,4,6,6,20.6208101314259,19.6576968393151,-0.727144765742569,7.75542822369454e-11,1.1899219527259e-09
"A8CG34,Q96HA1",2,NA,1,NA,NA,4,19.9015596212666,19.6549180474876,-3.77230540874677e-20,0.999999999854859,1
"P32521",7,12,14,6,9,7,20.5736723482856,19.5445314402627,-0.849269316857514,2.38836226139702e-13,4.67066504610149e-12
"P38219",13,17,15,11,9,11,21.9184098263566,20.77780931066,-0.983248061906612,3.73296532497508e-18,1.31313883901105e-16
"Q5VT52",9,12,9,10,11,12,19.8033886386581,19.8254901062683,0.0879194662555923,0.291900937708444,0.532062088353874
"P47079",16,16,18,11,12,15,21.8188618372725,20.7115318068882,-0.855984035780833,6.16301995622065e-14,1.30236125008926e-12
"Q15021",29,32,29,31,37,35,20.4300418066844,20.382615821493,0.145967074858727,0.00218532312320257,0.00851257872907201
"Q15642",4,NA,NA,NA,NA,4,20.0241997142764,20.4392150996229,1.97013684012052e-19,0.999999999360419,1
"Q01080",6,3,4,NA,NA,1,20.2423194556632,19.3156263154073,-0.700242053247642,0.0009152229118491,0.00394612928135834
"Q9Y676",5,4,4,6,5,4,20.8705776939323,20.8604794551184,0.0663121299781993,0.270644713945593,0.500111900945587
"P38264",4,5,7,4,7,3,22.6605250256462,21.8034406477491,-0.788577254450166,4.94441002873543e-08,4.93500025186414e-07
"Q12160",NA,2,NA,NA,NA,NA,20.6180298232283,19.4309913260517,-0.965339577556406,0.000385588681804178,0.00185371758777359
"Q5F1R6",6,4,5,8,4,7,19.8329014297558,19.8062731790884,0.147922432445705,0.0899449653656082,0.204529958689079
"Q9BY44",16,20,21,19,19,24,20.8947170742327,20.810415469873,0.0582994719150686,0.393416103935161,0.677295584482823
"Q9BUT9",NA,1,1,2,2,2,19.7155483616143,19.6432978984996,4.30167161228481e-20,0.99999999968062,1
"P54819",15,16,16,16,21,18,22.5339336702062,22.4630656597615,4.75026576939571e-20,0.999999999364104,1
"Q9BYC8",NA,NA,NA,2,1,NA,19.9240769166305,19.7219890743973,-2.1934553862512e-20,0.999999999923475,1
"P78316",11,11,11,11,11,11,20.3962729426307,20.4492840159566,0.072831449106395,0.264488629049448,0.490622154657963
"P30086",8,9,9,9,8,8,23.7596213087549,23.7014953249003,0.0898144881169564,0.145567294271469,0.302513588131161
"Q9UGN5",NA,2,NA,NA,NA,NA,18.8466656375576,18.718944206535,6.77192820708441e-20,0.999999999729609,1
"P53136",NA,NA,3,NA,NA,NA,18.8262905870633,17.9062620998013,-0.307954095601572,0.395907545767126,0.680975143569037
"Q9ULX3",8,8,8,9,8,8,21.75830032639,21.7912204023191,0.0951550957322585,0.200760207272349,0.392306292399364
"P52594",5,3,6,6,5,6,20.2982872766611,20.2830775937445,0.110269884785292,0.301601854219824,0.544923613214583
"Q13685",4,3,6,NA,NA,3,20.7537734814797,20.740833398671,1.54885864660338e-10,0.999974985496808,1
"Cont_P00761",14,16,15,14,13,16,22.7748568059103,22.6275671097978,6.43941105711969e-20,0.999999999411463,1
"Q06451",NA,1,2,NA,NA,NA,20.5293329046788,19.5027489842811,-0.65647010330147,0.0158610492794912,0.0467803646694197
"P40548",1,1,1,NA,1,1,20.7062570274174,19.6287771943052,-0.851329562217725,0.00346099507229349,0.0125812732023069
"P27824",12,14,15,15,11,13,20.4886645293295,20.3487676462887,0.0124050709776599,0.652094584093028,1
"Q13200",36,35,37,39,35,40,21.7357740728767,21.6915176527,0.11732386316629,0.00401656227453483,0.0143122592722616
"P23337",3,NA,4,NA,NA,NA,20.0390698923173,18.9443751548112,-0.741327997287347,0.0118311263952079,0.0366168284195034
"Q9BQC3",NA,NA,2,3,NA,NA,19.2445234809359,19.1988760868033,7.99798193936487e-10,0.999951058781434,1
"P07172",5,8,6,4,NA,NA,20.7817383595738,19.9988182071917,-0.704514545315901,0.000575781752325372,0.00264465360602315
"P40227",17,15,18,19,17,19,21.6476965224326,21.7465916975426,0.235105839644956,0.0134715199622202,0.040689632807355
"P49848",NA,4,8,5,NA,7,18.862617457031,18.7215949359659,9.10567304682426e-19,0.999999998947842,1
"O75955",12,15,16,11,14,16,21.0555200178541,21.0459206445891,0.162547728288013,0.00121316765634402,0.00507156826771642
"Q9Y6A5",14,10,12,11,12,12,20.4495478710562,20.4627414507499,0.0116555535009592,0.725469334580792,1
"P41229",NA,NA,NA,4,3,NA,18.7042942244139,18.8982693448266,0.303401230982665,0.0414153382491862,0.106141753158399
"P30049",3,4,5,3,5,6,21.5319177952351,21.5954349924828,0.190653472321418,0.0178442952191479,0.0514718695596321
"P40531",10,12,8,6,9,9,23.1585420030384,22.0665580909497,-0.897465918826008,3.26319540807852e-12,5.61951471916566e-11
"Q15276",NA,2,2,NA,NA,NA,19.0876667563249,18.9556917205712,2.99835724620818e-17,0.999999996922905,1
NA,NA,NA,NA,NA,NA,NA,18.3881930833488,19.9425292914553,1.70625367314692,9.73064550682603e-05,0.000548739921103415
NA,NA,NA,NA,NA,NA,NA,19.0183105966375,18.9265928595867,-5.14411743789668e-20,0.999999999828256,1
"P49750",8,14,13,19,15,14,20.2618811503337,20.1089535837795,4.82635069785724e-20,0.999999999500376,1
"P07342",7,11,9,8,NA,5,20.3866583383611,19.310124589797,-0.783156487970462,9.90130428964093e-07,8.09074000664852e-06
"P34077",NA,7,NA,NA,NA,NA,20.2050553377869,19.7246606605685,-9.65066876556087e-20,0.999999999647509,1
"Q5T200",5,4,5,8,6,6,19.2800851479317,19.1135290531374,1.53493645211996e-20,0.999999999897822,1
"Q12849",12,12,11,11,12,11,20.7435922217489,20.7264127017771,0.117136649973344,0.0906145093813026,0.205728100992025
"Q8WVJ2",4,4,3,4,4,3,21.9436795875629,21.8065387715923,0.180634192099266,0.135953825095168,0.287085511337491
"Q969Z0",10,9,15,12,13,14,20.9939902957307,21.0731147790624,0.239525350624202,0.00510518721368332,0.0176569694458867
"P39683",12,13,12,NA,NA,NA,20.1256681555252,19.1157051129723,-0.794189759325386,6.50301117795464e-09,7.56368376726216e-08
"Q12905",12,11,12,10,12,18,22.5866930379657,22.7787040598362,0.206904369548498,0.0087863855485342,0.0283176861617284
"O43181",NA,2,3,4,3,3,21.3316354977752,21.3635553217181,0.0659778711583778,0.461708638820573,0.777238732814673
NA,NA,NA,NA,NA,NA,NA,18.6266176140679,19.228384944985,7.37832474390592e-19,0.999999998949767,1
"Q99459",22,21,22,24,23,25,21.1581455976365,21.2417105362407,0.210804120046246,0.0147540981310993,0.0438970562755605
"P50336",NA,NA,1,5,4,4,19.8297174425496,19.7168294072777,3.96291134784235e-20,0.999999999775561,1
"Q8N9T8",5,6,6,5,10,7,20.5819757316053,20.3941269268339,6.48070338270796e-20,0.9999999994886,1
"Q8NCA5",5,4,6,5,7,6,20.9715192844286,20.8768026132941,8.50689017895244e-20,0.999999999460833,1
"P53941",NA,2,NA,NA,NA,NA,19.9493725436423,18.7740276105282,-0.617063722066104,0.1532958773827,0.31539369351669
"Q93008",9,7,9,10,NA,8,20.2702910782972,20.1817229912192,7.94639173536217e-19,0.999999998080811,1
"P19262",8,5,7,3,2,3,21.1507955393138,20.2101533344351,-0.737901783504215,9.93405163715392e-08,9.59958859208392e-07
"Q9NWV4",6,5,4,4,4,3,22.2272947678144,22.3722075856693,0.220166337232172,0.421248236658629,0.717502532413236
"P20604",NA,3,NA,NA,NA,NA,18.8076777877293,18.0258953557221,-0.148980370845846,0.520864454634231,0.860746788537633
"Q99661",17,17,17,18,17,20,21.3310265222427,21.2432049862609,0.112967568862428,0.0366192180053432,0.0957644010302923
"P30084",9,12,8,10,11,8,21.9454922092981,21.9404845308983,0.110312064524889,0.210986152312166,0.408586476229906
"P0CS90",18,24,17,13,14,15,22.7529854478037,21.8389640255586,-0.730902455801668,7.29724621985463e-23,3.93437508806928e-21
"Q9UBU9",11,10,14,11,12,15,20.3804691140145,20.2099816066477,0.113524805998426,0.330004424567651,0.587954146179981
"P07251",12,13,14,12,12,12,23.3434555824269,22.3334770903522,-0.795500954244406,8.43422599419272e-16,2.18193048253353e-14
"O94927",NA,NA,NA,5,NA,NA,19.592428640544,19.7613150003496,0.203648068392307,0.105861818450007,0.234187967050256
"P21367",NA,NA,NA,NA,NA,6,20.4728053441976,22.3073091246049,1.90771118080686,3.49493295428461e-12,5.98286890601422e-11
"P0AGD3",NA,NA,NA,2,3,2,20.0821712136858,21.1090722911915,1.26713062097395,5.16218557946969e-06,3.74128751356289e-05
NA,NA,NA,NA,NA,NA,NA,19.0142177372214,18.6063499762433,-0.251995882686413,0.311123881078437,0.560060701929894
"O95140",4,6,4,6,NA,4,20.2017639607039,20.192496175531,4.11476132833881e-13,0.999999632733072,1
"P0C0T4,Q3E792",3,2,NA,NA,3,2,22.9045806698701,22.2485772315046,-0.276289000676161,0.190522503701885,0.375651612235489
"Q8N1F7",27,25,25,28,23,30,21.8506600334809,21.7698795196072,0.0339527353682683,0.315913225979315,0.567404545664591
"Q92621",27,32,30,35,37,36,20.976776254943,20.9340099387496,0.0961259448539075,0.0374217032652966,0.0975534596192934
"Cont_P05783,P05783",14,13,13,14,11,15,22.040383812841,21.9499482565629,0.0974206004433271,0.20306981044496,0.396181852031442
"Cont_Q9N2I2",NA,NA,1,2,1,2,20.2962990962856,20.2652209714272,0.11223781848482,0.373045614742292,0.647469075573933
"Q9NPD8",NA,NA,4,5,NA,NA,21.0148888473288,20.9158575697839,3.98116684255383e-20,0.999999999673675,1
"Q05359",NA,3,NA,NA,NA,NA,22.2791946576322,21.4135323782053,-0.668755705278264,0.0148026083728764,0.0439960060294303
"P50101",8,8,NA,NA,NA,NA,19.3027602216393,18.7385735336884,-0.309158546943763,0.0580044129112612,0.140953795824328
"Q9NYP9",3,3,3,3,2,3,20.875254073733,20.7254084950583,-7.2975011466089e-20,0.999999999516582,1
"Q8N7H5",11,12,11,13,11,12,20.7557568983729,20.646407559925,0.0645809869363666,0.376141213337443,0.652030847278759
"P52630",NA,NA,NA,5,3,5,19.7394271632639,19.6890714680078,7.48534399979381e-20,0.999999999627843,1
"P54578",23,23,22,24,25,27,21.3870529602999,21.3767837965801,0.143506689126266,0.00304600018103577,0.0113151159332874
"P04792",18,16,17,15,17,16,21.9596218650147,21.9962485200409,0.181371757078614,0.0495722409341166,0.124232084252354
"P62917",5,7,7,10,7,6,22.06518417068,21.9183691091703,4.57669558279495e-10,0.99995029193462,1
"P32449",5,7,7,6,NA,7,21.7186512271403,20.7311521783521,-0.781757253872573,3.42674605377978e-07,3.05075586176783e-06
"P0A7J7",NA,NA,NA,4,NA,NA,21.4542847615235,23.2251386476072,1.81396504232114,1.63288096345067e-10,2.36685685380576e-09
"O75940",4,3,2,6,5,2,21.4493843934744,21.3780356116444,2.35056508299527e-18,0.99999999703409,1
"O60216",15,11,11,12,11,10,20.7753473713816,20.6809255734846,0.0728002090822833,0.147769155304067,0.306427123274321
"O43159",NA,6,5,10,5,7,20.1133434174872,19.9568849545024,3.02380537753713e-21,0.999999999964337,1
"Q9Y2W2",10,10,11,10,11,11,21.1501541053823,21.0751507047128,7.81153713106703e-09,0.999803441711873,1
"Q00764",13,13,11,6,9,7,21.7834337824087,20.7670567920432,-0.868940538216517,9.63391069773765e-07,7.89460664989326e-06
"P33331",5,7,8,3,4,5,21.0642781426877,20.1581477919589,-0.591266865419117,0.000153151109460413,0.000825727804184227
"Q01780",19,16,17,22,19,17,20.2487538581715,20.2626560050855,0.0226456125294382,0.687859896651008,1
"Q9UBE0",15,14,16,16,12,14,22.0303266377458,21.9580495760139,0.0420649123156157,0.319428971784826,0.572827397645838
"P47160",5,7,5,3,4,5,20.6239568872699,19.7066246305349,-0.824222744721768,2.01349001954409e-08,2.15107850421294e-07
"P25786",13,13,12,12,14,14,21.8451496613185,21.7314116727658,6.19215218644406e-20,0.999999999295332,1
"Q8IZ73",4,6,8,7,8,7,20.4380542603664,20.375388484002,0.177945608886901,0.00457249374211655,0.0159677460037956
"Q9BUQ8",19,19,20,27,22,21,21.3818734753403,21.2470702647346,3.41459227391117e-11,0.999981865927521,1
"Cont_Q3SX14",2,4,2,4,6,4,20.3224933790924,20.1781580768934,-1.14250475716552e-20,0.999999999915562,1
"Q9NRR5",6,5,5,8,7,7,20.3845255590745,20.3433701180906,0.0500523597224107,0.420581080821736,0.716789440254237
"Q13951",3,3,3,4,4,4,21.1500252078046,21.2124862986085,1.24922996805241e-19,0.999999999259619,1
"O14828",7,5,5,6,5,4,21.0526425864161,21.131857456331,0.125532052556724,0.226842953752964,0.433839945002844
NA,NA,NA,NA,NA,NA,NA,19.1081561243209,19.1890336349912,0.100800974657978,0.664723695922657,1
"P14314",12,16,12,15,17,14,21.5621352597055,21.4208017794599,0.042280242620309,0.332177393438117,0.591642909152361
"O76031",10,11,8,9,10,12,20.984043084783,21.0484585039015,0.171435710156058,0.0635254714776658,0.152508716169228
"P0A870",8,6,6,15,14,13,21.3500790264908,23.0137595251025,1.88005446376275,7.28804302107813e-23,3.93437508806928e-21
"Q6ZSJ8",NA,3,3,NA,NA,NA,20.8820821478938,20.5999468297717,-9.15170489316901e-12,0.999998998636059,1
"Q15942",12,11,9,12,15,14,21.2926127372337,21.2466627096243,0.0037331339739977,0.805457342322319,1
"P27248",3,4,2,5,7,8,19.9219939459382,21.6637059605329,2.00452200163055,6.21897812602052e-09,7.26260826093367e-08
"Q9NYM9",NA,NA,2,NA,NA,NA,20.2507009667203,20.4492897660403,0.383076787244364,0.0478708866591097,0.120491773619722
"Q9UHX1",15,15,14,20,14,18,22.6251172411881,22.6881590399772,0.226607979671514,0.00272291542954818,0.0103122843855596
"P0A910",NA,NA,NA,4,2,4,18.2589856189767,19.8825873929136,1.72956124572666,3.13486286066231e-06,2.37648145113809e-05
"P51809",4,6,5,6,4,6,20.9406995985549,20.8667209310133,1.12987312792645e-19,0.999999999225559,1
NA,NA,NA,NA,NA,NA,NA,20.00449246404,19.6837086113965,-5.55946345998571e-20,0.999999999757852,1
"P40693",NA,4,NA,NA,NA,NA,20.3292463237011,19.2788325746158,-0.827294530537963,2.3767665554251e-05,0.00014936346686544
"P49773",5,6,7,6,6,7,21.9202882615785,21.9164268403916,0.15507035202691,0.0489903623955153,0.122987554682214
"Q5JTZ9",5,8,7,5,7,7,19.9639536947218,19.9041559637891,0.0640082972350182,0.351385122534923,0.619731205106686
"Q8NG31",NA,NA,4,NA,NA,6,19.1959569226879,18.7430430714975,-0.246153887093255,0.130701405843773,0.278282750132036
"Q86U44",NA,NA,7,5,4,3,20.1100849277242,19.9325946744808,-1.57236879795255e-20,0.99999999987478,1
"Q9Y6K9",4,NA,4,5,NA,NA,20.1386496735677,20.1819885131652,3.12400930538289e-17,0.999999993830956,1
"Q14789",8,NA,NA,NA,NA,NA,19.6508903346144,19.2557257908432,-6.03755712645152e-18,0.999999999003526,1
"P40363",5,7,7,3,NA,NA,20.7883444575416,19.8592608419375,-0.681289338481084,0.0019139206974249,0.0075626085640029
"P32527",8,9,8,8,4,5,22.3369024546169,21.5403874847549,-0.562688745735817,1.18417166908957e-08,1.32137066904792e-07
"P0AFG8",NA,NA,1,14,15,16,19.1628097626784,20.6442324288063,1.76595843172344,7.16199179366141e-14,1.49701198034901e-12
"Q13423",16,15,16,18,18,18,20.5588791225768,20.5302226856817,0.187687379978716,0.0709193864149286,0.167334944878414
"P0AGJ9",NA,NA,NA,2,NA,4,18.1503175466495,19.9454338293453,2.11091172231573,1.19998079342946e-05,8.03096194581732e-05
"P16140",26,25,22,23,24,21,23.3212577845428,22.2449258804529,-0.858884667275197,3.260923992897e-42,7.83844604792617e-40
"P36543",NA,NA,5,3,NA,5,21.3516742944125,21.2507076547318,1.08390466239157e-19,0.999999999441225,1
"Q86UX7",21,21,22,24,22,21,22.3768318620609,22.3557091331728,0.097351329503918,0.0239956835904714,0.066521431347155
"Q00688",6,7,5,7,6,6,21.8131186023341,21.7524209888852,0.00581207312589869,0.793786826871374,1
"Q96GC5",NA,3,2,3,2,3,20.0837440400538,20.1141390952012,0.0708691205713669,0.454459389763994,0.766153190984361
"P13639",56,60,64,59,58,70,23.1922212037063,23.147867379743,3.55142725492233e-09,0.999622356952913,1
"P0AGD1",NA,NA,NA,2,NA,NA,18.1769820289478,19.6059241693639,1.36488953212874,0.000452831017623392,0.00213604426874027
"P00830",12,16,16,14,11,15,22.4583162733295,21.4729165044927,-0.799787501698661,7.80249086288575e-17,2.43311188043178e-15
"P00505",10,10,10,8,11,12,22.072332148667,21.7889068856697,0.109615332671308,0.244515523247587,0.460532175519206
"P12081",7,7,9,5,8,7,22.0607045641498,21.9883730966155,0.0564180811995691,0.372832300666961,0.647462234361137
"Q86VM9",14,12,13,13,11,10,21.0116995079031,20.8533585506817,5.64347394309913e-19,0.999999998598201,1
"Q7L5N1",5,7,7,7,9,6,20.5219885170828,20.4260860089089,0.0356524104078051,0.445422777218297,0.753708995969912
"Q00013",18,19,20,23,19,23,21.626387840489,21.665868066693,0.20204359394119,0.000455179635177419,0.00214361740027635
"Q96CW1",5,8,7,8,10,9,21.2568567917482,21.2251783189223,0.101504412873827,0.253209969658575,0.473046734119274
"Q12499",9,6,10,6,4,8,22.0326971710844,20.9563282539086,-0.792165494432243,5.48870683748058e-16,1.45249310758832e-14
"Q12824",8,5,8,9,6,6,20.3731382792348,20.3886520256819,0.235181445821382,0.0511211220600046,0.127504432842268
"P56537",9,7,7,7,8,9,22.9475671754058,22.916495500183,0.17332687079692,0.00288969853681843,0.010839187814633
NA,NA,NA,NA,NA,NA,NA,19.1194404656388,20.3139883612426,1.28056563223988,0.00025615402038691,0.00129969440950931
"O75608",NA,3,4,3,3,6,22.9133439153725,22.8466188841774,3.30897971535934e-21,0.99999999996968,1
"Q9NNW7",4,3,4,4,3,8,20.6255483147759,20.3649353956046,-9.3438987037463e-12,0.999993571747316,1
"Q9Y5L0",17,17,16,18,19,21,21.2107006623662,21.0622241214591,4.59135011263905e-20,0.999999999342596,1
"Q5C9Z4",NA,3,6,NA,NA,NA,19.5911286247552,19.4832008706795,3.25997325376727e-20,0.999999999767466,1
"P0CX23,P0CX24",7,7,7,6,7,5,24.9178373524947,23.8001153529191,-0.966205007981795,2.15845691407783e-07,1.98915941490655e-06
"P25619",5,3,4,2,NA,4,22.8829801885463,21.6898630202385,-1.03898438781646,0.000152931182863144,0.000825637938228585
"P10606",4,6,4,6,5,6,23.2939376788335,23.3402329629489,0.22668654051776,0.172404588662771,0.346189374171781
"Q8NEJ9",NA,5,3,7,6,6,21.1247160081922,20.9644647680204,0.0442361095472216,0.445510084287987,0.753708995969912
"Q01196",NA,NA,6,NA,NA,NA,19.502678286166,19.425998552897,7.84987002144253e-20,0.999999999545701,1
"P0CX45,P0CX46",11,13,13,8,7,7,20.7927038250905,19.7155386814596,-0.910507391292347,1.35536069325319e-20,5.66599698505626e-19
"P16949",6,6,7,6,7,7,25.0947517143322,25.2729829908467,0.371839795462645,0.00437339269334925,0.0153561183493194
"P0DTT0",NA,NA,NA,NA,7,2,18.7325965743151,20.4143913045768,1.98474049121007,2.24812888283155e-07,2.05717498976417e-06
"P15019",13,16,16,14,15,13,24.0223365840904,22.8425937116789,-0.983212132524449,5.41047956316398e-10,7.29277023361986e-09
"P82912",NA,NA,2,NA,NA,3,20.0129580509072,20.0387720346107,0.0931425394701865,0.554975779162878,0.910366007497553
"Q15019",10,11,12,11,10,12,21.6057328310314,21.604461012131,0.0776713238005539,0.234013128777736,0.444964317705589
"Q5QJE6",17,16,12,15,15,18,20.8002272044416,20.7637104585846,0.134893194135619,0.01222491933962,0.0376940457884916
"Q02878",17,19,18,19,17,16,23.5877906189548,23.4552683449378,3.3508719221607e-20,0.999999999527784,1
"Q04338",1,NA,2,NA,3,NA,19.8078022379972,19.6149022887733,1.60968830650523e-19,0.999999999602392,1
"Cont_P05787,P05787",23,23,20,24,27,28,22.1528626784439,22.1140961859864,0.184045063482343,0.000558506520272293,0.00257968303879172
"Q75N03",NA,NA,3,NA,NA,2,19.7982652204872,19.8133484118056,-6.57655261442392e-11,0.999995238045827,1
"P0CX41,P0CX42",13,13,10,8,7,10,21.7252754213636,20.8542305911147,-0.736901065988951,4.09804944344286e-07,3.59295550748053e-06
"P23724",7,5,NA,NA,NA,NA,19.8957097146907,18.9528864263307,-0.107387235859088,0.56128780583067,0.919122722633305
"Q12460",11,16,17,9,8,11,21.6011788542509,20.6154746903654,-0.754473469748579,3.86881996171783e-08,3.95030484232746e-07
"Q04080",NA,NA,2,1,NA,NA,19.9574037839967,18.9868272562063,-0.478505583292883,0.0293457915721091,0.0789994734388694
"P0A799",6,6,7,10,14,8,20.2522415850647,22.1516207818751,1.88001945613512,3.72970790567483e-21,1.72133479262705e-19
"Q96DM3",NA,NA,3,5,NA,3,19.2273888894401,19.4916200696577,1.60796246099745e-19,0.999999999308187,1
"Q9UMX0",4,5,5,4,3,6,20.9761214497575,20.7242649917325,-4.35632124595524e-11,0.999986885414565,1
"P78395",5,4,4,4,4,6,21.2395029303791,21.2055914491498,1.29360525865855e-11,0.999989101576542,1
"Q9Y3Y2",4,6,6,4,6,5,20.6124138585042,20.3258298075765,-2.92354138370522e-20,0.999999999832321,1
NA,NA,NA,NA,NA,NA,NA,20.6510533764379,19.8204320923795,-0.63013391649714,0.00833398305623027,0.0270713672586669
"P49756",14,17,16,14,14,18,20.9020315778759,20.7682699876932,5.30720946647579e-21,0.999999999929914,1
"P53621",30,30,32,32,28,29,21.0951194781109,20.9865413308799,0.0543053666756035,0.253174912288213,0.473046734119274
"Q99986",8,8,9,6,9,9,21.5007387186923,21.4887658835847,0.191515486177419,0.0832837188006931,0.191955163308509
"Q96KP1",NA,7,5,NA,6,5,20.8212890151293,20.8736770259846,0.102395535578746,0.451894428747497,0.762943798491164
"Q12962",2,2,2,3,2,3,20.7497306223698,20.5801249206789,4.53371604537256e-20,0.999999999725644,1
"O94826",10,10,11,13,10,12,20.9284966803623,20.7754672850848,5.57494760894234e-20,0.999999999360286,1
"Q14677",11,9,9,8,7,9,21.3292243417393,21.2110731008896,2.78926402833847e-20,0.999999999760356,1
"Q2NL82",14,14,12,15,15,14,20.7592998784057,20.6317752251985,5.23517950475364e-20,0.999999999343958,1
"Q9NSI2",5,NA,4,4,5,4,20.5510267838417,20.5004454487772,0.0833847413382703,0.239859003540109,0.453836205779891
"P34913",7,5,5,5,3,6,19.7175740748876,19.9812901734239,0.504313365611086,0.000433749968222374,0.00206631178090411
"Q9HC35",6,6,7,5,6,7,21.0041606051932,20.8565314165675,5.74183991047271e-20,0.999999999773906,1
"Q08378",8,7,7,8,8,13,19.4300770855345,19.1579245514521,3.718825547388e-16,0.999999970931983,1
"P49137",NA,4,NA,NA,NA,NA,18.1751112116335,18.0242887063735,2.48008491014098e-20,0.999999999862409,1
"A5YKK6",26,26,30,33,31,32,20.5691915142027,20.5643032758641,0.141655055363214,0.0387344478266596,0.100235253781675
"P48556",4,7,6,5,6,5,21.4456883009791,21.1907826693561,-4.34209584341786e-20,0.999999999542289,1
"P16603",18,20,16,9,9,12,20.9837235577496,19.9170228830994,-0.833748517704369,3.31124299484159e-20,1.32656672480841e-18
"Q01581",16,15,19,14,19,17,21.9957558747372,22.0078145535453,0.224491459123167,0.000103428071138038,0.000581244288421095
"P32614",17,15,16,10,9,10,21.5483546717412,20.4913162666444,-0.901126001322473,6.21094309787987e-17,1.94733319193853e-15
"Q9UHB6",NA,NA,5,7,9,10,20.1789624865206,20.1126556427597,0.0721972277925655,0.272232324193263,0.502150325635945
"P08670",22,28,27,26,24,25,23.6114865291541,23.5725284352697,0.101171629089294,0.0867987442634461,0.198628304504491
"P53551",NA,4,4,3,NA,3,21.050789431611,20.0239501807796,-0.83040052890387,1.61017421017503e-06,1.28479875774547e-05
"O00567",12,7,9,10,13,10,20.7423276584157,20.507831027859,-7.44493062200416e-21,0.999999999879991,1
"P41743",NA,NA,4,NA,NA,3,19.48491820593,19.539463291266,0.0713889222619759,0.522499668761814,0.86295464903719
"P30622",NA,6,4,5,NA,9,19.5751603094572,19.5447967780069,4.11893562128256e-20,0.999999999741353,1
"P16930",10,15,14,10,11,13,22.1546759008137,22.1028856575842,0.123346832570634,0.0136747327007421,0.0411740777403868
"Q71RC2",12,11,14,11,9,14,20.3039738010546,19.9874768366943,-3.51135709064678e-20,0.999999999764457,1
"Q06406",2,2,3,NA,NA,2,20.6469851471418,19.7319890752399,-0.660318840682157,0.00281627068342319,0.0106051341858149
"Q9NUL3",NA,3,9,8,NA,9,20.108980625737,20.0667923711092,0.0750939593007527,0.352915619628542,0.621290878741854
NA,NA,NA,NA,NA,NA,NA,19.3464172261333,20.2438507810569,0.70123212667509,0.00526290918761692,0.018115586577185
"P14747",7,NA,5,NA,NA,NA,19.7734480269561,18.7232876914753,-1.03269440280375,1.43467935997884e-07,1.35019008608775e-06
"Q5SW79",10,12,8,15,9,13,19.355104737613,19.2639784328833,5.98366749212907e-20,0.999999999404012,1
"P61225",NA,2,1,2,1,2,20.5920169702191,20.8792558178621,0.455967410918169,0.0192604829505853,0.0550613112695373
"Q12480",NA,5,4,NA,NA,NA,19.5822508628002,18.8142599213117,-0.56389567119881,0.000604875049010953,0.00276069949188623
"O43660",10,10,11,13,11,12,20.1801754165596,20.0429351786291,9.79423846035268e-17,0.999999979938947,1
"Q8IY33",NA,NA,7,5,NA,3,20.0735594361721,19.7520257601234,-3.9210133819552e-20,0.999999999751121,1
"P05362",NA,NA,4,NA,NA,1,20.5864288312294,21.0853792277004,-2.7780841006567e-20,0.999999999963257,1
"Q8TEA8",NA,2,1,2,2,3,20.4976416963251,20.4660627196131,0.17157761280336,0.3632710961699,0.634679271291386
"P13073",8,5,7,8,8,10,21.7343578075899,21.921229497651,0.23954794373296,0.037513434833512,0.0977042914467409
"Cont_P01017",4,NA,5,5,3,3,19.6124267270261,19.5796965337131,1.28255599423212e-19,0.999999999396133,1
"Q01813",21,18,15,19,15,17,21.4130194434897,21.3720194120273,0.076658448496437,0.256914953125343,0.478904927130774
"Q7L014",30,32,33,36,35,36,21.0244903707947,20.9212158277934,0.0775864816948883,0.0579210889533393,0.140871316261304
"P08397",13,12,15,14,13,13,21.4987901138775,21.3766445059506,0.00442087597416958,0.822186811952339,1
"P07806",26,26,30,24,18,20,22.0129660526417,20.9661890924479,-0.898671897536811,1.88272039739003e-26,1.48786492774562e-24
"P22695",12,15,15,18,16,15,21.8822420608445,21.8898925570376,0.15006830590712,0.0846941394595105,0.194351825991216
"P62993",7,6,7,6,7,5,22.4878134153567,22.3929524011374,6.39667564300747e-20,0.999999999396085,1
"Q16698",10,11,12,12,9,10,21.7819439737737,21.7403405445837,7.24130702033493e-20,0.99999999943484,1
"P22202",NA,4,4,2,NA,NA,21.4430648260666,20.4133370388027,-0.740378304041069,5.51629766466206e-06,3.9680201031715e-05
"P30656",NA,3,3,3,NA,4,21.6878889635064,20.489095403084,-1.00821129795805,1.52748521919562e-05,9.95713246275656e-05
"Q9BWF3",4,3,3,4,3,3,22.2191775506905,22.1983505452952,5.81914300901171e-17,0.999999985930889,1
"Q5VW32",NA,4,NA,3,NA,4,20.3357878793413,20.9331940985283,0.588517324386014,0.00542586612614771,0.0185689025839011
"Q9H9Q2",NA,4,2,4,NA,2,20.3619796918187,20.4132380012288,4.62778722910384e-20,0.999999999738249,1
"Q06830",19,18,21,20,19,21,24.5543001885746,24.5448037984078,0.186120310673469,0.000533764450319954,0.00247929719315283
"P32119",12,9,10,11,10,9,23.9312169416931,23.7873506490218,3.50985254505639e-20,0.999999999562536,1
"Q07505",NA,3,4,NA,NA,2,20.1885092994181,18.9464360119341,-1.14812172907568,4.07763024712132e-08,4.13424409413759e-07
NA,NA,NA,NA,NA,NA,NA,19.5506372303498,19.6766210230573,0.298475584372074,0.129809199113639,0.27694869441072
"O75874",9,12,11,12,12,9,21.6864012200768,21.5534069397505,1.41072565658927e-20,0.999999999788762,1
"Q00402",11,11,10,5,11,NA,20.4889966640886,19.5498103487567,-0.737578284967325,1.05284695276455e-12,1.94675450977522e-11
"P15254",NA,NA,NA,7,NA,11,17.634506777503,19.1122077452554,1.55469227225206,6.21710722775379e-05,0.000364867666296151
"Q96Q11",9,9,6,10,8,9,20.6915159808498,20.6585231705141,3.17035481193321e-20,0.99999999986075,1
"P21954",6,10,12,5,8,8,22.064153879518,21.0142721552758,-0.884685096353029,9.44385525248086e-19,3.51494199687497e-17
"Q96G74",5,NA,3,3,2,NA,19.6637794416326,19.4552579066202,-1.65372804569464e-18,0.999999998259146,1
"O75157",2,3,3,3,3,4,19.9121135160045,19.7194277953095,2.59280440213533e-20,0.999999999878106,1
"P22059",11,13,12,13,15,12,21.0196001165747,20.9204693835362,2.7949047982971e-21,0.99999999995622,1
"Q99436",9,9,12,12,12,11,21.6917562576422,21.3678568296986,-3.78871259497286e-20,0.999999999534032,1
NA,NA,NA,NA,NA,NA,NA,20.0752539848931,19.9790033660251,1.14776017761271e-20,0.999999999964555,1
"P76177",NA,NA,NA,NA,3,4,NA,NA,NA,NA,NA
"Q6NZI2",8,8,9,8,10,8,21.2872635815479,21.2699667895282,0.174910063122082,0.142359795899147,0.297164629453503
"P31942",11,11,14,14,12,15,20.6665388022337,20.5920863650522,0.0896217919135767,0.168757378032477,0.340525118527234
"P55795",8,6,7,8,8,6,20.7838057562359,20.603270525049,1.63070852104584e-20,0.999999999804635,1
"Q8IYB8",11,7,10,7,9,14,20.1075289365206,20.0579203974503,0.0655623979166096,0.177054080020076,0.35453835044631
"O95478",4,4,7,5,NA,6,21.0839391727189,21.1317285000033,0.240438647756563,0.0125992743946438,0.0386007509201807
"O14776",16,17,17,18,16,20,21.2335450080185,21.0489736080406,0.0659140821056277,0.166020053923072,0.336059540730598
"P53330",NA,NA,2,NA,NA,NA,20.3997064043677,19.265987086908,-1.04431002472838,0.000204774065130869,0.00106908740428958
"Q9NTZ6",14,16,17,14,16,17,20.991414853983,20.9492090886643,0.113812251481417,0.0202854080301838,0.0575351617139285
"O43684",15,15,15,17,16,12,20.8997484871564,20.8837727597186,0.134632072660794,0.0332263634353502,0.0882111783978534
"P0A6K6",NA,NA,NA,12,14,11,18.9143708522896,20.2922044980994,1.56117697880548,8.61681075567425e-09,9.86317088283428e-08
"Q9UKJ3",NA,NA,2,NA,NA,NA,19.0927765979822,18.5204464873172,-3.92464735600819e-06,0.999489763162125,1
"P23291",6,2,4,NA,NA,NA,19.7941471508702,18.7312973462162,-0.999711353276446,4.11991384470008e-09,4.87044732993335e-08
"O00566",8,7,7,7,7,11,21.0951509678155,21.0611326411881,0.139253606938387,0.0426740801515771,0.108980419829326
"Q96KG9",8,7,6,8,5,8,19.8632710279646,19.9262124024845,0.0903671836516575,0.293036392138414,0.533157781093886
"P23921",19,17,15,18,19,19,21.2529834352908,21.2938803574115,0.147599670526015,0.00987705955533669,0.0313081080080974
"O00203",9,6,7,10,6,9,20.8849585754111,20.4097203068069,1.73445616367764e-20,0.99999999992855,1
"P09734",5,5,5,NA,3,2,19.690904926087,18.6716862307867,-0.919983358737194,0.000526439915826027,0.0024511960245362
"P0A7W1",NA,NA,NA,4,3,5,18.6165311083326,20.7996921989452,2.44965214342816,3.10670159621602e-08,3.22348228571407e-07
"O14787",6,5,4,7,5,8,19.9952847594469,20.2665969987493,0.196350815422637,0.0566801374873652,0.138591699155544
"Q96AG4",NA,4,6,6,6,7,21.5038888844958,21.5855517019154,0.0269051150622872,0.572965856376356,0.936385276327251
"P60422",NA,NA,NA,10,12,11,19.07718085982,20.8384204705038,1.8759309207863,9.26367355196457e-08,8.98937946009616e-07
NA,NA,NA,NA,NA,NA,NA,18.7381106810611,19.3091203843691,4.09991837341181e-19,0.999999999280456,1
"Q07362",3,3,3,NA,2,NA,20.1312557699621,19.361553074928,-0.727946735773662,2.98681684084602e-05,0.000184227238565213
"P17695",5,5,6,5,3,NA,21.8862109435302,20.9426732211855,-0.79030132222296,4.05742720754268e-05,0.000246392605898039
"P37898",10,8,9,7,4,7,20.3499607736758,19.4786723690541,-0.697418836015845,3.82216204418784e-06,2.84150165372676e-05
"Q99873",14,12,14,10,10,13,22.0255994037774,21.9702086413626,0.189906696674797,0.0146820778145074,0.0437053183239902
"P29311",4,4,4,4,4,4,24.2542298739576,23.0699037710258,-0.966174496836466,0.000152991325353849,0.000825637938228585
"P23639",8,5,8,2,2,6,21.4185090713781,20.3603589814933,-0.861369378826378,3.8455517191483e-08,3.93350848719265e-07
"P37296",NA,NA,2,NA,NA,NA,19.9424634894426,19.0318296130286,-0.706128033972397,0.00295660084671376,0.0110327492139015
"P34730",3,3,3,3,3,2,24.1782078955717,23.0439726703854,-0.991440042357383,2.49408398592313e-09,3.06135542867884e-08
"Q03769",NA,NA,5,NA,NA,NA,19.6704257549209,18.8771506146761,-0.7700424243803,9.17343793770664e-05,0.000520881530143992
"P04840",21,21,18,16,14,13,24.0909434924894,23.0554693509572,-0.824336605893911,1.95026091396816e-29,1.87517586878039e-27
"P54198",NA,7,4,9,NA,3,20.2035974950467,20.320945329222,0.304869371538646,0.0562829178958004,0.13769981057713
"P26783",12,11,11,10,10,7,24.6226229042218,23.545904719185,-0.62713565372433,0.00583752197529894,0.0197170165547421
"P27816",27,31,29,28,31,28,22.1196554568315,22.0062959470471,0.104035930456819,0.00591303526421253,0.0199170744835954
"P0AFG0",NA,NA,NA,2,2,3,19.7948825308797,21.2806878124999,1.76258973090336,4.83475948754707e-05,0.000289365741046116
"P60842",17,16,17,16,15,20,22.0876898053926,21.9752710449651,0.0470226950293883,0.367301230977486,0.639396741553748
"P61960",4,5,3,3,4,3,21.4210899784389,21.4499552152901,0.144515587464519,0.164175476212255,0.333378501326469
"Q9NNW5",NA,4,8,6,NA,8,18.9334469846896,19.0934745138725,0.153747954988965,0.384841963802203,0.665713130187379
"P00519",7,5,8,12,NA,7,19.8225160836466,19.9003441063154,0.133729484003466,0.155790931568145,0.319328742090005
"Q13617",8,12,11,8,10,13,19.520998845539,19.4536497796767,1.40646191208195e-11,0.999996452728722,1
"P32379",NA,7,7,7,4,5,21.3976149383073,20.2993263072036,-0.898378364078201,5.17384721231347e-05,0.000308028117315133
"P51659",20,15,20,17,18,18,21.1121599555701,21.0900465649105,0.114154733386446,0.108174349369054,0.238554213115472
"P28274",7,6,8,NA,NA,NA,20.6551729211672,19.4690603747929,-1.01967894912947,2.61445126475613e-09,3.20228648543059e-08
"Q13492",10,13,13,10,10,13,22.0662280551996,22.1056345861145,0.0938109617529619,0.135334762015692,0.28609243021932
"Q15003",16,12,12,14,13,18,20.7061674158719,20.621016769218,0.120874680581783,0.111307161348354,0.244063479216517
"Q96S44",NA,NA,3,NA,3,NA,20.2961358778172,20.2832643787526,3.96486240358074e-20,0.999999999833979,1
"P38353",NA,5,5,4,NA,4,21.4810983998289,20.6532520003182,-0.714197704748524,0.0202243654959601,0.0574184864892686
"P25491",14,12,13,13,11,8,22.5196015313844,21.3383336687569,-0.898439245929184,2.77300472726166e-19,1.06649761810483e-17
"P41805",9,13,10,8,10,7,22.1885999607161,20.7897370986219,-1.06756175340175,0.000175041521184784,0.000928138360032186
"P39931",NA,4,3,4,NA,NA,20.6967340323984,19.7018075727611,-0.827704478770064,2.55815810737317e-06,1.97299654029891e-05
"Q9H8H2",NA,NA,NA,1,NA,1,18.2114624237673,18.598695238769,0.482703326185643,0.0407179932485062,0.104586866896987
"P50552",9,12,12,10,12,13,21.6371505896562,21.312069925095,-1.38270420157835e-20,0.999999999917201,1
"Q99216",NA,3,NA,NA,NA,NA,19.5729195855904,18.7333320429756,-0.685488600664152,0.00589636257541171,0.0198924653202048
"P0A6P9",5,7,7,10,12,12,20.553617873943,22.4960213803457,2.09555770235501,4.72941295666984e-21,2.13156119898658e-19
"Q9NP92",NA,4,2,5,5,4,20.3435947387267,20.3609643316735,0.0537320063979275,0.458336950895266,0.772013392617458
"P08839",NA,NA,2,9,6,7,19.3639550398703,20.7881270515522,1.47427951727004,1.59468964630953e-07,1.49104774223009e-06
"Q9NPQ8",8,9,10,8,10,10,20.0332072577489,20.1552568633171,0.264568848645343,0.000285987669419896,0.00143341691128008
"P33338",5,8,6,7,NA,4,20.4930713414486,19.3195634760729,-0.879449803146157,2.37855768813873e-06,1.84682359392629e-05
"P05023",11,13,14,10,13,11,21.8597544804419,21.8855835645574,0.165828626179922,0.00125175748122807,0.00521023730822852
"P43686",14,14,17,17,17,16,21.8912195085835,21.9184234152365,0.232431536473261,0.0240840024284499,0.0667342026943937
"Q96IU4",7,6,5,6,6,6,21.5607085659402,21.5589795162957,0.193911455789547,0.00979439573247529,0.0310650940566721
"P11412",20,12,17,13,13,13,20.9723700183272,19.9604990994081,-0.84269117438674,2.05523703601766e-12,3.65946372246477e-11
"Q8NCE2",NA,2,2,NA,NA,2,18.610859747516,19.0237073304068,0.158062175170603,0.292923054892137,0.533157781093886
"Q641Q2,Q9Y4E1",NA,5,4,3,NA,NA,19.6440057769908,19.6763002659947,0.159831302285341,0.141412307574025,0.295475408328341
"Q9NVE7",NA,4,5,8,7,9,19.8988773795333,20.0962008069957,0.183281744071074,0.0722240142276769,0.169996057967959
"P62380",NA,2,2,2,2,2,19.6377558222773,19.6129726053272,1.46928486360759e-19,0.999999999460434,1
"P07711",NA,NA,NA,NA,NA,1,19.320295510532,18.9115147028736,-5.8221613121592e-20,0.999999999863257,1
"P0A8V2",NA,NA,NA,16,16,22,18.8899877683402,20.5683308597489,1.9036845398157,7.66333264665137e-32,9.02240123235342e-30
"Q9BQE3",7,7,8,7,7,7,22.492821894355,22.3640270320018,0.146015591539062,0.122252196763591,0.263161538481028
"P09104",5,4,5,5,5,4,20.2459648351526,20.4634600652299,0.382456305739225,0.00926088583999811,0.0296976378048633
"P62906",7,10,10,11,8,10,23.5381690509535,23.461143119453,4.06767176586054e-10,0.999958300785948,1
"P37095",NA,NA,NA,4,4,3,18.8811923523659,20.6264800917895,1.81257894044108,3.19412722172549e-10,4.47255338401319e-09
"O60231",NA,8,7,9,8,15,20.1338881389865,20.2283596509149,0.282740918559108,0.0038560916178443,0.0138258499337127
"Q9NQR4",6,5,6,3,6,5,19.9039446305057,20.0344334963056,0.32129813674664,0.000259835675269286,0.0013137528576937
"Q99848",9,10,8,10,10,10,22.7483425969792,22.6388744064588,5.27052070952036e-11,0.999987291329092,1
"Cont_A0A3Q1M3L6",14,17,12,13,18,12,22.710081996207,22.6073725395935,0.064573086188111,0.221843187270049,0.425469862819453
"P52732",11,18,18,15,22,23,20.6490382698742,20.7037521250525,0.134201235281387,0.0226965148638079,0.0633460059261286
"P17709",21,23,21,12,14,18,23.0393386483556,21.928092930601,-0.827018432497237,2.30900143909047e-17,7.56853937620051e-16
"O15541",NA,1,2,1,1,1,20.277129954365,20.3890898598953,1.77323342232288e-19,0.999999999411963,1
"P39076",7,9,9,3,6,7,21.2000413957797,20.3417049967184,-0.883115383240742,5.11173927141912e-08,5.09319928442433e-07
"P48015",8,7,7,4,2,2,20.4838156871491,19.5050334969107,-0.831174691148888,7.18738873051898e-06,5.05043186192009e-05
"Cont_P12763",15,11,10,13,15,13,22.3246234271027,22.2417526692335,0.106957222738913,0.0229675484252302,0.0640095588720546
"Q13190",NA,1,NA,NA,NA,1,19.1253657731745,19.1459869210685,1.47337896279867e-20,0.999999999940118,1
"Q9UL45",NA,NA,NA,NA,1,NA,20.4153202486687,19.7818019448855,-2.08715239428874e-19,0.999999999672125,1
"Q9BRU9",NA,NA,NA,4,NA,NA,20.3507366914139,20.4472149106733,0.0503226611511272,0.526816736990321,0.86905778967944
"Q7L5Y9",NA,3,3,3,3,4,19.9929352740579,19.8705111240568,1.82367558004382e-20,0.999999999844553,1
"Q14C86",21,23,21,25,23,23,20.7315077518123,20.7513947578157,0.175575482887983,0.000584605415860715,0.00268091307162199
"Q8IXH7",NA,5,2,5,4,6,20.3575266130787,20.4377149602846,1.22862276210856e-08,0.999743383620551,1
"P54727",8,9,9,9,10,11,21.9668358939046,21.8745509352846,2.4465451824245e-20,0.999999999744516,1
"P32628",7,8,5,5,9,7,21.6878410844188,20.7235231564381,-0.80775998315119,4.24165249302483e-14,9.19928317002266e-13
"Q06210",21,21,18,20,21,21,21.596146452655,21.5882416291743,0.123968586862745,0.107299078089255,0.236805042653754
"Q9UHY1",5,6,3,6,6,5,20.7605664346306,20.8485713146111,2.75257853397547e-11,0.999989891292166,1
"Q96CW5",NA,NA,NA,3,NA,NA,18.2836863130166,18.7778236628016,0.15571710354997,0.499457534995376,0.829887822404471
"Q96C23",NA,4,5,5,5,5,21.5627037771063,21.4624021153238,1.78051123733853e-11,0.999990318755336,1
"P40825",30,28,29,16,21,21,21.8183465272616,20.7681280556398,-0.851531868635868,1.7291539828623e-29,1.6995779807137e-27
"Q12109",7,8,7,NA,NA,7,21.0191106936547,19.8635388608453,-0.900208007649191,1.04593211433636e-07,1.00399041058344e-06
"Q96P48",5,NA,9,NA,7,7,19.9656079032977,20.0575274742212,0.264175194946839,0.0662668241814214,0.158037746466565
"Q8N6R0",10,10,12,9,11,12,20.0435471355153,20.18257623556,0.146780721975355,0.260861649263096,0.485142119470922
"Cont_P81948,P68366",4,4,4,4,4,4,22.1564430526718,22.1699508746181,0.181846794360486,0.169040699818626,0.340739272275909
"O94874",10,10,7,12,11,9,19.8626569621111,20.0750755278889,0.406413429867587,0.0033840417893724,0.0123482207987915
"Q9NWV8",4,NA,5,4,5,4,19.949327476257,20.2893789247378,0.262465790237921,0.155153174569419,0.318306779548712
"Q14376",5,5,5,6,8,4,20.5919728777976,20.5872349860306,0.156226775279589,0.139191596210267,0.29263714232399
"Q9ULA0",10,8,8,8,10,10,19.4556456241516,19.6809945087462,0.377662205566461,0.00240646758430055,0.00924910825704855
"P61513",5,5,3,4,5,3,22.5319243423114,22.2859073027162,1.33402006840688e-17,0.999999997147685,1
"O95218",11,10,10,11,13,7,21.4812292111688,21.3758066064979,5.35771547124246e-21,0.999999999899268,1
"Q8NBF6",NA,NA,2,NA,NA,NA,19.8102623441636,19.6553236153029,1.6500117574615e-18,0.999999999659777,1
"Q3E841",NA,NA,5,3,NA,5,23.0905047518803,22.2669380386975,-0.229738853617409,0.0690208817585525,0.1635242163717
"Q13596",7,7,8,6,9,13,20.8530223066149,20.8488929050079,0.063738477760209,0.427771941412588,0.72711147024432
"Q7Z3B4",13,11,10,15,13,13,20.8329669562869,20.7230273758656,5.11385012864739e-20,0.999999999372641,1
"P28834",14,14,14,9,10,12,23.3621340554287,22.3921850506392,-0.772834159040495,1.09609114517878e-20,4.64952192392381e-19
"P07245",25,27,27,18,20,17,22.0906780678461,21.1262060919872,-0.765528458997803,3.65316998393316e-17,1.17738199091119e-15
"O14802",NA,10,6,11,15,14,19.2233995367543,19.3556347228278,2.85784377331079e-09,0.9998786117847,1
"P47039",NA,5,4,NA,NA,5,20.7978750274241,19.6109922562016,-0.772088282800238,4.69675110966769e-06,3.44289163299529e-05
"O60678",NA,7,9,8,8,10,20.6910418154869,20.5022565282014,4.51066020294392e-20,0.999999999676538,1
"Q7Z4W1",4,4,9,8,5,6,20.6453702063477,20.6586259542704,0.115114537197888,0.0880004614016089,0.200900143183966
"P0A9K3",NA,NA,NA,2,3,3,18.4093254191158,19.8035016034719,1.71125757056703,0.000365653318455866,0.0017726504152705
"Q9UPW6",4,5,5,5,5,4,20.4703005374442,20.2610510957057,4.92328405863177e-18,0.999999997379876,1
NA,NA,NA,NA,NA,NA,NA,21.0349238767978,20.0765011258377,-0.768953542419892,0.00168846859271967,0.00676442729958318
"P82664",4,4,3,4,4,4,20.0789541199032,20.1808241499113,0.217764688381128,0.0862836652100919,0.19760637737079
"P36148",5,7,5,2,NA,NA,21.0608988830805,19.7290039832593,-1.00610620118039,1.42711981620411e-05,9.36638705310752e-05
NA,NA,NA,NA,NA,NA,NA,20.3538668406396,19.32198776077,-0.762684847656278,0.00247565644826071,0.00948344093626564
"Q9BT73",NA,1,3,4,4,5,21.1618777196757,21.2777488675733,0.154270842519822,0.047218945483805,0.119371646142012
"Q92878",23,19,22,22,29,28,20.9358167029173,20.8865361465459,9.93135000750973e-10,0.999915106229651,1
"Q86WB0",11,9,11,10,9,9,20.3249527999256,20.1987464872429,5.7839184642298e-20,0.999999999628982,1
"O95757",17,17,15,22,22,18,20.8813004884912,20.8335054371755,0.157252495202608,0.00342670695637361,0.0124881064000754
"Q12305",5,6,6,4,3,5,22.125891386351,20.892120004242,-0.933816592924279,2.0064805944008e-10,2.86519469037085e-09
"P31787",6,6,7,5,6,5,22.1374207698764,21.0498877273429,-0.850370441502261,0.000586331928766382,0.00268669491425994
"O60749",9,11,10,10,9,8,21.0099778902974,20.9405500079275,0.112417729262089,0.15113452881618,0.311613687183896
"P43490",14,14,14,18,15,19,22.2397295702379,22.2570026235728,0.147593738866183,0.049231161389293,0.123430930054251
"Q6FIF0",2,NA,NA,2,1,NA,20.1327694261833,19.8163127544121,-1.02374957534459e-19,0.999999999510535,1
"Q9NXU5",NA,NA,NA,NA,NA,4,20.1787085468078,20.0605116311824,0.0889433038679802,0.38586750362576,0.666887246380171
"P36069",NA,1,NA,NA,NA,NA,19.958516135834,19.3480666104491,-0.364939774598247,0.047250076860459,0.11938296524483
"Q9BRT9",3,NA,3,4,6,3,20.3975082117145,20.6528958996359,0.351955113387752,0.0133381172753464,0.040434891519429
"Q86W42",6,7,8,6,8,8,21.149405265319,21.1414996718481,1.00048607005355e-19,0.999999999310239,1
"O00170",8,6,8,10,12,8,20.97125397869,21.1306232644586,0.138919634638757,0.0524443733064729,0.129962023026221
"P22570",11,13,13,13,14,14,21.1134948973823,20.8563742967368,2.51344195297932e-13,0.999999766545923,1
"P31057",NA,NA,NA,1,2,NA,18.5564956967149,20.0002008837272,1.66585678099151,0.000660492588543606,0.00297686073695942
"P58107",16,19,18,17,20,20,20.3622832239768,20.4612516612512,0.201685710000799,0.0277042375642515,0.0750708062509004
"Q5VWQ0",NA,1,2,NA,NA,2,19.7374745913158,19.5766534294018,2.77090535292708e-18,0.999999997244507,1
"Q96EK5",7,5,5,6,5,5,20.143151401216,20.3564228646803,0.27977086713695,0.0739636263043805,0.173524261956068
"P0A7D4",4,3,4,17,14,14,18.9826320023783,20.8873908483492,1.92536102005529,1.13932585676933e-29,1.17370908351826e-27
"Q12271",3,NA,NA,2,NA,NA,20.0586595860455,19.5695711353279,-2.13862162025021e-19,0.999999999279179,1
"Q99747",5,9,8,7,7,9,20.1640649192171,20.3491804737631,0.306900383297473,0.0693464979183091,0.164160831551385
"P33330",12,12,11,9,9,6,21.4508730792326,20.5088251607008,-0.746477394350033,1.89509043441413e-16,5.43919239608713e-15
"P33302",16,15,14,9,12,11,21.169771035078,20.1949825710254,-0.748168498206545,2.91802248870927e-18,1.04559451784868e-16
"Q9UBD5",8,5,6,7,9,13,19.8971850509779,19.8216612613157,7.51933905100644e-20,0.999999999253224,1
"Q92890",9,9,9,13,12,8,21.7460363141608,21.7170358810578,0.111665931873334,0.0758017289234798,0.177116311931776
NA,NA,NA,NA,NA,NA,NA,NA,NA,NA,NA,NA
"P20459",5,6,9,5,4,4,21.296208757627,20.285409654444,-0.756860786703026,4.92061544318633e-07,4.23687022264805e-06
"P30043",19,19,22,21,20,19,23.3381978219591,23.1890401351951,4.96344738229878e-17,0.999999980476976,1
"Q9HD26",3,3,NA,3,3,2,20.0987705574842,19.9190258530912,-2.30912161545312e-21,0.999999999980174,1
"Q04917",11,10,11,11,12,13,22.9310821427905,22.8569754403561,0.0125509016793672,0.671762159796685,1
"P27348",9,10,11,10,9,9,23.0940804722567,23.0672554946764,0.0981059397249608,0.0687144949026687,0.162932150058979
"P31946",7,7,7,7,7,7,23.7482685915512,23.6459991037861,0.0824531870668925,0.18465318669055,0.366612889698575
"Cont_Q2KJD0,P07437",11,11,8,9,10,10,23.4359981091982,23.5284183817199,0.208208220172525,0.0945859837573789,0.213230095694029
"P49770",5,5,7,3,7,6,20.8393651585396,20.7309167554192,7.44634077879841e-19,0.999999998108055,1
"Q12063",NA,1,NA,NA,NA,NA,20.7837490436942,20.4267936076515,-8.91396121971527e-20,0.999999999618837,1
"P35573",13,9,12,14,15,13,20.0000280578526,20.0841605633925,0.144890349577792,0.0769108043730052,0.17941707659841
"P32582",21,23,22,19,19,20,22.631657104017,21.7193236022838,-0.822864203890989,6.54410739122293e-25,4.44152418117236e-23
"Q68CP9",8,11,10,NA,NA,11,19.9531704026304,19.7490150078671,-1.51039264835846e-21,0.999999999983717,1
"Q9UHD8",13,18,15,17,19,16,21.0895774667054,21.0576428508375,0.109241011141547,0.0604566824627972,0.146053015547687
"P61916",2,1,2,3,3,2,20.753461301032,20.1162154708815,-6.72106749440772e-11,0.999988938987139,1
"O14976",NA,5,4,NA,3,10,19.1393548820281,19.2243772151424,0.329310618595584,0.0271372797110729,0.0737423300297596
"P21281",8,8,13,10,14,11,21.6229278487227,21.5960377315576,0.190391701320454,0.011624036589386,0.0360532618732084
"A6NDG6",8,7,8,7,9,9,21.0918024117199,21.0473014512415,0.0899385581243525,0.239082899387172,0.4529619857355
"Q02978",8,9,9,12,8,8,20.4601695019454,20.3305952772926,0.00452227500017927,0.834967557161635,1
"P37902",NA,NA,NA,6,5,6,19.6780059116664,20.8049495338379,1.48407290298302,1.37989152340506e-09,1.75343484548982e-08
"Q8WXX5",9,9,8,9,10,7,21.9063212126373,21.854790020884,0.00879641062228921,0.81882135637207,1
"Q96MW1",NA,3,3,3,3,4,20.3888967294784,20.1699221149857,4.14144672889468e-17,0.999999991192089,1
"P23847",NA,NA,NA,8,11,11,20.675563396021,22.2484237075111,1.85656325776647,6.71034367843289e-18,2.29064927105795e-16
"Q96EK9",7,4,5,7,7,7,19.6787462535918,19.6062572032314,0.0553044608476622,0.479413414880533,0.800966113653575
"Q9NUQ9",6,7,8,9,8,10,21.7763590216241,21.7882128888109,2.36130972099189e-09,0.999875151946329,1
"Cont_P32503",12,13,12,8,9,12,22.5042835269261,21.4209554562498,-0.913586066259916,4.61341897725691e-21,2.09565465195237e-19
"Q15654",11,13,14,10,12,12,21.2832039196164,21.1394290966547,3.56635542404494e-20,0.999999999501197,1
"Q53GS9",13,13,11,10,12,14,21.4793973568289,21.4270424451332,3.20651365389788e-07,0.998335681212391,1
"P28070",6,7,12,8,9,12,21.3601368500124,21.4544219751192,0.170968875430624,0.0157251396073323,0.0464269858724157
"P00956",NA,NA,NA,5,9,8,18.396767276712,19.3227024516628,0.970463736319011,6.60203951545798e-05,0.000385107845952246
"Q9UIJ7",4,4,2,4,7,3,20.2040722425099,20.0492176145167,1.27972379770339e-19,0.999999999414045,1
NA,NA,NA,NA,NA,NA,NA,NA,NA,NA,NA,NA
"Q96EY7",5,8,9,6,8,7,20.9897839449792,20.6380395951395,-3.9454927832292e-20,0.999999999808147,1
"O94776",14,14,19,15,15,16,21.2640774570989,21.3264979696556,0.198103343636901,0.00318789671284234,0.0117201259735865
"Q16539",4,3,NA,NA,5,6,19.6049103403074,19.474094805141,2.89921729126701e-18,0.999999997264969,1
"Q8WUB8",2,2,NA,2,6,NA,19.610693719216,19.6560278814422,2.87668280992623e-10,0.999971736756157,1
"Q12189",2,3,NA,NA,NA,NA,20.294976594787,19.4057784450824,-0.578656271627461,0.00561991079729789,0.0190825576160162
"P39954",11,13,11,9,9,9,23.0568852670584,21.9959936908206,-0.90474316843322,9.08164258195245e-20,3.61324110726094e-18
"Q99622",2,2,3,2,2,2,20.2717559287551,19.9360476056474,-0.00547225784999919,0.874921447669421,1
"Q9NRX4",NA,3,2,5,4,4,21.3444309635579,21.2986522499139,2.99912282223778e-18,0.999999995524215,1
"P54861",8,6,4,8,NA,NA,20.3226236305035,19.5203466200491,-0.574193121534083,0.000354182123645079,0.00173012419247118
"P05319",8,9,9,8,6,6,23.0944174985306,21.9086056570188,-0.973686135005515,4.57352706739209e-23,2.61234432195891e-21
"Q96K76",9,NA,7,14,13,8,19.3959406629581,19.4527889505903,1.39422797408822e-20,0.999999999902508,1
"O15270",NA,2,3,6,6,4,19.6359474269408,19.7854088188171,0.387250741460038,0.00428019169309259,0.0151024011482882
"O14773",5,7,6,6,5,7,20.3653304970817,20.2435528779562,1.66414071414387e-17,0.999999996431572,1
"Q9BYD6",2,5,5,5,5,4,20.8494800168728,20.9792846377237,0.33043060994396,0.00169002641496267,0.00676596973485056
"P67870",10,6,5,7,6,8,22.8176426920625,22.7635996574736,0.0945099359153841,0.184253300593705,0.366284387017603
"P25369",2,2,2,3,NA,NA,20.7602403608142,20.3046521308337,-1.88399136184397e-19,0.999999999700198,1
"O76003",11,11,10,9,9,9,22.912630568714,22.8998932563225,0.183227390249444,0.000754601196429287,0.00333330344732049
"Q8WXD5",NA,1,3,2,NA,2,20.314297695589,20.1774705507968,9.56392032476053e-20,0.999999999380985,1
"Q03111",NA,2,NA,NA,NA,NA,20.3078905907697,19.8658824346503,-2.3470143057308e-19,0.99999999928089,1
"Q8N5N7",2,3,4,4,NA,5,20.5186092348564,21.4561996046788,0.58816013638757,0.0123445467035682,0.0379412306515102
"P47133",4,NA,3,NA,1,3,20.2565680419217,19.6364129201722,-0.375581614755208,0.0085560641028994,0.0276967750572715
"P13188",17,24,25,10,16,17,20.8519264321805,19.9008563943881,-0.824551951818057,1.90103737036163e-12,3.40592689118516e-11
"P38009",23,22,24,22,15,20,22.794578057124,21.6647515136337,-0.854457311169105,3.84596283472147e-21,1.76090155504033e-19
"O00303",13,12,14,14,14,16,21.6935389280158,21.6626469258007,0.130845610275671,0.0821594668435186,0.189818968450244
"O75531",4,2,3,6,4,4,23.0668260206524,23.259870244331,0.295221866761249,0.0377655741367551,0.0982233446680347
"Q8NBJ7",NA,3,NA,NA,NA,NA,19.5450370949705,19.3354809850904,-2.87581745431853e-20,0.999999999822454,1
"P47143",11,12,15,11,9,10,21.7612850450187,20.7180152344888,-0.928367333651943,9.95100011555134e-15,2.29629278666463e-13
"Q14696",NA,3,3,3,5,3,19.8886635749937,19.8805150120214,3.31081178026806e-05,0.988364917810546,1
"P62910",8,9,10,10,9,9,23.772364196208,23.7826794042735,0.0167073485086264,0.69030377134468,1
"Q14192",3,4,NA,4,NA,4,19.5865603583883,19.640280706284,0.0535282451557357,0.545744178469107,0.897490925196202
"P80210",14,17,15,12,11,12,22.6267916794384,21.6786378294635,-0.856348519875295,8.09569775176687e-22,4.00126082342321e-20
"Q6FI81",11,14,11,9,11,13,20.7580946003102,20.7807367664291,0.0459248589148867,0.434800007404914,0.736886381527306
"Q99439",5,9,7,8,11,12,21.3783318957559,21.1113771100661,2.24420576117612e-20,0.999999999770077,1
"P53723",5,5,7,4,NA,4,21.8610020818124,20.8136506280592,-0.712587205113586,5.67925135762178e-06,4.0700125567851e-05
"P62979",5,5,3,4,6,4,22.9346993798722,22.7777567446237,5.73260593478646e-20,0.999999999585387,1
"P49642",8,6,6,5,7,9,20.3502014571249,20.2626798291761,3.93917257152903e-21,0.999999999971518,1
"O60341",18,15,15,16,14,19,20.9857213562352,20.9143145293679,0.0963769484184818,0.0664476597422226,0.15840353266648
"P40302",8,8,8,4,6,4,22.1514020244871,21.1377449576925,-0.754313141642471,6.87991083168195e-13,1.29284057289815e-11
"Q16881",14,14,16,16,19,19,21.8112738050009,21.7853600569867,0.136058479285344,0.0204267192159658,0.0579074904947946
"P38787",8,7,8,NA,3,3,20.6424394453391,19.6149152605244,-0.779789209600829,8.65444787553261e-10,1.13730090646805e-08
"O15371",16,17,13,18,15,15,21.4553157722953,21.4086120310821,0.0428726339209338,0.479085353017502,0.800860785157324
"Q06203",12,15,14,14,16,13,21.6496933092465,21.5520437437628,3.90320144648544e-10,0.999960288091961,1
"Q9BR76",10,10,10,8,11,11,21.1901269237883,21.0123788260846,3.18378119750009e-20,0.999999999759046,1
"Q9BV68",5,4,3,3,3,4,21.3439892637343,21.3269013652729,0.0963542065522039,0.294220581726824,0.534810881270629
"Q13867",12,9,13,11,15,15,21.5539989702213,21.5671568256797,0.209445159166726,0.0216364879706382,0.0610682736794787
"O74700",2,2,2,1,NA,NA,21.1377346131277,20.1484849821507,-0.765738899107164,0.095485769976335,0.214675528836117
"P40525,P87262",3,3,3,2,2,2,23.1514899835176,22.0561014950346,-0.899823537263218,0.000250795190358235,0.00127699686952926
"P28007",3,3,NA,2,NA,1,21.1265126504717,19.8608338251569,-0.989704136712102,1.00093438320181e-06,8.16745467707392e-06
"Q13616",12,9,10,17,11,16,20.7011208363406,20.7359557579658,0.277058189935437,0.00329505397407936,0.0120463665250088
"P62633",4,4,4,5,4,5,22.2714663604432,22.2493554171775,0.125624948729498,0.0404677684215664,0.104129596799294
"Q8IWS0",6,6,7,7,8,7,20.6814230002774,20.5826287135704,4.10098520765543e-20,0.999999999497998,1
"Q9H8W4",3,NA,NA,2,NA,2,19.5458938597856,19.6482156739562,1.05577711933743e-12,0.999999347374959,1
"O00743",4,5,6,5,6,NA,19.9966599578696,20.5774839154579,0.351882369790528,0.234764192322837,0.445910551975926
"P60510",3,6,5,5,6,4,21.172221237408,21.2450873459398,0.260117044188675,0.0818759709348779,0.189239774167993
"Q9BRP1",NA,4,5,7,6,4,19.7236461084121,19.7478572135914,1.22127234866449e-19,0.999999999322591,1
"P62495",18,16,17,20,19,17,22.7833317383466,22.7566896166281,0.157857650475025,0.00378790129397716,0.013623692372166
"Q7Z7K6",NA,NA,NA,5,NA,4,20.409321003951,19.9484300336468,-2.21006156052989e-20,0.999999999802173,1
"P61160",11,11,12,14,11,12,21.5192493720389,21.4574980337835,0.0744553639019433,0.132864136664659,0.281695407724519
"P48059",2,3,2,1,1,2,19.3929630344491,19.2205192344693,7.21131573770009e-21,0.999999999972352,1
"Q96C01",3,3,3,4,NA,3,19.8251361340339,19.9564024102053,1.44679958757363e-19,0.999999999339851,1
"Q13838",8,9,8,8,10,9,21.224761356279,21.5058424677812,0.211705245308501,0.164817809555578,0.334278550356848
"Q16543",11,11,8,11,10,11,22.7254239694469,22.5184610381591,4.76022594502615e-20,0.999999999453933,1
"Q06265",6,9,8,6,4,5,21.8891758459084,21.7763744874256,0.0745383411001635,0.158789027731812,0.324726657562858
"P31949",NA,NA,NA,3,3,4,23.9878807700781,23.7109521090921,-2.62290532241747e-20,0.999999999905157,1
"Q13011",6,6,10,9,8,9,21.5412716585629,21.7165582619126,0.263837177584451,0.00127835664705357,0.00529041570792828
"P40054",NA,4,6,3,4,NA,21.2953848455559,20.2609237695603,-0.870777781523007,9.06385367759262e-05,0.000515166225281102
"P54687",10,9,10,8,10,8,21.9497114428069,21.9782778751185,6.13643472419956e-05,0.984242687270465,1
"P30154",10,11,12,10,14,13,20.9870540866888,20.8731142858827,3.15934524453625e-21,0.999999999959612,1
"Q969U7",NA,NA,4,NA,NA,3,20.5927832994769,20.4605549603084,0.15080191190963,0.216994276489725,0.418395715598002
"P11413",28,27,29,24,27,30,22.267672231764,22.2404046497448,0.139566603222374,0.0162497606072765,0.0476206690700334
"O75694",27,28,25,24,27,28,21.1413177170424,21.0836721610711,0.122412071378233,0.0081770232223426,0.026636503088478
"P53618",26,29,27,24,30,30,21.2115637329139,21.323784134648,0.295962650620157,0.00100778656082536,0.00429388528020792
"Q8N8A6",3,5,5,4,4,6,19.7810486396922,19.8178174017757,0.167918626934297,0.0844178585380185,0.193949273558673
"Q6Q546",NA,1,NA,NA,NA,NA,19.9344379419547,19.4394635521036,-2.51525259134395e-19,0.999999999380719,1
"P38791",14,14,12,6,8,9,21.7988781837724,20.6726134149412,-0.96037304393961,2.39906555561875e-24,1.59082864257064e-22
"Q5JTJ3",3,3,3,4,3,3,22.295933146708,22.0482841945162,-1.06707741321377e-16,0.999999993691969,1
"B4DXR9,Q8IYB9,Q8TB69",NA,NA,1,1,NA,NA,20.8782053457892,21.1324272995414,3.90906298382327e-19,0.999999999245688,1
"P00815",22,26,18,23,22,17,22.854046818738,21.7770881851438,-0.863472773643734,3.41348472425277e-23,1.98913064386002e-21
"P69905",6,6,8,5,5,7,22.413716990199,22.3637338521301,1.06590391264838e-19,0.999999999293634,1
"Q14137",13,13,17,14,13,16,21.4603963340714,21.4893156686144,0.142321083642594,0.14536805695149,0.302208403802935
"P10599",7,9,9,7,10,9,24.0378000954507,23.9850613710537,0.0253109252603647,0.554993456122187,0.910366007497553
"P11142",35,35,35,37,35,37,23.7927216746496,23.6468057597399,0.148516613831341,0.000943983510910316,0.0040549820360697
"Q13643",8,8,9,9,8,10,21.5410195962302,21.3457967846207,2.02694674013743e-18,0.999999997884532,1
"P00729",10,8,7,6,4,6,21.1542799783818,20.0383190695441,-0.939217247463729,2.45845715610792e-16,6.88487346290611e-15
"Q9BZL1",NA,NA,3,NA,NA,NA,21.5529065077079,21.0124893982934,-0.271360348525539,0.0365725993152538,0.0957292765198272
"O14929",12,10,12,12,10,12,21.2310934010146,21.2732660892342,0.188918921849731,0.0257187678768613,0.0705113985552437
"Q9H832",NA,NA,NA,3,NA,NA,20.1359304994814,19.8458686456995,-5.70393985289269e-20,0.999999999613918,1
"Q9BYX7",NA,1,NA,NA,NA,1,NA,NA,NA,NA,NA
"P62280",11,11,10,13,10,12,22.1318075505818,22.2301547343816,0.107268460298481,0.218678950834673,0.420659842402544
"Q8WVD3",NA,NA,2,4,5,4,19.8529489194613,19.7864118007925,2.98105994289862e-20,0.999999999653718,1
"P39687",3,4,4,3,4,4,24.2862955284388,24.2182241843679,1.1008126007905e-19,0.999999999285871,1
"Q9BTT0",4,4,3,4,5,4,22.029725508028,22.2474217927453,0.404168907873077,0.00147909215033241,0.00601330698750363
"Q9BVP2",14,11,15,13,14,15,21.1786918377162,21.2058738101115,4.92132638626969e-06,0.993539419364135,1
"P50897",7,6,5,6,6,4,21.1772276358557,21.2958625023511,3.51738232229369e-09,0.999862818254276,1
"P46459",14,14,19,15,18,12,20.8637251336511,20.9977141391388,0.354922465232574,5.02560136554158e-05,0.000300131410743368
"P32481",12,16,14,11,11,10,22.1910236963565,21.0597427878988,-0.927732283208592,1.03704739031695e-27,9.20419445344383e-26
"Q96F44",NA,1,3,2,NA,3,19.4209053370051,19.244218777845,1.0063007286087e-19,0.999999999413993,1
"P49790",28,26,25,21,28,28,21.103812448066,21.0338956769937,0.00853630188351279,0.749892670488647,1
NA,NA,NA,NA,NA,NA,NA,19.3567344506134,17.7774434379877,-1.38314913352851,0.000257424115469069,0.00130499096848951
"Q9NRG9",7,6,7,7,7,7,20.8715088160696,20.428880763876,-2.38971184921231e-19,0.999999999453698,1
"Q9H773",9,9,10,9,9,9,22.2838898484092,22.1649328469269,5.31527222299187e-20,0.999999999432476,1
"Q9NX63",5,3,7,NA,3,6,22.7268404420826,22.5845051922958,1.18715317673906e-18,0.999999998564091,1
"P23246",24,25,29,25,29,32,22.6803632888212,22.5487678779415,3.54461138333824e-20,0.999999999451782,1
"Q15274",6,6,7,5,NA,7,21.1464237151014,20.9702573201605,1.2252331235792e-19,0.999999999255697,1
"Q02046",11,7,9,4,4,4,21.1222166339234,20.3119016163635,-0.713036817919223,1.03288207697254e-07,9.94774073798758e-07
"P17812",13,11,13,20,17,17,21.5867162249024,21.60944107766,0.29499765731498,0.000147818054447081,0.000800715827328835
"P54783",12,11,9,6,7,8,21.210932946461,20.2310558657352,-0.763839314100992,2.2890337769307e-10,3.24457883516295e-09
"P41057",3,3,2,2,NA,2,22.4835567238699,21.1497361723921,-1.13121090855346,0.00207504723137018,0.0081158965951014
"P41058",3,2,2,3,NA,NA,22.267863771156,20.884647154383,-1.17322339910249,0.0532463587720944,0.131532405401614
"P43243",35,38,31,36,35,39,22.3126242053519,22.2358935187521,1.7328757670292e-09,0.999867458488112,1
"Q96DI7",16,15,14,15,14,14,21.9260019727278,21.8644535643581,0.0511231336343052,0.348862389265656,0.616223859054982
"Q13501",7,6,5,4,5,7,20.6832320516231,20.7404538188383,0.178614456882417,0.0747108121396105,0.174921540273301
"P14324",7,7,8,6,6,9,22.5252176179697,22.5612833606975,0.170548290592413,0.0153710886426261,0.0454514661093336
"Q13148",14,13,15,12,13,15,21.7550169729393,21.6872888284912,0.0491412995626173,0.357862055585451,0.627891179644911
"P30050",7,6,7,7,6,6,25.0859652989197,25.1019866827374,0.185854140339145,0.00883956280813789,0.0284731646231979
"P53582",8,10,10,9,10,10,20.2337948720916,20.3046438508023,0.14129431937447,0.0351878723862882,0.092778261332951
"Q9NY12",5,2,4,3,4,4,21.4876214403772,21.6217672720371,0.24942085910785,0.241886510613315,0.456624109858709
"Q99798",20,23,21,22,22,26,22.1839619576435,22.0274931169396,0.0816589187865713,0.0626073758291421,0.15068083068766
"Q9P0L0",6,7,7,6,7,8,21.7009303310435,21.5687712211957,5.06911721198764e-21,0.999999999949253,1
"Q7RTV0",5,5,4,4,4,5,21.7135322713554,21.6400474510827,3.94991687662152e-19,0.999999999033191,1
"P43304",9,7,7,8,8,6,19.990334676756,20.2046080361535,0.364614848975649,0.0130124965473303,0.0396142968768067
"O60888",3,3,4,3,4,3,21.9442210517293,21.6837547612281,-2.54013613715996e-20,0.999999999843024,1
"P51580",6,9,9,7,5,7,20.8318942526275,20.7560795407152,0.127445197488777,0.21368039864831,0.412972267940401
"P08566",29,29,28,15,19,19,20.7167021065744,19.8292726558804,-0.71236236524895,1.06382049635564e-19,4.20354824895594e-18
"Q8TEQ6",27,30,27,35,29,25,20.7122720237861,20.5797485733234,1.46940789647575e-20,0.999999999715531,1
"P53849",NA,9,7,3,3,3,21.8766142847627,20.5670369408196,-1.07230449919989,3.96913733811016e-07,3.49054166212767e-06
"Q6XQN6",NA,NA,NA,4,NA,NA,19.2398349800034,19.4041961572974,0.143527256760416,0.371478641321039,0.645305715682346
"Q96R06",11,11,11,10,NA,11,19.9180295654837,19.8123522932182,1.33070974798459e-19,0.999999999112324,1
"Q9BW27",10,13,11,9,10,9,21.0648822486427,21.031420248261,2.18863702189966e-20,0.999999999681884,1
"Q9BXP5",20,26,18,21,21,22,21.0943727656042,20.9079612727401,-1.86063298371031e-20,0.999999999757419,1
"P0A7V0",NA,6,2,12,11,13,20.5952234759381,22.1500069706174,1.81446913235051,1.04657966654606e-22,5.59047971880019e-21
"Q07866",9,10,9,9,11,11,20.2684941728978,20.1962992490331,0.0559955026391463,0.327982660897412,0.584774063357676
"P0A6A3",NA,NA,NA,4,7,5,18.7292754865879,20.8421405948808,2.2719676534219,3.61864806050462e-12,6.17632563936424e-11
"Q08273",NA,1,NA,NA,NA,NA,NA,NA,NA,NA,NA
"Q13243",4,4,3,4,4,5,22.3651095014812,22.2420827869327,0.000959513127866012,0.953034896120367,1
"P32568",4,4,5,NA,NA,NA,19.7658932411876,18.8148655103607,-0.689293409097557,0.00219145782412816,0.00852496303937649
"Q13630",3,2,2,NA,NA,3,21.3675916809817,21.3027696254255,0.00384037919868534,0.86236457247261,1
"P42126",6,6,6,9,6,6,22.660095838359,22.5982976907338,0.140002754248139,0.142650167346815,0.297347704597087
"Cont_A2I7N3",3,4,4,3,NA,NA,19.8347729879255,19.9802116628618,1.2458146691106e-19,0.999999999483744,1
"O75494",NA,NA,NA,2,NA,NA,23.0172382617938,22.9767659018864,6.60878257447336e-20,0.999999999689303,1
"P38075",8,6,6,4,4,6,21.5713389044259,20.5079814244097,-0.896172135668173,2.67493653524938e-12,4.72213672774778e-11
"P32561",5,NA,NA,NA,NA,NA,19.5997864621333,18.8228336973692,-9.01426363436571e-20,0.999999999673998,1
"Q5H9R7",19,14,18,21,18,18,20.4465959194278,20.3756319468219,0.0752443807271522,0.142375287885159,0.297164629453503
"Q13206",NA,6,8,5,9,10,19.7505833350386,20.0280426137877,0.0177605183915354,0.72290133922914,1
"P00962",NA,NA,NA,NA,NA,5,NA,NA,NA,NA,NA
"Q9Y266",17,16,18,17,18,16,23.9916949948787,23.9075575259406,1.80063599733896e-11,0.999987937186288,1
"Q12118",11,14,16,11,10,10,22.1579407493426,20.9903923844726,-1.01136051459355,2.94172988241486e-20,1.18677200640918e-18
"Q04336",14,16,14,10,8,10,20.9868669714432,20.0153464265485,-0.717480895750367,5.2602372541739e-14,1.12393735997516e-12
"Cont_P02769",25,26,30,29,30,33,22.367220731645,22.3595454229597,0.156998587122388,0.000264593334857293,0.00133641801558558
"Q08412",12,11,7,8,NA,8,21.0676436862358,19.7834287646964,-1.03369672458616,1.03679353266729e-07,9.96876981659602e-07
"P11021",22,26,23,26,24,27,23.0864171587141,23.0588291172173,0.119355577077017,0.0218028268366914,0.0614144672556253
"P18669",7,8,7,7,8,9,22.1920476408596,21.9392504402623,-3.23923727491006e-20,0.999999999809344,1
"Q8NAV1",NA,5,6,6,7,6,21.2376880676126,21.1757101291875,9.50726983090234e-20,0.99999999953125,1
"O75323",NA,NA,2,NA,NA,NA,22.4228408348895,19.8354953758453,-2.14469397174569e-19,0.999999999824343,1
"Q9H078",8,7,6,7,7,9,20.5844220931045,20.4853368610879,1.33211971240109e-11,0.99999229556081,1
"P11177",7,12,8,8,11,10,21.5103944674294,21.2815451482519,1.66887762390198e-21,0.999999999983184,1
"Q9UNX4",19,16,16,19,20,21,20.6516791935986,20.5952951538372,0.079269970498846,0.242545456463943,0.457718265731268
"P38707",14,14,15,9,14,10,22.287147207531,21.0806032742473,-0.96334223877984,1.84069904035153e-22,9.65362978526181e-21
"P31688",19,16,21,14,9,14,21.7272816058461,20.494467814385,-1.00069771444073,8.11488154516409e-22,4.00126082342321e-20
"P32352",3,3,3,2,2,1,21.860072479561,20.9689131072828,-0.682817097128452,3.34584936285072e-06,2.52977784721963e-05
"Q9H9Y6",NA,9,11,10,8,5,19.3986309904515,19.5061850034427,0.292394874015527,0.014850151805276,0.0440465428095821
"Q9P2E9",9,4,7,9,6,NA,19.8298478410412,19.5840336786869,-3.76158275228387e-20,0.999999999758709,1
"P49406",NA,5,4,6,4,9,20.1103617157719,20.0017578181276,3.6862311749103e-08,0.999484479040558,1
"O15173",NA,3,2,2,2,2,19.7477742111342,19.8608612330187,0.223186079633291,0.3464930854279,0.612977187928106
"P02656",1,2,2,2,2,1,22.5944485681639,22.85143540296,2.06658839698463e-19,0.999999999719037,1
"P38205",8,13,14,9,NA,6,20.8268749404484,19.7095173677888,-0.883326126854683,4.18675717315691e-11,6.58130848281804e-10
"P38250",10,9,7,5,5,8,20.4919076548533,19.2838953909717,-0.956168797917083,2.87803554995543e-06,2.20204072781073e-05
"P31382",7,6,7,5,8,10,21.0026059395389,19.966661123344,-0.895945810772772,4.85466472834872e-08,4.85382336531088e-07
"P05374",NA,NA,6,NA,NA,NA,19.9317964026088,18.0072049778859,-1.63477239584869,0.000442877758737054,0.00210074290522858
"Q9Y6E2",11,11,10,10,14,14,21.2137344973436,21.0294799306982,1.27940465398625e-20,0.999999999882984,1
"Q5UIP0",13,24,18,19,18,22,20.1281600033012,20.0319715027254,0.114322202826239,0.0580283004130314,0.140953795824328
"Cont_Q3SZV7",3,1,2,NA,3,2,20.8925713853347,20.6539593872086,9.97810862050747e-20,0.999999999505088,1
"P17883",NA,NA,5,NA,NA,NA,20.0185137730713,19.2827834184546,-0.199511766807745,0.321470491736454,0.575236745293921
"P32621",5,6,4,3,NA,NA,20.1913977368936,19.234527133949,-0.687910926566593,4.81931892406137e-07,4.1683134741994e-06
"Q14139",NA,2,7,4,4,5,19.3650572760935,19.3321914429716,0.191660933146036,0.219396245731925,0.421672221354929
"P20042",20,19,19,21,21,20,22.3835321590576,22.286896094163,0.099556325978326,0.0209099504614719,0.0591901394564432
"P0AC41",NA,NA,NA,6,8,5,19.0637970625157,20.839967753119,1.86847342595425,3.74901436422684e-07,3.32228323613282e-06
"P38221",NA,NA,3,NA,NA,NA,21.750180669564,21.4549331468321,-2.54552819470429e-19,0.999999999289286,1
"P0ADU5",NA,NA,NA,NA,4,NA,NA,NA,NA,NA,NA
"P30101",22,23,22,22,22,24,23.5140721049299,23.5135504358785,0.164927391244446,0.000224712856285825,0.00115747184635083
"P49454",NA,NA,14,11,11,18,19.095737244711,18.8097278421479,-7.16928025499522e-20,0.999999999452957,1
"Q9UFC0",NA,4,6,7,10,7,20.1412965174579,20.0836662243227,0.106865681990376,0.189369634111947,0.37413473259994
"Q96A65",16,12,11,10,14,15,19.7525611197518,19.7026615883111,8.03351723152974e-20,0.999999999284096,1
"P0A825",5,6,7,11,14,12,20.1466009881444,21.8231425426111,1.76718147387773,1.29531733139757e-23,7.86598493140272e-22
"P51151",NA,2,NA,NA,NA,NA,19.5354996327394,19.7512212523673,2.25016821054422e-19,0.99999999929015,1
"P18085",NA,NA,1,NA,NA,3,21.166561924074,21.0900258186664,2.02506403764259e-20,0.999999999857547,1
"P39078",10,10,9,NA,NA,NA,20.7637885972981,19.5012430803678,-1.1469281162525,6.75264563823567e-10,9.03851802482171e-09
"P08997",NA,NA,NA,5,6,5,19.262478255567,20.322200244823,1.40085004891401,5.98577864281987e-14,1.26955724229514e-12
"Q8TDP1",NA,5,3,4,NA,2,20.2841291210463,20.3171435820306,0.13618231779761,0.188067409382592,0.372551496733302
"Q86UP2",13,12,15,13,15,19,19.9825006845967,20.0060613549053,2.1166766569144e-06,0.996372870623466,1
"P62805",5,4,5,5,5,5,23.5253974282443,23.5513568783282,0.181648354595501,0.0404923541145286,0.104146406993632
"P40515",NA,1,NA,NA,NA,NA,21.4698125608887,21.3437169927673,4.59841173800443e-20,0.999999999869691,1
"Q05016",6,8,7,2,3,6,22.6690468727513,21.5630220549887,-0.944043811107051,3.00793811605721e-12,5.21104954700721e-11
"Q9BZZ5",13,11,14,16,12,16,22.172492199801,22.0983563840868,5.60805724337391e-18,0.999999994020374,1
"Q9BXL5",11,14,12,12,16,14,21.9321526140032,21.8756437851681,1.31726410158174e-09,0.999888243664526,1
"O75794",NA,NA,5,5,NA,NA,19.8459172117265,19.731580108658,4.01546682362522e-12,0.999998263814901,1
"Q8N6M0",3,3,6,5,NA,4,20.6278473263343,20.7534447510609,0.102827750102913,0.352800355435352,0.621277548994672
"Q8IWV8",NA,NA,9,NA,NA,NA,19.4731061460326,19.4594496437272,6.62816942741738e-20,0.99999999982866,1
"P42285",28,24,32,29,31,29,21.0710540940937,21.1129555301071,0.164589317413781,0.0102261802756339,0.0321694120988277
"Q9Y508",5,7,7,6,7,7,21.3736344268957,21.1635094050037,5.97694264477462e-20,0.999999999372021,1
"Q9H3P7",5,7,8,6,8,7,20.6538152983396,20.6700726607155,0.0354199392624464,0.49373116641933,0.822030331622832
"Q06546",NA,1,3,2,3,5,19.8626488853897,19.6937928337154,-6.44104660688289e-21,0.999999999960441,1
"Q8N684",9,7,9,9,9,9,21.701898519551,21.6552403202635,8.97808493805473e-11,0.999990969063465,1
"Q9NUY8",NA,3,1,NA,NA,5,19.614903544869,19.7869392567517,0.298890901858235,0.0366112763172324,0.0957644010302923
"Q9UI26",16,11,18,11,12,16,21.0216025867206,20.9112575843184,1.35307334319265e-19,0.999999999344841,1
"Q7L576",NA,8,7,8,6,10,19.7889048431819,19.6649900593045,4.49883054937471e-20,0.999999999750508,1
"P37235",NA,5,5,4,NA,5,20.1791933681506,19.9782869165267,-2.18276648269367e-20,0.999999999895802,1
"P30876",23,19,23,19,21,20,20.6823480461054,20.6870710047943,0.101904970619295,0.129145468921333,0.275838656130016
"Q9H6T3",14,13,10,12,13,18,20.806475052827,20.7736484019867,0.179560426627272,0.00523584735000508,0.0180439685556627
"Q9Y4R8",9,7,8,13,15,16,20.0186108730654,20.1228240183167,0.333670289103874,0.00107525584558703,0.00455444271159441
"P15873",9,5,8,9,8,4,21.7815108752294,20.8402366095882,-0.789572716416335,6.64025053557902e-11,1.02426752245335e-09
"P53235",8,9,10,2,NA,4,20.5813037480492,19.5352164590847,-0.947368100814928,7.73713859760381e-15,1.79259247267375e-13
"Q15545",NA,3,NA,6,NA,NA,19.7941478820416,19.9224782085575,0.251119646202043,0.0194772950507357,0.0555984736010363
"O95159",NA,4,3,5,NA,NA,18.697717517618,18.6940743429159,3.05172946185853e-20,0.999999999732795,1
"Q8N392",NA,NA,2,4,NA,4,20.2458058561713,19.9399725368631,-2.30656212032168e-10,0.999970346270731,1
"P53834",4,4,5,3,4,3,21.0454616347716,19.9813012214692,-0.801123227413344,2.16106764607303e-06,1.698528508201e-05
"Q9NYJ1",3,3,3,2,3,3,22.2440106316698,22.2569058841787,0.0120190802767207,0.772599024270842,1
"Q07666",11,9,9,8,11,11,22.3040495901841,22.2280421678612,0.106283024767286,0.109516240970016,0.240960791058742
"P27797",18,15,19,19,18,20,22.8764321868517,22.7881280730315,0.115049210084836,0.0100394400759063,0.0317008920623446
"P32790",9,10,6,2,NA,6,21.0471728341968,19.8993731553714,-0.940262493184927,7.92695772967287e-10,1.04646725726505e-08
"O15144",NA,NA,4,NA,NA,NA,20.9992160112823,21.0162970578604,1.59294742878607e-20,0.999999999920481,1
"P07195",4,4,5,4,4,4,25.2871617170368,25.2269653254501,6.82868180226267e-20,0.999999999600835,1
"P14625",30,28,28,29,30,30,22.9265734519181,22.8390500330502,0.109596058817981,0.0155802175317078,0.0460462474080033
"P60624",NA,NA,2,5,5,5,20.4949808388414,22.0018924758278,1.67450345772015,2.90043598209971e-07,2.59420390398965e-06
NA,NA,NA,NA,NA,NA,NA,24.3161474146173,23.1141198282611,-0.982479061337875,1.82212490781832e-08,1.96116391664252e-07
"Cont_Q28178",NA,NA,NA,2,NA,NA,19.3621709701159,19.2764722086868,5.94404763835147e-20,0.999999999815626,1
"P32179",NA,4,3,1,NA,NA,20.9811204929918,20.0862959280403,-0.574656059234441,0.02497613358498,0.0689083283843852
"P38606",18,14,15,18,20,21,21.1230396683124,21.1562547015014,0.159047331472133,0.0067345541005422,0.0224057915836378
"Q03104",13,14,13,6,10,10,21.5157339021418,20.4760640195922,-0.801155486800352,1.99795747027662e-14,4.3993193305442e-13
"P38934",14,13,15,12,11,15,22.6104883721769,21.5296848839332,-0.828939477577287,3.22822867341112e-15,7.82506353651629e-14
"Q06151",10,8,5,10,5,5,21.6733009152655,20.5193262892202,-0.887575026468237,2.54615440495926e-06,1.96636743804685e-05
"P37802",13,11,14,13,13,14,23.1283333206162,22.9993972811024,1.41169446837628e-17,0.999999991791337,1
"O95167",NA,1,NA,NA,NA,NA,19.7673396946867,19.3662962085652,-5.69834634459927e-20,0.999999999795749,1
"Q14019",6,7,5,5,7,5,22.0659400811005,21.8510751413597,9.0411375284428e-18,0.999999995631756,1
"O96019",11,14,13,14,16,14,21.7293955421611,21.6736072149589,0.049416375624826,0.390902158195578,0.673771900397457
"O00267",27,28,24,28,23,27,21.1066643137795,20.993056753565,0.0813388244032636,0.067445636668649,0.160716182544996
"Q02725",23,22,22,13,14,17,21.0361993871781,19.9185489994686,-0.969686872172854,5.68785318093712e-23,3.12506904769774e-21
"P22147",22,25,25,16,16,16,21.2483725164749,20.2789859904736,-0.755121872757139,1.44728661048626e-16,4.30381260613157e-15
"Q9NRY5",9,6,11,12,11,11,19.8026590921173,19.8427928918495,0.208970754679648,0.00188304340407562,0.00745744387807902
"P0A6T1",NA,NA,NA,6,4,7,18.1393778466177,20.0475883722051,1.60305592757226,0.0124501989704787,0.0381845815314683
"P15424",NA,4,4,NA,NA,NA,19.628760445837,18.6868446324882,-0.626302727598128,0.011986220221805,0.0370372278840884
"P17505",15,13,12,10,11,11,22.5846561484228,21.7460353666809,-0.672548738119208,2.02916581729111e-08,2.161689367146e-07
"Q12754",NA,3,5,NA,NA,NA,19.9901649246769,19.2711868689263,-0.404645009975417,0.0101529905964216,0.0319894061992113
"P0A786",NA,NA,NA,4,4,5,19.5616689016402,21.039700033517,1.75033186941694,2.6595351550401e-07,2.39732161084787e-06
"Q8IX90",8,7,5,7,6,7,19.7858429202332,19.7840465732869,0.0959340206962915,0.210912035356627,0.408580098043111
"P26754",NA,3,2,2,NA,1,20.4750470169863,19.3065619164031,-0.908534821355114,0.000896891733957492,0.00388742931119517
"P53999",9,9,8,11,10,10,21.6572397014915,21.6205476303158,5.66668697909717e-11,0.999980495616773,1
"Q8IUF8",3,3,4,4,4,3,19.4122502532954,19.5213521787854,5.83345451577544e-20,0.999999999533851,1
"Q96EY1",3,4,5,8,7,5,20.588813697827,20.5683126476175,0.105019773164209,0.130812553108198,0.278368726994169
"P51397",NA,1,1,2,1,1,21.0145248248627,20.8567630015684,-1.78525435468846e-21,0.999999999990762,1
"Q15370",6,5,5,7,7,5,23.2881966791333,23.210945398769,1.91330415724685e-20,0.999999999760066,1
"Q96S82",NA,NA,5,2,4,3,20.7660749196358,19.8112062138607,-3.50980421757004e-19,0.999999999160726,1
"P48510",4,7,9,3,NA,6,20.627678224424,19.6720158700526,-0.791071351430277,1.34394850834852e-06,1.07683874231426e-05
"P55196",16,18,17,22,19,20,20.0559391299119,20.1801858562814,0.268080876206868,0.00512712168268421,0.0177207272565433
"Q13426",NA,1,NA,NA,NA,2,19.7111849366829,19.5733057353687,-6.18105376879914e-20,0.999999999836498,1
"P23497",NA,NA,2,NA,NA,3,18.8135193145588,19.0388598495628,0.370371413559342,0.13411975453215,0.284044370005864
"P05030",16,14,14,8,12,10,22.8672912159737,21.7423482399662,-0.895645371091402,8.48886505399294e-21,3.71001988609737e-19
"P14927",6,6,7,6,7,7,21.8961170248033,21.8771139652967,1.49836040235194e-20,0.999999999788972,1
"P08195",12,12,12,13,13,14,22.2497830988413,22.3451160376089,0.215514637898338,0.000286476803580115,0.00143462211792855
"P40019",3,2,2,4,2,2,20.9251976347693,19.8915231890831,-0.778497712452123,2.02591493312038e-06,1.59883765378542e-05
"P07170",14,13,15,12,9,12,24.2304509802675,23.0822298018158,-0.905648265649019,7.68890145882876e-13,1.43551043741046e-11
"P69441",NA,NA,3,9,6,4,19.7324681672797,21.3494982105764,1.81357361962908,2.00750390597028e-11,3.20811358269877e-10
"Q8TC07",NA,NA,9,NA,NA,7,18.9405017115087,19.3022626044777,0.346940848279763,0.165921729773841,0.335978399110315
"P49334",2,1,1,1,2,2,21.5594289567471,20.7768612151831,-0.892763314976955,0.0680310860847293,0.161777137519704
"Q96J01",11,11,11,11,11,10,21.5385605648558,21.4167446263549,6.13781903224506e-10,0.999941062382989,1
"P63279",8,7,7,6,6,8,21.9484593332764,22.012811365016,0.0645389357681426,0.464014423181315,0.780664685719746
"Q8IX12",22,18,17,19,16,20,20.9882809056608,20.8771206642847,7.27724986819029e-10,0.999935022074501,1
"P31384",NA,NA,5,NA,NA,NA,19.7831779082286,18.45308798117,-0.927707565359002,0.0107231261993286,0.0335839929663011
"Q9Y223",NA,NA,NA,2,7,5,19.3245510330236,19.2746621283219,6.8641448343224e-16,0.99999996240182,1
"O75607",4,5,4,3,5,7,21.224254545837,21.3385525901453,0.171568930418408,0.111105246679281,0.243713371898393
"Q99757",4,4,5,5,4,4,21.8237219910424,21.8319133002689,0.112723651977327,0.210832666801232,0.408563538722307
"Q1KMD3",20,20,18,22,25,23,21.9189405992541,21.8330889026098,0.0791277503464655,0.141051716400218,0.294935611421841
"P33176",23,25,18,24,27,24,20.8097170659779,20.7739194621636,0.0369305188962091,0.429618292452057,0.729604924685286
"O60828",6,6,8,6,6,7,21.5971917231041,21.5759186279527,0.0926728395968728,0.087937069512784,0.200834898661619
"P09884",NA,5,7,9,6,12,19.5936338188946,19.6656485573907,0.0922137767860817,0.328016791302728,0.584774063357676
"P38845",6,9,8,6,5,4,21.7647337801731,20.6822831686363,-0.901033934366387,3.68327427428131e-13,7.05940507917904e-12
"P50454",12,14,15,11,13,14,21.6240581891004,21.7166392443003,0.197145030021483,0.0171157568866781,0.0497933440328239
"P51149",8,9,8,6,6,9,21.6625310849478,21.824362141256,0.234448549390772,0.0800853465609981,0.18577095468854
"P23396",20,19,21,18,22,22,23.9503050944521,23.9562124423687,0.195909657483796,0.0007751660353858,0.00341890891295159
"O94822",12,9,8,12,12,11,20.1223908276829,20.0735822430275,8.36429918274803e-20,0.999999999374109,1
"Q13485",NA,NA,3,NA,NA,2,19.5149191257616,19.632535981504,0.217273677512345,0.17920106892219,0.358215858146956
"Q96SB8",6,3,NA,8,10,7,19.4566764927386,19.3689689243288,0.052541818395046,0.417172703318031,0.711611273046044
"Q9H871",NA,4,3,5,NA,NA,20.5042163779499,20.4666750327832,0.150699696076998,0.200811315904892,0.392306292399364
"P36046",6,4,4,5,5,4,20.4876396591378,19.3275401439418,-0.969408559390002,7.39958931773237e-05,0.000426123377747934
"Q9BVL2",5,5,6,6,6,5,20.5529149475949,20.6320976635111,0.029759548007368,0.515705862153942,0.852955022582022
"P54730",NA,NA,NA,NA,NA,1,19.4544798885152,19.7780162820047,1.53245446299716e-19,0.999999999483921,1
"Q9UPN7",7,9,8,9,9,9,19.7219197587415,19.613429341989,5.00231945552171e-10,0.999945628079806,1
"P20073",16,11,12,10,11,11,22.2482302076416,22.1130818042195,6.12948256876612e-13,0.999997727983386,1
"Q5VZL5",3,NA,NA,7,NA,4,19.9804706621274,19.811238364659,2.92348010768212e-21,0.999999999973893,1
"Q6DKK2",2,NA,NA,1,NA,NA,19.0410458979698,19.6310349901067,0.367107024848212,0.229958868525985,0.438701293824869
NA,NA,NA,NA,NA,NA,NA,23.2786361208998,23.1473670330809,3.81150501767113e-20,0.999999999805856,1
"P25617",NA,2,4,NA,NA,NA,19.4565091984944,18.8441094420167,-2.05482524423777e-09,0.999932673910518,1
"P09001",NA,NA,3,3,3,NA,19.598923275627,19.4566078640726,2.98520427557274e-20,0.999999999832644,1
"P31751",4,3,2,NA,NA,3,19.2395714106674,19.3995714037435,1.67290510761322e-19,0.999999999537868,1
"Q9H583",34,34,43,37,41,39,20.7528021725991,20.7978525672497,0.154725860919985,0.0553381570661178,0.13579150494021
"Q9NV96",NA,2,2,NA,NA,NA,20.0277153766921,19.9184845963071,6.87532776179289e-20,0.999999999712459,1
NA,NA,NA,NA,NA,NA,NA,18.5378626214335,18.6015735738637,1.76475654571252e-19,0.999999999352703,1
"P49591",16,17,15,14,20,17,22.8165124494818,22.6984816801262,0.0111946620308699,0.650383791270518,1
"Q9NRN7",10,8,9,7,7,9,20.9720042203182,20.8073190018054,2.31850612616346e-20,0.999999999805043,1
"Q9NSE4",18,14,17,20,20,15,20.7356587603029,20.5948776256317,5.16282564228612e-20,0.999999999375519,1
"P32911",1,3,4,1,2,2,21.4718866296465,20.6455232153166,-0.525771462690029,0.0045004231304297,0.0157542117957821
"Cont_P15497",11,12,13,11,13,13,23.1813977517314,23.216528670768,0.188223864000329,0.00270185037491215,0.0102559744463377
"P82673",4,7,10,6,5,7,20.5616279001573,20.4713988352987,4.4090497139231e-20,0.999999999564765,1
"Q8ND56",7,5,6,7,6,5,21.0640699758132,21.1588610341575,0.263961798643751,0.00825326655257013,0.0268393995162216
"Q6PI48",10,9,10,10,11,12,20.6872740852809,20.7678338852215,0.201568314241575,0.0601588281279224,0.145455272200329
"P39976",11,13,13,11,9,10,21.8803936371276,20.8469536618339,-0.833640540679935,4.96184194469625e-25,3.40772216416103e-23
"P32792",NA,1,2,NA,NA,NA,18.04603319364,17.3862278219984,-0.274761961611619,0.340454814697135,0.603776153085696
"P27298",NA,NA,NA,5,NA,5,18.1455991068549,20.2172712027251,2.48711884876911,1.36648377945797e-05,9.04041849047363e-05
"O75521",9,4,6,9,9,7,20.9851109006693,20.9376470485721,0.0307173545160314,0.564236413508232,0.923165022555017
"Q13283",18,18,20,17,19,21,22.4052290492914,22.3551776861771,0.156744883174489,0.0036955064146575,0.0133371974937523
"P35845",2,3,1,NA,NA,NA,19.4490412448083,18.4709043970485,-0.788913518350738,0.0147957487919334,0.0439960060294303
"P23642",NA,NA,2,NA,NA,NA,19.6876512674945,18.6011012783367,-0.733793367678788,0.00562586991774625,0.0190915550326342
"Q12122",2,3,6,1,2,3,21.1446360845937,20.2530606785047,-0.912755061565853,0.000173434533906756,0.00092046350147937
"Cont_P34955",9,10,12,11,13,12,22.951981118623,22.9414142299098,0.190509153178773,0.00763094427094419,0.0250699985757842
"Q3YEC7",7,5,7,10,7,8,19.8378707491162,19.719006898849,0.0843552262528046,0.272270102026215,0.502150325635945
"Q9H6W3",NA,NA,2,NA,NA,NA,18.9173386578765,19.3538168951197,8.71216723934419e-20,0.99999999969418,1
"Q9NR46",NA,3,7,5,6,9,20.3155555780527,20.3295787597284,0.257872511687158,0.00357138518482586,0.012933660471601
"Q8WUA2",8,8,6,6,7,6,20.6133815173661,20.6804205232002,0.0725978755339878,0.408497821205524,0.699087490517553
"P31412",10,8,10,8,6,NA,21.1172978127496,20.1082664704177,-0.785909203744706,4.69756596105365e-08,4.72129930824364e-07
"P07280,P07281",7,7,9,6,6,6,20.7713433629575,19.9866769110033,-0.416292924608522,0.00840811777963089,0.0272814575200735
"P36060",10,10,12,6,8,5,21.2868686829655,20.0465510147823,-0.720409469926695,0.00326151264052153,0.0119464548718531
"O75475",8,9,11,5,11,6,21.2564787798405,21.0566332263283,1.19940188190928e-11,0.999995133416339,1
"A4D1E9",4,3,3,7,NA,8,19.5781282927793,19.797188402344,0.289473887237587,0.0579891827185342,0.140953795824328
"P06744",18,15,18,15,16,17,21.7293129598635,21.676570993155,0.00438781581035697,0.793039910538321,1
"Q9UIF9",NA,6,NA,NA,NA,NA,19.1867369510535,19.1444770686825,1.19882156949595e-19,0.999999999393158,1
"P41940",17,18,20,13,10,11,23.5126023427607,22.373370027046,-0.942928246030962,3.65422159668036e-16,9.94396433549481e-15
"P23284",9,9,10,9,13,11,23.3260615220055,23.4357511943197,0.23369924941336,0.00257827489132023,0.0098243512866753
"O43447",9,8,9,11,10,13,20.8369519194122,20.6854343740265,-2.5568113854052e-20,0.999999999762951,1
"P53691",7,11,13,7,7,9,21.3298780036821,20.357421527303,-0.767791976079993,1.17359912476562e-08,1.31211111449087e-07
"Q9Y3C6",NA,2,7,4,6,6,22.2434449310704,21.925362564013,-0.0926370831421105,0.268041003243767,0.496095138823643
"Q13427",6,5,8,9,9,7,21.2873641865972,21.3359682978516,0.191795767716255,0.00872417009409714,0.0281643745231373
"P32558",21,18,17,9,13,9,21.1968847059409,20.2411065743416,-0.762141833975333,5.80317379653782e-14,1.23536935912276e-12
"P04079",NA,NA,NA,5,3,5,18.7740010834335,20.2598464001136,1.65904824283999,8.42711006222622e-09,9.68446174282531e-08
NA,NA,NA,NA,NA,NA,NA,19.1786583851702,19.0497161016048,1.50126300918206e-20,0.999999999935746,1
"P13667",27,28,25,27,26,29,21.8380233360701,21.8447367608085,0.141041323630991,0.0787390945597392,0.183089817216903
"O75489",4,6,6,7,6,7,21.6004364191944,21.5107383106415,0.0579376938934416,0.483305671555842,0.807001568511043
"P39007",9,9,8,NA,NA,NA,20.0925737180698,19.0725437484872,-0.87889944230517,0.000389806469843583,0.00187243424190477
"P43366",5,4,7,6,7,8,20.7913042541489,20.8147118429221,0.00618970835569048,0.825249877360499,1
"Q9UKL0",3,4,4,7,5,6,21.0027850676275,21.078929645995,6.6699201329212e-11,0.999984051863454,1
"P38912",5,NA,5,5,NA,NA,22.8808662173359,21.714484192257,-0.999066154731758,4.91478271351786e-07,4.23687022264805e-06
"Q9UL03",NA,NA,NA,NA,NA,5,18.3010727017762,18.669679122679,0.394637960347168,0.0480816212267252,0.120969416858691
"P55081",7,6,6,6,9,7,21.1488812163071,21.1020549522954,0.10727216641316,0.214723786619248,0.414849807436853
"Q04773",NA,3,4,NA,NA,4,21.4048120485972,19.9203238618582,-1.17498512252775,1.37929120753421e-05,9.08348284961745e-05
"P31116",13,14,16,12,13,16,22.9330745406734,21.9290687921284,-0.859211772613645,1.50097346998092e-17,4.97650341857466e-16
NA,NA,NA,NA,NA,NA,NA,22.1265382690216,21.5005751873431,-0.293541603942808,0.140142741322389,0.293603851325604
NA,NA,NA,NA,NA,NA,NA,20.2731648284834,20.2424686976099,9.70456392153328e-12,0.999998766023573,1
"Q14240",NA,6,7,6,5,6,21.2795417343547,21.1339192861324,4.62610994910889e-21,0.99999999995903,1
"P22213",NA,4,6,NA,NA,NA,19.471104913425,18.8838036409365,-0.46457633113834,0.000527482399218872,0.00245406932346264
"Q96GG9",4,4,3,5,3,3,20.6187949772538,20.885315002886,0.190701729284471,0.105502738547839,0.233555371712389
"P36136",5,6,3,2,3,NA,20.9005491255866,19.8251692905387,-0.894611875421812,0.00031198716895569,0.0015409708713231
"P40517",4,2,3,NA,NA,NA,19.8722791964886,18.5528177777196,-0.942114299064008,0.000606545118173161,0.00276176699821702
"P39522",8,8,9,4,3,6,20.7687296028746,19.5618907513737,-0.959896233404056,7.41917107606159e-10,9.83935584776996e-09
"P30040",7,7,10,10,10,10,22.2987099646115,22.3613874679749,0.220092861673314,0.00544142571736083,0.0186079341810638
"Q9P2I0",9,12,16,18,15,15,20.0868400513758,20.1427714596827,0.178277896137417,0.0799874311565817,0.185618459510185
"Q15397",NA,9,9,12,NA,8,19.5746221641712,19.5331701476165,-4.24952486934064e-20,0.999999999746917,1
"Q96SI9",11,10,11,11,10,10,20.5506999734719,20.4117161607027,0.0341468365489817,0.506969225321875,0.841399729827933
"O43137",4,4,4,NA,NA,NA,22.5599260039069,21.7374398191286,-0.59139509583988,0.000257827030093849,0.00130588598473347
"Q14331",NA,3,NA,NA,NA,NA,20.3251480170112,20.1721129323244,2.76047582899882e-20,0.999999999817526,1
"Q10570",9,12,12,15,16,14,20.2027233908318,20.0019092677369,1.30706586627538e-18,0.999999997471979,1
"O43852",13,12,15,13,14,14,22.2460740289394,22.1602379598272,0.0676303806237811,0.132154087111786,0.280396075229089
"Q04206",11,6,9,7,10,9,21.1443333360098,21.1732132054166,0.153329649240128,0.040648683598613,0.104455347741826
"P07602",13,14,14,14,15,14,20.7866422528114,20.7888265468437,0.153490340930931,0.0120855754535202,0.0372843234178385
"P11717",23,29,24,33,30,33,20.4894017276094,20.3238193204755,4.50147011863297e-20,0.999999999292002,1
"P32861",13,11,13,11,8,7,21.8913964747592,20.7214068454178,-0.989567996521784,1.97779988320755e-16,5.59784660012051e-15
"P0A9B2",11,9,11,16,17,20,20.6504899606732,22.3563625959567,1.72870888921726,9.72134039740477e-29,9.04555044397228e-27
"Q13547",8,6,9,5,11,9,21.2397130667596,21.1715414653522,0.0985315216821754,0.257880789616968,0.480217648579823
"Q92769",5,7,6,7,5,6,21.7156053084763,21.6469750133103,1.83700433610367e-11,0.99999229776622,1
"Q9H4M9",12,11,8,11,11,10,21.2962354131842,21.2122876442321,5.33911836909692e-20,0.999999999343314,1
"Q96NT0",2,NA,2,2,NA,1,20.6079563367551,20.3851812227413,-2.7604839932856e-20,0.999999999861541,1
"P35226",NA,2,NA,4,3,NA,19.5123083861726,19.4007462573843,5.72654658334627e-20,0.999999999774066,1
"P51570",2,5,6,7,6,NA,20.7206441870736,20.8417614630433,0.0693996964830262,0.464855974310867,0.781852511894866
"Q9UBS4",8,7,8,8,6,8,20.3382291803639,20.262437535119,2.8658151406173e-20,0.99999999968331,1
"Q9NZN4",NA,4,NA,NA,2,3,18.9581858120968,18.90842028616,1.22521908463615e-19,0.999999999405506,1
"O60884",9,7,9,9,7,10,22.0185105239645,22.0679941790668,0.150847875881475,0.0133080594965473,0.0403948476842995
"P19414",32,30,34,28,28,27,22.8796379038956,21.7717760370504,-0.890832537314317,2.39282483452917e-46,7.66900359466598e-44
"Q15633",2,3,4,2,1,3,19.8791650381969,19.7894780139986,0.0666824073244513,0.432344661545771,0.733587162487516
"P06208",4,4,3,3,1,2,20.4429576360787,19.4166431978063,-0.860679142731287,8.5852814558274e-09,9.84661803552053e-08
"P32368",7,9,11,3,NA,5,21.0500575992349,20.156732458417,-0.517977851675649,2.492559740033e-06,1.92755725740621e-05
"O94925",7,8,9,7,10,11,20.6302532373747,20.5378148006973,0.103562796617802,0.0677132596293478,0.161154205776282
"Q92504",NA,NA,1,NA,NA,NA,19.6794455758188,18.5707488136395,-8.94376408268921e-20,0.999999999665477,1
"Q9H089",5,5,5,7,4,NA,19.6584378062098,19.5544584752161,6.74478323843498e-09,0.999814695619803,1
NA,NA,NA,NA,NA,NA,NA,21.1629912735305,20.6288790749944,-6.87067551773757e-21,0.999999999988916,1
"Q08752",11,14,17,14,13,15,21.7700690333925,21.6941500252817,3.99277819740987e-11,0.99998313479852,1
"O75419",4,6,7,6,6,6,19.9468327952688,19.997847790107,0.150612963407358,0.192590325680325,0.379199177081841
"P12945",9,8,8,6,NA,3,20.4748140197393,19.6854740345339,-0.553840352318507,8.05140850741709e-08,7.88600605760428e-07
"P61964",5,8,6,7,5,6,20.6580014509845,20.6514091447829,0.010457524410979,0.71472563506715,1
"P19358",8,6,6,6,7,6,21.4575243991454,20.4840777797621,-0.791903886012812,4.67154462265792e-11,7.28382187246312e-10
"Q12025",NA,1,1,NA,NA,NA,20.4090655972667,19.4576796799242,-0.731436513814592,0.00348336807021085,0.0126429430734202
"Q6NZY4",8,14,14,9,12,11,20.7844795381998,20.7399278181349,0.0624572091470212,0.394640528499655,0.679200837981656
"Q07955",14,14,13,14,14,14,24.0363710560237,23.9317189581294,0.060064941074547,0.309907413231632,0.558355985925448
"P43621",NA,3,2,NA,NA,NA,19.8199775930723,18.5608168594424,-0.983037304671712,0.000379719719103969,0.00183096884858352
"Q8TAF3",NA,3,5,7,7,7,19.6862194253411,19.6426219548275,1.30706530842886e-10,0.999970849739017,1
"Q9H501",7,8,12,10,11,14,20.3940719510249,20.2445711484335,4.86721990481401e-20,0.999999999613567,1
"P00441",5,4,3,6,4,4,25.4566799081284,25.3343500511461,2.5858163758548e-20,0.999999999837632,1
"P49257",3,6,5,6,7,6,20.3447846010439,20.3738037783436,1.09833109879318e-19,0.999999999376309,1
"Q5T9A4",NA,NA,5,3,NA,NA,18.742290652835,18.6772883075837,4.05348271159641e-18,0.999999999381783,1
"P43590",8,5,6,3,NA,4,21.2360929976066,20.3066351530642,-0.478510337953173,0.0255330554393405,0.0701095653639007
"Q9BWE0",7,8,5,5,6,8,20.2080131438172,20.0567133737107,6.57338763762939e-17,0.999999990770746,1
"P0ABB0",NA,NA,5,13,14,14,19.3379988275209,21.1109047117526,1.92026811065008,1.73817127512755e-29,1.6995779807137e-27
"Q9NXF7",NA,2,NA,NA,NA,NA,19.9065570743352,19.8842435673518,9.73290201232853e-20,0.999999999441018,1
"P07278",8,8,9,7,6,5,20.3718309708391,19.2644980278214,-0.85762837258964,8.02727982444546e-12,1.33456418752812e-10
"Q8N5C7",NA,NA,2,2,NA,2,18.7811737979456,18.9842883110351,0.244941687173926,0.158377192623715,0.324066246860642
"P13298",NA,3,5,NA,NA,NA,22.1385225505509,20.9750645754065,-1.05516937143295,2.40101226186731e-08,2.53225589373172e-07
"P39451",NA,NA,NA,NA,3,NA,17.0938296331622,18.4111305875398,1.58165231481426,4.08390514978894e-05,0.000247739735111802
"Q15287",7,6,7,6,7,7,21.4113962748047,21.3700083095671,0.0731854131779026,0.349527996791944,0.617210594886049
"Q05123",NA,NA,4,NA,NA,NA,19.8197972488848,19.2969739219725,-1.24912918783272e-11,0.999998079174778,1
"Q8WUH6",3,3,4,6,5,3,20.0461897694606,20.1120280717305,0.269074041040573,0.0653783298210754,0.156241750098502
"Q969S3",NA,4,3,5,NA,6,19.6387294611011,19.8377736395543,5.12643900523231e-20,0.999999999780629,1
"O43402",4,6,7,3,4,5,20.3142465110203,20.2768291040938,0.121970341541412,0.110441722992421,0.242719352359343
"Q9Y295",11,9,11,12,14,11,21.7712358063587,21.8896948949774,0.264643548030806,0.00735793805041632,0.0243254696921787
"P20839",5,8,10,9,8,9,21.0062570051191,21.0744838487253,0.242199362731019,0.0233108970292139,0.0648411595764392
NA,NA,NA,NA,NA,NA,NA,19.5523768605489,19.5490056492311,5.88601837409285e-20,0.999999999876833,1
"P38272",NA,NA,2,NA,NA,NA,19.4185729313954,18.4274548422764,-0.739689017588697,0.00719203765190122,0.0238590369257149
"Q16774",NA,3,2,4,NA,5,20.050884464768,19.9606924324586,1.0976904782065e-19,0.999999999220164,1
"P0A7R1",4,5,NA,9,6,7,21.5693529598455,23.4625469287424,2.14471167015441,1.91549948641065e-16,5.47055274114011e-15
"P32795",NA,6,7,NA,NA,NA,19.8268068769025,18.7589016178093,-0.930958510012681,4.76876701247482e-07,4.13078331756265e-06
NA,NA,NA,NA,NA,NA,NA,19.8018182633022,21.4530300355424,2.1108326323329,0.000537538664438176,0.00249308751458447
"O95721",9,9,9,7,9,9,21.6521234526986,21.5353414126696,4.05825092841009e-17,0.999999984100918,1
"Q99567",8,11,11,14,11,14,21.2976404397098,21.3290436895709,0.104890595364555,0.233382082617183,0.444057135428275
"Cont_P63103,P63104",12,11,12,13,13,12,23.7067228150903,23.7575732731194,0.0582890101260611,0.196303420016655,0.385326447797238
"P36969",NA,5,4,NA,5,5,21.9311884228946,21.6859920710434,-1.81449926963477e-20,0.99999999985696,1
NA,NA,NA,NA,NA,NA,NA,18.4621612453538,20.0810069541445,1.58113771318974,3.80918351478139e-05,0.000233034779393148
NA,NA,NA,NA,NA,NA,NA,19.6804249661012,19.6017095732286,0.181107417950997,0.0895529854780494,0.203718916885989
"Q12191",5,1,3,NA,NA,NA,20.8020742417903,19.6571409554003,-0.868170222422482,0.00103350945362775,0.00439051254637591
"P32787",5,5,6,NA,NA,NA,19.7461391741189,18.6432553739938,-0.970524059668467,3.21089653710285e-08,3.31965271013375e-07
"Q15024",5,5,5,6,4,4,21.7934726804953,21.754420302128,0.091527946527261,0.169418811737371,0.341262962609251
NA,NA,NA,NA,NA,NA,NA,23.8435215762973,23.9041145506996,0.215109810664483,0.0169562794631575,0.0493794932978069
"P00360",19,19,16,14,12,12,22.4701785271417,21.5069444122781,-0.771279331682777,1.3455634306971e-18,4.9130097668934e-17
"P03872",NA,2,2,NA,NA,NA,19.4833824222718,18.807294219139,-0.453090966613073,0.0115155626851234,0.0357552643328725
"P33240",11,5,6,7,6,4,21.8885192879419,21.9051965685609,0.16425958698685,0.0474021027454247,0.119572685062683
"P23538",NA,NA,NA,NA,NA,5,19.7340777161273,20.0941144146815,3.51860893498915e-19,0.999999999582859,1
"P35691",4,4,4,4,5,4,25.700370901174,24.4965498110772,-1.10632926085149,1.58304763458263e-08,1.72313241583155e-07
"P0A858",2,1,NA,4,5,5,20.0972324865238,21.5756977938411,1.7616576230157,3.21121528468565e-10,4.48559345698584e-09
"Q9UPN9",14,11,12,10,10,13,20.9375237908352,20.7911364795732,8.54538011978782e-20,0.999999999351327,1
"Q5VV42",NA,5,4,4,NA,3,19.7586983072807,19.4087889763109,-9.47260276649338e-20,0.999999999503913,1
"Cont_Q28107",10,9,10,15,9,11,20.470661652269,20.518823565844,0.0747329621516138,0.245529445581023,0.462290917609961
"O95453",9,8,8,11,8,10,21.0413690603156,20.9648319388242,2.93518878903236e-11,0.999987016863464,1
"P12956",19,22,22,25,25,26,22.3123010632227,22.3224977173759,0.156313541250062,0.00421104764245439,0.014894870539129
"P38144",5,7,5,NA,NA,3,19.7240293258668,18.9687930823016,-0.609511631717935,9.20532822580896e-06,6.32208792079665e-05
"O14965",4,4,NA,7,NA,2,19.7359358502953,19.7840772677228,3.57339022579612e-11,0.999987073637966,1
"P49841",NA,NA,NA,NA,NA,2,19.1787485124566,19.3655832720836,0.184854755074121,0.287507607835977,0.525715178955864
"P49840",5,6,6,3,6,5,20.5103767053571,20.3895943091051,0.124083356370378,0.108465816748654,0.239034768074888
"Q15418",4,6,7,6,7,8,20.4860066717136,20.4756682532251,0.0542745768909188,0.395246898631814,0.680041562244836
"Q13868",9,6,8,8,7,6,20.8954585991817,20.8560650251628,4.90434305763039e-18,0.99999999687414,1
"Q7Z5L9",5,NA,5,5,4,7,19.8995810028611,19.7693201081721,1.54682629938893e-11,0.999996581438709,1
NA,NA,NA,NA,NA,NA,NA,18.5193202782047,18.3997175782549,-2.53718452297859e-21,0.999999999986276,1
"P38737",11,20,13,4,NA,NA,19.6966640034139,18.8981516957527,-0.784656279481188,1.4608542412742e-08,1.59917801098878e-07
"Q9C0D3",NA,NA,3,NA,NA,NA,18.5107601132825,18.3951882034666,1.04918827352155e-19,0.999999999738119,1
"Q9UNW1",NA,NA,4,3,2,3,19.4947418190228,19.7924042289181,0.388008298129871,0.0190628607487384,0.0545504184818808
"P40471",6,5,5,4,4,4,21.7369276207105,20.8392984345717,-0.758983741481061,6.36757588746669e-09,7.42112026157481e-08
"Q7L1Q6",NA,4,6,7,5,8,21.2201830678639,21.0442040422671,1.84767458146942e-20,0.999999999837088,1
"Q06787",NA,NA,3,NA,NA,NA,19.5085018879089,19.087291855492,-1.06188326736021e-19,0.999999999689804,1
"P28495",6,7,8,6,5,5,21.5180984724762,20.6709325764214,-0.657216360561566,4.15277409452544e-05,0.00025086234294573
"P54860",NA,7,NA,NA,NA,NA,19.7362390827963,18.6228853741982,-0.938900106838569,0.000329985712634583,0.00161878195254159
"Q9UNE7",5,4,6,3,NA,7,21.0319456598576,21.0619299499553,0.0913432541677522,0.358019849654099,0.627977048541957
"P62753",7,6,8,6,5,9,23.3058200897652,23.3313659252407,0.123036513276704,0.333117391540098,0.592768115914505
"P07464",NA,NA,NA,1,NA,1,19.277887458798,20.3586302937984,0.884171312586269,0.0174792170245878,0.050570513046563
"Q06252",8,8,7,6,6,4,20.4912579235096,19.6020590215551,-0.746994461521831,1.41306567289191e-09,1.79164304767328e-08
"P07246",10,9,11,4,8,8,21.7812103219352,20.6626599798085,-0.930793608970579,3.99787499698081e-08,4.0605177566166e-07
"Q9NTJ3",20,23,26,23,24,25,20.9855723831489,20.9103338790677,0.0323822233104545,0.574099363145529,0.937972026617546
"P53261",7,10,10,NA,NA,4,20.4797173158386,19.5813396093662,-0.700269592885174,4.04413514938744e-05,0.000245844211557599
"Q14CX7",9,NA,10,10,8,14,19.5263891741238,19.585645047782,6.81927651425162e-08,0.999443324858124,1
"Q14694",20,17,18,18,22,17,21.5226721752139,21.5235310191584,0.119833899927997,0.126451449530742,0.270987523158562
"Q99257",NA,NA,4,NA,NA,NA,19.6779337298972,18.941903089076,-1.32526182436874e-18,0.999999999292078,1
"P62854",1,NA,1,1,1,1,25.3409078390814,25.1229755330562,-9.04054797361981e-20,0.999999999762082,1
"P0AG86",NA,NA,NA,1,3,2,20.4274951290812,22.6182487481564,2.26281453346006,3.0249877090485e-06,2.30530437166457e-05
"Q9BTC8",NA,3,NA,NA,NA,NA,19.9258298822752,19.554508409171,-8.88000871077481e-20,0.999999999567336,1
"Q6P3X3",7,8,7,10,10,7,20.6956457300654,20.6732481350941,0.0876722232989546,0.285027617712738,0.52134569644413
"Q5T6V5",NA,5,5,7,NA,8,19.0706673413796,18.9137572421153,-6.99482452028188e-22,0.999999999995932,1
"Q7L2J0",5,8,8,12,10,10,20.3482157836665,19.9898032123422,-8.49064106994502e-20,0.99999999949154,1
"P16083",7,6,6,6,6,4,21.521038985666,21.582451184052,0.163429034041234,0.119137250612924,0.257899736880284
"P47018",8,7,7,5,NA,5,21.3440758840636,20.2246613590647,-0.593478402480399,0.00109045239499714,0.0046120380254681
"Q5TFE4",6,3,5,6,8,6,20.4485072118782,20.3195859238366,0.057794175957701,0.504758479221407,0.837971702626849
"Q13155",7,6,13,7,9,10,21.768941956843,21.837576481813,0.248143112845049,0.0181788060442933,0.0523060010321836
"P42330",NA,NA,NA,NA,NA,1,18.6667842915523,18.7456108607845,2.18355188169973e-19,0.999999999500578,1
"P04076",NA,5,5,NA,NA,NA,20.7640642145174,19.7987289915718,-0.706105110968825,3.11353001057972e-05,0.000191696420822138
"P16615",NA,5,4,2,NA,8,20.2224945285326,20.4701968719782,0.319099575374258,0.0932860114587277,0.210632876753581
"P04807",30,31,27,19,24,24,21.9957682934815,21.0498395377661,-0.673660820151617,2.83992432167542e-21,1.33426677803548e-19
"P40222",10,12,8,10,9,10,21.1517253514764,21.0818341500091,3.39271103568783e-19,0.99999999932405,1
"P00961",NA,NA,NA,6,9,11,18.914317304528,20.2222061793992,1.60925981255306,5.54718429010298e-13,1.05616191978891e-11
"P0AES9",1,1,NA,1,1,1,20.5631000261685,22.3219203500343,1.8866239775882,5.52708163136404e-06,3.97082614337972e-05
"P0AEX9",11,14,14,24,23,22,20.6897571332819,22.4210093608916,1.79695601985979,1.67870746607251e-38,3.22815445725744e-36
"Q9Y450",17,16,14,20,15,15,21.1488521391638,21.1378588046758,0.129433004169104,0.0185169293063868,0.053172804961944
"Q96FV9",15,16,15,20,9,17,20.4869437664589,20.4246952546243,0.0989148087597815,0.113657236914329,0.248366893848016
"Q92785",8,6,7,6,4,3,20.4204878010892,20.4762035092322,0.0607559671213856,0.350538227112857,0.618426615355985
"P41277",7,6,6,5,6,7,24.3293234992866,23.1194670018935,-0.979212539905817,4.36157530173094e-11,6.8189506546574e-10
"Q9Y446",14,16,14,16,16,15,20.2942326041682,20.4246720534052,0.353133508934289,0.000287067495330617,0.00143633337429517
"P48735",10,11,13,10,12,15,21.5812884101892,21.4407513909167,3.61971941245656e-20,0.999999999654364,1
"O75909",4,7,8,4,7,9,20.3177929018797,20.1999525582686,0.100425509520042,0.228479253934691,0.43616704697195
"Q9Y3T6",NA,NA,3,1,NA,1,19.2233476629752,19.2493705058012,3.78646688158569e-20,0.999999999878598,1
"Q8WXI9",6,8,9,9,7,8,19.7771215975689,19.8053274979626,3.45805719117564e-19,0.999999999131576,1
"Q9BX40",7,4,5,6,6,8,19.7177615855899,19.8388507867727,0.207970832354473,0.0103911622246754,0.0326506616961616
"O00442",7,7,6,6,8,7,19.778792917403,19.8551052822446,0.275882396830405,0.0387458165944073,0.100235253781675
"P49095",11,11,9,9,5,NA,20.4639170343196,19.4975262005373,-0.918117696671901,3.9949340831916e-10,5.51358247031874e-09
"P08648",NA,5,5,8,8,5,19.1540987364515,19.0632661198783,7.53755340209967e-09,0.999876247069819,1
"P33401",6,5,7,3,NA,NA,21.2286690155471,20.6273688889218,-0.476333469320229,0.00292198484210594,0.0109285566135065
"Q8WU79",7,5,4,7,5,5,21.265308132976,21.3533929349347,0.259497833188382,0.00428796597165431,0.0151205841628812
"P40925",11,11,12,13,13,13,23.4233688290974,23.3450936078179,9.35869050142327e-20,0.999999999360937,1
"Q9H9A7",NA,NA,NA,3,NA,NA,18.2796272216242,18.4344703855593,0.316505528109751,0.167936928727095,0.339463259224461
"P42345",15,12,13,9,10,11,19.8147817883198,19.8170987784886,0.226787206526532,0.00239863789696406,0.00923185078504086
"Q9BSC4",NA,NA,8,NA,NA,8,20.0749369991944,19.5266474147044,-1.9494353401258e-19,0.999999999363677,1
"Q15555",NA,3,2,5,5,4,21.5755778493123,21.5117701573783,0.0406517628807013,0.4752482864089,0.796166074871805
"P12277",24,20,23,23,22,23,23.3456691032188,23.3720862509387,0.230205169663317,0.000242834445739272,0.00123974505970784
"Q96DV4",NA,NA,2,4,NA,2,20.3371156071978,20.3898021841689,4.54181958857998e-20,0.999999999714286,1
"P09733",6,4,7,5,6,6,21.7738798893607,20.8727505565284,-0.751887790990226,1.60051537959038e-05,0.000103862465971394
"Q9UHL4",NA,5,3,9,6,5,19.7214621960693,19.9529727346606,0.255631216577003,0.157095358632675,0.321605083020547
"Q9Y3I1",NA,3,3,2,2,2,19.5716442893193,19.7622176748134,0.144830071569751,0.195140529509197,0.383692037703019
"Q6NXE6",7,6,6,6,4,6,20.9445827790999,20.9351924463045,1.18515247184005e-16,0.999999976493443,1
"P51665",12,13,14,12,14,12,21.8924070586222,21.9069959254043,0.0869956806723155,0.0929648173706102,0.210072084375656
"P07267",12,15,14,11,11,11,22.7751455999387,21.7824524479538,-0.766258615355866,1.31523960608933e-14,2.97553619118797e-13
"Q7L775",4,3,4,NA,NA,NA,19.5200045005925,19.2312846326349,-8.55536688511531e-20,0.999999999792235,1
"P0A8M3",NA,NA,NA,5,NA,4,19.092667056066,20.2949185485303,1.35786125074238,5.15047871198667e-06,3.73749832571712e-05
"P50395",23,22,25,26,24,26,23.1360767902849,23.1361536517679,0.14763553225881,0.000523578390154016,0.00244181385028175
"P45974",21,18,22,17,19,22,21.1069992559987,21.086306808126,0.138347148224879,0.0198822466415482,0.0565864237173614
"P53985",2,2,2,2,2,3,22.6908440363424,22.4728800818035,1.03318637175827e-20,0.999999999919462,1
"P38993",2,1,1,NA,NA,NA,20.3446595341453,19.7087774555252,-0.40507144395184,0.0528586570129359,0.130820073920046
"P35249",13,13,13,13,11,14,21.8402094933586,21.7957470920318,4.03799858342051e-10,0.999948555614306,1
"P53903",1,NA,1,NA,NA,NA,20.9123031489201,19.9408288174593,-0.700103723905279,0.0134399495969206,0.0406368287340853
"Q9H307",18,19,19,20,19,21,21.5166095711518,21.4009283903292,4.64626058739114e-10,0.999949058606777,1
"P13693",4,4,5,5,4,4,22.1418725026698,22.1054652374753,1.19741012712598e-20,0.999999999849791,1
"Q13546",NA,7,5,9,8,6,20.4329195649966,20.4652287230879,0.244707715398441,0.12242151509114,0.263427721208797
"P19525",4,5,7,7,6,5,20.7438749551453,20.460566358329,6.25849070552649e-17,0.99999998813519,1
"P51812",6,6,5,9,8,7,20.5643308284559,20.5441842965349,0.157944815300291,0.161238388951158,0.329035820961879
"Q99816",NA,6,6,4,6,5,19.9246069533134,20.2182650099683,0.0870432059876739,0.469235554456269,0.78829933420449
"Q12449",9,9,7,7,7,6,21.6557333020307,20.4828351960868,-1.03442819402961,8.13783851240673e-09,9.38943807561489e-08
"P38523",4,5,9,4,5,5,21.6613907361255,20.7639326351313,-0.74776053025705,1.04316115876984e-09,1.34932661994242e-08
"Q9HAV7",8,7,7,5,3,6,21.8958169283714,21.6951127731106,0.0811637665810354,0.269449577793423,0.498222632785339
"Q6P1J9",6,6,5,NA,7,7,19.8446127485589,19.8835371547697,4.42182350286915e-06,0.996361027120771,1
"P42677",NA,NA,3,3,NA,3,22.4202361506816,22.4226374763685,1.09963533495418e-19,0.999999999552574,1
"Q9NY27",4,4,8,7,4,4,20.0405427674483,19.835253095238,-2.22904581349033e-18,0.999999998020879,1
"Q9NS86",NA,5,5,4,4,5,20.0383075089306,20.0359833621329,0.170465211373202,0.0533962388719286,0.131660363131122
"P23180",10,11,13,8,6,8,21.0878478187697,20.1479714311532,-0.776745566747283,3.21965091850157e-15,7.82506353651629e-14
"Q86UA1",NA,5,NA,3,2,NA,19.1879121616706,19.2692699291452,5.67213915550394e-20,0.999999999843693,1
"Q5U5X0",2,NA,3,2,NA,2,21.6766152264356,21.7447886555358,0.166748017354659,0.198731492428889,0.389297786017746
"P49755",4,1,2,3,3,3,20.1136614403024,20.0441263398846,8.45217949539754e-20,0.999999999481288,1
"P28000",4,NA,3,NA,NA,2,20.5358737895564,19.615327459915,-0.478966607513109,0.083896086358606,0.19282729968239
"Q96BJ3",NA,4,NA,3,NA,3,19.2072411968067,19.1548977558307,1.84175573275235e-19,0.999999999231862,1
"P00492",10,9,9,12,10,12,22.0925335567588,22.2096418719549,0.257322241533946,0.022925466209742,0.0639231583199622
"Q53EL6",NA,5,4,6,5,5,20.1607669647353,20.2626617847857,0.181433415308591,0.214956411817273,0.415160207490408
"P47068",21,15,25,9,NA,15,20.7832225953057,19.7680748229958,-0.908159546634816,4.92227121242287e-15,1.15904418875378e-13
"P40991",11,6,6,NA,NA,5,20.7752310681335,20.0502561472356,-0.625488615006536,1.47830750841443e-05,9.68031329857304e-05
NA,NA,NA,NA,NA,NA,NA,20.1542255459307,19.1370897697677,-0.820295461815549,6.92703520730585e-05,0.000402843408376486
"Q9NYK5",7,3,5,7,6,6,20.7856526640494,20.7312340112323,1.26806985927306e-13,0.99999919708014,1
"Q9BQ39",11,11,10,8,11,14,20.1562619684302,20.2300119838814,0.247242644492147,2.13971374662682e-05,0.000135947231324781
NA,NA,NA,NA,NA,NA,NA,18.0427677756079,18.2025412656076,0.308343379196747,0.183769056293535,0.365447668306585
"Q13541",NA,2,NA,2,2,1,21.9342630698235,21.8882779774669,1.86131135297435e-19,0.999999999433519,1
"Q05911",11,14,13,12,11,12,22.8690427315253,21.838593276699,-0.811033634593204,8.80422399365093e-14,1.81398457926329e-12
"Q9UNM6",13,12,12,18,15,14,22.4899846860746,22.3804926267195,0.0614218572581925,0.18736450264619,0.371445297514045
"P08237",7,4,8,NA,7,9,19.767695177044,19.8001194704437,0.110716095169281,0.288013963519649,0.526280481427483
"P13517",6,6,3,5,NA,3,21.6778997427731,20.517317107705,-0.957054712203583,1.98839765162171e-11,3.19032419712611e-10
"P15625",18,10,12,8,9,8,21.8312556603795,20.7441221661366,-0.921787077823827,1.81118092496413e-13,3.57832286168426e-12
"Q9H1A4",8,12,9,5,10,10,19.9682767588165,19.864771644773,1.24610223735232e-11,0.999992766261078,1
"Q7Z569",NA,NA,NA,4,4,NA,19.8072764651012,20.4497475087244,0.351222852300215,0.0217125611038198,0.0612217815288056
NA,NA,NA,NA,NA,NA,NA,17.8669842002887,18.5444446917761,3.22173109112347e-19,0.999999999328092,1
"P38199",NA,NA,4,NA,2,3,21.8098902814942,21.0182972168692,-0.324142359546563,0.207252487258313,0.402843530658088
"P08575",18,14,18,14,20,15,20.4654111991909,20.3644991431546,0.126302672606579,0.033987413864634,0.0898594823946257
"Q69YH5",NA,4,3,5,6,7,19.0554473102842,19.2109355447334,0.403454847278608,0.00325076816478353,0.0119222387429346
"P0A862",5,4,5,8,8,8,20.4849952332949,22.4192601360382,2.08218629910031,1.35431481959631e-17,4.5162093608388e-16
"P39938,P39939",NA,1,1,1,NA,1,26.2177261156375,25.3506855035343,-0.509204223298912,0.0706740302154369,0.166892542084673
"P53075",NA,4,8,NA,NA,NA,20.362414033842,18.9204345794278,-1.14446074246463,4.66054108153733e-05,0.000279911432717397
"P32419",6,7,9,4,3,3,20.3460456953518,19.5392522322886,-0.651553083484543,2.57138675866113e-05,0.000160199991941579
"O95104",7,9,7,6,10,10,20.5455193926781,20.5868459577667,6.61498283811793e-20,0.999999999537846,1
"Q08257",11,9,9,8,11,7,21.9377552505523,21.9357381407717,0.140280986450816,0.0683353238127901,0.162401981766839
"P07257",12,9,10,10,7,10,21.9919743362287,21.1025725288334,-0.75212232929541,1.40839012912048e-11,2.31033868536698e-10
"Q9NVI1",16,16,15,17,18,20,19.9734632556434,20.043087295258,0.137334132413358,0.0250003022794043,0.0689420381691602
"Q9NXH9",10,11,11,14,11,15,20.1794129987739,20.1665156988083,4.17789614588691e-10,0.999944752431919,1
"Q9GZP4",6,6,6,6,8,8,21.7199594299876,21.188179624825,-4.24937752040753e-19,0.999999998856019,1
"P20051",6,7,4,NA,NA,NA,21.3559532072675,20.3433256288714,-0.84911708174214,4.64203436014804e-12,7.83037901277604e-11
"Q14919",4,3,NA,4,NA,3,20.6112835654833,20.5162691781623,2.68504357609244e-19,0.999999999822408,1
"O75439",8,10,10,9,11,9,21.1942554004123,21.2059749336301,7.78509357918182e-20,0.99999999945607,1
"P51617",NA,NA,5,NA,NA,3,18.84208701081,20.0974306962439,0.517734353661041,0.139290622482893,0.292738652496834
"Q70CQ2",NA,NA,NA,6,NA,NA,19.5857950660904,19.0598178142834,-1.66893567269755e-19,0.999999999456526,1
"P36683",11,9,10,23,18,19,19.7200015916835,21.4756309480901,1.85742637247632,3.93055769202327e-44,1.07978034882296e-41
"Q9Y547",NA,3,4,3,4,4,20.4479975322471,20.5778308023212,4.04557808770863e-12,0.999997414961594,1
"O95486",NA,7,7,13,6,8,19.8501969334908,19.958070686479,0.22008212444467,0.0299300525974034,0.0804596800719573
NA,NA,NA,NA,NA,NA,NA,19.0123624221965,18.2721570942731,-0.339418712026205,0.240956490799831,0.455464611869013
"O15226",14,16,13,17,13,16,20.9840549823905,20.8003667577599,-4.47970257890052e-20,0.999999999565415,1
"Q96T37",13,15,16,17,18,18,20.3725123131922,20.3873461278724,0.114770645464397,0.0513285921887321,0.127745749929593
"O43913",NA,3,3,NA,4,NA,19.9606940717241,19.8010311574214,5.89716208862199e-20,0.999999999700822,1
"Q9NWT1",3,2,2,4,4,6,19.7059600062039,19.4807710180135,0.0355829565258654,0.597809660463446,0.972489478334911
"Q9HCN4",NA,NA,1,1,NA,NA,21.734263720384,21.5191317008132,-7.58492697006402e-13,0.999999902449222,1
"P0AET2",NA,NA,1,2,1,2,19.4834530190856,20.9083196450006,1.48839291754923,2.89851463636591e-07,2.59420390398965e-06
NA,NA,NA,NA,NA,NA,NA,18.8445047964253,18.9161008536647,6.70656742632936e-20,0.999999999718271,1
"Q96PU8",12,11,9,10,10,10,21.7132149669381,21.7198589108804,0.150119778883671,0.00279740981847053,0.0105559977720581
"P22943",6,5,4,3,4,4,26.8701481216387,25.70599798732,-0.987684798916796,5.06398014191773e-07,4.34733652361955e-06
"Q9BRX2",NA,4,8,4,NA,7,20.7679515831448,20.6659516725891,4.41844333768234e-20,0.999999999677628,1
"P28340",17,21,18,21,17,16,20.3820021395122,20.4326467746198,0.165372754019435,0.00885383872588242,0.0285032341571516
NA,NA,NA,NA,NA,NA,NA,19.5853393019178,18.5994091695795,-0.868422850403067,0.129987513689271,0.277226604980925
"P48582",NA,4,NA,NA,NA,NA,19.9204125227829,19.2035148658812,-0.35668636892811,0.091422756914124,0.207338240473306
"P19387",8,7,9,5,6,7,20.6711308525757,20.4417899197132,7.84286452092031e-20,0.999999999396061,1
"Q06287",5,3,3,1,1,NA,19.9880989108744,18.6441543821783,-0.824687605599926,0.00692418898821128,0.0229969178313131
"Q07651",NA,1,1,1,NA,NA,21.3645580277731,20.5213657922687,-0.544119499761896,0.0268218389794275,0.072988296732225
"P26196",15,13,17,15,17,16,21.1817061818755,21.228546794416,0.19272515384411,0.000785206340027644,0.0034579048668851
"P0AFF6",NA,NA,NA,10,NA,10,18.5748760038849,20.017325110019,1.57193352130855,5.29473687944086e-10,7.17026691490477e-09
"Q96DF8",7,4,6,5,7,4,19.6854585976413,19.6776286424668,0.0341995925063213,0.634361446992496,1
"P36775",12,13,7,8,8,7,20.542028783573,19.4096168356323,-1.06287168387603,1.3050073112538e-13,2.63237313937872e-12
"Q15121",3,4,4,4,3,4,20.8744337743421,20.8858951598157,6.75024437897432e-11,0.999986248082815,1
"Q9BV86",5,6,7,5,7,7,20.6035810764663,20.7155282011343,0.143090249931418,0.220944988299526,0.424029154191605
"P45983",NA,NA,NA,NA,NA,2,18.4097376735656,19.4634793719909,0.934930017072055,0.07817722432457,0.182076870055892
"P18754",23,22,24,26,21,24,21.5230609336342,21.6004396945481,0.342618633531942,9.43071552125096e-06,6.46149618077159e-05
"Q15008",15,15,13,15,15,15,22.0139680568674,21.8881991577599,1.24697539700442e-19,0.999999999181782,1
"Q15070",NA,NA,NA,3,NA,NA,20.513564621179,20.3540188641824,2.10437820487674e-21,0.999999999982449,1
"Q05788",NA,4,3,NA,2,4,20.2514615279641,19.3303240491348,-0.687914308273348,0.00143758450571601,0.005869373682573
"P0ACA3",NA,NA,1,5,5,5,19.4409876426899,20.7779242150373,1.6328896056477,4.2714860013145e-10,5.82557984434594e-09
"O95810",8,7,8,6,6,7,21.2421117302588,21.1227623672737,1.435826323331e-20,0.999999999909477,1
"Q13085",24,30,24,33,26,31,20.1559366473345,20.1726762956894,0.137309247668014,0.149298859021344,0.309265751416207
"P05556",NA,NA,NA,8,NA,NA,20.294088246921,20.0879940654545,-9.19658911585674e-21,0.999999999941027,1
"Q13561",10,13,9,13,9,13,22.1853073766849,22.2621267301854,0.26917657719741,0.0183109267658373,0.0526336504793799
"Q9Y5K8",2,3,NA,NA,NA,3,20.5156747011192,20.7592230254907,1.48675434076096e-12,0.999999517931777,1
"Q12907",NA,4,5,2,4,3,20.294712973607,20.3407451806722,0.0760631303670335,0.433003257264523,0.734316589695083
"Q06625",12,9,11,NA,NA,NA,20.1313267403906,19.3651130943797,-0.658361335044839,3.90101956823564e-08,3.97614521009742e-07
"Q9ULU4",17,16,18,15,10,18,19.9870807619446,19.8704409303385,0.0217469139613464,0.59100149022879,0.962316567070248
"O95749",NA,4,NA,NA,NA,NA,19.9868688331979,19.946291712513,0.106934163347881,0.41980073508617,0.715882483213749
"P08708",8,8,8,7,8,9,23.380404646277,23.3837932926978,3.758916901256e-09,0.999864830314058,1
"Q92541",5,4,6,7,4,5,20.816553635514,20.83875253077,0.0527455546633258,0.453861478043354,0.765592651120499
"P07948",NA,5,NA,NA,NA,7,19.1674336005912,19.1729613253802,1.57581040015789e-19,0.999999999250823,1
"P32905",2,4,3,2,1,2,21.1812599244005,20.1230854305131,-1.25958002142246,3.37402862934561e-06,2.54441453107122e-05
"P13674",5,4,6,5,3,5,20.0896404120317,20.0791298356728,9.32195867001838e-09,0.999802172278111,1
"Q01852",6,6,7,NA,2,3,20.5990404804559,19.3950098761027,-1.07827531553775,4.71369553160964e-09,5.54965500446041e-08
"P38249",24,23,27,15,18,16,20.9341223761274,20.0143286571943,-0.846104516686427,7.84034481005207e-22,3.93312601819047e-20
"P53634",10,7,6,9,10,10,20.5095713456622,20.4874460109219,0.0329172054114324,0.553538053715626,0.908495314903398
"Q9Y303",NA,NA,NA,NA,NA,1,19.1004350496048,19.0385378628208,1.16854932839947e-19,0.999999999528872,1
"Q6PJ69",NA,7,3,6,6,4,19.5674037890827,19.5252549177997,5.07696469682002e-20,0.999999999613167,1
"P08621",9,14,10,9,11,10,22.1734591161214,22.1704178185758,4.80551143537067e-12,0.999993950488475,1
"P15288",NA,NA,NA,12,8,9,19.1231964160941,20.824637502278,1.77295450138358,2.97744410020435e-12,5.17375753436112e-11
"Q99523",4,4,4,6,4,6,19.6104691199805,19.5371011746663,3.41371724777378e-18,0.999999997066018,1
"Q96EP5",12,13,13,16,14,15,21.2313976595304,21.1668018444347,0.136573519283749,0.0675743616072907,0.160956437701263
"O75530",NA,7,9,10,8,11,19.9036731158109,19.84367860168,0.0767922976286374,0.204277630097849,0.39798712289328
"Q5JRX3",11,9,10,14,13,9,19.9326639876811,19.8910443981046,1.48960651786952e-20,0.99999999989938,1
"O75616",5,7,5,8,6,6,20.3371814734254,20.3154217879903,6.43592487397032e-10,0.999935689272315,1
"Q96I99",7,9,10,10,9,11,21.1470178646567,21.049040501524,0.0137132182221234,0.668689226031586,1
"Q9NVU7",NA,NA,NA,NA,NA,4,19.0291551433424,19.7978839867146,0.713055779932892,0.00230026564690889,0.00890022301610825
"Q96GM5",5,4,5,4,5,5,20.1510885483281,19.9117149210527,-2.382399487022e-20,0.999999999874159,1
"Q15738",NA,6,4,6,NA,4,19.1831950490117,19.3270956125026,1.18962757781197e-07,0.999148422464312,1
"P46956",2,2,3,2,NA,3,21.1212106199137,20.248620041868,-0.689623015512036,0.166758290625966,0.337317173429592
"O95169",NA,3,3,2,NA,NA,19.987219105225,19.7103054358022,4.21662975603244e-20,0.999999999863876,1
"P50750",NA,NA,4,NA,NA,4,20.4191905967803,20.3496444547509,4.92217030366009e-18,0.999999996539454,1
"Q9Y5Q8",8,10,10,9,5,9,20.9711821699142,20.6024060128736,-0.00905744912962945,0.826499712524628,1
"Q96AD5",NA,NA,4,2,NA,NA,19.559093621715,19.5111221168184,1.56104415260698e-19,0.999999999344531,1
"O43615",16,17,16,15,19,15,21.6118919102743,21.6202314774485,0.198199675078129,0.00139392578449709,0.00571133370082649
"Q9BR61",NA,NA,4,NA,NA,4,20.2681830889566,20.0953048374188,2.35152332050624e-19,0.999999999769094,1
"Q9ULX6",9,7,8,7,7,7,20.6074781683627,20.5781978304745,0.097441243628321,0.321180446454866,0.575074486529522
"P38688",5,4,7,2,NA,4,20.4796206511658,19.6647847842167,-0.638618996865532,2.81274783839326e-05,0.00017448109978162
"P43123",5,3,4,2,NA,NA,20.182859426455,19.300719171006,-1.87954323016983e-19,0.999999999532952,1
"P43609",9,6,10,5,NA,NA,19.901528317182,19.065452354991,-0.759439263242408,1.30992658313405e-07,1.23884696034432e-06
"Q8WUU5",NA,NA,1,NA,NA,1,20.2270755155441,18.5943969335388,-4.93585598776943e-19,0.999999999530904,1
"P61758",NA,5,6,7,7,7,22.3307110530948,22.4899097500573,0.375161155506579,0.00591401431624179,0.0199170744835954
"Q96FX2",NA,NA,NA,1,NA,NA,20.428623275874,20.6730023462814,3.97277401896012e-19,0.999999999306524,1
"P07858",8,6,NA,7,6,5,21.3602879306759,21.1310772051184,-7.73228737155626e-21,0.999999999877362,1
"P39968",NA,NA,3,NA,NA,3,21.1575928665382,20.3548565866319,-0.554056732533876,0.0149347412758077,0.0442746775026387
"P42025",NA,1,1,NA,NA,NA,20.2978589224704,20.7253463115634,3.20508469775222e-19,0.999999999507519,1
"P31755",NA,NA,3,NA,NA,NA,19.2539622354362,18.9614110923661,-5.35295639949056e-20,0.999999999846385,1
"Q08954",NA,6,3,NA,NA,NA,18.6814327643272,17.8538567908075,-0.642907181804078,0.000454187810858293,0.00214069402029534
"P32843",3,3,4,NA,NA,NA,19.5817247690906,18.7721730069665,-0.609505701991112,0.000608729085614082,0.00276952531144136
"P39727",3,5,4,NA,NA,4,20.5181458675536,19.5561316085757,-0.735292490812507,0.000384563051675824,0.00185032881160786
"O00425",13,14,17,18,16,17,22.0302317098681,21.9350519058659,0.0848326718315099,0.159995054931924,0.326729724567175
"Q9Y6M1",10,6,7,8,11,9,20.6512535368809,20.6476473485574,0.166543406301471,0.0116591818520585,0.0361283386157042
"Q7Z4S6",NA,NA,NA,NA,NA,1,19.1648122341216,19.6327678149546,0.446069488991692,0.0335452143320561,0.0888903071127094
"P61086",5,7,8,8,9,8,21.8699114341127,21.7810749777334,0.085669644693313,0.280719226034737,0.514934567565785
"Q9BTE7",NA,NA,5,NA,NA,6,19.8750036685591,19.7896709836479,6.34552191722271e-20,0.999999999355935,1
"P06101",8,8,8,7,6,6,20.9787181701728,19.9884963560351,-0.770913137202005,2.12021787800453e-07,1.96018220163592e-06
"P55145",NA,3,2,4,3,4,20.0965328850208,20.2176879935291,0.311231596003104,0.0307243345721688,0.0823263753584959
"Q9NYL9",8,8,8,6,9,9,20.9314627951386,20.8021422605461,0.188541911031145,0.0561487976054463,0.137429959009682
"Q9BZI7",3,2,3,NA,NA,5,18.6650432468724,19.6895282832025,0.423831908827421,0.149980269693488,0.309898343790019
"Q8NFH3",9,9,8,11,12,9,20.5553147600243,20.5533291643275,0.182803346375792,0.0141758995913151,0.0424614562524906
NA,NA,NA,NA,NA,NA,NA,20.3891566956864,19.8736581121937,-7.88039622787375e-20,0.999999999775254,1
"P15531",7,8,7,7,7,7,24.0736222550491,23.868646075654,1.24258398747602e-19,0.99999999947074,1
"P14306",6,6,5,6,3,5,21.6322609572337,20.6183059499158,-0.893245817149241,1.19165446269541e-10,1.7582236816598e-09
"P54105",7,7,8,8,7,8,21.3133149969487,21.1680333543754,-5.1665380648689e-20,0.999999999647059,1
"Q53S08,Q9H0N0",1,NA,1,1,NA,1,19.5047928223551,19.3234947408993,-2.94039124560992e-20,0.999999999893874,1
"Q9UIG0",NA,4,6,NA,5,7,19.6369949160306,19.3264963597353,-8.76504411050121e-20,0.999999999520019,1
"Q92615",9,9,8,13,10,12,20.2289164221846,20.2098196641836,1.62133196947622e-20,0.999999999774755,1
"Q96D46",10,10,11,9,9,11,21.1036539045696,21.0137894013909,8.29442414550754e-20,0.999999999504509,1
"Cont_P01044",1,1,1,1,1,1,20.7726853819761,20.8137776610904,0.0409727050808308,0.813638635228234,1
"Q96RS6",14,13,10,12,15,11,20.5936563834932,20.4040700052171,-1.1871852571543e-19,0.999999999668459,1
"Q99707",NA,3,8,4,NA,2,19.5776508019139,19.5107439651906,1.02396111255331e-17,0.999999993434013,1
"P33322",10,10,13,6,8,10,21.3368259377942,20.2577461612396,-0.891196419265507,2.2666623730975e-13,4.44774667700663e-12
"Q14671",11,12,8,6,11,8,19.772061839433,19.6620095382494,1.22036093433665e-16,0.999999979825775,1
"P32563",13,10,13,11,8,7,21.0274645557068,20.164384600496,-0.623348438966228,1.36051260415015e-08,1.50360099872456e-07
"Q13185",4,4,4,4,4,5,24.9229367561626,24.7401252665054,-2.00748805920544e-20,0.999999999794076,1
"Q7Z3U7",NA,6,7,6,NA,NA,19.2707594035666,19.199936249005,1.29790610671635e-19,0.999999999320225,1
"Q15773",NA,NA,1,NA,NA,2,19.5846133277438,19.1681515572158,-7.19582224220625e-11,0.999985688062825,1
"Q00816",NA,NA,7,NA,NA,NA,20.0493332591986,18.6084210184817,-1.19697268718875,3.59410482500872e-06,2.69627967951565e-05
NA,NA,NA,NA,NA,NA,NA,19.6416510202045,18.762067933027,-0.59675396519766,0.00844588291684292,0.0273732014310488
"Q13123",8,8,13,8,11,15,20.4776003741405,20.4528529678765,5.38796940290453e-20,0.999999999384145,1
"P39730",15,17,19,13,10,14,21.82171121384,20.7092478572633,-0.920867511639255,2.46937328154478e-26,1.89944192816424e-24
"P28777",9,11,11,6,10,9,21.6076638558938,20.6356540619212,-0.847598606334142,1.33266642229067e-14,3.00318460554486e-13
"P38314",4,4,3,4,NA,5,20.5938499216186,19.5206442033605,-0.870054501408413,0.00088129659113262,0.00383134893311536
"P53172",NA,2,NA,NA,NA,NA,19.5751082385751,18.5634596950331,-0.902290854055724,0.000624395423988514,0.00282520564783509
"P17568",NA,1,2,1,NA,1,20.7816077561532,20.7800895128444,1.17641746072921e-19,0.99999999952705,1
"Q8NB37",NA,2,2,3,3,3,20.0287247417919,20.2594964564395,0.221230173170973,0.109490535145501,0.240960791058742
"Q9NSI8",8,8,8,8,9,7,21.7332992180599,21.4813705976525,-3.13597613221271e-20,0.999999999676454,1
"Q9NYL2",NA,NA,4,NA,NA,5,19.3580637503236,19.1065206027647,-2.73210135400869e-21,0.999999999982717,1
"P56182",8,9,10,10,10,8,20.1924934833016,20.2241594420783,0.137783085885368,0.0966895234741715,0.21685996447781
"Q9BVJ6",13,13,12,15,12,13,21.3041898217302,21.173952338348,1.98958965323405e-18,0.99999999538858,1
"Q8N3D4",NA,NA,4,NA,7,5,19.3825509396901,19.3785745436715,0.0398928389800758,0.56221262246284,0.920375885070409
"Q7L0Y3",10,13,11,14,9,12,21.1554994614239,21.0103282592747,3.30587317436589e-20,0.999999999609789,1
"Q96NC0",NA,NA,1,NA,1,2,20.2066235977892,19.9447773447858,-8.62324084613072e-20,0.999999999673373,1
"Q9Y244",4,5,5,3,4,5,22.0682789326141,22.0347633845867,0.0320941051364656,0.566263220443698,0.925693544556445
"Q15029",36,36,35,39,36,37,21.9109636711992,21.8969313026821,0.160454121226719,0.00029610588011585,0.00147261622619684
"P07737",9,9,8,10,8,9,24.4202889709053,24.5526272013436,0.324448303429173,9.22419238947245e-06,6.32751080795084e-05
"Q9BVC5",4,1,NA,4,NA,NA,20.2923952079731,20.2880896709891,2.25839482305449e-20,0.999999999770896,1
"P52286",5,5,5,3,5,3,22.0231263340174,20.8193805656417,-0.818165254202519,1.98738424535635e-06,1.57057804266586e-05
"Q9UL25",5,4,4,4,4,4,20.438047487944,20.1920345410938,-4.6238160136515e-20,0.999999999833412,1
"Q15459",27,27,25,24,25,28,22.2340429366222,22.183281146174,0.103539849676579,0.0022614495376057,0.00876767633228984
NA,NA,NA,NA,NA,NA,NA,20.5858374380347,19.9005666508104,-1.40837740740768e-18,0.999999998407325,1
"Q9NWY4",3,4,4,5,3,3,20.1469348101474,20.4765030391659,0.431360556817198,0.0476975440021719,0.12016031936617
"O95819",NA,NA,NA,NA,3,NA,18.7882068045606,18.505764856644,-9.40216723266745e-20,0.999999999798879,1
"Q02159",NA,2,NA,NA,NA,NA,20.2160289990326,18.7716631726324,-1.19137249594768,0.00127486426698758,0.00528354307201964
"P32626",5,5,4,3,NA,3,20.5110700407168,19.9597214079939,-0.524673416245268,0.0324123051088828,0.0863438605901555
"P82930",NA,NA,5,7,4,6,20.1879501336882,20.2732837954135,0.198552682233272,0.184672743536845,0.366612889698575
"Q5JSH3",10,7,11,8,8,11,20.496770603537,20.4897930950408,0.12883249411973,0.0614874522032482,0.148294779164105
"O00505",NA,2,5,5,5,4,20.7201824316154,20.6299929981487,7.22942285422597e-20,0.999999999579954,1
NA,NA,NA,NA,NA,NA,NA,19.0788090693415,18.6700849316732,-1.56569794024477e-19,0.999999999573301,1
"Q5T3J3",NA,6,NA,5,3,6,20.1247158069462,20.0356295962409,2.54547228379858e-18,0.99999999695383,1
"P46109",17,18,16,20,16,17,22.7636803750808,22.7277793682182,4.7611033118246e-18,0.999999990233747,1
"Q92696",5,5,6,5,NA,5,19.6553319065304,19.6789170403714,6.65425892435165e-20,0.999999999595006,1
"Q99541",5,5,3,6,6,6,20.6679603233511,20.4463462104776,5.29140933388818e-20,0.999999999595087,1
"P02309",NA,4,4,4,4,3,23.0644914240159,22.245045066969,-0.632002761524648,0.00118841252815508,0.0049970494715209
"P38821",NA,2,2,NA,NA,NA,19.7911376607241,18.6226713593041,-0.820152143412121,1.35916818627279e-05,9.00234358967594e-05
"Q14011",3,3,3,3,3,2,23.6545663575131,23.6791418709392,0.19558885210725,0.0164680044720222,0.0482008715368322
"Q5T6S3",NA,NA,1,NA,NA,NA,19.6445942822516,19.8598160783401,7.09429878080818e-17,0.99999998953661,1
"Cont_P17690",2,2,3,5,1,4,19.8735891022779,19.7059624910652,-7.82506479748325e-21,0.999999999937322,1
"A6NIZ1,P61224",1,2,1,1,2,NA,21.6803275858798,21.5969446819148,1.80968280472564e-21,0.999999999992545,1
"P32597",NA,7,9,NA,NA,NA,19.5162816637125,18.7572872865553,-0.4874896706434,0.0130039674259499,0.0396142968768067
"P01120",3,3,4,2,NA,5,22.120429350712,20.9486630708926,-0.955878300374397,3.37629024235797e-10,4.70478705511187e-09
"P62834",NA,1,1,1,1,1,21.0916742540622,20.7935041605583,-7.89267150715512e-20,0.999999999682229,1
"Q07541",3,3,2,NA,NA,2,20.3803668912294,19.1012647276282,-1.09546798234929,0.000218963903467995,0.00113088877270086
"P33775",6,6,3,2,1,NA,20.7495262659794,19.8089100749733,-0.477240471667709,0.00302633720465979,0.0112638318281821
"Q92797",17,14,16,15,18,17,20.1824929408439,20.2208355766596,0.236725077743853,0.00100600134025135,0.0042894469563267
NA,NA,NA,NA,NA,NA,NA,19.6464199651691,19.3276829618221,-1.76131550659407e-19,0.999999999586877,1
"P61019",2,2,2,2,4,2,21.8657016903824,21.8555872284407,0.103104718877216,0.161576548246445,0.329376362838777
NA,NA,NA,NA,NA,NA,NA,19.7359461603028,19.5163101214286,-4.44967807256233e-20,0.999999999897704,1
"P53992",17,13,18,20,20,15,21.5236324999727,21.6974617095276,0.264143635883744,1.63183259331539e-05,0.000105775755402657
NA,NA,NA,NA,NA,NA,NA,20.2384441626682,20.2293463055876,1.16138182709691e-19,0.999999999509843,1
"O75446",NA,2,2,1,NA,NA,19.19380505754,19.1453916230248,-4.39442948825438e-20,0.999999999812078,1
"P41223",5,5,6,5,6,6,21.1608225631552,20.9182521273766,-1.16323773324692e-20,0.999999999903326,1
"Q3E7Z5",NA,NA,2,NA,NA,NA,19.7639224168711,18.5836314937437,-0.543846281067968,0.140016794262297,0.293603851325604
"P08539",NA,NA,2,NA,NA,NA,18.1660079646127,17.2175425930215,-4.53149982623889e-19,0.999999999181936,1
"Q9NQW7",9,5,4,6,7,7,20.1697250836012,20.1570333225446,0.190872887230307,0.0145794575441936,0.0434671269108284
"Q9BRT2",NA,NA,1,3,NA,4,19.8862759210479,20.0343004297147,0.0847505707205156,0.513320775410757,0.849741048305496
"Q06440",11,13,13,6,7,8,20.5387457407747,19.5691956692352,-0.786811352767309,2.34784528938643e-08,2.48526962834318e-07
"Q96BN8",NA,3,3,4,NA,NA,19.6685251534165,19.669518097194,6.58571862482898e-20,0.999999999709528,1
"Q01085",5,6,3,5,6,5,21.2638867521246,21.0859299086693,4.59278968598247e-20,0.999999999675253,1
"P20810",10,12,11,10,7,11,20.3930558571683,20.2551072687308,9.40717312622193e-12,0.9999929387053,1
"Q6RFH5",13,9,8,9,10,7,21.8185244505865,21.6899053193061,5.3158305308811e-12,0.999994044514165,1
"P31483",5,4,6,4,4,4,20.5022326458961,20.3659076319725,2.55395840998815e-20,0.999999999834484,1
"P53885",NA,NA,5,NA,NA,NA,20.2679592545325,19.1884643838806,-0.805507602309235,1.35378734923852e-05,8.97870363736843e-05
"P53741",NA,8,7,NA,NA,NA,20.4036722800871,19.2569432540983,-1.07790225987675,8.607264858381e-07,7.1037640869814e-06
"Q16864",NA,2,4,NA,NA,3,21.4205318603137,21.3765242953578,0.143499189244589,0.194066901950213,0.381845824471615
"Q10713",9,11,12,13,11,12,20.7006789501682,20.5412037171597,1.69266634679206e-09,0.999922354303409,1
"Q9UKX7",8,9,10,7,11,8,21.3150843963699,21.2206510248825,0.0611211075000442,0.256307329140942,0.478368483278581
"Q9H7D7",8,9,6,5,6,8,19.5188726011517,19.309242320346,8.72773942275911e-20,0.999999999342022,1
"P33324",4,4,4,NA,NA,NA,20.3688903334529,19.7346362724166,-0.389272723718368,0.148662675201792,0.308058539238196
"Q9BTE3",NA,NA,7,NA,6,4,20.4361593130867,20.2286264682069,1.15003265371334e-20,0.999999999918457,1
"P54885",9,9,8,8,7,10,21.5578824502116,20.5317393583897,-0.873959905182511,1.81294305866663e-09,2.25406648824305e-08
"Q7Z3K3",NA,8,9,9,7,8,19.6083668299728,19.6981047014172,0.249894776996453,0.00572693595937293,0.0193889046652714
"P06103",18,12,12,7,12,11,21.1408228184091,20.039572864973,-0.83647005712866,4.74815105915087e-14,1.02209266642692e-12
"Q9Y697",NA,NA,7,5,8,8,19.4625865044688,19.9687157447499,0.807377512436507,0.000611303546543003,0.00277904661939053
"Cont_G5E513",NA,NA,3,4,3,2,20.504767356487,20.4126961068911,0.0917445405768596,0.274559386523819,0.505564347544178
"Q9Y376",6,6,8,NA,7,7,21.2814895644333,21.2275274509068,0.0121124893691909,0.698918996343364,1
"Q13363",NA,6,5,4,5,4,20.7729099404927,20.7798210932902,0.0228898901117531,0.671551375138328,1
"Q06187",7,8,6,7,6,5,20.1013109124689,20.1252710585131,2.1679238750769e-08,0.999533345884576,1
"Q9UNH7",4,8,4,7,5,9,21.5195177200084,21.3455694105456,3.83313880613629e-11,0.999992775196077,1
"P22217",7,5,6,5,5,4,23.7114884772219,22.6399782719123,-0.790648157224891,2.88602542120903e-13,5.58707404528688e-12
"Q8WU90",7,9,10,9,11,9,21.3144506838197,21.2752130201208,0.0668259435651108,0.204432104375063,0.398031998022187
"Q96KP4",14,14,15,17,14,16,21.0281710559669,21.0662077167203,6.27110741427378e-08,0.999316188980399,1
"Q96BW9",NA,NA,NA,3,5,NA,20.0533458072759,20.1991677441307,0.299953366179808,0.0228593952753051,0.0637697540344464
NA,NA,NA,NA,NA,NA,NA,20.2746119434434,20.5537135554794,0.375589869648651,0.0054790992514235,0.0186924444597647
"P55957",4,4,6,4,6,5,21.4081977965353,21.49306152831,0.117389463129426,0.150426772747362,0.310709649831554
NA,NA,NA,NA,NA,NA,NA,19.7027659062081,19.4180116057789,-8.34794770866494e-20,0.999999999564146,1
"Q96MU7",3,NA,NA,NA,NA,NA,20.1826747386384,20.0279583140657,1.01993675946943e-19,0.999999999687471,1
"P53008",7,7,6,1,NA,4,20.2864289809921,19.6863552648587,-0.273276711228558,0.401838450065398,0.689326797034577
"P61353",6,6,8,6,6,8,22.8285438974536,22.6544998473921,7.70666245615886e-20,0.999999999385449,1
"P0A9Y6",3,2,2,4,3,4,21.9887485044982,23.9608778833933,2.27481665208832,1.7976575406206e-11,2.91311414377534e-10
"Q96E29",NA,NA,NA,NA,NA,5,19.9972233309634,19.882695552477,4.35641409054848e-20,0.999999999856187,1
"Q5R3I4",NA,4,NA,NA,NA,5,19.8541803441109,18.7807593183994,-3.09036147044013e-19,0.999999999273256,1
"Q86U70",6,3,3,3,NA,NA,20.7513467262986,20.4103662933592,-7.19871424971424e-20,0.999999999829597,1
"Q08601",NA,2,2,NA,NA,NA,20.1282414625445,19.54034940985,-1.12395076323948e-19,0.999999999594528,1
"Q15084",13,13,13,12,14,16,22.5725228625916,22.7282777760984,0.32959436108676,2.32275761548353e-05,0.000146128557074422
"P32485",NA,6,5,4,NA,NA,21.2212054424628,20.3489087319004,-0.741614504033211,2.84460924027564e-07,2.55218517996114e-06
"P19784",5,10,9,8,8,9,20.2529606124344,20.2525885689235,0.109442699856113,0.227576166254084,0.434730762622454
"Q9NZM5",5,5,NA,NA,NA,5,20.2448470955849,19.962271622598,3.39182213898781e-20,0.999999999839385,1
"Q01970",6,4,9,6,8,6,19.2596215948661,19.570560998312,0.443976946339725,0.00417781984554436,0.0147954835414029
"P48147",20,18,20,20,20,19,21.0095160830963,20.9634383560285,0.177060179771479,0.0292329792385483,0.0787692934269899
"Q9BRJ2",NA,5,4,6,6,NA,20.5993858665554,20.519477733833,0.0674531372930377,0.317266877578478,0.569658455259957
"Q6NUQ1",NA,NA,3,3,NA,3,20.3591159403973,20.3215214692233,1.67568769199141e-19,0.999999999296262,1
"P24928",25,26,24,26,31,24,20.4227645860272,20.2378909065881,3.02202527858097e-20,0.999999999610068,1
"P32565",13,13,15,9,9,7,21.4788030777096,20.4589155179644,-0.825276180440475,6.67226961102207e-08,6.57988433948484e-07
NA,NA,NA,NA,NA,NA,NA,21.3047278016081,22.4200429788832,1.15659942515462,0.00163502555978656,0.00657772835035473
"Q9Y5Q9",NA,3,3,5,4,7,19.3978418101312,19.472796907655,0.212683268859683,0.0877292006259588,0.200455782608707
"O43395",11,8,12,10,12,13,20.740930748741,20.7265101610373,0.0905893706170728,0.162598996712325,0.331109640675398
"P20606",6,6,8,3,5,6,23.3954510927747,22.3210083570522,-0.816709636959488,1.73135478187557e-09,2.16663465003041e-08
"Q9BRT6",NA,NA,NA,NA,1,NA,19.7087753752239,19.386903483248,1.19151990630729e-20,0.999999999957755,1
"Q08977",6,6,6,6,NA,NA,20.6118263336628,19.6132099162702,-0.826094787158384,4.24627126606997e-07,3.70601194159722e-06
"Q92766",NA,NA,NA,3,5,NA,19.5415889916793,19.6922949969103,0.175446645375176,0.302941632198601,0.546830499422319
"P18031",13,12,12,10,10,11,20.5884408688137,20.4919815038465,5.49752151917874e-20,0.99999999944856,1
"Q08421",NA,2,3,NA,NA,NA,19.8220952720828,19.4189565258838,-2.39878822445096e-19,0.999999999307703,1
"Q99719",NA,3,5,NA,3,4,20.8409427420692,20.7805632122907,0.0169441819921401,0.701923440388762,1
"Q04409",17,11,16,9,10,11,21.8844841112814,20.836788180991,-0.882097290066576,4.00438142413759e-16,1.08456696881924e-14
"P38130",NA,NA,4,NA,NA,NA,20.3267796471264,19.1660589829484,-0.771186948301387,0.0025501954487822,0.00974309771127451
"Q9Y6W5",NA,7,5,6,2,4,19.9471734312223,20.0246268627988,3.95593213587551e-20,0.999999999643009,1
"O14874",NA,2,NA,NA,NA,NA,18.6160156249804,18.7639531667406,0.366634362548639,0.0502186138356843,0.125688148901546
"Q9Y512",5,5,3,5,NA,2,20.514063495909,20.6461806632891,1.02818893377815e-08,0.999796338606653,1
"Q8IV08",NA,NA,NA,8,NA,NA,19.7648910511338,19.8077202392934,1.76762431747215e-19,0.999999999419097,1
"Q15185",8,9,10,8,8,11,21.9633285214521,21.8670159942305,3.47643171537777e-20,0.99999999964154,1
"Q96G46",NA,6,4,8,9,9,19.9789138157936,19.6518762262403,-3.31714287330978e-20,0.999999999785072,1
"Q9NX02",NA,NA,4,8,5,NA,18.7547005281834,18.7343413670779,5.16003390433153e-20,0.999999999678821,1
"Q96JB5",6,NA,6,5,5,6,19.720341710027,19.1558587164073,-0.0483263511966589,0.654910662882289,1
"P32457",8,8,12,4,8,8,20.69025656789,19.792116496692,-0.782352750540469,1.03677264655247e-09,1.34407671864296e-08
"P68363,Q71U36",NA,1,1,1,NA,1,25.2393942439695,25.2284259586137,1.33241465788476e-19,0.999999999430905,1
"P38295",NA,7,7,NA,NA,NA,20.7438163277789,19.6083183880697,-1.02785021369787,1.562912915761e-09,1.97296380985235e-08
"Q9HBM1",3,5,5,3,2,6,21.0611702158791,20.9951264708977,2.55331025961876e-19,0.999999999099689,1
"P22626",29,32,33,32,30,32,22.4103776758309,22.3256203124094,0.134171796791645,0.000741180498220439,0.00328660283953399
"O43491",13,15,10,12,13,18,20.1051323503904,20.0953875108836,0.180099469463384,0.00273682323471945,0.0103523382904108
"Q9UBF1",NA,3,3,3,NA,3,20.1616378879893,20.2686181640655,9.24071789513021e-18,0.999999996539421,1
"P24280",6,10,9,6,4,5,21.8340974078248,20.8353844210832,-0.782646119476304,2.37710368842234e-15,5.93658492576125e-14
"P34760",16,17,13,11,13,12,25.4517546726263,24.4315912444904,-0.825672681021415,4.87678632451894e-23,2.70520964482209e-21
"P30048",6,8,10,7,8,7,22.9777384584571,22.8991896424383,0.0989681022170605,0.238121648244391,0.45128902389024
"Q9P015",9,7,6,8,3,6,20.3757474751547,20.5061261829107,0.171777000911509,0.0436666370296519,0.111219792063603
"Q13162",8,10,7,11,6,8,20.9958065880696,20.9279815936281,0.0487828305002711,0.36339721644478,0.63470739983952
"Q03262",NA,3,NA,NA,NA,NA,19.3580924799532,18.7786653467521,-0.312922465920747,0.197410750555495,0.387236524976079
"P46783",4,4,3,4,3,3,21.2411214380742,21.1358580498757,1.10762731293008e-10,0.999980326579292,1
NA,NA,NA,NA,NA,NA,NA,NA,NA,NA,NA,NA
"P22307",4,6,7,8,6,9,21.576230171423,21.4363201442245,2.70527589072023e-20,0.999999999716176,1
"Q12872",NA,6,NA,5,5,8,20.2505756874688,20.2613801798999,1.18621543634075e-19,0.999999999426455,1
"P50748",NA,6,NA,5,NA,NA,19.8039980862069,19.9557865087602,1.82862808748136e-19,0.99999999927237,1
"Q9UBB9",NA,NA,3,5,7,6,20.0663021117487,20.1743072171532,0.264608117455416,0.0324874790164745,0.0864641336522571
"P40202",2,4,7,NA,2,2,20.6036068666278,19.5854401517065,-0.828584398917314,0.00012995252874034,0.000717412572538776
"P53228",NA,3,5,NA,NA,2,20.9344254408055,20.0925697802746,-0.498759080164395,0.134672519289421,0.285005782751529
"Q02776",5,6,7,NA,NA,NA,20.3706018440442,19.3911006419327,-0.862711742550171,0.250228225559285,0.469247572928443
"O95376",3,4,2,2,3,4,19.6289448883139,19.5446777223095,4.93691606065064e-20,0.999999999817469,1
NA,NA,NA,NA,NA,NA,NA,19.4808058660991,18.8307057864534,-0.465578470240181,0.012274902447678,0.0377793699484913
"Q13464",NA,7,6,NA,NA,5,19.00467809631,19.4612198323517,0.430353296881328,0.0478019324863246,0.120370732655437
"P25685",9,9,10,12,10,11,21.8186983200143,21.830340722818,0.171539241264251,0.012961073327377,0.0395203129099565
"O75934",8,8,9,8,4,8,20.8619189047648,20.6426004687821,-4.72783615595527e-20,0.999999999540058,1
"P40024",10,11,8,5,6,8,21.4867839050258,20.4197168860497,-0.706684065473315,1.37325336883271e-05,9.05405563976672e-05
"P0CX37,P0CX38",12,11,9,9,9,6,25.5540071500825,24.3663988768631,-0.984512950861387,8.78341316718102e-10,1.15162524003335e-08
"O95466",NA,NA,1,NA,NA,NA,17.9559724735284,17.9901073270024,9.50816518576234e-20,0.999999999536384,1
"O95881",NA,4,4,NA,4,3,21.4582618306222,21.3157934829854,7.08407517474979e-19,0.999999999716388,1
"Q96I51",2,NA,5,NA,NA,4,19.5179316092332,19.8013756275187,0.381551915284943,0.0202460116544868,0.0574516680938193
"P61081",8,7,7,7,7,7,22.5301308290736,22.5254701151112,5.05997899588084e-20,0.999999999458007,1
"Q9H3K2",NA,2,NA,NA,NA,NA,21.9407321367452,21.7259628469053,1.46735073021426e-20,0.999999999921625,1
"Q96DA6",NA,3,2,3,NA,2,21.8142344204232,21.7624834438535,1.22786317764364e-19,0.999999999498749,1
"P51858",13,13,14,13,15,13,23.4444382558012,23.4114305412584,3.00479914914052e-05,0.983486490205227,1
"P52294",6,4,5,6,5,6,19.8074206649249,20.0174400536343,1.26350644821393e-19,0.999999999299727,1
"P40414",NA,6,5,3,4,4,21.5342062127733,20.1894697443269,-1.10977108616888,8.91474711578938e-10,1.16619446963694e-08
"P57076",4,4,5,5,5,5,20.8371833174433,20.7860380103165,1.41727087734846e-20,0.999999999942127,1
"Q6IA86",9,9,11,10,9,9,20.1841734122844,20.0419381795806,6.51500181717432e-13,0.999999540559595,1
"P02557",10,12,7,5,NA,7,22.4817173477203,21.4884406839438,-0.715475272343062,9.27699910840329e-11,1.39907345223631e-09
"P0A8P3",NA,NA,NA,NA,1,1,NA,NA,NA,NA,NA
"P43034",9,12,9,12,11,9,21.1829147806112,21.0867542345778,3.14438399955908e-20,0.999999999630481,1
"Q9H1Y0",NA,NA,NA,6,NA,4,19.5480994121995,19.7995027627901,0.273348212625446,0.132002431370777,0.280280466167837
"P41208",NA,NA,3,1,1,3,20.0451714158234,20.1232429924363,1.85433278277365e-19,0.999999999287354,1
"Q9NVS9",5,4,8,5,6,5,20.4157290254735,20.1314627158437,-0.0781404304437577,0.659208943904949,1
"Q13242",7,9,13,8,11,11,22.0543989344074,21.8823516952039,2.54006858268417e-10,0.999961717301068,1
"P39517",9,6,9,7,5,6,20.633400668756,19.8613227997439,-0.49982682491536,3.28664098144299e-05,0.000201708849169623
"P54113",11,11,10,9,8,9,21.2518149428831,20.2680084905413,-0.772815443958478,3.20817941510952e-12,5.54131348675653e-11
"P0AG80",NA,NA,NA,7,10,9,19.3324228236725,20.1782175590766,1.35307847752014,0.000218685900795543,0.00113088877270086
"Q9UNI6",4,6,1,NA,3,4,19.6952460597865,20.2767630032089,0.788492405760031,0.00255386328994969,0.00974420457653424
"P20248",3,4,4,4,3,4,21.2158654412349,21.2109279747099,5.00690672087046e-21,0.999999999966714,1
"Q9Y2X3",15,13,12,17,16,16,21.655361206621,21.5130959920236,1.6252073278913e-20,0.999999999768698,1
"P39748",12,12,13,11,13,14,21.6307046429355,21.6520521191715,0.192711235090326,0.00556850578445093,0.0189526311920339
"Q9BY43",1,NA,NA,3,4,4,20.4613396728801,21.5542053823942,0.551812497316162,0.0862776091409995,0.19760637737079
"P63172",NA,NA,1,NA,1,2,19.8738616619947,20.512131010127,0.0178875362743353,0.79824428066505,1
"O60925",NA,4,4,NA,4,3,22.2851567770482,22.2327683954988,1.88193364320536e-08,0.999674338229863,1
NA,NA,NA,NA,NA,NA,NA,21.4138799987033,20.3703131233672,-0.826106950430039,0.0006142456005659,0.00279022273201943
"P32454",24,21,20,19,18,16,21.8560883134119,20.8798230464234,-0.840421126009832,1.13989237424734e-26,9.13338764865683e-25
NA,NA,NA,NA,NA,NA,NA,19.5705111728938,19.5901909253846,1.77976200974418e-19,0.999999999392766,1
"Q9H444",5,6,4,7,6,5,22.0332473297976,22.013960266831,0.184619139881657,0.0502881473639421,0.125753065514773
NA,NA,NA,NA,NA,NA,NA,NA,NA,NA,NA,NA
"P41818",NA,7,6,6,NA,3,20.636972054757,19.6238203758727,-0.761713133588457,7.31634295990998e-07,6.12597714596817e-06
"Q9BU76",NA,NA,4,NA,NA,NA,20.1061114842186,20.1097559743911,0.146655768965525,0.150617296916621,0.310880567410371
"Q14257",NA,3,3,5,5,5,19.7152445956776,19.8507271539411,0.242069150231503,0.0283632910934542,0.0767125299194266
"Q07914",NA,1,2,NA,NA,1,20.0438630930849,19.1243647348161,-0.719319235682637,0.00319599923210008,0.0117288292429932
"Q6PD62",10,NA,10,12,11,9,20.2510204514517,20.1343923546095,2.95224743918793e-20,0.999999999698639,1
NA,NA,NA,NA,NA,NA,NA,19.8932701286537,18.91020215655,-0.663021555172554,0.0503254904924374,0.125791921425854
"Q0PNE2",NA,2,2,NA,3,NA,19.6661934654666,19.5163392681683,2.86985025965253e-20,0.999999999790979,1
"Q9NX14",4,4,5,3,4,3,20.8827587968622,20.9383366400163,0.127939180126685,0.660901881590741,1
"Q02326",6,6,6,3,5,5,24.7676175075013,23.5008015052406,-0.997050551794473,3.69286471455341e-06,2.76318243038374e-05
"P05739",4,4,4,4,4,5,24.4949491997669,23.5679825410141,-0.909568794055646,5.07625013571473e-09,5.96433544459028e-08
"P40215",4,NA,NA,4,NA,NA,20.964827402095,20.0007896684592,-0.719349019172427,1.60028408170456e-05,0.000103862465971394
"Q9NR50",13,11,12,16,16,14,20.8401004413047,20.7849195155651,4.8560983705972e-11,0.99998287433646,1
"Q9UNF1",5,5,4,6,5,7,19.2830695313271,19.2471457827034,1.17590683999073e-19,0.999999999332676,1
"Q15653",NA,NA,NA,1,NA,NA,19.2452031086963,18.8088459326042,-6.95549132141666e-20,0.999999999790777,1
"P42224",10,6,9,10,11,13,20.2471257295073,20.288055314451,0.170859805936456,0.0120192239874846,0.0371193271861878
"Q92665",6,7,4,5,6,4,20.465381429419,20.2781998180653,1.68183375192371e-20,0.999999999861097,1
"P49585",2,3,1,NA,NA,4,20.1441310777501,20.0460460345141,6.96988188276132e-20,0.999999999508102,1
"P39936",NA,NA,6,NA,NA,NA,19.7232493469332,18.5651991202546,-0.942220926070021,0.0797301291097795,0.185170336084669
"P62841",6,9,9,7,7,11,21.2150832420609,21.1822655440004,5.01322811554318e-20,0.999999999614021,1
"Q6NYC8",NA,NA,5,6,5,11,19.9559658507368,19.992841167401,0.152706447534214,0.2902845042231,0.529617743473455
"P00960",NA,NA,NA,3,NA,NA,16.5959777675685,18.9091277339924,2.08483542426322,0.00429866790382151,0.0151490623928811
"Q8WXA9",3,4,4,5,3,4,20.303808411347,20.3545754648735,6.76714934060011e-18,0.999999996164631,1
NA,NA,NA,NA,NA,NA,NA,18.3547621773628,20.0223036564874,1.7428174767356,0.000429749657353196,0.00205064166523622
"Q9Y4C8",6,9,8,8,9,7,19.8033596002414,19.8356173892574,0.073699731197471,0.321333718190759,0.575170406528851
"P38998",NA,NA,3,1,NA,NA,19.98610901903,18.9984784473276,-4.0865971949512e-19,0.99999999911643,1
"Q9H3P2",6,6,7,5,8,7,19.9903954457676,19.9189839701239,0.0507869124302142,0.437563049362154,0.741351316232089
"P40564",6,7,3,NA,NA,NA,20.0565950749581,19.1538438176705,-0.63784518726962,0.00620336891598817,0.0207944423453433
NA,NA,NA,NA,NA,NA,NA,19.2793882363019,19.3089436483713,0.0807930361491087,0.4846967096007,0.808856036357083
"O60566",10,8,12,10,13,14,19.9633818947649,19.807802599538,3.76393955783641e-20,0.999999999636527,1
"A8MPS7",NA,NA,NA,NA,NA,3,19.544908928107,19.9157553853257,0.504767923524422,0.149493196116954,0.309557160229256
"O15235",NA,NA,NA,NA,NA,3,20.3286851541618,20.3053454765772,3.66021554146028e-20,0.999999999839841,1
"P28241",12,11,16,7,8,9,23.3693607034978,22.3315030458355,-0.795032898209166,1.15576193938485e-14,2.64586929694889e-13
"Q9NXX6",NA,NA,NA,3,NA,NA,17.6405762948812,18.0577770817623,0.27536459264091,0.276411056635945,0.508487049021927
"Q15631",7,6,8,10,7,7,22.7896975470808,22.853930211873,0.231065139896864,0.0104936668140595,0.0329547979587967
"Q9Y263",11,8,8,6,9,8,20.059661785825,20.1510815668049,0.0409425359879153,0.625302744434004,1
"Q12030",1,NA,NA,NA,NA,NA,18.6518511179902,18.8370256989217,1.66386297121963e-19,0.999999999752485,1
"P24752",13,14,11,15,14,14,22.1532649879996,22.0310380425291,5.7932490590578e-20,0.999999999367157,1
"Q9P016",NA,3,NA,NA,4,NA,20.626771246986,20.4035262350935,-2.58180174507073e-20,0.999999999771892,1
"P51178",7,8,9,8,6,6,19.6889095510021,19.3544871054376,-2.81297568804912e-20,0.999999999795151,1
"P13663",12,11,12,8,10,9,22.1477972127308,20.9597281559251,-0.920786222346691,2.90251750746885e-12,5.06460408498036e-11
"P82932",NA,3,3,NA,NA,NA,22.7957909034302,22.9888870235092,0.156416618860643,0.302665421859399,0.546502916653168
"Q04458",NA,4,NA,NA,NA,NA,19.4516857086364,18.6362154450055,-0.56078024353365,0.0603794484696403,0.145927540101112
"P25372",NA,1,NA,NA,NA,NA,20.4718147494118,19.262444748578,-0.885138174723761,0.00169384448289838,0.00677576031898988
"P22138",6,4,5,NA,NA,NA,19.5304843607309,18.7321850955369,-0.638051856412797,2.87995880479659e-05,0.000178075909376973
"P82663",NA,5,6,6,5,5,20.7462226349921,20.8958964699016,0.327943065381497,0.00362134266850425,0.0130981353320383
"A2RRP1",NA,12,7,6,7,6,19.7341869047053,19.559867214006,2.15046104142755e-20,0.99999999977334,1
"P62701",8,8,7,8,8,9,23.8508025608828,23.9113689397748,0.27997815453434,0.000271813204483941,0.00137070837121316
"Q04947",10,10,8,10,11,8,22.4183910895258,21.3147567088902,-0.817757910022792,6.51424735798175e-13,1.2321538691212e-11
"P11441",NA,8,7,6,NA,8,21.1460708288889,21.0098986551101,5.15294638582375e-18,0.999999996064446,1
"P05759",3,1,2,2,2,3,25.8513491722541,24.6278875381448,-0.973533255849049,0.000238481034928045,0.00122076050621108
"Q15910",6,4,6,6,7,4,20.4094161898951,20.5417323375206,0.193249760777499,0.154036822547604,0.316354015406595
"P0ACF8",5,5,4,4,5,7,21.4977723121023,23.2897076007319,2.04861049382254,5.66669896982203e-16,1.49274823547504e-14
"Q8WVV9",17,13,11,15,16,12,20.8612097665501,20.7460491119012,0.0686197544213536,0.110689096652579,0.243077806847632
"P78559",7,9,13,11,12,15,19.1217840853469,19.3822035993808,0.172767216373731,0.0922189253875261,0.20895953674809
"Q5T3I0",3,5,1,3,3,5,19.9836535652788,19.8461009811221,1.87497221158644e-11,0.999990289282894,1
NA,NA,NA,NA,NA,NA,NA,19.0717537724659,19.2650684107528,2.21864913201633e-19,0.99999999932451,1
"P34167",15,14,16,15,12,16,21.8302863815049,20.6486599630275,-0.92224533449925,2.24391240586606e-21,1.06984550987118e-19
"Q9UDY2",NA,4,NA,NA,NA,3,19.5237388607399,19.1929458374722,1.37101672299777e-19,0.999999999593722,1
NA,NA,NA,NA,NA,NA,NA,19.4038387062779,19.31977447595,1.74141616280412e-19,0.999999999448853,1
"P39996",NA,1,NA,NA,NA,NA,20.0934021506716,18.55121637729,-1.30770164189063,0.0001769931552998,0.00093590606134239
"Q92544",1,4,NA,3,NA,3,19.4413944608721,19.5230767784736,4.19320827964007e-20,0.999999999785249,1
"P38764",21,20,24,12,14,14,21.5871254921481,20.5509206093473,-0.850325766650789,6.03521187104503e-30,6.3303885971016e-28
"Q96KQ7",NA,6,NA,7,NA,NA,18.9236463785955,19.0095302400651,4.15574597608946e-18,0.99999999844478,1
"O75459",5,4,4,3,4,3,20.8587185960769,20.7446633451611,1.38176267148238e-20,0.999999999832889,1
"P15311",13,11,13,13,13,15,21.381714937783,21.3574271051401,0.0496330908283074,0.449675301976467,0.759849436851516
"P38181",NA,NA,3,NA,NA,NA,NA,NA,NA,NA,NA
"Q13610",8,10,9,9,8,5,20.5849031791465,20.7137108681406,0.304743307183395,0.0130104366964443,0.0396142968768067
"Q12123",4,5,4,3,6,3,20.8445993866177,20.1328161985907,-0.632573847876492,0.000145734617163943,0.000790915339998858
"O43776",17,18,16,20,20,21,22.4956001048133,22.5449699468948,0.193529592132302,0.0512562133838712,0.127620671131443
"P22259",2,5,3,14,13,11,19.3305681630552,21.1343588067776,1.91275250631464,6.2751448516365e-19,2.3660987352347e-17
"P53890",NA,NA,5,NA,NA,NA,19.100156795733,17.9042812419584,-0.91705176414718,1.53341524704194e-08,1.6722632438913e-07
"Q8IWB7",2,1,2,1,1,NA,19.590083015193,19.4859814249435,7.00833478480629e-21,0.999999999938131,1
NA,NA,NA,NA,NA,NA,NA,19.7541961275419,18.7692164612677,-0.792526252844785,0.0511955455558845,0.127579741819394
"P40053",NA,NA,6,NA,NA,NA,20.0843110828877,19.0060088036992,-0.707676488802362,0.0078100807982739,0.025629326578636
"Q13151",6,7,6,8,8,7,22.8427446591043,22.8394943239045,0.114239432226175,0.0610828412703945,0.147442222296613
"P54725",3,5,5,3,3,4,20.7282235588014,20.5463407055977,-4.05417931014595e-21,0.999999999965037,1
"Q02880",NA,NA,NA,7,NA,3,18.8175731118471,18.9152951238378,0.327578327986991,0.182508204070956,0.363441432269708
"Q9UK76",6,5,6,7,6,6,22.420619144371,22.1376413939827,-1.47216575360075e-19,0.999999999041071,1
"P53303",7,8,5,3,5,3,20.5691385778952,19.6109837997539,-0.650048791288429,0.000129742139473124,0.000716937167260971
"Q9GZV4",NA,NA,NA,1,NA,NA,19.2763638306249,19.0450183843733,-1.34908375377027e-20,0.999999999943999,1
"O75821",12,14,16,14,15,16,22.5546830433557,22.4177358718685,0.022687739689552,0.512091391763374,0.848411508488063
NA,NA,NA,NA,NA,NA,NA,20.4895412402731,19.659745150315,-4.31728253005782e-19,0.999999999201105,1
"P05114",NA,3,3,3,NA,3,21.4101759391026,21.3818172980847,0.0446963700211308,0.512209271702138,0.848411508488063
"O76070",5,5,5,6,6,7,22.153316620795,22.051214738681,1.63122727130896e-20,0.999999999816376,1
"Q8N954",2,NA,NA,2,NA,NA,19.5264841067951,19.3921281898605,1.3584029208518e-19,0.999999999432573,1
"Q05905",7,7,8,6,4,7,21.6832767664285,20.6655326653328,-0.921312158363571,2.0004997198752e-09,2.47658430986266e-08
"P53278",16,13,12,7,4,9,21.0282541297295,20.1291160480279,-0.791470887777298,1.40054280591851e-16,4.23022588866171e-15
"Q9NTX5",NA,NA,2,4,2,NA,19.6375402954823,20.0362947310369,0.469387672397101,0.0444708420790344,0.113218132371558
"P38986",5,4,4,2,NA,3,20.6058782408519,19.6651117492157,-0.699332917556725,9.07305916576919e-07,7.46683000389764e-06
"Q12453",NA,NA,4,NA,NA,NA,18.6154010804355,18.224173398686,-0.0534741370749617,0.708177071291762,1
"P78417",13,15,15,17,15,14,24.8512424705346,24.6914787203966,4.9293404087171e-18,0.999999994676908,1
"Q7LBC6",12,14,9,8,13,8,19.7629130426646,19.808461103262,0.155370092083153,0.0360230686190963,0.0945052673322268
"O60830",NA,NA,1,1,NA,NA,21.6348114373223,22.2877130382304,0.326273007504948,0.271592593349345,0.501542148217789
"Q92609",NA,NA,5,NA,NA,4,19.2432111677655,19.405297357473,0.490978436145114,0.00666885628715632,0.0222025645587842
"Q6UX04",5,3,3,4,4,3,19.5266798898958,19.4373245898213,3.66549493805479e-21,0.999999999980094,1
"P35244",5,7,7,7,5,8,22.0554985475287,22.0880041788195,1.99641511359333e-20,0.999999999782715,1
"Q8IZL8",17,14,14,13,12,13,20.3716439806724,20.2587279457757,7.72082709823667e-08,0.999303273988319,1
"Q9BVS4",9,10,10,11,11,10,20.5618022118498,20.6514855478106,0.238386104866546,0.000662237948323767,0.00298007076745695
"P33399",5,3,4,4,NA,4,20.4288320094334,19.4952604561405,-0.711410388058447,3.88314055704223e-05,0.000237056485434673
"P35176",6,6,8,5,5,6,20.655986179236,19.7292265755535,-0.593276962678504,0.000104052708402992,0.00058336256052173
"Q9BS26",9,9,10,9,12,13,21.3838652038111,21.2422015307856,1.25733412436595e-17,0.999999994529144,1
NA,NA,NA,NA,NA,NA,NA,20.5831975053401,19.4012617990393,-1.0327477718698,0.00023625360029172,0.00121150846229594
"P22141",3,4,5,2,3,2,22.4796587803895,21.5139715544478,-0.692816955337006,5.01258833811209e-07,4.30963071871366e-06
"O15234",NA,NA,NA,NA,7,NA,19.4357361046645,19.2665495924066,-2.06163544046684e-22,0.999999999999034,1
"Q12846",NA,3,NA,NA,NA,NA,19.1102635220414,19.2519949482895,0.225798560926954,0.170584917154771,0.343252314986353
"P33570",NA,NA,NA,4,7,5,18.8423256770297,20.2549008174558,1.38500052069783,3.89490131629777e-06,2.8881344079334e-05
"Q13526",4,5,5,7,7,7,21.5718234287427,21.5880035760724,0.186437029748724,0.159289413172489,0.325634523243122
"P39013",5,7,8,3,5,5,20.8375494692207,20.027781268284,-0.610460668134289,0.000328772508074046,0.00161557802306574
"O75348",2,NA,2,2,2,2,22.3648751195049,22.1873411512283,3.10501940429524e-20,0.999999999851266,1
"P82675",NA,NA,9,7,8,4,21.817570882718,21.9024768206407,1.17738511370775e-19,0.999999999613113,1
"P28072",5,6,5,8,5,6,20.5695314924452,20.4975278270206,0.0745736543433002,0.227376506611779,0.434493231746721
"Q9Y5K5",12,12,13,12,13,14,22.3162711788118,22.1137863679215,6.17945294700906e-20,0.999999999450328,1
"Q96IZ7",NA,NA,3,NA,5,NA,21.2869147576634,21.0413742775691,-3.24004326988072e-20,0.999999999769544,1
"P33307",4,6,5,NA,NA,2,19.4541064965757,18.6280356384505,-0.570620572139667,5.64026067590237e-05,0.000332706174225775
"Q9BRD0",4,NA,3,NA,NA,2,19.8034661306366,19.6328194807108,-4.67369299506575e-20,0.999999999821574,1
"P82970",5,6,6,4,4,4,20.3995852033814,20.2751751314249,1.32035207925435e-20,0.999999999846156,1
"P05423",NA,6,2,NA,5,4,19.9790824357495,20.0196744840756,1.39826075377744e-19,0.999999999322428,1
"Q06493",NA,NA,1,NA,NA,NA,19.4057336725578,18.6465215251328,-0.576731359273142,0.0184733758924082,0.053074156137103
"P35732",6,5,4,4,5,4,21.8993294209253,20.8498910936224,-0.809081526943219,3.56053845350784e-10,4.93767940824201e-09
"Q9BW71",3,4,2,3,3,5,19.226072492224,19.420164172063,0.140135795850251,0.428265210916791,0.727735493896603
"P25738",NA,NA,NA,3,4,4,18.9370474336786,20.6653373632301,1.79085898813995,0.00659011666330124,0.0219632484289918
"O75150",8,9,12,9,12,9,20.1040847554252,19.9260211892837,-6.68172087921734e-18,0.999999995356861,1
"Q9Y3T9",14,11,11,15,9,12,21.6348932627761,21.420908495014,3.50684162710413e-19,0.999999999330498,1
"P48606",NA,7,5,4,4,3,21.4235424247652,20.1452318614102,-1.01885311222271,3.56022096523329e-06,2.67782460866112e-05
"Q01628",NA,1,2,1,1,1,20.1339905343276,20.0149035161295,6.64420562318063e-20,0.999999999792907,1
"P05091",7,11,9,10,11,10,19.8549688924178,19.9452607789726,0.183679553468348,0.0628008744427837,0.151020527161492
"P30837",9,7,6,7,6,6,21.2725745568831,21.2268387763475,9.56147367059745e-20,0.999999999300977,1
"Q9GZN8",NA,NA,3,2,3,3,20.9655860194747,21.2663622623762,0.432189922145252,0.999963305403442,1
"P20020",1,7,2,4,2,2,19.5980072472451,19.3278849503454,-2.93789941844391e-11,0.99999265405122,1
"Q9BYG3",7,5,7,3,6,7,21.3733359268877,21.3856366310146,0.196394141961692,0.0030526996545502,0.0113254175608361
"O15212",4,4,6,5,5,5,23.5010142858293,23.5503207813457,0.1858778641797,0.277049221617953,0.509498552602478
"Q2NKX8",NA,4,6,NA,NA,NA,19.7715852394869,19.4227038231969,-1.47275465864583e-19,0.999999999437498,1
"P32590",10,9,9,5,6,3,20.7482063515991,19.7822508095809,-0.88871822593709,4.86640845428234e-06,3.55821424242773e-05
"P40506",NA,3,4,NA,2,NA,19.3548889832987,18.949010062487,-0.345984237490887,0.0267358253940283,0.0728540619812454
"O15269",NA,3,3,4,3,4,20.6231568891433,20.510060101998,2.46371014972398e-11,0.99999222955158,1
"Q32P41",NA,NA,NA,NA,NA,2,19.1608141993161,19.2336107443825,6.74622295617368e-20,0.999999999646402,1
"Q9Y3U8",NA,5,3,3,4,6,23.5677654014924,23.4079001246361,2.37366099921174e-20,0.999999999783287,1
"P36010",5,6,6,5,5,5,23.0818711021919,21.925967828302,-0.968519188444952,2.08947655188352e-11,3.32988680326409e-10
NA,NA,NA,NA,NA,NA,NA,20.4746704204018,20.660403239037,4.68186884088714e-18,0.999999996350534,1
"P43597",NA,3,2,NA,NA,NA,19.7191994703975,19.0027434797983,-0.523703250771826,0.0401388628029366,0.103375490852742
"P29966",NA,NA,NA,NA,NA,1,18.2780642741996,18.6577527064822,0.32218329542156,0.239657034051789,0.453836205779891
"Q8NI22",1,3,3,1,1,2,21.4289675882001,21.3926210079203,0.1213944971483,0.212653040420765,0.411124460518563
"P34216",22,20,20,17,13,13,21.0373870755365,20.0188242380458,-0.82796821725701,8.8973133202036e-09,1.0104055225247e-07
NA,NA,NA,NA,NA,NA,NA,18.5004951794233,19.0662794574621,0.53321942980651,0.0959339063545671,0.215515072336253
"Q08245",6,5,4,3,4,4,25.3569841130333,24.1560074186533,-1.06627614637978,3.72809798202305e-06,2.78232823522523e-05
"Q96HE7",4,4,3,7,4,3,19.6962183121777,19.4770287405085,-1.34578529139368e-11,0.999994928537981,1
NA,NA,NA,NA,NA,NA,NA,18.2409318860249,18.08417718376,-0.0006768210422331,0.993448474685853,1
NA,NA,NA,NA,NA,NA,NA,22.0616212697925,22.4147311910344,0.41596426823265,0.383021932242953,0.662763505431792
"Q04636",8,NA,7,NA,NA,NA,20.5064736137843,19.3680259675176,-0.890333248744544,4.15054532455274e-05,0.00025086234294573
"P12688",7,7,7,3,2,4,20.3509021667799,19.1285571177955,-0.976574141813691,6.0775485195894e-13,1.15333478320761e-11
"Q13823",8,13,14,11,10,13,20.2256748535432,20.1234258539737,2.06407043478104e-07,0.998652677052966,1
"P25526",NA,NA,NA,5,5,3,18.5400658973255,20.6461674490372,2.13845959162323,5.78210616957391e-10,7.77551759726617e-09
"Q08641",7,7,5,NA,2,NA,20.0042424012788,18.6139519679154,-1.13625383331416,1.8727208968052e-10,2.68082552200229e-09
"Q13422",4,NA,NA,2,NA,2,20.2201550795579,20.0521127390882,-6.14911376561927e-18,0.999999997365196,1
"P09497",NA,NA,3,NA,NA,NA,21.5084401425795,21.1470908308473,-7.07343335385118e-17,0.999999985811961,1
"P32458",NA,5,5,NA,NA,3,20.5195312809983,19.2379637968147,-1.04883769099254,0.000494994874633606,0.00231976070817325
"P04844",3,3,4,4,2,3,19.6435855178302,19.7984584373614,0.275366023210127,0.0267472531246798,0.0728540619812454
"Q00055",8,8,11,7,6,9,21.1562940311525,20.076548132953,-0.79059189772866,2.03575318166159e-10,2.89981730987795e-09
"Q15031",NA,NA,NA,4,NA,NA,20.2386440568366,20.0553053424046,2.54486661227374e-19,0.999999999899554,1
"Q2V2P7",NA,NA,1,NA,NA,NA,19.1467771665512,18.1293485886587,-0.854297544300197,0.000807208585609679,0.00354128238051881
"Q7Z2T5",8,8,10,10,9,12,20.6164436584818,20.5598383957358,0.104380212690642,0.145943755869345,0.303077583732992
"Q14191",NA,NA,5,NA,5,2,19.6280846700368,19.5025496064231,0.0167310914780201,0.926034461875299,1
"P42839",NA,2,NA,NA,NA,NA,19.8085745172648,18.2722619603755,-1.46888532354153,0.000878372460162369,0.00382151638210913
"P36015",6,7,8,4,NA,5,21.8733822715497,20.6278542729261,-1.08414526948784,1.74801248500354e-11,2.84064338760153e-10
"Q8NBJ5",6,7,7,7,7,3,20.0651520655763,20.1608435941377,0.235459640816386,0.117805550047879,0.255594130252433
"Q06169",3,2,2,NA,NA,NA,19.3039485925696,18.7034255368945,-0.43062981511608,0.00393157179506579,0.0140354193599843
"Q96F86",6,5,6,7,5,8,19.8230783202232,19.7466060090742,6.78151202914872e-20,0.999999999576733,1
"P14742",12,8,12,10,11,8,21.1091949336833,20.1750563444903,-0.743322885087593,3.6600401672747e-13,7.03825724166924e-12
"P51398",5,9,7,6,8,7,21.4447211689516,21.4112833542571,0.153098959522759,0.0218574370457828,0.0614800362345787
"Q12159",7,6,7,6,5,7,22.7019531494554,21.6109933875643,-0.933377769532398,3.71720455656304e-06,2.77779185062334e-05
"A0A0B4J2D5,P0DPI2",8,9,9,8,8,9,21.4533956689977,21.3498555091261,0.0734208316085192,0.17159678586188,0.344927476528637
"Q12680",8,9,10,3,NA,NA,20.168437307716,19.0912304434433,-0.950481930440184,1.67352831914863e-07,1.56223056200136e-06
"O75116",7,7,NA,11,6,7,19.9222099242026,19.8700486700044,2.87910620249977e-20,0.99999999978771,1
"P29547",12,15,10,11,8,11,22.5304433891165,21.4375561028619,-0.869131457829009,1.31553427184764e-07,1.24211411035827e-06
"P00431",5,NA,3,NA,NA,NA,19.2519543400343,18.4480668864759,-0.319900931401443,0.231962272531467,0.441792786475415
"P38137",NA,4,11,NA,NA,NA,20.1453853343099,19.3431069946205,-0.601040640072842,0.0384272993460301,0.0995995482516792
"P38625",15,13,9,9,4,6,21.4406092807768,20.323838509304,-0.940154642840344,9.21302699435839e-14,1.89145739254283e-12
"P53192",3,3,3,3,3,3,20.6841378142534,19.722545471853,-0.780181833638688,0.000297116242860815,0.0014763683075487
"P48507",6,8,5,6,5,7,21.6228241087134,21.5645906365177,3.04067316957558e-20,0.999999999766735,1
"O95905",NA,NA,NA,7,NA,NA,19.4767886791631,19.2268162454408,4.93037866505325e-21,0.999999999972821,1
"P06968",NA,NA,NA,NA,NA,1,19.2065880874459,19.9609302916726,1.12677991627864,0.00313492864215093,0.0115708170047233
"P31937",3,5,3,3,5,6,20.593778936343,20.9447366807725,0.284389219302258,0.0488577920581209,0.122708142091119
"A3KN83",4,3,7,7,7,10,20.2368898397318,20.2159226936242,0.160935048796576,0.169028919982878,0.340739272275909
"Q13310",9,10,13,9,9,11,22.6140302453288,22.681156796154,0.243943467471185,7.73881494667198e-06,5.39193519653994e-05
"Q08985",4,4,1,3,2,2,20.6132200102714,19.7212129882332,-0.735792538714431,1.98548546772851e-05,0.000126706478576612
"Cont_P02070",NA,2,2,2,3,3,20.6475617471569,20.3454434436632,5.43715459316071e-20,0.999999999731199,1
"Q05086",13,10,10,10,7,10,20.4958344245376,20.4444123936256,1.33227466532733e-08,0.999655933715769,1
"P36008",12,11,14,10,11,6,23.5965679025554,22.4468210423559,-1.01705663163645,2.31553479033821e-20,9.54165728961508e-19
"O94763",NA,NA,NA,7,NA,2,18.5782818750619,18.7201313263816,0.231955871426453,0.221800968737295,0.425469862819453
NA,NA,NA,NA,NA,NA,NA,NA,NA,NA,NA,NA
"P13995",NA,4,3,5,5,NA,21.6615943117887,21.6028433859645,1.20087047394371e-19,0.999999999268496,1
"P25373",6,7,8,4,5,5,22.2213926593512,21.2108572435244,-0.844958184312208,8.10088489563455e-08,7.9210177903247e-07
"Q06146",6,2,5,2,NA,NA,20.3852244768067,19.1587400436171,-0.927868044060136,1.94898546927591e-05,0.000124652961998367
"Q5T653",NA,3,NA,NA,NA,NA,19.8758388667044,19.6479564125589,-0.129773549369628,0.273947020180563,0.504758977777601
"Q9UDY4",NA,3,4,NA,NA,6,19.439322372987,19.7319520569576,1.93325013247201e-19,0.999999999302881,1
"Q12888",16,14,15,17,20,16,20.3007571999262,20.2193811103639,7.24456541932096e-17,0.999999978196452,1
"Q9UQB8",NA,8,6,5,7,9,20.1450853839442,20.2159931390439,0.175983997386829,0.188587388098745,0.373228350580329
"P40217",6,7,7,3,4,3,20.9227172315701,19.9208958689107,-0.813170574068473,8.66174112904821e-09,9.8949672422731e-08
"P63224",NA,NA,NA,3,4,5,19.559296365205,20.5849758927931,0.975052087598831,0.00209367786139611,0.0081776760882831
"P62857",3,3,3,3,3,3,24.6532688975319,24.6784518765926,5.73171254463573e-20,0.999999999572446,1
"Q969F1",NA,NA,1,1,NA,2,20.7692901413295,20.1688767042658,-0.334489404741668,0.19829792247032,0.388580405819047
"Q8IUI8",7,3,5,4,6,5,20.5068732143245,20.3172874531535,7.31395130408934e-20,0.999999999675386,1
"Q6ZN17",8,7,6,5,7,5,20.7391085901463,20.8097252572953,0.081388764488481,0.275224596598339,0.506627535984626
"O15504",NA,NA,2,3,1,NA,19.2028242148015,19.332629107935,1.95287017207703e-19,0.999999999431548,1
"P40422",1,1,1,NA,NA,NA,21.0839034881316,20.2981708610336,-0.461057078270388,0.0254138596285135,0.069815502950902
"P52697",NA,NA,NA,NA,4,5,18.8779702570967,20.5382959430687,1.78292524567368,6.38758230000709e-07,5.3953092662871e-06
NA,NA,NA,NA,NA,NA,NA,19.6424241878315,20.9345323801428,1.45798547316446,0.000141620783824486,0.00077149225862461
"Q9BSH4",NA,NA,5,6,7,4,20.3473155641658,19.9948069893326,1.19553891387654e-19,0.999999999390304,1
"Q12178",NA,NA,3,NA,NA,NA,22.1241825217254,20.4259508762426,-1.14343658010174,0.00300008045454312,0.0111805323916404
"P38288",NA,1,NA,NA,NA,NA,20.7140830040173,19.3266800371959,-1.17714855017357,0.000188888349993758,0.000992437970049173
NA,NA,NA,NA,NA,NA,NA,19.4815648624157,17.8727669981942,-1.38669180630235,0.00319461751400471,0.0117288292429932
"P37302",12,12,11,6,8,9,22.6784511064193,21.6816615851252,-0.846764674718087,2.07180323932233e-20,8.59872869615144e-19
"Q05639",NA,3,3,3,3,3,21.01347881488,21.1773006110095,0.0967247616038106,0.318081345822616,0.570943149984652
"P07560",6,4,6,3,NA,NA,21.4383117729313,20.3530768968827,-0.841764161323254,7.6888529047275e-14,1.60133546597014e-12
"Q12514",4,NA,3,NA,NA,NA,20.0220693447378,19.2411687171504,-0.481008183533373,0.0250882741765788,0.0691185547873366
"Q9ULC4",NA,NA,1,NA,NA,NA,24.1820118480182,24.0236959059896,4.87485451140642e-20,0.999999999874729,1
"Q8NFH4",NA,4,7,7,6,7,21.4789009644817,21.2099275463311,7.80471004952887e-18,0.999999995195038,1
NA,NA,NA,NA,NA,NA,NA,19.1577411307027,18.0595892812818,-0.916717106927067,0.00753366010929119,0.0248068979283681
NA,NA,NA,NA,NA,NA,NA,18.3380295473003,18.1705546376859,-3.15582084071777e-20,0.999999999875628,1
"Q9NZN8",2,3,3,4,3,4,20.6658832274483,20.5126865608481,6.63690782610649e-21,0.999999999972669,1
"Q96GU1",5,6,5,5,5,5,23.5059232038134,23.3627147456695,2.07378142262841e-20,0.999999999725887,1
"P04037",NA,NA,1,NA,NA,NA,20.1079350279129,18.9453227518875,-0.966042050819596,0.0374550754496505,0.0975963551350649
"P0A9L3",NA,2,3,4,4,4,20.1760007470469,21.5435600928192,1.50805960652577,1.11615233607094e-12,2.05721496063683e-11
"P34227",4,5,7,2,NA,NA,21.6216081380249,20.8274508995092,-0.544856823082945,0.455772125297318,0.767917462278105
"P32288",9,7,8,5,7,6,23.266435340648,22.0781079437606,-0.983641268861813,8.83871083375162e-06,6.08478792361732e-05
NA,NA,NA,NA,NA,NA,NA,19.090980804361,19.2916277111151,0.490071770073708,0.0247274476265988,0.0683529685471243
"Q8WYA6",7,7,9,9,9,13,20.5007210657688,20.5404244265224,0.273642857679627,0.0157366276831457,0.0464371381606484
"P16550",7,7,8,7,6,6,21.5083282693577,20.3633870694997,-0.799453027655609,3.18338315805678e-09,3.85407328900192e-08
"Q13564",10,8,9,10,10,9,20.6381679541352,20.65508286757,0.191213925302802,0.0133452106355179,0.0404349821666785
"Q86X83",NA,NA,2,NA,1,NA,19.2962605444492,19.782971237201,0.482409195179147,0.0251335297755682,0.0691441741894388
"P0A6P1",8,7,9,12,15,11,20.0788726074804,21.787598749418,1.82647725655351,2.43415187688643e-11,3.86849095806e-10
"Q9UBL3",9,10,13,13,15,13,20.7009091226512,20.6548264531583,0.164490592100512,0.0167503356130886,0.0489031812509655
"P13984",NA,NA,NA,7,NA,7,20.1635520971436,20.2251630091418,8.1501992511876e-20,0.999999999661306,1
"Q4VC05",NA,NA,NA,2,NA,NA,18.9726564662941,18.3363460992736,-3.12316113149145e-19,0.999999999495575,1
"Q9H488",NA,NA,NA,NA,1,NA,19.3397333659346,19.8016024173595,0.226947016612939,0.292819247115291,0.533157781093886
"Q99590",12,12,12,14,9,7,20.1018720740124,19.9718530009291,2.38075445455339e-21,0.99999999995827,1
"Q8N183",NA,NA,5,3,6,4,20.2381416022049,20.3070953681272,0.213516694760424,0.109377186164474,0.240838544649942
"P0AGE9",3,8,6,10,10,11,20.6247908318511,22.2576896344521,1.73480334643884,1.90135133654061e-11,3.06393739120189e-10
"Q08873",NA,2,2,NA,NA,NA,19.7509603194456,18.9413575399361,-0.396264312588465,0.0977532253164834,0.219005187126521
"Q03219",3,4,3,NA,NA,2,20.6263376064153,19.5825271610573,-0.675669753059809,0.000802428307812769,0.00352567319708444
"Q15046",22,18,18,24,21,22,22.1888375597521,22.0969239900474,0.0574123640323832,0.168367517565941,0.340095311217757
"Q6I9Y2",NA,6,7,5,7,7,20.8249750315492,20.7297602130557,-1.81380969249926e-19,0.999999999666905,1
"P0A800",NA,NA,NA,3,2,2,18.6111378681344,20.3607202157098,1.98119055582776,0.0136418214737343,0.0410964324187849
"Q15843",NA,3,3,5,NA,NA,21.2496600318172,21.5014526575382,1.13292906629051,0.261307139812914,0.485814015333775
"P47985",1,2,2,3,NA,2,21.8315122778457,21.9676564528391,0.335117802384557,0.0162203614759432,0.0475967779016869
"Q9NR31",NA,4,2,3,NA,3,20.5484276503774,20.8343050743081,0.171688513163514,0.141174040215259,0.295084434058633
"Q53HL2",NA,NA,5,NA,NA,NA,20.6331277054293,20.466484358372,2.21669301285673e-21,0.999999999986553,1
"P0A8N5",NA,NA,NA,NA,NA,6,18.6984780064083,20.7263046589001,0.605778245622465,0.0965937805613896,0.2167442707346
"P27550",8,10,8,19,19,14,19.8712771586663,21.5669335259428,1.80814400267983,1.4625900050281e-33,2.22044256289661e-31
"Q15067",NA,NA,NA,5,2,3,19.9553336586687,19.8024986825306,1.94932608728854e-17,0.999999993325901,1
"P33333",5,6,6,6,5,6,20.9809691015094,19.830467094042,-0.850116641144041,2.13043270318703e-05,0.000135506794538986
"Q9BV20",6,8,5,6,7,8,20.7076541409266,20.6690007585313,0.0296739102776,0.485909642852099,0.810645670796345
"Q96MX6",NA,NA,2,NA,NA,4,18.4066176354244,19.2463662917763,8.28489348274942e-19,0.999999999004448,1
"P38966",1,NA,NA,NA,NA,NA,19.9426591366276,18.5086988410671,-0.961855737910911,0.0095082334832246,0.0303558378332721
"O95816",9,7,9,5,9,7,23.0959837959293,22.8755248820624,3.35346910101089e-20,0.999999999790769,1
"P20967",8,8,8,5,NA,NA,19.9892021196295,19.2320412814921,-0.698048397725971,2.00965300957897e-05,0.000127965653556966
"Q9H3Z4",NA,NA,1,NA,NA,2,19.9855955848542,19.6380094332875,-2.31421887549007e-20,0.999999999939443,1
"P35191",5,4,6,NA,NA,NA,19.8653520198698,18.7366845047967,-0.858503336197998,0.324281551372884,0.5791889380403
"P0ACE7",NA,NA,NA,3,3,3,20.2263737739875,21.1846053212751,1.22315037558693,2.94707873370101e-06,2.25188042579088e-05
"P29478",NA,4,NA,NA,NA,NA,20.3897586637849,19.1307259273686,-1.02736847821372,0.0064815247358184,0.0216513701221403
"P40483",NA,2,NA,NA,NA,NA,19.5673520010096,19.2621842373836,-0.213032858391914,0.449798201915051,0.759849436851516
"O60264",14,16,15,19,14,16,21.2281431470399,21.1219793927776,0.0678449542609319,0.133645165072265,0.283143208704332
"O60256",NA,NA,3,4,4,NA,20.7132439149987,21.2937204276299,0.333887746131474,0.130494823253052,0.278102931417384
"Q14558",3,3,3,4,NA,6,19.844781683064,20.0060130831038,0.300998679324306,0.0139315728371877,0.0418398721039317
"Q96BP2",NA,NA,2,NA,NA,NA,20.433019314494,20.3464522411303,3.9658772584439e-11,0.999990301745289,1
"Q9UBK8",NA,NA,1,2,NA,1,19.0853035969882,19.2651571918497,0.231051291668377,0.219424511788437,0.421672221354929
"Q9H6R7",2,NA,NA,NA,NA,NA,19.2530247982503,19.3966879908983,1.50495054721892e-19,0.999999999622737,1
NA,NA,NA,NA,NA,NA,NA,21.4697592261847,21.0835990737146,-0.018623635891114,0.807147047723407,1
"P25294",7,9,11,8,6,7,22.3837574583072,21.3417543913324,-0.870246050090297,1.86044193075599e-16,5.36644474926567e-15
"P07686",NA,4,3,4,6,NA,20.95757120333,20.8878746826651,0.0079356168212397,0.852271311534965,1
"P22392",1,1,2,1,1,1,24.4540048068218,24.2169475158069,-6.48556252206567e-21,0.99999999997298,1
"O75436",6,6,9,10,9,11,21.1471518994877,21.133748812098,4.73688648199254e-20,0.999999999554401,1
"O94913",NA,11,7,8,11,9,19.7128029778104,19.6430112755309,4.60887324750778e-20,0.999999999690294,1
"O43663",5,4,5,9,NA,6,20.2421788669637,20.2890963120076,0.108407715627934,0.195204737503616,0.383692037703019
"Q86Y39",1,2,2,NA,NA,NA,19.8990867484849,19.8709844113694,5.25705625715882e-20,0.999999999789664,1
"Q12329",NA,5,8,NA,NA,NA,21.6102764514311,20.3536419465614,-0.934603953199426,4.83530203446795e-05,0.000289365741046116
"Q9UEE9",NA,NA,1,NA,NA,NA,20.6950748994539,20.7669621210065,0.121249227709258,0.378441668185949,0.655624619749172
"Q12972",7,5,8,9,10,9,21.2461679696213,21.2402323625662,0.0527042914929658,0.361149751391755,0.632121637068881
"P24276",17,12,16,6,9,8,20.2320604429635,19.4090387818002,-0.829070430730946,4.03004914513856e-09,4.77399456228016e-08
"P0A7V8",5,5,2,6,9,8,20.1841064700541,22.0228347005594,1.95064818658329,1.05891657844995e-10,1.58301551960785e-09
"Q9UGI8",13,10,8,12,9,8,20.4639835709711,20.2545284241028,-4.15433651139846e-20,0.999999999689899,1
"P51965",NA,NA,NA,1,1,NA,20.8465855975232,21.1194393747014,0.367931924637448,0.0785942259288622,0.182826648945002
"Q969T4,Q96LR5",NA,1,1,1,NA,NA,19.8094678098662,19.6615002512283,1.48739321278334e-20,0.999999999958121,1
"O75496",NA,NA,NA,5,4,4,20.0042128357932,19.8938771467006,-8.46223122365512e-18,0.999999996474636,1
"Q8NHQ9",NA,NA,2,2,4,NA,18.7716033716824,19.025352340868,0.361763039640053,0.10695993618932,0.236146908486869
"Q5RKV6",5,7,5,6,6,5,21.5399864178758,21.4275208451156,8.92371753540082e-20,0.99999999924373,1
"Q7L9L4,Q9H8S9",NA,NA,3,3,4,4,21.9541561879556,21.8693552879304,2.82815293341443e-20,0.999999999755112,1
"P39019",8,8,9,7,8,10,24.5551413395493,24.429025161451,1.94071100535711e-21,0.99999999997824,1
"P17844",25,23,22,26,23,27,23.7058155826439,23.7205119040264,0.213741527301486,0.0027977328121818,0.0105559977720581
"P0A8F0",NA,NA,NA,4,4,3,18.9103568915307,20.328377540014,1.67861638526406,2.2818893948192e-05,0.000144028664318512
"P14843",5,2,2,3,4,5,21.6067763005295,20.6939303914343,-0.667598599125048,6.04177436378965e-06,4.30308596354352e-05
"Q9Y6V7",NA,NA,NA,2,NA,NA,19.9558543636814,19.9971903276294,0.200413936738675,0.297765381197974,0.539687476526586
"Q13769",7,8,8,10,11,7,20.4513901246159,20.4604577400172,0.105524068658786,0.149636936762191,0.309632528041995
"Q16385",4,4,4,4,3,4,21.53047349898,21.4338685525956,0.0174142593301063,0.815111741153675,1
"P49023",NA,4,5,NA,NA,8,19.4952842591538,19.6189585934667,0.245445736016202,0.114166900800117,0.249009017283885
"Q9UER7",3,2,NA,NA,3,NA,20.4574486813989,20.4838757691919,2.36750412453255e-20,0.999999999889781,1
"P67775",NA,1,1,1,1,1,23.12448327744,23.9318411485617,0.640520383690911,0.0741467391041583,0.173741891913846
NA,NA,NA,NA,NA,NA,NA,20.980447435848,20.9718057657202,1.53882415452315e-19,0.999999999491896,1
"P02992",8,9,10,3,5,8,20.5308695971447,19.4670340531638,-0.78237191017957,3.83891102103036e-09,4.57575985130664e-08
"P36507",7,4,4,7,6,6,21.3822143799072,21.4410062314492,0.221997827002264,0.0056668862695731,0.0192081474084414
"Q9Y2L5",3,NA,NA,4,NA,NA,19.7280845085964,19.6206734309869,7.80611594360065e-20,0.999999999700672,1
"O95239",NA,6,8,8,7,8,19.7389850819945,19.9429368102146,0.154712932009297,0.146453705188905,0.304027141142422
"Q14155",NA,NA,3,NA,NA,5,18.2630787426425,18.4610505963968,0.398676885533819,0.0354806202255956,0.0932943017691255
NA,NA,NA,NA,NA,NA,NA,19.4092259297155,19.4215410313811,9.35287915448794e-23,1,1
"Q9BSY4",NA,2,1,NA,NA,2,20.0158232281011,19.4903899992228,-1.98564445561989e-19,0.999999999276955,1
"P07264",7,8,10,5,NA,NA,20.1876924554266,19.3411040005929,-0.700801680718726,7.40120687300104e-05,0.000426123377747934
"Q07807",7,5,6,NA,NA,NA,20.7621903769985,19.9440275748458,-0.52552881560919,0.000309572196118536,0.00153158042631594
"Q6L8Q7",5,4,7,6,6,NA,20.1197455978165,19.9195977206154,5.71076127141681e-18,0.99999999764267,1
"P29353",NA,NA,NA,3,NA,NA,19.8607109729953,20.0470315205739,2.42779389943321e-19,0.999999999236231,1
"Q9BRS2",6,5,8,5,7,10,20.1470395164063,20.1088588146007,1.0241685712978e-19,0.999999999269803,1
"O96008",5,5,8,NA,8,6,21.0211945689878,20.837479973556,5.95840102515421e-20,0.999999999463017,1
NA,NA,NA,NA,NA,NA,NA,20.1628417733993,19.8718326987765,-6.88800674495786e-20,0.99999999970721,1
"P0AE67",NA,NA,NA,NA,2,NA,19.991585616691,19.7977114350648,6.8196294465113e-21,0.999999999975088,1
"Q99961",5,4,6,5,6,4,21.6420667661542,21.6727238433281,8.79672944934776e-10,0.999931017237063,1
"Q8N2F6",NA,3,2,NA,NA,2,19.6805332505108,19.6615917445644,7.15193301887385e-10,0.99995398571027,1
"P18615",6,6,7,6,6,6,20.2138055655754,20.1025647993494,4.5071580312632e-12,0.999997220253624,1
"P47771",NA,NA,1,NA,NA,NA,20.1298237855523,19.1979903671493,-0.607136177999758,0.00989050125342684,0.0313331900722409
"P53852",17,12,12,6,9,4,20.1910737921099,19.5026515942057,-0.635818970800342,6.66525627978114e-08,6.57988433948484e-07
"Q46938",3,3,6,11,9,10,21.6607678784603,23.5227088174641,2.04201029834459,1.40844670091192e-16,4.2319421966463e-15
"Q8WVY7",NA,NA,NA,4,NA,5,21.2740752944883,20.8132010415512,-1.24771329628012e-19,0.999999999499736,1
"Q16630",9,10,11,9,12,13,22.4196511204828,22.3627347687107,3.46081196168631e-11,0.999986817269252,1
"Q9H9A6",NA,5,5,7,7,8,20.2994551613786,20.4552001156737,0.325110164485619,0.00542679316284577,0.0185689025839011
NA,NA,NA,NA,NA,NA,NA,20.3477271885501,19.584748387297,-0.311524393655471,0.312785431186608,0.562662660591064
"Q9Y371",NA,3,3,3,3,4,20.5552059259868,20.5360957840436,4.38251789108291e-11,0.999989406836858,1
"P35340",NA,NA,NA,6,3,4,17.1785191894693,19.4733069836458,2.27604673448384,1.16442746090774e-05,7.82023518274363e-05
"Q14254",7,11,11,11,9,12,21.2335670313454,21.2423565241785,0.243727592656169,0.0113768869753057,0.0354008958794706
"Q9BUL8",6,5,5,7,8,8,21.4868230680148,21.4928322688213,0.014388313821968,0.696412651794892,1
"O95429",2,NA,3,2,2,1,20.8425263206919,20.2753360072328,-4.44986377129124e-20,0.999999999812038,1
"Q9NX58",9,7,9,8,7,8,21.2022223831775,21.1979916150407,0.0958444414232041,0.140873916477917,0.294731180607835
"Q96A33",NA,2,2,NA,NA,NA,20.2346256961742,19.99840539529,-4.67993217096907e-21,0.999999999972127,1
"P0AC33",NA,NA,NA,5,6,11,20.2952593912413,21.79436156761,1.48023598097979,1.4715008053031e-13,2.9233023442254e-12
"Q8TDN6",10,12,13,11,8,11,21.3941989612276,21.3625868025474,6.68570948899856e-20,0.999999999612976,1
"P46087",15,11,17,12,12,14,20.6384871462776,20.5555111373189,4.94221433726384e-20,0.999999999514208,1
"O14777",8,NA,10,10,10,11,20.4538866514516,20.3693369959624,3.19303345172842e-20,0.999999999678924,1
"P41911",NA,5,3,3,2,NA,20.8193040543826,20.0304139585952,-0.57464447041934,8.33472599325756e-05,0.000475598756232471
"Q99471",4,4,4,4,5,6,22.7140117785537,22.6342610140646,0.198747891561373,0.0907390591270743,0.205929831669588
NA,NA,NA,NA,NA,NA,NA,18.8375796531358,19.7429144589191,1.07342520182491,0.00152937121392387,0.00619588661034188
"P54132",NA,5,3,6,5,8,20.0866201942417,19.9881267501739,1.01966913435126e-18,0.999999997856066,1
"Q9BY77",7,11,12,11,12,10,20.7592004836702,20.8829244051799,0.229920595880155,0.00482887660717984,0.0167818006908557
"A0JLT2",NA,NA,NA,NA,NA,1,19.5804404892747,19.7423478603493,0.0674989673120395,0.555615104204362,0.91086772837595
"P62707",4,3,5,6,5,6,19.9781050269755,21.9604480494097,2.06687140822214,2.42952949441805e-15,6.01543161085739e-14
"Q5VVQ6",3,4,6,3,5,5,21.2357023904695,21.1646730163668,-3.12231317903601e-20,0.999999999861963,1
"Q07451",5,4,4,4,3,3,22.451887284789,21.249250345319,-0.922782522034488,0.00088595635054974,0.0038458105239439
"P05937",4,4,3,3,3,4,20.8434975270834,21.0585344167627,0.24725002366022,0.0802981946329314,0.18618982509541
"Q96A49",6,6,4,6,6,7,20.7000756507262,20.7054018284231,0.212317697169249,0.0178655322814304,0.0515073741786968
"P15731",NA,2,2,NA,NA,NA,21.5124520331608,20.4580696625442,-0.851150410305691,0.00161680630141252,0.00651351644752015
"Q9BTE6",4,4,5,5,NA,4,20.6207707261259,20.5495705747898,7.85973105657817e-20,0.999999999587771,1
"Q9NVM9",NA,9,7,9,6,9,20.6893284661472,20.436904749079,-4.11962326800736e-21,0.999999999950699,1
"Q9UHA3",2,2,NA,NA,1,NA,21.1581681439583,21.0376718504111,5.08846267296731e-20,0.999999999748093,1
"P47047",NA,9,NA,NA,NA,NA,19.850622371643,19.142797903363,-0.471151313266212,0.00461094514649631,0.0160728353777264
"P36013",8,8,14,NA,NA,NA,20.2060920317976,18.9902236381693,-1.04644599815048,1.13443523672984e-07,1.08174493895776e-06
NA,NA,NA,NA,NA,NA,NA,NA,NA,NA,NA,NA
"Q69YN4",10,11,8,11,14,17,19.3818957894164,19.5884875495746,0.300220772429571,0.00842145768672947,0.0273093813348748
NA,NA,NA,NA,NA,NA,NA,21.2902812945929,21.3068791369318,0.0384516382574425,0.815349639825759,1
"Q05785",NA,NA,NA,NA,NA,2,20.8289896608165,20.740767571565,7.18199310272963e-19,0.999999999019234,1
"Q9UL33",NA,NA,3,NA,NA,NA,20.0460767214242,19.9094676310488,-2.15611806388446e-21,0.999999999991256,1
"Q8NFF5",NA,3,3,5,NA,6,19.6777340736219,19.6438220427251,1.02916717697381e-19,0.999999999458278,1
"P30085",11,12,17,12,13,16,21.3964390139643,21.2607748645222,0.119070320038405,0.0364825155281116,0.095580214387682
"P62899",NA,5,NA,4,4,NA,22.446464944963,22.1527304756698,-0.0114967742872807,0.791762641531379,1
"Q52LJ0",6,6,5,6,7,7,21.3902683435038,21.4468375083907,0.20416485039661,0.000972926163332733,0.00416071981932286
"Q8N5P1",NA,2,NA,3,NA,NA,18.9736436898803,18.5769770006207,-0.0791659847718513,0.495725527378943,0.824874694966578
"Q15058",NA,NA,8,NA,7,NA,19.6625801148485,19.2137367462917,5.71201281690214e-18,0.999999997927599,1
"Q9C0J8",5,8,8,8,10,9,20.0929666529733,19.9005560903319,0.0474749686489289,0.422372404834184,0.719204959707321
NA,NA,NA,NA,NA,NA,NA,19.9095031172204,19.7564825133078,1.06677811004245e-19,0.999999999632732,1
"Q96PZ0",12,14,15,18,17,17,21.2923994462867,21.2798656553665,0.0555643493365091,0.26245139715861,0.487627088633824
"Q08179",2,5,3,NA,NA,3,20.2541367713935,19.2148667448326,-0.825727020439335,0.00286198839309339,0.0107606073975607
NA,NA,NA,NA,NA,NA,NA,18.1299894916609,18.0956670219481,1.27873435577697e-19,0.999999999552759,1
"O95758",7,9,5,9,5,8,20.3171883089469,20.2070206054851,1.56043186027939e-20,0.999999999824898,1
"Q92828",NA,NA,NA,2,NA,NA,20.2436701475178,19.5831001238256,-0.435625077142541,0.154527730100048,0.317249279340631
"P28707",3,3,5,5,3,4,22.5404773396149,21.1993674194857,-1.25424867608877,1.30225380874127e-08,1.44197739397858e-07
"P0C0X0,Q3E7X9",NA,3,3,3,3,3,22.2540515566744,21.498370892288,-0.539047005713625,0.00272420201136989,0.0103122843855596
"Q12513",5,6,5,3,2,NA,22.583609244984,21.4364911016103,-0.815373937229575,3.18667526235728e-09,3.85407328900192e-08
"P13987",5,5,5,5,5,5,20.4478254312247,20.3203635216768,-2.00156846867937e-20,0.999999999802206,1
"P34221",5,3,3,NA,NA,NA,20.2303905202183,19.907412952187,-1.41042307285028e-19,0.999999999291934,1
"Q8NC51",20,21,20,23,22,23,23.1917894075109,23.0645317479532,3.47188435801934e-20,0.999999999494612,1
"Q8TCS8",9,12,10,9,14,12,21.0039447557736,20.9807791652107,3.42472291936753e-12,0.999997122087652,1
"P50278",3,3,NA,NA,NA,NA,19.6515453142784,18.8237953140095,-0.471931457151919,0.0276680593265935,0.0750080048191344
"Q9BYD2",NA,6,5,5,6,6,20.174949600558,20.2244868447155,4.66543587173936e-20,0.999999999727845,1
"P23615",16,10,10,NA,NA,NA,20.2066905379146,19.4187791996146,-0.574321209361383,1.13217369881448e-05,7.61248259727359e-05
"Q96BW5",NA,1,NA,NA,NA,NA,20.0552880027306,20.2849539633636,0.487705574010453,0.0162532670131558,0.0476206690700334
"Q9UPN6",NA,8,5,9,6,7,19.9852912018152,19.9848218251924,4.20819374814283e-12,0.999996726147215,1
"O75368",5,5,5,5,4,5,21.8465450603482,21.9399012630319,0.247174647728086,0.00233540241287537,0.00902407000661621
"P40513",3,2,3,NA,NA,2,21.7168520483536,20.7673022779853,-0.683962720225905,0.000301013727460976,0.00149187989151406
NA,NA,NA,NA,NA,NA,NA,18.8350895120703,18.4305463917687,-0.133908235537695,0.411832158077155,0.703749917045944
NA,NA,NA,NA,NA,NA,NA,18.8780329999855,20.2421715770755,1.17306473507835,0.0334808251720601,0.088764191368389
"Q03161",11,12,11,6,6,5,21.8558104926202,21.0168566987095,-0.672643656691614,1.05340732661644e-07,1.00948619057313e-06
"Q9Y294",4,4,3,4,4,3,21.5309962263392,21.4310768354621,1.62798695920044e-10,0.99997322624123,1
"Q02486",NA,NA,4,NA,NA,NA,21.9173653805365,20.3778061587675,-2.45723363878795e-19,0.999999999435947,1
"Q9Y4C2",7,6,6,8,7,7,20.1548200609709,19.9866376368166,0.0121846824457976,0.710388130343376,1
"Q96SY0",NA,NA,4,6,NA,6,19.7214930970071,19.7544917393957,6.2430473932972e-11,0.99998952451925,1
"Q9UKT4",NA,4,NA,NA,NA,NA,20.3530957410727,20.2453246877255,-6.64965640034661e-20,0.999999999858351,1
"Q01560",3,2,2,3,2,NA,22.6227532005954,21.4777528348903,-1.04818212291448,0.00369668552478939,0.0133371974937523
"Q08732",NA,NA,3,NA,NA,NA,19.4186324312342,17.5457862027269,-1.63179972934754,0.000572270529752783,0.0026327182505134
"P51553",NA,NA,7,3,NA,5,21.1331071446504,21.0591334858486,2.8840321200549e-20,0.99999999980284,1
"P32895",7,6,8,2,3,3,20.605174679482,19.5210206151172,-1.06754619093714,4.75416258590182e-07,4.12432540722821e-06
"Q14247",11,15,9,16,17,13,22.0243817804925,21.9777843650606,3.01516707578113e-06,0.996127866481694,1
"P38689",6,2,5,NA,NA,NA,20.6291553752087,19.8686935291068,-0.489535123841644,0.257602058098201,0.480008486165544
"P47075",14,18,14,10,11,7,21.348863157711,20.3806453987697,-0.771475475837888,2.55825809233997e-12,4.54110490298748e-11
"Q12265",9,8,7,4,6,5,20.6355306917493,19.6989727601211,-0.759771290294627,7.16352584327885e-07,6.02425373030258e-06
"P06715",NA,NA,NA,NA,NA,3,NA,NA,NA,NA,NA
"O00217",3,3,4,4,3,3,21.6185400822778,21.5876785159298,6.74729548252488e-20,0.999999999659548,1
"Q86SF2",NA,NA,2,2,2,NA,19.3315579894813,18.7816170494057,-1.96358351225212e-19,0.999999999590838,1
"O76071",7,4,4,7,7,3,21.3916144715702,21.279263856983,8.99777410220982e-20,0.999999999276816,1
"P53066",NA,4,6,NA,2,4,21.4359345511482,20.3026982537928,-0.89464353536003,9.2513330607762e-07,7.60269806661223e-06
"Q13228",11,10,13,12,11,12,20.3986600612052,20.5069841305721,0.283050083789781,0.00807546110452164,0.0263503026651501
"Q9NX40",8,7,11,12,12,9,21.508226336522,21.3875670091652,3.26185317056157e-20,0.999999999663478,1
"P40303",5,5,8,5,NA,3,22.0462584825042,21.1011968845163,-0.817448635738906,3.64003868553382e-09,4.37487149517597e-08
NA,NA,NA,NA,NA,NA,NA,19.4131883636967,20.0201067060141,0.343531432430939,0.258190802033337,0.480639798944925
"P00374",NA,3,6,4,6,5,20.271962458267,20.2897160075023,4.53183434498278e-10,0.99995095204869,1
"P0AD49",NA,NA,NA,2,1,3,18.5758944101335,20.6436356369264,2.02517417813291,5.91970058829632e-08,5.85776204011689e-07
"P43585",11,14,12,6,7,4,20.8326890544897,19.9789674932921,-0.719349562392337,2.2344222910116e-07,2.04934534131095e-06
"O60684",6,6,5,9,6,5,21.5999279656179,21.7368826557278,0.305103257045623,0.0353519525237002,0.0930939403529083
"P00579",NA,NA,NA,NA,6,4,18.2313598816331,19.8349336876366,1.8785110397839,8.16726451871759e-06,5.66309483275021e-05
"A0FGR8",NA,NA,4,6,2,2,18.9060099054315,19.2417074827341,0.33357575180092,0.0181427390064264,0.0522282741158052
"Q96S59",8,5,6,9,7,6,20.7743735334908,20.7384040658577,0.10318495385136,0.170581915862423,0.343252314986353
"P14065",6,6,7,3,5,5,21.0556855291494,20.130459107976,-0.709284787049858,4.85022023630204e-07,4.18876056036325e-06
"O95139",NA,1,1,NA,NA,1,20.4057119306217,20.1552299058789,-9.57782347408357e-20,0.999999999571417,1
"P62314",3,4,5,3,5,5,21.944426521023,21.8168966549753,9.5681746615553e-21,0.999999999939941,1
"P38159",4,5,3,3,3,5,22.1997794527855,21.8284413932696,-5.02282414639864e-20,0.999999999654844,1
"P50108",NA,NA,2,NA,NA,NA,20.2226272600933,19.7617454938562,-2.49982166021789e-19,0.999999999229644,1
"O15498",4,NA,7,6,6,3,20.3090382859747,20.1791261232278,2.46494138154191e-18,0.99999999722243,1
"P51948",NA,NA,5,NA,5,7,19.8397376683571,19.6435411258141,3.73001973317066e-18,0.999999998016318,1
"P24539",6,5,5,7,6,7,22.006396976079,21.9750347328166,3.15699028198475e-20,0.999999999795403,1
"P49643",NA,NA,4,7,NA,7,20.3670774733422,20.3128965648133,6.99440674252535e-10,0.999942376465732,1
"Q15007",7,4,7,5,6,6,20.7961224253416,20.735473168747,0.0919191958921637,0.123963150371273,0.266347640406657
"Q12044",NA,3,3,NA,NA,NA,20.1948466591568,19.3250092597769,-0.559255457066406,0.000357830954092471,0.00174351923493198
"P21560",2,NA,3,NA,NA,NA,20.2999374137387,19.2090099918617,-0.852319255139484,0.0027504255785782,0.0103910970286952
"P84095",6,6,7,6,7,6,21.5471486347398,21.4741786521796,0.184638282614444,0.0518406479414103,0.128687047320996
"P33767",NA,5,5,3,NA,NA,21.4289504060479,20.8880019807716,-0.471719708496785,0.0142747213135049,0.0426688431386579
"P18621",8,11,8,10,8,9,22.590788311099,22.4681211040947,7.1115295168563e-10,0.999964596275798,1
"Q15813",9,12,13,10,14,15,20.5467123610662,20.5428219724102,0.118144575969595,0.0754376454441622,0.176337024541074
"Q9Y3I0",17,19,18,18,19,18,22.5602995594904,22.6066920749007,0.204225547539332,0.000181631553933752,0.000958675603516759
"P0CX84,P0CX85",4,4,NA,3,5,4,24.0455464839387,23.1409174034187,-0.791065727852431,7.85212809898216e-07,6.51783122345728e-06
"P51003",5,7,6,6,7,8,19.4667258467031,19.5877564579046,0.258412012662647,0.0311254223211601,0.0832850470179835
"Q8WUD4",4,4,4,5,5,5,21.8208262693962,21.5777940863982,1.69330329723044e-20,0.999999999905428,1
"Cont_P41361",7,5,6,4,6,5,20.8681966039839,20.6685899410472,-1.52442464645862e-20,0.999999999889008,1
NA,NA,NA,NA,NA,NA,NA,19.0778395500154,18.9152380682889,5.80164507280907e-20,0.999999999782819,1
"Q00059",NA,6,9,5,6,7,22.5617578682258,22.4644066746784,5.57799359753677e-20,0.999999999666968,1
"Q96TA1",NA,5,7,6,8,9,19.9006471716867,19.9897379973134,4.8970923834357e-20,0.999999999651479,1
"Q9NVV4",NA,3,5,2,NA,3,19.9629532396237,20.3197598875146,0.265526561379374,0.168951943246269,0.340739272275909
NA,NA,NA,NA,NA,NA,NA,20.8600023237306,20.6571908548913,-2.11422718131426e-20,0.999999999911315,1
"Q8TBC4",NA,5,6,8,4,7,20.5547878243402,20.3942360474592,-8.97979864518117e-21,0.999999999925591,1
NA,NA,NA,NA,NA,NA,NA,21.0071304263543,19.9496031074321,-0.772951829597515,0.0012450563960637,0.00518608689450648
NA,NA,NA,NA,NA,NA,NA,19.0294000980758,18.7219002336224,-7.17249120811489e-20,0.999999999775772,1
"P38747",NA,2,NA,NA,NA,NA,18.2525265023274,17.3410725224117,-4.6945495784121e-20,0.999999999869783,1
"P32386",9,10,10,NA,NA,NA,20.1683208721148,18.9537811623553,-0.985725528196722,9.27303938287905e-12,1.53724609769624e-10
"Q6P2H3",NA,NA,2,4,NA,NA,18.6796113956024,18.7227122341964,0.143176266538753,0.201185710551003,0.39289222446201
"P55209",12,12,13,12,10,15,21.5043153276036,21.4247204009539,1.64248081543595e-20,0.999999999777176,1
"P50613",NA,5,8,5,5,10,20.0752482123043,20.3713982768254,0.357743004417205,0.0159102665607221,0.0469015471583063
"P48449",12,8,11,12,7,10,19.9687577567346,20.1343947979473,0.171889122487752,0.103897184910938,0.230798174721295
"P40357",NA,1,3,NA,NA,NA,19.2717575304005,18.3108033247816,-0.902841630397323,0.999848501697349,1
"P13473",NA,3,5,3,4,3,20.3170208864088,20.146660054494,2.32820573273799e-18,0.999999997474219,1
NA,NA,NA,NA,NA,NA,NA,19.2148816844976,19.4069346986454,0.412394715642551,0.064881380346121,0.155311486811939
"Q8NBT2",7,5,4,5,8,5,21.3106832048743,21.2809082334511,0.0574681098918221,0.529851280460982,0.873163301873398
"P08312",NA,NA,NA,6,7,6,19.2119959926039,20.9193555619617,1.89585707216268,7.04295657742791e-10,9.40528159610685e-09
"P37840",NA,NA,NA,NA,2,2,19.166922390359,19.5962419455025,0.349781256482801,0.190807615104678,0.37607418228182
"P52756",NA,NA,4,2,NA,3,20.4473156336464,20.2197420695733,1.20305320575902e-19,0.999999999381152,1
"P0AFG6",NA,2,3,6,6,7,19.8004806036265,21.5472941396699,1.92746210396658,7.82036479921512e-07,6.50081909606225e-06
"Q9NQX3",4,NA,NA,NA,3,NA,19.2446574520542,18.7461037233253,-1.10813751593495e-19,0.999999999555108,1
"P17555",11,9,10,12,5,7,21.8202415417748,20.8362394358035,-0.84471577602588,1.55638585030257e-17,5.13073712594029e-16
"Q03655",4,5,5,2,4,3,20.2084818541171,19.3829836014041,-0.813631269627319,0.000507709429440908,0.00237164024165555
"O14530",6,8,4,6,4,4,21.2623060375859,21.1795425767289,2.98731481509996e-20,0.999999999773625,1
"Q04837",NA,5,8,7,6,8,21.8795978630306,21.9277679732828,0.0750737520096185,0.352753119199683,0.621277548994672
"P40319",1,2,2,1,2,1,21.7318290896123,20.6692853670821,-0.868264668873869,2.27018397661914e-06,1.77221804615911e-05
"P49903",7,7,4,4,8,5,20.8734697603354,20.8348308837253,0.0551094584984878,0.364178041866811,0.635493987758509
"Q96E11",3,3,4,NA,NA,NA,20.5907652894546,20.0108087915361,-1.5635822589371e-19,0.99999999944095,1
"Q9C0C2",8,8,7,6,8,3,19.7050960708562,19.6448274478781,0.00395746322852561,0.846636793289264,1
"P04046",14,14,14,9,9,9,21.4967381187983,20.4362116041945,-0.818625791609649,9.66964041391913e-14,1.97117157413072e-12
"Q9Y483",NA,NA,NA,NA,3,NA,19.1967685916806,19.8709353367802,0.807928271697064,0.00735373618952312,0.0243254696921787
NA,NA,NA,NA,NA,NA,NA,NA,NA,NA,NA,NA
"O15042",13,12,17,17,17,19,21.3163499767857,21.2100173897785,0.0663418565142033,0.234819943994256,0.445910551975926
"Q96RQ3",NA,NA,NA,NA,NA,4,19.4430519255923,19.7371481585603,0.433006781366448,0.0311562468135754,0.0833194795925387
"Q13510",NA,2,2,2,NA,NA,19.8331945853357,20.2621487117413,0.357043752267576,0.0557927953027579,0.13679075057442
"Q03835",NA,1,NA,NA,NA,NA,21.4884593143432,20.7813997350991,-0.460915018392571,0.0115004379174648,0.035727531688667
"Q16851",10,11,15,12,10,12,21.7598632061033,21.533997411809,3.01750966343231e-12,0.99999675474423,1
"Q9BZD4",NA,2,NA,6,5,5,20.2669419650078,20.1545890200615,-1.15827856026029e-22,0.999999999999238,1
"P0CX35,P0CX36",12,13,13,11,10,10,24.0984460922598,22.953364590755,-0.829791942225267,1.15136083167428e-10,1.71190738090951e-09
"Q9UMR5",NA,1,NA,NA,NA,NA,20.0320640896233,19.833022214155,-3.16266207302182e-20,0.999999999857534,1
"P30260",8,6,7,7,11,7,19.9705686002424,20.1204421596571,0.117474366902386,0.323672836020927,0.57863916671978
"Q9H2U2",6,6,5,5,8,10,21.1195817031824,20.9681825882701,-1.74009985550537e-20,0.999999999824535,1
"Q9UJC5",2,1,3,2,2,3,19.4608795975612,19.7102266361431,0.269231358415192,0.0618711003246073,0.149033143120108
"P53281",NA,NA,NA,NA,NA,1,19.2057844583742,18.9805486560343,3.06977773551122e-21,0.999999999994043,1
"Q8TBN0",2,3,4,5,4,4,20.4796223827007,20.2930852517474,-1.04723670974924e-20,0.99999999994364,1
"Q8N108",NA,6,NA,NA,NA,6,19.543159509535,19.5788161417059,0.127330161254063,0.284597760335478,0.520889745994725
"Q9NVS2",3,4,3,3,4,4,20.0822065168705,19.9297177561524,-1.87357890008562e-20,0.999999999898275,1
NA,NA,NA,NA,NA,NA,NA,NA,NA,NA,NA,NA
"Q96T23",12,6,NA,9,11,10,19.5977629698804,19.7332533053058,0.167917404206145,0.16939288353937,0.341262962609251
"Q86VS8",NA,NA,NA,NA,NA,3,19.5617257956343,19.6267625531819,0.200018071795468,0.188251304274077,0.372691068756744
"P41240",9,9,8,9,10,7,20.1173223941692,19.9529406206501,8.22886331914006e-15,0.999999994649622,1
NA,NA,NA,NA,NA,NA,NA,19.652628858316,18.5212407835986,-0.809097529175949,0.00248490497041755,0.00951255260407355
"P00414",NA,1,1,NA,NA,1,20.4216589093684,20.2833521826145,3.62836365324707e-20,0.9999999998242,1
"P40327",4,4,9,2,1,2,20.8569048968554,20.0422466960849,-0.621155292161504,0.00125401127710036,0.00521585512443544
"Q99623",11,11,13,14,14,16,22.2817390706013,22.4225152184087,0.240453874315939,0.00147344638861122,0.00599880890324499
"P38235",NA,4,6,3,1,4,21.2266677672978,20.412074748347,-0.522919309395138,0.0134663765530506,0.040689632807355
"O43681",8,7,8,8,8,9,21.241505711892,21.2346642356102,0.134780281687317,0.184475193016055,0.366472929927556
"Q92759",NA,NA,NA,NA,NA,4,19.402046834485,19.1571002833459,7.81347022484612e-20,0.999999999716506,1
"P28272",8,10,8,6,7,6,21.320232333214,20.5149715175403,-0.550726893036552,0.000134449157826501,0.00073870208714389
"O60814,P57053,P58876,P62807,Q5QNW6,Q93079,Q99877,Q99879,Q99880",2,2,2,NA,NA,2,25.8620059863896,25.5655070885954,-1.22785534141596e-19,0.999999999488948,1
"P40938",8,11,7,11,11,9,20.9875881966364,20.9794331193809,0.12362610862239,0.0957858859447788,0.215266371646057
"P02406",7,10,7,6,8,5,26.0064300941181,24.9326707030082,-0.849507445683138,5.89739252602801e-05,0.000346809964145317
"P18074",NA,7,5,NA,NA,5,20.0573907127755,20.0730202688842,0.157031358729388,0.141838715197057,0.29625906878053
"Q9NWU2",3,3,3,3,5,3,20.5856203481667,20.7587500550601,0.363503013478074,0.00459063722787392,0.0160117207784792
"O15397",6,5,6,5,9,7,20.6095425729063,20.5762849214401,3.68519843783594e-09,0.999879169249777,1
"Q9HAU0",NA,NA,2,NA,NA,NA,18.9738038390423,19.1217581751149,1.73724718264233e-20,0.999999999865237,1
"Q9Y3B2",3,5,4,6,5,4,21.8481526375963,21.7148472222549,1.01730904616022e-19,0.999999999358401,1
"Q96ST2",9,6,6,9,11,5,20.9168416869907,20.9579673636598,0.191140492367019,0.11583481444879,0.25198003188351
"Q92667",NA,NA,NA,3,6,NA,19.1858607803453,19.1802389794943,0.00356813443551897,0.859645493117857,1
"P54858",5,6,5,NA,NA,NA,19.7812376640128,18.9569139201559,-0.544791353258084,0.00856210321710414,0.0276967750572715
"P60228",17,15,16,19,16,18,21.9279610218422,21.7708573861174,0.0623257470601092,0.215863674721662,0.416633502666199
"Q9BYW2",NA,NA,NA,6,NA,NA,19.2325641536827,19.2436711114765,0.28720282608194,0.0128994487589144,0.0393766842879906
"Q8WZA0",3,5,4,5,5,5,21.6195726976361,21.9924511179606,0.50299884474309,0.00901260191313355,0.0289658498255529
"P30038",NA,3,4,5,4,3,20.4748509512755,20.4551995736355,4.2541233309212e-20,0.999999999591657,1
"P23201",NA,3,4,NA,NA,NA,19.5389681909094,18.7050660136297,-0.542082095953778,0.00127998230043633,0.00529334615857862
"Q96VH4",NA,2,NA,NA,NA,NA,20.3247349613051,19.0700909737987,-1.05885799118197,0.000368749703683053,0.00178340386176507
"P25574",NA,6,NA,NA,NA,NA,22.189614882665,19.6034123108662,-1.53659478203622,0.0200006019067803,0.0568391489656235
"P16649",13,12,13,11,8,8,20.7161535516355,19.6615197605806,-0.957178312392497,2.0486587911929e-07,1.89996745076452e-06
"P31689",14,12,12,13,12,14,22.2244434955013,22.1988761131788,0.162440407712677,0.0629866801497043,0.151404232409852
"P38809",4,4,4,NA,NA,NA,19.9383109567753,19.0613643142874,-0.605573528497592,0.000119856360149528,0.000665496960252771
"P43007",NA,NA,NA,NA,2,NA,20.2906481893629,20.3656362268632,0.160426561856777,0.293056565063046,0.533157781093886
"Q13619",NA,6,6,8,7,8,20.1410279981384,20.2770842408131,0.355136950255814,0.00292075022004275,0.0109285566135065
"Cont_P00735",2,2,3,6,6,6,22.1558776607891,22.2760497087295,1.00673023228921e-19,0.999999999694201,1
"P32327",NA,9,4,NA,NA,NA,20.3730208935792,20.1100359696109,1.01832844694389e-19,0.999999999685219,1
"P11154",NA,4,4,NA,NA,3,20.5780628163031,19.6203121832279,-0.649801980993953,0.0236997852658031,0.0658593743730339
"P02293,P02294",NA,2,3,2,NA,NA,20.2348998673661,19.4797337109533,-0.647490569025986,2.46720713927016e-05,0.000154374381631774
"P36049",6,4,2,1,NA,2,20.4929518740276,19.3095409654853,-1.043790687782,1.86461534353653e-05,0.000119521843520692
"P22106",NA,NA,NA,3,4,5,19.2266163186565,20.5604167538402,1.6864406165317,1.99986290909038e-07,1.85784365902454e-06
NA,NA,NA,NA,NA,NA,NA,19.9120655118733,19.5676916141666,-1.63011643281197e-19,0.999999999659676,1
"Q05029",NA,NA,5,NA,NA,NA,20.4370686758738,19.4951427089503,-0.568871235925776,0.0111430555150265,0.0347294906894587
"Q5T1M5",NA,3,4,4,4,6,19.9140069121111,19.8801799426201,1.26251849365963e-16,0.99999998544961,1
"P61011",7,9,7,12,9,11,21.0252071905402,21.1490726353735,0.256534787932464,0.0190044428693846,0.0544372546740216
"Q9Y333",5,4,6,6,6,4,22.949413227167,22.8818739020237,9.30298652654225e-16,0.999999930988076,1
NA,NA,NA,NA,NA,NA,NA,19.659959809789,19.8501415559572,0.306504970849282,0.0894036502443175,0.203620078270615
"O15382",7,4,7,5,6,7,20.9078943155817,20.7608463912126,2.89650741682944e-20,0.99999999983857,1
"Q12452",5,7,7,4,4,4,20.9115796152887,20.0359167329945,-0.613791741451364,0.000142798439337438,0.000776441278546352
"P04050",18,16,23,5,7,10,20.125753117845,19.1724780559881,-0.762241500319108,4.4107759802507e-15,1.0558409390069e-13
"Q12314",5,5,5,2,4,4,21.0745696828612,20.8927663229681,-2.15594405930179e-19,0.999999999595492,1
NA,NA,NA,NA,NA,NA,NA,20.2757452076704,19.9767916339183,-1.18630799700665e-19,0.999999999619578,1
"P15565",NA,6,3,NA,NA,NA,19.8007059403481,18.9409913248741,-5.67482264018276e-19,0.99999999908202,1
"P38117",13,14,13,15,14,17,22.3450141723879,22.3242668450507,0.149560531167682,0.0572948763884486,0.13976073652641
"P53549",NA,4,5,NA,NA,NA,20.1242076179521,19.2606965284832,-0.571048870788524,0.0290135824952116,0.0782878191837586
"O95834",NA,NA,NA,NA,NA,2,20.458181030319,20.3502750855872,-4.8624604378494e-21,0.999999999969226,1
"Q69YN2",4,5,3,4,NA,5,20.237775354675,20.1231110748681,6.51593150583177e-18,0.999999995941117,1
"Q15758",7,7,6,7,8,7,23.2620243302773,23.2182427152066,0.139842044583044,0.0507967066649151,0.126750086829539
"Q9Y296",2,NA,NA,NA,4,4,20.4241901514827,21.2581842654604,0.348803719571725,0.3011920101239,0.544353604763402
"Q8N9N8",3,4,3,6,5,3,20.8686027241793,20.8142655654824,-4.69722105661732e-20,0.999999999573041,1
"Q9NWU5",NA,NA,1,NA,NA,NA,19.8972251332686,19.6116038067772,-9.02155064292896e-20,0.99999999951115,1
NA,NA,NA,NA,NA,NA,NA,19.4102314633413,19.5114908346018,0.249533897094574,0.126294719739806,0.27075222526159
"Q8N543",6,5,7,7,5,8,20.1287180199929,20.1357908946861,1.22177169886852e-19,0.999999999544127,1
"O75380",4,4,4,5,7,4,20.8880313195256,20.9618497076038,0.121623533224669,0.250787913179489,0.469891351455821
"Q9Y4X5",4,NA,3,NA,2,2,20.4989114713531,19.829338323042,-0.170042765645445,0.302589671286644,0.546502916653168
"Q9BZQ8",NA,NA,NA,NA,NA,3,21.0164908223752,20.9230156985448,0.257475643552411,0.0799731127925491,0.185618459510185
"Q9UG63",16,20,20,20,17,18,21.2082672790702,21.0961737396165,4.11912732466191e-17,0.999999984068383,1
"P52306",NA,NA,NA,5,NA,NA,19.8540710139938,19.756625061549,3.1100959600049e-20,0.999999999837052,1
"P33442",2,2,2,2,3,2,24.961777236381,23.8676788761816,-0.798074390379152,0.00184952311821793,0.00733830733768859
"P23248",3,3,3,3,NA,NA,NA,NA,NA,NA,NA
"P47119",5,NA,3,1,2,1,21.4782998671079,20.4359279469123,-0.854799947686591,6.188830666354e-06,4.39155770162315e-05
"O75391",NA,NA,NA,NA,NA,2,21.2390911439199,21.0765871010255,7.05605597750756e-21,0.999999999968898,1
"Q9Y6C9",9,8,8,9,7,8,22.0023466600414,21.8140971712078,-1.94694390926038e-21,0.999999999987934,1
"P25087",11,12,14,8,11,10,22.5235958158256,21.5502606583022,-0.873743853081193,1.52202402674231e-19,5.97316776209276e-18
"Q6NVY1",4,7,9,5,11,10,20.5032259778556,20.8142906512087,0.497201386868202,0.0062240248699159,0.0208515676391085
"P34160",6,8,6,7,NA,NA,20.4475411358092,19.7685158554443,-0.518802757233595,0.000233034674888656,0.00119606498170165
"Q96NB3",NA,NA,NA,NA,NA,4,19.5745836711455,19.8729286850621,2.83337454766103e-20,0.999999999891729,1
"P25623",12,11,13,6,NA,5,20.460866258728,19.6400197679312,-0.691331977912421,9.95416526382746e-05,0.000560796673896686
"Q9NUP9",NA,NA,1,NA,NA,NA,19.6698954116235,19.8657775111589,1.48725864193874e-09,0.999937681201408,1
"Q99729",10,9,11,8,12,13,21.385929807328,21.4685937310023,0.377399223859529,0.000108151535124371,0.000602827252301928
"P57678",13,14,11,16,12,12,20.0429032003675,20.0359286328473,0.0643339051491516,0.373060705010878,0.647469075573933
"O43920",NA,2,3,2,NA,3,20.1697906509893,19.9673733488235,1.33350963260418e-18,0.999999997702611,1
"Q9Y3Z3",6,2,NA,4,5,NA,21.9399287417912,21.5268233489431,-1.48818547868272e-17,0.999999997293851,1
"Q9UQR0",7,5,8,7,8,8,19.8856982297178,19.6984068031308,8.73820746477909e-20,0.999999999353828,1
"Q8TBX8",NA,2,5,NA,NA,6,20.6132034207359,20.5961731122253,0.0971730745222166,0.232459927980859,0.442594496541775
"P38081",10,7,12,6,NA,4,19.9233686719445,18.7434332491203,-0.891364608596531,1.65569507466258e-06,1.31747653596254e-05
"Q7Z7F7",NA,NA,NA,1,2,NA,19.4777638495627,19.5722879986388,1.33757491535937e-10,0.999984192513758,1
"P22855",NA,NA,9,NA,NA,NA,19.6728724789955,18.9765508663303,-0.403831986289921,0.0469402606430771,0.118719142327888
"O14979",8,10,11,9,10,10,21.7521240523978,21.6267527221988,2.21794636173894e-11,0.999988022684783,1
"P53912",8,8,10,5,8,9,22.1603355409475,21.2390094367116,-0.739719380726687,4.51039172987924e-12,7.63063046617986e-11
"P38230",NA,6,6,NA,NA,1,20.8255218853176,19.8909691499495,-0.759868905309127,1.23807329233857e-06,9.9894333195821e-06
"Q9Y2B0",6,5,6,5,5,8,21.2928169251265,21.4098580504714,0.213185870421928,0.0290063030478178,0.0782878191837586
"P53312",5,2,7,3,5,NA,20.1868335567374,19.1151331018619,-0.852753551899355,7.95931729687854e-06,5.52554771187633e-05
"Q8WUW1",NA,3,NA,NA,NA,3,20.9454705876511,21.0488152886506,0.176576599053827,0.229786648858859,0.43851775629069
"P46784,Q08745",5,5,4,4,5,NA,22.0599241057667,21.0817466356229,-0.813236787887303,1.94263167692742e-08,2.0830933353521e-07
"Q9UNN5",9,7,10,9,9,10,21.2210958915891,21.1969543155959,4.16191849736521e-20,0.999999999622707,1
"P42588",NA,NA,NA,NA,NA,6,NA,NA,NA,NA,NA
"Q9BW61",NA,1,2,NA,NA,1,20.7156645926803,20.8452213329382,0.25460842364035,0.162688337409352,0.331174671317767
"P04899",NA,NA,3,3,NA,4,19.6689174580358,19.7811150709684,0.200329670588085,0.125479996427925,0.269305840547879
"P08754",3,2,3,4,5,3,21.2366538277604,21.31293440751,0.234211999972189,0.103335676810351,0.229816314386629
NA,NA,NA,NA,NA,NA,NA,18.7033771514659,18.9014556656232,0.0144080293159756,0.80797280358672,1
NA,NA,NA,NA,NA,NA,NA,18.8451169875409,19.3032687964354,1.86127656556453e-19,0.999999999428557,1
"Q15650",NA,NA,NA,3,NA,NA,20.686716306115,20.5398014658076,-2.77893957603254e-20,0.999999999879167,1
"P21373",NA,4,2,NA,NA,NA,19.6454081951002,18.7396091317703,-0.769021658907786,0.00451733772080762,0.0157942553402055
"Q8WTT2",5,2,7,4,NA,5,19.9335069225335,19.7790159355816,1.10568877177451e-19,0.99999999936162,1
"P40582",5,4,5,3,NA,3,21.6815796201367,20.6052605521463,-1.05534124534622,5.85372085061433e-07,4.97350745024949e-06
"Q16836",6,6,8,6,9,7,20.3632209997991,20.2586819797551,0.15648539276076,0.138320884516988,0.29101866622119
"Q15286",NA,NA,2,3,NA,NA,20.9533484113432,20.7815127449693,-1.18829338180181e-18,0.999999998163316,1
"Q9NR56",4,3,3,4,3,3,20.6909574963583,20.9574078028605,0.147596391770941,0.359955487762881,0.630605286639557
"O95336",NA,11,7,9,8,10,20.9282365361438,21.0469351099179,0.251295761760464,0.00954038271636764,0.0304416304705337
"P08559",5,6,5,7,7,4,21.1977523771799,21.2356493226351,5.05288446495001e-20,0.999999999503637,1
"Q8IWZ8",5,NA,NA,NA,7,5,19.758861553691,19.9888935793749,7.15911532512548e-20,0.999999999685242,1
"P04805",NA,NA,NA,5,7,6,18.4981024440851,19.8008516934858,1.72758621549694,8.35333180024176e-07,6.90406463547202e-06
"P40106",3,2,3,NA,NA,NA,21.8219372434478,20.2747148467341,-1.33991435341375,3.11790088807763e-05,0.000191760876581235
"P58004",NA,NA,3,2,4,3,20.2433415454292,20.1160033613474,3.13748848320059e-20,0.999999999829734,1
"Q96H20",NA,NA,2,1,2,3,20.0809027343575,19.9261467768409,-4.54077512657505e-20,0.999999999808716,1
"Q8WXF1",9,7,10,7,13,9,21.2331005857737,21.2853150024696,0.164871845572901,0.00875223664929366,0.0282233947623114
"P33327",NA,4,1,NA,NA,NA,20.3947341752703,19.0734495734021,-1.03941881497921,4.46808226815274e-05,0.000269345523562938
"Q06124",15,14,12,13,8,12,20.2401467447594,20.2295210117308,0.225063836281353,0.00856492402533757,0.0276967750572715
"P0A8T7",NA,NA,NA,7,5,8,18.9326392718496,20.452325525581,1.74971915301209,1.12628870446544e-09,1.4439021191247e-08
"Q06168",NA,NA,2,NA,NA,NA,19.628476470316,18.6288048849046,-0.731469530995584,0.00801213974877683,0.026158480028689
"P38822",NA,NA,2,NA,NA,3,20.1060068187954,19.1367224010492,-0.324939172934401,0.27337910884526,0.503873507644826
"P30740",9,8,7,9,10,11,21.8337257341998,21.7492500913098,0.0503667527127129,0.35669592164339,0.626416673351816
"Q9NV06",5,2,2,4,4,5,20.7891564888612,20.7928116154084,7.66126172174696e-20,0.999999999391019,1
"Q16134",NA,NA,NA,NA,2,NA,18.67148711536,18.8761679073744,0.0842972294545859,0.582921711468923,0.951308445110104
"Q8WUA4",NA,NA,NA,3,NA,NA,19.433990022238,19.8784217336539,0.481745645766838,0.10623378767515,0.234903304368701
"P26583",7,6,8,6,5,7,22.1155083701074,22.0120332209461,1.80390480850181e-20,0.999999999818317,1
"P12385",7,8,10,6,6,5,21.3162704585922,20.4344061066492,-0.750897772810913,3.76442400254637e-10,5.20790457330696e-09
"Q9H446",NA,NA,NA,2,NA,NA,20.1454225271101,20.0020094219938,3.421263577106e-12,0.999998572175518,1
"P32497",8,9,12,7,8,7,21.8152947446299,20.7234256805436,-0.771385277704063,1.44032556399227e-10,2.09829246936147e-09
"P07213",14,11,15,11,10,10,21.7747940998198,20.7600697912776,-0.778239876450623,5.51268699167997e-18,1.91582477439769e-16
NA,NA,NA,NA,NA,NA,NA,19.7038874489028,19.9211190880879,0.138141739268348,0.370846476758035,0.644738280186478
"P51970",NA,4,4,4,3,5,21.8530390967053,21.8111548097215,0.0841976732243198,0.349854347618579,0.617597837029248
"Q9NY61",10,8,6,7,10,9,20.2818923079292,20.3228885175932,0.190607300215059,0.0599495505728414,0.145010044970533
"P89886",NA,4,3,4,3,NA,21.7037987326447,20.8021639928367,-0.695297960800392,0.0040912809320493,0.0145262660636276
"P0ADY3",NA,NA,NA,2,NA,4,19.0617026047316,20.0648807136856,1.14066512935901,0.00318294636889791,0.0117137731031406
"P37051",NA,NA,NA,NA,2,NA,16.9055755430513,19.2787404325416,2.73359540953419,4.23976289092442e-06,3.12777392810012e-05
"P24171",NA,NA,NA,NA,NA,1,NA,NA,NA,NA,NA
"Q9Y2T2",NA,NA,NA,5,5,4,19.8767588173283,20.4171582334441,0.518791883168851,6.6407271594863e-05,0.000386973282657338
"Q8WWC4",NA,1,NA,2,NA,1,19.7974847245852,20.0579348131261,0.366747314299247,0.0718957118521638,0.169314727430109
NA,NA,NA,NA,NA,NA,NA,18.5795086827753,18.9243148644333,0.140620103598259,0.470443543515639,0.789868685256613
"Q9NPE3",NA,NA,2,NA,NA,3,21.3239783491212,21.1950620720059,2.18362344126889e-20,0.999999999820428,1
NA,NA,NA,NA,NA,NA,NA,19.3551893241799,19.7188916554178,0.403513563483462,0.149947751704663,0.309898343790019
"P38795",9,7,9,NA,NA,NA,20.5572604249743,19.5233732044746,-0.689490658016353,2.25507731490805e-06,1.76520231067904e-05
NA,NA,NA,NA,NA,NA,NA,19.3677941627005,18.3521217592915,-0.770455340250768,0.0869552422725502,0.198907530797122
"Q06103",7,6,8,4,5,4,21.6148714932934,20.5309103466794,-0.955510336988802,1.05985498411552e-14,2.43597745153883e-13
"Q6P1L8",2,NA,3,3,3,3,20.3624928462787,20.364334880666,0.058662589997894,0.473388160998449,0.794119308170995
"Q9BYJ9",NA,NA,3,3,NA,NA,20.6155236968136,20.6653796094585,1.13341116598484e-19,0.999999999424297,1
"Q86TP1",NA,NA,4,3,NA,5,19.7284950064515,19.7044754800322,0.0390010620456368,0.616962262501294,0.998949001507147
"Q9NUJ1",3,NA,NA,2,NA,5,19.873928282072,19.8594950497664,4.49775016946653e-20,0.999999999813078,1
"P36006",NA,4,4,NA,NA,3,19.6929812900032,18.6649189876644,-0.784296272239514,2.12807930327426e-08,2.25678115819655e-07
"Q9UBQ0",6,4,5,6,8,5,22.4364565307837,22.2096703791863,5.34125197575976e-11,0.999990242615363,1
"P18759",9,5,11,NA,4,3,20.5340423138766,20.0673759718028,-0.00369840956479945,0.904513627244942,1
"P07260",7,8,6,4,5,4,22.9964343149452,21.6989687321625,-1.155633612511,1.64908299298666e-12,2.982307143116e-11
"Q02931",NA,6,NA,NA,NA,NA,19.0512443193674,19.0067985929813,-0.0551443111257029,0.547316604160598,0.899820316159159
"Q03768",NA,NA,4,1,NA,NA,20.5964180105311,19.6750446095137,-0.701505834857217,0.000599827559268519,0.00273982992036428
"P00445",10,10,9,11,8,8,23.238315969893,22.111904607319,-0.905025757972479,1.64768356574799e-14,3.67007200416995e-13
"Q12377",9,5,5,3,8,5,20.6738832703554,19.6519045983153,-0.72876173333062,1.059185284397e-10,1.58301551960785e-09
NA,NA,NA,NA,NA,NA,NA,20.2424633676476,19.0957441276864,-0.686530103899458,0.0214163904135051,0.0605049737000544
"P32178",NA,5,5,NA,NA,NA,19.6686970982507,18.7713706562925,-0.622737814557669,0.0133109040471231,0.0403948476842995
"Q92625",NA,4,3,NA,NA,4,18.5930123993335,18.8973708613435,0.422746703860329,0.0475105070024959,0.119793756511101
"P61313",11,9,11,11,12,10,22.2945848986424,22.285248598758,0.0931936122363437,0.137537355104163,0.289687112667366
"P12955",NA,NA,1,NA,NA,NA,19.6300226886643,19.5506150188483,4.1743486434438e-17,0.999999993597549,1
"Q9HD33",NA,8,7,7,NA,7,19.9765999323747,20.0163707623559,1.54612757960337e-19,0.999999999424112,1
"P51571",5,3,3,5,3,5,21.1921260466825,21.224504084261,8.41407220872884e-20,0.9999999994754,1
NA,NA,NA,NA,NA,NA,NA,19.1483045015693,19.2024450560265,1.6164524105823e-19,0.999999999450256,1
"P23202",NA,NA,3,NA,NA,NA,19.3755307424144,18.0434077350481,-1.03392497520579,0.000204372978434072,0.00106795988458892
"P42846",5,7,5,NA,NA,NA,20.2742730185238,19.3562251878552,-0.87380859581437,5.24403709619169e-06,3.79584065344164e-05
"Q12206",NA,2,2,NA,NA,NA,20.8413709411518,18.9238684711422,-2.04441000481256e-19,0.999999999569516,1
"Q92820",1,2,3,2,2,NA,20.1252214470856,20.4046320461892,0.361727813350413,0.017462127977723,0.050570513046563
"P30046",NA,1,1,1,1,2,21.9671953528754,22.0447604854258,0.00901702988948717,0.84635169589753,1
"Q8TF05",10,12,11,9,12,8,20.2314218559612,20.3523977065865,0.14229547582228,0.0539905973883963,0.132880442121868
"Q5T1C6",2,NA,NA,1,NA,NA,19.5942943669309,19.7953368815737,0.248380366850527,0.0824086907968275,0.190242391839495
"P32505",2,4,4,2,NA,2,20.4157433374903,19.235714048848,-0.985522313789399,0.000685770991584891,0.00307637080128556
NA,NA,NA,NA,NA,NA,NA,17.7546741260921,19.2440867959782,1.80995003905266,0.00384969366097485,0.0138170768635607
"Q5T0F9",NA,NA,NA,NA,NA,4,19.6778360395799,20.1164581040588,0.181730645904575,0.365125894510247,0.636762782777998
"P09551",NA,1,1,9,10,5,19.8012686670363,21.621379275209,1.73611398318119,1.64860469431028e-12,2.982307143116e-11
"P53900",1,4,2,NA,NA,NA,20.6312539745623,19.6207576022697,-0.833698248678398,0.0190227292351866,0.054462593031162
"Q9NVM4",NA,2,NA,NA,NA,NA,19.827727102071,19.4009382284471,-1.7351691897787e-20,0.99999999986983,1
"Q9UPU5",17,15,16,16,18,22,19.6460045778417,19.6816400029627,0.22170461005675,0.0020689780754007,0.00809764892604249
"Q9GZZ1",8,7,7,8,7,7,21.9355998547963,21.8599333376334,0.0723055946586198,0.248815218293333,0.467257485134842
"P40165",5,2,3,1,3,3,21.1275656141862,20.0551832802443,-0.826660829931653,0.0150445702745872,0.0445773630786306
"P21889",NA,NA,NA,NA,NA,7,17.954727545444,18.6627553140047,2.0204917912228e-19,0.999999999515017,1
"P53004",6,6,5,6,9,8,21.3256756740167,21.3071471326586,0.023093167655468,0.652986604288102,1
"Q9UN86",10,10,8,9,10,9,22.4511769124879,22.353767374618,8.29660979859735e-11,0.999977638533403,1
"Q00325",10,8,9,8,9,9,22.313282775009,22.1288872471042,3.40295351851022e-17,0.999999991401816,1
"Q9Y530",NA,NA,4,NA,NA,NA,20.9010296616733,20.769766028798,1.85239522674574e-20,0.999999999899548,1
"P46683",3,4,4,NA,NA,3,20.6811328548492,19.4723213268712,-0.94634807840769,1.59651159144347e-08,1.73451513578858e-07
"Q9UJS0",NA,NA,6,6,5,6,20.1718881563573,20.3283388427649,0.316279124835391,0.0119853706927564,0.0370372278840884
"P53007",NA,7,8,10,8,8,21.4966146532396,21.5374546382166,1.19982157448724e-19,0.999999999221923,1
"P38234",NA,6,4,3,3,NA,20.7359457549789,20.0459620669799,-0.497083764711211,0.00179830936773514,0.00714985991899658
"Q12335",7,8,9,6,5,6,23.6044767983751,22.4045421748387,-0.84287415859664,3.8402159587143e-07,3.38426910669629e-06
"P40040",2,2,NA,3,NA,NA,21.5644097412202,20.5169827521571,-0.750652618809236,0.00758702552618713,0.0249683686597681
"Q9UII2",NA,NA,2,NA,NA,NA,23.0495057064074,22.9640874997788,0.080134194073292,0.545531123572583,0.897396364953017
"Q15257",7,9,6,9,9,9,21.494917121994,21.4202645830537,5.69855947667722e-17,0.999999982423341,1
"P29509",8,12,9,7,10,7,22.7422289565822,21.7813441543713,-0.842345296244156,5.58624273255405e-12,9.39563682918492e-11
"O43598",2,1,4,3,2,2,22.3460944947573,22.3565168290566,0.154203704347597,0.114483775836591,0.249511485757951
"Q9Y237",4,4,5,4,4,4,20.7632215058882,20.3960839579525,-6.1736242659264e-20,0.999999999364671,1
NA,NA,NA,NA,NA,NA,NA,18.4355805601813,18.4250421340862,3.71328485214019e-20,0.999999999825241,1
"P53254",NA,7,9,NA,NA,NA,19.6934412896049,18.7514405129279,-0.700047875965183,4.89773739901938e-06,3.57658823480289e-05
"P0ADN2",NA,NA,NA,NA,4,4,20.012859197636,21.152319481888,1.56217234120356,1.36666912527842e-06,1.09352485211251e-05
"P43586",NA,2,NA,NA,NA,NA,21.00515886905,19.7285377493509,-0.981106449198335,0.000314525554660115,0.00155085292720872
"Q9BQC6",NA,NA,1,2,1,1,20.7591814667556,20.9244009093298,1.22645177915371e-19,0.999999999418547,1
"Q9ULR0",3,3,3,3,3,3,21.1916548857251,20.9407840369645,-1.18671240349076e-17,0.999999996136116,1
"P09132",NA,NA,NA,2,NA,NA,20.731843155272,20.679402147191,0.0840608864330643,0.38574700270107,0.666878770926722
"Cont_Q9TTE1",1,1,1,1,2,1,20.4850813968817,20.7186942741597,0.247993247697269,0.278251997440971,0.511221583833427
"P25045",3,NA,8,3,NA,NA,20.3892583459255,19.3310368317422,-0.779467589173241,3.68997281737509e-09,4.42566594250248e-08
"P25303",1,1,NA,NA,NA,NA,20.4234693539517,18.8047007657976,-1.5006436503248,0.000372893391802893,0.00180169344833408
NA,NA,NA,NA,NA,NA,NA,20.0595697119999,19.1210640215498,-1.03181090435573,0.0221347147989708,0.0620959875626623
"Q9NR45",12,12,12,14,13,14,22.0173996463441,21.9961935002836,1.84463241552534e-20,0.99999999976865,1
"P53550",4,8,4,NA,NA,NA,19.7669067372275,18.589616705685,-1.00335152396253,0.00120290781747071,0.00504308648714011
"Q9H9P8",NA,NA,NA,3,NA,NA,19.0117109527518,19.1960396461557,1.04513394466365e-17,0.999999995078345,1
"Q99627",NA,2,NA,NA,NA,2,20.5313416930072,20.5237220769229,-6.22377334246318e-21,0.999999999969905,1
"P38217",NA,4,4,NA,NA,NA,20.9155749879107,20.2560722510509,-0.274662168178749,0.195891022512719,0.38490984634737
NA,NA,NA,NA,NA,NA,NA,18.9288582161991,20.02724587358,1.00086481074113,0.0182536946274021,0.0524952962639496
"P17612",NA,NA,2,2,2,4,20.4379038782663,20.243438288404,-6.13139724130865e-21,0.999999999944654,1
"Q86VX2",NA,NA,NA,NA,NA,5,20.102009967936,19.7130838028504,9.42506743586564e-20,0.999999999724441,1
"P37330",NA,NA,NA,8,8,6,18.7760882371859,20.0932337015737,1.62260122747498,5.76805703412676e-12,9.67323285752247e-11
NA,NA,NA,NA,NA,NA,NA,19.244338251134,19.4515933378828,2.42793898395837e-19,0.999999999430302,1
"P40818",NA,8,8,11,6,7,19.3917978970495,19.762456464887,0.547946924704863,0.000309820481454446,0.00153158042631594
"Q5T440",NA,NA,NA,4,NA,3,19.5031278632655,19.6386163509396,0.119378576045396,0.342090101522488,0.606489795846107
"P0CT04",4,5,6,3,4,5,21.4213664659651,20.408259413914,-0.882106803812803,0.00230913917337449,0.00892856829168728
"Q9H4L5",5,6,3,6,NA,5,20.3055602223793,20.15988228586,3.52188448304737e-20,0.999999999652086,1
"P15374",8,7,7,9,9,7,21.5310929842191,21.5509853701585,0.137508035092163,0.0708048803400211,0.167133123846801
"Q9Y448",NA,3,4,NA,2,3,21.0162349152057,20.3839624579198,-2.14526246291716e-19,0.999999999270225,1
NA,NA,NA,NA,NA,NA,NA,20.2917426050501,20.4227590829841,0.0970406175008097,0.443110629865028,0.750089560942297
"Q06706",NA,8,5,NA,NA,NA,20.2165128881155,19.4743823285209,-0.585685579296463,0.000215974530955016,0.00112046499017939
"P38426",14,13,13,6,7,7,20.9885063628397,19.9312932365634,-0.709607170774809,3.51606967867728e-10,4.88776047621427e-09
"P62318",8,5,8,7,6,5,22.0786981976728,21.9967205927356,0.0903094674589671,0.130950419628247,0.278538315674933
"Q86W56",4,5,8,5,7,6,20.0017432477036,19.7670438541828,5.03871804589649e-20,0.999999999575977,1
"P31383",9,7,7,5,7,6,21.0894295060892,20.1551126246608,-0.723651859945499,8.25834677290383e-09,9.50946158340962e-08
"P39744",NA,9,3,NA,NA,NA,19.504805373576,18.5461218720048,-0.67997106136303,0.00129422620663382,0.00534458910957088
"Q9H4H8",1,2,2,1,2,NA,20.5798120172227,20.7431875016561,0.0720705198169178,0.553303167826473,0.908495314903398
"Q9ULK4",NA,5,NA,8,10,8,18.4942100884836,18.5963104275556,0.301468243181125,0.0130895174509633,0.0397857882900987
NA,NA,NA,NA,NA,NA,NA,21.1972850838722,20.0789363044254,-0.933208386759998,0.00310325778480207,0.0114613919081454
"Q16877",3,4,1,NA,2,2,19.3201472172934,19.2133462020072,7.5930822884387e-20,0.999999999637426,1
"Q03529",3,3,2,NA,NA,NA,21.4772820797074,20.7281127978014,-0.533625876440381,0.000295383842174975,0.00147029282614964
"P02008",13,15,14,13,15,15,25.5664752382059,25.4830271957908,0.0935639912853699,0.13977094126294,0.293534241043283
"Q96CN7",4,7,7,5,6,7,21.9968539313581,22.0113779641739,0.183516180596067,0.00743321861704829,0.0245309217728687
"P06782",NA,5,3,NA,NA,NA,20.4178995977178,19.4150986346405,-0.779429936762077,0.00346318975558271,0.0125813234886377
"P47224",NA,NA,NA,2,NA,NA,19.9230833418785,19.4333006128591,-3.04059226874394e-20,0.999999999885901,1
"P49005",6,5,8,8,7,5,20.4795673446184,20.4835459816113,0.153085235392397,0.174185647142272,0.34927945719978
"A6NCE7,Q9GZQ8",NA,1,1,1,1,NA,21.7601491367103,21.6809325582695,3.91662998763013e-20,0.999999999826114,1
NA,NA,NA,NA,NA,NA,NA,19.1230246283833,19.0608450870689,-1.83161630570381e-20,0.999999999923855,1
"P27635",6,5,7,4,6,6,22.5712949829891,22.5811130617074,0.304907029253656,0.00200532164772648,0.00787522163766784
"P31142",NA,NA,NA,NA,NA,4,17.9808630472307,20.4634211311441,1.92764129350075,9.57576329535927e-08,9.26888900183349e-07
"O75330",11,9,12,11,10,10,20.0121385126171,19.8729889918007,2.8848494464799e-21,0.999999999965742,1
"O00422",NA,6,5,4,6,4,20.6259217055507,20.2953527400532,-1.10780493139398e-19,0.999999999400862,1
"Q9BVG4",NA,5,6,6,4,3,20.9019995484031,20.8565925671316,0.10014898840215,0.296422484681019,0.537755130227924
"P35817",NA,6,3,NA,NA,NA,20.0396381612433,19.0533223914674,-0.84351011182016,5.40284197296421e-05,0.000320010219117356
"Q8N5I9",NA,NA,NA,2,NA,3,19.4324835913588,19.3536624971336,4.10817906505664e-20,0.99999999985344,1
NA,NA,NA,NA,NA,NA,NA,21.6582851235028,20.4887771290768,-0.932497009059156,0.000743421514781416,0.0032914802139478
"Q9UJX4",NA,NA,NA,9,NA,NA,19.6356200673859,19.6871897763264,0.390064144199474,0.006863546906925,0.022808641766158
"Q9NR09",NA,7,9,19,NA,11,19.6217310291945,19.6898608051879,0.202426157622506,0.0587834936464407,0.142572495246904
"Q9UBR2",NA,5,4,2,NA,4,21.4306574827696,21.471719655072,2.25011566943368e-08,0.999682627704109,1
"P53163",NA,NA,4,NA,NA,NA,20.6634604388356,19.6891071978354,-0.805030993994996,0.000909102893741446,0.00392267359311474
"P10823",NA,1,NA,NA,NA,NA,18.8955877171368,18.5605261054972,-2.92115736025826e-20,0.99999999991488,1
"Q9UI09",3,2,3,NA,3,3,20.9818067145785,20.9424665587683,0.108634748301237,0.426934294914029,0.726115550518584
"P08456",NA,NA,1,NA,NA,NA,21.4541110524352,20.5356345615697,-0.708706610353425,4.94615046558245e-05,0.000295692663584924
"P62330",NA,NA,NA,1,NA,3,20.0491028557558,20.1185023429875,6.7277551193948e-20,0.999999999537864,1
NA,NA,NA,NA,NA,NA,NA,21.2365170204758,20.8106157327929,-6.31826353975442e-20,0.999999999734921,1
NA,NA,NA,NA,NA,NA,NA,19.4579070301782,19.320349482949,8.5178222706446e-20,0.99999999980342,1
"P38521",NA,NA,NA,2,2,NA,19.7074128780942,20.0910924120761,1.16633801489735,0.0208278946595975,0.0589868062303476
"Q9NR19",4,5,3,5,NA,3,20.2069453791694,20.0664032208482,7.21302871412508e-19,0.99999999847839,1
"P49427",NA,NA,NA,4,NA,2,20.4904771819315,20.5884891772638,1.92873571727455e-19,0.999999999221334,1
NA,NA,NA,NA,NA,NA,NA,20.340956638899,19.9271658722703,-4.50435331241484e-19,0.999999999580937,1
"O14562",NA,4,4,4,NA,5,21.0793118779119,21.1911322943133,0.241968460490142,0.0534035794291604,0.131660363131122
"P04843",NA,8,8,10,11,9,20.2803543337036,20.1882910253592,1.51415557661404e-17,0.999999996849054,1
"P62750",8,7,9,9,8,9,23.08179682885,22.9344006789311,2.05877812204303e-11,0.999990719031288,1
"P03915",NA,NA,NA,1,NA,1,19.4960709178179,19.6794875742841,0.268570487799663,0.130559510492625,0.278138041370735
"P0CX43,P0CX44",9,12,11,9,8,10,24.0060234912078,22.7554161428313,-0.972546926968652,1.14143550152099e-18,4.19423019635324e-17
"O15164",6,5,8,9,8,10,20.2268852032718,19.9589122081262,-1.43786289559628e-17,0.999999993422951,1
"Q3E795",NA,2,3,4,NA,NA,20.3894614915363,19.5585357957869,-0.597042721409704,4.1362790761867e-05,0.000250390283216381
"Q8IV38",4,5,6,3,NA,3,19.9121558886714,19.4720770570457,-0.016229970163712,0.742998246338523,1
"Cont_Q3ZBS7",6,7,8,7,5,8,21.4316386913708,21.2629332389172,3.57902068539248e-20,0.999999999724865,1
"P39743",8,5,6,6,3,3,21.0679715242517,20.0245578864951,-0.718813196291371,1.36157302663885e-07,1.28348280893456e-06
"Q5VT25",NA,9,7,4,5,9,19.3656080405012,19.3555913031596,0.224100138386808,0.0534919012806705,0.131821776372571
"P36639",NA,1,2,3,3,4,20.4646206391537,20.2026765895486,1.03040144141125e-19,0.999999999630512,1
"Q9Y570",5,7,8,7,7,6,21.1804219175851,21.0855718704545,7.99685116556518e-19,0.999999997987967,1
"Q9UHD9",5,6,6,5,6,5,20.2677146186156,20.3129733247253,0.0860497879046145,0.246597832785463,0.46384835257233
NA,NA,NA,NA,NA,NA,NA,19.9777032449968,19.9739790504286,1.58888343948887e-19,0.999999999347701,1
"P0ACY1",NA,NA,NA,4,2,3,19.7887928932494,20.1650717117306,0.533836766742027,0.252610723814714,0.472386147710562
"P12612",11,13,14,8,4,7,21.4250183211411,20.3041958400099,-0.834196221696555,0.000537597654384309,0.00249308751458447
"P43613",1,1,1,NA,NA,NA,19.7311650587223,19.2915084447525,-1.36276932085209e-19,0.999999999511071,1
"P41811",16,18,17,9,9,13,20.7231072842385,19.7374525501628,-0.781659784729751,2.39435204978532e-07,2.18161472732262e-06
"P42940",NA,3,3,NA,NA,3,20.745332862484,19.7163733509104,-0.292603347886804,0.150530896135653,0.310813435864918
"P00724",4,5,NA,2,NA,NA,21.5046712384741,20.6928008072478,-0.719884517985737,2.41803426080201e-05,0.000151626517940943
"Q9H845",2,NA,3,6,3,NA,20.2051563400095,19.6699036639495,-1.09714328566624e-17,0.999999996461371,1
"P30044",5,5,6,5,5,6,23.3062435699253,23.2450469419681,0.0286859577541002,0.625719476462816,1
"P50109",NA,5,3,NA,NA,NA,19.5880663050446,18.5902065780167,-1.07714288290812e-11,0.999997046205363,1
"P60891",3,3,1,3,NA,3,22.8250809569304,22.8665966639745,3.0643635239242e-09,0.999881822857575,1
"P11908",5,5,4,6,3,3,22.1877444942487,22.2251393459357,1.04862022674601e-19,0.999999999317494,1
"P48047",7,8,8,8,6,8,22.8233262181078,22.833675373451,0.091509416101162,0.22735697525527,0.434493231746721
"P53131",8,7,7,NA,2,NA,20.2329656883983,19.3055931592727,-0.717963007744109,1.42499823542785e-08,1.56586948955872e-07
"Q96EY4",2,2,NA,1,1,2,20.8894781258702,20.8695703315156,0.0184306863331874,0.765614031487335,1
"P38143",4,4,4,4,4,5,21.3819125590879,20.5657923830771,-0.733170886186243,2.45080429467108e-10,3.45689241465953e-09
"P48444",17,15,15,18,16,12,22.3476076380341,22.1926511303803,3.87980585973015e-20,0.999999999511222,1
"P06115",7,8,6,3,2,3,20.6524018959966,19.6864276774751,-0.826937498309218,1.24662264215837e-05,8.33344846189066e-05
"Q9NYY8",7,6,3,4,8,7,19.4786813149707,19.7977974248208,0.430204116646896,0.0730874508645319,0.17160826375152
"P0A7T7",2,3,3,2,4,3,22.8835518653062,23.946970026395,1.25890279423394,0.000345385454535247,0.00169001585005415
"Q92538",NA,6,6,7,10,10,19.4413833092928,19.7386720674514,0.0931174224247205,0.314559859417434,0.565420103949137
"P43603",8,7,8,5,5,5,21.3225214603754,20.1426500278681,-1.02330879266013,6.52730217699157e-16,1.71163664813929e-14
"Q13555",NA,NA,NA,4,NA,NA,19.6899920719845,19.9331674388374,0.212719972266379,0.209130090509404,0.405945993320576
"P76270",NA,NA,NA,2,NA,NA,NA,NA,NA,NA,NA
"O14950,P19105",3,3,3,3,3,4,22.0854325183266,22.1419590388445,0.12580450259078,0.266164885783429,0.492939077394735
NA,NA,NA,NA,NA,NA,NA,18.1512467683369,18.4188074997241,2.14222928506846e-19,0.999999999522058,1
"P25555",NA,4,NA,NA,NA,NA,20.4387584419168,19.359168748421,-1.24606578312476,0.000324446369725989,0.00159704019364269
"O60826",1,NA,NA,3,2,NA,19.4869774459787,19.8859157143942,0.489389865040048,0.00430992280866983,0.0151794534085569
NA,NA,NA,NA,NA,NA,NA,19.1396448386106,19.0576723862738,4.0373713268535e-20,0.999999999932927,1
"Q86UY5",2,NA,2,4,2,3,20.8045656225674,20.3283247816229,-1.97391336789224e-19,0.999999999279318,1
"O14972",NA,2,NA,NA,2,4,19.7137715641999,19.7380312359669,1.90809798638252e-19,0.999999999605077,1
"P38779",3,4,4,NA,NA,NA,19.5242518479832,18.6701736249896,-0.64095405653016,0.00245237056312506,0.00941299120337223
"P32377",5,6,9,5,6,4,20.874759943795,19.8872296417956,-0.78617130484121,1.43860195152976e-10,2.09829246936147e-09
"P0A7R5",2,3,3,4,4,4,20.1612504341708,21.872447061942,1.90733393360486,1.0898855864518e-10,1.62468990910606e-09
"Q9BUH6",NA,NA,NA,3,1,NA,19.806649174629,19.7659607601675,-9.85776974475956e-22,0.999999999992767,1
"O15511",4,1,NA,5,NA,NA,19.9267557756565,19.7305449366312,1.43681913352156e-19,0.999999999384905,1
"P27306",NA,NA,NA,3,NA,6,19.1455143354173,19.8287208294975,0.866400402481768,0.0017081847529892,0.00682445833794646
"Q9BPX5",NA,3,NA,NA,NA,NA,19.7141064465698,20.1344752865986,0.17739052941524,0.355646623488585,0.624804873748589
NA,NA,NA,NA,NA,NA,NA,18.8323015483386,19.3291958752947,2.00777939744099e-15,0.999999999999537,1
"Q9Y3D3",NA,NA,5,NA,NA,NA,21.119445827594,21.3015079903205,0.23903349903051,0.18923798110094,0.374002710850059
"Q13405",2,2,4,2,3,2,21.2191994429332,21.1999963523917,0.121853394797016,0.22314781077745,0.427545573023948
"P53044",NA,3,3,NA,NA,NA,20.2952910781003,19.0758010715175,-1.04534798952096,1.0905679679257e-07,1.04336427976175e-06
"O94973",6,NA,7,6,6,8,19.5951502093202,19.9014774457136,0.451599182785458,0.0575642494440295,0.140180732394515
"P0CX33,P0CX34",NA,1,1,NA,NA,2,25.1110842076293,23.8484744511995,-0.999773195877415,0.000624973832622991,0.00282560661473514
"P62861",2,1,1,2,1,1,22.8845477240824,22.6704270408663,6.60587156893392e-18,0.999999997834238,1
"P15624",16,17,15,11,9,11,21.3811358027676,20.5153311424969,-0.716290837318947,3.55250140175741e-08,3.65318727036337e-07
"Q12464",9,8,10,3,NA,6,20.9216692352456,19.8709058922972,-0.794690298048189,0.00111112673125319,0.00469022826615579
"Q8TB61",NA,NA,1,NA,NA,1,19.2902751469368,19.2261416006187,1.90710071215768e-10,0.99997133639747,1
"O75629",NA,2,1,1,2,3,20.1805650767351,19.7446964167081,4.56341617130908e-20,0.999999999823663,1
"P0CX31,P0CX32",5,6,5,4,5,5,22.992602042695,21.8603194739031,-0.965760536912605,1.69662252175637e-15,4.33089173805862e-14
"P37370",NA,NA,2,NA,NA,NA,19.377265949637,18.2018003662424,-0.950756724958357,0.00156339417538946,0.00632483940941221
"Q9NVX2",11,5,8,10,10,8,20.5300587589957,20.5516016269195,0.1561568654682,0.223426846912089,0.427938074314689
"P00448",NA,2,4,8,5,7,18.1262024147956,19.9415831998774,2.06760023902672,4.46656582593718e-07,3.88651858971819e-06
"P09234",3,3,3,3,3,3,23.2722504261989,23.2458284499636,0.0815491148134439,0.322459922737804,0.576649502254926
"P47818",4,4,3,NA,NA,NA,20.1491564006758,19.0715488906073,-0.876202559281848,0.00223717241835478,0.0086910758797904
"Q6PD74",4,5,2,5,6,4,20.9231809331402,20.8443849626043,7.1062783746039e-20,0.999999999511978,1
"Q92572",3,NA,1,2,2,2,20.7874870061238,20.5215419057069,-4.14124162648371e-20,0.999999999829844,1
"O00483",NA,3,5,NA,4,NA,22.3690899996379,22.3793900002655,1.00329588707781e-19,0.999999999502499,1
NA,NA,NA,NA,NA,NA,NA,20.2198393232021,19.5818933534797,-0.413309146571461,0.0381277998341348,0.0989915739167974
"P0CX25,P0CX26",4,4,4,4,4,5,22.4561677188464,21.2670895056025,-1.0785762506607,3.24783528978293e-08,3.35183574002821e-07
"Q9UHQ1",NA,5,NA,NA,NA,NA,19.5015723545174,19.693606483885,7.87137194740641e-18,0.999999997006054,1
"O14974",NA,13,10,13,7,7,20.887803030018,20.5898032584528,-1.75043677190092e-20,0.999999999826334,1
"P37647",5,5,4,5,6,7,21.3039044937758,23.157257913548,2.03366820753392,7.8844435792708e-21,3.47216450448956e-19
"P0A7Z0",NA,NA,NA,1,2,3,19.0792103812957,20.6779481080627,1.58429231959764,1.30045747293731e-05,8.65321702580776e-05
"Q12904",8,9,11,9,10,12,22.2757697030026,22.3223046519388,0.0953471930191753,0.199270405699106,0.390088554624412
"O14925,Q5SRD1",1,NA,2,NA,3,2,21.2129462804104,21.1587015398244,2.73076554145916e-20,0.999999999807796,1
"Q969H8",NA,NA,NA,3,4,4,21.2602400713173,21.0627488629193,5.05697291885622e-21,0.999999999966845,1
"P35219",3,5,4,4,1,3,21.7132051014981,21.8665995418543,0.257786225618063,0.0397664217380485,0.102507813675962
"P06746",NA,NA,NA,NA,NA,5,19.7464063421137,19.9151220686754,0.251382230502072,0.0279266917921795,0.0756025738850696
"P49821",5,7,7,7,5,9,20.7516242033422,20.6145594835301,3.34508241997684e-13,0.999999779265825,1
"Q9UHR6",NA,4,6,5,5,5,19.6694206569377,19.6011240374285,6.1943105522862e-09,0.999819792979409,1
"P08758",9,9,12,10,10,11,21.5677782230863,21.5242242460546,0.128799613438487,0.113871780436101,0.24871006194704
"P09525",NA,NA,NA,2,2,NA,19.4090082850447,19.9173627014569,0.749234347076384,0.00713101185929093,0.0236701998942747
"Q9NX20",NA,NA,4,NA,3,3,20.0345828281744,19.8188436348528,1.65798945671732e-20,0.999999999914792,1
"P53600",5,4,3,NA,NA,NA,21.1104896533385,19.9917426255913,-0.891651907696103,1.05132505115207e-05,7.12702023513078e-05
"P52643",NA,NA,NA,3,2,NA,19.3862509805259,20.4709478579538,1.18515943379427,9.46830517963171e-06,6.47955546634583e-05
"Q9UBX3",9,6,7,7,8,6,20.744565305238,20.7651767040326,0.144572834875299,0.161141896002324,0.328955271775445
"Q8IWZ3",9,7,11,11,11,10,20.4230222536054,20.3807347911777,0.0973059109123872,0.203973038000573,0.39768175873683
"P32466",NA,5,NA,1,NA,NA,20.0683232703112,18.8196693579158,-1.0474956763352,0.000162185779913542,0.000869562977993703
"P39004",2,2,2,2,2,2,23.4569241313788,22.2162046735836,-0.739667314110953,0.000854022309031129,0.00372400204142145
"P39003",1,1,1,NA,NA,NA,23.6503564034437,22.2222224986132,-1.25555870647674,0.000139497516835543,0.000763530526208963
"Q9NPJ3",4,4,3,5,NA,NA,21.1805194628597,21.3050284407583,0.131482145149819,0.268223624459847,0.496273922228626
"Q9H3S7",7,6,15,8,9,6,20.0427952129597,20.1490445604705,0.237389868664427,0.009901266337614,0.0313331900722409
"P20339",NA,NA,1,NA,NA,NA,19.2774348588989,19.4845748668176,0.22666073341958,0.337617945377473,0.599482279742271
"P51148",3,3,5,3,4,4,21.484759079158,21.7007494277883,0.245317213260756,0.0175744701373153,0.0507951494099056
NA,NA,NA,NA,NA,NA,NA,NA,NA,NA,NA,NA
"P43121",5,NA,NA,3,NA,NA,19.9388952499354,20.2266188255976,-1.71251454639796e-21,0.999999999995834,1
"P00899",11,11,10,8,NA,8,21.5419959934027,20.558377322511,-0.826351553215883,1.18785005704174e-10,1.75710435360867e-09
"Q8IZ83",NA,NA,3,6,NA,4,20.2648485199405,19.6698702080765,-0.254670183442659,0.115083261132944,0.250551720701866
"P09417",4,6,8,4,6,6,20.8883490230674,20.634582515038,1.8373970582604e-18,0.999999997580178,1
"P60438",NA,NA,NA,6,6,5,19.6577922749157,21.5023516971038,2.02180605239208,4.30853778502743e-10,5.86225341552435e-09
"O15084",7,5,NA,6,4,7,20.2621824288638,20.2418086445798,1.97088136900977e-08,0.999710642460642,1
"O60613",NA,2,3,3,2,2,20.2681861977421,20.1930572437429,1.08220498390638e-19,0.999999999302037,1
"P41214",NA,6,5,8,6,9,20.0378263402801,20.1322114856867,0.233223648556415,0.121214680635452,0.26180737273902
"P52788",13,12,10,10,11,13,21.9842873479576,22.1012964543795,0.197014347747691,0.0127644262793192,0.039044525559593
"O60493",5,5,4,5,5,5,22.5192628778818,22.4931243191548,0.0200287340633604,0.706134829957343,1
"Q9UMY4",5,5,2,4,NA,NA,21.2064271337536,21.2314194835131,0.105475125586742,0.415894110313809,0.710060113169685
"Q66PJ3",2,2,3,2,3,3,19.9386175482645,20.1101056293689,0.356319825031632,0.0174204104780699,0.0505158750923254
"O95400",NA,7,7,9,NA,6,19.8927366832426,19.8746787905894,0.0983707278808348,0.300813915050347,0.543840638021138
"O43674",NA,NA,3,NA,NA,NA,20.8637966974012,20.8511161345269,6.26430631348405e-20,0.999999999671906,1
NA,NA,NA,NA,NA,NA,NA,19.1521796024366,19.1462697588554,0.0210366699116114,0.857373871093407,1
"P21599",NA,NA,2,4,6,7,19.1926453466035,20.6912381858976,1.83879223248591,2.25835477965303e-06,1.76537245580194e-05
"Q8WUE5",1,NA,NA,1,2,4,20.0363260556801,20.1307454636229,0.18066845441818,0.189886546662617,0.374642779650012
"Q9BT25",NA,3,NA,3,NA,2,19.4725311166013,19.3832375409139,2.10405500528397e-19,0.999999999318797,1
"P15367",1,NA,1,NA,NA,NA,20.0221274756444,18.9545305133448,-0.967067745202288,0.0036534690295836,0.0131977851168865
"Q15061",10,12,12,14,13,13,20.3651583526378,20.2226109598962,2.58906472198387e-20,0.99999999976478,1
"Q9P2N5",8,9,9,9,12,13,20.7382105447373,20.6908770804154,2.05512413406845e-20,0.999999999817743,1
"Q9UBC2",11,8,7,8,7,11,20.2878117215802,20.4919528339967,0.249243526991741,0.0507387786254574,0.126660326218202
"Q8WW01",3,3,3,3,3,2,20.6623849784282,20.6060736222266,0.0172591959293956,0.73533726292651,1
"Q86UE4",6,5,NA,6,8,8,20.3730435514598,20.187045645913,-4.27192756648904e-20,0.999999999668085,1
"O43715",NA,2,NA,NA,NA,NA,20.7337326247064,20.7456892202643,1.17487190616991e-19,0.999999999656569,1
"P62316",7,8,8,7,7,7,24.799003834269,24.6543612394096,0.0964815413361853,0.0817991186298294,0.189137921994183
"P0A6N4",NA,NA,NA,2,NA,NA,19.420688830709,21.2031087316332,1.93491537734607,1.29904167783731e-07,1.23057002289711e-06
"P29084",NA,2,2,2,2,2,20.2139247526214,20.7169754321547,0.606133596765829,0.0163268931171923,0.0478121047680621
"P04179",NA,1,1,1,1,NA,20.2412811890103,20.3844631182542,0.307776350187443,0.0792039058749755,0.184096427474913
NA,NA,NA,NA,NA,NA,NA,19.9566116812202,19.9259176149717,1.16858798141256e-19,0.999999999502595,1
"P21304",6,NA,6,NA,NA,NA,19.2709484889056,19.0300876697413,-0.319506409481654,0.256632453959287,0.47866557610447
"P32566",6,6,5,NA,NA,NA,20.6639691322844,19.5265416248998,-0.89238246267746,6.78958489415573e-05,0.000395248388036169
"P16150",7,8,NA,6,6,5,21.19693980351,21.1455333666858,6.65110289285343e-20,0.999999999668089,1
"Q12466",10,7,10,5,5,NA,20.0297209697388,19.164062853192,-0.772488846189743,9.28835382573247e-11,1.39907345223631e-09
NA,NA,NA,NA,NA,NA,NA,19.394407492537,19.4438112516692,5.6399192601703e-20,0.999999999821506,1
"P53301",NA,3,NA,NA,NA,NA,21.0632134313427,19.7158555369422,-1.08886737041205,4.44515132899509e-05,0.000268243493901388
"P0AB77",NA,NA,NA,5,8,7,18.516906525128,20.209053833328,3.06835244361028e-05,0.992674375194944,1
"Q9P013",6,5,5,6,6,5,21.0370536804356,21.0520307933787,0.109606164490565,0.137518759521901,0.289687112667366
"P0ABU5",NA,NA,NA,3,NA,NA,18.7776086836965,19.9351593367529,1.46817659335499,8.4149013607829e-05,0.000479699268284156
"Q9NW68",NA,NA,NA,NA,NA,2,20.0308305643531,20.0782064626112,0.0999599277231053,0.433029127776507,0.734316589695083
"P53145",NA,NA,6,NA,NA,NA,NA,NA,NA,NA,NA
"Q9H7Z6",NA,NA,NA,NA,NA,1,19.5153387961741,19.3842301522463,1.99376319173183e-21,0.999999999990262,1
"P48362",NA,NA,NA,2,NA,NA,19.6923172385045,19.5515167373105,-6.99603708362611e-20,0.999999999765313,1
"P40188",1,1,1,NA,NA,NA,20.4973676542588,19.256283340493,-1.24808591477494,0.000294361045643306,0.00146773454824221
"P35236",4,NA,NA,2,NA,NA,20.7196323301277,20.4950634252927,6.97707423202155e-20,0.999999999737682,1
"P47122",NA,4,4,4,NA,NA,20.3383614721367,19.4951880666089,-0.777974582988412,6.36477031263591e-06,4.51085502869737e-05
"P62487",3,NA,4,4,NA,6,21.0389512395855,20.802228339652,-2.68542454195082e-20,0.999999999719104,1
"P0A7D7",NA,NA,NA,4,NA,6,19.4166082850182,20.7010712728956,1.4999314215125,9.85027722772344e-07,8.06046089740943e-06
"P38624",NA,3,NA,NA,NA,NA,22.026867286194,20.5530027456434,-1.04023533510899,0.00164411277908297,0.00660967708887083
"P42949",NA,NA,1,NA,NA,NA,20.7767909115945,19.3266099814907,-1.33525909744434,0.00527686537404921,0.0181419763664421
"P07910",6,6,5,5,5,5,24.9947302655069,25.0781302086417,0.26862465553276,0.0197534710856898,0.0562754442930097
NA,NA,NA,NA,NA,NA,NA,19.5420417550183,19.650971222171,1.89464381649795e-19,0.999999999664225,1
"O00165",NA,NA,NA,NA,4,NA,19.9764861981756,20.1765925917727,0.292315058377725,0.412114155188613,0.704023263631361
"P17898",1,NA,1,NA,NA,NA,20.5546631266699,19.193039147936,-1.08600135103091,0.000120182077867753,0.000666586198815948
"P21291",4,5,4,4,3,4,20.7136817801315,20.6216519227873,6.80346724762137e-20,0.99999999946367,1
"P0A972",NA,1,NA,3,3,3,21.4387664027509,23.527486687599,2.01686452988439,0.000133429353544223,0.00073404013229953
"Q96DH6",3,1,6,2,4,3,20.9105206965448,21.0060778163062,0.189715017547179,0.0559566434708129,0.137017774271273
NA,NA,NA,NA,NA,NA,NA,NA,NA,NA,NA,NA
NA,NA,NA,NA,NA,NA,NA,18.073682016313,19.6523540809678,1.22093437465003,0.00255363416183793,0.00974420457653424
"Q12078",3,NA,NA,3,NA,NA,18.6559899864853,17.9028807534946,-5.54192805443558e-19,0.999999999053516,1
"Q9NUG6",NA,NA,NA,NA,NA,1,21.8231147906491,21.2656290198539,-0.213311695074812,0.219594034681008,0.421857471220359
"P45973",8,8,8,9,5,5,22.0552476533537,21.8293398156524,-5.62599637596475e-20,0.999999999650386,1
"Q96FX7",NA,2,NA,NA,NA,NA,19.3222141518736,19.5411892963857,0.36298363148145,0.10429757947243,0.231509325115986
"P39079",13,15,13,5,6,7,20.0993774781141,19.2198030447441,-0.709685912989702,0.000133473409391958,0.00073404013229953
"O43252",11,8,9,6,10,9,19.9051339509646,19.3906787139995,-0.0997907933514728,0.355619839710189,0.624804873748589
"P0AA04",1,1,NA,3,2,2,20.0488466369725,21.5017520362346,1.58897957254462,2.40808996898301e-10,3.40496838996642e-09
"P40364",2,2,2,NA,NA,NA,19.6166078688516,18.6649801854477,-0.819033068774919,0.000459625899450425,0.0021627475606326
"P42943",6,7,5,6,5,NA,21.1550049313522,19.9917212067443,-0.907842591741871,8.86693005558796e-09,1.00894121283406e-07
"P14854",NA,4,3,3,3,3,23.004924466332,22.9891853555871,0.195824809932174,0.0678643337503883,0.161447151095254
"P78332",NA,9,8,6,NA,9,20.0929690977421,19.8370708931367,3.43432388401482e-20,0.999999999799395,1
NA,NA,NA,NA,NA,NA,NA,22.1886258775523,22.5501316724402,0.441648107404199,0.0877363236413565,0.200455782608707
"Q96QR8",NA,2,4,NA,NA,NA,20.4067122348699,20.3630422474812,4.35650282176914e-20,0.999999999808772,1
"P62249",NA,7,7,7,7,7,23.4648028441712,23.6971089640422,0.127429427774753,0.263334077737527,0.48879481803983
"Q07812",3,5,3,4,3,4,20.5187205121004,20.2198455678358,-2.291469101855e-20,0.999999999854542,1
"O00115",NA,3,NA,NA,NA,NA,19.9644600616166,19.9212115298472,8.42942792802132e-20,0.999999999591301,1
"Q9HCD5",NA,9,7,7,7,8,20.8778955616633,20.5958200995988,-0.108963326083882,0.278988846882361,0.512249095373757
"Q05515",6,7,4,6,3,6,21.5385254569334,20.4824039225395,-0.954796017210781,2.19921432398401e-06,1.72381351019888e-05
"P39729",NA,1,2,NA,NA,NA,20.218279732497,18.8838061074885,-0.550641583793626,0.00598968397157307,0.0201249195294147
"Q9UIV1",NA,NA,NA,1,NA,1,20.4857880941734,20.3579980568225,5.29294861058816e-20,0.999999999792202,1
"Q99081",NA,2,2,2,3,2,20.024052463707,20.0348387933909,1.87410702006309e-09,0.999915729827455,1
"Q9UHR5",5,5,5,4,5,4,21.1240668352301,20.7755072481802,-1.3542389924054e-17,0.999999993546822,1
"P35197",5,10,12,3,5,7,20.4386969892318,19.5563740930353,-0.663165695804177,2.55167872823385e-08,2.68135420458672e-07
"Q6YN16",4,NA,5,4,NA,NA,20.1172341185118,20.2447939909561,1.24998981413173e-19,0.999999999588856,1
"Q96QC0",9,10,10,11,9,9,19.9521576744785,19.9747918782232,6.50784740822526e-20,0.999999999472314,1
"Q9BQ61",3,NA,NA,3,3,3,20.9250065635573,20.7052707468511,-7.7971527444806e-20,0.999999999635662,1
"P09661",10,9,7,9,8,8,23.1488921142646,22.9893207511568,7.83772884083834e-21,0.999999999894235,1
"O14841",6,11,9,6,5,7,20.1408591618317,20.0982516345245,0.0310228356418776,0.625835483402825,1
"Q9UKZ1",NA,NA,6,5,NA,4,20.5532059398515,20.5264376949262,9.2162448213901e-20,0.999999999659001,1
"P53597",6,7,6,6,6,6,21.0032416262075,20.9676252949418,3.10474827528043e-20,0.999999999768297,1
"Q9NZ09",NA,NA,3,NA,NA,1,19.1083934693052,19.3038201164454,0.0590837937775249,0.681564655192182,1
"Q86UV5",14,14,10,9,12,10,19.9650131543351,19.9254109703869,0.119197222780908,0.155817370251926,0.319328742090005
"P0A8G6",2,1,2,5,5,4,20.3013853112812,22.0209038724055,1.77297099086928,1.38985737540646e-08,1.5301693127328e-07
"Q14657",2,1,1,2,NA,NA,20.8560809484005,20.5867038690855,-9.62887294254865e-20,0.999999999543489,1
"Q07864",NA,NA,NA,NA,8,9,19.6503858732415,19.3868519981579,-7.17187007574078e-10,0.999963094242681,1
NA,NA,NA,NA,NA,NA,NA,20.5384208353139,19.5072704460172,-0.902582880983036,0.000447078672616996,0.00211583007574032
"P17655",15,12,14,11,11,13,20.1974040169826,20.1827837151965,0.235731308406986,0.00225355195892717,0.00874293291933478
"P38930",NA,NA,2,NA,NA,NA,20.0594251219203,18.9445007843685,-0.877477980437356,0.000204194842098396,0.00106795988458892
"P36959",NA,4,4,3,NA,6,20.5123250786384,20.4047885367876,8.8392668264177e-08,0.999229017338406,1
"Q96KR6",NA,NA,4,NA,NA,3,19.0344650943941,18.6111822277121,-0.19406126369937,0.308977278904358,0.556854083723599
"P62273",NA,1,NA,NA,NA,NA,21.2280221749926,21.7694759680879,0.117168406153846,0.562822344964468,0.921112654780146
"P40495",6,8,9,NA,NA,8,22.2438052036836,21.2339377141886,-0.851802759792191,1.08825305242688e-09,1.40136871862738e-08
"Q9BU61",NA,3,3,6,NA,6,20.2478151602895,20.2972364967842,0.175106874242564,0.0661791396344821,0.157893902626686
"P15170",6,7,8,7,8,9,22.845773536539,22.8630979468058,0.075201012274195,0.288090442078001,0.526280481427483
"P0AB89",NA,NA,NA,5,4,NA,19.6343068536826,20.4895636023958,0.978808760301256,0.000714168295820806,0.00318395432657669
"P11353",NA,NA,7,NA,NA,NA,20.3959656451105,21.3300812475353,0.796866398702531,0.11095410601571,0.243474415216672
"Q05397",NA,NA,3,5,NA,NA,19.5611324200357,19.7952681489516,0.315616603670509,0.0379557588977809,0.0986336815681523
"P53297",5,3,4,1,3,3,20.0133486850263,19.0612857644866,-0.904347187023322,6.364374771483e-07,5.38358915787176e-06
"Q9BQT8",4,NA,4,NA,NA,4,20.8463042716563,20.735785079461,4.9462773203664e-20,0.99999999967014,1
"P09668",NA,NA,2,2,NA,2,19.7069970449488,19.4518843511397,-7.09380014553931e-21,0.999999999964261,1
"P20674",8,6,5,9,6,8,21.4319989747298,21.2757678403569,4.83551294659142e-20,0.999999999525409,1
"P0AA25",NA,5,3,6,5,6,20.9249848967728,22.6691719884441,1.50363064358496,1.76909669162913e-09,2.20907333636547e-08
"Q6P996",NA,NA,1,4,NA,NA,19.3275908876276,19.249807442365,5.36695792856711e-09,0.999928523142121,1
"P36041",2,NA,3,1,NA,2,19.1504330235607,18.7223641658136,-0.893824682829327,0.00581500828162507,0.0196524796582865
"P05756",5,5,5,4,4,4,23.1784774482856,22.103126618204,-0.990042249588046,4.13983298677306e-10,5.65940675371891e-09
NA,NA,NA,NA,NA,NA,NA,20.0567157468104,19.9208155310283,2.76317179103768e-20,0.999999999832627,1
"P53334",NA,1,2,NA,NA,NA,20.6417239717307,19.8263292689848,-0.685401728205323,0.0030923275682144,0.0114356652186082
"Q9Y3D6",NA,1,3,2,NA,4,21.9526110643504,21.8286003798756,4.48886051050209e-20,0.999999999668134,1
"Q12458",3,4,4,4,5,5,21.9631049972846,21.2390769279582,-0.588113733723479,0.000166790206417466,0.000891763392791809
"Q13257",5,5,6,4,6,7,22.1771522549861,22.1725354301487,0.143457174152259,0.0701832040305871,0.165801353010834
"O95983",5,4,5,3,4,6,20.3554064263919,20.3113588658134,0.0230657805688727,0.642309261983001,1
"Q9BSD7",5,6,5,6,5,5,20.9970762197191,20.9725783128848,0.0939514115075931,0.230600991144377,0.439607406901675
"Q9BV38",6,NA,9,9,9,9,20.7674067467,20.6210577792395,1.3581250431707e-21,0.999999999984338,1
"P0ADY7",1,2,1,2,NA,2,19.959681082855,21.5421498890882,1.85735229150711,0.00574507706438631,0.0194389147122842
"P36542",9,9,8,8,7,8,22.6615363008583,22.5307118812212,0.0357833723356017,0.501958638506472,0.833803451063587
"P14164",2,NA,3,NA,NA,2,18.6919163186599,17.756265360536,-0.583251654644144,0.0446262446274056,0.113513582564155
"Q9GZU8",5,4,5,NA,5,6,20.7239683488114,20.6453364822,0.00476263916480459,0.815273329841447,1
"Q7Z7A3",NA,5,4,6,NA,7,19.848867424409,19.644083561967,4.0189373042563e-21,0.999999999977417,1
"Q9Y2Y0",NA,NA,1,NA,2,2,19.9560463520843,19.993012998272,9.92024589583723e-20,0.999999999551947,1
"Q9H8H0",12,14,15,12,12,11,20.9705386227105,20.9689015589792,0.181630847787256,0.00640495664119431,0.0214452668967208
"Q9NPA8",3,3,3,3,3,2,22.6572674118478,22.7853590995509,2.39699512882194e-19,0.999999999274625,1
NA,NA,NA,NA,NA,NA,NA,19.1744946698381,19.0345236839567,2.17996003176189e-20,0.999999999915279,1
"P50861",NA,2,3,NA,NA,NA,19.976463683189,19.0296146296001,-0.735033713110674,0.0014301766190856,0.00584326410446518
"Q9NRF8",NA,8,7,7,5,11,20.2282758757111,20.070013153783,1.58391028481761e-10,0.999987236573731,1
NA,NA,NA,NA,NA,NA,NA,18.6353870498223,18.62262858038,1.15712575913769e-19,0.99999999958127,1
"Q9GZT3",5,2,3,4,4,5,23.2299524432562,23.0703969459556,6.80433581956017e-20,0.999999999880233,1
"Q96S94",1,NA,2,1,2,1,19.4861281869578,19.5659222639833,4.29863684273783e-20,0.999999999850044,1
"P53081",4,5,5,2,4,2,20.4314858684934,19.2061503651226,-0.891822352721607,3.1585433287197e-09,3.84139215054734e-08
NA,NA,NA,NA,NA,NA,NA,19.3104066175624,18.6090466243197,-3.40254674303159e-19,0.99999999919363,1
"P37292",11,11,12,6,6,8,21.1076418947895,20.0124489358357,-0.868660191293743,2.84113775228077e-12,4.98192209510874e-11
"Q12522",2,3,4,3,3,3,21.5942921193584,20.4388922838069,-0.923356840175362,4.14298489402533e-07,3.6213454323685e-06
"P0DPB6",NA,5,2,3,2,3,21.5006598155337,21.4038719649123,4.19461008490583e-20,0.999999999600001,1
"P57737",9,8,6,11,8,15,20.6200345764829,20.5890209471875,2.19839244328793e-07,0.998920920673724,1
"P10398",1,1,NA,NA,2,2,19.9885181952481,19.6832595040505,-6.61625308046018e-20,0.99999999955406,1
"P32264",5,NA,NA,NA,NA,NA,21.6757732049853,20.2613031633342,-0.864644163488363,0.00657450830706078,0.0219365751436863
"Q02896",NA,NA,2,NA,NA,NA,19.1035610227868,18.2736761496505,-0.463763658863101,0.129508448471614,0.276511561522109
NA,NA,NA,NA,NA,NA,NA,19.4857571779984,19.9231055772745,0.351198464062606,0.178677899661536,0.357417754211998
"P52918",NA,3,NA,2,NA,NA,19.6028810169097,18.6585267671995,-0.86280791087295,0.00239454435864065,0.00922787335003201
"P24534",7,8,7,7,8,7,24.7345797222029,24.7062634794588,0.11810733613162,0.124963885641849,0.268297974048318
"Q15648",NA,NA,7,6,9,7,19.5725288837371,19.8556378281549,0.367443178701805,0.0266387602211851,0.0726958409252682
"Q9UEY8",NA,5,5,NA,NA,6,19.5679676726842,19.4617790135816,6.19736149657993e-20,0.999999999764039,1
"Q99856",10,6,9,9,8,8,20.2549093629409,20.2368187823908,2.04264376498628e-20,0.99999999976579,1
"P32319",9,11,10,NA,NA,4,20.3824222332505,19.3052975433674,-0.923730127663823,0.000145402733093929,0.00078985721960346
"P38628",4,8,6,4,NA,7,20.4092615409224,19.3994219912873,-0.718354530916547,0.00127478110231953,0.00528354307201964
"Q92734",8,6,7,7,6,8,21.1832979186513,21.0760698053067,2.08498820011055e-20,0.999999999835882,1
"Q8NCW5",6,4,6,6,7,7,21.2581979523811,21.278813930448,2.07708985940601e-10,0.999976544699694,1
NA,NA,NA,NA,NA,NA,NA,18.6763750386068,18.3023076813398,1.17508382247683e-19,0.999999999698675,1
"Q9H4L4",NA,5,6,3,4,4,19.7421207337822,19.9893786270392,2.30277756950449e-10,0.999974462854982,1
"Q9Y4W6",9,8,11,14,14,15,19.901060780696,20.019535115757,0.254113447439717,0.00493418985428299,0.0171065752820664
"O14618",NA,4,1,NA,NA,1,19.9216936117141,19.773326833934,1.07031414526476e-20,0.999999999922203,1
NA,NA,NA,NA,NA,NA,NA,20.3108985837337,19.8008137175128,-2.2749159484197e-19,0.99999999921088,1
"O60870",NA,2,1,NA,NA,NA,19.7632402884804,19.4926391669912,-6.07368416846406e-20,0.999999999785429,1
"P23644",3,2,3,3,3,3,22.17259393093,21.2729767289194,-0.708736979244947,1.83041272517126e-05,0.000117721861889777
"P55212",3,NA,3,5,4,5,21.3324087985424,21.297432248173,8.5503195147738e-20,0.999999999654431,1
"A8MWD9,P62308",NA,3,3,2,NA,4,22.9593479079553,23.2683501437296,0.312289257875983,0.0256951707142609,0.0704876081077372
"Q9Y5M8",2,5,NA,4,NA,NA,20.1767615978979,20.1625722486663,4.81666304033709e-20,0.999999999802173,1
"P16965",2,3,2,NA,2,2,21.5776238952254,20.4828902899184,-0.952968036309364,0.000255924168295333,0.00129967123846459
"Q06177",4,5,5,4,3,NA,21.3808510109783,20.408849948714,-0.821437151819739,4.75818087461642e-05,0.000285342468458026
NA,NA,NA,NA,NA,NA,NA,19.6447983373929,19.8598599995449,0.371373170917613,0.0262469136038986,0.071728301554188
"Q9Y305",NA,NA,5,NA,6,NA,20.2110848507281,20.2613674092528,5.02980209055231e-20,0.999999999666679,1
"Q96JB3",7,7,5,9,5,8,20.6721599601888,20.6018421285993,1.11620800085053e-19,0.999999999388998,1
"P58546",3,3,4,3,4,3,22.5048068921661,22.0412688220988,1.06652138821749e-20,0.999999999949328,1
"P78337",NA,NA,NA,NA,NA,1,18.5737659790738,18.6598179719318,9.73915212890511e-20,0.999999999526033,1
NA,NA,NA,NA,NA,NA,NA,18.5326641191374,18.062795492748,-0.0186774085772968,0.766143507004404,1
"Q8N122",NA,NA,NA,5,NA,NA,19.1161299540918,19.1491651645734,0.0844157152385398,0.382187951929849,0.661518840289018
"P0A7U3",NA,NA,NA,3,4,2,18.5740696181519,20.7596524737538,2.16225286649567,8.2273501072337e-11,1.25565033779448e-09
NA,NA,NA,NA,NA,NA,NA,18.9753399699543,18.714740416714,-0.00558406338341183,0.951733815422087,1
"P25371",NA,2,3,NA,NA,NA,19.6018608686786,18.4230715771073,-1.08707083803822,0.0256795181986366,0.0704781829152875
"Q6WKZ4",5,7,5,4,6,7,20.1807540070535,19.9993097754495,9.26094708551312e-20,0.999999999489931,1
"Q00577",4,3,3,3,3,3,20.6335432509569,20.5851240423126,-5.64191885402184e-18,0.999999997295979,1
"Q92733",4,3,6,4,3,4,19.8705712919696,19.917593157124,1.59379763794015e-08,0.99976609377129,1
"Q9NPF4",4,1,3,6,5,5,21.1393065510238,21.1096535128543,0.033345451172602,0.548300272661714,0.901180704554252
"Q12746",5,7,7,6,4,5,21.5489341110669,20.6131178461322,-0.773040806382981,2.1026025856429e-06,1.65483142108784e-05
"Q9H2P0",13,10,11,14,16,15,19.9720931752496,19.9316183764514,0.161574810598991,0.0559277689663015,0.137005222576048
"P29372",NA,1,3,4,NA,NA,20.0777741814,20.3280880576869,0.475212426263318,0.00188342793037981,0.00745744387807902
"Q9Y3A4",NA,3,3,3,6,5,20.4202794359382,20.3758350083595,7.3197288272097e-20,0.999999999399995,1
"P16387",16,20,20,12,11,13,21.5515756856463,20.4511032038029,-0.954872230099443,1.52971755216509e-14,3.4338290110663e-13
"Q99447",5,6,8,6,5,7,21.1016578449146,21.1452899294478,0.300528530741535,0.00207922397397219,0.0081267229714401
"P35813",NA,NA,1,NA,NA,2,19.8936778931493,20.0639697687712,0.262460081408038,0.126816258558939,0.271668397930381
"O75688",3,4,2,3,NA,3,19.8669432411835,20.0588876617982,0.179871032343436,0.282973532805419,0.518739850891154
"Q9UI30",2,3,3,2,3,3,22.6080627148586,22.4524238193402,9.32497121230549e-20,0.999999999383977,1
"Q8IXQ4",NA,2,3,NA,NA,NA,19.9150096630334,19.663895448519,-3.0559220830247e-20,0.999999999815346,1
"O94966",NA,6,NA,NA,NA,NA,19.334477785653,19.5750484541787,0.282686871591788,0.0135328997060565,0.0408536360043119
"P37666",NA,NA,NA,NA,1,2,NA,NA,NA,NA,NA
"Q9H0E2",NA,2,3,NA,NA,NA,19.6443625932999,19.6412625325284,0.0399159524347468,0.621717944775094,1
"O94889",NA,1,1,1,NA,NA,19.719302994762,19.5741917764702,3.67563605621513e-20,0.999999999817237,1
"Q9BRX5",NA,NA,4,5,NA,7,19.901343114123,19.7299642751344,2.92608396308501e-20,0.999999999818132,1
"Q16740",NA,2,4,4,5,5,21.1347611547361,21.0104453440917,6.37948353873929e-20,0.999999999481645,1
"P46971",NA,4,5,NA,NA,NA,19.9301172161532,18.6238716292879,-1.10560138721359,0.000246808884084282,0.00125881114674103
"P40970",4,4,4,4,NA,NA,21.0161581864035,19.5706753557881,-1.11757901594392,9.63587424968504e-05,0.000543927187342789
"Q96M27",2,NA,NA,2,2,2,20.7775492426958,20.5173503162017,6.30293300316323e-20,0.999999999692314,1
"Q86WJ1",NA,NA,6,NA,NA,5,19.2430480948998,19.2461011486256,2.1066445285144e-20,0.999999999892955,1
"O43169",NA,2,1,1,NA,3,20.8299468189268,20.7868670707176,4.73493260529774e-20,0.99999999978915,1
"Q9BZX2",3,3,4,5,5,5,21.5040340339433,21.6065040007557,0.23287889700771,0.18055237301035,0.36041752245561
"P43555",4,5,6,NA,NA,4,20.8408922395442,19.7981655447026,-0.798646155197341,3.1628727188594e-09,3.84139215054734e-08
"P40581",3,3,4,3,3,4,22.6745682048113,21.6854250694526,-1.88980199854048e-07,0.999431169900623,1
"P25340",2,NA,NA,NA,NA,NA,21.1087132305811,19.9271380246711,-0.962842585636221,0.000742756675604476,0.00329106241287421
"P05453",11,12,11,7,9,6,21.0599082148184,20.1299548237134,-0.782267515898961,1.19612649110445e-08,1.33213392416632e-07
"P62942",4,2,6,4,4,7,21.5712222611304,21.2394677589677,-9.13953607167283e-21,0.999999999870328,1
"O00764",10,8,9,10,8,8,21.4974766671841,21.63331352707,0.174815773607902,0.102213029002695,0.227468281498696
"Q03629",NA,NA,2,NA,NA,NA,20.1817835744588,19.7254826413979,-0.0998560855326497,0.496734401226909,0.825838835930271
"O14818",10,11,11,10,11,9,21.0804421725508,20.9736493543388,2.83347821946431e-08,0.999598529162067,1
"P0AES4",NA,NA,NA,8,4,7,18.4081203624393,20.3679354452092,1.59336303605984,1.18087956516063e-06,9.56810984748828e-06
"Q8N357",NA,1,1,1,NA,1,19.1409642015999,19.0522933660236,7.32548871252776e-20,0.99999999961311,1
"Q9NWU1",NA,1,6,3,3,7,20.4032222375724,20.4123482303688,6.81504762421861e-06,0.995149900874654,1
"P35613",6,6,7,5,6,6,22.4740869521481,22.2940507069695,3.00715790365952e-20,0.999999999682625,1
NA,NA,NA,NA,NA,NA,NA,19.8481243010598,18.7336718007065,-0.903049333366181,0.000476047300940575,0.00223277795050909
"Q5J8M3",NA,NA,NA,NA,NA,2,20.2800487846287,20.3510358992967,0.215608961394608,0.163857456421929,0.332967124374114
"Q9P2R3",NA,3,8,4,3,5,19.5592296703434,19.2899190411123,-1.24443542294737e-19,0.99999999981399,1
NA,NA,NA,NA,NA,NA,NA,21.1030029195829,20.955486434211,7.92814379737715e-19,0.999999999356873,1
"Q9NV31",NA,5,4,6,6,4,20.4384371275932,20.240766362409,5.06359914834604e-21,0.99999999995797,1
"Q06449",2,2,3,2,NA,NA,21.3365884228262,20.3118280310929,-0.738391389622513,4.47683226704155e-05,0.000269591287563285
"P02766",NA,2,2,1,1,1,21.4905350274693,20.6109540249306,-0.415492133786534,0.198220979517525,0.388561614283589
"P21964",11,9,11,11,9,10,21.8533495222303,21.9661116556359,0.189906400582691,0.0658948953034966,0.157280782377274
"P49167",4,5,5,2,2,4,21.3526907133275,20.5409024840853,-0.661638573634046,6.13354527478736e-09,7.17736768564874e-08
"Q86U38",NA,NA,3,NA,NA,NA,18.8343097326029,18.4142636682629,-1.15917290489825e-19,0.999999999745985,1
"Q5XKP0",1,1,2,1,1,2,20.5065728562748,20.4890367660212,1.3670579944742e-19,0.999999999471243,1
"Q8N3C0",NA,6,NA,NA,NA,NA,19.1971019283633,19.1071909095275,2.52964775882894e-20,0.999999999829233,1
"P06865",NA,NA,2,4,3,2,20.5942772934708,20.30386875707,-6.90915213716054e-18,0.999999997087835,1
"Cont_Q1RMN8",5,7,7,6,5,8,23.0607078167673,22.9343470418337,2.59413490835564e-18,0.999999997599221,1
"Q86V81",11,14,14,12,12,12,22.5693191572108,22.4750882411451,0.135448786890868,0.030466032634458,0.0817481591945061
"P11166",NA,3,3,4,3,5,20.8316201543661,20.8179403623476,1.55218336058573e-10,0.999970579548177,1
"O75376",NA,NA,3,NA,NA,6,19.1920483072035,19.0522903094911,3.71462733458795e-10,0.999969543818785,1
"Q96FZ2",NA,2,4,3,NA,NA,19.6587210696561,19.4822590671366,-1.83172169307155e-21,0.999999999988843,1
"Q9Y3B4",4,5,5,5,4,4,22.2884590870045,22.4185781370481,0.213575353932125,0.0217902504463109,0.0614108230702333
"P43307",NA,NA,NA,2,1,NA,20.2963523578086,20.2198382763728,7.16070517067334e-20,0.999999999792371,1
"P04921",1,1,1,1,1,1,20.2905689382487,20.7408202400674,0.466837632928391,0.0516248629478899,0.128317033324591
"P42574",4,2,3,4,4,4,21.2019254515888,21.0339184143093,4.20452292583408e-20,0.999999999749108,1
"P12532",NA,3,NA,2,2,NA,20.6142107643165,20.1722962901445,-0.0787715778813605,0.482413663017161,0.805745345091489
"Q16637",4,5,2,4,2,4,20.4433037690073,20.4671789362362,0.15644415116987,0.172074568758717,0.345647001103426
NA,NA,NA,NA,NA,NA,NA,20.4192168619216,20.5074756587539,1.60279718588884e-19,0.999999999705484,1
"P25618",NA,2,2,NA,NA,NA,21.7437698592386,20.6936083171619,-0.774786590391363,0.00733584911257903,0.0242853404723767
"P0AEM9",NA,NA,3,9,7,11,19.8253998695001,20.9273651908087,1.30856524031505,3.12872960383868e-08,3.24051006903866e-07
"Q04410",NA,NA,2,NA,NA,NA,20.3931554126922,19.6752090712217,-0.658855634037502,0.00304022568002738,0.0113009419768543
"P17106",4,3,6,4,2,4,20.8642971530121,19.8215473683791,-0.838945462726453,0.0045789924912598,0.0159807668978087
"P14678",NA,2,1,1,NA,NA,21.533143699421,21.3900686981284,1.78517902706537e-19,0.999999999495151,1
"P37108",4,5,5,4,6,4,23.822962661905,23.6676800742079,0.123625669025424,0.118927476460348,0.257542271659065
"P0A7F3",NA,NA,NA,5,5,5,19.0968784429628,20.5971456756813,1.57833261698171,4.83365856039569e-08,4.84121115189631e-07
"P07311",NA,NA,3,4,NA,NA,21.3562284141884,21.3538392182042,7.19506626133569e-20,0.999999999344314,1
"P0C0L2",NA,3,3,6,7,5,20.7369848479107,22.6535680999368,2.16372141199101,0.000288373026921633,0.00144161524463683
"P05744",2,2,2,1,1,1,23.5599383617871,22.7463239147853,-0.571920589685655,0.0339250678031654,0.0897357708191018
"Q13442",NA,3,4,5,4,4,23.5419019514623,23.5764774773212,9.37400946902959e-08,0.999544217892499,1
"P10515",13,10,11,10,14,12,21.8903733335886,21.8730354710275,0.0339625701064668,0.660609363048132,1
"P53141",NA,4,3,4,3,NA,21.6208368264953,20.653504195175,-0.42006248213962,0.121705220829941,0.262277706002214
"P32897",4,4,4,3,4,NA,20.1721129994174,19.2168729631914,-0.745166816463992,3.97969752596027e-05,0.000242182226026
"P0ABH7",3,3,4,9,4,9,19.662429760611,21.5725465421101,2.00393844950172,1.21379351906092e-21,5.93421594191734e-20
"Q8IWX8",10,11,9,13,12,10,21.4731860089424,21.3490200696196,0.0445772939028184,0.387334805744713,0.668822057569964
"P14904",5,4,1,NA,NA,NA,19.8193149750827,18.3149901274453,-1.14565313510178,5.51686220025587e-05,0.000325760266461373
NA,NA,NA,NA,NA,NA,NA,20.4227593938893,20.5096347040746,0.0383638402086931,0.658409365784831,1
"Q86XI2",NA,NA,5,5,NA,9,18.7168725982318,19.4895318966809,0.312360215494628,0.13749214288456,0.289687112667366
"Q9NVJ2",NA,NA,NA,2,NA,NA,19.1327461423933,18.8108734136768,-2.3624097508377e-20,0.999999999944644,1
"Q9H936",1,1,1,2,1,1,20.8860822841228,21.19576588414,0.438010818093582,0.0225527764842448,0.0631280774078643
"P52489",NA,NA,5,NA,NA,NA,19.8786123367797,19.4342891612439,-7.01697407249942e-20,0.999999999673897,1
"O95865",NA,3,5,3,4,4,19.6880509218379,19.8891535294656,0.290636649766834,0.00394680693338737,0.0140723913465462
"Q9NXA8",1,NA,NA,NA,NA,NA,19.0194521901459,20.1066915597761,0.505740271518118,0.0408189007480137,0.104799394043298
"Q9NP97",2,NA,NA,1,2,2,21.1279878643099,21.3271764870905,0.085754172856923,0.447879526325505,0.757273442957748
"P53295",NA,2,3,NA,NA,NA,19.5621420039717,18.9594580884258,-0.82352179766436,0.00119354649532521,0.00501498159616252
"P32337",NA,5,6,NA,NA,1,19.9974892746548,18.9250857187584,-0.811371537757082,1.9053445209909e-07,1.77289234541879e-06
"Q8WV22",NA,NA,NA,2,NA,1,18.4868368117233,19.2194762385389,0.662432000730368,0.0895464624816351,0.203718916885989
"Q9Y5P4",5,6,4,NA,7,5,19.890938040228,19.7032746285326,1.06132952114255e-20,0.999999999903924,1
"P16104,Q8IUE6,Q96QV6",1,2,2,1,1,NA,21.4497449641338,21.4656472272201,4.26459017570738e-17,0.999999996778989,1
"P33309",NA,2,NA,NA,NA,NA,20.6103634991041,19.1994837019313,-0.94876784845339,0.0512441177961151,0.127620671131443
NA,NA,NA,NA,NA,NA,NA,18.8905279195173,19.4043771560071,0.574800786022279,0.0526509767718924,0.130362010728346
"P32898",NA,4,7,NA,NA,NA,19.6885851689952,18.9824862651688,-0.0193508170111594,0.792355800582419,1
"P61962",4,4,4,9,7,5,21.413797208696,21.5703003118218,0.256765428632425,0.00330594839658552,0.0120785410385699
"Q9BPW8",NA,3,NA,NA,NA,NA,19.2704391320416,19.2841371332461,2.69339017521546e-20,0.999999999891142,1
"P26885",NA,2,4,NA,NA,4,22.1749058891896,22.1246110065741,2.66660054113076e-20,0.999999999869511,1
"P32472",NA,5,2,NA,NA,NA,20.4102430088933,19.3773491543905,-1.11190077907665,0.00339978568160152,0.0123978278110993
"Q9Y4E5",4,NA,NA,2,5,NA,19.8506030386563,19.6038599097125,-1.78490862757172e-20,0.999999999860871,1
"P20434",NA,3,NA,NA,1,NA,19.8346095970289,19.0242923406179,-0.431799679368499,0.0813230237463756,0.188263452645602
"P00352",NA,NA,2,NA,2,5,19.0658287349836,19.2866917666848,0.400166450729723,0.00135568646189864,0.00557048091075018
"Q9NX46",NA,NA,4,5,NA,4,19.8622476004295,19.7074455006677,3.0459817347132e-18,0.99999999739248,1
"P62244",7,9,8,7,8,8,21.8048432443082,21.7209667009348,0.160465732990094,0.0145475407694525,0.0433943964317329
"P77318",NA,NA,NA,2,1,NA,20.5583086390443,21.1508166081529,0.726884836186519,0.00975394335860999,0.031003029881995
"P50402",4,5,4,5,4,8,20.4644811103161,20.6760422434069,0.275260612608534,0.0173003110723536,0.0502292373308544
"P19838",NA,NA,3,NA,NA,NA,19.6060251611976,19.4536156869521,7.10441483930565e-20,0.999999999748317,1
"P77348",NA,NA,NA,4,NA,4,NA,NA,NA,NA,NA
"Q9Y5T5",NA,4,3,5,NA,NA,20.2206822060588,20.2867046616507,7.15872196980783e-20,0.999999999723876,1
"P24031",NA,NA,1,NA,NA,2,19.5769126489769,18.8228410751712,-0.482372622621415,0.0501232606796565,0.125503945686171
"P00635",NA,1,1,NA,NA,NA,20.4629426318569,19.5868428474583,-0.659189252162092,0.00318048487405589,0.0117137731031406
NA,NA,NA,NA,NA,NA,NA,19.91598221552,19.8798284505872,-5.17263587883155e-20,0.999999999764595,1
"P49711",NA,1,2,2,NA,1,18.7074219194489,18.4410987000871,-7.04546370479832e-20,0.999999999636918,1
"Q04438",5,6,4,2,NA,4,21.4814858119443,20.3011955387969,-0.893167845092858,8.21349121209046e-10,1.08181805485274e-08
NA,NA,NA,NA,NA,NA,NA,18.8083464188718,17.8273606449723,-0.71000044620289,0.0110106481595841,0.0343353671527786
"P40008",4,4,4,NA,NA,NA,21.5431596239291,20.3989481715209,-1.01341837026367,1.71012409320843e-09,2.1468067901111e-08
NA,NA,NA,NA,NA,NA,NA,19.3929599048163,19.6733863234541,0.354875571017506,0.172546794801292,0.34635436994038
"P32913",2,1,NA,NA,NA,NA,17.9990923336167,17.250829573645,-0.46213699834723,0.0458512279482352,0.11627065232236
"P02358",2,2,3,6,7,7,19.5511165078808,21.0706136100123,1.57042544273892,1.74921992587129e-08,1.88621490698159e-07
"P05042",NA,NA,1,NA,5,5,19.3486949620192,20.8774898723471,1.62119672874003,2.18553361908569e-06,1.71542087734767e-05
"P11274",NA,6,9,8,8,9,20.046707106861,19.7860331307374,-2.60646469236081e-20,0.999999999765455,1
"Q46845",NA,NA,NA,4,4,4,19.234881052095,20.0731230032358,1.32810325783997,3.84242722289144e-07,3.38426910669629e-06
"Q9H944",4,2,2,NA,NA,NA,19.3403769013874,19.1633676129383,7.94786540696345e-20,0.9999999996798,1
NA,NA,NA,NA,NA,NA,NA,19.2178884241733,18.8826404750513,-7.79114650367574e-18,0.999999998302804,1
"Q9H7L9",NA,NA,NA,1,NA,3,18.887921765198,19.0375236920752,0.273252869875106,0.140519398376712,0.29414238361221
NA,NA,NA,NA,NA,NA,NA,19.0535913939402,19.3387090293366,0.251820413789115,0.101943609663632,0.226982896236778
"Q96EL3",NA,NA,2,NA,NA,NA,20.1364639551092,20.1647647269284,3.12633533774303e-20,0.999999999869486,1
"O00244",4,3,3,4,NA,2,20.7965873859153,20.7978704602712,0.0650551990271682,0.468549883445321,0.787376719369665
"Q9H9A5",NA,NA,NA,NA,5,3,18.8303359848086,18.8695671349848,0.177186717839405,0.126290996420177,0.27075222526159
"Q9P0J7",NA,2,1,3,3,1,19.6823675081148,19.8395130795682,3.97220102889019e-10,0.999967312160331,1
"P27431",NA,NA,NA,2,NA,NA,17.4890795396471,19.4163364210984,2.08710024389105,7.28213782669018e-05,0.0004217389377587
"Q15363",NA,1,NA,NA,NA,NA,19.9056148078711,19.6343123624699,-7.39927491953638e-20,0.999999999687691,1
"Q02455",NA,6,9,NA,NA,NA,18.9925192740492,18.1168132276372,-0.712629325916593,0.00991863927080942,0.0313709594042212
"Q14181",NA,2,6,NA,NA,NA,21.1525793185795,22.0064786527033,-3.78980308733696e-20,0.999999999911118,1
NA,NA,NA,NA,NA,NA,NA,18.1758433149284,18.1586281285067,1.49193990538994e-19,0.999999999371622,1
"O00459",NA,NA,2,NA,NA,NA,18.5310948191258,18.722936325654,2.08013209984326e-20,0.999999999924691,1
"Q96A26",2,NA,NA,NA,NA,NA,21.8294247885406,21.7127559098405,7.68330704816059e-20,0.999999999702013,1
"P62256",NA,NA,2,2,NA,2,18.8330229225042,19.0294561160724,0.0915962353892632,0.484624200949743,0.808856036357083
"P0A9Q1",NA,NA,NA,NA,4,NA,20.2547927406663,21.2030046503988,1.26157303741327,6.87297253082519e-06,4.84129163984499e-05
"Q12117",4,3,4,2,2,2,21.4074627723886,20.433990832183,-0.746585030700939,1.48981241655859e-05,9.74458937769443e-05
NA,NA,NA,NA,NA,NA,NA,19.9074387772356,19.184798368276,-0.322154025953906,0.225176126806257,0.431145395136176
"P40692",NA,5,5,7,12,9,19.5545200276134,19.5808828041762,1.31848664192961e-19,0.999999999244474,1
"Q96GD4",4,NA,5,4,NA,5,19.6421930441381,20.0970086598761,0.523428092826346,0.0425399987052763,0.108686117152674
"Q02753",NA,1,NA,NA,NA,NA,22.9811613743293,19.9898881246491,-2.6727212939673,0.000728144592916248,0.00324375764983308
"P31658",NA,NA,NA,2,NA,NA,21.5947770681387,22.5081832113698,0.450025855137853,0.0558322488068911,0.136829330232351
"P24666",7,6,7,6,7,6,22.5842251797758,22.5162662327246,7.57825003295451e-20,0.999999999239985,1
"P46778",5,4,5,5,5,5,23.4435680913369,23.4418068500368,0.123333316089497,0.253918605556782,0.474217039642951
"P63000",2,NA,2,NA,NA,NA,21.5863652754792,21.4274373029155,6.95435933337832e-20,0.999999999582839,1
NA,NA,NA,NA,NA,NA,NA,20.8522112681883,20.8561615824405,8.98922823055262e-20,0.999999999612429,1
"Q99417",3,3,6,5,4,2,21.6674394150012,21.8983355635285,0.23886712218053,0.164339274762914,0.333593693211558
"P38310",NA,3,3,NA,NA,NA,18.2377066103094,17.3049193401105,-0.731185344034358,0.00197198072805569,0.00776013425658478
"Q13277",NA,2,4,3,4,4,19.9835935334166,20.0573980154344,0.210605168192761,0.135106709709303,0.28571503237279
"P0AED0",NA,NA,NA,NA,NA,1,19.0552009717004,20.7003146183526,1.81466471552012,0.000291381924086132,0.00145539594809774
"O14757",NA,NA,NA,5,NA,2,19.8078740323679,19.8480034737326,0.000136883289572577,0.982146311412119,1
NA,NA,NA,NA,NA,NA,NA,20.2140984394035,20.0674687555509,4.47765305829752e-20,0.999999999766712,1
"P0C018",NA,NA,NA,2,5,3,19.4416253536722,20.7681581904814,1.5026462790172,1.16598504466282e-05,7.82159037518583e-05
"O60783",2,3,3,2,2,NA,20.0740976082409,20.1610106105426,0.356604792609725,0.0114039249200735,0.0354658991180076
"P41895",NA,3,4,NA,NA,6,19.8092431467415,18.7579736550171,-0.834770368582325,2.85098066558211e-05,0.00017666280837533
"P38077",7,6,7,5,4,3,21.1168137281818,20.0677158606342,-0.902731928311067,8.39838639902444e-08,8.198018804733e-07
"Q8NF50",7,10,12,12,13,15,19.4666078017722,19.5609771825046,0.157990120599987,0.0570595474035306,0.139363475432247
"Q04869",7,8,7,4,5,6,21.9006146250473,20.8484468986528,-0.905657576228924,1.83841944581334e-09,2.28082618987036e-08
"P40553",NA,5,4,NA,2,4,21.1515707961917,19.9910161015596,-0.898015052967849,0.0582340149292061,0.141393952915231
"P09950",NA,1,NA,NA,NA,NA,19.7451679950419,19.5103760903786,-2.51774508116694e-20,0.99999999988517,1
"Q9NZ45",4,4,1,5,5,3,22.0354140554568,21.942619619819,6.39755945254315e-20,0.999999999598082,1
"Q8N5K1",NA,NA,NA,1,4,NA,20.1491980966825,19.8307254431973,-0.0334734735819672,0.59846955475576,0.973103399488721
"Q96AB3",NA,2,4,3,4,3,20.9316680712935,20.7114873685753,8.47212423828442e-20,0.999999999592624,1
"Q9HAN9",NA,NA,NA,2,NA,NA,19.0446860479259,18.9279592431509,4.15335107183426e-20,0.999999999714467,1
"P47116",6,6,6,NA,NA,NA,19.9454754477971,18.841971635418,-0.856092746597314,2.51425484411316e-05,0.000156977664455506
"P29295",NA,2,NA,NA,NA,NA,21.0024160943293,20.0036178041691,-0.937444155486288,0.000505696032765894,0.00236414944329533
"Q9URQ5",NA,NA,1,NA,NA,NA,19.3129916455408,18.1925532515346,-0.532362462556906,0.0746543541598889,0.174860320401299
"P32803",3,2,3,2,3,NA,21.3561737476679,21.0582831338803,-4.0474528514541e-19,0.99999999919685,1
"P09429",5,5,5,5,5,5,22.3064119794408,22.3367099306594,0.173240304596885,0.0993281758749644,0.222102421171577
"P17169",NA,NA,NA,3,3,3,18.8304930609876,20.5687470475343,1.91239197496998,1.65014083640596e-06,1.31487050900911e-05
"Q9BZL6",NA,NA,NA,3,NA,NA,19.2241839002561,19.7841313639421,0.672063978053975,0.204976452459151,0.398957204533347
"P33602",NA,NA,NA,2,NA,4,NA,NA,NA,NA,NA
"P53365",NA,5,2,2,NA,4,19.5272677777931,19.6564314243314,0.220514469962584,0.110048555397317,0.242039693513962
"Q04767",2,2,2,1,1,NA,21.0648433214386,19.8395913973238,-1.03103527187557,0.00089930580841312,0.00389496637292439
"Q07960",6,7,8,8,7,9,20.6596990522597,20.6583342936217,4.56387641416294e-20,0.999999999568554,1
"Q9C0E2",6,4,2,4,3,4,20.1388511788841,19.8296163528439,-0.0514955303181822,0.479020875655903,0.800860785157324
"Q9BYD3",NA,NA,3,4,NA,4,19.9848844501071,19.7731220753758,7.40056933347162e-21,0.999999999958794,1
NA,NA,NA,NA,NA,NA,NA,19.5973838083449,18.5665679517263,-0.87497608902211,0.191901971327481,0.37810193735937
"O00330",NA,3,7,6,2,7,20.0663526538175,19.8713607762893,-3.86679995171145e-11,0.999997117479056,1
"Q15645",13,12,11,13,11,13,20.9533411735932,21.0262528972365,0.130564561402851,0.0260244918390221,0.0712216761951227
"Q9Y2Q9",NA,3,2,4,NA,NA,19.5338741031058,19.6268666972721,0.125586003471573,0.32546462921687,0.580942279069345
"Q96HS1",9,10,8,10,11,11,21.1494187234936,21.1747027458258,0.13359750310016,0.0577296465753277,0.140524190334627
"Q9BTA9",NA,4,NA,7,5,7,19.8816911157766,19.9067373431945,0.177557215398393,0.0364994669856708,0.0955812188108648
"Q15435",NA,5,6,5,6,5,20.5131882391199,20.0539863462526,7.54865703354075e-20,0.999999999754291,1
"O75575",NA,NA,NA,NA,NA,1,19.2291075281137,19.1288369946092,-2.94381704624862e-20,0.999999999903933,1
"Q99258",NA,5,4,3,NA,2,21.1508517391426,20.5195825805552,-0.437088849475282,0.0434305634648317,0.110716270715252
"P28273",NA,5,8,NA,NA,NA,20.125335963191,19.9235344920219,-1.30157226791917e-17,0.999999996997388,1
NA,NA,NA,NA,NA,NA,NA,19.179397664569,19.2422900937831,0.0774231230027916,0.502972464914903,0.835247020752469
"Q04941",NA,1,1,1,1,1,23.2379989945633,23.0548026560334,1.41968906115827e-20,0.99999999995432,1
"Q8N3U4",6,6,8,7,6,9,19.5706802027629,19.5822083402275,4.66007620242972e-11,0.999988015766581,1
"Cont_A2I7N1",NA,NA,NA,2,NA,2,20.813389945159,20.6887125718697,4.65168315638363e-20,0.999999999756652,1
"P49757",NA,NA,NA,2,NA,NA,19.7176947377645,19.5825113076073,1.22094585140979e-20,0.999999999954166,1
"Q9UNP9",5,4,6,8,6,9,20.850199000484,20.6661372639486,-4.68065733013372e-20,0.999999999556711,1
"Q6UXN9",6,8,7,5,7,11,20.9022551796402,20.6383853288503,-1.98020554929755e-20,0.999999999851348,1
"P20645",5,3,4,5,4,4,21.0325690504672,21.0444177888674,0.108325995609319,0.257706067208072,0.480047239820266
"Q96SU4",5,NA,4,7,NA,7,19.704603520667,19.8998178909276,0.292212113316583,0.00193058523220975,0.00761385954017592
"P32832",3,3,4,NA,NA,NA,19.6666478922462,18.830019518742,-0.43247015686416,0.208195157528216,0.40453952973401
"P0A9M5",NA,NA,NA,1,2,2,18.318575581188,19.5544740492381,1.40892701244718,0.000199872909936578,0.00104824256129465
"P82650",7,9,5,7,7,8,21.0083025942101,21.0589574442694,0.171843910302724,0.189006115425259,0.373800575895894
"Q10471",NA,5,5,NA,NA,7,20.3079516545711,20.4032073864706,4.59896416545532e-08,0.999573436074894,1
"P13797",NA,NA,1,2,NA,NA,19.7850313778364,20.9949487418576,6.26251595153002e-19,0.99999999925242,1
"Q15291",4,5,6,7,7,8,20.8557710150266,20.8249502141116,5.83400526115103e-18,0.999999994308838,1
"P49573",6,7,4,5,5,4,20.7484992801715,19.6513244714334,-0.855497217617223,1.01369565043795e-08,1.14442469811674e-07
"P0A867",NA,NA,NA,5,4,3,19.0341796776066,19.8198859007339,0.692141093193777,0.0225642827369636,0.0631296542723293
"P09105",3,2,3,4,NA,3,20.1915932162817,20.0194803168684,2.27266362434164e-20,0.99999999985107,1
"Q6YP21",5,8,7,5,4,7,19.7688144480207,19.630562187191,2.68107708995314e-20,0.999999999827953,1
"P0A9J6",NA,NA,NA,5,4,4,19.8968033584628,20.5566679051338,0.806950222451152,0.0140693814281052,0.0421642916668773
"Q08816",NA,NA,1,NA,NA,NA,19.3415608651443,18.6449266577026,-0.231657105368699,0.242708941635256,0.457745363643257
"P21524",1,1,2,NA,NA,NA,20.5492530377101,19.5110401381727,-0.765377873016117,0.00822995551190746,0.026778687731638
"P53839",NA,8,7,NA,NA,NA,20.5301855516054,19.5236195036912,-0.829497432922344,2.39494154440263e-06,1.85704539914769e-05
"Q9BZE4",12,12,9,13,15,14,19.6834366419673,19.8126169371951,0.206050150628884,0.117190457453155,0.25454508623767
"P54000",NA,NA,5,NA,NA,NA,20.4391134644209,19.1812680922828,-1.00511790629607,0.0382993033266491,0.0993474284583808
"Q8WTS1",NA,2,2,NA,NA,2,19.3787244121075,19.4033217773073,1.85905429326058e-19,0.999999999251224,1
"P0A7T3",NA,NA,NA,4,NA,4,18.7732155001305,20.3674235068039,1.94832654706623,1.10431305424523e-05,7.45454334228853e-05
"P0AEU7",NA,NA,NA,2,2,3,19.9315057262445,20.6072424457644,0.424206645628007,0.188116226379634,0.372551496733302
"Q53R41",NA,NA,2,2,NA,NA,19.1193890720119,19.2739764073952,0.158491302984084,0.163664469189385,0.332692150371234
"Q9P0J0",NA,4,4,3,NA,4,20.570048303456,20.9167537095964,0.219535667896012,0.0852366413223383,0.195518959756886
"O00399",NA,NA,2,2,1,NA,20.8331255639072,21.306085253795,0.65111495668263,0.00279979081333554,0.0105568583020476
"P40580",4,5,4,NA,NA,NA,20.1225558378884,18.972018472786,-0.903736612076716,7.06041607095915e-05,0.000409774047418142
"O75746",NA,NA,5,6,NA,6,19.1589493117836,19.5112596950921,0.430499976524799,0.0626644580587972,0.150755320492578
"P35241",NA,6,6,4,5,6,21.1018557002116,21.0055115207127,0.0181961439460437,0.690084608187137,1
"P0ACJ8",NA,NA,NA,6,5,5,20.9146816114516,20.9059995188916,2.1436323756087e-19,0.999999999515971,1
"O14880",4,3,2,3,3,3,21.0594719026179,20.8776499087093,9.97147602823696e-12,0.999994438805952,1
NA,NA,NA,NA,NA,NA,NA,18.2435808475891,18.8976334637443,0.731795071395281,0.0351008233217998,0.0925910606965995
"P23857",NA,NA,NA,NA,NA,1,18.4204710267037,19.6318384543592,0.339920345885887,0.363768945221252,0.6351643598612
NA,NA,NA,NA,NA,NA,NA,19.6130349708151,19.2977673603981,-8.85218942254542e-20,0.9999999995534,1
"P39105",NA,3,NA,NA,NA,NA,20.459724652383,19.5192163029948,-0.69381321338089,0.0098984530580086,0.0313331900722409
"Q8WU76",NA,4,5,3,NA,NA,19.6645469830963,19.907066830575,0.300315059761147,0.0924037060716472,0.20921388552878
"Q7Z2Z2",NA,NA,7,6,NA,6,18.8664557091239,18.6719855343078,1.27441789463761e-20,0.999999999920042,1
"P31153",8,7,6,9,8,6,22.5541679336835,22.5681330950393,0.104846998880019,0.119649515469666,0.258717411823277
NA,NA,NA,NA,NA,NA,NA,18.9148694822108,18.7314205319573,-1.58222065046509e-20,0.999999999929075,1
"Q9NUD5",NA,3,4,5,NA,NA,20.3011416994318,20.1660870327195,6.64535747070884e-20,0.999999999712135,1
NA,NA,NA,NA,NA,NA,NA,20.5242923475518,19.471415976267,-0.914552551186903,0.00120460620198978,0.00504308648714011
"P78330",2,5,6,3,5,3,20.6678972700549,20.6063419855388,2.19569125037437e-11,0.99999136256044,1
"P40081",NA,NA,3,NA,NA,NA,19.9613126613671,18.8680909239423,-0.839510539153118,6.50526845685873e-06,4.59912913328652e-05
"Q9Y3C8",NA,4,NA,4,NA,6,21.1963016673375,20.8317539094183,-7.14625606104926e-20,0.999999999734934,1
"Q9P2R7",NA,7,6,6,6,7,20.0499905750423,19.9687993222637,5.46211802629484e-20,0.999999999611511,1
"O15213",5,NA,2,4,3,4,19.8293668795467,20.0841030808608,0.440508273560126,0.00107426554834733,0.00455359143895352
"O95985",5,7,8,4,6,NA,19.7781231051649,19.7187548843489,0.0769672869656737,0.377852878125312,0.654801217754559
"P37387",NA,NA,NA,NA,4,NA,18.0261111055957,19.7565689123832,0.798046804822181,0.15376083163935,0.31612481743671
"P21283",5,4,7,5,NA,5,20.1759399443807,20.2471421845572,0.171160548961978,0.0651088658057658,0.155726802169761
"P33416",8,16,16,10,7,8,21.163729103945,20.4672539345034,-0.438522513528891,6.3110981916115e-05,0.000370007372636247
"Q12496",NA,NA,4,NA,NA,NA,20.3827623413394,18.7452457731433,-1.29280234029033,0.0114952947605058,0.035727531688667
"Q9Y6Y8",3,NA,3,4,NA,4,19.7345500487766,19.8643850738957,2.04168049431793e-19,0.999999999218369,1
"P11491",NA,5,7,NA,NA,NA,19.7476991295481,18.5386334642013,-0.875452489988595,1.85024159997171e-05,0.000118732411459809
"P40518",5,8,4,4,5,4,21.0415911898179,20.1702186645149,-0.542113316617803,7.77335647489656e-07,6.47106688364766e-06
"P25516",NA,NA,NA,3,NA,NA,17.451219767103,18.9753015373107,1.63317647261865,0.000804226568090224,0.00353088513798516
"Q9BSJ2",NA,6,6,5,NA,8,19.7367578230708,19.7817415954908,1.73831486335432e-10,0.999974184155989,1
"P15640",NA,NA,NA,6,6,4,19.4678584238869,20.7802613532424,1.64656195381529,1.37601761376544e-08,1.51782898925675e-07
"P32857",3,1,2,NA,NA,NA,20.4940490002979,19.9685270892056,-0.263919981595645,0.12415096961446,0.266651877775808
"O75663",8,11,11,7,7,6,21.4055674419572,21.2275721712435,-5.13715134974696e-17,0.999999990292177,1
NA,NA,NA,NA,NA,NA,NA,19.2986101501781,19.0979728470245,6.19722404077577e-21,0.999999999983296,1
"P61201",8,11,12,12,11,12,21.3665400659453,21.5388721868436,0.144882721309165,0.0923839632761251,0.20921388552878
"Q9Y6B6",NA,2,1,2,NA,2,20.8123510454472,20.721060602006,6.90281340887397e-11,0.999991525872761,1
"P40347",NA,NA,3,NA,NA,NA,19.6622782214225,19.1994365636059,-0.23736017829658,0.350128934388147,0.617893491124265
"P22033",NA,3,2,5,NA,4,20.0365896302784,19.9541813238299,6.52994751430315e-20,0.999999999583866,1
"Q12250",4,4,6,4,4,3,21.1823514301546,20.2885674505862,-0.543133244010677,0.00107233092862109,0.00454873318177577
"P38071",8,7,5,5,6,4,21.0945483111347,20.2390402409929,-0.748699976448454,7.27827897925483e-09,8.43140390187171e-08
"P14859",NA,2,2,NA,NA,5,19.3494361950582,19.1266023311293,4.74408669241006e-20,0.999999999794355,1
"O95232",6,8,12,7,9,11,22.7449916370495,22.7872168461146,0.215460280814301,0.0421034171425179,0.107666052081199
"Q9UBV8",NA,NA,3,NA,2,3,20.8638265871951,20.5034001243898,-1.57922412503241e-20,0.99999999988484,1
"P49435",5,4,5,NA,3,NA,22.2130235355872,21.0931715271516,-0.361185334075403,0.12164785528249,0.262252046758104
"O43823",7,7,5,7,8,7,20.463674220812,20.5242066768199,0.0254875288973671,0.706355333626496,1
NA,NA,NA,NA,NA,NA,NA,19.3814931584402,19.1290882274074,-2.57383047144403e-20,0.999999999909296,1
"Q96P47",NA,NA,4,NA,NA,2,20.0044978259334,20.2052379620667,9.41606122412591e-18,0.999999995072643,1
"Q9H9H4",NA,2,2,NA,NA,NA,19.7352177224316,19.5613975815956,-4.18360758711661e-20,0.999999999763377,1
NA,NA,NA,NA,NA,NA,NA,18.9393942233116,18.8508962716437,2.40840843772866e-20,0.999999999891653,1
NA,NA,NA,NA,NA,NA,NA,19.6124089292235,18.9114621736085,-1.0833832997989e-20,0.999999999950883,1
NA,NA,NA,NA,NA,NA,NA,21.0782033703602,20.4019143674165,-0.494048026663078,0.0102268507174987,0.0321694120988277
"P53337",5,5,5,NA,3,4,21.8862819789811,20.8034153201141,-0.957608497006483,4.07843149025983e-10,5.60201696840689e-09
"O43676",NA,NA,3,NA,NA,NA,20.9170136802429,20.8686128606164,0.196355807233221,0.0683738938466005,0.162401981766839
"P41056",1,1,1,1,1,1,24.4605330961046,23.6084236032158,-0.634689452067834,0.00317820662342866,0.0117137731031406
"P46736",NA,2,1,2,NA,2,20.0023917710925,20.0706474627911,0.0630599533011396,0.472107777846795,0.792201794763862
"P35207",NA,7,6,NA,NA,NA,20.75283887031,20.336612936712,-3.3549357275168e-20,0.999999999829816,1
"Cont_Q28085",NA,NA,NA,7,6,7,19.6853586029021,19.7609606662745,0.140690945252941,0.119892979151004,0.259146720390462
"Cont_Q3ZBD7",NA,NA,NA,1,NA,NA,23.1096835717148,23.2002476915864,0.00453284412233851,0.887282370013472,1
"O00629",6,5,7,10,9,8,22.1013159811006,22.0846088418943,0.225566906314632,0.0300768710950231,0.0807790825638679
"Q12497",NA,NA,3,NA,NA,NA,19.919638930101,18.8202531755753,-0.815854511667461,6.06366684645353e-06,4.31335314885208e-05
"O60701",6,7,5,10,7,4,20.1594431468822,20.0924441753989,1.46348437074818e-11,0.99999272268848,1
"Q5MNZ6",NA,NA,NA,NA,NA,1,19.3309587909105,19.2198987730853,1.01741128561474e-19,0.999999999514687,1
"Q92688",4,6,5,4,6,5,23.9351184302858,23.9981437636111,0.281331470131036,0.00914072483921023,0.0293449313285497
"P39960",NA,NA,5,NA,NA,NA,19.7875943859531,18.8327391376945,-0.834977673274273,0.000169609712344511,0.000905160435259466
"Q9Y316",4,5,2,5,NA,2,19.658939203699,19.6610319856646,4.79708662250102e-20,0.999999999762298,1
"Q05881",NA,4,NA,NA,NA,NA,19.7468498700173,18.8269266202335,-0.650291696694962,0.00974904853149916,0.031003029881995
"Q9Y2S7",8,5,7,5,9,7,20.2722671752796,20.5050747957214,0.404857627656109,0.0134107796564068,0.0405911793482744
"Q9NVH2",NA,NA,5,NA,NA,NA,19.2480226252395,19.0555644138354,-5.89041666837687e-13,0.999999739422731,1
"Q9NRX1",7,7,9,7,10,8,21.2441382311926,21.2844863219601,0.106640621946131,0.0547832683334939,0.134601650347498
"P64503",NA,NA,NA,NA,NA,1,19.2824903018804,20.336841996383,1.093492375845,0.00120394111687357,0.00504308648714011
"P61586",NA,NA,2,NA,NA,1,22.3714486354953,21.9646497576617,-0.0845887608909667,0.606033925097125,0.984016243705407
"Q9NVN8",2,3,4,NA,NA,NA,19.5038080572671,19.5289390255811,1.37182467799524e-19,0.999999999413798,1
"P0C0W1,Q3E7Y3",8,4,8,5,4,3,19.858489483304,19.0643242701564,-0.760843207949433,1.52650009302924e-07,1.42960698647495e-06
"Q00535",NA,5,7,8,5,NA,20.4573888659621,20.4066801713786,0.172205748942372,0.150957742484522,0.311360463494174
"Q9UHR4",NA,4,3,3,2,5,19.5726409876128,19.8201599274622,0.213130990137352,0.230662440750801,0.439607406901675
"P15703",6,4,6,4,4,3,22.5440102619008,21.6491099366933,-0.689495745475133,5.63000424717626e-08,5.58066915841234e-07
"O94832",NA,2,NA,1,NA,7,19.2224094096022,18.968096238232,9.22026108800344e-20,0.99999999968931,1
"P14635",NA,NA,3,2,NA,4,21.2649862320449,21.3087531274705,0.0448339788473485,0.518168498775641,0.856782479058949
"P09831",NA,NA,NA,NA,NA,3,16.7822907929038,19.2948463096354,1.92551206039085,0.999883420558833,1
"P17442",6,6,7,NA,NA,3,19.4175236162793,18.7411177945548,-0.574910032866843,0.000239220522255772,0.0012234602773879
"P34248",NA,1,NA,NA,NA,NA,20.8767671793792,19.729497450404,-0.674350368867617,0.0280358222625605,0.0758624102404838
"Q13131",3,3,3,5,5,4,20.2336519813432,20.1266784504982,5.99506259254136e-20,0.999999999555642,1
"P32608",4,3,4,NA,NA,NA,20.5444601914284,20.2264545417062,-1.28641172740055e-19,0.999999999462499,1
"P63241",2,3,3,3,3,3,22.2377724694334,22.3707479876595,1.44143110168845e-19,0.999999999531121,1
"P29012",NA,NA,NA,NA,NA,4,18.6994364446229,19.9739961848309,1.37483140193739,5.65947010739842e-05,0.000333498294684183
"Q96AT9",2,NA,NA,2,2,NA,21.2879018037823,20.9349144943947,-2.17491921924487e-20,0.999999999870272,1
"Q96HR3",NA,NA,NA,NA,NA,1,19.8287088197508,19.6891939269369,-3.91033025690206e-20,0.999999999913766,1
"P00568",4,3,5,4,5,4,21.4373625033006,21.4040948351728,1.84217984971638e-11,0.999993496842065,1
"P32445",4,4,2,2,NA,NA,21.8336577481334,20.5964773840391,-1.08702024222232,1.83816380770605e-08,1.97474245934007e-07
"P19174",NA,5,NA,NA,10,12,19.8386972740695,20.0694605415408,0.439990441367668,0.140032879438024,0.293603851325604
"P12758",NA,2,NA,5,5,5,19.5333485593162,21.0402703242065,1.80376818175581,1.45104609862356e-11,2.37141216514429e-10
"P49902",NA,NA,2,NA,NA,3,20.0255693824186,20.0675598060279,1.51723312334433e-19,0.999999999422133,1
"P45880",17,15,14,15,14,15,23.2891408350357,23.242253653932,0.0733823623721767,0.164947083611395,0.334356895767441
"P0A796",NA,NA,NA,NA,NA,2,19.4520893567648,21.0666885333164,2.27193634463918,2.59089449485564e-06,1.995576814529e-05
NA,NA,NA,NA,NA,NA,NA,19.7762779169001,19.8110721134264,0.0361372494684134,0.589816571895717,0.961201074369037
"Q8IUH3",2,NA,NA,NA,1,NA,19.4571942878013,19.8718053925369,0.606314668279251,0.00394505355235216,0.0140723913465462
"Q6DD87",NA,NA,NA,1,NA,3,19.5418710921,19.4342567721482,6.30963161018039e-19,0.999999999737557,1
"P0ACD4",NA,NA,NA,NA,NA,3,19.4363641299807,20.9064248090743,1.73741669350937,2.51935902884671e-07,2.28166126176086e-06
NA,NA,NA,NA,NA,NA,NA,20.0028743646812,18.8407945726031,-0.927188838400564,0.000176904782819666,0.00093590606134239
"Q9UGP4",NA,4,NA,NA,NA,NA,20.5842542681641,19.3365578768726,-2.50796984900421e-19,0.999999999337281,1
"Q49AR2",NA,3,6,4,5,7,19.3999579909996,19.5311683915975,0.242456097584985,0.0246121252801558,0.0680994487967476
"P10176",NA,2,2,2,NA,2,19.5827250435978,19.5901173357246,1.94660571527741e-19,0.999999999294667,1
"Q8TAC1",2,3,2,1,4,2,19.471057255783,19.6641466537612,0.367796512903029,0.123842843978211,0.266188288714716
"P38825",NA,4,NA,NA,NA,NA,19.0258842559048,17.2750847504677,-1.26160339675036,0.00168002988783263,0.00673998082260532
"Q99426",5,5,4,6,NA,6,21.1628192912694,21.2764673996308,0.156714682369586,0.203976481903671,0.39768175873683
"P39102",NA,1,NA,NA,NA,NA,18.5596286174163,17.3269186417716,-1.01330644764906,0.00111137840870774,0.00469022826615579
"Q12447",7,8,5,5,5,5,22.435749232082,21.4051425312531,-0.861320591966799,2.17499575902814e-07,2.00120423187135e-06
"P55036",8,9,5,7,6,9,21.6861309429291,21.6134092099004,8.85324192683366e-20,0.999999999282778,1
"Q07897",NA,NA,2,NA,NA,NA,NA,NA,NA,NA,NA
"P12611",NA,2,2,NA,NA,2,19.5887368177341,18.8510803483644,-0.488094922183437,0.000605512982508692,0.00276077729708128
NA,NA,NA,NA,NA,NA,NA,NA,NA,NA,NA,NA
"Q08647",2,3,3,NA,NA,NA,19.7173058583722,19.0266769495902,-0.460702926321609,0.00835033741227085,0.0271092270857572
"Q05543",NA,NA,3,NA,NA,NA,NA,NA,NA,NA,NA
"Q6P587",NA,NA,2,NA,2,NA,20.1761857556128,20.1098764395286,4.67612661729804e-20,0.999999999848727,1
"P38970",NA,1,NA,NA,NA,NA,18.9262702443023,18.2241081371951,-0.16324003595011,0.431449584828812,0.732283805494973
NA,NA,NA,NA,NA,NA,NA,19.2493659956756,19.1378607472167,6.49134181376656e-20,0.999999999805245,1
"P40093",4,4,4,2,NA,NA,20.2598508142337,19.2326925400868,-0.805353488430538,1.3717423042301e-05,9.05405563976672e-05
"Q9UET6",2,2,2,2,2,2,20.3140331593891,20.3551346574338,0.294472909564104,0.114399559786064,0.249422169465534
"P69797",NA,NA,NA,NA,2,1,19.8419383174902,19.8516329695164,8.33691025583124e-10,0.999960566744621,1
"Q03362",NA,NA,1,1,1,NA,20.6664750970586,19.825133351047,-0.568144214524677,0.0161434312094596,0.0474368928683037
NA,NA,NA,NA,NA,NA,NA,19.7823204078155,18.6419128132681,-0.763211015639787,0.036880468257089,0.0963166235288124
"P07263",9,8,11,9,9,8,21.1314274826166,20.1579489149048,-0.830832653108359,7.42416661842827e-16,1.9292800550321e-14
NA,NA,NA,NA,NA,NA,NA,19.2223746919961,18.9921791163521,9.0855271776726e-21,0.999999999955665,1
"Q16718",4,5,4,4,5,4,22.2692395930947,22.1069035019463,3.09485727208184e-18,0.999999997083175,1
"O43665",NA,2,4,NA,NA,5,20.1900548285567,19.9923030257282,-2.54878906263144e-20,0.999999999789113,1
"P0A6F9",NA,5,3,3,5,5,22.4855051341451,23.8011352823301,1.69454858497773,9.31851731999691e-10,1.21351075438064e-08
"Q9Y3A3",NA,NA,1,2,NA,3,20.6170748335886,20.0642460564383,-1.50486417914724e-19,0.999999999476917,1
"O43805",NA,NA,NA,NA,NA,1,19.796324913825,19.9755728614742,0.174667976525039,0.179340691491138,0.358252583429796
"P52895",NA,NA,NA,NA,NA,3,19.2478964053874,19.3967612245682,2.2812396523298e-19,0.999999999515559,1
"P04632",4,6,6,9,8,7,21.6412848186957,21.4925795874661,0.0331372905251945,0.655694953944215,1
"Q7Z422",1,2,2,3,3,1,20.6967408374371,20.5468781178583,-6.65378114864023e-21,0.9999999999564,1
"P51531",NA,NA,NA,3,NA,NA,21.2593992334522,20.5700575995806,-0.239129119989051,0.310013941753205,0.558373534178657
"Q8NCF5",NA,NA,1,3,NA,NA,18.3484807902845,18.4808423524808,7.28486732440592e-20,0.99999999971775,1
"P20107",NA,2,2,1,2,NA,21.6841111287151,20.8344440759967,-0.59249379031956,0.0108237390424125,0.0338256503443543
"P60604",3,3,3,4,2,4,20.5058316387929,20.6597944209327,2.08099348353353e-19,0.999999999408844,1
"P16220",NA,NA,NA,1,NA,NA,19.7243347071323,19.4048498492099,-2.57769493458538e-20,0.999999999865489,1
"P0A9Q9",NA,NA,NA,1,NA,NA,18.5471909636892,20.9452742335101,2.31221768339805,0.00109500355906826,0.00462789416283135
NA,NA,NA,NA,NA,NA,NA,19.0396480122287,19.4004558015607,0.312054909881038,0.179116454394749,0.358170823363365
"Q96AX1",NA,NA,7,7,NA,NA,19.5059424905377,19.2418832914292,-9.53526718335552e-20,0.999999999506376,1
NA,NA,NA,NA,NA,NA,NA,18.5030229833839,18.8593650163228,0.172114457549103,0.356918283781731,0.626616427004506
"Q15006",NA,4,4,4,4,3,21.1372347727791,21.070966330851,1.78226460570178e-09,0.999903053099978,1
"O95793",8,9,10,12,11,13,21.583158332513,21.5513028542052,0.0356100375229238,0.434798609050945,0.736886381527306
"P40485",NA,1,NA,NA,NA,NA,19.3368828244464,18.5752981816113,-0.568733722476392,0.00249055771253759,0.00952786965757916
"O75396",5,3,6,9,4,8,20.3978702274006,20.3475225686907,6.75448825202232e-20,0.999999999521894,1
"Q06142",5,NA,4,NA,NA,NA,20.5485598988675,19.0952032622944,-1.2714568111512,0.00203622767807964,0.0079911547447901
"P24182",NA,NA,NA,4,5,4,18.7139615877451,20.2754561134184,1.77407173661605,8.03255915676857e-07,6.65802209416636e-06
NA,NA,NA,NA,NA,NA,NA,19.1543503395517,20.8395545407471,1.90886660513217,5.45400696401425e-06,3.92811063363274e-05
"P27250",NA,NA,NA,3,3,3,18.8478325157946,20.2926679454572,1.82902107762603,0.000156509412267616,0.000841475115910418
"P43639",2,3,1,NA,NA,NA,20.6044266074533,20.3514481242017,-0.184332859504906,0.231958151839532,0.441792786475415
"O00193",4,3,3,4,3,3,21.0013234277527,21.1009398787087,0.190270164802515,0.184768949011302,0.366677697573512
"P33136",NA,NA,NA,6,NA,6,19.1982657419615,20.3140859083276,1.29607960642053,0.00147102635913762,0.00599318578097807
"P53152",1,1,3,NA,NA,1,21.7177771166063,20.4103011645507,-1.10034680523691,0.000285313223050442,0.00143127998589391
"Q15819",4,6,4,3,3,3,22.2704496284389,22.1350166544243,7.66264664090206e-22,0.999999999992765,1
"Q13404",3,3,3,3,3,3,21.7474122222258,21.5234220974729,2.45116525699261e-20,0.999999999808905,1
"Q9UKI8",NA,NA,NA,3,NA,NA,18.7064658854722,18.5051530909606,-5.56255040770072e-20,0.999999999762805,1
"Q8IVD9",5,5,6,4,6,NA,19.994257902231,20.3455703100026,0.16798551504213,0.222325857090384,0.426253861600009
"Q13885",NA,1,1,NA,1,1,22.9784616608581,22.9425461013289,1.19996981473505e-19,0.999999999490484,1
"P68371",1,1,1,1,1,1,25.973911773997,26.0840065066662,0.0808772246137356,0.775161338544171,1
"Q9NX47",NA,NA,2,NA,NA,NA,19.0319973919605,18.5619279380854,-4.2123883535489e-20,0.999999999804673,1
"Q96IJ6",4,3,4,6,4,6,19.7016579494594,19.6291399910853,7.49199842216153e-20,0.99999999933707,1
NA,NA,NA,NA,NA,NA,NA,21.0526705501184,19.9802958388864,-0.864375335183425,0.00198046892938464,0.00778822444009543
NA,NA,NA,NA,NA,NA,NA,20.0601755084024,18.7179892732236,-1.11832449719174,0.000363200009201082,0.00176372125680223
"Q9Y4Z0",NA,NA,5,NA,NA,NA,22.7427991563342,22.8241259044257,1.51272485095937e-19,0.999999999336052,1
"Q9UBU8",3,1,3,2,1,3,19.6414112612406,19.5658710226941,4.31221467566714e-20,0.999999999635363,1
"Q99653",NA,NA,2,1,NA,1,19.1452579072145,19.3431717477569,0.366291344378987,0.046499909531476,0.117760306447359
"P14373",NA,1,5,6,NA,NA,19.542140245349,19.2997421163727,2.73295762189153e-20,0.999999999830072,1
"Q9NRY4",NA,NA,5,NA,NA,NA,18.7010371445329,18.8089681915485,1.99251586073836e-19,0.99999999953645,1
"P39533",NA,2,NA,NA,NA,NA,19.5081514954562,18.3464465588501,-0.90222290091756,0.00122184092878475,0.00510043438361739
"P39077",14,13,13,10,7,NA,21.3420278817286,20.3043385393818,-0.813772520639309,1.47404509999817e-05,9.66337066123802e-05
"Q96G28",1,NA,NA,NA,NA,NA,19.0584716781883,19.0908551677546,3.99251252571162e-20,0.999999999847645,1
NA,NA,NA,NA,NA,NA,NA,18.8958014004854,17.924641956728,-0.80437488915255,0.00292299581463694,0.0109285566135065
"Q53H12",NA,NA,8,8,6,7,21.1612087596161,21.7008395702871,0.667587496570642,0.000599047131567598,0.0027384333613419
"Q04062",11,10,8,NA,NA,NA,20.441283013605,19.4294807492421,-0.540649922357743,0.113151049147629,0.24742818862745
"P36036",NA,1,NA,NA,NA,NA,19.5202301223978,18.7167204962742,-0.362981851403469,0.0796348537090279,0.185023548549086
NA,NA,NA,NA,NA,NA,NA,20.9162162793092,20.4773269358942,-1.0489712992635e-20,0.999999999974693,1
"P39081",NA,NA,3,NA,NA,NA,20.0929811761271,18.6423715693656,-0.484159498762612,0.175629722238177,0.351930485443572
"P23511",1,1,2,2,2,2,20.6210831382276,20.5193862919612,-4.0899742420706e-20,0.999999999923572,1
"Q7Z6V5",1,1,NA,1,1,NA,20.4368585344939,20.4880341222165,5.00462778164698e-20,0.999999999785679,1
"P53860",11,11,9,8,8,9,21.3494930658191,20.4301065495088,-0.826449998300453,0.00184707246415037,0.00733362769833689
"P09064",9,9,9,7,7,6,22.1042184042647,21.2225975556778,-0.672470765470449,1.10610515440337e-09,1.42118499682696e-08
"Q16795",5,10,7,8,8,8,20.4356695411877,20.4618089564432,0.133413338532221,0.235618029364554,0.446837742078933
"Q06489",4,5,5,2,4,6,20.5174669897522,19.3673411234929,-0.898814277445511,0.000171965354747822,0.000914348508331969
"P27614",8,NA,6,NA,NA,2,19.897467130762,18.8821187887477,-0.486226538438076,0.258303638715878,0.480694739274806
"P0A6L2",NA,NA,NA,3,1,3,18.9081914876621,20.8720702967608,2.08024902664466,9.89528386636302e-06,6.73977480815209e-05
"Q15075",6,11,10,10,15,7,19.7869681603121,19.801586324041,3.61660399382107e-11,0.999988499110827,1
"Q02809",NA,NA,2,NA,NA,NA,19.5551035360898,19.6551701450711,2.4261458448004e-19,0.999999999281774,1
"P51692",3,4,4,3,3,5,20.7102757804583,20.4481853907767,-6.7284944168501e-20,0.99999999945866,1
"P39993",NA,8,NA,NA,NA,NA,19.5176967587166,18.8578444315848,-0.409325672491112,0.185350631424642,0.367705568324883
"Q9UNS1",NA,NA,NA,NA,7,NA,18.8471283306282,19.7169021342537,0.781637781925358,0.0466274532517025,0.117979727109242
"Q9UBP6",4,NA,4,5,2,NA,19.7953184828767,19.7409803524638,0.131676357903033,0.161388614931683,0.329109550915829
"Q9NWS0",5,5,6,5,3,3,20.6464233191493,20.668325064021,9.01328649541922e-18,0.999999996155095,1
"P15586",NA,1,NA,3,NA,NA,19.8138428387204,19.6432561189817,5.25197375806271e-20,0.999999999673573,1
NA,NA,NA,NA,NA,NA,NA,16.5675797902338,17.3282949048277,3.89282070585564e-19,0.999999999390189,1
"P0AAB6",NA,NA,NA,2,2,NA,18.6928745430408,19.8544313587341,1.57222899193321,3.76257184050097e-06,2.80442854623386e-05
"Q9Y5B8",NA,2,NA,NA,NA,NA,18.6488951722197,19.1158294336864,0.646765424436222,0.00445657382074687,0.0156101848038183
"Q08925",3,NA,2,NA,NA,NA,20.3030064182008,19.0890993788378,-1.01820950429615,0.000452499746472806,0.00213604426874027
"Q9BRP4",NA,NA,2,NA,2,NA,21.0356004266194,20.7443939688222,1.13971262932584e-20,0.999999999964664,1
NA,NA,NA,NA,NA,NA,NA,NA,NA,NA,NA,NA
"P32769",3,3,2,NA,NA,NA,20.3505749687773,19.2965364491686,-0.773683855633231,0.00344863410748414,0.0125465671998989
"Q9H299",4,3,3,4,3,3,22.9568758436906,23.0035171972593,0.155305805826378,0.0445897848357223,0.113470872835149
"Q9H2P9",NA,2,4,3,5,5,19.9981327162627,20.2300132787785,0.215205094120645,0.0695742466950962,0.1645649156146
"Q8WWV3",NA,3,NA,2,NA,NA,18.8558820818705,18.871464344648,2.26175076460656e-19,0.999999999630568,1
"Q9C0F1",NA,3,2,2,NA,1,20.2383900399711,20.1022678687209,4.87821083814659e-09,0.999895424970549,1
"P08134",NA,2,1,1,2,1,22.092576927125,22.2931075452703,0.348649955923031,0.0536037944190156,0.132041114433519
"P63020",NA,1,NA,3,4,3,19.2087871056242,20.6547295336367,1.73883480274934,1.44363201355666e-08,1.58332948407003e-07
"P08679",NA,4,4,NA,NA,NA,19.8579884547994,19.2085695230709,-0.592880311955065,0.00943114906838735,0.0301598109620436
"Q02750",3,4,3,4,3,3,21.9266398891133,21.9631160932551,0.081274792162386,0.38755533584339,0.669002612950483
"P33754",3,NA,NA,NA,NA,NA,20.1854385800048,18.9452682518484,-0.603188824236805,0.094621085972736,0.213230095694029
"P53315",5,4,3,NA,3,NA,21.5436598678318,21.1409058747494,-8.59090045235142e-20,0.99999999966532,1
"Q7Z5K2",7,4,6,6,4,9,19.5871481111679,19.4517616767927,2.13174332998162e-18,0.999999998847458,1
"Q9P032",NA,4,NA,4,6,3,20.7230510637219,20.7511828565167,0.0516315721212022,0.608757255532653,0.987604220238434
"O75131",8,9,10,10,9,8,21.1597972627533,21.1643678108245,8.88878515238181e-20,0.999999999349611,1
"Q93034",NA,8,8,9,9,6,19.231353424417,19.3567756376875,0.200295641244834,0.15146632589438,0.312186221537934
"Q9GZZ9",6,6,5,4,5,6,20.3609219860758,20.3711232454607,0.0606241809886222,0.352499265754755,0.621277548994672
"Q03435",NA,2,1,NA,NA,NA,19.6779335812888,18.4290397823278,-1.07190938969524,0.000274200098750679,0.00137912848273118
"Q13505",5,4,9,7,7,7,20.7227313051108,20.6477940363267,6.75298050987094e-20,0.999999999419692,1
"P53250",8,7,4,4,NA,4,20.2706734967983,19.4468969088811,-0.78588999613516,1.09059027548997e-06,8.8614299990164e-06
"P20081",5,4,2,3,5,4,23.036701734145,21.904457485995,-0.949763243794942,0.000107073341440725,0.00059797299784273
"Q6UWP2",NA,4,5,3,2,6,20.4609102219451,20.4658209214489,0.276667771788925,0.0146644785051375,0.043675465408435
"P42826",2,NA,NA,NA,NA,NA,19.9763854079456,18.6681890374359,-1.13531092642407,0.000475491778499378,0.00223198703837503
"P49367",NA,NA,2,NA,NA,NA,18.6984724137778,18.3078927578844,-2.87956855317545e-20,0.999999999948083,1
"P34217",7,4,2,NA,NA,NA,20.3522726751092,19.0727855482282,-0.891505485690467,5.36210049004795e-05,0.000317923512097499
"P25342",5,4,4,3,NA,2,20.3468507416114,19.7657420109283,-1.02745981515058e-08,0.999789540619265,1
"Q9BYC9",NA,NA,4,4,3,NA,20.1266180786279,20.173776591591,0.188129187355551,0.117961845233918,0.25570563540468
NA,NA,NA,NA,NA,NA,NA,18.8496013467128,18.8937860789799,1.41344352601483e-20,0.999999999957341,1
"Q5VTB9",NA,NA,NA,2,NA,NA,20.3882153449442,20.6448902422147,0.28436930565514,0.153273887758403,0.31539369351669
"P11914",NA,NA,4,NA,NA,NA,19.53115382993,18.6940166564007,-0.710112326941417,0.0319781428409888,0.0853292812440631
"P30626",8,6,6,7,5,7,22.9666027705772,22.895552263064,9.64476836073315e-20,0.99999999924292,1
"P40056",3,4,NA,2,1,NA,20.9884101553855,19.8289231687519,-1.05097404539052,0.00029744459027294,0.00147672791848932
"P07012",NA,NA,NA,4,NA,2,19.1780701093622,20.0019158894084,1.18243308649971,1.66541310225627e-05,0.00010771040568292
"Q5SY16",9,8,5,11,6,7,19.8721567472074,19.9801842296326,0.222922231206755,0.0429058153189026,0.109523738307411
"P33201",2,5,4,NA,2,2,20.8496366774702,19.9460050165967,-0.674029622901147,0.000214081429567955,0.00111182155996467
"Q06338",NA,1,2,NA,NA,NA,20.2397602437885,19.5176313569485,-0.522788280883072,0.13322861695405,0.282364397945596
"P22579",NA,NA,5,NA,NA,NA,19.2955903175935,18.2897263882543,-0.755450769028752,0.00385124971340018,0.0138170768635607
"P0AD33",NA,NA,NA,1,1,NA,21.2849359438514,21.7391400968635,0.112964564988281,0.522920642881487,0.863402744356982
"P61289",12,12,11,13,12,11,22.6963784546724,22.7853770034658,0.166272168858007,0.00462806671023377,0.0161227758764122
"P53200",4,3,4,2,3,3,21.2007064287104,20.1574291084535,-0.782915264696256,2.03020192300676e-06,1.60003208932049e-05
"P18239",5,6,6,5,8,5,23.342441972647,22.3483667245253,-0.770337511377857,1.17061577799301e-08,1.31131697538673e-07
"P38886",8,6,5,4,5,4,21.201300871507,20.0973744841426,-0.893125810680547,5.3835922866123e-06,3.89197291998325e-05
NA,NA,NA,NA,NA,NA,NA,20.1128256237259,20.0691500979048,3.68576761926202e-11,0.999987661148536,1
"Q99595",NA,NA,1,NA,NA,NA,19.4801561820031,19.2303313717119,-0.0384649652556855,0.890518034927743,1
NA,NA,NA,NA,NA,NA,NA,20.4991776119393,20.3484875718563,4.75385331442718e-20,0.999999999790326,1
"P25296",NA,3,1,NA,NA,NA,21.0046964614415,20.4529736898827,-0.439317591686953,0.00796912589344176,0.0260622943760008
NA,NA,NA,NA,NA,NA,NA,20.6699040835107,20.0765593141703,-0.125355440419275,0.408911373147661,0.699587696230385
"Q9UM54",NA,NA,NA,NA,NA,2,19.5990741876085,19.5997744710016,1.64017290121336e-19,0.999999999566467,1
NA,NA,NA,NA,NA,NA,NA,24.0535027799252,23.932061471667,3.86024000331058e-20,0.999999999954323,1
"P69783",NA,4,3,3,6,5,21.5280773722526,23.335069878268,1.91824716116501,1.8405032410883e-16,5.3571602163778e-15
"Q4VC31",NA,4,5,NA,2,2,22.2583943815466,22.1005271070357,3.64148453331833e-20,0.999999999601589,1
"P0A9R4",NA,NA,NA,3,NA,3,NA,NA,NA,NA,NA
"P07014",NA,NA,NA,NA,NA,1,18.1124438240871,20.1766297518959,2.28937635672908,3.88231890068527e-06,2.88250936139682e-05
"P0C2H6,P0C2H7",9,9,9,10,10,8,22.1308140294911,20.9265229766634,-0.959949315978518,7.31893245687332e-16,1.91053942731684e-14
"Q96EM0",NA,3,NA,3,NA,1,19.8343560000421,20.0499846413383,0.263307579174731,0.153934043210675,0.316255518262958
"Q04446",NA,NA,NA,NA,NA,4,20.0159190755815,19.8452359006581,5.48379376840525e-12,0.999997612921707,1
"Q9NRW7",NA,3,3,3,NA,7,19.6200364622974,19.7111343445428,3.82581685420287e-11,0.999988869978245,1
"P36161",NA,3,8,NA,NA,NA,19.8969144449646,18.9061956872949,-0.842743631519835,0.0431331378062386,0.110055317118174
"Q9UL40",NA,3,3,NA,NA,NA,19.9644857448726,19.8453650506658,-1.93531709069439e-21,0.999999999986914,1
"P52553",4,4,5,5,NA,3,20.8222140873707,19.9349535380302,-0.626025549799299,1.1057421645571e-05,7.45454334228853e-05
"Q16621",NA,1,3,1,NA,3,20.6380933737294,20.8146245540124,0.281137255168449,0.121626402724305,0.262252046758104
"P39929",2,2,3,NA,NA,3,20.9965842596594,19.8901512609451,-0.93469099988146,0.107634174112217,0.23745374778332
"O75964",3,4,2,NA,4,3,21.3250224507326,21.0564588300642,2.47833035197956e-20,0.999999999976168,1
"Q9NYU2",6,9,5,10,7,9,19.7141269213667,19.8952476868713,0.204041085274596,0.024563649438613,0.0679979335947018
"P38858",5,5,5,2,NA,4,20.048151667305,19.1169969883684,-0.730185329101232,2.4493617585676e-05,0.000153424190935684
"Q08686",8,6,11,NA,NA,NA,20.5879380952165,19.7360923203968,-0.680947934884569,3.28938086849799e-07,2.93298890732069e-06
"P53731",5,5,3,4,3,4,21.1185887394351,20.0022926865147,-0.818418945056319,5.13518531484971e-07,4.40191442516612e-06
NA,NA,NA,NA,NA,NA,NA,NA,NA,NA,NA,NA
"Q13469",NA,NA,3,NA,NA,NA,19.3584682003362,19.2499878758699,5.96014159722744e-20,0.999999999803825,1
"P0AFP6",NA,NA,NA,NA,1,1,NA,NA,NA,NA,NA
"P21127",NA,NA,1,2,NA,NA,20.7709663077531,20.827138433259,0.152745136244703,0.306904674660962,0.553291583787215
"Q04894",8,6,9,3,3,3,20.6138606022922,19.4752154366344,-0.849982104404054,3.01719843928497e-08,3.14851336108126e-07
"Q14651",NA,NA,2,NA,NA,NA,19.7663401778593,19.9600992543299,0.0789594548672576,0.522042253850452,0.862446094634381
"Q8IY95",NA,NA,2,NA,2,2,19.2492689247836,19.2966611392964,0.0238621706298151,0.730620773522048,1
"P18562",7,6,7,6,6,5,21.8980809273078,20.8289467928477,-0.935134437000361,5.24132969900525e-08,5.21331569544161e-07
"P53803",2,NA,NA,NA,2,2,20.3518067113943,20.2765940320923,5.4673001376965e-12,0.999997690281357,1
NA,NA,NA,NA,NA,NA,NA,20.069765565743,19.2397377005787,-0.573554020832414,0.0122872817080041,0.0377853561692301
"Q9UN37",7,4,6,NA,NA,5,20.3222307677387,20.1187062109035,-1.61888769031255e-20,0.999999999910644,1
"P49954",NA,4,5,NA,NA,NA,20.5053824158176,19.5512048637305,-0.71758727120949,7.59474366599255e-05,0.000435527596512038
"P61106",6,7,9,7,6,9,20.775050694701,20.7984901927516,0.0316617232548939,0.653428447611854,1
"P24521",NA,3,NA,NA,NA,NA,21.8726611707744,18.4059862851644,-2.6106975294874,0.00309785566218527,0.0114487695804912
NA,NA,NA,NA,NA,NA,NA,19.0596049290677,19.1464869074952,0.16164511653855,0.28404052905867,0.520199940361736
"P17536",10,10,10,7,7,8,22.4089927708505,21.2379926195329,-0.991296764336004,3.09085233242796e-06,2.34929210879801e-05
"P23193",8,9,9,10,9,9,21.155996784617,21.089623989956,2.62281401978475e-20,0.999999999786199,1
"P40261",NA,2,4,NA,NA,3,18.8555503052314,19.654741177364,2.86788433075993e-19,0.999999999491259,1
"Q5JSL3",6,5,6,10,8,NA,20.5948071874097,20.5197807059386,2.0915383357736e-08,0.999695586498783,1
"P12962",3,4,2,3,3,1,20.9937694792886,20.2174818181211,-0.498301444098451,0.000294883004540458,0.00146906740344896
"Q96AT1",NA,2,3,NA,NA,NA,19.6736747060628,19.4011286600761,2.73600978673454e-20,0.999999999905836,1
"Q9UHA4",NA,3,NA,4,4,3,20.6371299927157,20.8300294320868,0.201029351273525,0.210782014764811,0.408563538722307
"O15347",4,4,4,4,5,4,22.0018229460329,22.0111964577588,5.02078699576453e-20,0.999999999662632,1
"Q8N4Q1",4,4,4,4,4,4,21.990921744859,21.8534555956534,9.97554479141012e-18,0.999999994591836,1
"P55199",NA,1,2,NA,NA,2,18.6244963359345,18.5403212818318,4.61236616276673e-20,0.999999999782024,1
"P56181",NA,1,1,1,NA,NA,19.9593316092874,19.7027743188295,-7.48363578988053e-20,0.999999999671894,1
"Q14061",3,2,2,3,NA,2,20.8923460348991,20.7266718707804,-7.96369975041268e-13,0.999999732573156,1
"P16451",NA,4,2,NA,NA,1,20.2237290868346,19.1222313646156,-0.792279144436361,0.00192265431546346,0.00759191837502307
"P46969",2,NA,1,1,NA,NA,20.4173461219043,20.2996438651379,-3.71038121517923e-19,0.999999999195984,1
"P40030",2,2,NA,2,NA,NA,20.6552197482127,19.6419121448981,-0.81202281756889,0.000207230587376589,0.001079957776491
"Q9Y2R9",6,7,6,NA,8,7,21.051098621482,21.0422114465168,1.8290871809402e-19,0.999999999253094,1
"P17096",4,4,4,4,4,4,23.7514266104232,23.5643248467158,-5.12234570989544e-11,0.999994295395767,1
"Q9UKY7",9,8,7,8,7,10,20.929010332583,20.847006993985,5.88620965598571e-20,0.999999999292659,1
"O75947",9,9,9,5,8,8,21.5110059725769,21.4720696278993,0.14496201157327,0.0196377069169214,0.0559732861678457
"Q04081",NA,NA,NA,NA,NA,1,19.7501132460303,19.7538320583665,7.89081018094503e-21,0.999999999972656,1
"P33221",NA,NA,NA,2,2,5,19.0901877511496,20.7262820118514,1.84351989771151,0.000343824703696641,0.0016838070591052
"P40348",NA,2,NA,NA,NA,NA,19.7916716048551,18.582744742776,-1.01073858612527,0.000564656056200323,0.00260391749657847
NA,NA,NA,NA,NA,NA,NA,19.5252888105404,19.5831334878177,0.0489942652615711,0.681547653495058,1
"Q06485",1,1,NA,NA,NA,NA,20.5750646099841,19.699297522703,-0.63976071605396,0.00765688411106564,0.0251409017852804
"Q6GMV2",NA,4,NA,NA,NA,NA,20.3198194417633,19.6726676503188,-0.313754248426923,0.0986552001238798,0.220768754660459
"Q8IWJ2",NA,NA,NA,10,9,NA,19.3554464749053,18.9750988379236,-0.0300145985685591,0.635043085122918,1
"Q9H000",NA,5,5,NA,NA,2,19.7507914806554,19.8296101556744,1.085030763559e-19,0.999999999577359,1
"P0ABD5",NA,NA,NA,2,NA,4,19.2156914128073,20.1734319904579,0.0926361123724087,0.658663970680539,1
"P36404",NA,3,4,3,4,6,20.4631244313733,20.4584318129037,-1.50961074747885e-20,0.99999999995184,1
"Q9Y2K7",NA,6,5,NA,NA,6,19.5366122991744,19.4668858074146,-5.43727079025587e-21,0.999999999964113,1
"Q9H7B2",NA,NA,NA,4,NA,3,19.1857054583901,19.2805352842133,3.68893778118433e-20,0.999999999838747,1
NA,NA,NA,NA,NA,NA,NA,19.1413167734937,18.8000743858554,-5.47116831463797e-20,0.999999999784756,1
NA,NA,NA,NA,NA,NA,NA,20.30315794392,20.1936323167148,1.3686441863844e-19,0.999999999671696,1
NA,NA,NA,NA,NA,NA,NA,19.3271736665078,19.0097767755008,-0.0171974128355931,0.871067798084184,1
"P62888",8,7,7,8,7,7,23.4812992112019,23.6139646602499,0.335723048597283,0.0139321189654451,0.0418398721039317
NA,NA,NA,NA,NA,NA,NA,NA,NA,NA,NA,NA
"Q9Y4P3",3,NA,NA,2,NA,NA,19.4031161339717,19.4559068766679,0.0812282191105521,0.408159714302437,0.698716140003193
"P02359",5,3,5,6,5,6,21.1593138047636,22.8482494221805,1.86951760833439,4.23680905645792e-17,1.3503951075528e-15
"A8MXV4",NA,NA,NA,NA,NA,3,20.112399524106,20.0794947716133,1.09303789554315e-19,0.999999999694672,1
"Q96P11",7,7,5,7,7,5,20.1538250527375,19.9023120080853,-3.15292270585649e-20,0.999999999744032,1
"P40893",6,7,6,3,4,3,21.9815678411111,20.8816297591534,-0.954374373600104,3.56156146098736e-09,4.28948811449606e-08
NA,NA,NA,NA,NA,NA,NA,19.5364058435939,19.296504907432,-1.0130299974603e-20,0.999999999957758,1
"Q9NP79",7,9,6,7,5,9,20.9208233042604,21.1311919588352,0.300620586084465,0.02511600215561,0.0691289200552071
"P32366",4,4,3,NA,NA,2,20.2144520836934,19.3549875622854,-0.572796092165251,0.0135540692677042,0.040896143099051
"O75935",NA,5,4,5,5,6,20.4922202466738,20.2447340515147,1.85636559745702e-19,0.999999999739139,1
NA,NA,NA,NA,NA,NA,NA,19.7987955771699,18.3402423818081,-1.15945958695471,0.00363095899765084,0.0131246882565462
"P25343",6,6,7,7,4,3,21.6728540676566,20.7831832432395,-0.496935442914258,0.000701620582606555,0.00313771251244745
"P38333",1,NA,2,NA,NA,NA,19.6122062716172,18.638399972583,-0.783770368841401,0.00409172861039953,0.0145262660636276
"Q9UL15",NA,3,3,NA,NA,3,20.5356543460598,20.7229359183909,2.56881832473224e-08,0.999759724815301,1
"Q53FT3",2,4,2,2,3,2,20.8243089966831,20.6959939987066,5.53812814706324e-20,0.999999999553176,1
"Q12768",NA,NA,4,3,NA,NA,18.6598434469994,18.9082267577028,0.373246919847274,0.052111964352806,0.129304912839285
"Q8IYL3",NA,NA,NA,NA,NA,1,19.1866419654717,18.9052958310133,-1.14621398445984e-19,0.999999999562605,1
"Q9BV29",1,1,1,2,1,NA,19.9676812040735,19.9566570068194,7.96143534463681e-20,0.999999999618752,1
NA,NA,NA,NA,NA,NA,NA,19.2674927004527,19.8304850418383,0.326704862755193,0.318903910439854,0.572063637850597
"Q13509",NA,NA,3,3,NA,3,19.8663541457813,20.1923849315599,0.464961209494771,0.0199946205414739,0.0568391489656235
"P26373",7,7,7,8,9,8,24.4387187901631,24.3720899068752,6.14286714573724e-20,0.999999999612614,1
"Q13889",NA,3,3,NA,NA,4,19.0110395308516,19.2300658260343,0.226958750182392,0.179343640309456,0.358252583429796
"Q9BQ67",7,6,7,9,8,8,20.2679447772817,20.0615675221378,-5.15855247351637e-09,0.99988150959353,1
NA,NA,NA,NA,NA,NA,NA,23.7011782342593,23.3973602482375,-9.63911129052319e-20,0.999999999559395,1
NA,NA,NA,NA,NA,NA,NA,20.3099158898447,20.4901079502615,0.110581591705879,0.416253312879248,0.710252990831228
"Q8NEM2",NA,NA,4,NA,NA,NA,19.0372492708128,18.6861640937978,-6.62394186372524e-20,0.999999999764948,1
"Q9H0L4",NA,3,4,4,2,3,19.8111592627607,19.6931574590897,4.37988696409045e-20,0.999999999766456,1
"Q02795",NA,1,3,NA,NA,NA,21.6170811115228,20.5181595165972,-0.576907767924921,0.103606391263283,0.230240859475299
"P29952",11,13,12,7,7,10,21.7459850694303,20.7278222263989,-0.815420167776847,4.29212312625305e-08,4.33647255960663e-07
"P08417",8,7,11,NA,3,NA,19.9382826206724,18.9621236651276,-0.673678270500479,4.57586666570082e-06,3.35854641150484e-05
NA,NA,NA,NA,NA,NA,NA,19.900454147481,19.6473054625639,-6.39917105921156e-21,0.999999999964528,1
"Q969R2",NA,2,2,1,NA,NA,NA,NA,NA,NA,NA
"O75251",5,5,3,3,2,3,21.1254455520488,20.8331938714632,3.32223030371074e-18,0.999999997659465,1
"Q07418",NA,NA,2,NA,NA,NA,20.4207566382062,19.3648739856964,-0.887198409137009,0.00259459863528667,0.00987350892280263
"P47103",NA,NA,1,NA,NA,NA,19.6653787204757,19.422869276821,3.42205607997868e-20,0.99999999986203,1
"Q9H2K8",NA,7,6,6,7,7,19.7606435777103,20.0197822723438,0.289722981361469,0.135485142584782,0.286305416692896
"Q7L7X3",NA,2,NA,NA,NA,NA,19.4646752747081,19.5342006965872,6.14052439147294e-20,0.999999999773391,1
"P38882",NA,NA,3,NA,NA,NA,18.7093854942498,17.8590207101784,-0.754709318873872,0.000214115748504203,0.00111182155996467
"Q9H0E9",NA,NA,NA,NA,NA,9,20.5265733291544,20.1869859968671,-0.0197606924590092,0.722239727456284,1
"P00927",NA,2,2,NA,NA,1,20.3371856591142,19.237758954883,-1.04128308401047,0.00149739952148498,0.0060748929953916
"Q13033",3,NA,4,NA,NA,4,19.9924193106404,19.9805811611918,1.08119518285357e-10,0.999980679520738,1
"P0AC53",NA,NA,NA,3,4,NA,21.7222436979286,21.2985144636191,3.50777774369015e-20,0.999999999889773,1
"P46992",4,2,2,3,NA,NA,20.6857171211,19.9800183396005,-0.179743771171169,0.35155363288331,0.619838908344686
"P50095",4,3,6,2,3,NA,21.2571060603508,20.1843486722023,-0.866669352145404,2.14637992680301e-07,1.98119452763625e-06
"Q8ND04",NA,NA,NA,3,2,NA,20.4789640339773,20.4657268434467,0.0148266618057477,0.80850297740663,1
"P45523",NA,1,NA,6,5,6,19.3270587469534,21.1480961477197,1.98275174739271,1.02118822695263e-08,1.1506318127519e-07
"Q16595",NA,3,NA,4,NA,4,20.607679853651,20.5560151776871,7.74019457831591e-18,0.999999997225569,1
"P21827",5,3,NA,NA,NA,NA,20.1733895443427,19.350241045284,-0.597683574053789,0.000122460861554435,0.0006780006816771
"P38203",2,2,2,NA,NA,NA,21.0576041328243,20.039815847633,-0.871240137981042,1.04029060603571e-05,7.06051353672945e-05
"Cont_P28800",NA,2,NA,NA,NA,NA,20.6404282440017,20.5383692600703,5.82588241761935e-20,0.999999999714227,1
NA,NA,NA,NA,NA,NA,NA,18.3311033167489,18.6704486899878,0.495456649358222,0.0146579776811415,0.043675465408435
"P38891",NA,5,8,2,4,5,21.340388063514,20.2918519537406,-0.838373918094291,6.7050238777578e-07,5.64690259135544e-06
"Q3B726",NA,4,5,5,3,4,19.7618488064028,19.6973138958845,2.96443001792031e-20,0.999999999769289,1
"P17157",NA,NA,NA,2,NA,NA,20.5173935479852,19.2481026645239,-1.08658542395202,7.34470877072079e-06,5.14843558909942e-05
"P10614",NA,NA,4,NA,NA,NA,19.9049603821971,18.4891736429134,-1.06186375833721,0.00102336683509575,0.00435383722099364
NA,NA,NA,NA,NA,NA,NA,20.5243123651707,20.2129105476975,1.08319663836243e-20,0.999999999958587,1
"P51784",NA,NA,6,NA,5,NA,20.1329748744589,19.9103062386225,3.71376081794453e-21,0.99999999998383,1
"P30414",NA,NA,NA,NA,NA,6,18.5941586304735,19.1393677124231,0.481917152611067,0.021100171593814,0.0596700440807416
"Q04344",5,6,5,4,4,4,22.3359819999276,21.2689754590245,-0.730779737195793,2.63265049875767e-07,2.38052675977006e-06
NA,NA,NA,NA,NA,NA,NA,19.119353537512,18.3541864384358,-0.203189811282495,0.37429689431708,0.649223927635368
"P50502,Q8NFI4",4,5,5,6,NA,8,22.9588450444795,22.9487736152389,0.057428050040018,0.407968966060577,0.698596902702127
"P46781",NA,NA,8,6,9,NA,24.4261272766864,24.6131631580423,0.277169580525852,0.108475129627328,0.239034768074888
NA,NA,NA,NA,NA,NA,NA,NA,NA,NA,NA,NA
"Q9NVC6",NA,1,NA,NA,NA,NA,20.1970484046306,19.3148818422686,-0.534764716796324,0.00153646869742021,0.00622027222134538
NA,NA,NA,NA,NA,NA,NA,19.727018782393,18.7818822031455,-0.710059942035984,0.00818470481274196,0.0266464797204901
"P83436",NA,3,2,5,NA,NA,20.1186000393079,20.3850949651806,0.354172916162487,0.111989496061877,0.245373111576516
"P47813",NA,1,2,NA,NA,NA,23.5520381581833,23.2573476384595,-1.17230862240393e-19,0.999999999505585,1
"O43148",NA,7,8,8,8,10,20.4057633615765,20.2943697812827,7.25207501252297e-20,0.999999999461926,1
NA,NA,NA,NA,NA,NA,NA,NA,NA,NA,NA,NA
"P19211",NA,1,1,NA,NA,NA,20.3576841388294,19.5381924483531,-0.550118318291791,0.03609200635354,0.0946000838953077
"Q05D32",6,4,2,5,4,3,19.8536092897268,20.3780464929935,5.62845024788009e-20,0.999999999701591,1
"Q8WWY3",10,9,8,7,8,8,20.3793630242322,20.3169877773645,0.0288351948951037,0.65604358111518,1
"Q13503",NA,NA,NA,1,NA,NA,22.0403137088869,22.3470898151068,1.79091617514756e-19,0.999999999450442,1
NA,NA,NA,NA,NA,NA,NA,18.6833398810839,18.7443540532285,-1.95569914055596e-20,0.999999999947241,1
"Q9NZL9",8,5,4,7,6,5,21.6669420990208,21.5270606527039,-1.0130634174913e-19,0.999999999651987,1
NA,NA,NA,NA,NA,NA,NA,18.5470562370028,19.6009099228681,1.23424527533769,0.00111804694593197,0.00471492166014731
"P06400",NA,NA,NA,3,NA,NA,19.3303898958557,19.0857801381815,-2.88455995638862e-20,0.999999999903569,1
"Cont_Q2KJF1",4,4,4,4,6,6,20.7718214822265,20.6501306589181,3.65700593456624e-20,0.999999999654943,1
NA,NA,NA,NA,NA,NA,NA,20.6812544320818,21.3684739602901,0.492898285626066,0.143537662660206,0.298941796348999
NA,NA,NA,NA,NA,NA,NA,NA,NA,NA,NA,NA
"P04161",2,2,1,1,1,1,21.1338852494269,20.4935899413914,-0.106656873305718,0.607518935807722,0.985872500893037
"Q12968",NA,NA,1,NA,3,NA,19.6483890405376,19.4743104944249,5.88294647209043e-18,0.999999997406731,1
"Q9BRK5",NA,NA,NA,NA,NA,3,20.0619852259347,20.0485523234308,1.43427370034818e-20,0.999999999911217,1
"Q9NUN5",NA,2,NA,NA,NA,NA,20.5624624404407,20.4044985185941,1.11355556048955e-21,0.999999999996283,1
"Q9BSV6",NA,2,3,NA,1,2,18.6856223659774,18.6185224697864,5.49848536136542e-20,0.999999999728297,1
"P27809",3,NA,NA,NA,NA,NA,20.2577323454082,19.2835204695252,-0.845090538267212,0.000211856019154728,0.00110306622247619
"Q92905",NA,4,7,7,6,6,21.1843488107934,21.3259204223384,0.00532425514205306,0.862889774012967,1
"Q9NXE8",NA,NA,NA,1,NA,NA,19.7878475505916,19.6388863932064,4.48853087324792e-18,0.999999998242867,1
"Q96LA8",NA,NA,NA,NA,1,NA,18.6921817817036,18.4878136676807,-1.03165831788551e-21,0.999999999994567,1
NA,NA,NA,NA,NA,NA,NA,19.2067531128122,19.1435022264312,1.95948040284112e-20,0.999999999923397,1
"P25386",6,NA,3,NA,NA,NA,19.8283597372518,19.3491870165338,-0.0614087536603119,0.648797474253251,1
"P23585",NA,2,NA,NA,NA,NA,20.8897674832405,19.7598453028066,-0.828621736430465,0.000187053737249408,0.000984592162583792
"Q96FF9",2,3,NA,2,2,2,20.0762882834196,19.871067275734,-3.56832824539119e-21,0.999999999973363,1
"Q4J6C6",NA,NA,NA,3,NA,4,19.4422623976775,19.3922852552626,0.000820743743455137,0.939949717572981,1
"Q02354",NA,NA,2,NA,NA,NA,18.606532277994,17.6106776649248,-0.63246364474789,0.00996753661965106,0.0315083390458997
NA,NA,NA,NA,NA,NA,NA,19.6980237478626,19.7939194627854,1.77451795966211e-19,0.999999999384723,1
"P37268",3,3,3,2,4,3,20.4707837275695,20.2366720312183,-5.37152180139339e-20,0.999999999756799,1
NA,NA,NA,NA,NA,NA,NA,19.8276101967284,19.5320661942677,-8.01551987819921e-21,0.999999999954015,1
"P26374",NA,NA,NA,NA,NA,3,20.9606383838227,21.0729609757471,0.043392640540087,0.651391169365506,1
"Q9NVR2",NA,NA,NA,NA,NA,2,18.8548551879752,18.9130202958537,1.35830668720806e-19,0.999999999602483,1
"Q9HAW4",NA,NA,NA,NA,NA,4,19.9422000140701,19.3412558470007,-2.62669409588604e-19,0.999999999360154,1
"P39265",NA,NA,NA,4,NA,4,19.0879703148737,20.7501157268681,1.85647157061431,3.69360972055062e-07,3.27822068890101e-06
NA,NA,NA,NA,NA,NA,NA,20.6860166638635,20.5801217271106,1.48167648301532e-19,0.999999999600391,1
"Q04651",3,2,NA,NA,2,NA,22.5618639233526,21.8071205312361,-2.62008114740362e-19,0.999999999581666,1
"O60942",NA,4,NA,NA,NA,NA,19.242076922839,19.8228971417141,0.509301006792003,0.0263861439745064,0.0720405416890333
"P50479",3,NA,3,3,NA,NA,20.4163077163213,20.6037478981608,0.408581842992938,0.0247239524764866,0.0683529685471243
"Q9HA64",NA,NA,NA,NA,2,NA,19.7396626383299,20.2187636981009,0.444363523052445,0.0165161074751046,0.0483171521419261
"P39726",3,1,4,4,4,2,21.8306768674217,20.7473116311658,-0.78944425456257,1.41107989590837e-05,9.27166277846857e-05
"Q9UI12",5,6,3,5,8,5,20.7294012671774,20.6199332694143,0.0760982381459175,0.226884228475227,0.433839945002844
"Cont_Q32PJ2",NA,NA,3,3,4,1,19.7034570581214,19.7897037779011,0.302606043570022,0.0169927979040237,0.0494608734148905
"Q9NPJ6",2,3,3,4,4,4,20.2309257131289,20.2833299170466,8.81650657031235e-10,0.999948643031976,1
"P32796",NA,NA,4,NA,NA,NA,19.595640637936,18.5517865441837,-0.64500890550635,0.000378272882035159,0.00182615586314714
"Q07878",10,9,9,NA,NA,NA,20.3379510272963,19.8212899103926,-0.222618205700884,0.167830662238862,0.339367364337889
NA,NA,NA,NA,NA,NA,NA,20.3866061945218,19.6805713532018,-0.550246699896246,0.00976190539595996,0.0310112512275842
"P21375",NA,NA,2,NA,NA,NA,19.5250509945715,18.824632210292,-0.505872290825039,0.000365223084067047,0.00177205380318149
"P09457",NA,4,4,NA,NA,2,19.5560777904371,19.0649121539446,-1.34027374123334e-19,0.999999999796009,1
"O00584",4,3,4,4,3,3,20.3698755282417,19.8852310190841,-5.89364725668409e-20,0.999999999813331,1
"P39713",10,NA,5,6,NA,6,20.3932581123743,19.3735194921349,-0.769110768621565,0.000158115480287318,0.000849318627353389
NA,NA,NA,NA,NA,NA,NA,18.1815515814924,18.5759843560039,0.502614999456467,0.0186162296636697,0.053431357676473
NA,NA,NA,NA,NA,NA,NA,18.4635722498486,19.1413264879573,0.414105281668549,0.206606492138688,0.40172324002295
"Q9Y2Z4",NA,NA,NA,4,NA,NA,20.4678157206118,20.5025984962458,-4.04287422639189e-20,0.999999999814645,1
"Q9NXJ5",NA,NA,2,NA,NA,NA,20.3523462746494,20.1445646206331,-1.3530064289739e-20,0.999999999943967,1
"P38079",2,2,3,NA,3,NA,22.3833033970548,21.5538896862482,-0.619057056642369,0.00619599831038431,0.0207818106119809
"Q8WXE9",NA,NA,NA,6,NA,4,18.9368187657557,19.1634356120688,0.276948699596402,0.111717153833178,0.244869399872191
"Q9Y4P1",NA,NA,4,2,2,2,20.4114991757405,20.8098433214032,3.72592585833702e-09,0.999907658177438,1
"O96007",NA,NA,2,NA,2,NA,19.7513145796462,19.8439366186812,2.0847682089833e-19,0.999999999307027,1
"O95391",NA,2,6,3,NA,4,19.552166850018,19.5542243873024,1.56389583989517e-20,0.999999999888187,1
"P38910",5,7,6,4,6,5,24.3591560688439,23.2589282301658,-0.861022251755978,2.07478305857003e-08,2.20431371360783e-07
"P23883",NA,NA,NA,3,NA,1,19.1224398552011,20.2454616971179,1.57286690749181,0.000689258655135391,0.00308721520300937
"Q13724",NA,NA,NA,NA,NA,1,17.1564039420293,18.0343383307009,1.00132769829321,0.00326823746651169,0.0119559048473722
"Q9H6E5",2,2,1,NA,NA,1,19.8701201330017,20.0049400809847,0.26354798451429,0.122649665588534,0.263820253833055
"Q96PM9",NA,4,3,NA,NA,5,20.1080762195296,19.9457811918824,-6.35410617415309e-20,0.999999999753048,1
NA,NA,NA,NA,NA,NA,NA,19.5502489603105,19.9980148186517,0.299736606915769,0.145638082272723,0.302551709265877
"Q6P3W7",4,5,3,NA,7,7,20.1280956685837,19.9437188265249,2.50387702952393e-20,0.99999999982425,1
"Q12743",2,3,2,1,2,1,20.4783838400511,19.5405787835006,-0.708066156672869,0.00022824903309147,0.00117359061667085
"P28625",6,6,4,3,NA,2,20.853124013182,20.0265890482847,-0.539184449466609,0.000360530787679581,0.00175519165748819
"Q02642",5,6,7,1,3,4,21.9834895389606,21.0929257567158,-0.69567969129228,9.25863212122573e-08,8.98937946009616e-07
"Q96RN5",NA,NA,3,5,NA,3,19.992865567158,19.7915988531796,5.56765182262485e-20,0.999999999687408,1
"Q06705",NA,NA,4,NA,NA,NA,19.4581472075115,18.8650992761566,-0.474387182442634,0.103383329881608,0.229833691748361
"Q9BYD1",4,3,3,2,NA,6,20.2179333059912,20.1275167435575,2.59505760898245e-20,0.999999999810223,1
"O00471",5,3,3,NA,NA,2,20.5266609337926,20.4406543242072,2.7073707293074e-20,0.999999999891086,1
"Q06587",4,5,3,5,3,4,20.665916991724,20.3365039189867,-2.68663811160452e-06,0.996925948835694,1
"Q9NP66",NA,4,3,NA,4,4,20.7139680640161,20.5627536594306,2.50952760994034e-20,0.999999999823323,1
NA,NA,NA,NA,NA,NA,NA,18.4152931189743,19.7782412955621,1.53394214250166,1.6423050321119e-05,0.000106335103594316
"P38066",1,1,1,2,2,1,19.6006801511646,18.4528577068674,-0.928182963802954,0.00164851433412653,0.0066227570985905
"Q7Z6M1",2,NA,1,NA,NA,NA,20.0500857936698,20.2227599061568,0.346879800643896,0.00406204167794943,0.0144386435243933
"Q9BQ04",2,1,1,1,2,2,19.6848588248703,19.4494522949137,-1.10788446162246e-10,0.999994303529105,1
"P54709",3,3,7,8,4,7,21.1812817520874,21.3967262770282,0.362121971552202,0.00580679476563449,0.019636224503485
"P0AG63",NA,1,NA,1,NA,2,20.1941951483709,21.7367164091992,1.7157402085012,1.27201065339088e-05,8.48350226521618e-05
"Q9Y221",4,4,5,5,5,5,21.082366066361,21.0284325943258,7.64305742630565e-20,0.99999999934432,1
"P06610",NA,NA,NA,1,1,2,18.9364092958029,21.1658574056008,2.54796778572181,1.07258101162062e-05,7.2625819906565e-05
"Q92520",1,NA,NA,2,NA,NA,20.3614088311557,20.2584321732463,6.43717908559196e-20,0.99999999977994,1
"Q9H9J2",5,3,6,5,4,4,20.3176853099217,20.46520060606,0.445429981096435,0.00469911614012719,0.0163505434332894
"P60866",NA,2,3,2,2,2,25.888933232166,25.7247784992591,2.45370908334378e-20,0.999999999807943,1
"P0A7E5",NA,NA,NA,4,NA,NA,19.1978839936403,20.427379731221,1.42531354466279,7.36779807333696e-05,0.000425048270850809
"P43588",4,3,4,NA,3,4,21.9780602288285,20.8340364663927,-0.906468324852614,4.99682872483078e-06,3.63973546888242e-05
"P53680",NA,NA,3,NA,2,1,20.8229859657626,20.6737852616058,1.8939160224998e-20,0.99999999994354,1
"P38985",4,2,NA,NA,NA,NA,20.509611947578,19.4264685271624,-0.874778384925235,0.370305689217329,0.644043871297791
"Q07825",3,6,NA,NA,NA,NA,21.4101634075544,19.7867066597845,-1.0104239476951,0.088589125713965,0.202004215906666
"O15145",NA,NA,NA,NA,3,NA,20.816197515762,20.9228938236631,3.81601277353676e-20,0.999999999830989,1
"O43670",NA,NA,NA,5,6,4,23.1583061498893,22.7415158879372,-3.89629722067307e-10,0.999969595881894,1
"P38629",NA,NA,1,NA,NA,NA,21.2952676560689,21.0278502131079,-4.29817399061729e-20,0.999999999907911,1
NA,NA,NA,NA,NA,NA,NA,21.1368248948221,21.1737654615601,0.108977115212991,0.646152543591873,1
"P80404",NA,1,NA,NA,NA,NA,21.7905365649532,22.128584421373,0.126141928772257,0.681268861619971,1
NA,NA,NA,NA,NA,NA,NA,19.4727758586181,19.5493396718757,2.01773107335996e-19,0.999999999251965,1
"P76015",NA,NA,NA,2,2,2,17.0957024055688,19.47578134782,2.4118344576986,5.58960060434563e-07,4.76313233182717e-06
"Q9UIL1",NA,NA,2,1,2,2,20.4955643974347,20.7184113124988,0.184223484443382,0.290758324794739,0.530314503870013
"P30657",5,5,4,NA,3,3,20.6699667289487,19.8250185824504,-0.554034902575503,0.000747508345757889,0.00330703653886293
"P25367",2,1,3,NA,NA,NA,20.9513670630862,19.7491397932946,-1.01508164268946,0.000264781728516957,0.00133641801558558
"P30771",NA,NA,3,NA,NA,NA,19.2880099777398,18.3652247740366,-0.649601144998027,0.0117368973171609,0.0363446916922711
"P32500",NA,NA,2,NA,NA,NA,19.6558307693002,18.2743753361838,-1.37960140912125e-06,0.998660252651771,1
"Q9NWA0",NA,NA,NA,3,NA,NA,19.3030381765732,19.3719619861663,2.2115708236048e-19,0.999999999395288,1
"Q9Y624",NA,4,3,3,3,NA,20.4537021694278,20.611142792981,0.285252717227559,0.0989068548830006,0.221246082132621
"O15357",NA,NA,NA,NA,NA,3,20.92528279203,20.8848017373216,1.00010807855511e-19,0.999999999600607,1
"Q8TCG1",NA,4,NA,NA,NA,NA,19.2168635843455,18.9490868777173,-2.91219419509255e-20,0.999999999898431,1
"P84098",2,2,2,3,2,2,25.0645506931755,24.9193539025621,1.06532470484576e-18,0.999999998658581,1
"Q9UJX5",NA,NA,3,4,NA,NA,18.9852022088825,19.0467495886318,1.11630415452225e-19,0.999999999438071,1
"Q8WWW0",NA,NA,1,NA,NA,2,18.3935129115762,18.2056411536488,-1.5847202859987e-20,0.999999999949009,1
"Cont_Q3MHN2",NA,NA,NA,5,NA,5,20.2889683672379,20.2462963961387,0.154663963004802,0.117687060169598,0.255527531094623
"Q9Y6Y0",NA,4,NA,NA,NA,NA,19.12896133854,19.4164053656263,0.254412057718233,0.196874868711596,0.386316706665713
"Q6P1K2",2,NA,NA,3,NA,NA,19.5657443145211,19.4498330185985,8.34923048544865e-21,0.999999999964555,1
NA,NA,NA,NA,NA,NA,NA,19.8739116379012,19.7023026096686,1.28456862317687e-20,0.999999999947613,1
"P35914",NA,NA,4,NA,NA,3,20.2466171928932,19.9478090021538,4.6241721367665e-20,0.9999999997908,1
"P34087",NA,NA,1,NA,NA,NA,21.1656248465096,20.2270406015847,-0.739489133053029,0.00290024951506012,0.0108646360080401
"O95365",NA,NA,NA,NA,NA,2,19.0361708692638,19.4517851377276,3.04579642763291e-19,0.999999999414348,1
"Q8WVM0",NA,NA,6,3,NA,NA,20.2053222858606,20.3414217385496,0.236642830268596,0.311144834405497,0.560060701929894
NA,NA,NA,NA,NA,NA,NA,19.3238583997888,18.1097053212718,-1.03266476805796,0.00020118431569939,0.0010541619593731
"Q9Y584",NA,NA,NA,NA,1,NA,20.5622262852204,20.5993018337635,0.167173491205902,0.314612330330513,0.565420103949137
"P26232",NA,NA,3,NA,NA,NA,18.1881542422675,18.2102881579092,1.89859421876477e-19,0.999999999622908,1
"P52893",NA,2,6,NA,NA,NA,19.7234529551583,18.8448271306864,-0.759295667039472,0.00132858967568997,0.00546692855852741
"P62136",NA,4,4,6,NA,NA,22.5203343783228,22.3806208568253,1.05055213750224e-18,0.999999998981621,1
"P52488",NA,3,NA,NA,NA,NA,18.991700389286,18.2749548528309,-0.368918466870845,0.162908414980762,0.331505695246567
NA,NA,NA,NA,NA,NA,NA,19.8064544281911,20.0381087361628,0.167191703382335,0.321804324590124,0.575655549941217
"P32321",5,4,4,2,4,5,20.0919229073002,19.9325215716735,-6.17191181081808e-20,0.999999999673889,1
"O43379",NA,1,NA,NA,6,NA,19.1837236845881,19.2206941645699,0.130805336114535,0.269817865593383,0.498743757324008
NA,NA,NA,NA,NA,NA,NA,18.2278835466632,18.5358771327259,1.12511886226325e-19,0.99999999963415,1
"P50502,Q8IZP2",3,4,4,2,NA,NA,23.9258233915053,23.678208995644,-3.01183047159111e-18,0.999999998917581,1
"P04911,P04912",2,2,2,2,1,2,25.538457837635,24.6221199295744,-0.619471217015933,0.0176595837112376,0.0509900592743391
NA,NA,NA,NA,NA,NA,NA,19.903692980442,19.2026968435571,-0.447688330349397,0.0381984581159512,0.0991304115478732
"Q8IY22",NA,3,2,3,1,3,20.1648913075761,20.2203290971552,0.123098668798025,0.386898528249051,0.668268745349933
"P38355",NA,1,NA,NA,NA,NA,20.198181382702,19.2640020619553,-0.662365090500455,0.0220732421242176,0.0619963650509306
"Q9H0R4",NA,NA,2,NA,NA,2,19.8239782321448,19.9820938439682,0.200673409903065,0.226024767112606,0.432626702545661
"Q9H8Y5",4,1,2,4,5,NA,20.0439242553974,19.9515284987481,6.97566113638576e-20,0.999999999734987,1
NA,NA,NA,NA,NA,NA,NA,19.1902352510999,19.0291026909782,-3.56681839183928e-20,0.999999999858715,1
NA,NA,NA,NA,NA,NA,NA,20.6479626655466,20.5921290938162,1.46003554900606e-20,0.999999999892501,1
"Q9BZG8",NA,8,NA,4,NA,NA,20.452222464295,20.3455206724918,4.63937718249506e-21,0.999999999965045,1
"P17542",3,1,2,3,4,5,20.3930816941083,20.1631457533217,5.56208937967535e-21,0.999999999967639,1
"Q9HC07",3,4,3,5,4,4,20.6249840021798,20.6959385527465,0.192299206449607,0.0219283667932882,0.0616194583684753
"P43638",NA,NA,6,NA,NA,NA,20.5397119760494,19.7652833190362,-0.526362310816618,0.0191565319163772,0.0547912903448588
"O60934",7,8,5,8,4,10,20.2138126960421,20.159507245779,1.13987970573891e-20,0.999999999913822,1
"Q13057",2,4,6,4,NA,NA,20.2199447713483,20.1890832965108,1.27090576861177e-11,0.999993684008172,1
"O60502",3,11,5,7,4,8,20.3470852740832,20.4663309458506,0.201645851325311,0.183586126259404,0.365335757982236
"Q96EY5",1,2,1,NA,1,NA,20.2306485953821,20.3295372459694,1.76773158525627e-19,0.999999999532159,1
"P07703",6,4,5,3,NA,4,20.2918311647651,19.2841024249744,-0.550705348134818,0.0133215592370925,0.0404059280961023
"O14893",NA,NA,3,3,3,5,19.842027657091,19.9090805944437,0.135811611200888,0.366156352354665,0.638174017140201
NA,NA,NA,NA,NA,NA,NA,21.1074229486145,21.6352314684524,0.169089616719535,0.477575304596846,0.79894251765437
"Q01939",NA,6,5,5,NA,3,21.7339755596171,20.71989968194,-0.799963324834132,7.73533195853594e-06,5.39193519653994e-05
"Q96CS3",4,3,3,5,2,4,19.7616522408915,20.0196013546695,0.214803543580435,0.0941966552045486,0.212522684346907
"O00159",NA,NA,NA,NA,2,NA,19.4065328389622,20.1034620563143,1.11500689372201,0.000856843931731321,0.00373348386869939
"Q9UJW0",NA,1,NA,2,3,2,19.5999638927711,19.6551968664292,3.30694873569325e-20,0.999999999813896,1
NA,NA,NA,NA,NA,NA,NA,19.509941133226,19.138860806978,-1.36811227515543e-19,0.999999999788155,1
"O95299",6,4,5,5,3,4,21.1323123596301,20.9582485532286,-1.01713471790514e-18,0.99999999901324,1
NA,NA,NA,NA,NA,NA,NA,19.0885060525768,19.2220721077464,0.242229841476344,0.155371255085033,0.318640871164434
"P34110",NA,NA,4,NA,NA,NA,19.7601878263178,18.8589007357358,-0.678095413116067,0.00389296483803718,0.0139493876712028
"Q9H974",3,1,2,NA,NA,2,19.6708634864971,19.6605699845691,3.06184379910855e-20,0.999999999840771,1
NA,NA,NA,NA,NA,NA,NA,18.4950558383385,18.9586636153122,3.86018956829759e-19,0.999999999276388,1
NA,NA,NA,NA,NA,NA,NA,19.0066958423383,19.3796271243808,0.0271448389161152,0.922419576302753,1
"Q08225",NA,2,4,NA,NA,NA,19.186949915165,18.362813243551,-0.560774506053801,0.014188888510658,0.0424783071188303
"Q96T60",NA,NA,4,7,6,5,19.6833955265082,19.6341421799059,1.22443889301091e-19,0.999999999264467,1
"Q15599",NA,NA,NA,NA,NA,3,19.3692825556104,19.9495773883192,0.631058941998695,0.0517311791327241,0.128470586490179
"Q96DB5",NA,3,1,3,NA,NA,19.7676928880249,19.5706027267715,3.65748698457588e-19,0.999999999204408,1
"Q14145",8,8,7,4,8,9,20.5544225219706,20.4016286978459,1.9839275952307e-20,0.999999999806662,1
NA,NA,NA,NA,NA,NA,NA,20.7167109429676,20.7108179725073,0.113241876486992,0.556435946787005,0.911954254833589
"O14561",4,4,5,6,5,5,22.1029322265839,22.287518265541,0.310280790509657,0.0111977688143672,0.03486234662174
"P23776",7,6,8,NA,NA,5,20.8710157192566,19.8734115900003,-0.728869111559825,1.13219588696834e-08,1.27074670659929e-07
"Q8WVK2",NA,NA,NA,3,NA,NA,20.8891945357109,20.9107545349465,9.85587357447504e-20,0.999999999584454,1
"P20484",NA,NA,1,NA,NA,NA,20.338087581291,19.7764877469925,-0.203860854885734,0.303195150099287,0.547116928658989
"Q9NRP4",1,1,NA,NA,NA,NA,19.8102609736003,19.5349018662404,-1.2045268783882e-16,0.999999993095118,1
"P32501",NA,5,6,NA,NA,NA,19.5381581571719,18.7960479274223,-0.46116952771259,5.81449384968271e-05,0.000342283826722649
"Q9Y535",2,NA,NA,NA,NA,NA,19.4425599033597,19.4562521787198,5.99632666917298e-20,0.999999999742373,1
"P09032",NA,NA,3,NA,NA,NA,19.5598806155127,19.1193822596423,-3.82192217751063e-20,0.999999999852741,1
"P43561",NA,3,NA,NA,NA,NA,20.1238104940899,19.3796706257414,-0.560556755526104,0.000531078809188705,0.00246881035472171
"Q68CZ6",NA,NA,4,NA,NA,NA,19.3544635163952,19.1959154564057,2.31944727208685e-05,0.991338690567709,1
"Q04660",7,4,3,NA,NA,NA,19.6192780570355,19.1384858529007,-1.95717510799914e-19,0.999999999436442,1
NA,NA,NA,NA,NA,NA,NA,18.6962482763336,19.0209604238158,0.452444196747805,0.0338596977335899,0.0896039432225139
"Q96EB1",NA,3,NA,NA,3,NA,20.3482400457723,20.184149419156,4.73439466978375e-20,0.999999999867213,1
"P22517",NA,8,4,NA,NA,NA,20.1003899584984,19.2342163175265,-0.624967860622391,0.0482211070750891,0.121267465874538
"Q12008",2,4,4,NA,NA,NA,20.6777053360859,19.7413609459422,-0.728157100161213,7.55019491183949e-05,0.000433403725834846
"Q9NQW6",NA,8,NA,NA,NA,7,19.426261724565,19.4756702473758,1.22500411727538e-18,0.999999998073931,1
"P40540",1,NA,2,NA,NA,NA,21.1348117121166,19.8819782075443,-1.01014468890569,0.000304122928830975,0.00150599585959304
"Q9HBI1",NA,1,3,2,5,2,20.5731348740516,20.4182893931529,-2.33372859483308e-10,0.999986350723963,1
"P32780",NA,5,6,7,9,6,20.0732189406468,20.0515559717438,1.10976360711769e-19,0.999999999326954,1
"Q9HBU6",NA,NA,NA,2,NA,NA,20.1471407316271,20.0631001945241,2.31628897275427e-20,0.99999999989653,1
"P40043",3,2,3,4,NA,NA,23.3151811858576,22.1577194545906,-0.983847036103807,8.24807685397014e-07,6.82685155962034e-06
"Q9NX08",NA,NA,2,NA,NA,3,19.5846457294095,19.3669711189221,1.11785467242741e-19,0.999999999741385,1
"P21170",NA,NA,NA,2,3,1,18.142451322224,19.5302906323617,1.54147441616689,0.00125745218662752,0.00522639889384305
"Q03862",NA,1,5,NA,4,1,19.5245488159642,18.9016028610009,-0.475255859372341,0.00176724197897345,0.00703603794113032
"Q9NZQ3",NA,NA,4,NA,NA,NA,17.5415522389773,17.4865804487525,-7.37582380733334e-20,0.999999999792641,1
"O15318",NA,2,2,1,1,2,19.6821037961423,19.7433425847055,0.165414505831887,0.265079577120236,0.491402339462289
NA,NA,NA,NA,NA,NA,NA,19.1563332277416,20.5458027119544,1.56797677973593,0.000919389234953246,0.00395817648988453
"Q15386",NA,NA,3,NA,NA,2,19.665744296729,19.4407098336414,-5.99689132730372e-21,0.99999999997567,1
"Q9UM00",NA,NA,NA,NA,1,NA,18.4972529667072,19.0190434729415,4.05414866066178e-19,0.999999999290969,1
"P25440",4,NA,3,NA,4,5,19.0036766636203,19.6294724550216,0.632922527295088,0.00945886638458309,0.0302316898463489
"O43809",8,8,10,8,6,9,21.5741638098816,21.5267859696471,0.0576405217418224,0.403378776181974,0.691557848378547
"Q9NP77",NA,5,4,5,5,5,21.4199096934574,21.3240868068577,5.38996918637376e-21,0.999999999942808,1
"Q8N6N3",2,NA,2,NA,NA,NA,19.6818548134634,19.4254173002803,3.09626361835171e-20,0.999999999879981,1
"P36037",8,8,6,3,NA,NA,20.371009590143,19.4820430846306,-0.551648762066058,0.00263898418831758,0.0100291829923611
"Q96GX2",3,2,1,3,3,2,19.6493653050111,19.8358284174893,0.326659526368935,0.140518329394548,0.29414238361221
"P48445",NA,NA,2,NA,NA,NA,19.7186686648494,19.0631116745505,-0.404509582563134,0.0389399002758849,0.100556976137681
"P17152",NA,1,1,NA,NA,NA,20.3795423867762,20.5363516639858,0.00745854548775329,0.857505694257114,1
NA,NA,NA,NA,NA,NA,NA,17.2547728747403,18.6249081285347,0.826610024635842,0.0464393029163759,0.117658471025284
"P38903",NA,NA,5,NA,NA,NA,20.1712233835355,19.1791054534857,-0.489000199584505,0.0352667602430387,0.0929437824769714
"Q03020",1,1,2,NA,NA,1,22.3338040346195,21.033818950105,-1.00360674793572,7.28850270316215e-05,0.0004217389377587
"Q8IZ21",1,NA,3,NA,5,4,19.1474435521162,19.0047641238576,4.50516135934614e-21,0.999999999978108,1
"Q96JG6",NA,NA,NA,5,NA,2,19.3910210869243,19.4736854338181,0.106483324632607,0.427123807398732,0.726223768017472
NA,NA,NA,NA,NA,NA,NA,18.421784522168,18.4807093481053,1.68206746208409e-19,0.99999999955546,1
NA,NA,NA,NA,NA,NA,NA,19.4244041577221,18.8174147891416,-2.10424063339414e-19,0.999999999244646,1
"Q8TCC3",2,NA,2,NA,NA,2,20.3612615701549,20.0775410687655,-7.84492506877777e-20,0.999999999462836,1
"P0AC69",NA,NA,NA,3,2,4,18.7423876350963,20.2493082092407,1.65881814346564,2.97624477457487e-05,0.000183832506472403
NA,NA,NA,NA,NA,NA,NA,19.5099970845313,19.4780582383595,1.52414275380757e-19,0.999999999613441,1
"Q7Z434",NA,NA,NA,4,4,4,20.2316012091168,20.0495214202985,-1.4323618585187e-21,0.999999999983177,1
"P46984",1,NA,2,2,NA,NA,21.0407470172104,19.9732538677192,-0.736948761597962,0.00814642288484002,0.0265518156060125
"Q96EK7",NA,3,NA,NA,4,3,19.2861225906324,19.5226618795872,0.379426471768989,0.110825532206181,0.243284815562198
"Q9NXR7",NA,NA,3,NA,1,NA,20.4012534011355,20.4709851035475,1.75836700775022e-19,0.999999999664384,1
"P54619",5,5,8,6,7,6,20.2977473729262,20.1588740837892,5.10133021341484e-20,0.999999999578293,1
"P47736",NA,2,NA,NA,NA,NA,19.5601232255988,19.5596135297005,1.22334322150052e-19,0.999999999602557,1
"Q6JBY9",6,4,4,7,7,4,19.8952061427233,19.8761888562853,0.169348032999969,0.295750809046304,0.536874266012627
"Q10589",NA,NA,NA,NA,NA,1,21.4643695909991,21.4678367947714,1.14606383599455e-17,0.999999994295175,1
"P49356",NA,NA,NA,NA,2,NA,20.0805421371276,20.3359853951085,1.22248634545236e-19,0.999999999560723,1
NA,NA,NA,NA,NA,NA,NA,20.4269236062309,20.2703432486228,3.67573149398379e-20,0.999999999828015,1
"Q7Z478",9,6,NA,3,NA,7,19.6557759133085,19.3217858728171,-1.52889660974072e-19,0.999999999471835,1
"Q86Y82",NA,NA,NA,NA,NA,3,21.8840493849383,21.3640407682889,-2.49116430966645e-19,0.999999999584243,1
"Q14746",NA,2,NA,NA,NA,NA,18.8770518424725,18.8904481001402,3.10226620657807e-20,0.999999999857203,1
"Q12165",1,2,1,NA,NA,NA,20.8462513731463,19.9060514158572,-0.763016950542761,0.0014210311693163,0.00581413391190478
"Q9UBB5",NA,1,NA,NA,NA,NA,19.3684773350187,19.5035091901974,0.209074150916852,0.200570541131859,0.392234391749686
"Q9UMS0",1,3,1,4,2,2,20.4567837232702,20.4089561165182,0.0280238583244476,0.622050213217663,1
"P05388",5,4,5,7,4,7,20.836737681271,21.0094471235748,0.300104067636232,0.00150084689266095,0.00608459994642379
"Q15022",3,NA,NA,8,NA,8,19.3158308134603,19.3213208243338,3.6971753469579e-20,0.999999999755399,1
"P17706",NA,NA,NA,3,NA,NA,18.9545616369593,19.0091907599559,1.51446624432302e-19,0.999999999588377,1
NA,NA,NA,NA,NA,NA,NA,19.6228503821441,19.4547013678115,3.02031259607037e-20,0.999999999852461,1
"P42938",NA,4,NA,NA,NA,NA,20.9983991888754,19.1127441372687,-1.91041709715262,1.28898017409665e-05,8.58675129834128e-05
"Q9H6D7",NA,NA,NA,3,1,NA,19.4147950266044,19.4851554623804,1.36002815754439e-19,0.99999999957445,1
"Q15836",NA,NA,NA,2,1,NA,20.8493290936573,21.0140080937205,0.246925746767359,0.187537533413911,0.371660608129457
"Q03426",NA,1,2,2,NA,NA,19.444004778162,19.5538308915876,0.181793624797011,0.332306835639056,0.591690782346209
"P38248",6,6,5,3,3,5,22.6032136608239,21.4008135639369,-0.979693622503899,3.83995876875146e-05,0.000234668666704737
"P63208",8,5,4,5,6,6,22.6635954800777,22.7398571242803,0.0326114605705653,0.587762684352545,0.958124590570736
"Q8N4P3",NA,2,NA,2,1,1,20.6746507080043,20.2924361939433,-0.127878630789599,0.386530714216844,0.667833390331528
"P29218",6,5,6,NA,8,6,21.5784742079977,21.5746325641397,5.85396226875324e-20,0.999999999649252,1
"Q02892",NA,NA,6,NA,NA,NA,20.5109576201778,20.6323404644341,0.265470282464276,0.24064240941579,0.455020013084134
"Q9GZM5",NA,NA,2,NA,NA,NA,19.933587816388,18.9400751991046,-0.608789352219018,0.0377463398401122,0.0982233446680347
"P19073",NA,2,2,NA,NA,NA,21.0753947273178,20.0154885161533,-0.896370267333793,0.00162268869411463,0.00653265253059826
NA,NA,NA,NA,NA,NA,NA,20.2271356081634,19.7570594641887,-0.258815823331997,0.121848690064626,0.262488832331152
"P36973",NA,NA,1,NA,NA,NA,18.8031358467118,18.0191865095272,-0.441600858460488,0.142570318384015,0.297347704597087
"Q3KQU3",NA,8,4,12,8,3,19.696642707856,19.6207814259386,1.20151998080091e-19,0.99999999929033,1
"P36405",3,1,2,3,NA,3,20.2135504449921,20.4364163620226,0.452685414049209,0.0029746618917781,0.0110929699118732
"Q00362",NA,3,2,NA,NA,NA,20.8068330619157,19.4678168024037,-0.57674146449197,0.0486761317643714,0.122305141179729
"P07143",NA,NA,3,NA,NA,NA,19.9337405580741,18.5098263001066,-1.27242907853674,5.89421654774971e-07,5.00054930352472e-06
"Q96EY8",NA,NA,4,NA,NA,NA,20.1126395302645,19.7359579209688,-7.60279785763033e-20,0.999999999707211,1
"Q6ZT62,Q9Y3L3",NA,3,NA,NA,6,NA,21.2338735175862,21.7188909667903,2.33350410244822e-19,0.999999999624478,1
"Q12834",NA,NA,2,NA,NA,NA,19.5790126121677,19.4706544349716,1.31540572775939e-20,0.999999999933909,1
NA,NA,NA,NA,NA,NA,NA,19.3691421051523,19.3512051047687,-6.82943668706225e-22,0.999999999994986,1
NA,NA,NA,NA,NA,NA,NA,18.9560865377173,17.9899632408311,-0.790908658852709,0.00978081440718814,0.0310542203164933
"P36147",3,2,2,NA,NA,NA,20.7501445124193,19.3901750992277,-0.919163137132744,0.00499826693596097,0.0173183194916269
"P56270",NA,NA,3,NA,NA,NA,19.5300338675619,18.956796678867,-0.177896340306531,0.327502733789965,0.584218698588222
NA,NA,NA,NA,NA,NA,NA,NA,NA,NA,NA,NA
"O00411",NA,NA,5,3,7,5,20.835196207724,20.6593366619321,-3.90034707582795e-21,0.999999999981673,1
"A5PLN9",NA,NA,NA,1,NA,NA,19.2886246658015,19.3574224799023,8.70605912240217e-20,0.99999999982493,1
"Q8WW59",NA,NA,2,NA,NA,NA,19.2379610292111,19.637993701439,6.46612760321797e-20,0.999999999826627,1
"P19812",NA,NA,5,NA,NA,NA,19.278853312581,18.7606622948129,-0.198373522419026,0.180821452569759,0.360621384707947
NA,NA,NA,NA,NA,NA,NA,20.2977201492219,20.04049456011,-4.53114294337491e-20,0.999999999863499,1
"Q8IUR7",NA,2,4,NA,6,6,19.4638164942539,19.0511678590302,-4.45889182595203e-10,0.999967255104856,1
"P49687",NA,4,6,NA,NA,NA,19.4288057252984,18.7524441272003,-0.430253702869162,0.00745471835232826,0.0245609766845127
"Q9UHD2",NA,NA,3,NA,NA,4,19.8274910545427,19.919418060156,1.49997601109956e-20,0.999999999915532,1
"Q07657",NA,4,NA,NA,NA,NA,20.035325666922,19.0012326941795,-0.801449624775198,0.0511445743428944,0.127507800079584
"O95825",2,NA,NA,1,NA,NA,20.077779675873,19.796426008002,-8.1045564647102e-20,0.999999999833429,1
"Q14241",NA,NA,2,NA,NA,NA,18.6849259815266,18.7197361109272,0.0950575553317514,0.805058458002175,1
"Q9BQ48",1,NA,1,2,2,1,20.6733860880323,20.7106481318124,1.73102789176354e-19,0.999999999322134,1
"Q6NXR4",NA,NA,3,2,NA,3,19.1836946052744,19.2527790107621,7.31314390880404e-05,0.990685374701603,1
"P38841",4,NA,3,NA,NA,NA,19.7239384183808,18.8462803775417,-0.764880517924262,3.80013760999856e-07,3.36242237301866e-06
"Q9GZS1",NA,NA,2,NA,NA,5,20.108855385341,20.1671418690852,0.0919998285522436,0.402304423342724,0.689920992349636
"P04456",6,7,6,6,6,7,25.0202014802591,23.7562363873919,-1.08477570099537,8.44769084183883e-11,1.2858767405427e-09
"P47154",6,5,4,NA,NA,NA,20.86483841609,19.7481372970976,-0.974476494057699,3.63972989173042e-05,0.000222904477127312
"P68206",2,NA,NA,NA,NA,3,21.0089729369849,22.283842493922,1.53336802230455,2.29321305225818e-05,0.000144585203262049
"P22276",NA,NA,2,NA,NA,NA,NA,NA,NA,NA,NA
"P06785",6,5,NA,NA,NA,NA,20.0814735031386,18.9668096737367,-0.962245816323152,9.37011575687123e-09,1.06200781535148e-07
NA,NA,NA,NA,NA,NA,NA,18.416173283948,18.7966084451077,2.2134769632732e-19,0.999999999590737,1
"P38225",NA,5,2,NA,NA,NA,20.4254753526384,17.9184322400552,-1.39234376466083,0.0106137954877795,0.033295805420881
"P04425",NA,NA,NA,NA,NA,2,19.4476487956825,20.2571312200741,1.10062661100146,0.00914672555617306,0.0293478641454741
"P38067",NA,NA,NA,2,NA,NA,19.9053894140943,19.0164195925734,-0.624807090781735,0.0116607672911148,0.0361283386157042
"P62072",NA,3,3,NA,NA,2,21.0402244229865,20.7941948853582,3.62588433905342e-17,0.999999994159274,1
NA,NA,NA,NA,NA,NA,NA,20.4466422646497,20.416642622958,0.188982204320649,0.0926548361983099,0.209617941187471
"P40481",NA,1,NA,NA,NA,NA,20.5537286837841,20.0163413178127,-0.32797668357895,0.0740680783835089,0.173628095974995
"Q9UJY4",NA,NA,NA,NA,3,5,20.3436895756268,20.1782052528067,-3.52480822657299e-21,0.999999999978031,1
"P46682",NA,3,2,NA,NA,NA,20.603143658242,18.6912141427134,-1.53478083978322,0.00874358898074649,0.0282112778690864
"P78560",NA,1,1,NA,NA,NA,19.9391378914194,19.8833977410624,9.38021766378501e-20,0.999999999632712,1
"A5Z2X5",NA,1,NA,NA,NA,NA,20.8069302597732,20.0663352536183,-0.519547936799825,0.0123607171644325,0.0379707014492072
"P33441",NA,1,NA,NA,NA,NA,23.2944427516095,22.8629877577078,3.12491122543739e-19,0.999999999594411,1
"P49459",NA,NA,NA,NA,1,2,21.2535724419298,21.8809362593665,2.92572114401928e-19,0.999999999232812,1
"P13586",6,8,8,NA,6,5,21.6602221445729,21.042617355842,-0.605179308291975,0.00235492098730734,0.00909339971604824
"Q9NRX5",NA,2,NA,NA,NA,NA,20.507435069907,18.9643875194306,-0.41900814645715,0.23439371777988,0.445541139331837
NA,NA,NA,NA,NA,NA,NA,19.0317384787152,18.8866063548296,6.71507603068041e-20,0.999999999728617,1
NA,NA,NA,NA,NA,NA,NA,19.8561085972225,18.9021366062477,-0.629043252377804,0.0100338145069456,0.0317004796772012
"Q32P28",3,3,NA,NA,NA,2,20.1643477747446,20.0866861136349,2.04506516596125e-20,0.99999999987701,1
"P23292",6,5,5,6,3,3,20.308808946865,19.2993912248868,-0.770938569790652,2.37595456203839e-08,2.51041792461529e-07
"Q12000",NA,NA,2,NA,NA,NA,NA,NA,NA,NA,NA
"Q14739",NA,1,3,NA,5,NA,19.7482279750927,19.8613936159716,0.125429773891619,0.262913702570082,0.488171596436048
"P0AC19",NA,NA,NA,3,NA,2,18.8396297921111,19.9344758629974,0.99706074659188,0.000219627325337788,0.00113242167576872
NA,NA,NA,NA,NA,NA,NA,19.2149174812513,18.9749446376642,3.7584728841544e-20,0.999999999856412,1
"Q9BV19",NA,NA,NA,1,NA,NA,19.449273673908,19.9024837851797,0.487059434463573,0.0327358984426183,0.0870693398411548
NA,NA,NA,NA,NA,NA,NA,18.798552623621,18.6609004677565,-4.21067615102156e-20,0.999999999832754,1
"Q86TB9",NA,4,NA,NA,NA,NA,20.1784524244574,19.9991707243057,-4.93007391588274e-20,0.999999999762043,1
"P26646",NA,NA,NA,3,4,NA,19.4677324009528,20.3719560330534,0.739937724789889,0.0266779763981194,0.0727684377497639
"P50914",NA,3,2,3,2,3,23.6919051407344,23.6968192007877,0.0784875184729937,0.491385178929675,0.818596909398007
"P46676",NA,1,2,NA,NA,NA,20.0180487773645,19.1545319049878,-5.076074543154e-19,0.999999999062967,1
"Q9H9T3",NA,NA,2,NA,NA,6,20.104492481962,20.1858888934541,0.12010863175908,0.340420542185864,0.603776153085696
"P23919",6,5,6,6,7,8,21.2238107045416,20.8945104245328,-4.80777891561876e-20,0.999999999577377,1
"P35179",NA,1,2,NA,NA,1,24.1606228070425,23.0361266420712,-0.916948069703264,0.000908080151627246,0.00392119340923472
"P48589",8,7,7,7,5,5,25.3023647051551,24.1199805419036,-0.990351730941371,4.09533398139215e-10,5.61187214694806e-09
"P25605",NA,6,NA,3,NA,NA,21.4639988612499,20.4155620262813,-0.899252811179129,2.44076067567528e-09,3.0087069098228e-08
"P46965",NA,1,1,2,NA,NA,21.3796536557758,20.3678483441063,-0.768411789707009,0.00653492423344376,0.0218171168418617
"P56628",3,2,2,1,NA,1,20.8602626759965,19.9473602596522,-0.659131946552365,0.000987083563500654,0.00421501486146208
"P36141",NA,NA,1,NA,NA,NA,19.7763362134315,19.1098626430979,-1.44033871510546e-19,0.999999999543868,1
"O60568",3,NA,NA,NA,NA,NA,19.6859484075445,19.4892702102101,1.30551425915712e-20,0.999999999927757,1
"Q07381",NA,4,6,NA,NA,NA,19.2195963891581,18.288837466276,-0.613439384447594,0.083588808609781,0.192350952082101
"P0C0W9,Q3E757",NA,4,4,NA,5,NA,25.9389822005537,24.8909470065458,-0.859466059567283,9.27141753988077e-08,8.98937946009616e-07
"O00178",7,NA,6,7,4,5,20.94731730101,20.9951607506927,-4.42572229062781e-20,0.999999999857357,1
"Q9NPI1",3,1,1,NA,NA,2,20.0104169955068,19.7780300117403,3.47098088743652e-20,0.999999999953045,1
"Q02241",NA,NA,NA,3,NA,NA,18.6510348424021,19.5752077083358,1.11611621164814,0.00382327094304685,0.0137337796204466
"Q9UGR2",NA,NA,3,NA,NA,4,20.3942368258494,20.0231469647357,-1.50996868999121e-19,0.999999999751078,1
"Q32P44",NA,6,NA,4,NA,NA,18.9889556887269,18.8119187341365,-2.45639225121835e-20,0.999999999919485,1
"P52490",3,3,3,1,1,1,22.5313769294289,21.3464780800963,-0.993445927237252,0.000238473604499074,0.00122076050621108
"P82909",NA,4,2,4,5,5,20.736411312101,20.7504473345765,0.108839122925181,0.294631736633535,0.535179624886292
"Q96HW7",NA,7,6,4,NA,3,18.1564610717475,18.5183007629855,0.449809638812741,0.0140537801538316,0.0421394270828767
NA,NA,NA,NA,NA,NA,NA,18.6136436697495,19.3401719863085,0.709658242896262,0.0366620069184839,0.0958328581389822
"Q9NW82",NA,7,6,NA,7,3,20.259051324573,20.6515247714169,0.562290835592209,0.00378518056094087,0.0136223996606786
"P60983",NA,NA,NA,4,2,NA,22.3994664487755,22.7910098505961,1.22618618572301e-19,0.999999999905513,1
"O60508",NA,NA,4,4,NA,NA,19.5017665890312,19.8288109050795,0.209244206411365,0.151641820566003,0.312436308159026
"P46776",NA,4,4,4,4,4,25.1871538601904,25.133548208677,0.0544521118873499,0.399648459743085,0.686182132219601
"Q0VDG4",NA,NA,1,NA,NA,NA,19.9192156085681,19.8396952071182,1.14263212769332e-19,0.999999999681155,1
"Q2TAL8",NA,NA,3,3,NA,3,19.539781540907,19.6219125019188,0.0380319449551572,0.668252153977868,1
"Q9NRK6",2,NA,8,NA,NA,NA,20.1412485109024,19.8499742085746,-0.010980591344881,0.825173028468303,1
NA,NA,NA,NA,NA,NA,NA,18.9352057924713,17.9764232684101,-0.638888253580252,0.0168617385318852,0.0491786499446138
"Q9NTM9",NA,NA,NA,1,2,NA,19.8144875084106,19.9824657855412,0.0758215548283632,0.550679665472357,0.904833662805477
"P47089",3,4,3,4,2,2,21.7060525982057,20.7183389575295,-0.67133493702442,0.00950508389568181,0.0303558378332721
"Q6VN20",NA,2,NA,2,NA,NA,19.7406943358246,19.8093270385028,7.39155754774059e-19,0.999999999112603,1
"Q08193",4,5,8,4,5,5,20.6613827411759,19.832114068288,-0.597648984953382,0.00403015315714569,0.0143518231873911
"Q9Y6A4",NA,2,2,2,1,NA,20.9190917372058,20.8079742694487,9.87328279752401e-20,0.999999999581035,1
"Q9BWJ5",5,6,4,6,7,6,22.1454800974907,22.0525260794862,1.97002744610826e-09,0.999913710962526,1
"P00403",NA,4,4,5,4,4,19.7544819031194,19.9344246845781,0.348034906206171,0.041234623091993,0.10572557360787
"Cont_P68138,P68133",NA,NA,NA,NA,NA,2,18.9458631301594,18.6168746829129,-5.35328645407681e-20,0.999999999818979,1
"P69891",2,3,2,2,2,2,23.0550381864838,22.8196304362825,-9.81396303474981e-20,0.999999999681123,1
"P69892",2,2,1,2,2,1,23.4100692120535,23.3177553305993,1.391332748517e-20,0.999999999892769,1
"O15392",2,3,3,3,NA,4,20.6242920115894,20.7226184686732,0.364606785960448,0.0457912031367086,0.116169503472151
"P31150",3,5,5,5,2,5,20.4402418062803,20.5053521035007,0.0576217630921621,0.479211549724923,0.800860785157324
"Q14202",NA,NA,5,NA,NA,NA,19.538791142458,19.8719216001945,0.379038414518067,0.0298526640505861,0.080289053103884
"P20424",NA,NA,7,NA,NA,NA,20.2324811053515,19.1448439181319,-0.869430596942562,0.0783461644558829,0.182323123334404
"Q9HCG8",11,8,11,8,8,8,19.4954785662463,19.5327390392159,4.76303339904293e-20,0.999999999614672,1
"P80967",NA,1,NA,NA,NA,NA,21.6346974387708,20.8175501428587,-0.418646843736011,0.0712990061927013,0.168093161718714
"Q9BV57",4,NA,NA,5,NA,NA,19.3537168825002,19.8892984715223,4.67734061938742e-10,0.999962558264771,1
"Q92928,Q9H0U4",NA,NA,3,3,2,NA,21.6847009402258,21.680016355585,0.128928233257791,0.217835430060758,0.419274561209502
"P29453",NA,3,3,1,3,2,23.7381989075466,22.5804089439868,-0.943492173050976,2.27142201559012e-05,0.000143525012135152
"P17076",3,NA,3,1,3,3,22.6600844054555,21.7383409831724,-0.702890670710192,0.999955801913242,1
NA,NA,NA,NA,NA,NA,NA,20.2989600751301,20.3215118501641,1.12917276159932e-19,0.999999999473393,1
"Q96EK6",NA,2,3,2,3,2,19.525755087381,19.6088366848446,1.4158060076494e-19,0.999999999207193,1
"P61204,P84077",5,4,4,4,4,4,23.6044766221156,23.4830546407568,-1.57144571478998e-20,0.999999999843726,1
"Q00169",2,4,2,4,3,3,20.4504772870242,20.5158959505411,2.82777561311665e-10,0.999970549186998,1
"Q15532",2,NA,2,1,NA,4,20.4774229179569,20.4662371747078,-9.54487798718917e-21,0.999999999946317,1
NA,NA,NA,NA,NA,NA,NA,19.6863019439442,18.821537746283,-0.605451106773116,0.0101317721534407,0.0319399964771582
"P62875",3,NA,NA,NA,NA,NA,21.1726835424336,21.0680371213631,1.46027185194958e-19,0.999999999453367,1
"Q9Y3D8",NA,NA,NA,5,3,3,20.9441777967268,20.9326783466243,0.161661840076947,0.168482364895281,0.340098190085312
"P67812",NA,3,NA,NA,NA,NA,18.3354857783669,17.886008544026,-7.63186874706746e-20,0.999999999697851,1
NA,NA,NA,NA,NA,NA,NA,22.967936010726,20.0897404466496,-0.763846628946154,0.239843125180665,0.453836205779891
"P62070",NA,2,NA,1,NA,NA,22.3390675769262,21.7911881353887,-1.42681970498008e-19,0.999999999785453,1
"P23721",NA,NA,NA,4,4,NA,18.0313283405587,19.9469872002017,2.19719904151904,5.8458618344658e-06,4.16869924882981e-05
"Q15018",NA,NA,NA,NA,NA,3,19.2883679527536,19.0305820476013,-6.04172158373778e-20,0.99999999968954,1
"Q08742",2,3,4,NA,NA,NA,20.4493826496758,19.5109239392577,-0.649841277850689,0.0653222463268043,0.156172415689736
"O15014",NA,NA,NA,9,NA,6,18.5195600245596,18.4487554406298,3.4034365448184e-20,0.999999999840906,1
"P33298",NA,3,3,2,1,2,21.3249355182595,19.9393500657192,-0.991624110990188,0.00240037721919939,0.00923185078504086
"Q9UMX5",NA,NA,1,NA,NA,NA,20.2181003757909,20.0788920828473,-1.42952138309846e-20,0.999999999921837,1
"Q15398",6,5,4,6,NA,NA,19.7260384776088,19.7932531264835,0.187753107593984,0.040941570676094,0.105067580618499
"Q9HB90,Q9NQL2",NA,NA,3,NA,NA,NA,20.237057558118,19.9504093782473,-0.0998028656625542,0.487826423580519,0.813608163525879
NA,NA,NA,NA,NA,NA,NA,21.8106443180642,21.6728606687777,3.42592091695538e-20,0.999999999842635,1
"Q12451",NA,7,NA,NA,NA,NA,19.5329919296809,19.0809228514079,-0.327296558452341,0.197836633815917,0.387940020558811
"P23434",2,2,2,2,2,3,20.5144938065556,20.390139083449,5.33978018758174e-20,0.999999999748356,1
"O43182",NA,NA,NA,4,NA,2,19.7144566962228,19.2136506409605,-1.81754094014053e-19,0.999999999294663,1
"Q05933",2,2,3,NA,NA,3,21.3020824831987,20.3025354731879,-0.817719350577233,1.31576193556385e-05,8.74496613625331e-05
"O75438",NA,NA,3,NA,NA,NA,18.8814799839277,19.027358242343,1.38434717344404e-19,0.999999999520191,1
"P56385",4,4,4,3,4,4,21.2963435280135,21.2375762795419,4.23917889310559e-20,0.999999999645924,1
"Q13418",NA,3,NA,NA,NA,NA,NA,NA,NA,NA,NA
"P0AG48",NA,NA,NA,NA,NA,2,21.4137011348435,21.7379583386908,3.56469190786192e-19,0.999999999269052,1
NA,NA,NA,NA,NA,NA,NA,19.1991148178968,18.9729885854643,-5.89028175776346e-20,0.999999999859971,1
"O75718",NA,NA,2,NA,1,NA,19.2931078782491,18.8253038025164,-2.53083256836048e-19,0.999999999188267,1
"P11076",2,NA,2,NA,NA,NA,22.3724350328307,20.2353987945158,-1.60319451337305,0.0272935906166615,0.0740711210412805
"P63167",2,2,1,2,2,2,21.8727357779451,21.6716095549112,-1.12583174339787e-20,0.999999999953282,1
"Q96FJ2",1,1,1,1,1,1,21.4014237851405,21.1302138923755,-1.23254699479011e-19,0.99999999963877,1
NA,NA,NA,NA,NA,NA,NA,19.1818739205144,19.0128501148739,5.96863355852204e-20,0.999999999774226,1
"Q9NZ63",7,6,6,6,8,7,21.2985671665173,21.252506297521,6.49959235593324e-20,0.999999999419973,1
NA,NA,NA,NA,NA,NA,NA,NA,NA,NA,NA,NA
"P36018",2,3,3,4,NA,NA,19.9999565455447,19.2345901732839,-0.797691676802376,0.00072913640575887,0.00324566969507941
NA,NA,NA,NA,NA,NA,NA,19.4032926238644,19.1320946675975,-7.43484827541922e-20,0.999999999784821,1
"P0DMU9",NA,1,1,1,1,1,20.0416706787288,19.8956250503924,7.10494207353606e-20,0.999999999638164,1
NA,NA,NA,NA,NA,NA,NA,19.5891796338285,19.0631533299768,-0.191596720532955,0.324614614978809,0.579604368249071
"P32019",NA,3,NA,4,NA,NA,21.6390422480162,21.657415908024,0.154477977021702,0.35278789284799,0.621277548994672
"P16370",1,NA,NA,NA,NA,NA,19.9577580759393,18.6649270810441,-0.883649229907721,0.0137362269127073,0.041316106913143
"P08518",7,4,6,3,NA,3,20.2867866750726,19.259398288213,-0.895896133005799,3.987478906353e-09,4.74304449706195e-08
NA,NA,NA,NA,NA,NA,NA,19.4367406839889,18.2144578939879,-0.908011173530133,0.00832373784727035,0.0270533203610719
"P36160",NA,3,3,NA,NA,NA,18.711675139868,17.7491183491468,-0.810718707009226,0.00391755169997406,0.0140013625231091
"Q9NS91",NA,7,7,8,5,8,19.9377921112828,19.9202325167983,2.80410868015702e-10,0.999975742243975,1
"P34237",NA,NA,4,NA,NA,NA,19.2188743733189,18.4074497772016,-0.476963975222265,0.137138188992448,0.289374620445294
"Q13416",NA,5,5,6,NA,3,20.5379002886425,19.8421757940161,-1.52250403544859e-19,0.999999999586499,1
"P06780",3,3,3,3,3,2,22.4156548702426,21.4583458376723,-0.784212625041721,7.42998924384009e-08,7.31460886479752e-07
"Q9Y276",NA,NA,NA,NA,4,NA,20.5719373346812,19.9673341357518,-0.371749642902597,0.0709533511930877,0.167346640651236
"P38138",NA,4,3,NA,NA,NA,19.8967024891893,19.2612901952023,-0.466196870353151,0.0334159730731064,0.0886329878890809
"P48570",NA,3,2,1,2,NA,21.9260676566789,20.8858505604135,-0.831429351174963,5.80664130007734e-06,4.14585565100819e-05
"Q9UKN8",8,8,7,11,7,10,20.6684654941635,20.7012632101362,0.202163485937628,0.297886198678613,0.539731620658579
"P33981",NA,5,2,5,3,3,20.3971002666852,20.0626677218612,1.16549178971226e-21,0.999999999988143,1
"Q08170",NA,2,3,4,3,3,21.9007135702921,21.9994730557271,0.194447599660874,0.287894838396269,0.526256439387857
"P28321",NA,3,4,NA,NA,NA,19.9627810960798,19.1307467850264,-0.517800678630058,0.0156408182116253,0.0462016796020821
"P36068",2,NA,NA,NA,NA,NA,19.9091461278479,18.7711921340962,-0.891261022829971,0.0140217997076767,0.0420653991230301
"P33417",NA,NA,2,NA,NA,NA,21.1930790473751,20.0170948633296,-0.747792799347214,0.0353560102813698,0.0930939403529083
"P33204",1,3,3,NA,NA,3,21.5121646945288,20.4594374070336,-0.747200918859298,0.00307580054283244,0.0113891484798462
"Q12164",3,4,NA,2,2,NA,21.9443864124333,20.758083108127,-1.04989052236987,2.74966527863877e-05,0.000170751549972735
"Q99611",NA,NA,2,NA,NA,NA,19.3718749857049,19.1283550238211,-9.26101989571339e-20,0.999999999816046,1
"P25655",7,NA,8,NA,NA,NA,19.7261635526091,18.6184045334485,-1.0114320604776,3.06660141581538e-06,2.33393450763046e-05
"Q02647",NA,1,2,NA,NA,NA,20.0957446881874,18.5804551667619,-1.4074123383635,0.00108998339561157,0.0046120380254681
"P47076",NA,1,NA,NA,NA,NA,NA,NA,NA,NA,NA
NA,NA,NA,NA,NA,NA,NA,18.4352610902819,18.4353233230251,0.0127155574256653,0.943301531686244,1
"Q99797",NA,NA,NA,5,NA,NA,18.3271465776599,19.2408041543043,0.799842264555578,0.0536354417940113,0.132062681907662
"Q9NXF1",4,4,2,4,5,4,19.8429525754603,20.1298422764007,0.514420078582451,0.00056743564616935,0.0026146455613027
"Q9NV56",2,2,2,2,5,2,20.3689576728247,20.3762659878503,0.274404007381025,0.0106622492957476,0.033411469955007
"Q9Y2Q5",3,3,2,3,1,2,20.4444709396856,20.3175203734814,0.102112057531362,0.252013130334422,0.471727368234679
"P21306",NA,NA,2,2,NA,3,21.4294943299062,20.5694857829024,-0.75295234673085,0.000219653294363875,0.00113242167576872
"Q13247",NA,4,6,4,4,4,22.4482928066731,22.3015146104413,3.52539965941224e-20,0.999999999724764,1
"Q9BZE1",6,5,4,6,7,6,20.6450185881476,20.6377629152551,0.00906910878264741,0.759919246022226,1
"Q9BT09",NA,NA,NA,NA,NA,1,19.6626197651754,19.6893806587911,9.04176121378895e-20,0.999999999527906,1
"O75506",NA,3,4,2,3,2,21.0088215277113,21.008923219806,8.84338984750347e-20,0.999999999420663,1
"P84085",NA,NA,2,2,2,NA,20.9137540062417,20.9582343754638,0.0409869601820034,0.644242545045955,1
"Q6GMV3",NA,2,2,2,NA,2,21.0341655170384,21.3470285006009,9.04653432045982e-11,0.999987033032827,1
NA,NA,NA,NA,NA,NA,NA,NA,NA,NA,NA,NA
"P61006",NA,2,3,NA,2,NA,21.098383408128,20.512067037931,-0.327920139287064,0.0639690679056387,0.153261233579629
"Q9Y5U9",NA,1,1,NA,1,1,19.2862562498873,19.6242314932624,0.515225503840924,0.0162365666864031,0.0476201083954547
"Q96HP4",NA,1,1,3,NA,NA,19.7194466701489,19.5692474412334,-1.26896086028052e-16,0.999999985877682,1
"Q9H9B4",8,8,8,8,5,9,22.3639758077814,22.2675180147821,4.58668169618607e-10,0.999965882695428,1
"P53990",5,5,5,5,6,9,21.2709231348648,21.1490227237911,4.5953808303051e-20,0.999999999901386,1
NA,NA,NA,NA,NA,NA,NA,20.2029431112651,19.7813994219051,-9.00352217423998e-20,0.999999999631819,1
"P36154",NA,2,NA,NA,NA,NA,20.9216418441701,19.7879198608554,-0.929893459206526,0.000595718006841844,0.00272537445001633
"Q9GZN1",NA,NA,1,NA,NA,NA,19.5289707118671,19.1647026890376,-6.58857411752479e-20,0.999999999723955,1
"Q96BK5",NA,NA,NA,2,NA,3,19.2310000461498,19.5429279165096,0.4582453814878,0.0174743626950114,0.050570513046563
"Q15427",4,3,4,4,3,3,22.0955806921219,22.0125736396929,-4.97935802457814e-18,0.999999998279398,1
"Q9NQ55",NA,NA,NA,NA,3,NA,19.1869276623337,19.4608084263626,0.0498521088855034,0.58427034444429,0.953239710718075
"P32496",5,3,5,3,4,3,22.2121903109124,21.2480860560267,-0.78037612636736,0.00120064266178877,0.00503746001153412
NA,NA,NA,NA,NA,NA,NA,19.1602771706465,18.6740712465314,-1.16850321875565e-19,0.999999999444279,1
"P35725",NA,NA,1,NA,NA,NA,19.5318788478462,19.0000969989989,-0.42747041695149,0.16417126830537,0.333378501326469
"Q9Y2X9",NA,NA,NA,NA,NA,1,19.1674625658977,19.2395288067969,0.170211051732881,0.345403483412647,0.611464679221933
"Q9H5Q4",8,7,9,5,8,8,20.1299761350579,20.3809962509567,0.379176411991408,0.117850647680963,0.255594130252433
NA,NA,NA,NA,NA,NA,NA,19.6302125948244,20.3176917504954,0.173868733832549,0.450758914674879,0.761249466849935
"Q9Y3C4",NA,3,NA,NA,NA,NA,20.4762553323125,20.3787596925358,2.09813696080621e-20,0.9999999998464,1
"Q07688",NA,3,3,NA,NA,3,20.7046962564905,20.0738779175674,-6.89234848903569e-19,0.999999999410801,1
"P25365",NA,1,1,NA,NA,NA,NA,NA,NA,NA,NA
NA,NA,NA,NA,NA,NA,NA,18.4247956525924,18.6610982257279,0.154492645497918,0.390083105685283,0.672561098833951
"O43768",3,3,3,4,5,3,22.6222569243396,22.5996646923242,1.45004119989678e-20,0.999999999882612,1
"P61009",NA,2,2,NA,NA,3,20.2012843498415,20.230207408542,2.10622084761125e-10,0.999974043362963,1
NA,NA,NA,NA,NA,NA,NA,19.2292277091729,19.124364377754,4.26468143555421e-20,0.999999999787702,1
"P34758",NA,2,NA,NA,NA,NA,17.4686199971337,16.4942051249179,-0.529651369274169,0.0496769928739617,0.124440543590918
"P60033",3,NA,2,3,3,2,21.0654778137891,21.1667050272422,1.21382706430976e-19,0.999999999468695,1
"Q15907",1,2,2,1,1,1,20.1226731078248,20.3459545382437,0.209189147342454,0.251877053990553,0.471625681425349
"Q6P1N9",NA,3,5,5,NA,5,20.812645342567,20.699555057519,6.12306646832048e-20,0.999999999526991,1
"P32453",NA,NA,5,2,2,1,20.7086108799889,19.5643123082957,-0.924461568162674,0.00044343395971682,0.00210074290522858
"P0AF36",2,1,1,1,1,1,20.5229359367034,22.2863332509828,1.95561946226893,1.2047731417994e-06,9.74801718799539e-06
"P30665",NA,NA,9,NA,NA,NA,22.6730968213819,17.8661387071311,-3.25844728746708,0.0119143880129048,0.0368547476924654
NA,NA,NA,NA,NA,NA,NA,19.8974007660548,19.4071491302129,-2.25207377835489e-19,0.999999999378791,1
"P46654",2,1,1,1,1,1,22.4543782263179,21.5793163830809,-0.720397398240793,0.00342889994719955,0.0124882094667893
"Q16629",8,5,9,8,8,8,23.7009490557825,23.8136363967843,0.154501072399298,0.126980762457223,0.271866841571674
"Q01081",3,4,5,4,5,5,23.2991301049245,23.2453772617572,0.0543814530955008,0.366645410606831,0.638833395889704
"Q9H0G5",NA,NA,NA,3,NA,NA,19.5767704934973,19.1857025505844,1.75392041683854e-20,0.999999999919876,1
"Q9Y6I4",NA,3,3,NA,NA,NA,19.9063193725371,19.7784054945336,1.86784812849692e-20,0.999999999842577,1
NA,NA,NA,NA,NA,NA,NA,NA,NA,NA,NA,NA
NA,NA,NA,NA,NA,NA,NA,19.9391474137473,19.8669133987045,8.4536638380724e-21,0.999999999929724,1
"P35723",2,2,4,NA,NA,2,21.9661662102249,20.8578517833523,-0.925303410409222,1.13518245619345e-06,9.21078423316456e-06
"P53224",1,NA,NA,NA,NA,NA,20.0807903515055,18.9882082420285,-0.909436616727361,0.000950987700960965,0.00407899483036714
"P48837",NA,NA,5,NA,NA,NA,20.3597051942242,19.197359344932,-0.947409607404857,0.000409190043315482,0.00195739416242704
"P53367",NA,4,7,2,NA,5,19.5404299855243,19.4072837796905,6.80805824769909e-20,0.99999999953792,1
"Q04934",NA,1,NA,NA,NA,NA,19.079174946273,17.54012639987,-1.39573175048394,6.19675130277879e-05,0.000364043363194815
"Q92804",5,5,5,8,6,6,20.3715134642307,20.2115204753554,1.84044284836555e-17,0.999999993929211,1
"P83916",3,4,4,3,4,5,22.389548399978,22.2671949358843,4.74898047191098e-18,0.999999996633492,1
"P0AEU0",NA,NA,NA,2,NA,2,19.3303119445349,19.8859649395724,0.916258828948181,0.000813952835096303,0.00356815646327551
NA,NA,NA,NA,NA,NA,NA,18.9938799641894,18.1821134948909,-0.352072370613421,0.0676964721230528,0.161154205776282
"P32623",NA,2,2,NA,NA,NA,21.525414275236,20.4584157675376,-0.887154907148809,0.0506919858617874,0.126598297158724
NA,NA,NA,NA,NA,NA,NA,NA,NA,NA,NA,NA
"Q8IWV7",NA,NA,NA,NA,3,NA,18.5242609269286,18.8368135357877,3.99842388599195e-19,0.999999999168429,1
"Q06413",2,2,NA,1,2,1,19.8904749778368,19.7798573966066,4.20009510295211e-20,0.999999999841807,1
"Q9BWW4",1,3,1,2,1,1,20.4789180954702,20.3909167905515,2.89428718958258e-20,0.999999999876749,1
"Q96L92",NA,2,NA,8,3,NA,19.0961267585877,19.3867971175504,0.469884328333879,0.00379037339496016,0.0136240897916045
"Q9BVQ7",NA,8,7,6,7,8,19.8783389450482,19.5606445911739,-2.92831773699038e-20,0.999999999853356,1
NA,NA,NA,NA,NA,NA,NA,19.8393647535833,19.2036280736757,-0.35077925593995,0.0865520317331411,0.198142329789084
NA,NA,NA,NA,NA,NA,NA,20.5307040820894,20.9696113270195,0.31216256835748,0.144879217169643,0.301409377515929
"Q9P265",NA,5,4,NA,NA,6,18.9636239717838,19.0068526799258,0.208377769980697,0.0949601682655269,0.21382717046207
NA,NA,NA,NA,NA,NA,NA,20.1706850594562,19.8393443762581,-1.55741788137504e-19,0.99999999930908,1
"Q6IN85",NA,NA,6,NA,NA,NA,18.8560516468723,19.2145893005425,0.380721189734715,0.0860945224528829,0.197408306848443
"P77808",NA,NA,NA,1,NA,NA,17.279579974816,19.012452198175,2.27612511958864,3.36857091085689e-06,2.54362376763526e-05
NA,NA,NA,NA,NA,NA,NA,NA,NA,NA,NA,NA
NA,NA,NA,NA,NA,NA,NA,20.6566633242762,19.8096012515967,-0.617457807181395,0.00745123862157255,0.0245609766845127
NA,NA,NA,NA,NA,NA,NA,20.6605736718488,20.0366692552582,-0.383941677390033,0.0454736371834394,0.115465410612351
"P39926",2,3,3,4,3,4,21.7182891310673,20.8281749585848,-0.653375169357957,0.00908335894119587,0.0291770031914025
NA,NA,NA,NA,NA,NA,NA,19.1640928798889,18.8309155287174,-1.10749434165253e-19,0.999999999690719,1
"Q9H1K1",NA,NA,3,NA,NA,NA,19.7779464773893,19.8646059949293,1.29124852621593e-19,0.999999999437267,1
"Q9BWS9",4,NA,2,2,3,NA,20.5052216938538,21.010588002623,0.534602150951842,0.0313909704019373,0.0838400501151743
"P40037",4,4,4,5,4,2,22.440325865464,21.2732740611794,-0.86493769319412,0.000140701676084894,0.000768662849747871
"Q8WVX9",NA,1,NA,NA,NA,3,21.4897493187372,21.0608590786761,-2.20042768795335e-17,0.999999993504292,1
"P10869",6,4,4,NA,NA,NA,20.8007648323017,19.5515854481435,-0.514530229185824,0.00800848386990251,0.026158480028689
"Q9BVW5",NA,NA,NA,2,2,NA,19.4222387492155,19.2567371295338,7.02689579164653e-20,0.999999999716795,1
"P38853",NA,9,5,NA,NA,NA,19.4332060562667,18.3521570710475,-0.808543036499012,0.0123737496784385,0.0379827290269831
NA,NA,NA,NA,NA,NA,NA,19.7495349651456,18.2199485038289,-1.31324028141497,0.000357581158833358,0.00174351923493198
"P38069",4,NA,7,NA,NA,NA,20.3865453000599,19.3800678270532,-0.673403780197337,0.000133085243913321,0.000733303507293171
"Q16540",3,4,6,3,4,5,19.6414992937236,19.6970660905979,0.217393425222357,0.0698318516457236,0.165038898871028
"Q04225",4,NA,3,NA,NA,NA,19.9875931177029,18.9891126490577,-0.706044442944138,0.0144433083385894,0.0431504121208299
"Q96EB6",NA,3,3,5,NA,3,19.922995825194,19.4584546476776,1.45684570612399e-19,0.999999999454144,1
NA,NA,NA,NA,NA,NA,NA,17.8568668906676,19.9933923271943,2.00468794220513,0.000205432787660647,0.00107155673780676
"Q9UBN7",NA,3,NA,NA,NA,NA,19.3574495473576,19.2752112932919,1.30621577610086e-06,0.997861138349905,1
"Q8IYD1",NA,1,1,NA,2,2,23.4438145659066,23.4472179658331,1.79346297640485e-20,0.999999999926718,1
"Q8NFD5",NA,NA,NA,NA,NA,6,19.0611621737848,19.2785480024319,0.431913118745724,0.00972808297462323,0.0309746073216421
"P0CG12",5,1,3,NA,NA,NA,19.4791536664217,19.359806483803,1.86105502564708e-20,0.999999999890783,1
"P60468",1,NA,1,1,1,1,20.2914345638231,20.2294428336353,2.14136905666793e-20,0.999999999920175,1
"O60671",NA,1,NA,3,NA,NA,20.1252797600019,20.1750540920793,1.42265612032356e-19,0.999999999636809,1
"Q06137",NA,NA,2,NA,NA,NA,18.552172795258,17.8454099787642,-1.20959117317459e-19,0.99999999963483,1
"Q02889",NA,1,NA,NA,NA,NA,21.6716511108951,20.8555661224936,-5.82813222539983e-19,0.999999999352922,1
"P0DTW1",1,2,1,2,1,3,21.7454489903244,21.5467574476898,-1.49818047608403e-20,0.999999999950038,1
"P49458",4,4,5,3,3,4,24.3631572811897,24.3976336317304,0.211832925027259,0.0373746486633851,0.0974748409308627
NA,NA,NA,NA,NA,NA,NA,18.4185371340454,17.8949180014112,-0.0470558959181087,0.716754532155642,1
"Q12515",5,7,6,NA,6,5,20.7611629380822,19.657262957353,-0.826831839660109,0.00893435093323177,0.0287303626163958
"P60602",1,2,1,1,2,1,21.2999310587684,21.2627226908111,3.42890621785776e-20,0.999999999849242,1
NA,NA,NA,NA,NA,NA,NA,21.9269355204358,21.7331529576818,-3.75616960544955e-20,0.999999999810063,1
"P39990",NA,4,4,NA,NA,NA,20.4608985234474,19.3254841372163,-0.913118917424142,6.93830690376236e-05,0.000403092573291088
"P38695",NA,3,2,NA,NA,3,20.4298351219436,19.4259204843898,-0.749655249581953,0.000440116505855372,0.00209318394252237
NA,NA,NA,NA,NA,NA,NA,20.5702030151209,19.5321259529592,-0.764827788091263,0.00406096173975775,0.0144386435243933
NA,NA,NA,NA,NA,NA,NA,18.7922987520919,18.6034540854476,3.95221279636351e-21,0.999999999980881,1
"P52871",1,NA,NA,2,NA,2,21.7922227053231,20.6781239414665,-0.846380210149653,0.00174839369835135,0.00697119695154554
"P61020",NA,NA,NA,NA,NA,2,19.2942449192394,19.7495693678997,0.607908002449014,0.00361844231950645,0.0130958555465701
"Q16384",NA,2,1,2,3,2,19.617914748412,19.4733229392274,3.72412081917061e-20,0.999999999796995,1
"P12754",NA,NA,3,NA,NA,NA,19.1683917132764,17.7489920125033,-1.00845699493019,2.85486745470579e-05,0.000176713844916284
"P56556",NA,4,2,3,5,3,20.4745232203063,20.4878751944948,0.0601773872669956,0.649376643698655,1
"P07108",3,3,3,4,3,4,22.0851126634018,22.15654504481,0.252342817827353,0.0262233130141824,0.071728301554188
"P20485",NA,6,3,NA,NA,NA,18.9920832221957,18.5501262818813,-0.125156326625662,0.367783442496988,0.640043040653129
"A1L429,O76087,P0CL80,P0CL81,P0CL82,Q13066,Q4V326",1,1,1,1,1,1,24.0421910729578,23.8887736065403,-4.08377964281926e-20,0.999999999806066,1
"P38116",NA,1,3,2,2,2,21.1122668397465,19.9380734632671,-0.932160711769684,0.000945711353557339,0.00405938154663117
"Q08548",NA,2,NA,NA,NA,NA,19.3241200613144,18.1997295389593,-0.942813874272142,0.000503022731000641,0.0023554692655379
"Q9NZD4",NA,1,3,2,2,3,20.1858412081156,19.860801373308,-2.5248328288315e-20,0.999999999834839,1
"P83876",NA,NA,1,NA,NA,1,20.3214486963599,20.4782808143044,1.39148441459303e-19,0.999999999377009,1
NA,NA,NA,NA,NA,NA,NA,19.6261760579602,18.4458300997785,-1.42540872440421e-19,0.99999999985637,1
"Q01976",NA,NA,3,NA,NA,NA,19.7475504357945,18.8897033698394,-3.66124016875078e-19,0.999999999334002,1
"P14120",7,4,8,6,3,5,20.7394561522138,19.6607509381729,-0.857848399785303,1.00993710672957e-05,6.87066883104117e-05
"P0A7R9",NA,NA,1,2,2,2,19.9747546406432,20.8857183885018,1.03736290069659,0.000140877256072086,0.000768893935931756
"P57721",NA,2,1,NA,1,2,21.1544651709368,21.0530905905969,4.35475947216456e-18,0.999999997800319,1
"Q9BPZ3",NA,1,NA,1,NA,NA,20.0970746971152,20.018293338234,-1.03497256516231e-20,0.999999999945643,1
"O43865",NA,NA,3,NA,NA,NA,19.7327617689224,19.6176234985986,3.19324648311912e-20,0.999999999863828,1
"P32463",NA,NA,NA,1,NA,NA,22.9043159718944,21.7872054912825,-0.93855571703592,2.35795314771485e-06,1.83576676237071e-05
"P50623",NA,2,2,NA,NA,NA,19.3576392520306,18.4162081924433,-0.529194971755741,0.13829349338563,0.29101866622119
"P27707",3,NA,3,3,4,2,20.4123699906395,20.1826561513086,-2.7457347880229e-20,0.999999999796654,1
"P38701",5,5,6,4,4,4,25.9587317196391,24.8476293063886,-0.989028926879599,1.83918563570956e-10,2.6393686399026e-09
"P25631",NA,NA,4,NA,NA,NA,20.4306031124926,19.1884635556637,-1.17388015165884,0.000549354098913851,0.00254351829585394
"Q9H4A6",2,NA,NA,3,NA,4,21.3442781684139,21.4321562227404,0.27752508735747,0.0226416595005781,0.0632541083093631
"Q08285",NA,1,NA,NA,NA,NA,18.4893259918737,18.228350884117,-9.94909729608431e-20,0.999999999774478,1
"P38682",NA,3,NA,NA,NA,2,21.0029690960369,19.9290215073388,-0.726490851532576,0.0530010565631613,0.131116250134167
"Q6IBW4",NA,2,NA,NA,NA,NA,19.4013030055584,18.466071730217,-0.483057311573414,0.0239597073915472,0.0664536307412671
"Q9BVK6",NA,1,NA,NA,NA,NA,20.4469655888289,20.3064507381034,7.13696639913156e-20,0.999999999716984,1
"P62847",5,6,6,7,6,7,22.0876006543266,22.1285773353137,0.11410083085237,0.217212609549797,0.4186189703636
"P18859",2,2,3,4,5,4,21.5105677014903,21.606852652398,0.245735238921342,0.0950555776777382,0.213958496926598
"P61244",NA,NA,NA,2,NA,NA,19.4700225362652,19.0981795499482,-5.17897935511825e-20,0.999999999735177,1
"Q06709",NA,4,2,NA,NA,NA,20.0701135645185,18.8915990881077,-1.11010459472501,0.000687794324972075,0.00308305008606364
"P07273",NA,5,6,NA,4,NA,20.0671138614264,19.1329651956825,-0.73477289784949,0.00372152228824704,0.0134100325302294
"Q03532",NA,NA,3,NA,NA,NA,20.40036527162,19.19281477878,-0.854710514914371,0.000573348643507458,0.00263557635409922
"P04650,P62891,Q59GN2",NA,NA,NA,NA,1,NA,24.2350106116787,23.7775627812648,-0.162692220310783,0.279912292066978,0.513781104974355
"P40509",3,3,4,2,NA,2,20.0123080147197,19.1062966753624,-0.440157790577831,0.0370067682894746,0.0966027358651489
"Q99618",NA,2,NA,NA,1,2,18.7202427534422,18.6083465537421,-3.16395155583554e-21,0.999999999987046,1
"P14922",6,6,5,NA,NA,NA,20.3660357714704,19.1444738746148,-0.948988049756072,0.00174858750133211,0.00697119695154554
"P34909",4,2,2,NA,NA,NA,19.4820446867625,18.4093826941466,-0.794102761441354,0.0350019477066422,0.0923724777308413
"P53073",NA,3,2,NA,NA,1,20.5168414439499,19.3990092753247,-0.880714750737089,0.00193085049528122,0.00761385954017592
"Q08723",9,6,8,5,NA,3,21.0986928894958,20.0847083842584,-0.743134843891187,3.04297498642181e-08,3.16875860950675e-07
"Q9BTT4",NA,NA,NA,NA,3,NA,19.0248898962505,18.6160979864746,-4.61781390402538e-20,0.999999999929722,1
NA,NA,NA,NA,NA,NA,NA,19.5573396340683,19.6930800335092,0.046366032004669,0.630989710876831,1
"Q3E764",2,2,2,1,2,1,23.0494432763127,22.2096247741176,-0.634088084139289,0.00293293047666632,0.0109515054497657
"P38153",NA,2,NA,NA,NA,NA,18.8550450634403,17.7696688382305,-0.574989305084487,0.0584593200348286,0.14188128619307
"Q9UNL2",NA,NA,1,NA,NA,1,19.5714405567279,19.6527358702639,1.75811871638979e-19,0.999999999359133,1
NA,NA,NA,NA,NA,NA,NA,18.7827820535836,18.5769089034541,-2.37184544157829e-20,0.999999999923293,1
NA,NA,NA,NA,NA,NA,NA,21.1554437226761,21.0865736727346,6.51947347844268e-21,0.999999999972817,1
"P63173",3,3,3,3,3,3,22.9361209868178,22.8877885788773,0.166771534073596,0.0490794475173031,0.123104057707531
"P85037",2,NA,3,NA,NA,NA,19.7018603702656,19.4524526452086,-7.59709336098083e-21,0.999999999959952,1
NA,NA,NA,NA,NA,NA,NA,18.6784276847907,18.7225690612196,5.80280447709283e-20,0.999999999827422,1
"P30859",NA,NA,NA,3,NA,NA,17.543222264784,19.140175622976,1.56053327445368,1.69246895887399e-05,0.0001092153626817
"Q8WVT3",NA,4,1,NA,NA,NA,20.3343014647858,20.4699826515897,2.29802306279279e-19,0.99999999952129,1
"P43362",2,NA,NA,NA,NA,NA,19.4346604250797,19.491554111781,1.0910843295304e-19,0.99999999954991,1
NA,NA,NA,NA,NA,NA,NA,20.3096183807151,19.681722403648,-0.304014484655425,0.195121606669987,0.383692037703019
"P32588",NA,7,NA,1,4,NA,22.1436605678814,21.0585789525491,-0.856880605591777,0.00258555015375538,0.00984557018944872
"P84101",NA,NA,2,NA,NA,NA,18.9057700245235,18.9926550901806,0.0652069801435578,0.584941027169224,0.954064118105528
"P11388",8,5,2,NA,NA,6,19.8009247165138,19.6615450209674,5.67902442578711e-20,0.999999999742811,1
"Q8N806",NA,2,2,4,3,1,19.7143917062466,19.9950806339802,0.313750335297336,0.260260992731944,0.484181124498738
"Q8IWD4",NA,2,NA,NA,NA,NA,17.7991154576255,17.4079357312455,-5.20574956251933e-20,0.999999999779945,1
"Q7Z4H7",NA,NA,NA,4,NA,NA,20.3523257389751,20.6220501823409,3.49633211987792e-17,0.999999993171766,1
"Q05209",4,7,4,NA,6,NA,20.2371900789314,20.035719057968,2.69913589002023e-20,0.999999999820782,1
NA,NA,NA,NA,NA,NA,NA,17.4950338058007,16.3285000984865,-0.700237062133195,0.110262671254867,0.242418197587397
"O60563",3,NA,3,4,NA,5,19.7966059922112,19.9192443823535,0.184159575452704,0.106724038191133,0.23580657844682
"O43617",NA,NA,4,NA,NA,NA,21.645861118222,21.5333376866556,1.66043866351222e-20,0.999999999926436,1
"Q99613",1,1,1,1,1,1,21.9919623718409,21.8436233268084,2.77349193740815e-20,0.999999999896796,1
"Q5T280",NA,3,NA,3,NA,NA,19.5086807438579,19.581583937428,0.151662091876947,0.354662705859569,0.623795472592638
NA,NA,NA,NA,NA,NA,NA,19.2229475271692,19.3557509119745,1.39984172189048e-19,0.999999999503054,1
"Q08208",NA,4,NA,NA,NA,NA,19.7004275937681,18.638733852126,-0.86481589064384,0.0196269064270126,0.055970154808421
"P47974",NA,NA,NA,1,NA,1,18.1261640302931,18.1873087396139,0.170598613258647,0.249938788025063,0.46890955060702
"Q14493",NA,NA,NA,4,NA,NA,19.7760979051247,19.5721664984779,-6.35186482351257e-18,0.999999998232196,1
"Q9BTL3",NA,1,NA,NA,NA,NA,19.9505962349194,19.0016567970197,-0.70503236961984,0.00857518321022438,0.0277144156525403
"Q92610",NA,6,NA,NA,NA,NA,19.1805397345945,19.2835720375546,2.05864304614143e-19,0.999999999602765,1
"Cont_Q05B55",6,5,2,4,5,7,20.5887607829755,20.6599465005061,3.33455246046718e-10,0.999964288205832,1
"P14317",NA,5,6,5,5,7,20.432644772464,20.2251264976903,3.58489987290528e-20,0.999999999663017,1
"A6NDU8",NA,NA,4,NA,1,NA,19.9402703978348,19.9509137396149,3.96043815082776e-11,0.999989314051498,1
"Q15797,Q99717",NA,1,NA,NA,NA,NA,19.256335557007,19.1819122328541,4.67962811391513e-20,0.999999999788065,1
"P04908,Q7L7L0,Q93077",NA,NA,NA,NA,1,NA,18.4148806976484,18.6926833794183,1.7319022391149e-19,0.999999999590679,1
"Q9Y3D7",2,2,1,2,2,3,21.0138041213485,20.9759952786352,6.89951575804757e-20,0.99999999978423,1
"Q9P1U0",NA,NA,NA,NA,NA,1,19.2405936628621,19.2746801072516,-2.77018416883932e-20,0.999999999890907,1
"Q12032",NA,NA,2,NA,NA,NA,20.5418055060783,19.6699410547121,-0.655864521984295,0.00326705515528303,0.0119559048473722
"P14907",7,9,5,NA,4,NA,20.7502317464992,19.8890000089024,-0.779978885284903,3.96691574540064e-06,2.93775827152969e-05
"P40469",NA,NA,4,NA,NA,NA,19.3531014082243,18.1915303293007,5.2615034778001e-20,0.999999999875086,1
"Q92506",NA,NA,NA,NA,NA,2,19.3637119579635,19.3867791935837,2.02233556839982e-19,0.999999999409293,1
"P00946",NA,NA,NA,NA,NA,4,NA,NA,NA,NA,NA
"Cont_Q3SYV4",2,1,3,3,2,3,24.7228335711658,24.7943504377769,1.28239723165789e-19,0.999999999417412,1
"Q9NSG2",NA,NA,NA,1,NA,3,17.9151719062351,18.9394149291369,0.460247721392375,0.209235783070599,0.406014541720245
"P32939",4,3,3,3,NA,NA,21.028458465687,19.9994708476564,-0.904929967352488,4.59459723272232e-09,5.42049722608898e-08
"P0A855",NA,NA,NA,1,NA,NA,NA,NA,NA,NA,NA
"Q01433",6,1,4,3,NA,4,20.6161431990576,21.0798021661459,1.65639849866403e-17,0.999999995227845,1
"P25098",NA,NA,4,NA,NA,NA,18.2198599379041,18.1671087414238,4.63142188902229e-20,0.9999999998239,1
"P47035",NA,6,7,NA,NA,NA,19.987782990335,19.1041767837569,-0.599627021094939,0.023053904333624,0.0641882114385507
"Q6RW13",NA,NA,1,1,NA,NA,20.795923948768,21.0777080891712,0.145742647916077,0.334822891845127,0.595435654455777
NA,NA,NA,NA,NA,NA,NA,19.3478720806198,18.9666932078726,-1.46489884258536e-08,0.999833194795317,1
"Q96A00",2,NA,2,NA,2,1,21.080446632951,21.380536750461,0.309652005157999,0.217490715511176,0.418806013519689
"P41091",2,3,3,3,3,3,23.7876472016245,23.6518392017066,4.39572391135323e-20,0.999999999685918,1
"P50094",3,2,2,NA,NA,1,20.7608089976083,20.0650389165121,-0.298810332039574,0.0995236650987801,0.222281077799018
"Q9BQ69",3,2,2,2,3,1,20.5434286399416,20.5768812780901,-2.18023608747194e-18,0.999999999511208,1
"Q9P305",NA,NA,2,NA,NA,NA,NA,NA,NA,NA,NA
"O00571",6,5,4,6,6,6,22.4951142714336,22.4671504808202,2.13820512014855e-17,0.99999998988728,1
"Q6QNY1",NA,NA,NA,NA,NA,2,19.9223008247415,19.8749330226924,1.40480833845199e-16,0.999999989865753,1
NA,NA,NA,NA,NA,NA,NA,20.1516410093752,18.8540381897073,-0.876547973377151,0.00596288936448361,0.0200465668669615
"O43716",NA,3,NA,NA,NA,NA,19.6852318571172,20.1907174443066,2.93559548804841e-19,0.999999999199211,1
"P35127",1,NA,1,NA,NA,NA,19.7986784062012,18.9943330135507,-4.2908020624038e-19,0.99999999908266,1
"O60488",NA,NA,6,NA,NA,2,19.6569566080777,19.4865994203982,-2.20429328872024e-20,0.999999999902779,1
NA,NA,NA,NA,NA,NA,NA,19.2180192811799,19.612622717354,0.0998659338191663,0.543155490871449,0.893743304859495
"Q9H4A5",NA,NA,NA,2,NA,NA,20.750147651922,20.5485664326235,-2.02969548776294e-20,0.999999999926478,1
"Q53H96",3,2,2,3,NA,NA,20.4054930074423,20.2070794026494,4.06390190359787e-21,0.999999999984657,1
"Q9UK99",NA,NA,NA,1,NA,1,19.6220404007809,19.5099850075305,7.89677163900419e-21,0.999999999968312,1
"Q9Y3B9",NA,NA,5,NA,NA,NA,21.4852807627432,21.4937129726294,2.79463082566166e-09,0.999901895086366,1
"P38861",3,NA,NA,NA,NA,1,19.7879635093006,18.7408442957693,-0.92397886750629,9.39564572976054e-05,0.000532450689734662
"Q9H2V7",NA,NA,NA,1,NA,NA,20.4625751242701,20.1208526742127,-5.83027659880739e-20,0.999999999707106,1
"O60732",NA,4,6,NA,10,6,20.3963665860294,20.4708706342698,2.92702809115383e-19,0.999999999345746,1
"P06102",NA,1,NA,NA,NA,NA,19.8369804810823,18.9867405598887,-0.649897773557251,0.00436479925394965,0.0153403938628019
"Q99575",7,6,4,3,8,5,19.7457787492028,19.6583446679485,6.7694635648357e-20,0.99999999966611,1
"P11632",2,2,1,NA,NA,NA,23.9045814829249,22.9722039458895,-0.614556425559813,0.00809540164863454,0.0264004364674803
"P11633",NA,NA,2,NA,NA,NA,23.6226365141396,22.9488980863584,-0.302555691129542,0.104339429892154,0.231513142710705
"O75886",NA,NA,NA,NA,NA,2,21.4348895309502,20.7392686659853,-0.40361676752601,0.189168153898075,0.373992830650443
"P36081",NA,NA,2,NA,NA,NA,20.885838351538,19.9009251589113,-0.747649352723463,0.00283589728629455,0.0106720753063492
NA,NA,NA,NA,NA,NA,NA,21.1201723811425,21.0244816666105,1.74506280606016e-20,0.999999999938189,1
"O95989",NA,3,2,2,NA,2,20.8563428452875,21.0439238286756,0.0361008218427667,0.616169219205851,0.997945038068095
"P09651",3,3,3,3,4,4,25.391170248367,25.2783165501588,5.5089151278551e-10,0.999947670536477,1
"P37303",NA,3,3,NA,NA,NA,19.849421968645,18.656219757753,-1.01589875025909,0.0291282904073871,0.0785605925012699
"Q01476",NA,NA,5,NA,NA,NA,19.3336053174548,19.0824465205759,-0.199312528582398,0.230357051223306,0.439315645787521
"Q9BTE1",NA,NA,1,NA,NA,NA,20.1021734191903,19.9272841954379,3.14272953053757e-20,0.999999999846924,1
NA,NA,NA,NA,NA,NA,NA,20.3642325360292,19.701030772715,-3.40758926158267e-20,0.999999999884485,1
NA,NA,NA,NA,NA,NA,NA,19.6198935888765,19.6803992474453,2.99355889464535e-19,0.999999999578141,1
"Q8TB52",NA,2,2,4,NA,3,19.1817347460268,19.5762766909013,0.562633837544132,0.000204118908007832,0.00106795988458892
"P53507",NA,2,1,NA,1,1,23.1906661142732,21.2420131810132,-1.63259509613509,0.00213536027057984,0.00832920446313393
"P38286",3,3,3,2,1,2,21.8047625536951,19.7955280518278,-1.02427574198614,0.000146632496181174,0.000795040291794354
NA,NA,NA,NA,NA,NA,NA,21.9309605650504,18.9323487377898,-1.45378998051898,0.0354122739602069,0.0931995476626064
"O43493",NA,6,6,NA,6,4,18.9387350730202,18.9310421930162,6.43516032261608e-20,0.999999999540939,1
"Q9P270",2,NA,2,1,3,3,20.139884298754,20.0190181511285,7.1607245276124e-20,0.999999999714371,1
"Q9Y3D0",5,5,3,4,4,5,20.4546724118903,20.5725977400569,0.176359403240126,0.0210350208773986,0.0595149756948075
"P0A6X7",NA,NA,NA,NA,NA,4,20.5102909583827,22.1526784830243,1.82926220229284,1.27941442737293e-08,1.41941189067585e-07
"P17483",NA,1,1,NA,NA,NA,18.2019684724268,18.1986315535331,1.13684630360083e-19,0.999999999461889,1
"P40168",1,1,4,NA,NA,NA,19.8309898565565,19.418470106442,-0.00287285465621272,0.939640860691525,1
"Q9UKV8",NA,NA,NA,2,4,NA,20.1577802278435,20.2351872338171,0.136250409533723,0.332429532004342,0.591726618368728
"Q14320",4,2,2,3,3,1,21.8325364616813,21.8927261913944,2.24256279911804e-19,0.999999999242914,1
"P28319",1,NA,1,NA,NA,NA,19.7688511155386,19.0218803590486,-0.589538685037706,0.010976428943052,0.034265702690729
"O15479",7,9,6,5,6,6,21.0785640915999,20.7933086863676,-8.50633618632916e-21,0.999999999953393,1
"P35189",3,4,3,NA,NA,1,21.3150181208866,20.8250557170437,-9.23038714336837e-20,0.999999999761514,1
"P32469",1,1,NA,1,1,1,20.5179751849914,19.7779431072849,-0.367052355853845,0.138677314155804,0.291662203924475
"P46013",NA,NA,13,NA,NA,17,19.4950521188047,19.2747376985963,9.09714351419715e-20,0.999999999710317,1
"Q03390",1,NA,NA,NA,NA,NA,19.8701039536805,18.4937898374262,-2.38843980302359e-19,0.999999999447552,1
"Q96RS0",NA,NA,NA,NA,NA,1,19.0760206085781,19.4479587626356,5.49332542849897e-20,0.999999999772333,1
"P54003",NA,NA,1,NA,NA,NA,19.632445527728,18.8022119565053,-0.291650919993959,0.241849191075532,0.456624109858709
"P0DMM9,P0DMN0",NA,2,NA,NA,NA,NA,18.6259640992744,19.037942812177,0.407104181758291,0.146658083966739,0.304341901584214
"P16622",NA,3,3,NA,NA,4,20.2879392724616,19.5703811370418,-0.640782675149414,0.0013555911615459,0.00557048091075018
"Q13586",NA,NA,NA,3,NA,NA,19.0352249429185,18.8527471314498,-2.6452582172275e-20,0.999999999902572,1
"P07919",2,2,4,2,4,3,23.5087057151105,23.6250389918793,0.166960625574043,0.315521068211425,0.566876687172753
NA,NA,NA,NA,NA,NA,NA,18.7515654880006,18.8335478427121,8.69961778447672e-20,0.999999999761326,1
"Q96QD8",NA,NA,2,1,1,2,19.9161664845496,20.1731877383551,1.14556346060922e-19,0.999999999452293,1
"Q9BY42",NA,3,4,4,NA,NA,20.1947130977426,20.0019109254139,3.39242650252963e-21,0.999999999980267,1
NA,NA,NA,NA,NA,NA,NA,18.5549075768763,17.7109059461356,-0.0544470899977407,0.643466037019362,1
NA,NA,NA,NA,NA,NA,NA,20.4749029014991,20.7595478373972,0.409654315893816,0.0504252552548437,0.125986703146467
"Q9H0H5",NA,NA,NA,NA,1,3,19.7173026436411,19.5483406860056,5.90913013790147e-21,0.999999999977239,1
"P32340",3,5,5,NA,NA,NA,20.7911349710163,19.5420628862953,-0.829433600130673,9.59203140704775e-06,6.55644895583631e-05
"Q9Y6R4",NA,3,2,2,NA,7,20.0131813003309,20.2963351061384,1.15107687601239e-09,0.999954841955932,1
"P49675",NA,NA,NA,NA,NA,2,18.8599393787598,19.0339481681607,2.47130936096495e-19,0.999999999414602,1
NA,NA,NA,NA,NA,NA,NA,20.7328390025138,19.6672368149762,-0.889359513672429,0.00331994669387701,0.0121220078968206
"P38810",NA,7,5,NA,NA,NA,19.8628973736813,19.1577237613357,-0.311836347570346,0.212217528560365,0.410420020873196
"P06786",NA,NA,6,NA,NA,NA,19.3331775164953,17.7601505771703,-1.21478025369303,0.00271219679314226,0.0102870896118591
"O95197",NA,2,NA,1,NA,NA,21.0403477949509,21.0876836295707,7.46686032700694e-20,0.999999999702374,1
"P53091",NA,4,3,NA,NA,NA,NA,NA,NA,NA,NA
NA,NA,NA,NA,NA,NA,NA,19.5566843707708,19.6845324815032,0.196418632007527,0.220821331575678,0.423932865843623
"Q8NFH5",2,5,6,5,6,5,21.7426596277595,21.6956723224185,0.00627525243047419,0.788014796600373,1
NA,NA,NA,NA,NA,NA,NA,18.2084001917516,17.3105825659484,-0.575562324765869,0.0590734683362761,0.143010842984464
"P20436",NA,3,2,NA,NA,NA,20.6628413585974,19.5807938650091,-0.780910169412961,0.000117182842344729,0.000651907249263974
NA,NA,NA,NA,NA,NA,NA,17.7779497929088,18.4348813169354,3.67356878846576e-19,0.99999999959113,1
"Q99643",NA,1,NA,NA,NA,NA,19.891417019649,19.6653331667369,7.16228834670669e-20,0.999999999908058,1
"Q14141",NA,3,2,1,6,2,20.6455855341132,20.7315581543616,0.271316251197216,0.0267670617104809,0.0728736097252308
"Q9NVG8",NA,4,1,4,NA,NA,19.9404479577119,18.6179566834407,-1.09974986349893,0.00206607471248691,0.00809177529961778
NA,NA,NA,NA,NA,NA,NA,22.2529545177867,21.9131502200748,-0.0695151567521723,0.52478650639018,0.865987801877845
"Q99638",NA,1,1,NA,NA,NA,18.9618206828392,19.0111938565244,1.29393759568439e-19,0.999999999509568,1
"P32477",5,5,NA,1,NA,NA,19.6001815053202,18.5048845539758,-0.870713103263615,7.28599969749071e-07,6.10943782773603e-06
"Q9BV79",NA,NA,NA,NA,NA,1,20.2753303502622,19.9219576976872,-1.49007367856925e-19,0.999999999345319,1
"P12429",NA,NA,NA,3,NA,NA,19.4616347579187,18.7059779636974,-0.390831074286855,0.137485549040602,0.289687112667366
NA,NA,NA,NA,NA,NA,NA,NA,NA,NA,NA,NA
"P61077,P62837",2,NA,2,2,3,NA,22.0136648166943,21.9063090058351,2.82766560030771e-20,0.999999999856392,1
"P06174",NA,NA,2,NA,NA,NA,18.8065289396592,18.326636510655,-3.73598507625535e-20,0.999999999861783,1
NA,NA,NA,NA,NA,NA,NA,18.2340952990137,18.1796079565459,1.08595198224877e-19,0.999999999492704,1
NA,NA,NA,NA,NA,NA,NA,19.4814959793722,18.1494707058609,-1.10827364055748,0.00224551218561061,0.0087176041714587
"P27144",NA,1,2,2,NA,3,20.5598960254017,20.1637396049286,-0.00864459178737638,0.918476191195579,1
"Q9Y289",NA,NA,NA,NA,3,3,20.5075333417904,20.7882166156677,0.418830564169465,0.0895225152391303,0.203718916885989
"Q06205",NA,4,NA,NA,NA,NA,20.3731715443402,19.2260671587626,-0.855139629285362,0.00526693476856527,0.0181186324864955
NA,NA,NA,NA,NA,NA,NA,19.1547115896298,19.4464436086277,0.0933462009025305,0.54200941396352,0.892111928432395
"P38237",NA,NA,2,NA,NA,NA,19.8275906463986,18.9898780712736,-0.486693265718973,0.0348785492935826,0.0920889477687314
NA,NA,NA,NA,NA,NA,NA,19.4536668865207,19.6191683059353,1.80608070478191e-19,0.999999999568509,1
"Q9H4E7",NA,1,4,NA,1,1,19.8334138525109,19.5945144164266,2.33475839618299e-20,0.999999999897398,1
"Q9H0Z9",NA,1,NA,2,NA,2,20.0164117249387,20.2630912724813,0.281368971400615,0.137214837290452,0.289430492259093
"P32476",NA,4,6,NA,NA,NA,20.9989491876918,19.9991009457661,-0.787772489418913,0.00119575930428699,0.00502062258110019
"P64581",3,1,1,1,2,1,20.9138666664262,22.6554889764376,1.80995871634529,2.57141952743807e-05,0.000160199991941579
"Q12001",NA,2,NA,NA,NA,NA,20.1471640837672,19.861187556577,-9.35273856809581e-20,0.999999999831149,1
"P38694",NA,2,NA,NA,NA,NA,19.9139045883087,18.7475602531813,-1.00530300521457,0.00178060658379779,0.00708435819443409
"Q92547",NA,NA,2,NA,NA,NA,18.557628740627,18.3561900676426,-4.60755105041954e-20,0.999999999859312,1
"P40052",NA,2,3,NA,NA,NA,19.49606517099,18.1589725724863,-1.22270372190254,0.000840392203677536,0.00366733935175167
"Q3E834",1,1,1,NA,NA,1,21.0168838151838,19.9257555233478,-0.869832686233225,0.000617966406734527,0.00280271084941155
"Q12517",1,1,NA,NA,NA,NA,19.5009654110818,18.1223004526573,-1.36736275261878,0.00148743426026195,0.00603871094120422
"P63092,Q5JWF2",NA,NA,NA,NA,5,2,20.2871953393039,20.1438006240214,-8.36945710151174e-22,0.999999999993892,1
"P61769",NA,NA,3,NA,2,NA,20.6577799402659,20.9248535241757,2.65736025580697e-19,0.999999999495787,1
"Q03177",NA,3,NA,NA,NA,NA,NA,NA,NA,NA,NA
NA,NA,NA,NA,NA,NA,NA,20.1511705787203,21.6464956016914,1.30497265526165,0.061437046242709,0.148235181837804
"Q06682",NA,NA,3,NA,NA,NA,18.4356133917247,18.0572043614097,-4.02902349281132e-20,0.999999999912541,1
"O43929",3,NA,4,2,NA,NA,20.0206617703698,20.2136636954075,0.236253265815006,0.152051966152704,0.313169508295234
"P0A7S3",NA,2,2,3,NA,2,20.7640697527239,22.0562213185113,1.45490788340051,0.000160457103750889,0.000861094913059419
"Q8TAP9",NA,NA,NA,2,NA,NA,19.3375798910704,18.7842336769318,-0.282831036903823,0.106525083723665,0.235457167816791
"P27810",NA,3,2,NA,NA,NA,20.0242117755455,19.0788937474918,-0.729689271791193,0.00205466392401349,0.00805255175110993
"O75448",NA,4,3,NA,5,NA,19.2751788857224,19.152721838764,9.25092573114198e-20,0.999999999612232,1
"Q3LXA3",NA,1,4,2,4,7,20.3077331510278,20.3769307888959,0.0621013566501995,0.518403698048137,0.856925769065817
"P38113",NA,2,1,NA,NA,NA,19.1787944502294,18.4376519113002,-0.387299766805215,0.152525614841008,0.314032930770084
"P34163",3,NA,2,NA,NA,NA,20.0574359272924,19.4154144999424,-0.76163937698879,0.000859527108816862,0.00374234859680338
NA,NA,NA,NA,NA,NA,NA,18.3968880530852,18.2987880222577,1.11349858113127e-19,0.999999999601606,1
NA,NA,NA,NA,NA,NA,NA,20.1531777750989,19.9175263543488,-4.68041466319612e-20,0.99999999977381,1
"P21538",4,NA,NA,NA,NA,NA,19.2932114544897,18.8101866397012,-0.157736438071013,0.490956761813128,0.818119456643539
"Q03280",NA,12,6,NA,NA,NA,19.5311639847826,18.0319997069774,-0.694880889643906,0.089200704456611,0.203318397475381
NA,NA,NA,NA,NA,NA,NA,19.5416340639915,19.6764114607904,0.211036998180127,0.336900102595409,0.598760533540639
NA,NA,NA,NA,NA,NA,NA,18.9847892637492,18.8637390169487,5.25201291179336e-20,0.9999999998278,1
"Q9C037",NA,NA,NA,NA,2,NA,19.5575312260655,19.5845796266826,6.96377665746038e-20,0.999999999741012,1
NA,NA,NA,NA,NA,NA,NA,19.0984102188241,18.5719194283731,-0.0161134182724908,0.789556853391043,1
"Q9UKE5",1,NA,NA,2,NA,NA,19.8195087538133,19.4854258951293,-1.10963741062123e-19,0.999999999535637,1
"Q9NUQ6",NA,NA,NA,2,NA,NA,17.8218721030103,17.933296344595,0.141203620786496,0.362627789312901,0.63393930804428
"Q8N6H7",7,9,8,7,8,NA,21.0049002592424,21.1086013300709,-1.23503949998715e-20,0.999999999949645,1
"Q9BUR5",NA,NA,2,3,NA,2,21.136889201474,20.9459963443487,-2.42224164128066e-20,0.999999999870309,1
"P52435,Q9GZM3,Q9H1A7",NA,NA,2,2,2,NA,19.5813314960888,19.6850436908887,0.184713574461204,0.234594821234888,0.445776522959179
NA,NA,NA,NA,NA,NA,NA,20.1147490255592,20.1612066268007,2.27680257977608e-19,0.999999999268806,1
"P17535",NA,NA,NA,1,NA,NA,19.5989066958602,19.6773972168767,4.94460283851535e-20,0.999999999689536,1
"Q9BQ15",2,NA,NA,1,NA,NA,19.5483465533951,19.2782457326722,-7.87563260439874e-20,0.999999999657961,1
"P26755",1,1,2,1,1,NA,21.1638837598945,20.2731987659187,-0.495362121427322,0.00761636270182431,0.0250363512403558
"Q9H4A3",NA,NA,NA,NA,4,4,19.6075112887316,19.4793508951205,5.68099148816405e-20,0.999999999715119,1
"Q12034",NA,NA,4,NA,NA,NA,19.2375916188655,18.2357780005754,-0.762419349736397,0.013795670034813,0.0414732779733384
NA,NA,NA,NA,NA,NA,NA,23.6323607330775,23.9192414497167,1.268956196895e-19,0.999999999640913,1
"O43464",3,NA,NA,3,3,NA,20.7953466483393,20.9960457221023,2.69781514053347e-19,0.999999999430176,1
NA,NA,NA,NA,NA,NA,NA,19.4173465022242,18.2537099058299,-1.00906899520918,0.00017341061103115,0.00092046350147937
"P15496",4,2,5,NA,3,3,20.6006008803481,19.6541562623174,-0.749685618259889,0.00471511896340909,0.0163963359252001
"Q68EM7",NA,2,3,NA,4,NA,20.1436844921824,19.5885354881608,-7.90159717825939e-20,0.999999999760366,1
"P08018",NA,2,2,NA,NA,NA,20.2555016962772,19.2469708414335,-4.22902005782351e-20,0.999999999926328,1
"P06704",2,1,3,NA,NA,NA,20.4427941508368,19.5370147785675,-0.681324360069729,0.0100823608930288,0.0318016074313194
"P41910",NA,NA,1,NA,NA,NA,18.3637957800338,17.4349963531346,-0.75549977573163,0.00160545795095821,0.00647231790291957
"Q9BWG4",NA,NA,2,2,NA,NA,20.4291264117366,19.8379802714303,-0.282047294792194,0.276171074147268,0.508207632138943
"Q9H8M7",NA,1,2,NA,NA,NA,20.0306353178183,19.5920305957925,-0.143847869555141,0.342576062812551,0.606970948269191
NA,NA,NA,NA,NA,NA,NA,NA,NA,NA,NA,NA
"Q14542",NA,NA,1,NA,NA,NA,18.9792663694585,18.578098914549,-2.30377357820722e-20,0.999999999905566,1
"Q96IV0",NA,2,NA,6,4,6,20.0943700195223,20.0498987194191,3.91539303308739e-20,0.999999999825896,1
"Q6ZT12",NA,NA,3,NA,NA,5,18.3966149255195,18.2368515386693,-3.70198159191092e-21,0.999999999986723,1
"Q9H019",NA,NA,2,NA,NA,NA,19.236705645094,19.3007712815643,3.23997788554661e-17,0.999999992689588,1
"Q06704",NA,4,NA,NA,NA,NA,19.5753071621739,19.2505389736457,-3.06819276610185e-20,0.999999999866965,1
NA,NA,NA,NA,NA,NA,NA,21.0211125213417,19.8454012852142,-0.987189036722497,0.000313846555207319,0.00154882872283236
"P39704",4,3,4,3,NA,3,21.1688563563855,20.2182449687003,-0.723705406607303,2.18327943095391e-07,2.00562723521865e-06
"Q9HAF1",NA,NA,NA,NA,2,NA,18.8373975114905,19.2514092924635,0.265603730678186,0.199608804346398,0.390618450567967
"P29029",1,1,1,1,NA,1,20.31865860969,19.0384792614973,-1.00841638641674,0.000970748470664029,0.00415448659292343
"Q8NEZ5",NA,NA,NA,1,NA,NA,20.0543699925509,20.3491693959429,0.373506379656215,0.0952981507760196,0.214420839246044
"P20433",1,1,1,NA,NA,NA,20.1849765343526,19.2765477664058,-0.615283841053416,0.0448125607120051,0.113937268729642
"P43591",NA,NA,1,NA,NA,NA,19.0033288660254,18.6546343738405,-2.59511388562579e-19,0.999999999288996,1
"Q5T160",NA,NA,2,NA,NA,NA,18.5548686189844,19.1324406000287,3.55817920082984e-19,0.999999999181392,1
NA,NA,NA,NA,NA,NA,NA,20.0813339747235,20.0367737346781,-6.27869349941332e-18,0.999999998601559,1
NA,NA,NA,NA,NA,NA,NA,19.8193333082427,19.8666716480623,1.86519051057536e-19,0.999999999491923,1
"Q03063",2,3,2,NA,NA,1,19.9597787911085,18.9093824319516,-0.73392083630488,0.0571150080818036,0.139439899121424
NA,NA,NA,NA,NA,NA,NA,21.0220150292833,19.9409073489091,-0.618467519795028,0.0921438162821007,0.208871385513336
"P80428",NA,1,2,NA,NA,NA,19.4363017419243,18.4211483381783,-0.856436680667039,0.00571550293997911,0.0193615598712504
"Q9H0U6",NA,NA,NA,NA,3,NA,20.1765039057455,20.2761842365155,0.255280063460311,0.1171376656525,0.254526249773738
"Q9GZX9",NA,NA,NA,1,NA,NA,19.8410230187813,20.0009789039584,0.301619608092353,0.0774047815194341,0.180496436776724
"P0A7M9",NA,NA,NA,3,3,2,19.3416989542205,21.128404496302,1.75109465951069,0.000132153838685816,0.000728867586403891
NA,NA,NA,NA,NA,NA,NA,18.4796668309762,18.3222858833168,-1.40932099839203e-19,0.999999999757549,1
"Q9Y6G3",2,NA,NA,1,1,NA,19.4431514154783,19.6216070342678,1.10207159657636e-19,0.999999999451986,1
NA,NA,NA,NA,NA,NA,NA,19.2022904107788,19.0897316164621,1.39467556032925e-21,0.999999999992109,1
"P20962",NA,1,1,1,NA,NA,24.6245868326832,24.3639005308266,-5.69685054533331e-20,0.99999999982941,1
"P0AAI9",NA,NA,NA,3,NA,4,NA,NA,NA,NA,NA
"P52655",NA,NA,NA,1,NA,NA,21.2004480119957,21.4879842156511,1.92815380231329e-19,0.9999999995069,1
"P0AET8",NA,NA,NA,NA,NA,3,18.129044194995,20.2119386094445,2.0523867233608,3.72601885341515e-08,3.82480476251815e-07
"O95707",NA,NA,1,NA,NA,NA,18.889490929242,19.1046796898762,7.7121379939883e-20,0.999999999815034,1
NA,NA,NA,NA,NA,NA,NA,18.2812086880721,18.5991115689182,0.303555548631453,0.256926806980369,0.478904927130774
NA,NA,NA,NA,NA,NA,NA,19.7289348851142,19.7699845154151,1.77108589280513e-19,0.99999999947243,1
NA,NA,NA,NA,NA,NA,NA,20.2161612111469,20.3683312052506,2.4768537789436e-19,0.999999999377413,1
NA,NA,NA,NA,NA,NA,NA,19.529107862782,18.549042147004,-0.579501062141306,0.0532604782489461,0.131532405401614
"P60953",5,4,4,4,4,4,21.6875864237339,21.521889596811,8.3827652054019e-11,0.999991574006813,1
"Q9BRA2",4,4,4,5,4,4,22.9427679705117,22.7449803311546,2.72960863755516e-20,0.999999999931481,1
"P25490",2,1,3,1,3,3,19.6732595962356,19.5223716848217,6.59476909640272e-21,0.999999999963043,1
"Q9H0H0",1,NA,NA,NA,NA,NA,19.4121256838869,19.7153124787295,0.00291342277551977,0.908411877346849,1
"P42898",NA,5,3,5,6,NA,20.613919942051,20.7158878088155,0.220394402859701,0.168486848199657,0.340098190085312
NA,NA,NA,NA,NA,NA,NA,24.1125800805505,23.6783428522187,-0.138434879136292,0.339791283271334,0.603155665597638
NA,NA,NA,NA,NA,NA,NA,18.401670233453,18.9261729114636,0.0322067554946962,0.741690851689483,1
"Q9Y6I3",3,5,NA,2,1,2,20.3431508095776,20.3921393525825,0.0724448737755389,0.524366064904017,0.865541581811524
"E9PRG8",NA,1,2,NA,1,3,21.3385473784516,20.9456270248375,-0.175124518936045,0.244277096460481,0.460233366910685
"Q7LGA3",2,3,1,2,NA,2,20.0704309678814,20.0928939891601,0.0303475715600646,0.809666089003712,1
NA,NA,NA,NA,NA,NA,NA,NA,NA,NA,NA,NA
"Q12933",NA,NA,2,NA,NA,NA,20.8256645375154,20.8852373315102,2.60063355954315e-19,0.99999999929016,1
NA,NA,NA,NA,NA,NA,NA,19.410097640301,19.3464089223059,0.0227779112037124,0.853415254981262,1
"P51946",NA,NA,4,3,NA,3,19.6919388338677,19.6111785645608,-1.15722860449809e-19,0.999999999843043,1
"P27999",NA,1,NA,NA,NA,NA,NA,NA,NA,NA,NA
NA,NA,NA,NA,NA,NA,NA,NA,NA,NA,NA,NA
"P15274",12,7,4,NA,NA,4,20.4626683503043,19.4356847860828,-0.700271107831427,0.00075238636015482,0.00332606659902924
NA,NA,NA,NA,NA,NA,NA,18.9956682833705,18.8629802232393,4.62273951582628e-20,0.99999999977434,1
"Q9NVA1",NA,NA,3,NA,NA,2,19.1721061887882,19.2314450570265,0.121056002838914,0.38134849998562,0.660263954506916
"P38620",NA,1,1,NA,NA,NA,20.4145051153049,19.6676589434438,-3.0223153938217e-19,0.999999999361779,1
"Q06697",NA,NA,1,NA,NA,NA,18.7704837150038,18.2002726819047,-3.11179239828665e-19,0.999999999513161,1
"Q92576",NA,7,NA,9,NA,NA,20.0846910010953,19.7402233432693,-1.17850891727416e-19,0.999999999699923,1
"Q06679",NA,NA,5,NA,NA,NA,19.9394465964712,19.0089705038726,-0.774239864299916,0.00390477426875964,0.0139780278516659
"Q12211",NA,5,NA,NA,NA,NA,20.41945521677,19.2401087107726,-0.645719430902846,0.0760474612749285,0.177618544168042
"P55854",NA,1,1,NA,NA,1,21.9316771343028,21.9650073119369,1.76257823545523e-19,0.999999999351802,1
"P61956",NA,2,1,1,1,1,24.7098904549901,24.5708797190582,1.19979987735457e-20,0.999999999944388,1
"P32610",NA,NA,1,NA,NA,NA,20.4180243904122,19.5015936921682,-0.417509623994203,0.131037092865621,0.278538315674933
"O00186",NA,6,6,6,4,7,20.2181424272683,20.1337042135644,0.063770045064762,0.475745563249382,0.796683934509632
"P32351",NA,NA,2,NA,NA,NA,19.7145656980061,18.7068683770632,-0.728904545345349,0.00979500885579591,0.0310650940566721
"P07285",NA,3,NA,NA,NA,NA,19.1821849527066,18.4384177381327,-0.356800021244239,0.129078163895259,0.275838656130016
"P40150",2,2,2,2,2,2,24.67644121703,23.8455589208013,-0.696026737121717,0.105308887848961,0.23351825123676
"P05749",6,5,6,4,2,4,21.5333634671364,20.7266501948223,-0.575542430359119,4.56210677847324e-05,0.000274439979197206
NA,NA,NA,NA,NA,NA,NA,19.2843617102087,19.3521673916175,8.27685894378765e-20,0.999999999689302,1
"O15127",NA,NA,1,2,2,1,19.9441945692253,20.0425661324605,5.93185964146727e-20,0.999999999727619,1
"P01111",NA,NA,NA,NA,NA,1,20.3779441214859,20.146973216223,4.32887842547597e-20,0.999999999901039,1
"P36017",4,4,2,NA,NA,NA,21.0687411369411,20.0322156176787,-0.571002844243598,0.135018091428381,0.285632332031657
"P0AF93",NA,NA,1,NA,NA,NA,21.6281888382101,23.5020826480225,1.98640422737997,1.84517703582671e-05,0.000118539268593366
NA,NA,NA,NA,NA,NA,NA,19.2522271321004,20.8718191867429,1.569340565578,0.000348357947858873,0.00170311610271003
"P0AE37",NA,NA,NA,NA,NA,1,NA,NA,NA,NA,NA
"Q9Y6W3",NA,NA,4,NA,NA,NA,19.2976149438869,19.5631636780056,0.259687384485425,0.163617001935653,0.332692150371234
"Q12207",NA,NA,2,NA,NA,NA,23.8723650495334,22.8164645225918,-0.855168616485446,0.000904145419232744,0.00390765760319732
"P0ADG4",NA,NA,NA,1,NA,2,19.2668498265187,19.9663558225396,0.881527250282211,0.00846202125495106,0.0274101070296534
"O43237",NA,NA,3,NA,NA,1,19.4260575287229,19.5396041416818,0.232456208190589,0.149619660523757,0.309632528041995
"P49626",NA,NA,NA,NA,NA,1,23.5121837570385,22.3124877443964,-0.97320559165415,0.000407147882631412,0.00194924160572665
"P10664",NA,1,2,NA,2,NA,24.5046662011873,23.218692476033,-1.08467350603233,0.000218856158378923,0.00113088877270086
NA,NA,NA,NA,NA,NA,NA,18.56860064437,18.4744141509999,3.72552954801101e-20,0.999999999857536,1
NA,NA,NA,NA,NA,NA,NA,19.7938516818759,19.6097858355875,1.4849420155233e-20,0.999999999947996,1
"Q5JVF3",NA,2,NA,5,NA,4,18.187778058845,18.6183797018411,0.303924830162371,0.239826777111867,0.453836205779891
NA,NA,NA,NA,NA,NA,NA,19.3614903263473,19.5040267260777,0.283117506626234,0.0996990301815562,0.222586573187847
"P07283",9,9,5,NA,6,6,21.6274801292264,20.4099890514701,-0.984735472559394,7.66101907703455e-08,7.51639779853951e-07
"P51601",NA,1,NA,2,NA,NA,20.6966977918388,19.569051410461,-0.732342697595348,0.0588182594362337,0.142572495246904
"P37903",NA,NA,NA,4,NA,3,19.1790509527402,20.3244813924299,1.50038488342568,7.89798607930754e-06,5.48957610741268e-05
"Q6DKI1",NA,6,NA,NA,NA,3,21.0764529742091,21.1979791484192,0.251730609003634,0.132066540307962,0.280313418335775
NA,NA,NA,NA,NA,NA,NA,19.370604823332,19.3061003835365,1.07338411931809e-19,0.999999999655373,1
"Q99871",NA,NA,NA,NA,NA,2,19.4332236480553,19.5305078755532,8.74736131137852e-20,0.999999999555381,1
NA,NA,NA,NA,NA,NA,NA,19.1996670492502,19.1499326098151,1.29195403722511e-19,0.99999999939122,1
"P45978",5,5,4,3,1,4,20.9650945491021,20.4684944747535,-0.367526630532928,0.0148172795281548,0.0440169338815267
"P10662",1,2,NA,NA,NA,NA,19.5686555884889,18.7581782983988,-0.632682898767773,0.0122419242844827,0.0377263147420837
"P20435",NA,1,2,2,2,1,21.8921801441021,20.6032139518616,-1.07981288717687,0.000170405828702084,0.000906933215850938
"P56282",NA,NA,NA,2,NA,NA,19.4515379307165,19.5432170364226,0.0767473584503792,0.407661966818218,0.69827846988548
NA,NA,NA,NA,NA,NA,NA,NA,NA,NA,NA,NA
"Q8IZP0",1,3,2,4,NA,4,20.6901224174337,20.2243577645853,-0.0163365415412346,0.775698074645195,1
"P53925",4,1,2,3,3,NA,20.3451301920837,19.3031835267657,-0.738328415611408,0.0175153802170433,0.0506497385825177
"P50085",3,3,4,3,NA,2,20.619128206086,19.7008033230178,-0.705619630708552,5.31608066236269e-05,0.000315519231905045
NA,NA,NA,NA,NA,NA,NA,18.1392639511325,20.0030288637786,1.31441234072245,0.0162175476852575,0.0475967779016869
"Q96A35",5,5,NA,7,NA,4,19.8999724667053,19.788102882244,2.12349604323329e-20,0.999999999928802,1
"Q5TC12",NA,NA,NA,3,NA,NA,18.8410598390376,19.1441798610687,1.77600891515807e-19,0.999999999444841,1
"Q8NE86",NA,NA,NA,2,NA,NA,19.5573596407954,19.8371918618105,0.299418576315558,0.217497454759055,0.418806013519689
NA,NA,NA,NA,NA,NA,NA,20.2136626804447,20.1187204301049,4.72539459682603e-20,0.999999999830244,1
"P0A6Z1",NA,NA,NA,NA,NA,2,19.4618646482681,19.8159604790622,0.382872365880303,0.0946853574407127,0.213291615414085
NA,NA,NA,NA,NA,NA,NA,19.1116127779104,18.7653808868408,-2.06068529965924e-19,0.999999999391457,1
"Q9NPF5",NA,NA,2,NA,NA,4,19.5293947668018,19.4412418759103,-3.97105946466425e-20,0.999999999888664,1
"Q8IY37",NA,6,3,NA,5,NA,19.6297628959831,19.6880358885609,0.165251859122596,0.216702421555629,0.4181124648677
NA,NA,NA,NA,NA,NA,NA,20.7796228241757,21.0512476840928,0.0762415030641865,0.590053035965994,0.961314872772613
"Q06336",NA,4,4,1,NA,2,20.2393349123697,19.0908187107054,-0.86457975559879,0.00203810866940124,0.0079930991935933
"P56645",NA,3,NA,2,NA,NA,19.7998422421672,19.8412121764358,0.0165707205920039,0.815628212233463,1
"Q9H1E3",5,4,3,4,2,3,20.4069857474611,20.0864213425961,-1.25745134784366e-20,0.999999999928025,1
"Q4G0F5",NA,4,2,NA,3,2,19.5758591403324,19.6072224205467,0.173500150039273,0.131230788652506,0.278744631714398
"O00625",NA,3,NA,NA,NA,NA,19.8312429356188,20.018278015373,0.192748997261762,0.228451250531165,0.43616704697195
"P32502",NA,2,1,NA,NA,NA,19.7198903653494,18.6579453825012,-0.860699357690122,0.000969508474153027,0.00415226012426787
NA,NA,NA,NA,NA,NA,NA,NA,NA,NA,NA,NA
"P22804",NA,1,NA,NA,NA,NA,NA,NA,NA,NA,NA
"P51608",NA,NA,NA,2,NA,NA,19.0790056252605,19.5155981402663,0.496383584065462,0.037085906176857,0.0967655326704152
NA,NA,NA,NA,NA,NA,NA,18.6424164454115,19.6471499311582,0.327502670104468,0.282934245586529,0.518739850891154
"Q6P1Q9",NA,NA,NA,NA,NA,1,20.6000700853153,20.6283055048733,2.52685738793599e-20,0.999999999902466,1
"Q9Y605",2,NA,1,1,1,1,20.0844424326161,20.1449869981867,0.0955586963064987,0.439816559517472,0.744950596552055
NA,NA,NA,NA,NA,NA,NA,NA,NA,NA,NA,NA
"P36135",NA,NA,1,NA,NA,NA,NA,NA,NA,NA,NA
"P37838",3,NA,NA,NA,NA,NA,17.8130209567491,17.3095816246821,-2.62420125121377e-19,0.999999999530836,1
"Q6VMQ6",1,2,NA,NA,NA,NA,21.2258951689994,20.3689255674459,-4.49426879381344e-19,0.999999999268408,1
"P23634",NA,NA,3,NA,NA,3,19.2691467151303,19.0681795897204,-2.39459944140371e-20,0.999999999921186,1
"Q07623",NA,3,2,NA,NA,NA,20.5451672470463,19.4224483898128,-0.916055813391414,0.00217763069734907,0.00848834560338298
"Q676U5",1,2,5,NA,NA,NA,18.8640867716085,18.8097705896666,4.42933506592266e-20,0.999999999810742,1
NA,NA,NA,NA,NA,NA,NA,19.2472421079257,18.7555444881073,-4.32548713736975e-20,0.999999999840427,1
"Q96S97",NA,NA,1,NA,NA,1,20.3088819444444,20.2213891491036,3.8373136537952e-20,0.999999999831763,1
"Q5MIZ7",NA,NA,NA,2,NA,NA,20.2192254051533,20.0699051747156,6.36710164723352e-20,0.999999999709954,1
"O76095",NA,NA,NA,NA,2,NA,19.0517424759627,19.0526605647337,8.68661083865632e-20,0.999999999643921,1
"P0AC62",NA,NA,NA,2,NA,NA,19.4863956498315,20.5614008844718,1.36119660174927,0.0016948209638243,0.00677576031898988
NA,NA,NA,NA,NA,NA,NA,20.1005272856617,19.9211948164467,7.17951010017396e-20,0.999999999793875,1
"Q03778",NA,NA,1,NA,NA,NA,20.799308759818,19.4497051294877,-0.906443885634901,0.00413669411348055,0.0146588380470942
"P23843",NA,NA,NA,NA,NA,2,NA,NA,NA,NA,NA
"P60520",3,3,2,3,2,3,21.5413952871465,21.4133479455137,-3.02106149928305e-22,0.999999999997751,1
"P38758",NA,5,3,NA,NA,NA,18.42282945613,17.6678699811947,-2.96188897013605e-19,0.999999999445999,1
NA,NA,NA,NA,NA,NA,NA,20.511429384671,20.6230632493011,0.209353843316358,0.342661323298152,0.606970948269191
"P0ABS1",NA,NA,NA,2,2,3,NA,NA,NA,NA,NA
"Q9H4I3",1,2,1,1,1,NA,21.6910501025226,20.394729841118,-4.58184113110098e-19,0.999999999410185,1
"P38276",NA,NA,1,NA,NA,NA,20.7235333612416,19.1668365424222,-2.20889648451852e-19,0.999999999539602,1
"Q8TCD5",3,2,NA,2,4,NA,20.0797377303104,20.0477958630036,7.8204826012963e-18,0.999999997944458,1
"Q01415",NA,3,NA,NA,NA,NA,18.9950589252398,19.2875548869017,3.83837271033502e-19,0.999999999235167,1
NA,NA,NA,NA,NA,NA,NA,22.5335510117482,22.3986832225193,6.77917167255655e-20,0.99999999971894,1
"Q8NEZ2",1,2,NA,NA,NA,NA,19.0724110125731,18.7754828423588,-1.07420713688207e-19,0.999999999537236,1
"P76116",NA,NA,NA,1,1,2,NA,NA,NA,NA,NA
"P54837",NA,2,NA,NA,NA,NA,19.7173539919899,19.0966106213955,-9.95556956032648e-20,0.999999999639466,1
"Q9H496",NA,NA,1,NA,NA,NA,18.6005995319001,18.6357897093421,0.170864026101438,0.414897892665484,0.70856895878839
"P09372",NA,NA,1,1,2,2,20.4067193171393,21.9777592499351,1.73721885455576,1.49729596013551e-05,9.7824466523463e-05
"Cont_Q32PI4",NA,3,NA,NA,NA,NA,19.0974329529753,18.7126396320099,-5.08847073270548e-20,0.999999999811654,1
"Q4G0N4",NA,NA,2,NA,NA,NA,20.7784093366216,21.1180948590632,0.453061180242888,0.135685916806408,0.286624699398083
NA,NA,NA,NA,NA,NA,NA,18.3848959386199,18.1561092507757,2.20353665578235e-20,0.999999999920474,1
NA,NA,NA,NA,NA,NA,NA,19.2707246424106,19.6022872663447,0.458791978511874,0.032827841867582,0.0872736496470417
NA,NA,NA,NA,NA,NA,NA,20.1823971257773,19.9326021153259,-4.06723289161538e-21,0.999999999980826,1
NA,NA,NA,NA,NA,NA,NA,18.2556814065123,18.701109605217,0.366842128157069,0.180962954808919,0.360737832167468
"O15228",NA,NA,5,2,4,NA,20.5758397884032,19.504918080268,-1.31012720096771e-20,0.999999999963669,1
"P22681",NA,NA,NA,NA,NA,2,19.5240803228363,19.1898824653327,3.52487435490671e-21,0.999999999980407,1
NA,NA,NA,NA,NA,NA,NA,18.66304529018,19.2422627033633,0.653956873720363,0.00356359268619453,0.0129135466122212
"P0A8M0",NA,NA,NA,5,4,4,19.6984036188272,21.1970072808647,1.66556120323417,1.18039758578671e-05,7.90907511312839e-05
"P17066",NA,1,NA,NA,NA,NA,19.3541964900911,19.6384728253451,2.497133174548e-19,0.999999999453537,1
"P45577",NA,NA,NA,NA,3,NA,18.2148486705546,19.8988200184227,1.8194311356259,2.66753137413636e-05,0.0001658296174288
NA,NA,NA,NA,NA,NA,NA,23.7618445844141,23.5651635049417,-1.18153998918023e-20,0.999999999951838,1
"P53043",3,NA,NA,NA,NA,NA,NA,NA,NA,NA,NA
"Q8N567",NA,NA,NA,1,NA,NA,19.6668234850822,19.7190773882792,0.125976521858503,0.357811927038821,0.627891179644911
"P47173",1,NA,NA,NA,NA,NA,20.7042028617731,19.6912109566936,-0.713130001798226,0.0403558145851997,0.103887860036598
"O15258",1,1,1,2,1,1,20.9223603705955,20.9359815806601,0.110594980172007,0.397937163450129,0.683854481961214
"Q9BQG2",4,2,1,2,NA,NA,19.315120327572,19.859463206468,0.383924701015087,0.217255191067537,0.4186189703636
NA,NA,NA,NA,NA,NA,NA,20.5239584154656,20.2329115626875,-9.4225413460262e-20,0.999999999507904,1
"P39111",NA,NA,3,NA,NA,1,21.9104632859898,21.6543743565044,7.83889338124765e-20,0.999999999946375,1
"Q7Z3J2",NA,4,NA,NA,NA,NA,20.6211202912208,20.0695338654955,-0.237993480995482,0.50811306488793,0.843055585659611
"Q96RE7",NA,2,3,4,4,3,20.1272545015489,20.1277546060726,3.02134199814663e-20,0.999999999872594,1
"Q92636",NA,3,NA,NA,NA,2,19.1350667905215,19.0381014017318,7.59118892769479e-20,0.999999999730914,1
"P02413",NA,1,1,5,5,3,21.0927216703084,23.2112798624373,2.13827633461417,0.00286483287719237,0.0107606073975607
"P42167",3,3,NA,3,NA,NA,19.5550905348232,19.0269122228921,-2.74361418756293e-20,0.999999999880984,1
NA,NA,NA,NA,NA,NA,NA,17.4971708552494,20.094390932705,0.972040230904847,0.0927923384945543,0.209846727077649
"Q9P035",NA,2,NA,4,NA,1,19.6985683284381,20.0881261537291,0.453469250140217,0.0335592111096344,0.0888903071127094
"Q9H410",NA,NA,NA,NA,NA,3,19.7060625820322,19.2239463580197,-0.0513180886602247,0.612228606329937,0.992119896044216
"P23443",NA,NA,NA,2,NA,NA,19.5228096954995,19.7919016655424,0.426087318954186,0.0546377202220315,0.134301239011887
NA,NA,NA,NA,NA,NA,NA,20.4473130417745,20.5701887079217,0.269085672477768,0.112590248022892,0.246408627027339
NA,NA,NA,NA,NA,NA,NA,24.9818045111319,23.7080477935913,-1.00951794542633,0.000247005411355668,0.00125881114674103
"P08067",NA,NA,1,NA,NA,NA,19.5120752126617,18.8907241947151,-0.215221082899932,0.389642726967114,0.672203615990814
"P38929",NA,1,NA,NA,NA,NA,19.8267497576227,18.4555419987206,-1.19530749769998,0.000316826934288815,0.00156086642520254
"Q9NQZ5",NA,NA,1,NA,NA,3,19.8996996293132,19.726960618682,2.240683444008e-21,0.999999999990108,1
"P38869",NA,2,1,NA,NA,1,20.9286481931109,19.6382439133782,-1.09206514491613,0.000213958065542608,0.00111182155996467
NA,NA,NA,NA,NA,NA,NA,18.6675025776763,18.899018495251,0.0391574842378601,0.663387725056497,1
"Cont_A0A3Q1M032",NA,1,NA,1,1,1,21.8566251116212,21.69198095105,-5.10546510249762e-20,0.999999999783968,1
"P0A7K6",NA,NA,1,NA,3,1,20.8035539720746,22.8440021122056,2.2004070584979,9.86403856489513e-06,6.72643480861466e-05
NA,NA,NA,NA,NA,NA,NA,18.2569306926189,17.8962733597833,1.05761569485369e-20,0.999999999955613,1
"P23327",NA,NA,2,NA,NA,NA,19.6182128620471,19.2984240369951,-2.04043183358067e-20,0.999999999924837,1
"P37747",NA,NA,NA,1,NA,NA,NA,NA,NA,NA,NA
NA,NA,NA,NA,NA,NA,NA,19.9886314177248,18.7808687306816,-0.92560491671091,0.00488797239078507,0.016956532003872
"P0AF12",NA,NA,NA,1,NA,NA,20.5620259445067,21.1713188097697,0.946008654296438,0.00246078145050374,0.00943899480582187
NA,NA,NA,NA,NA,NA,NA,19.1492856973745,19.1842500322755,6.89002778980764e-20,0.999999999702366,1
"P0ACJ0",NA,NA,NA,1,2,NA,23.406943047471,22.1437250938568,-6.20119106259953e-19,0.999999999377779,1
"Q5TA45",NA,2,2,8,8,NA,19.2458243562162,19.623026891364,0.0943589728213812,0.453053834726664,0.764453808873392
NA,NA,NA,NA,NA,NA,NA,19.6342524403638,19.8148318078242,1.89118720566866e-19,0.999999999391406,1
"Q8NDF8",NA,NA,NA,4,NA,NA,18.9760483021763,19.2593316249083,0.347841542477806,0.2188642563085,0.420875964881246
"P20049",NA,2,NA,NA,NA,NA,20.7175501330696,20.3766369722322,-5.83042736454214e-20,0.999999999703,1
"P0A877",NA,NA,NA,NA,1,NA,NA,NA,NA,NA,NA
NA,NA,NA,NA,NA,NA,NA,18.9664182827046,19.3273443653592,0.538605250712324,0.00940252588998622,0.0300849538875932
"P30533",NA,NA,NA,2,NA,3,19.0609631183145,20.7365317658213,0.0604783338803862,0.639272567288327,1
"P53206",NA,2,NA,NA,NA,NA,19.1202099162037,18.0235146254531,-0.830224367691711,0.00318956453085992,0.0117201259735865
"Q01664",2,3,5,4,NA,NA,19.4221701355971,19.1471128381519,-3.45181762792569e-20,0.9999999998501,1
NA,NA,NA,NA,NA,NA,NA,20.2695706665834,20.579819685561,3.41264978870459e-19,0.999999999102612,1
"P63098",NA,NA,1,NA,NA,2,21.1970064640147,20.7215273961868,-0.122650038946016,0.508966708285007,0.843986473152114
"Q9UBM7",NA,NA,NA,NA,NA,1,19.673027755103,19.2343509308145,-7.59673920239133e-20,0.999999999626742,1
NA,NA,NA,NA,NA,NA,NA,21.7089776437313,22.2028625280923,1.02118164295061e-19,0.999999999594173,1
"Q8IZH2",NA,5,NA,NA,NA,NA,18.8997282583116,19.0401262439405,0.0334322498215818,0.686336531119795,1
"P0AEK2",NA,NA,NA,4,3,4,18.9302996682665,20.4513209089544,1.5457981368587,0.000163220547243668,0.000874298363090732
NA,NA,NA,NA,NA,NA,NA,20.8440991347264,19.8955576529624,-0.719169315961166,0.00522326647534906,0.0180113713665802
"P0AEQ1",NA,NA,NA,2,NA,NA,NA,NA,NA,NA,NA
"P0AGE0",NA,NA,NA,2,NA,3,19.1354805433677,21.296572975522,2.37842342407321,8.20165942389177e-06,5.67330614105895e-05
"P28239",NA,NA,2,NA,NA,NA,19.0067094669469,18.2490565272553,-3.32643932277522e-19,0.999999999591284,1
"P47135",NA,1,NA,NA,NA,NA,21.2214509471738,20.3278749883296,-0.627864418944394,0.0148447420913952,0.0440465428095821
"O95544",NA,NA,3,NA,NA,NA,19.8886226831562,19.7700494552589,3.04240305846118e-20,0.999999999910884,1
"P61175",1,2,2,3,3,2,20.8967402229834,22.7698260665523,2.04625523241849,4.12306466926248e-06,3.04948206115067e-05
NA,NA,NA,NA,NA,NA,NA,17.8763313555367,18.3563978766713,1.0208915342955e-18,0.999999998717687,1
"P68400",1,1,1,1,1,1,22.5000466339408,22.6894829588561,0.299010173129376,0.201337282279065,0.392934635137998
NA,NA,NA,NA,NA,NA,NA,19.7421960644709,19.6693625146276,5.50163433386674e-20,0.999999999732969,1
"Q9NV88",NA,NA,NA,6,6,NA,19.1801897577939,19.7229055647309,4.46469795856736e-19,0.999999999162318,1
"P61604",5,4,5,4,5,6,26.4464593467719,26.3846529665771,3.13062458838033e-11,0.999995271891458,1
"Q9UFG5",NA,NA,2,NA,NA,2,20.6253900524563,20.8342921665883,0.325164910467227,0.0944691556708459,0.21305416695274
"Q7Z2W9",NA,NA,4,NA,NA,NA,20.8237411119623,18.2840529411979,-1.91119882796449e-19,0.999999999749327,1
"P46063",NA,NA,NA,NA,NA,6,20.6567632113172,20.6803301380313,3.48534075354308e-20,0.99999999986814,1
"P00427",1,1,3,2,NA,1,20.065829906438,19.1995883109744,-0.503234710730619,0.0994550580321369,0.222238331315388
NA,NA,NA,NA,NA,NA,NA,19.7865489644803,20.1297006139973,0.198024575379958,0.256494947311071,0.478563826338154
"Q6SPF0",NA,NA,NA,4,NA,NA,19.8253588434023,20.0682751362008,0.330993183226692,0.0727315438597994,0.1710510707408
"P48563",NA,NA,3,NA,NA,NA,18.476998884594,17.615412417493,-0.691067722972313,0.00257428279633643,0.00981562290288491
NA,NA,NA,NA,NA,NA,NA,20.3215527901534,19.7773763521194,-3.19540426948883e-19,0.999999999209525,1
NA,NA,NA,NA,NA,NA,NA,19.4316094501491,19.0418544551749,-0.0685564484341454,0.531900295991762,0.875972825457172
"P34949",NA,5,2,NA,NA,NA,20.5277107088619,20.0679334449564,-2.58239078231263e-20,0.999999999926314,1
"Q9GZY8",NA,1,NA,1,NA,1,19.86540626478,19.9300821499585,0.117031022833266,0.393071277196288,0.676903939744891
"P35997,P38711",NA,NA,NA,2,2,NA,26.3421051914418,25.2685358610572,-0.847906519990112,0.000916549697552945,0.00394889858490137
"P62304",NA,2,3,2,NA,3,23.9094815561887,24.0478791886735,0.117938277855296,0.431162477196978,0.73201186902571
"P42356",13,NA,NA,4,NA,NA,21.6046524502676,21.2695019527868,-0.145867258539241,0.594340715193517,0.967480695810214
NA,NA,NA,NA,NA,NA,NA,21.0229606601555,20.8095493926991,3.99247621262655e-21,0.999999999980904,1
NA,NA,NA,NA,NA,NA,NA,21.8432071593721,21.7299879156283,-5.67632742309837e-20,0.999999999895555,1
NA,NA,NA,NA,NA,NA,NA,18.9914432783428,19.8623229055345,1.0680812365513,0.00029806719979123,0.00147854658262735
"P43569",NA,2,4,NA,NA,NA,19.362333376614,18.5161891809782,-0.643557935340306,0.0176344602584225,0.0509430151381269
NA,NA,NA,NA,NA,NA,NA,19.3873930442585,19.1827824674011,1.56790725024065e-20,0.99999999992789,1
"Q96H55",NA,NA,NA,3,NA,NA,19.270841737021,19.4671087437132,0.408427702298099,0.0516568663302715,0.128341284177147
"P57772",NA,NA,NA,NA,NA,3,19.2863949024137,18.9535376070926,-8.40579130400411e-20,0.999999999668962,1
"Q9P0U4",NA,NA,NA,NA,3,NA,20.9392226550985,20.4586687811921,-1.85207882136016e-19,0.999999999478757,1
NA,NA,NA,NA,NA,NA,NA,19.2835444077984,19.1632870413884,5.52028764376089e-20,0.999999999823057,1
"P56262",NA,NA,NA,NA,1,NA,18.6035152784182,19.4696507836246,0.407157528483901,0.289775904580335,0.529024428330364
"Q9NRP0",NA,1,1,1,NA,1,20.0873121379064,20.1192125007404,0.14799923670735,0.474838761240449,0.795930044685437
NA,NA,NA,NA,NA,NA,NA,20.0699030299989,19.4022069329316,-0.354587724154551,0.0730052380946001,0.171538152489624
"Q02127",NA,NA,1,2,2,NA,19.789969110017,20.0563542516553,0.151932096298045,0.392032069555055,0.675315917964501
"P05161",1,2,2,1,2,4,20.7586821172686,20.9623993672357,0.152040346579747,0.346865335623509,0.613447615331705
NA,NA,NA,NA,NA,NA,NA,18.2352989583502,17.1075581192922,-0.649900117037743,0.0748122485559544,0.17508797643785
NA,NA,NA,NA,NA,NA,NA,18.7353841666422,20.1084817372865,1.5727799684967,1.35404267022197e-05,8.97870363736843e-05
NA,NA,NA,NA,NA,NA,NA,19.4455937338779,20.2750948884513,3.46847859960824e-19,0.999999999517279,1
"Q9Y5U2",NA,NA,NA,NA,NA,1,20.5676786685497,20.4565603255782,3.88994853453564e-20,0.999999999832232,1
NA,NA,NA,NA,NA,NA,NA,18.3800354085704,18.6592218441436,2.86538660093484e-19,0.999999999317786,1
NA,NA,NA,NA,NA,NA,NA,19.051086357456,19.4763847369172,0.501812554550454,0.0635574829467552,0.152522096139697
"P22214",3,2,2,3,NA,3,20.8705172786318,19.9777259498085,-0.688705468496058,0.002717353370966,0.0102998762136024
"Q14353",2,NA,2,2,1,2,19.7963035469517,19.8099303424625,1.14928196076774e-19,0.999999999460469,1
"Q5VTD9",NA,NA,NA,NA,NA,1,19.3020148544026,19.4147529622998,1.61285857789251e-19,0.999999999468802,1
"O15305",NA,1,1,2,NA,NA,20.8317951390945,20.7149281004402,0.110481371357917,0.447817586203555,0.757273442957748
"Q05015",NA,1,1,NA,NA,NA,19.9502795675177,18.8083345219633,-0.934980593842141,0.000217402922453989,0.0011258505023672
NA,NA,NA,NA,NA,NA,NA,21.7136256966516,20.7920818694409,-0.724776366480766,0.00101452637411268,0.00431941155148047
"Q08951",NA,4,6,NA,NA,NA,20.0877593496957,18.9558287245981,-0.82220118243724,0.00761534582708041,0.0250363512403558
"Q02447",NA,NA,1,NA,NA,1,19.2867238238225,18.7535484885484,-0.237719700647372,0.295213196630848,0.536067022777262
NA,NA,NA,NA,NA,NA,NA,20.1945649295373,19.0510683809912,-1.01037573230554,0.00118349019653611,0.00497998172415524
NA,NA,NA,NA,NA,NA,NA,21.5289776987609,20.2274879690542,-1.04266977471623,0.00171693482431187,0.00685466920515931
NA,NA,NA,NA,NA,NA,NA,20.6587827085037,20.4747038628159,-3.80549816793038e-21,0.999999999981554,1
NA,NA,NA,NA,NA,NA,NA,20.8984722481331,19.7353115023829,-1.01372904667415,0.000362600248076339,0.0017622921913668
NA,NA,NA,NA,NA,NA,NA,20.4817938084614,19.4674292943463,-0.698110463883615,0.00451487460061153,0.0157942553402055
"P0AEH5",NA,NA,NA,NA,NA,2,19.844555544471,21.1956384822806,1.51220522612898,7.53572414520716e-06,5.26314680311139e-05
"Q06631",NA,3,NA,NA,NA,NA,18.3138062340181,17.1672065331325,-0.856089145188844,0.00512976504046237,0.0177207272565433
"Q04175",4,NA,NA,3,NA,NA,21.137977897374,20.1864129349798,-0.582675394390849,0.0719051971232047,0.169314727430109
NA,NA,NA,NA,NA,NA,NA,19.4904177828336,19.7581668049406,0.3902006614533,0.0367721489493715,0.0960772315620128
"Q05809",NA,1,NA,NA,NA,NA,19.0608337148916,17.9700370211257,-0.388225518347103,0.215829373410307,0.416633502666199
"P38716",NA,2,NA,NA,NA,NA,20.2573352970523,18.7204539844396,-1.10948661609157,0.00550387105883238,0.0187547738561158
"P39831",NA,NA,NA,2,NA,2,19.644550349764,20.9750858072792,1.47350551185632,5.45520206180999e-05,0.000322780109688019
"Q92575",NA,NA,NA,2,NA,NA,19.765266307965,19.7170571143321,4.42163254693378e-20,0.999999999775951,1
"Q9Y580",NA,NA,2,2,5,NA,19.9977820602139,20.1859161478922,0.321163089756077,0.0813921351760528,0.188347865154693
NA,NA,NA,NA,NA,NA,NA,19.6807734523621,19.2363141033876,-2.7059138027014e-19,0.999999999375202,1
"Q9UBW8",NA,NA,1,NA,NA,1,19.9859459838229,19.9921470658667,0.116258342648608,0.420711208604239,0.716799457305923
"Q9BTM9",NA,1,NA,1,NA,1,22.8606705408927,22.8688171984712,0.267185830838785,0.300027280164177,0.542588520146439
"P11802",NA,1,1,1,NA,2,20.1726657497409,20.1713638335731,1.16554548067943e-19,0.999999999601724,1
"Q9NRD1",NA,1,NA,1,NA,NA,20.1293108843513,19.6913354822558,-1.94099826316405e-19,0.999999999295849,1
"Q99735",NA,NA,1,NA,NA,1,20.5322699552417,20.3302330538475,-2.55041111149408e-20,0.999999999887506,1
"P0A993",NA,NA,NA,1,2,2,NA,NA,NA,NA,NA
"O14455",2,2,2,2,NA,2,23.0963497872474,21.732045555807,-1.15721404703204,2.30421963620289e-05,0.000145120557655617
"P40335",NA,NA,4,NA,NA,NA,19.0724959760257,18.2478876078741,-0.311055216327125,0.15094719572709,0.311360463494174
"P46964",2,NA,NA,NA,NA,NA,NA,NA,NA,NA,NA
NA,NA,NA,NA,NA,NA,NA,19.2893353867116,19.9693944577543,0.695508148100802,0.0120377589579913,0.0371566781319699
"P69222",NA,NA,NA,1,NA,NA,NA,NA,NA,NA,NA
"Q9NS87",NA,NA,3,6,NA,NA,17.8253417862493,19.9577943151594,0.843815239869248,0.113900499855102,0.24871006194704
NA,NA,NA,NA,NA,NA,NA,19.4728499695246,19.0104800806696,-0.18300065351169,0.314271894742481,0.565160399242324
"Q9HC36",NA,2,NA,NA,NA,NA,20.3165749772226,20.0388712795506,-2.46321265595609e-20,0.99999999986792,1
NA,NA,NA,NA,NA,NA,NA,18.83175604247,18.530249508706,-9.41886349961625e-21,0.999999999950308,1
NA,NA,NA,NA,NA,NA,NA,18.3942277969226,18.5782756632269,0.216846539202758,0.206469514097912,0.401592254494557
NA,NA,NA,NA,NA,NA,NA,NA,NA,NA,NA,NA
NA,NA,NA,NA,NA,NA,NA,NA,NA,NA,NA,NA
"Q9H0P0",NA,NA,5,NA,NA,NA,20.5840307302823,20.5120338591713,9.951929780875e-20,0.999999999644823,1
"Q8WWK9",NA,2,2,NA,NA,NA,20.2903833274267,20.1755862932475,6.4416166122693e-20,0.99999999979411,1
"P32529",1,1,1,NA,1,NA,20.8220188859124,19.6538603960016,-0.896024133151486,0.0013735893528541,0.00563601491935655
"P77455",NA,NA,NA,2,NA,NA,NA,NA,NA,NA,NA
"Q9NWX6",NA,NA,2,NA,NA,NA,21.2683615271824,21.2139443499196,9.15483787783311e-20,0.999999999602449,1
"P13130",NA,1,NA,NA,NA,NA,18.2604327664733,17.5784609522806,-4.1752881701682e-19,0.999999999258845,1
NA,NA,NA,NA,NA,NA,NA,18.3146512656889,18.1574952159113,4.54472231494e-20,0.999999999848193,1
"P37262",1,1,2,NA,NA,NA,19.9716959365692,18.9915068132451,-0.887667982744954,0.000713121717576401,0.00318174724570631
"P47123",NA,NA,1,NA,NA,NA,20.1312295600388,19.3927363782732,-0.648042153290303,0.0418090880334611,0.106960811026624
"P22139",NA,NA,1,NA,NA,NA,19.4764763741657,20.8338561360043,1.45653158794909,0.00743652925180766,0.0245309217728687
"P50583",NA,NA,NA,NA,NA,3,19.7647347143778,20.0038010920359,0.231185859572225,0.235035727563107,0.44617344926343
"P11216",NA,NA,NA,NA,NA,5,19.4450385190121,19.3954213266151,5.97627483463703e-20,0.999999999770387,1
"Q8IXK0",NA,NA,3,NA,NA,NA,19.3328873168625,19.340059901487,1.45735878412404e-19,0.999999999443239,1
"Q8TAE8",NA,4,NA,2,1,2,20.0372694581427,19.9457185508382,3.67691000559246e-20,0.999999999790741,1
NA,NA,NA,NA,NA,NA,NA,20.232345972977,20.3435336919307,0.176508734013468,0.454359815656995,0.766153190984361
NA,NA,NA,NA,NA,NA,NA,18.4181331061749,18.7336673470959,1.2876843036522e-19,0.999999999643504,1
"Q9Y3B8",4,NA,3,6,NA,2,21.4547865686405,21.3877338410465,0.0660834234100624,0.597923414743271,0.972489478334911
NA,NA,NA,NA,NA,NA,NA,18.991738173618,19.2931404262573,0.324850391054482,0.254448770854362,0.475053384808678
"P53879",NA,NA,1,NA,NA,NA,NA,NA,NA,NA,NA
"Q13888,Q6P1K8",3,NA,4,NA,NA,3,20.4125782575869,20.3323700922963,3.46195298463118e-20,0.999999999804556,1
"P61024",NA,2,3,1,3,2,22.7680937296767,22.7110958674736,0.000570788188260421,0.959205086730419,1
NA,NA,NA,NA,NA,NA,NA,19.1678966313969,19.5531896765772,5.00583213395454e-19,0.999999999147851,1
"O60200",NA,NA,1,NA,NA,NA,NA,NA,NA,NA,NA
"Q6P1X6",NA,NA,NA,1,NA,NA,19.2578220975255,19.2083979845861,1.42801283088743e-19,0.999999999679257,1
"O60784",NA,NA,1,NA,1,1,20.1269858193213,19.6758986397526,-2.01329625729513e-19,0.999999999369734,1
"P40989",NA,3,NA,NA,NA,NA,20.2072957899907,19.1890347994755,-0.86910419562901,0.000617570082349546,0.00280271084941155
NA,NA,NA,NA,NA,NA,NA,18.1424619428386,18.1225277577483,9.05792019315924e-20,0.999999999688355,1
NA,NA,NA,NA,NA,NA,NA,19.3707661213013,19.1118543502086,-2.6367467232688e-20,0.999999999879409,1
"Q99547",NA,NA,NA,NA,NA,2,20.3629968737072,20.2156734659262,4.52537481172714e-21,0.999999999983588,1
NA,NA,NA,NA,NA,NA,NA,19.6961845860357,19.6212880135554,-7.46392723745956e-21,0.999999999973374,1
"Q9UIC8",NA,NA,1,NA,NA,NA,20.1687026007995,20.188432518157,0.152267719360928,0.289176026647641,0.528096390544551
NA,NA,NA,NA,NA,NA,NA,20.882329839095,20.7272196671174,-2.99872752699168e-21,0.999999999988873,1
"P18843",NA,NA,NA,2,NA,NA,NA,NA,NA,NA,NA
"Q07800",NA,NA,1,NA,NA,NA,19.3894296726327,18.972455871291,4.43353000113888e-20,0.999999999934053,1
"Q8IXM3",NA,3,NA,NA,NA,NA,21.0194568252497,20.8145193003608,4.20173852294557e-21,0.999999999982497,1
"P40350",NA,1,1,NA,NA,NA,19.0026043093588,18.4066298835243,-0.470682235194763,0.096137837939943,0.215889134712157
"P53844",1,NA,NA,NA,NA,NA,19.9559863049618,19.394397214294,-0.304144579001501,0.248269359292685,0.466384218091664
"Q9Y5P6",NA,NA,3,NA,NA,NA,20.3972616311983,19.5937265717913,-0.548497910823489,0.0216369477207236,0.0610682736794787
"P62768",NA,NA,NA,NA,NA,3,NA,NA,NA,NA,NA
"P25560",NA,2,NA,NA,NA,NA,21.3004485408211,20.3346295678198,-0.765165943193904,0.00114927786559502,0.00484308546867615
"P51401",1,1,1,1,1,1,23.00405116785,22.0458826634357,-0.729864705910166,0.00545389313444718,0.0186395198416029
"P05738",1,1,1,1,1,1,23.8414433268516,22.9059203707038,-0.660045844280136,0.0128458460053597,0.03925195212125
"P42766",NA,2,3,NA,NA,2,23.3962630045397,23.2020078118232,2.90973957831201e-20,0.999999999856196,1
"Q04432",2,2,3,NA,NA,2,20.8240102108656,20.0557642620644,-3.74329334079494e-19,0.99999999942459,1
"Q08959",4,1,2,NA,NA,NA,20.678653830163,20.0665095682734,-0.244016069550184,0.0811423148376338,0.187995989678036
"Q9HCE5",NA,NA,1,NA,NA,1,19.5021734213899,19.3400638072958,1.45994999154692e-20,0.999999999936116,1
"P46990",NA,NA,1,NA,NA,1,24.3388094143423,23.0656886565756,-1.01681496649555,0.00370899342292343,0.0133732394105283
"P05740",1,2,1,1,1,1,25.0461411784792,23.7184085019278,-1.12978699851496,0.0002587960149161,0.00130964404390437
"P39010",NA,2,4,NA,NA,NA,20.3393045206821,19.61545079325,-0.453973165136353,0.0269504260894564,0.0732690895900442
"Q05979",NA,2,NA,NA,NA,NA,19.5992864453778,18.7216901724411,-0.561792092365606,0.0777544685716217,0.181238597652398
"Q02818",NA,NA,NA,3,NA,NA,19.1794264332307,19.2019253672535,0.0736005301043315,0.529531464206263,0.873068595886233
NA,NA,NA,NA,NA,NA,NA,18.6856424694699,17.4677072568564,-0.915939660088908,0.000472980652795333,0.00222200764330316
NA,NA,NA,NA,NA,NA,NA,19.7548119303276,20.032058757231,0.43437916719515,0.0219053928699399,0.0615848983755768
NA,NA,NA,NA,NA,NA,NA,19.1831245879669,18.8218080175191,-4.0859191885645e-20,0.999999999822972,1
NA,NA,NA,NA,NA,NA,NA,20.46873004853,20.085129662198,-0.0721402387239976,0.624777540715138,1
"P32802",NA,3,2,NA,NA,NA,NA,NA,NA,NA,NA
"P40018",NA,4,2,NA,NA,NA,18.7648727127017,17.5244402556939,-0.967412713892896,0.000459991550857376,0.0021627475606326
NA,NA,NA,NA,NA,NA,NA,19.1334842566673,20.0211989106016,0.639042671042894,0.100376399721832,0.223838983376594
NA,NA,NA,NA,NA,NA,NA,NA,NA,NA,NA,NA
"P06197",NA,NA,1,NA,NA,NA,19.5299034332241,18.7966462043302,-0.41494355582268,0.139704714785457,0.293502002766679
"P05748",1,1,NA,NA,NA,1,24.7691050178382,23.3336425063676,-1.28805030915556,5.31540073606658e-05,0.000315519231905045
"Q12446",NA,NA,3,NA,NA,NA,20.4958882977151,19.6500450902444,-0.58249792661524,0.0169004116449914,0.0492574466106761
"O60825",NA,1,NA,3,1,2,20.2078514625094,20.2316697628661,2.16568420191154e-20,0.999999999920448,1
"Q6BCY4",NA,NA,1,NA,NA,NA,19.3783593549394,19.6258479140179,0.39352340103598,0.0392529557784849,0.101320045586613
"P25358",NA,2,NA,NA,NA,NA,20.2972150483595,19.4474566449396,-0.590023613740476,0.00727966209642429,0.0241219819840734
"Q05948",NA,NA,2,NA,NA,NA,19.3974760167844,18.4282766862639,-0.739527036348971,0.00318377469678011,0.0117137731031406
NA,NA,NA,NA,NA,NA,NA,19.7626668565716,18.75022457307,-0.708447235425297,0.0142075681494825,0.0425121683891932
"Q7Z4H8",NA,1,NA,NA,NA,NA,20.2685966009352,20.2823597744637,0.062849538401134,0.651127946115772,1
"P20486",NA,NA,2,NA,NA,NA,NA,NA,NA,NA,NA
"P25815",1,3,1,2,NA,2,21.1355232038576,21.2329992813849,0.0003507425832587,0.969467557603561,1
"P56508",NA,1,1,NA,1,1,21.3939608114358,20.1543434862963,-0.968749063839444,0.000736925877975153,0.00327276781373261
NA,NA,NA,NA,NA,NA,NA,20.0906204916941,19.0444407065018,-0.866886794072669,0.00142299232116041,0.00581803168020866
"P38428",1,1,2,NA,NA,NA,20.2659483077565,19.2315617330774,-0.704176020212003,0.00547281495821559,0.0186865893243446
NA,NA,NA,NA,NA,NA,NA,19.0165847622827,19.0180084208483,1.10106368714262e-19,0.999999999461169,1
"O75208",NA,NA,3,2,NA,2,19.7590640618293,20.0964865716074,2.85260256771128e-19,0.999999999299389,1
"O15379",NA,NA,NA,NA,2,NA,19.4402539548024,19.448825660412,2.53485758547397e-20,0.999999999881614,1
"P0ABA6",NA,NA,NA,NA,2,NA,19.8754751516732,20.1053518603424,1.37172921776998e-19,0.999999999637208,1
NA,NA,NA,NA,NA,NA,NA,18.977933183804,19.1489716803833,0.337092230382113,0.0835196609459347,0.192268525138507
NA,NA,NA,NA,NA,NA,NA,19.8715654901407,18.4928394208006,-0.725309855610999,0.0924753571562393,0.209293972316338
NA,NA,NA,NA,NA,NA,NA,18.3587057423041,21.4728348227267,2.67446967610418,0.0042174311236384,0.0149083089168321
"P38773,P38774",NA,NA,NA,1,NA,NA,21.4540528270274,20.5998055379768,-0.601441038316579,0.0271964474263259,0.0738683169503174
