"protein_group","abundance_A_1","abundance_A_2","abundance_A_3","abundance_B_1","abundance_B_2","abundance_B_3","number_of_peptides_A_1","number_of_peptides_A_2","number_of_peptides_A_3","number_of_peptides_B_1","number_of_peptides_B_2","number_of_peptides_B_3","differential_abundance_pvalue_A_vs_B","differential_abundance_qvalue_A_vs_B","log_ratios_A_vs_B"
"A0A0B4J2D5",-19.3094743595,-19.4143216292,-19.1354095674,-20.2858207437,-19.1166904157,-19.8093768369,12,13,19,10,14,17,0.246238067855089,0.596371882086168,0.450894146733333
"A0A3B3IRV3",-20.9300630911,NA,NA,-21.0761041395,-21.8813441372,NA,4,4,5,4,3,5,NA,NA,NA
"A0AVT1",-21.1708106835,-20.8767558052,-20.5856491841,-20.2889274667,-20.8451422624,-20.424308982,21,27,33,33,31,40,0.285407274295572,0.647058823529412,-0.358278987233334
"A0FGR8",NA,-24.6208677426,NA,-23.7166705655,-23.8025401955,-24.9395093716,2,2,2,7,2,2,NA,NA,NA
"A0JLT2",-23.2735692101,NA,NA,NA,NA,-22.8048107258,1,NA,NA,NA,1,1,NA,NA,NA
"A0MZ66",NA,-24.4037915645,-22.9807229043,-23.9917823544,NA,-22.962508368,4,6,11,5,5,9,0.703909574468085,0.878457059679767,-0.215111873199998
"A2RRP1",-26.4035995518,NA,NA,-24.9075482148,-24.7544123281,-25.1743489417,5,5,3,4,5,6,NA,NA,NA
"A3KN83",-24.5977350288,-25.1413844983,-24.2440067494,NA,-23.9442133955,-23.7085855017,6,5,10,4,9,9,0.0578900230017251,0.285451197053407,-0.834642643566667
"A4D1E9",-22.5308298282,NA,-23.5921210902,-21.3774917593,-23.4006799592,NA,4,3,2,7,3,7,0.361011500862565,0.711309523809524,-0.672389599949998
"A5D8V6",-23.5872301325,NA,NA,NA,NA,NA,2,NA,NA,2,NA,NA,NA,NA,NA
"A5PLN9",-23.5852049684,NA,NA,NA,NA,-23.3936105603,2,NA,NA,1,NA,1,NA,NA,NA
"A5YKK6",-23.6919597242,-23.4517087476,-22.5581629898,-22.5523931942,-23.3741887431,-22.4728542647,25,21,34,30,30,41,0.312041834387579,0.672067401166559,-0.434131753199999
"A6NCE7",-21.2520058723,-21.616056137,-21.8876342529,-21.265180843,-21.3681534381,NA,3,3,2,3,2,NA,0.413926250718804,0.750406063887385,-0.268564946850002
"A6NDG6",-20.6234831089,-21.4350580377,-21.1850990836,-20.4523280646,-20.8006967166,-21.4628195346,10,7,7,10,11,10,0.637190770557792,0.863582908663269,-0.175931971466667
"A6NDU8",-22.0648159629,NA,-22.5816846893,NA,-22.5325570343,NA,1,1,2,NA,1,NA,NA,NA,NA
"A6NHG4",NA,-21.3617255979,NA,NA,NA,NA,3,4,3,1,4,2,NA,NA,NA
"A6NHL2",-22.2056707955,-23.0987067625,-22.484685864,-23.1021245127,-22.2243099843,-22.1756523821,24,21,19,22,21,21,0.790189189189189,0.915853248064625,-0.0956588476333344
"A6NHR9",-22.3883491354,-21.8956764244,-21.5792497358,-21.9391710433,-21.8383023351,-21.6057672288,39,36,45,41,43,52,0.618653824036803,0.85880933226066,-0.160011562800001
"A6NJ78",NA,-24.1335133793,NA,NA,NA,NA,NA,1,NA,NA,NA,NA,NA,NA,NA
"A8CG34",-24.3093496001,NA,-24.6178083135,NA,NA,-24.3829474037,2,NA,1,NA,NA,2,NA,NA,NA
"A8MPS7",NA,NA,NA,NA,NA,-22.3241177879,1,NA,NA,1,1,2,NA,NA,NA
"A8MWD9",-19.0435036229,-18.6189432095,-18.5606122604,-18.4013302009,-18.7706503944,-18.3758827811,12,10,14,8,10,13,0.463764519838988,0.773313492063492,-0.225065238799999
"A8MXV4",NA,NA,-23.8829877579,NA,NA,-22.7444211766,1,1,4,2,3,4,NA,NA,NA
"B4DXR9",-24.0781050132,NA,-24.0931301432,-24.3157345473,NA,-24.3285135454,2,NA,1,2,1,2,0.306081799884991,0.665565102445473,0.236506468149997
"Biognosys|iRT-Kit_WR_fusion",-15.9808627003,-15.9177716429,-16.0053770536,-15.824568024,-15.890138491,-16.0066841573,55,59,61,64,58,67,0.785315986198965,0.915087956698241,-0.0608735748333338
"C9JLW8",NA,NA,-21.9026540845,-21.1103311682,-20.9161247836,-21.8464304635,2,3,5,3,3,3,NA,NA,NA
"Cont_A0A3Q1M032",-22.8813752772,-23.4588123795,NA,-22.193684489,-22.8224365612,-22.1274133971,2,2,18,2,2,2,0.0697415181138585,0.327841845140033,-0.78891567925
"Cont_A0A3Q1M3L6",-18.7548406608,-18.5361665492,-18.6769012696,-18.5133424736,-18.5396662615,-18.7732405386,20,27,25,24,25,26,0.83861170212766,0.93747985820174,-0.0472197353000006
"Cont_A2I7N1",-22.1756891157,-23.8792188833,NA,-23.0178940032,-23.1385558231,-22.5169847987,6,8,5,6,9,10,0.774293703277746,0.911050290797126,-0.136309124499999
"Cont_A2I7N3",-23.3074877559,-23.4548729972,-22.7963044856,-23.473610653,NA,NA,2,3,3,3,1,1,NA,NA,NA
"Cont_G5E513",-21.9415538204,NA,-23.0502546606,-21.9356215168,-21.4902697423,-22.3168643542,15,17,20,14,17,16,0.216663743530765,0.549593495934959,-0.5816523694
"Cont_P00330",-18.2996188133,-18.1383524711,-18.1893106944,-18.8108773905,-18.7118074716,-18.6114223616,83,90,94,59,63,57,0.0809859114433582,0.356707317073171,0.502275081633332
"Cont_P00722",NA,NA,-24.9816584072,-23.0812429169,-22.8004854911,-22.606650027,2,3,1,7,8,11,NA,NA,NA
"Cont_P00735",-22.3521749363,-21.8152415726,-21.5734309614,-22.3600285116,-21.0790051954,-21.1933375391,16,17,16,11,20,15,0.391970241518114,0.736664795058956,-0.369492074733333
"Cont_P00761",-16.5980232598,-16.8235530511,-16.8212672622,-16.6814237489,-16.9042420538,-16.9134911539,51,49,53,50,50,54,0.730649511213341,0.89651493598862,0.0854377944999989
"Cont_P01017",-23.7070704744,NA,-24.0323266167,NA,-23.822023927,NA,3,1,3,4,1,3,NA,NA,NA
"Cont_P01030",-24.1085164196,NA,NA,-23.3638877549,-23.3540213182,-23.863034487,4,3,6,5,3,5,NA,NA,NA
"Cont_P01044",-23.7878107021,-23.6721625833,-23.9665868666,-24.1044637652,-23.536859415,-23.8198103633,3,3,3,4,3,4,0.948462190914319,0.966764705882353,0.0115244638333323
"Cont_P01966",-16.7882760505,-16.4450274387,-16.2288427508,-16.1622257495,-16.0883578044,-16.1303571942,57,53,67,43,67,71,0.236995687176538,0.576153846153846,-0.360401830633332
"Cont_P02070",NA,-21.2388697901,-21.0269115544,-22.2908120158,-22.1659986435,-21.2011495641,1,16,21,18,16,4,0.10728004600345,0.411543287327478,0.753096068883334
"Cont_P02081",-18.8136548141,-18.0599593618,-18.1718876934,-18.2941787681,-17.8749282456,-18.2677481036,20,28,36,30,30,27,0.544210322024152,0.823111111111111,-0.202882250666669
"Cont_P02769",-19.6967434295,-19.601249624,-19.1657644324,-19.0823788894,-19.0918491096,-19.0266233089,41,39,50,46,48,53,0.177903105232892,0.50787766450417,-0.420968725999998
"Cont_P05783",-19.9774555244,-19.8159427102,-20.0343630903,-19.3905899113,-19.5420475008,-19.7985994916,24,25,27,29,29,31,0.215476998274871,0.549423393739704,-0.365508140399999
"Cont_P05787",-19.9617056182,-20.4334283746,-20.5610513432,-20.1675444596,-20.0342296215,-19.8613990317,35,34,43,37,42,43,0.346355232892467,0.700183936235438,-0.297670741066664
"Cont_P08727",-20.4637450234,-19.9642375535,-20.5915126015,-19.8200537108,-20.5103503603,-20.3085796888,17,15,18,21,16,18,0.694358108108108,0.878039793662491,-0.126837139500001
"Cont_P08730",-23.253068051,-22.4181021425,-23.6494252932,NA,-23.4200517773,-23.5757286364,7,7,8,4,4,5,0.368227573317999,0.712784588441331,0.391025044616669
"Cont_P12763",-18.9794576319,-18.864156681,-18.7275539459,-18.9145438004,-18.4973275676,-18.8535327706,31,25,22,31,31,29,0.70228910293272,0.878457059679767,-0.1019213734
"Cont_P13645",-22.9501405006,-23.8323025196,-24.0723073187,NA,-22.2481931824,-24.1552608494,6,4,5,9,5,7,0.47616618746406,0.784218217243059,-0.416523097066666
"Cont_P15497",-20.2187021537,-19.881953447,-19.7113410582,-19.3993400554,-19.2303148062,-19.7525415834,14,17,17,17,17,17,0.159491374353076,0.486567164179104,-0.476600071300002
"Cont_P17690",-22.4101874728,-21.9216488901,-21.8023766895,-22.2536599027,-23.0194322845,-22.3897224483,2,2,4,4,2,3,0.175854945370903,0.506046511627907,0.509533861033333
"Cont_P32503",-20.0798985169,-19.8857008586,-20.109577489,-20.9070131581,-21.4068871206,-20.8228464554,18,22,22,10,14,19,0.0153674525589419,0.142222222222222,1.02052328986667
"Cont_P33433",-21.5001788222,-22.1882185285,-22.3226622789,-21.6263251193,-21.5181773681,-22.0659666458,4,4,5,3,4,4,0.451246262219666,0.768922305764411,-0.266863498799999
"Cont_P34955",-20.9029470698,-20.9888054395,-20.8625599028,-21.1217018165,-20.5812320107,-22.7210674805,11,15,16,13,15,15,0.284362995974698,0.646527777777778,0.556562965200001
"Cont_P41361",-23.4290171284,-22.5112356323,-22.370228404,-22.8792602048,-21.1671068923,-21.7521208917,6,6,10,5,11,12,0.120070874065555,0.43211334120425,-0.837331058633332
"Cont_P50448",NA,NA,-24.1360882001,-23.84816495,NA,-24.1071429599,1,1,1,2,1,3,NA,NA,NA
"Cont_P60712",-16.153173126,-16.2466077066,-16.1879693557,-15.8380683883,-15.952300771,-16.0780310123,366,374,408,406,404,438,0.35263829787234,0.704918032786885,-0.239783338899999
"Cont_P63103",-18.1994366363,-18.2167540501,-18.7799591492,-17.8914709872,-18.2818734216,-18.442416083,90,91,96,93,102,100,0.552220816561242,0.826730518067044,-0.1934631146
"Cont_P67983",-21.3358745791,NA,NA,-20.3906509233,-21.1693920705,NA,1,NA,1,2,2,1,NA,NA,NA
"Cont_P68138",NA,NA,NA,NA,-23.5990281286,NA,231,229,258,249,251,268,NA,NA,NA
"Cont_P81187",-23.1016159763,NA,NA,NA,NA,NA,6,2,NA,3,1,NA,NA,NA,NA
"Cont_P81948",-21.349336141,-21.5490598549,-21.5533914797,-21.5616554076,-21.9540741097,-22.4101225705,116,110,130,127,127,143,0.167527889591719,0.496644295302013,0.491354870733336
"Cont_Q03247",-22.1194567565,-22.2863677478,-22.3081415041,-22.6889561604,NA,-21.9840052958,6,6,6,8,7,6,0.754478579643473,0.90426638917794,0.0984920586333331
"Cont_Q05B55",-21.583048524,-22.4150405391,NA,-20.3363294635,-21.2470564904,-20.6878537631,5,4,NA,4,5,7,0.024426394479586,0.172523961661342,-1.24196462588333
"Cont_Q1RMN8",-18.6568902589,-18.8339678294,-18.4897662518,-18.7096251017,-18.869533536,-19.0193201313,15,19,20,19,18,17,0.459499856239218,0.772681954137587,0.205951476300001
"Cont_Q1WEI2",-17.3032336781,-17.2382900458,-17.2875433423,-17.2043868548,-17.2216224687,-17.3183401082,60,66,75,68,63,67,0.883694795859689,0.942989214175655,-0.0282392114999972
"Cont_Q28065",NA,-22.88614936,-22.5082994389,-22.5247707912,-22.9962329265,-22.8641705438,5,6,6,8,2,6,0.742699252443933,0.904191616766467,0.0978336877166655
"Cont_Q28085",-25.4877018796,-24.2571302805,-25.3439365049,-25.5975131207,-24.8476844346,-25.4487949299,2,2,2,7,3,4,0.515739936745256,0.810027598896044,0.268407940066666
"Cont_Q28107",-23.5324127376,-24.7799392075,-23.7503954117,-23.584050559,-24.9499156803,-23.6092860106,14,8,14,14,8,14,0.935136572742956,0.962863933452169,0.0268349643666674
"Cont_Q28178",-25.3593025062,NA,-25.4978949705,NA,NA,NA,4,4,5,4,7,4,NA,NA,NA
"Cont_Q29443",-20.0057077231,-19.8671685401,-19.7171273024,-19.555170352,-19.4626364137,-19.3299381488,29,38,35,35,33,39,0.151194220816561,0.473684210526316,-0.414086217033333
"Cont_Q2KJD0",-17.7835025794,-17.9504927117,-17.8085184924,-17.6964907706,-17.6736286142,-17.7520282726,281,275,304,316,296,331,0.560566992524439,0.827720207253886,-0.140122042033337
"Cont_Q2KJF1",NA,-22.5774302456,-22.9497712156,-23.0748984484,-22.3974033541,-22.9198954309,2,4,4,4,2,5,0.902333668775158,0.952787084983247,0.0337983472000012
"Cont_Q2UVX4",-23.0589085121,-21.9583367892,-22.1893646381,-23.0922433348,-21.9548313385,-22.4736881281,25,29,23,27,25,32,0.786834818861415,0.915459750757831,0.104717620666666
"Cont_Q2YDI2",NA,NA,NA,NA,NA,-23.8380334988,1,NA,1,1,1,1,NA,NA,NA
"Cont_Q32PI4",-24.0293762569,-23.8609235643,NA,-23.8817968264,NA,NA,1,1,NA,1,NA,NA,NA,NA,NA
"Cont_Q32PJ2",NA,NA,-22.3027691454,-22.8611314556,-23.0103204975,NA,3,3,4,2,3,1,NA,NA,NA
"Cont_Q3MHN2",NA,-23.4722301473,NA,-23.9096309651,NA,-23.6844555066,5,6,5,6,4,5,NA,NA,NA
"Cont_Q3SX14",-22.0481304419,-23.6610399354,-22.6680422932,-22.2032436157,-22.1186156878,-22.2983863623,12,13,14,11,14,13,0.196515669925244,0.529155787641427,-0.585655668233333
"Cont_Q3SYV4",-21.7179863004,-23.0696180189,-23.1427741522,-21.805544815,-21.7432545108,-22.1861855498,16,15,21,20,17,19,0.126628378378378,0.442020665901263,-0.731797865299999
"Cont_Q3SZV7",-22.5630179073,-23.4363574606,-23.0334976335,NA,-22.1619920342,-23.1828483952,2,1,2,NA,3,3,0.442522570442783,0.762538382804504,-0.338537452433332
"Cont_Q3T052",-20.8419968637,-21.5372809756,-21.0661543666,-21.138025325,-21.0687770611,-21.1319929621,15,18,20,19,21,24,0.887909143185739,0.944359053181678,-0.0355456192333321
"Cont_Q3ZBD7",NA,-23.8899116823,-23.0181467804,-21.9538727021,-23.4116927248,-22.8101948502,3,15,4,3,3,3,0.172684013801035,0.504734848484849,-0.728775805649999
"Cont_Q3ZBS7",-22.4074659349,-21.5955824096,-22.6151604779,-21.7995089328,-22.137227771,-21.7813294975,7,7,9,7,8,14,0.415909574468085,0.752150537634409,-0.300047540366666
"Cont_Q7SIH1",-21.6059133622,-21.6623504304,-21.931508053,-21.4874826765,-21.2455174126,-20.749076419,26,27,29,29,27,33,0.113718228867165,0.418491484184915,-0.572565112499998
"Cont_Q95121",-22.4422914181,-22.5234235489,-22.4293032161,-22.1200282103,-22.22883795,-22.3770570413,5,8,9,8,10,8,0.388230736055204,0.732466063348416,-0.223031660499998
"Cont_Q9N2I2",NA,NA,-22.3511087839,-21.6075975706,-23.47405588,-22.6017274703,0,1,5,3,3,5,NA,NA,NA
"Cont_Q9TTE1",NA,-23.2147193243,-23.0425719405,-22.2861813815,-23.1567938873,-22.3284198622,4,10,4,6,8,6,0.187903536515239,0.517953321364452,-0.538180588733333
"Cont_Q9XSJ4",NA,NA,NA,NA,NA,-23.4717098261,111,99,110,127,116,120,NA,NA,NA
"E9PAV3",-22.3191754917,-22.6611366219,-23.7788855757,-22.8256685374,-22.5308898336,-22.7284985117,18,16,16,18,18,19,0.582092438182864,0.841905564924115,-0.224713602199998
"E9PRG8",-20.5728759603,-20.6021550549,-20.1696130155,-22.3086710387,-20.5314009073,-22.4851626635,2,2,4,3,2,3,0.0337035652673951,0.205194805194805,1.32686352626666
"G2XKQ0",-21.0259938246,-21.2109709489,-21.4857091839,-21.7352762814,NA,NA,2,2,1,2,2,1,NA,NA,NA
"O00115",NA,NA,NA,NA,NA,-23.5205741443,1,1,1,1,2,2,NA,NA,NA
"O00116",-20.9990997855,-20.8342141003,-21.3819414646,-20.6170552784,-21.0469073475,-20.8314865163,17,12,16,14,13,14,0.439539534215066,0.761708697889861,-0.239935402733334
"O00139",-22.8881529097,-24.4674924315,-22.7024343313,-23.0780856819,-23.4959085756,-23.37826004,9,10,9,10,11,9,0.920336400230017,0.960878724044538,-0.0352751250000019
"O00148",-20.0385706744,-20.3909039295,-19.5304941838,-19.4471840213,-19.7218292922,-19.8307136465,14,42,49,48,47,50,0.357123490511788,0.709483793517407,-0.320080609233333
"O00151",-19.4383902323,-19.2038675632,-19.3416801111,-19.1498583622,-18.9392181218,-18.8416990595,13,18,25,18,23,22,0.217125215641173,0.549593495934959,-0.351054121033332
"O00154",-21.8844402843,-20.2944070994,-20.9265750419,-20.7838371941,-20.8396427755,-21.4276098079,13,14,11,12,15,15,0.946874640598045,0.966166519564578,-0.0181108827000003
"O00161",-20.752362157,-22.2933505637,-19.8693284847,-20.1615371829,-20.3547806299,-20.0853578529,5,4,7,6,4,7,0.176336831512363,0.506046511627907,-0.771121846566668
"O00165",NA,NA,NA,NA,NA,-23.2392391841,2,2,3,2,3,3,NA,NA,NA
"O00170",-20.6484106681,-21.3915554894,-21.279785785,-20.4356053042,-20.5998492669,-20.7049962804,8,8,6,10,10,9,0.141178407130535,0.46096256684492,-0.526433697000002
"O00178",-22.3705459297,-22.9855303891,-22.5191442437,-21.9687550226,-22.7222313378,-23.0075277352,6,3,6,6,5,5,0.856244537090282,0.940506329113924,-0.0589021556333336
"O00186",-24.6631789071,-21.7887230151,NA,-24.5613452158,-22.4961928467,-24.7633230632,2,5,3,5,4,6,0.403014807360552,0.747797356828194,0.714336080799999
"O00193",-20.3333632833,-19.9335704751,-20.3188556503,-19.7363227017,-20.0339372345,-19.7353489783,5,5,3,4,5,5,0.237406986774008,0.576153846153846,-0.360060164733333
"O00203",-23.5680335635,-24.9050093159,-23.4944460048,-25.2750244504,-25.0268982467,-23.5990609808,8,7,7,7,6,12,0.239539677975848,0.579754601226994,0.644498264566668
"O00214",-23.5080571338,NA,NA,-23.8040242512,NA,NA,2,NA,1,2,2,1,NA,NA,NA
"O00217",-21.2512185199,-20.1369984692,-20.962851043,-20.163879439,-20.8480401807,-20.6759468874,4,7,6,6,5,5,0.566002156411731,0.829969944182052,-0.221067175000002
"O00231",-19.1707696589,-18.9222265599,-18.9850510995,-19.3638260909,-19.0551256976,-18.870348719,31,35,33,35,35,40,0.789887866589994,0.915459750757831,0.0704177297333359
"O00232",-19.8479951944,-20.461890748,-20.2783044691,-20.408171566,-20.5624130645,-20.4365036135,18,13,19,15,15,20,0.374178407130535,0.719491035280509,0.272965944166668
"O00233",-20.2134475948,-20.9872966931,-21.0524376034,-20.9868274501,-20.6180775159,-20.4480896598,7,4,5,5,9,6,0.832294853364002,0.933980582524272,-0.0667290884999971
"O00244",-19.2762675956,-20.2201663936,-19.4040313305,-19.1485787237,-19.3132237845,-20.7644401066,5,2,5,6,4,3,0.801908999424957,0.920465890183028,0.1085924317
"O00264",NA,NA,NA,NA,-22.8721633085,NA,2,1,0,3,1,1,NA,NA,NA
"O00267",-21.1370166195,-21.2308120811,-20.720509165,-20.4819592342,-21.3296831425,-20.4191894025,22,25,26,27,25,27,0.436668200115009,0.761609907120743,-0.285835362133334
"O00273",-21.9833260434,-21.381649158,-20.0477651548,-20.8275550211,-21.0483128553,-20.7235151149,7,6,12,8,6,7,0.56112219666475,0.827720207253886,-0.271119121633333
"O00291",-25.7192603404,NA,NA,NA,NA,NA,1,0,1,1,1,4,NA,NA,NA
"O00299",-16.6183766604,-16.8130574173,-16.8805095469,-16.5728140136,-16.672555237,-16.8987894347,63,56,63,60,60,69,0.819266532489937,0.928010471204188,-0.0559283131000008
"O00303",-19.1413901921,-19.7938161735,-19.9113000774,-19.3032745222,-19.5532914303,-19.6133727051,18,16,19,20,16,23,0.689559948246118,0.878039793662491,-0.125522595133333
"O00330",-23.7604840847,-23.4058007109,-22.2759155402,-22.3697216753,-23.5382312876,-22.5281734199,3,3,7,7,3,10,0.476943070730305,0.784218217243059,-0.335357984333335
"O00399",NA,NA,-21.4912901214,NA,NA,NA,NA,NA,2,1,1,1,NA,NA,NA
"O00410",-20.443126002,-20.4783920743,-20.3861232235,-20.3237832057,-20.483027687,-20.1840112662,30,32,36,34,37,42,0.668531914893617,0.86885865457294,-0.105606380300003
"O00411",NA,NA,NA,NA,NA,-24.6415259659,2,1,1,2,1,4,NA,NA,NA
"O00418",NA,-24.2599805175,-24.5353945562,NA,NA,NA,2,2,3,2,NA,5,NA,NA,NA
"O00422",-21.0385535982,-20.4053665641,-20.8262797637,-21.2271225382,-21.8188696655,-20.3910230975,13,13,13,7,16,14,0.362232317423807,0.712166172106825,0.388938458399998
"O00425",-21.6088489725,-20.9826960494,-20.9137767568,-20.623723466,-20.4884884838,-20.6915239428,17,21,27,26,21,26,0.112260063254744,0.416256157635468,-0.567195295366666
"O00429",-20.9253546065,-20.8969132975,-20.800251077,-20.9006471344,-20.7591746597,-20.8034935597,17,14,18,17,23,22,0.808526451983899,0.923153362040411,-0.0530678757333298
"O00442",-23.7934568678,-21.3982604762,-21.2307225993,-21.5836074337,-21.5110497014,-23.8898395923,5,8,5,8,5,6,0.776245543415756,0.912226775956284,0.187352261366666
"O00459",NA,NA,NA,-24.6515026335,NA,NA,NA,2,1,3,NA,1,NA,NA,NA
"O00471",-23.8008368073,-24.2269485488,-24.7580522616,NA,-24.3116523937,-24.5905412789,1,2,2,NA,2,3,0.611662162162162,0.856156034132466,0.189150963733336
"O00483",-20.2596185353,-21.4985707429,-20.4904490581,-19.7581960856,-19.5911341896,-20.8242411191,5,2,5,5,5,2,0.161310235767683,0.489173228346457,-0.691688980666665
"O00487",-22.0578421524,-21.3256954501,-21.4292351717,-22.091743508,-20.7852081479,-20.361283393,9,11,8,9,12,13,0.280595888441633,0.639747191011236,-0.524845908433331
"O00505",-22.1231177587,NA,-21.9263687866,-21.7381650772,-22.4658442622,-22.3964899125,3,2,5,5,5,6,0.611375646923519,0.856156034132466,0.175423144650001
"O00506",NA,NA,NA,-23.9714882706,NA,NA,1,1,2,1,3,3,NA,NA,NA
"O00507",-26.5636386704,NA,-26.5838760634,NA,NA,NA,1,14,1,10,13,17,NA,NA,NA
"O00541",-21.6516114136,-22.0640271835,-21.3866118395,-21.2697364106,-22.3507720524,-21.2491436234,18,14,15,11,14,15,0.827761213341001,0.931707317073171,-0.0775327834000024
"O00560",NA,-22.658685613,NA,-22.0761795077,NA,-23.1850388407,NA,2,NA,3,NA,1,NA,NA,NA
"O00566",-21.1519061172,-21.6699379808,-21.5086834046,-21.5519519542,-21.6318127268,-21.7663660292,14,13,9,11,15,15,0.477608395629672,0.784503631961259,0.206534402533336
"O00567",-24.1315114363,-22.1324837638,-22.0699356088,-23.6374374225,-22.6014251624,-22.1409504055,6,7,9,10,12,12,0.957795284646348,0.966783216783217,0.0152940605000005
"O00571",-21.259754447,-22.523523506,-21.3070523342,-21.7222860042,-21.5325216387,-21.510752176,54,39,42,53,52,57,0.77061802760207,0.909715070374185,-0.108256822766666
"O00584",NA,NA,NA,-23.5472314667,NA,-23.0949268388,3,4,3,3,2,2,NA,NA,NA
"O00625",NA,-23.1159480355,NA,NA,NA,NA,NA,1,NA,1,1,NA,NA,NA,NA
"O00629",-21.13703762,-21.0616323797,-20.3087605636,-20.5401525359,-19.9037225865,-20.3802517758,9,11,17,15,20,17,0.153446377228292,0.473684210526316,-0.561101221700003
"O00743",-23.0849810092,-22.8870220075,-22.9494294108,-23.1733382055,-23.1659267558,NA,2,5,3,4,4,4,0.440167193789534,0.761708697889861,0.195821671483333
"O00764",-20.006367311,-20.2505815481,-21.3330298865,-20.6230657322,-20.2016438125,-20.7263541012,9,9,9,8,11,7,0.953606239217941,0.966783216783217,-0.0129716999000031
"O13516",-21.5223265212,-22.2575423448,NA,-22.4524700749,-22.1612220723,NA,14,1,1,14,11,1,0.304522282921219,0.665565102445473,0.416911640599999
"O13563",-20.9877780411,NA,-21.8269987013,-22.6357723175,-21.0328450773,-21.2930749606,3,2,3,3,2,3,0.631498993674526,0.863582908663269,0.246509080599999
"O14455",-19.8747630033,-19.7736427348,-20.4369283622,-20.729295468,-20.5980276361,-22.0463871808,24,26,23,15,15,19,0.0424286946520989,0.248306997742664,1.09612539486667
"O14467",-20.2179680649,-21.4879665623,-19.8350108814,-20.665124064,-20.3984839559,-20.9291922873,9,8,8,5,6,6,0.719058079355952,0.888968481375358,0.150618266200002
"O14497",-23.3448506638,-23.2310674265,-22.6535698076,-22.7533384154,-23.4219526012,-22.9113315674,17,17,23,17,18,22,0.870602213916044,0.940738442444927,-0.0476217713000011
"O14530",-20.6836646459,-20.8206493199,-21.9940606599,-21.0720447639,-22.5422782295,-20.3801230398,8,8,5,10,5,5,0.748207878090857,0.90426638917794,0.165357135833332
"O14545",-21.5296964292,-22.6093542407,-21.5011327398,-22.85722838,-21.651060795,-21.9916444009,9,5,9,10,10,9,0.514511069580219,0.809940174873447,0.286583388733334
"O14561",-19.7521923798,-19.980525095,-20.5500788637,-19.6671446642,-20.1523664904,-19.3026002333,11,9,7,11,9,12,0.309921506612996,0.671494404213298,-0.386894983533335
"O14562",-22.1931414565,NA,-23.0846149707,-22.8162177829,NA,-23.0251080248,5,3,4,6,NA,4,0.498687751581369,0.798208392267798,0.281784690249999
"O14579",-20.2840766986,-19.4439333631,-19.4475819272,-19.5498706358,-20.8291116742,-19.3661242397,9,10,14,11,10,16,0.662834100057504,0.868089973313,0.189838186933333
"O14607",NA,NA,NA,NA,NA,-26.3362726166,0,1,1,1,1,2,NA,NA,NA
"O14617",-23.7117706746,-24.4383962624,-23.7540308779,-22.6538380006,-23.5151738148,-23.4200150316,7,4,9,11,12,10,0.0752935595169638,0.338072669826224,-0.771723655966667
"O14618",NA,-22.7292306253,-22.9102064323,-23.0417254568,NA,-22.9463181335,NA,4,2,2,2,2,0.505796290971823,0.801583605030275,0.174303266349995
"O14646",-23.6289851011,-24.1708808402,-23.1393559183,-23.1292579472,-24.4746288812,-23.636671676,11,8,10,10,10,13,0.799239361702128,0.919532554257095,0.100445548266666
"O14737",-18.78683774,-19.0223239827,-20.5698202846,-19.1878039405,-19.5999717317,-19.8883658728,7,8,7,8,6,5,0.817876653248994,0.928010471204188,0.0990531792333336
"O14744",-20.7998307118,-20.363562754,-19.9024014636,-20.8625987262,-20.345050603,-20.3790496632,21,21,22,20,18,19,0.614877372052904,0.857603872529246,0.173634687666667
"O14745",-21.977007038,-20.8143621273,-21.2730573296,-21.0521332646,-21.1389356145,-20.5362885493,4,8,8,5,8,11,0.269792265669925,0.625722543352601,-0.445689688833337
"O14757",-22.7695636081,-23.7950061667,NA,-23.5981964534,-23.6914171857,NA,3,4,3,5,2,4,0.420360839562967,0.75462718138551,0.362521932149999
"O14773",-21.6074370051,-21.4682097324,-24.0274500305,-22.0534188124,-22.5775659229,-22.4784981199,5,5,5,6,7,5,0.975709603220241,0.973517559009787,0.00212869573333307
"O14776",-21.5326410452,-21.3099784477,-21.7147099876,-20.9832586173,-21.7381224681,-21.6916226278,24,23,21,21,21,24,0.866898504887867,0.940738442444927,-0.0481085890999999
"O14777",-23.1091213071,-24.569135482,-23.3886096426,NA,-23.8707386074,-24.3272814888,10,8,9,9,6,9,0.402647067280046,0.747797356828194,0.410054570866667
"O14787",-22.9696957557,-22.930434795,-23.6230220973,-22.0591230411,-22.8546880825,-22.718430542,4,6,6,9,6,9,0.121439045428407,0.432941176470588,-0.630303660799999
"O14802",-25.2289828651,-24.5005219074,-25.8182884954,NA,-24.4874042366,-23.9441944634,5,8,6,9,7,9,0.0659246693502013,0.319112627986348,-0.966798405966671
"O14818",-19.6586059701,-19.9625026971,-20.2439959761,-19.9485764818,-19.4392217944,-20.0311585269,19,20,18,22,20,15,0.639475704427832,0.863582908663269,-0.148715946733333
"O14828",-21.1205989409,-21.0883407428,-21.1370231313,-21.1346826358,-20.8749318707,-21.8834784757,6,6,5,5,7,5,0.597011069580219,0.848347107438017,0.182376722400001
"O14841",-24.2934852958,-22.5952305065,-23.1423261088,-23.0512579923,-23.3066095117,-22.7600756609,6,10,7,5,6,8,0.495017970097757,0.796867584243,-0.304366248733334
"O14880",-20.8386704796,-20.7743301482,-22.2460581951,-19.9728043935,-20.4344270809,-20.1829492154,3,3,2,3,3,3,0.0420517538815411,0.246013667425968,-1.08962604436667
"O14893",NA,NA,-22.8384841007,-22.546021648,-22.7559337091,-21.8499694955,1,NA,3,2,2,2,NA,NA,NA
"O14908",NA,NA,NA,NA,NA,-23.4476327715,NA,2,1,2,3,2,NA,NA,NA
"O14925",-22.0700201695,-20.9479724208,-21.0164301732,-20.5767941555,-22.0166627204,-22.8374404764,2,3,2,5,1,2,0.403303622771708,0.747797356828194,0.465491529600001
"O14929",-20.3924022402,-20.7953206655,-20.7402760443,-20.1258772669,-20.1455609544,-20.3708247721,12,10,11,11,11,12,0.162774295572168,0.49119373776908,-0.428578652199999
"O14950",-20.4749481569,-20.0067339998,-20.163526917,-20.294009032,-20.2395048216,-19.9066314902,11,10,15,15,19,17,0.80081497987349,0.920465890183028,-0.0683545766333324
"O14964",-22.4906242881,-22.3783124364,-23.0351306541,-22.0082814951,-21.7579399037,-22.8300602459,11,9,8,7,7,8,0.277092438182864,0.632624113475177,-0.435928577966667
"O14965",-21.3779478777,-22.9449024273,NA,-21.5757791956,NA,-22.5557015689,5,5,1,7,3,2,0.85858798159862,0.940738442444927,-0.0956847702500028
"O14972",NA,NA,-23.682074879,-23.4851145963,NA,-23.8158551216,NA,2,2,1,1,1,NA,NA,NA
"O14974",NA,-23.4434240404,-24.6507692985,-23.5188350719,-23.3256737675,-24.2245415716,7,10,9,11,6,7,0.44889735480161,0.767866193613786,-0.357413199116667
"O14976",NA,NA,-25.3156689053,NA,NA,-23.4368645006,1,2,3,3,2,7,NA,NA,NA
"O14979",-19.9426348049,-20.5241827531,-19.9713403417,-20.2145013557,-20.0191953509,-19.924319552,25,23,26,23,25,25,0.746595744680851,0.904210526315789,-0.0933805470333304
"O14980",-19.9392904564,-19.9860129516,-19.8093342255,-19.52757455,-19.9345095126,-19.5802287595,49,54,65,60,67,79,0.414781052328925,0.752150537634409,-0.230774937133333
"O14981",NA,NA,NA,NA,NA,-26.5263313153,NA,NA,NA,1,NA,1,NA,NA,NA
"O15014",-25.8036803749,NA,NA,NA,NA,-25.7915096586,2,1,2,3,NA,2,NA,NA,NA
"O15027",-23.2971689621,-24.3166099339,-25.6517034359,-23.6518122714,-25.3872626957,-25.24942168,14,8,6,17,15,11,0.567152386428982,0.831407787762088,0.341004771733335
"O15042",-21.0101273114,-21.101538292,-21.0919597933,-20.9547609761,-21.0277386558,-21.1654796571,21,14,15,19,19,16,0.920925819436458,0.960878724044538,-0.0185487025666653
"O15067",-20.9767694234,-20.7731159022,-20.3950962055,-20.6390896434,-20.5311236452,-20.3868842462,25,28,32,29,31,34,0.511057791834388,0.803604436229205,-0.195961332100001
"O15069",NA,NA,NA,NA,-24.9479805854,-25.1936561656,NA,1,NA,3,1,2,NA,NA,NA
"O15084",-22.708303232,-23.2396856365,NA,-22.9798177913,-22.3794540978,-24.6259954183,6,4,1,5,5,7,0.555384128809661,0.826730518067044,0.354428001550001
"O15091",NA,NA,-24.9195392163,NA,NA,-24.9191456887,NA,NA,1,NA,NA,1,NA,NA,NA
"O15116",-20.4036413337,-20.6653133645,-19.3339881403,-19.4221762347,-19.5671162427,-19.9531851456,7,6,7,6,5,8,0.255083525014376,0.611483967188665,-0.486821738500002
"O15127",NA,NA,-22.7795737597,-21.8784530155,-22.4243416896,NA,NA,2,1,3,2,2,NA,NA,NA
"O15143",-22.9051956704,-21.252885815,-20.7901815553,-22.1837169823,-21.732579696,-20.5604532201,4,8,7,7,10,7,0.766482173663025,0.905433287482806,-0.157171047433334
"O15144",-22.5085584123,-23.4757138042,-22.3487679822,-21.0982258368,-22.7625884849,-21.748441252,6,7,6,7,5,7,0.0953576768257619,0.39047619047619,-0.907928208333335
"O15145",NA,-22.8080295479,NA,NA,-22.663043249,NA,2,2,1,2,3,1,NA,NA,NA
"O15160",-20.9678068063,-20.918985053,-21.2053436643,-20.6636040145,-20.4563682224,-21.6443482166,4,5,8,5,8,7,0.759569292696952,0.904712762297902,-0.109271690033331
"O15164",-23.3841485445,-22.567601221,-23.8111956097,-22.8942822862,-23.1417690001,-22.6607559627,6,6,5,4,6,10,0.371301035077631,0.713871154962275,-0.355379375400002
"O15173",NA,NA,NA,NA,NA,-23.0506831241,0,3,2,2,2,2,NA,NA,NA
"O15182",NA,NA,-22.490711626,NA,NA,-22.8364248543,1,NA,2,2,NA,1,NA,NA,NA
"O15198",-24.4174963112,NA,NA,NA,NA,-24.3763874599,1,1,1,3,1,1,NA,NA,NA
"O15212",-20.5187816641,-20.721462593,-20.8533370746,-19.7940957642,-20.4330134513,-20.0544422166,7,4,5,8,7,4,0.0877179413456009,0.368650217706821,-0.604009966533333
"O15213",NA,NA,-23.973928647,-23.9171632648,-23.9542648758,-24.1474559677,3,1,2,2,2,3,NA,NA,NA
"O15226",-22.9752935998,-21.7827935402,-22.2848605301,-22.1484827228,-22.6504020396,-21.315007216,14,20,12,15,12,21,0.486913024726854,0.790206433029285,-0.309685230566664
"O15228",NA,NA,-24.6935702271,NA,-24.2476987356,NA,NA,NA,2,4,4,NA,NA,NA,NA
"O15234",-23.4334046225,NA,NA,-25.1504541032,-22.6379427078,-22.9021261448,2,1,NA,2,4,3,NA,NA,NA
"O15235",-21.693123317,NA,NA,-21.1591075849,NA,-20.8330790513,1,1,2,2,NA,2,NA,NA,NA
"O15247",-20.4348856314,-20.365759888,-20.2104624575,-20.2000848924,-20.6594600086,-20.2938066555,7,6,7,6,5,8,0.848971966647499,0.940127388535032,0.0474145265333341
"O15258",NA,-22.0333814856,-22.2777381912,-21.866393175,NA,-21.9151799377,1,1,1,1,1,1,0.345808510638298,0.700183936235438,-0.264773282050001
"O15260",NA,NA,NA,NA,NA,-23.6162098955,2,1,1,NA,NA,1,NA,NA,NA
"O15269",-23.9648998174,-22.8057849936,-22.7163940218,-22.0663387524,-23.3979533768,-22.1495418918,4,4,4,5,3,4,0.216315267395055,0.549593495934959,-0.624414937266668
"O15270",-23.046275125,-22.8427293055,-22.8136647294,-22.1685503628,-22.2967393984,-23.2188492102,3,2,2,4,5,3,0.365516101207591,0.712609970674487,-0.339510062833334
"O15294",-22.1528442483,-22.0361471767,-22.0354854373,-22.3928643415,-22.6781720424,-22.2779284466,15,15,16,10,13,13,0.19786170212766,0.52997393570808,0.374829322733333
"O15305",-22.7120557992,-22.6097031829,-22.7006342909,-21.975460844,-23.1321461358,-23.1088271861,4,3,3,3,3,4,0.847694795859689,0.940127388535032,0.064680297633334
"O15318",NA,-22.4925946374,-22.4854075228,-22.2166722967,NA,-22.6190236951,1,1,1,1,1,1,0.798543559516964,0.918756268806419,-0.0711530841999988
"O15347",-21.1473103084,-20.1273990208,-20.7994116104,-20.593214058,-20.133768023,-20.1880839203,4,7,7,5,5,6,0.305818861414606,0.665565102445473,-0.3863516461
"O15355",-20.4170520395,-19.8298956335,-20.4067295426,-20.3577030536,-20.4044356629,-20.5057936453,17,18,11,17,16,19,0.500586112708453,0.798496946923438,0.2047517154
"O15357",NA,NA,NA,NA,NA,-24.370463895,NA,2,NA,NA,1,2,NA,NA,NA
"O15371",-20.3972439697,-20.4847960087,-20.5682890866,-20.025342754,-20.1790388789,-20.0872753324,17,16,13,23,18,18,0.151889304197815,0.473684210526316,-0.386224033233333
"O15372",-21.4065156144,-20.4120571352,-20.5070991398,-19.9639870369,-20.145269443,-20.3848881415,13,14,12,14,14,15,0.132960034502588,0.450719822812846,-0.610509089333334
"O15381",-23.3847683103,-23.5885170067,-21.8964992257,-22.9727397359,-23.1447037194,-21.7131074074,6,5,14,7,9,10,0.506334387579068,0.801583605030275,-0.346411226666667
"O15382",-21.2701789119,-21.830103302,-21.8247320584,-23.0884044105,-21.8411856436,-21.6851009816,6,4,7,5,3,8,0.215992380678551,0.549593495934959,0.563225587800002
"O15392",-21.8828367081,-22.1800276902,-22.3619663839,-21.8457788675,NA,-21.8767684235,3,1,4,2,1,2,0.358375071880391,0.710431654676259,-0.280336615233335
"O15397",-22.4893301589,-22.8293492495,-24.1669817677,-23.2277072462,-22.7662609866,-23.4013709435,9,5,6,5,9,7,0.927756900517539,0.962089552238806,-0.0301073332666668
"O15400",-21.3496618707,-21.1440206306,-21.2886292606,-20.70413179,-22.2424866427,-21.7147181299,3,5,6,4,2,3,0.482547297297297,0.786679536679537,0.293008266899999
"O15439",NA,NA,NA,-26.0204814639,NA,NA,1,1,NA,1,NA,2,NA,NA,NA
"O15446",-22.3697883473,-21.879067555,NA,-21.5952619338,-24.0310445353,-21.9308618466,5,4,3,5,5,5,0.54456282346176,0.823346648912561,0.394628154083335
"O15479",-22.3826318297,-21.6791341857,-20.9256554443,-23.5643510723,-21.6429956505,-21.1539200189,11,10,9,9,10,11,0.440545284646348,0.761831275720165,0.457948427333331
"O15498",-21.3771787718,-22.7915685182,-22.2987419018,-21.0513423824,-20.6329810756,-21.1515635127,4,4,7,5,7,4,0.0249712478435883,0.172955974842767,-1.2105340737
"O15511",-20.7193944728,-21.5358757573,-21.4606458032,-22.0863564294,NA,-21.6922698171,5,3,3,3,1,3,0.124079212190914,0.439585730724971,0.650674445483332
"O15514",-20.7259479626,-20.8977791673,-20.7151329755,-21.6210668769,-20.4872273421,-20.7073056576,2,3,3,2,2,4,0.656825761932145,0.867794004611837,0.158913257066665
"O15541",NA,-23.2274247147,-23.4940219661,-23.2664093208,-23.0340573687,-23.3029833687,1,2,2,2,2,3,0.568141460609546,0.831623931623932,-0.159573321
"O43137",-19.3492962211,-19.3267724044,-19.9996238236,NA,-19.8440827916,-20.1325169964,3,4,5,1,2,3,0.243413743530765,0.589939024390244,0.4297357443
"O43143",-21.261823524,-21.8424930151,-20.5620298242,-20.1565212039,-20.5940053323,-20.4280662281,28,25,35,36,32,32,0.0673747843588269,0.325463743676223,-0.829251199666665
"O43148",-23.9430879142,-21.8228297989,-21.4207438183,-21.5386830542,-22.1247259875,-21.7748081728,6,6,8,10,8,10,0.320109114433583,0.677813504823151,-0.582814772299997
"O43156",-24.2882467548,-23.7084322899,-22.8658017206,-23.1091203222,-24.5728257747,-22.5652311769,2,4,6,7,4,6,0.687437464059804,0.876346082435945,-0.205101163833334
"O43159",-22.6853077076,-21.4738324248,-21.8569054706,-21.4368334111,-22.1631605341,-22.1822960981,7,6,6,10,7,8,0.829978579643473,0.9322528363047,-0.077918519899999
"O43164",NA,NA,NA,NA,NA,-24.8939141549,1,NA,1,1,1,1,NA,NA,NA
"O43169",-20.4587648566,-20.5587904012,NA,-20.1958468601,-20.1573987545,-20.42231703,2,2,1,2,2,3,0.361853795284646,0.711995249406176,-0.250256747366667
"O43172",-20.3653790587,-20.5892725287,-20.8385363735,-20.2735177319,-20.7448132017,-20.5980183405,12,12,13,14,14,15,0.827909861989649,0.931707317073171,-0.0589462289333333
"O43175",-20.0144486773,-19.7013003575,-20.2731773019,-19.7195685251,-20.232640118,-19.8620632927,19,23,18,21,20,26,0.834922800460035,0.934712346477052,-0.0582181336333321
"O43181",-22.3666540726,-21.8029921469,-21.9671606117,-21.8639450936,-21.5358660961,-22.23731179,4,2,1,4,2,2,0.609772426682001,0.855686913982878,-0.166561283833332
"O43182",NA,NA,NA,-23.9337686521,NA,NA,NA,NA,NA,2,1,NA,NA,NA,NA
"O43237",NA,NA,NA,NA,-24.1634317429,NA,1,3,2,2,3,1,NA,NA,NA
"O43242",-19.9562697785,-20.0427018204,-19.9314904944,-20.1189080724,-19.5639441735,-19.7770853626,22,24,22,23,28,25,0.58341690626797,0.842016806722689,-0.156841494933332
"O43252",-22.0052379054,-22.0970426169,-22.8048892133,NA,-22.9149313319,-24.1647115641,11,8,7,4,9,5,0.0343100920069005,0.205194805194805,1.23743153613333
"O43264",-22.8169712228,-23.0683997574,-22.3787394455,-21.9841430983,-21.8822567589,-21.6113524648,5,10,10,7,9,15,0.0257208165612421,0.174846625766871,-0.92878603456667
"O43290",-21.0823722617,-20.4718155997,-21.378213906,-20.5328668152,-21.5988493797,-20.9592102226,13,24,19,22,21,21,0.873811817136285,0.940738442444927,0.0528415500333317
"O43314",-24.3169687,-25.209241064,-25.1874924917,NA,-25.3404551997,-23.8845969024,5,4,3,6,5,11,0.560838844163312,0.827720207253886,-0.292041367516671
"O43318",NA,NA,-23.179254402,-23.1756743797,NA,-23.2077605204,3,4,3,5,4,4,NA,NA,NA
"O43324",-19.9537008678,-21.3664557913,-19.9828086345,-20.4237508365,-20.67223452,-20.7403723606,7,5,8,5,9,8,0.663726854514089,0.86885865457294,0.1777974745
"O43390",-19.314047483,-19.2806831501,-19.1050948313,-18.8539635477,-19.2440789221,-19.1302950822,42,45,55,51,38,53,0.565202127659574,0.829394069617533,-0.157162637466666
"O43395",-21.2964925105,-21.8043504026,-22.0535272154,-21.6297292709,-22.0174962474,-21.1988630406,9,6,11,9,12,12,0.759627228292122,0.904712762297902,-0.102760523200001
"O43396",-19.9545384412,-19.6834731493,-19.9907256205,-19.8598943187,-20.0048996651,-19.5454864033,10,13,15,12,16,15,0.784623778033352,0.915087956698241,-0.0728189412999996
"O43399",-19.8997274571,-19.1620137546,-19.4205010581,-19.3595173518,-18.8512007979,-19.8254525019,10,11,10,13,12,13,0.676676394479586,0.870557426112982,-0.1486905394
"O43402",-20.8804716415,-20.9687815389,-22.1723868637,-22.9458099218,-21.6960932189,-22.0076886042,3,5,6,3,4,6,0.0955329212190914,0.39047619047619,0.875983900266665
"O43447",-19.8370514971,-19.2896722769,-19.9114591756,-19.6793452027,-19.3117159331,-19.7384996253,14,12,12,14,12,16,0.733189045428407,0.8984375,-0.102874062833333
"O43464",-23.4738736719,NA,NA,NA,-23.6902032092,NA,5,NA,NA,2,3,3,NA,NA,NA
"O43482",-22.5616749276,-21.5820281713,-22.7734580553,-21.6419117568,-22.6758708698,-22.2971167938,1,2,2,2,1,2,0.795639160437033,0.917252931323283,-0.100753911266668
"O43488",-23.1321507755,-21.9122622709,-21.9255420134,-22.2181350907,-20.827252894,-21.5630660671,7,9,6,8,6,7,0.129944939620472,0.450719822812846,-0.787167002666667
"O43491",-22.4230800192,-21.9431872109,-22.3483941182,-22.5201559057,-22.0881629575,-21.9383153748,9,15,13,9,9,14,0.840848332374928,0.940127388535032,-0.0560090367666675
"O43493",-24.2390386309,-22.8812905353,-23.0000038316,NA,-22.754411049,-23.058890182,2,3,2,1,3,4,0.333447814836113,0.689893283113622,-0.466793717100003
"O43502",NA,NA,NA,NA,NA,-23.8027142742,NA,NA,1,1,NA,3,NA,NA,NA
"O43504",-19.1992850129,-18.4432913878,-18.7594497983,-19.1103907111,-19.611731383,-18.6244143241,3,5,6,6,5,8,0.409126653248994,0.748636859323882,0.314836739733334
"O43583",-19.1547043109,-19.8780743738,-20.003068267,-19.4253645054,-19.6842707188,-19.9173723682,8,8,6,8,6,9,0.971636285221392,0.97298468650679,-0.00294645309999808
"O43592",-21.8106274721,-21.5195287112,-22.0256358901,-21.1085713535,-22.5785089094,-22.4402431443,13,17,19,19,14,15,0.549175675675676,0.826508146191105,0.257177111266667
"O43598",-20.2908917445,-20.6157426761,-19.9037201057,-20.6131085547,-19.6971655815,-20.2650952046,2,2,4,3,3,3,0.812069436457734,0.924422442244224,-0.0783283951666682
"O43615",-20.7300542861,-20.5270420269,-20.7791366843,-20.1333159559,-19.7859456034,-20.3599377462,16,15,17,17,22,16,0.0863375503162737,0.366568914956012,-0.585677897266667
"O43617",NA,NA,-22.3820773327,NA,-22.4838674656,-22.4409791992,5,3,5,7,6,6,NA,NA,NA
"O43633",-21.896174554,NA,-22.0028458226,NA,NA,NA,1,1,3,NA,NA,2,NA,NA,NA
"O43660",-21.1328575215,-20.6696231519,-20.5695108443,-20.4964470595,-20.4568238725,-20.4892739165,12,14,13,16,13,12,0.309804916618746,0.671494404213298,-0.309815556400004
"O43663",-22.5480241529,-23.3098207629,-23.4765378997,-22.5449793212,-24.1473343937,-22.7519968949,3,4,3,6,4,6,0.918133266244968,0.960878724044538,0.036642598100002
"O43665",-22.6724070763,-22.0608153928,-20.7785245405,-22.0722251027,-21.8207364167,-21.4052652569,4,3,6,4,4,6,0.861862564692352,0.940738442444927,-0.0711734110999984
"O43670",NA,NA,-23.2648041667,-23.9518520433,-22.8308930903,-23.0602318809,1,3,3,2,1,5,NA,NA,NA
"O43674",-22.1961524157,NA,-22.367838354,NA,-22.2056856333,NA,4,1,2,NA,1,2,NA,NA,NA
"O43676",-21.5785110901,-21.4026673005,-21.3752321468,NA,NA,-21.465498459,2,3,2,NA,3,3,NA,NA,NA
"O43678",-20.1500132051,-20.1820852626,-20.2395412006,-19.4151037396,-21.1968304126,-20.0215987629,2,4,3,5,3,3,0.942838556641748,0.966166519564578,0.020631082266668
"O43679",NA,NA,NA,NA,NA,-23.7995383706,1,1,1,1,2,1,NA,NA,NA
"O43681",-20.7481813716,-20.5532920635,-20.2893828771,-20.6187951878,-20.6937395631,-20.9128410096,10,7,8,11,9,8,0.465623346751006,0.776843146956952,0.211506482766666
"O43684",-19.454752996,-19.1020475449,-19.3411388486,-18.8042291376,-19.5715262086,-19.1590794123,21,22,19,27,22,23,0.694387722829212,0.878039793662491,-0.121034877
"O43707",-19.3310453898,-19.4143245915,-19.003915749,-19.3484773542,-18.8425406758,-19.2223470215,100,90,109,100,104,104,0.697174238067855,0.878457059679767,-0.111973559600003
"O43709",NA,NA,-23.2067129478,NA,NA,-23.1180228991,1,2,3,2,NA,3,NA,NA,NA
"O43715",NA,NA,-21.3662044443,NA,-20.8774257799,NA,1,1,2,NA,2,2,NA,NA,NA
"O43719",-23.1174639005,-22.3152691228,-22.2173682406,-22.9299463747,-22.9667893517,-22.3623490949,4,5,7,6,6,11,0.576673231742381,0.83790628957366,0.202994519133334
"O43747",-25.1496297932,-22.5732204127,-24.7659100895,-23.5326543532,-24.4630393164,-22.7375130884,10,10,9,9,11,10,0.365282058654399,0.712609970674487,-0.585184512466668
"O43765",-20.1391486815,-19.6691372027,-19.8175043583,-19.6342938459,-19.555181075,-19.677646378,13,13,11,12,14,13,0.378168631397355,0.725028702640643,-0.252889647866667
"O43768",-21.6218768854,-19.7858592139,-20.0483828618,-19.6863494431,-19.7576368252,-19.4624261695,7,8,5,6,7,9,0.108986342725704,0.411764705882353,-0.849902174433335
"O43776",-19.5459594173,-19.3925209509,-19.359973448,-19.5367998273,-18.8997497309,-19.4616903464,27,32,33,31,34,37,0.654273576768258,0.867720786733513,-0.133404637199998
"O43808",NA,-22.919573834,-22.5622197411,-23.1886670064,-23.0823610198,-22.6042936926,4,2,4,3,2,5,0.513960465784934,0.809940174873447,0.217543785383334
"O43809",-19.6160209554,-20.1897291312,-19.8714312635,-20.2201171651,-20.5163291766,-19.7658627957,9,9,9,9,7,13,0.422741518113859,0.75462718138551,0.275042595766664
"O43813",NA,-22.7435862506,-22.8136361812,NA,NA,-23.0530679776,1,3,4,3,2,3,NA,NA,NA
"O43815",-22.4522604164,-23.0579363032,-22.4228273802,-22.6138400705,-23.0746372044,-22.9714560492,8,3,6,7,6,4,0.461813973548016,0.773200992555831,0.242303074766664
"O43818",-22.4080999108,-21.7959007622,-21.817318723,-21.972869616,-20.7888642451,-21.4976211211,7,6,10,6,8,9,0.16632964347326,0.496624879459981,-0.587321471266666
"O43819",-23.0188499622,NA,NA,NA,NA,NA,1,NA,NA,1,NA,NA,NA,NA,NA
"O43823",-22.2265365374,-22.6007464785,-22.3096957325,-22.35339646,-23.6783520853,-23.0008557493,6,5,6,5,4,3,0.142807360552041,0.462845010615711,0.631875182066665
"O43837",-20.0468486579,-20.291911605,-19.993398733,-21.2744767594,-20.4176889892,-20.2300216396,11,11,14,9,12,11,0.17670529039678,0.506046511627907,0.530009464100001
"O43847",-21.643132607,-21.8401028321,-21.8217460233,-21.3362464932,-21.2861407179,-21.5251565985,20,21,24,22,28,22,0.17011313973548,0.498572787821123,-0.385812550933334
"O43852",-19.1977879266,-18.9708754812,-19.0711989415,-18.616355641,-18.66998806,-18.9154216448,26,23,24,28,24,24,0.22259358826912,0.556179775280899,-0.346032334500002
"O43865",-24.0408743863,-22.7893647707,NA,-23.59764082,-23.6866137602,NA,3,5,5,2,3,2,0.634548447383554,0.863582908663269,0.227007711599999
"O43913",-23.5832201419,-24.1885357416,-23.9796137738,NA,-22.7104789147,NA,3,3,4,NA,4,1,NA,NA,NA
"O43920",-21.3571737288,-21.5928776322,-20.6864915896,-21.635358425,NA,-21.5528951103,3,2,4,2,3,4,0.319702558941921,0.677813504823151,0.381945784116667
"O43929",-23.4239310719,NA,-22.6739379161,NA,NA,NA,5,NA,4,3,NA,NA,NA,NA,NA
"O60216",-21.1178492544,-21.2864245548,-20.9164247731,-21.5739229181,-21.0389680729,-21.3160487689,13,12,16,10,14,13,0.497958453133985,0.797450424929179,0.2027470592
"O60220",-21.0598570609,NA,-19.3347335874,NA,-19.9620375741,-19.7781247573,2,1,5,2,2,4,0.578006181713628,0.83790628957366,-0.327214158449998
"O60231",-23.8425723202,-24.251695438,-23.3724303343,-23.2132935658,-22.601554031,-22.8912859226,6,8,6,7,8,8,0.0364837550316274,0.215346534653465,-0.920188191033333
"O60232",-22.2768210582,-21.0608219323,-22.4936653457,-21.1613533639,-21.1167495691,-21.1814200457,3,2,2,2,2,3,0.0922015526164462,0.382228490832158,-0.790595119166667
"O60256",NA,-21.3815907434,-21.8344842013,-22.6405990562,-22.2577687403,-21.4034420968,2,7,7,5,7,5,0.27963269120184,0.639747191011236,0.492565825416669
"O60264",-21.9078606199,-22.2558919848,-22.3902413211,-22.2941350034,-22.5213288473,-21.7515532119,27,22,25,27,27,30,0.968460034502588,0.971643518518518,0.00434104560000037
"O60271",-23.3006473406,-22.1420867922,-22.3962939397,-22.0348258988,-22.3559882626,-21.9053482422,15,14,21,15,17,20,0.205989792984474,0.542056074766355,-0.514288556300002
"O60287",-24.1976849095,-24.6193879815,-23.6018813586,-24.2542608973,NA,-24.6053090895,7,6,9,9,8,14,0.464774008050604,0.774913237481408,0.290133576866666
"O60306",-22.6740405227,-22.5369516843,-22.0555416708,-22.8066767023,-22.7308941288,-21.8939427772,10,11,18,10,12,22,0.862431713628522,0.940738442444927,0.0549932435000002
"O60313",-21.7711530363,-21.9224127368,-21.3428792333,-22.2527908852,-21.6328250584,-21.973176097,16,16,23,14,19,22,0.409896779758482,0.748639825897715,0.274115678066668
"O60341",-20.6870693756,-21.488933523,-21.0408051166,-21.4078593968,-21.6516164075,-20.2447830766,23,23,21,20,16,27,0.926671650373778,0.962089552238806,0.0291502885666652
"O60343",-26.0495922849,NA,-26.3567185342,NA,NA,-26.1649094861,1,1,1,NA,2,3,NA,NA,NA
"O60488",-24.5646821471,NA,-24.5851400698,NA,NA,-24.4795470844,2,3,3,2,NA,1,NA,NA,NA
"O60493",-19.8821601567,-20.0914041788,-20.068467308,-19.8087135357,-19.6882286443,-20.3024640879,8,9,10,8,8,5,0.773836256469235,0.911050290797126,-0.0808751251999986
"O60502",-25.0625398555,-24.2908935067,-24.0413537573,-23.3179990468,-24.7935141881,-24.7222713706,4,9,4,5,4,5,0.675287665324899,0.870086110071134,-0.187000837999999
"O60506",-18.7644085291,-18.937515054,-18.8718190869,-18.663194695,-18.7120106775,-18.8902215027,54,57,53,64,59,55,0.673865152386429,0.870086110071134,-0.102771931599996
"O60508",NA,-23.9653024047,NA,-23.6321967924,NA,NA,1,1,NA,4,NA,3,NA,NA,NA
"O60547",-23.1390372765,-23.0572050715,NA,NA,-23.1133398127,NA,1,1,2,NA,3,1,NA,NA,NA
"O60563",-22.2104183371,-23.2565286967,-23.8275390298,-22.4757964318,-24.2394110807,-23.0917483599,4,2,3,3,2,3,0.727974554341576,0.893518518518518,0.1708232696
"O60566",-23.8677492395,-23.9186464345,-23.5125839004,-23.4584519028,-22.4042093652,-22.4449175745,5,7,9,8,12,10,0.0353310810810811,0.208651399491094,-0.997133577300001
"O60573",NA,-23.2525956557,-22.3660011078,NA,NA,-22.5947273599,1,2,1,NA,2,1,NA,NA,NA
"O60610",-20.7334866087,-20.5461504419,-20.9493232441,-20.4334166267,-20.6747574408,-20.6200522948,35,46,36,41,47,49,0.546408424381829,0.82487869430966,-0.1669113108
"O60613",-22.4793159623,NA,-21.4597482915,NA,NA,-22.6367262378,2,1,2,2,2,2,NA,NA,NA
"O60664",-19.5678971098,-19.7350014628,-19.9152960251,-19.2123022067,-19.3803052998,-19.3248614741,19,21,21,23,20,21,0.140396492236918,0.46096256684492,-0.433575205700002
"O60678",-24.353443212,-23.8847962977,-22.5978234306,-22.6011234525,-24.1945587116,-22.6820173977,7,4,9,11,8,9,0.409667050028752,0.748639825897715,-0.45278779283333
"O60684",-23.3552308335,-23.6046264415,-23.7684840946,-22.4547595122,-22.6670179993,-23.3489772945,7,3,9,14,4,11,0.0643566705002875,0.312068965517241,-0.752528854533335
"O60701",-22.776311683,-23.9501703321,-22.4137302539,-22.156522519,-22.2818086442,-23.9324453651,8,6,3,7,7,2,0.625170644048304,0.863363963244107,-0.256478580233331
"O60716",-21.0034792668,-21.665597086,-21.6926412225,-21.6617207807,-21.8998833218,-21.8749301961,12,12,17,10,16,15,0.285294997124784,0.647058823529412,0.3582722411
"O60732",NA,-23.7341060617,-23.094452203,-24.9979846562,-24.7638170753,-22.5412355388,6,6,8,3,9,8,0.32158941920644,0.678227360308285,0.686733291083332
"O60739",-18.2839973044,-18.171946233,-18.4736741354,-18.2951179274,-18.1851699604,-18.3425174872,7,9,7,7,7,7,0.871485767682576,0.940738442444927,-0.0356040992666671
"O60749",-22.0622502438,-21.5105565044,-21.8362993524,-21.5950576214,-21.9125802558,-21.7473111788,11,12,8,11,12,8,0.843781771132835,0.940127388535032,-0.0513856815333327
"O60763",-20.3241992341,-20.3323188902,-20.1817434865,-20.5688446479,-20.6861740354,-20.3389327681,22,25,28,21,22,28,0.359543703277746,0.711297071129707,0.251896613533333
"O60783",NA,-21.4765874234,-20.087419507,-21.3953414764,-21.2883840621,-21.5849817831,1,3,3,3,1,1,0.185034071305348,0.516772438803264,0.640898975333336
"O60784",NA,NA,NA,NA,NA,-24.1257611804,NA,NA,1,NA,NA,1,NA,NA,NA
"O60814",-19.4423285031,-19.7810546641,-19.8552617323,-20.8921520322,-20.6883917321,-20.9520533921,112,120,125,140,130,137,0.00776365727429557,0.107142857142857,1.15131741896667
"O60825",NA,-23.8394361364,NA,NA,NA,-23.8947304417,1,3,1,6,1,2,NA,NA,NA
"O60826",-24.012365941,NA,NA,-23.5107270289,NA,NA,3,NA,3,2,2,NA,NA,NA,NA
"O60828",-20.4595228115,-20.3670636319,-20.7276924602,-20.4140312855,-20.3804648624,-21.1152918166,3,3,4,3,3,5,0.704960034502588,0.878501273190251,0.118503020299997
"O60830",NA,NA,-23.0118515796,NA,NA,-22.9917485247,NA,NA,1,1,1,1,NA,NA,NA
"O60832",-20.1947533565,-20.1672954694,-20.0265778936,-19.8895887913,-20.234580776,-20.1175455642,17,22,21,24,19,23,0.835947239792984,0.936067161769454,-0.0489705293333351
"O60841",-21.2256788257,-20.0590976831,-20.1107442305,-20.1793064157,-20.234934872,-20.3954710035,30,39,41,38,32,38,0.607076768257619,0.852124183006536,-0.195269482699999
"O60869",-21.5424066926,NA,-20.5529691839,-21.3532909173,-21.9747087898,NA,5,5,5,5,9,4,0.219974410580794,0.552142279708973,0.616311915300003
"O60870",-23.7085974101,NA,NA,NA,NA,NA,1,NA,1,NA,2,1,NA,NA,NA
"O60884",-20.4630277084,-20.6964622579,-20.9162321447,-20.4802599318,-20.9168723529,-20.3867815772,15,12,17,18,15,15,0.737599913743531,0.901981599433829,-0.0972694163666645
"O60885",-24.9337761771,-25.622851742,-24.0958983594,-22.7118833465,-24.3123735685,-23.6963089543,13,12,12,11,15,11,0.035536658999425,0.210659898477157,-1.31065346973334
"O60888",-20.3830076006,-21.0334029324,-20.7515808542,-20.0432239676,-21.4573646722,-20.6443016547,4,3,3,5,6,3,0.96408309373203,0.969811320754717,-0.00770036423333309
"O60925",-21.2525546455,-21.324990257,-21.6084245469,-21.5771711547,-21.4567527742,-21.4754375863,4,2,3,3,2,2,0.674222829212191,0.870086110071134,0.107797355266669
"O60934",NA,NA,NA,-24.4080342058,NA,NA,4,2,4,6,3,7,NA,NA,NA
"O60942",-24.1907430693,NA,NA,-24.6911076963,NA,NA,3,1,NA,4,NA,3,NA,NA,NA
"O74700",-20.170726069,-20.1200400461,-21.2077120897,NA,NA,NA,2,2,1,NA,1,1,NA,NA,NA
"O75081",-24.5625839546,-24.692576263,-23.3623766771,-22.6708223123,-22.5574838118,-24.1867171327,5,6,8,8,8,5,0.0722140598044853,0.336569579288026,-1.06750454596667
"O75083",-19.3755225573,-19.1649194827,-19.1583616155,-19.0600867839,-19.037907051,-19.0744228332,31,30,31,31,37,34,0.482464059804485,0.786679536679537,-0.175462329133332
"O75116",-25.0260852132,-23.6803284586,NA,-23.367040028,NA,-23.5725055742,10,6,6,13,9,14,0.124737924094307,0.439585730724971,-0.883434034799997
"O75122",-23.2023361802,-24.3684531872,-22.901865856,-24.1614598981,-23.3803345793,-23.1649423828,13,11,15,4,8,13,0.8439511213341,0.940127388535032,0.0780272122666652
"O75127",NA,NA,NA,-24.109003871,-24.01982264,-24.3122110754,1,3,NA,4,5,4,NA,NA,NA
"O75131",-21.4959154187,-22.2201423062,-21.8795845874,-21.4414275733,-22.6176015808,-21.6970092056,8,11,11,7,11,10,0.87336242093157,0.940738442444927,0.053465349133333
"O75145",-25.079810352,NA,-25.419146518,-25.1911398235,NA,-25.3527826302,1,0,1,1,1,1,0.920810810810811,0.960878724044538,0.022482791849999
"O75146",NA,-25.360540498,NA,NA,-24.8116683444,-25.3587700876,NA,1,2,NA,2,4,NA,NA,NA
"O75150",-23.0555775456,-22.8377823216,-24.6670793139,-22.8376020895,-24.3391002289,-23.2546905921,10,10,13,10,9,6,0.915984330074756,0.960072595281307,-0.0430154235333333
"O75152",-22.6556722975,-22.0877532639,-22.3577935924,-21.9014204639,-22.2510322044,-22.6429418649,12,9,10,13,11,10,0.745711328349626,0.904210526315789,-0.101941540200002
"O75153",-21.1703518816,-21.371412597,-21.8863135677,-21.8223653936,-21.6869821024,-21.1676211842,21,34,26,28,26,33,0.792492955721679,0.916274377942165,0.0829635446333334
"O75155",NA,NA,NA,NA,NA,-25.7764155102,1,1,1,1,1,1,NA,NA,NA
"O75157",NA,NA,-24.8125959522,-24.9160902336,-24.2856824279,-24.9217617863,3,1,3,3,4,4,NA,NA,NA
"O75170",NA,NA,NA,-25.3140603078,NA,NA,1,0,1,2,1,NA,NA,NA,NA
"O75175",NA,NA,NA,NA,-22.7804549601,-24.1612971202,1,2,3,1,3,2,NA,NA,NA
"O75179",-23.9880538879,-25.4692498649,-23.8000321954,-23.1132112748,-24.395572937,-24.345741288,8,4,7,18,18,7,0.372398936170213,0.714368482039397,-0.467603482800001
"O75190",-22.1833650831,-23.3313435076,-22.584665647,-22.5668799892,-21.6683764121,-23.4443346121,4,6,4,4,5,3,0.75784358826912,0.904712762297902,-0.139927741433336
"O75208",NA,NA,-22.5825334956,-22.6625908624,NA,-23.3223954867,NA,NA,1,1,NA,1,NA,NA,NA
"O75223",-21.7668183911,-21.2398909662,-21.4811456501,-21.6361222925,-21.408148184,-21.4530454164,7,6,4,5,4,4,0.96994062679701,0.971940989297078,0.00315362850000156
"O75251",-22.3998842882,-21.5676441307,-23.0235751019,-22.448466889,NA,NA,2,2,2,3,1,3,NA,NA,NA
"O75306",-21.757288884,-21.3804180182,-23.5294278605,-20.9748937978,-22.3882665885,-21.8914909583,9,11,9,9,8,13,0.407878378378378,0.748087431693989,-0.470827806033334
"O75312",-20.7125519097,-20.5996795109,-21.8886127398,-20.539422968,-20.709254736,-21.5041933083,12,9,10,11,10,11,0.717687320299022,0.887810140237325,-0.149324382700001
"O75323",NA,NA,-23.1834994412,NA,NA,-23.0369424949,NA,3,4,3,5,4,NA,NA,NA
"O75330",-23.5738745611,-23.0286459222,-22.6770477836,-22.4872219743,-22.7599238721,-24.173247957,4,8,9,5,5,7,0.900836543990799,0.952468007312614,0.046941845500001
"O75340",-20.5167793527,-20.2686380067,-20.4051431131,-21.0128404422,-19.6083314661,-20.1352210624,6,5,8,6,8,10,0.701073030477286,0.878457059679767,-0.1447225006
"O75347",-18.5585534021,-19.4759844304,-18.7852231526,-19.7021122526,-19.2621695966,-19.0913353681,18,13,13,15,16,18,0.27538686026452,0.631130063965885,0.411952077399999
"O75348",NA,NA,-21.7015468796,-21.3184653068,-21.5644235144,-21.4968611861,1,NA,1,1,1,1,NA,NA,NA
"O75367",-20.1673055863,-20.2708118625,-20.0103507249,-20.3276635127,-20.72869642,-20.0419767394,13,16,20,16,16,16,0.486599482461185,0.790206433029285,0.216622832799999
"O75368",-19.4572796,-19.3296325172,-19.0891141836,-18.7548712758,-19.0452096199,-19.0012930477,6,6,8,9,6,9,0.226426538240368,0.563795853269538,-0.358217452466665
"O75369",-21.2484523705,-20.8249592666,-20.7772687854,-20.9924856666,-20.7603812305,-21.3811724032,56,70,65,63,68,63,0.752650086256469,0.90426638917794,0.0944529592666647
"O75376",-25.2892531827,-26.0999946068,-26.0483509986,-26.4526578933,-25.1110365494,-24.8080976967,3,3,2,2,4,4,0.450559804485336,0.768922305764411,-0.355268882900003
"O75380",-19.5402098303,-19.7601911729,-20.0025282071,-19.8287734632,-19.0648517143,-20.2918046136,4,3,4,4,7,4,0.898800172512938,0.952308162641394,-0.0391664730666648
"O75381",-22.3120259109,-22.2535839313,-22.6852379643,-21.5235732387,-22.4015649954,-21.1247469752,6,5,4,4,7,6,0.0992839275445658,0.392904073587385,-0.733654199066667
"O75390",-20.7092257476,-20.9069179257,-21.2034222955,-20.5898653559,-21.3815223315,-20.8482190586,17,12,18,19,16,21,0.978628953421507,0.976710753306498,1.35924000019827e-05
"O75391",NA,NA,NA,NA,NA,-21.9590244375,NA,NA,NA,1,1,4,NA,NA,NA
"O75394",-20.7769318591,-21.2571798051,-21.1560703572,NA,-20.7027302961,-21.1151636184,2,2,2,2,2,2,0.62466201840138,0.863035642771326,-0.154447049883331
"O75396",-20.7754219759,-22.3437115797,-20.9225736453,-20.1513027255,-21.1549548607,-20.7419468017,5,2,5,7,4,7,0.188829212190914,0.518783542039356,-0.664500937666666
"O75400",-21.3010355685,-21.5617872189,-21.5554664237,-21.2479633327,-21.5761702634,-21.4918460198,21,20,22,19,23,22,0.880408568142611,0.942539388322521,-0.0341031984000004
"O75410",NA,NA,-23.9595641932,NA,NA,-24.7568529694,NA,4,5,5,2,4,NA,NA,NA
"O75419",-22.3383285296,-22.3052763329,-22.0340633471,-23.3494757715,-22.7038007982,-21.9649411392,4,5,7,4,5,6,0.281228579643473,0.639747191011236,0.4468498331
"O75431",-21.4372761572,-21.0218917125,-20.3392255407,-23.1849911609,-21.5776921648,-20.3410318022,4,4,7,2,6,6,0.228462765957447,0.566587864460205,0.768440572500001
"O75436",-20.4676845564,-21.325202073,-20.7432094046,-21.0606174612,-20.564513711,-20.4438863255,14,7,11,9,10,12,0.650169062679701,0.865712074303406,-0.155692845433336
"O75439",-21.8264061081,-20.7446415471,-20.915589107,-20.7648823754,-21.0156075769,-20.8294633547,11,12,14,12,15,12,0.433304629097182,0.761609907120743,-0.292227818400001
"O75446",NA,NA,-22.9563168923,NA,NA,NA,NA,2,2,NA,1,NA,NA,NA,NA
"O75448",-24.9332224463,-24.7718527757,-25.1004325612,NA,-25.0250815763,-25.2018081483,1,2,2,NA,3,2,0.520856526739505,0.815018315018315,0.178275601233331
"O75459",-20.7765686298,-20.174566873,-19.819582677,-20.5339689739,-19.4740075387,-20.2419086875,5,3,5,3,5,5,0.653892179413456,0.867720786733513,-0.173610993233332
"O75475",-22.8020563589,-21.7664540011,-21.4305666854,-22.4256441307,-21.6003767306,-22.4528335925,10,8,13,7,12,10,0.698189045428407,0.878457059679767,0.1599258028
"O75489",-21.6400599632,-21.2451231819,-21.4047066511,-21.1499037916,NA,-20.6158047577,3,5,6,8,9,8,0.131570874065555,0.450719822812846,-0.547108990749997
"O75494",-22.8367892602,NA,-21.851330735,-23.3704246455,-21.6903688882,-21.6667585138,3,3,5,5,6,4,0.840014951121334,0.939110824742268,-0.10154264843333
"O75496",NA,NA,NA,-20.7223544327,-22.4399587194,-22.002043974,3,2,4,4,3,2,NA,NA,NA
"O75506",NA,-19.9899770553,NA,-20.8449612462,-19.5732479824,-20.840173316,2,5,3,4,4,3,NA,NA,NA
"O75521",-20.1217457805,-21.2559941849,-21.4621658982,-20.6401839769,-19.8545346556,-20.2859396098,14,4,6,10,11,11,0.142367596319724,0.46096256684492,-0.686415873766666
"O75530",-23.6559025726,-22.1079583478,-22.2713943107,-23.6635056089,-23.708912599,-22.3228251696,3,6,10,9,8,10,0.297282346175963,0.659229208924949,0.553329382133334
"O75531",-18.9553320918,-18.8042291217,-18.8042125625,-18.5267932007,-18.2446142676,-18.9117767619,10,10,10,11,11,14,0.350678550891317,0.703658536585366,-0.293529848599999
"O75533",-20.1423571413,-20.0181790536,-20.1551034837,-20.134582367,-19.8416895511,-19.9170631607,40,41,50,44,49,51,0.584522857964347,0.842569269521411,-0.140768199933333
"O75534",-20.4523734085,-20.3998938787,-20.4970799574,-19.9935542048,-20.082709769,-19.9934610983,26,32,30,41,36,39,0.108448964922369,0.411543287327478,-0.426540724166667
"O75569",-21.7090283304,-21.3608468688,-21.5354133676,-21.437954931,-20.5406757874,-20.9281904289,7,4,4,5,9,8,0.132989649223692,0.450719822812846,-0.566155806499999
"O75575",NA,NA,NA,NA,NA,-21.747066103,NA,NA,NA,NA,2,1,NA,NA,NA
"O75586",NA,NA,-23.3042970235,-22.8411828879,NA,NA,1,1,1,1,1,1,NA,NA,NA
"O75600",-22.8537919142,NA,NA,-22.8612678037,NA,-23.0498930498,2,2,1,2,1,4,NA,NA,NA
"O75607",-19.4057232645,-19.7556251803,-19.8866402301,-19.8768094776,-19.3562646735,-19.2981497435,5,3,5,3,4,8,0.585355951696377,0.843030556718292,-0.172254926766669
"O75608",-22.3321157651,-21.5944562698,-20.5419430306,-21.6560343662,-22.1720812736,-20.6335583647,3,3,5,4,4,5,0.974947671075331,0.973517559009787,-0.0022803536666629
"O75616",-22.4475091929,-21.2229935618,-21.7498283617,-21.7556885743,-21.4289344821,-22.0438681335,4,7,6,7,7,5,0.850909574468085,0.940502704422526,-0.0639466421666661
"O75629",-22.9074582444,-22.8166361363,-22.1585419738,-21.9728043743,-22.2734081314,-21.8794097333,2,2,1,1,1,1,0.117116014951121,0.42874251497006,-0.585671371833335
"O75643",-20.1504576977,-20.2610895659,-20.099400481,-20.155732204,-20.0052006711,-19.9191256284,82,77,96,87,88,99,0.568697239792984,0.831623931623932,-0.143629747033334
"O75663",-22.2197087188,-22.0015597111,-21.0264826981,-22.7101023297,-21.2549811029,-21.0499465625,5,7,8,6,8,9,0.856762363427257,0.940506329113924,-0.0775737109666643
"O75683",-21.8766908043,-20.8904949099,-21.1252136204,-21.4622478391,-20.819934203,-21.0793796094,7,11,10,6,11,9,0.624407993099482,0.862980769230769,-0.176945894366668
"O75688",-23.9869643748,-22.264310196,-23.6842761301,-22.1523608464,-22.7745578411,-23.732904853,5,3,5,6,5,6,0.424495399654974,0.75462718138551,-0.425242386800001
"O75691",NA,NA,-26.757748702,-27.0430949832,NA,-26.7340719101,NA,4,7,1,NA,8,NA,NA,NA
"O75694",-21.3551654492,-21.747996264,-21.0434095993,-21.4579386349,-20.8861761298,-20.9707788149,21,24,28,22,31,31,0.417276451983899,0.752676659528908,-0.277225910966667
"O75717",-21.9743478952,-21.3681238608,-21.6595591969,-21.8618454453,-22.0293242604,-21.7357594905,12,17,17,15,13,13,0.491396923519264,0.795031055900621,0.208299414433331
"O75718",NA,NA,NA,NA,-23.7473991302,NA,NA,NA,1,1,1,NA,NA,NA,NA
"O75746",NA,-24.8805681856,-23.0386805313,-22.5322621081,NA,-22.3065974991,3,3,12,11,11,15,0.0435599482461185,0.253897550111359,-1.54019455485
"O75792",-21.9328160395,-21.7500164866,-22.8222117309,-22.0152186306,-22.6747599415,-22.0129828815,2,3,2,3,7,2,0.84703349626222,0.940127388535032,0.0659723988666663
"O75794",NA,NA,-23.6829338562,-21.7190544318,NA,NA,7,4,6,8,7,5,NA,NA,NA
"O75818",NA,NA,NA,NA,NA,-23.9881261038,1,2,NA,1,NA,3,NA,NA,NA
"O75821",-19.5963097512,-19.3297735043,-19.1125912758,-19.1972185101,-19.4732035383,-19.3150047632,17,16,17,18,11,19,0.931021420356527,0.962157330154946,-0.0177492398999988
"O75822",-19.6601360194,-20.1159459961,-19.8455775457,-20.5339991753,-19.8853239189,-19.7099074633,14,18,18,18,16,15,0.613065986198965,0.856447688564477,0.169190332100001
"O75832",-19.4453340556,-19.5493289609,-19.6298437625,-19.5974911052,-19.6319371729,-19.7581362783,7,8,11,8,8,11,0.619271276595745,0.858866103739445,0.121019259133334
"O75844",NA,NA,NA,-24.4655760888,NA,NA,NA,NA,NA,2,NA,NA,NA,NA,NA
"O75874",-20.8415956892,-20.4731267133,-20.2795144659,-20.9070799357,-20.7316711145,-20.4940952012,15,14,18,17,20,16,0.555354514088557,0.826730518067044,0.179536461000001
"O75909",-22.4431288041,-22.780950611,-22.3165321225,-21.4745285412,-22.1463177533,-21.8191347749,3,6,6,6,4,7,0.0638369752731455,0.310225303292894,-0.700210156066667
"O75934",-20.6934466222,-19.8930664943,-20.6274773756,-20.0820596417,-21.0977473143,-20.2872609328,7,10,9,8,7,10,0.81227027027027,0.924422442244224,0.0843591322333346
"O75935",-21.3142222756,-21.4317830022,-21.9257592266,NA,-20.9286595886,-21.6030132724,2,6,3,3,5,4,0.436462765957447,0.761609907120743,-0.2914184043
"O75937",-23.1019976926,NA,-22.1585615088,-22.20871258,-20.4678460097,-22.6080974092,6,3,7,9,9,8,0.190770126509488,0.522666666666667,-0.868727601066666
"O75940",-20.8367754834,-20.4013257854,-21.1272475811,-20.1081830731,-20.3867810771,-20.9933280451,3,4,2,6,4,3,0.429373202990224,0.760083813514929,-0.292352218199998
"O75947",-20.7145646876,-19.9009705063,-19.5891964521,-20.553618515,-20.4425532112,-19.8554240238,11,10,13,6,10,12,0.577245543415756,0.83790628957366,0.215621368000001
"O75955",-19.845707118,-19.8899682711,-19.9740772307,-19.945801544,-19.4009778745,-19.5338358441,16,17,17,13,18,19,0.356686889016676,0.708959711365003,-0.276379119066668
"O75964",NA,-19.7524293779,-21.8861443461,-19.9893162467,-19.7616625841,-20.8920273958,4,3,2,4,3,3,0.340381109833237,0.698757763975155,-0.604951453133332
"O76003",-19.6161495559,-19.884658614,-19.8471395805,-20.3300669458,-19.7110903419,-20.0772920407,13,17,19,11,14,15,0.40743573893042,0.748087431693989,0.256833859333334
"O76021",-21.4596829438,-21.8092083916,-21.7451397055,-21.6636722285,-21.3974615967,-22.5455116232,12,8,15,11,13,17,0.594361127084531,0.845099667774086,0.197538135833334
"O76031",-21.7074523227,-23.0345281475,-21.4901032013,-21.8413036224,-21.6089132922,-23.2499122428,11,8,12,11,13,12,0.750915612420932,0.90426638917794,0.156015161966668
"O76070",-18.6062412415,-18.5260907061,-18.8382558534,-19.1176764112,-19.3506047732,-19.1239157367,8,7,8,6,8,9,0.0820701552616446,0.358547655068079,0.540536373366667
"O76071",-20.1841391443,-20.7655321735,-22.0235176426,-20.7869453883,-21.3703509093,-21.7847399554,9,6,5,7,7,3,0.50532331799885,0.801583605030275,0.322949097533336
"O76087",-16.5824897272,-16.5476751962,-16.7744301656,-16.435489181,-16.9566234351,-16.6517510961,19,21,19,20,15,22,0.854200546290972,0.940506329113924,0.046422874400001
"O76094",-20.758155639,-21.1629695247,-20.8537569644,-20.4138384737,-20.7960245268,-20.7166879776,14,12,20,13,16,15,0.347235767682576,0.700183936235438,-0.28277705
"O94742",NA,NA,-20.0761776745,NA,NA,-21.6273157396,NA,NA,2,NA,NA,1,NA,NA,NA
"O94763",NA,NA,NA,-23.8514447755,NA,NA,NA,NA,NA,3,2,1,NA,NA,NA
"O94776",-21.4954298307,-21.5687383731,-22.0053326261,-21.0239042018,-21.0510222137,-20.6235573599,21,23,25,20,23,23,0.0391634560092007,0.234597156398104,-0.790339018166666
"O94788",-19.9414746928,-19.4574416291,-19.2627166228,-19.3097267165,-19.5506394434,-19.1750356789,30,30,37,33,30,41,0.510755894192064,0.802960222016651,-0.208743701966664
"O94822",-23.3824204057,-25.5488040174,-24.7243790591,-25.2132004113,-24.5125698004,-24.5771628762,9,4,7,9,8,13,0.660216647498562,0.868089973313,0.215776535233335
"O94826",-21.4374764888,-22.4818547637,-21.494686271,-21.4258629182,-21.3896629117,-21.4642872035,13,11,10,15,12,12,0.318227717078781,0.675064599483204,-0.378068163366667
"O94832",-25.1495721777,NA,NA,-24.9686239481,-24.7586838752,NA,1,1,3,2,4,4,NA,NA,NA
"O94842",-23.0594146154,-24.3005198241,-24.6792444708,NA,NA,-24.6109043182,4,3,3,NA,2,5,NA,NA,NA
"O94874",NA,-23.5891342194,-23.0493784068,-24.8251916591,-24.746980642,-23.3575323792,4,8,4,4,10,8,0.0840040253018976,0.362275449101796,0.990645247
"O94880",NA,NA,-25.1958017517,NA,NA,-24.3443951093,1,3,2,1,1,2,NA,NA,NA
"O94888",-22.160194655,-21.9475583215,-22.0972699014,-21.568850681,-22.2617617308,-21.6864063948,6,8,8,7,9,7,0.469680419781484,0.777886977886978,-0.229334690433337
"O94889",NA,NA,-24.5190935871,-24.1931516641,NA,NA,1,1,1,1,1,NA,NA,NA,NA
"O94903",-22.9743588645,NA,-22.195409756,-22.0281752749,-22.9653254526,-21.9337524742,2,NA,3,3,2,5,0.531509200690052,0.81781557743957,-0.275799909683336
"O94905",NA,NA,-23.3031715521,NA,NA,NA,1,NA,3,1,1,NA,NA,NA,NA
"O94906",-21.4126249856,-20.9851188706,-20.9581416942,-21.4265774719,-21.1281272971,-21.1837218789,20,28,23,17,21,23,0.652275445658424,0.867720786733513,0.127513699166666
"O94913",NA,NA,-24.2689409705,-23.8448135769,-25.1513426933,-24.0207169863,2,7,7,8,4,5,NA,NA,NA
"O94925",-21.6383616753,-21.312767617,-21.3909114519,-21.3848965418,-21.1134677886,-21.4106266978,8,8,9,9,7,8,0.597641604370328,0.848347107438017,-0.144349905333332
"O94927",NA,-23.9865346183,NA,-24.0352814365,-23.9429524151,-24.2422089589,3,2,2,4,3,4,NA,NA,NA
"O94966",-24.6560311697,-24.9573988937,NA,-24.7608197778,NA,NA,2,3,NA,3,NA,1,NA,NA,NA
"O94973",-24.6602890657,NA,-22.8429829103,-24.3337878831,-23.1058265564,-22.6131399812,4,5,6,3,6,8,0.523738211615871,0.816978548607942,-0.400717847766668
"O94979",-21.4385477196,-20.8459385304,-21.6939565329,-21.4794298309,-21.0909957847,-20.9712660926,23,28,26,27,21,30,0.662057648073606,0.868089973313,-0.145583691566667
"O94992",-21.7473977776,-23.1096675919,-21.8964485127,-21.6389123469,-21.4849376776,-22.7611335206,4,4,3,5,2,1,0.540571305347901,0.819438252340615,-0.289510112366663
"O95071",-24.2755065392,-24.5222582366,-23.7982725516,-23.5498279628,-23.8920671471,-23.8044038798,10,15,16,15,13,11,0.191642754456584,0.523893805309735,-0.449912779233333
"O95104",-22.6846726974,-22.7679485785,-22.7785775779,-22.1386624542,-23.3159521053,-22.530737452,8,7,8,8,9,9,0.806588269120184,0.922388059701493,-0.0819489474333324
"O95139",-22.1118359357,NA,NA,NA,NA,NA,3,2,NA,2,NA,1,NA,NA,NA
"O95140",-23.1662938388,-23.4144487711,-24.4099100085,-23.1205741353,-24.3314235958,-23.751162392,3,6,3,5,7,7,0.853962765957447,0.940506329113924,0.0708358349000022
"O95149",NA,NA,NA,NA,NA,-24.0997714477,NA,NA,NA,NA,2,3,NA,NA,NA
"O95155",-25.1547803023,-24.0811988882,NA,-24.8842515338,-25.0207792078,-23.422399117,3,8,2,6,4,5,0.736070155261645,0.901098901098901,-0.175512975716668
"O95159",NA,NA,-22.3062487384,-23.6794204853,NA,NA,1,2,4,4,2,1,NA,NA,NA
"O95163",-22.0147936553,-22.1233368073,-22.7840120735,-22.3467986776,-22.3901948265,-21.8096984875,19,17,17,19,19,17,0.704591431857389,0.878457059679767,-0.1251501815
"O95167",-20.7172858657,-19.8111707903,NA,-20.7552009778,NA,NA,1,2,1,2,1,NA,NA,NA,NA
"O95169",NA,NA,NA,-22.7631072699,NA,-22.8578499536,NA,1,3,1,2,2,NA,NA,NA
"O95182",-20.4015617754,-21.3437696111,-21.2627673383,-20.8991336722,-20.8260144654,-21.154936093,4,2,4,3,5,2,0.88378349626222,0.942989214175655,-0.0426714980666674
"O95202",-20.4625143403,-20.8333484251,-21.1113798865,-20.637455262,-20.4727085087,-21.003952483,19,17,22,24,21,18,0.74811802760207,0.90426638917794,-0.097708799400003
"O95218",-20.3593174983,-21.0357811707,-21.9059515497,-21.0529222975,-20.4509478402,-23.5618617331,10,8,6,13,13,9,0.394584962622197,0.739081746920493,0.588227217366668
"O95229",-22.8518122104,NA,NA,-23.0478727028,NA,-23.707359393,2,3,1,4,3,2,NA,NA,NA
"O95232",-21.2094464614,-21.1413688284,-21.2198045158,-21.1483382997,-21.1504211056,-21.2017524282,8,9,9,10,11,11,0.899488355376653,0.952351863164325,-0.0233693240333324
"O95239",-25.2132254851,-24.2081043381,-25.4411796858,NA,-25.1145299564,-23.7801024558,11,10,13,14,10,15,0.346784358826912,0.700183936235438,-0.506853630233337
"O95273",-23.4639845189,NA,NA,NA,NA,NA,1,NA,NA,NA,NA,NA,NA,NA,NA
"O95292",NA,NA,NA,-22.3538167143,NA,NA,1,1,2,1,1,1,NA,NA,NA
"O95295",NA,-21.5475437596,NA,-21.612758959,NA,NA,1,1,1,2,1,1,NA,NA,NA
"O95299",-22.4335546383,-23.012885832,-22.6784958272,-22.4615569864,-22.7632812199,NA,4,4,5,2,3,4,0.752128090856814,0.90426638917794,-0.0958929960166621
"O95319",NA,-23.670000543,NA,NA,NA,NA,1,1,NA,NA,2,1,NA,NA,NA
"O95336",-21.327536222,-20.2466575126,-21.7472195437,-20.4705658015,-20.6382529599,-19.8976693986,8,10,8,10,7,11,0.114889447958597,0.420798065296252,-0.771641706099999
"O95347",-21.9066034739,-21.8614428026,-21.7135002252,-21.8230812828,-22.2662887041,-21.4225839684,15,24,26,21,20,25,0.954184732604945,0.966783216783217,0.0101358178666686
"O95363",NA,NA,-23.8447367976,NA,NA,NA,NA,NA,1,1,1,NA,NA,NA,NA
"O95365",NA,NA,NA,NA,NA,-23.8146410031,NA,NA,1,NA,NA,1,NA,NA,NA
"O95372",-20.1765954651,-20.2662285737,-21.3880880956,-20.2651220129,-20.2510559692,-20.285886634,5,7,3,7,6,5,0.387416331224842,0.731596828992072,-0.342949172766666
"O95373",-20.4137216803,-20.3294962606,-20.676080068,-20.4938125227,-20.0948496568,-20.679807855,30,30,27,25,33,27,0.850334818861415,0.940127388535032,-0.0502759914666662
"O95376",-22.4102486154,-22.3188236112,NA,-22.4520872546,NA,-23.7364439224,3,3,1,2,1,3,0.174928263369753,0.506046511627907,0.729729475200003
"O95391",NA,NA,-22.8979773727,NA,NA,-22.9584869166,NA,2,2,1,1,5,NA,NA,NA
"O95394",-21.6038621143,-21.6105383676,-20.6891269487,-21.3978862287,-21.6708036594,-21.0308466451,14,16,15,10,15,14,0.84175071880391,0.940127388535032,0.0653363675333338
"O95400",NA,-22.2027125444,-22.4049980708,-21.4492609332,-23.2380469674,-22.4308123309,NA,3,4,4,3,3,0.872823893041978,0.940738442444927,0.0688514362333308
"O95429",-23.6703911232,NA,-22.3896230119,-23.4137599059,-23.6020554959,-23.7085957349,1,NA,3,1,1,1,0.232308223116734,0.568412822517592,0.544796644683331
"O95433",-19.5754963121,-20.1318648526,-19.6373414679,-19.6305244113,-19.6731346024,-19.3251253567,15,10,19,17,20,18,0.44367668200115,0.763171355498721,-0.238639420733335
"O95453",-22.5162174304,-23.5747144585,-23.355179446,-22.7757690823,-24.2452205074,-23.3692507671,7,10,7,11,4,9,0.486102213916044,0.790206433029285,0.314709673966664
"O95456",-20.8529314959,-21.0801505537,-21.9792593503,-20.8351425681,-21.0890348674,-21.3861296663,6,7,2,6,6,8,0.595456584243818,0.847078325735599,-0.200678099366669
"O95466",-25.7901087907,-26.1668580868,-25.75544132,-25.7248624658,NA,-25.8973309888,2,1,1,2,1,1,0.738692208165612,0.902758132956153,-0.0930393385333339
"O95478",-22.5756210032,-21.6518948589,-21.6490062732,-21.4810930125,-23.5866059547,-21.7940011787,8,5,5,5,4,6,0.536947527314549,0.81834451901566,0.328392670200003
"O95486",-23.4400923942,-23.0396841,-23.319337283,-22.5146443693,-23.2147111016,-23.5716726146,6,9,14,11,8,10,0.637479442208166,0.863582908663269,-0.166028563899999
"O95487",-24.3776982965,-24.491196768,-25.9602777076,-25.6237473007,-24.9936491766,-25.5132120835,3,4,7,3,5,5,0.354907705577918,0.706521739130435,0.433811929566666
"O95544",NA,NA,-23.4534414651,NA,NA,NA,NA,1,2,NA,NA,2,NA,NA,NA
"O95551",NA,-22.4398454325,NA,-22.8452391,-23.8828222336,-23.0750791767,4,3,2,3,2,2,NA,NA,NA
"O95563",NA,-21.3928834996,-21.8883163058,-22.4533926764,-22.0880982692,-20.5398145439,2,3,2,3,3,5,0.903359114433583,0.953120243531202,0.0531685937999988
"O95573",NA,NA,NA,NA,NA,-24.0786292185,NA,NA,3,NA,NA,2,NA,NA,NA
"O95602",-22.7631801885,-23.5871693335,-22.5102979029,-22.4207749209,-23.2412689643,-23.1211111059,16,17,18,17,15,22,0.928635422656699,0.962089552238806,-0.025830811266669
"O95619",NA,-22.4689651738,-23.115105663,NA,NA,NA,NA,1,1,NA,NA,NA,NA,NA,NA
"O95628",NA,NA,NA,NA,NA,-24.4155008911,1,2,NA,1,1,1,NA,NA,NA
"O95630",-23.723858124,-23.8452173641,NA,NA,-23.834562162,NA,2,3,4,1,6,3,NA,NA,NA
"O95639",-22.8583477876,-21.7583167229,-23.2662460243,-20.9461137899,NA,-21.9582303975,3,6,4,5,5,5,0.057627515813686,0.285451197053407,-1.17546475123333
"O95671",-23.6198242117,-24.5623018196,-24.3584160391,-23.8162569775,-23.5518839762,-23.789317288,1,1,2,1,2,2,0.213526739505463,0.546732837055418,-0.461027942899999
"O95684",-21.7533864388,-20.8509805255,-21.9118077558,-21.1103995974,-21.1861765757,-21.478111556,7,10,6,5,8,7,0.503213628522139,0.801405152224824,-0.247162330333332
"O95721",-19.7127994874,-19.6566599452,-20.2057880147,-19.7788044012,-19.5429962189,-19.976976861,9,10,10,9,12,9,0.752044565842438,0.90426638917794,-0.0921566554000037
"O95747",-20.7129583745,-20.9601677539,-21.3105162845,-20.48246517,-21.3736426828,-21.2441526673,15,11,11,14,13,12,0.894320011500863,0.947594238430892,0.0388727024000026
"O95749",NA,-23.3907943714,-23.5018844732,NA,-23.1937613178,-23.4872675041,4,2,2,NA,2,3,0.696333525014376,0.878457059679767,-0.105825011349999
"O95757",-20.7736553384,-20.8711604886,-20.7774942745,-20.3931292543,-20.7266189108,-20.6084557085,26,22,24,32,30,28,0.388781052328925,0.733182589033352,-0.231368742633336
"O95758",-21.6330329827,-22.4569864461,-21.6770678758,-21.2667342194,-22.5483275183,-22.2716771965,14,12,12,15,14,15,0.783782202415181,0.915087956698241,0.106550543200001
"O95777",-18.3177256426,-18.669152809,-18.9156152501,-19.061603765,-18.4646881563,-18.33476597,9,8,8,11,9,9,0.947357245543416,0.966166519564578,-0.0138119367999998
"O95782",-21.2033752697,-20.815907317,-20.8849483402,-20.8397603873,-21.2541392362,-21.0526503698,26,26,38,35,33,31,0.76596017826337,0.904712762297902,0.0807730221333323
"O95793",-22.0057016686,-21.7286734462,-21.6726172093,-20.6863431664,-21.4334016841,-21.2854838626,7,10,10,11,10,12,0.0769606095457159,0.343260188087774,-0.667254536999998
"O95801",-21.0782793279,-23.4349965947,-21.016683635,-23.5182120572,-20.9801320698,-21.259116534,10,8,9,9,8,7,0.895037665324899,0.948529411764706,0.0758337011333339
"O95810",-22.9785356676,-23.3306789795,-21.5818096015,-22.5912698328,-23.4799190663,-21.5628514075,7,6,9,5,7,6,0.858048591144336,0.940738442444927,-0.0856613140000029
"O95816",-20.1732508132,-20.8923964919,-21.5194459715,-21.0824948024,-21.1700414709,-20.8275637603,9,9,7,5,10,12,0.662776164462335,0.868089973313,0.165002252333331
"O95817",-22.9258922341,-22.8327122033,-23.9802022861,-22.2934840741,-21.6282364661,-23.3202142111,5,4,3,5,5,7,0.125227717078781,0.439585730724971,-0.832290657399998
"O95819",NA,NA,NA,NA,-24.9887743722,NA,2,1,3,0,2,4,NA,NA,NA
"O95825",NA,NA,NA,-22.8288000058,NA,NA,NA,NA,1,1,2,1,NA,NA,NA
"O95831",-20.1317361162,-19.8595644126,-20.3282452832,-20.0275522724,-20.1461177748,-19.7378001751,15,18,17,21,21,21,0.637650230017251,0.863582908663269,-0.136025196566667
"O95834",NA,NA,NA,-22.7552031417,-24.2394121826,-24.2804549973,3,2,NA,2,3,3,NA,NA,NA
"O95861",-20.747498136,-20.8018999478,-20.7887963184,-20.5676132976,-20.2105634623,-20.7961269295,7,7,8,9,13,10,0.393978148361127,0.738642736960179,-0.254630237600001
"O95865",-23.1209909506,-23.2299392115,-22.9304865642,-22.9080586735,NA,-22.8198013311,2,4,3,3,3,4,0.402386285221392,0.747797356828194,-0.229875573133331
"O95881",-21.7699316861,-20.856726434,-21.0970855889,NA,-20.3874147728,-20.6812714514,2,4,7,2,5,8,0.0999138872915469,0.392904073587385,-0.706904790900001
"O95905",NA,NA,NA,NA,-24.4256243052,NA,NA,NA,1,1,1,NA,NA,NA,NA
"O95983",-22.5600845778,-22.8039929812,-22.0136781894,-22.78616802,-21.9032422836,-21.2920417228,1,4,3,4,6,8,0.301418775158137,0.665565102445473,-0.465434574
"O95985",-24.6667064156,NA,-23.1214749225,-24.5652934249,-24.4888980574,NA,4,3,8,2,4,1,0.274519407705578,0.631130063965885,0.633005072099998
"O95989",NA,-20.8552276689,-22.1494241953,-21.6554375328,NA,NA,NA,3,2,1,NA,2,NA,NA,NA
"O96000",-19.927902095,-19.8621661068,-20.0381606144,-19.4904290989,-20.7910644086,-20.730724454,6,5,6,8,6,7,0.343564117308798,0.700183936235438,0.394663048433337
"O96007",NA,-23.3966888643,-22.4479646651,NA,-22.0212356419,NA,NA,1,1,NA,1,NA,NA,NA,NA
"O96008",-20.5116311887,-21.2157146558,-19.7058348331,-21.2385861158,-20.8307360333,-20.2261079234,8,3,14,5,10,11,0.518915756181714,0.813302752293578,0.287416464966668
"O96019",-20.7536463822,-20.040454598,-20.1088139947,-20.1838799256,-20.3738595616,-20.5423550414,12,14,15,16,14,22,0.822533064979873,0.928804702808622,0.0657265178999999
"P00044",NA,NA,NA,-21.476409976,NA,NA,2,5,1,1,2,1,NA,NA,NA
"P00127",-20.110414045,-20.8229417259,-21.0722263702,-21.9255321194,-21.5166581116,-21.0797585277,3,2,2,1,2,2,0.0627111845888442,0.306878306878307,0.838788872533335
"P00338",-17.9976975382,-18.2321465486,-17.8424939996,-17.5323213773,-17.9351659228,-17.8892054542,80,74,92,87,84,87,0.422273145485911,0.75462718138551,-0.238548444033334
"P00350",-22.8038868944,-22.0873289168,-21.9594686468,-19.6960650476,-20.2972008819,-19.9710855112,10,6,6,18,21,18,0.000888297872340426,0,-2.2954443391
"P00352",-23.6704719391,-23.8234552334,-24.1074692775,NA,-24.1711632479,-22.4547789764,3,4,2,2,3,4,0.293172081656124,0.655804480651731,-0.554161037849997
"P00358",-22.8741896651,-20.8290092545,-20.8215259357,-21.2540929132,-21.4910547121,-20.9298560077,185,226,212,167,163,181,0.583996262219666,0.842016806722689,-0.283240407433336
"P00359",-18.0412301054,-18.0530245016,-17.8207569264,-18.2542843718,-18.437804324,-18.3022381257,213,247,249,189,181,202,0.193888585393905,0.527753303964758,0.359771762699999
"P00360",-18.4717442003,-18.5162610711,-18.3170584141,-19.1912784153,-18.7884975789,-18.6848499758,41,117,47,87,87,93,0.152407561817136,0.473684210526316,0.453187428166665
"P00367",-22.8964669212,NA,NA,-23.1934629089,-22.9227046518,-23.2508514888,16,17,22,24,24,25,NA,NA,NA
"P00370",NA,NA,NA,NA,-23.1449852959,NA,NA,NA,NA,NA,1,NA,NA,NA,NA
"P00374",NA,-22.6461206804,-21.362303089,-20.6128362145,-21.5732093553,-21.4745703694,7,6,7,8,7,6,0.143897498562392,0.462845010615711,-0.784006571633331
"P00387",-21.8352327106,-23.0593764655,-21.5355776623,-21.0372925789,-21.1876429464,-21.1262145501,4,4,5,6,6,7,0.0460615296147211,0.259713701431493,-1.02634558766666
"P00390",-19.7107262151,-19.6778988924,-19.5000926865,-19.6077152385,-19.5308833446,-19.6264359393,16,18,20,21,21,23,0.849488067855089,0.940127388535032,-0.0412277572000015
"P00403",-20.6878757549,-21.3291469888,-20.7169655028,-20.6141826666,-21.1858295326,-21.0148070505,4,5,5,6,5,4,0.915786515238643,0.960048426150121,0.0269436677333346
"P00414",-22.5544390843,-22.8707203993,-23.2059072623,NA,NA,-23.164916694,2,2,1,NA,NA,2,NA,NA,NA
"P00427",-22.0180934335,-22.7931802797,-22.3508499581,NA,NA,-22.620107513,1,2,3,1,NA,1,NA,NA,NA
"P00431",NA,NA,-23.7112582035,NA,NA,NA,3,NA,3,1,NA,NA,NA,NA,NA
"P00441",-17.3010983954,-17.6055573166,-17.5641672199,-16.9596690888,-17.1028053168,-17.1963273477,21,22,16,20,20,21,0.166166618746406,0.496624879459981,-0.404007059533331
"P00445",-17.2575292095,-17.2234659913,-17.2450924719,-18.0640102792,-17.9645671669,-18.3514485982,27,28,29,19,20,18,0.0165008625646924,0.144,0.884646123866666
"P00447",-22.8978220426,NA,NA,NA,NA,-23.4969172923,3,1,3,2,NA,2,NA,NA,NA
"P00448",NA,NA,NA,-21.5181553709,-22.6405385,-20.7090778633,3,NA,1,4,3,8,NA,NA,NA
"P00452",NA,NA,NA,-24.4367041511,-24.4768062158,-23.4399324713,1,1,NA,2,2,4,NA,NA,NA
"P00491",-18.3648649263,-18.275219648,-18.4285553613,-18.471358699,-17.9922790896,-18.5618070777,36,35,30,28,38,34,0.941132978723404,0.965384615384615,-0.0143983564333361
"P00492",-19.6310390774,-19.6464511553,-19.5420009132,-20.0814335183,-19.5314389346,-19.2333898412,10,10,13,11,12,14,0.957331512363427,0.966783216783217,0.00892371606666842
"P00498",-23.0602862977,-21.3734366608,-21.078397509,-22.2519571283,-21.7950440012,-21.5933640191,8,11,12,8,5,6,0.911932576193214,0.958459672528805,0.0427482270333357
"P00505",-21.3339223488,-21.1842456654,-20.6045722917,-21.3006573403,-20.1048946471,-20.6733564951,7,8,9,9,9,9,0.390686026451984,0.736664795058956,-0.347943941133334
"P00509",NA,-23.5925817377,NA,-21.0641102121,-20.6709720136,-21.2638710917,2,3,3,11,12,18,NA,NA,NA
"P00519",-23.7184208195,-23.7983741593,-24.9118006404,-23.2875551935,-24.1388048512,-23.5818645204,4,3,4,4,2,4,0.277526739505463,0.634301913536499,-0.473457018033333
"P00549",-16.4323531062,-16.3909742253,-16.4745889822,-16.8999493931,-16.8494461712,-16.9816528101,182,192,185,124,127,133,0.0805887004025302,0.356374807987711,0.477710686900004
"P00558",-17.9874997754,-17.7282277864,-17.9034995347,-17.6877217259,-17.504452833,-17.6225898166,85,96,89,92,100,106,0.316668918918919,0.672067401166559,-0.268154240333331
"P00560",-16.3545559255,-16.4669716695,-16.7342918868,-17.021741251,-16.9543041401,-17.0282057869,183,175,187,131,122,144,0.1099078493387,0.412204234122042,0.482810565400001
"P00568",-20.9341752633,-22.1809955618,-20.5216025192,-20.9467228068,-20.6435824083,-20.5213532297,4,4,6,4,5,6,0.270914606095457,0.631130063965885,-0.508371633166668
"P00579",NA,NA,NA,NA,-24.0193542195,-24.5554567794,NA,NA,NA,1,3,1,NA,NA,NA
"P00635",NA,-23.8972838752,-23.9475298496,NA,NA,NA,1,1,1,1,NA,NA,NA,NA,NA
"P00724",-22.0764391329,-23.0732489154,NA,-22.9692015461,NA,-23.1328059516,6,5,3,2,NA,3,0.29653910293272,0.658322056833559,0.4761597247
"P00729",-23.6337735828,-21.8465690185,-22.6649322231,-22.0914315032,NA,-24.7748283467,4,4,6,4,2,5,0.348117596319724,0.702322738386308,0.718038316816671
"P00812",NA,-22.2396663126,-23.3479429847,NA,NA,NA,8,7,7,2,2,NA,NA,NA,NA
"P00815",-19.9501238749,-19.9583676993,-20.1309187185,-20.3948566925,-20.0512935712,-20.6398678675,31,30,24,25,25,20,0.261375359401955,0.617067833698031,0.348869279500001
"P00817",-18.6265534398,-18.8312183559,-19.0343834022,-19.0450144696,-19.2131630713,-19.382277748,28,28,27,21,23,21,0.2064022426682,0.543293718166384,0.382766697000001
"P00830",-19.978698813,-20.0677222792,-20.0245106416,-20.1941062686,-20.363798277,-19.9247642791,23,27,30,25,24,27,0.610446520989074,0.856156034132466,0.137245696966666
"P00864",NA,NA,NA,-24.0729660607,-23.9357242758,-23.0398763352,NA,NA,NA,5,7,6,NA,NA,NA
"P00890",-21.2264583909,-21.9022107555,-21.4693103088,-22.4589812532,-22.0367831783,-22.6237896143,10,13,15,10,10,9,0.0407939907993099,0.240740740740741,0.840524863533336
"P00899",-21.3419261143,-21.8333807495,-22.213613062,-22.7245263592,-24.1327416375,-22.740267901,10,13,12,2,4,7,0.0199538527889592,0.153024911032028,1.40287199063333
"P00915",NA,NA,NA,NA,NA,-23.7225152644,NA,1,1,NA,NA,2,NA,NA,NA
"P00924",-18.2991293096,-18.2633488117,-18.0218730732,-19.0003180513,-18.7567475869,-18.944728967,132,145,155,90,97,97,0.0352445370902818,0.208651399491094,0.705814470233335
"P00925",-17.3529920983,-17.1956598897,-17.1777896163,-17.8932367177,-17.9998480115,-17.843014012,193,208,228,124,140,147,0.0332130534790109,0.205194805194805,0.669885712300001
"P00927",NA,NA,-24.1202254369,NA,NA,NA,NA,1,2,NA,NA,1,NA,NA,NA
"P00931",-19.9107322811,-20.479803688,-20.525791754,-20.5677856256,-20.6978086094,-21.2160963315,21,27,31,17,14,20,0.158706440483036,0.482517482517482,0.521787614466668
"P00937",-24.4859913002,-23.6244757118,-24.2965706328,-23.2689358349,-23.6126626536,-23.4269882395,3,5,4,2,2,3,0.0751748131109833,0.338072669826224,-0.699483638933334
"P00942",-18.3283777226,-18.0012955157,-18.3058497339,-18.7767587486,-18.5702705942,-18.8939454249,35,38,32,23,26,24,0.0929095744680851,0.384291725105189,0.5351505985
"P00946",NA,NA,NA,NA,NA,-22.765184095,NA,NA,NA,1,NA,3,NA,NA,NA
"P00950",-17.2041228998,-17.1285868146,-16.9289265937,-17.6831446304,-17.4224955635,-17.7764363907,61,58,67,39,43,42,0.0875232892466935,0.367732558139535,0.540146758833334
"P00956",NA,NA,NA,-23.7187818879,-23.3170908992,-23.2790396551,NA,NA,NA,5,6,10,NA,NA,NA
"P00957",NA,NA,NA,-23.6529787901,-23.2612472502,-22.5359982743,NA,1,NA,4,8,10,NA,NA,NA
"P00958",-21.0352339522,-20.5387067056,-21.3074211479,-21.7805155281,-22.8443589905,-22.3485199153,20,26,19,11,11,12,0.0128650086256469,0.125628140703518,1.36401087606667
"P00959",NA,NA,NA,-23.3955465756,-23.2208792334,-23.5272116518,NA,NA,NA,6,3,4,NA,NA,NA
"P00961",NA,NA,NA,-23.5099198454,-22.4249508964,-22.0078718684,1,0,1,8,7,9,NA,NA,NA
"P00962",NA,NA,NA,NA,NA,-24.5443485393,1,1,NA,3,NA,3,NA,NA,NA
"P01094",NA,NA,-21.2113576746,NA,-20.0813475176,NA,1,NA,1,NA,2,NA,NA,NA,NA
"P01111",NA,NA,-22.1903677306,NA,-22.3522632522,NA,3,2,1,4,3,3,NA,NA,NA
"P01119",-23.1962205764,NA,NA,NA,NA,NA,2,2,2,1,1,NA,NA,NA,NA
"P01120",-21.0961892805,-21.2194911601,-20.9428907236,-21.485709458,-22.1918011025,-21.0030885002,5,4,5,4,3,6,0.228865727429557,0.566587864460205,0.474009298833334
"P01123",-21.9273311607,-21.5915213148,-21.5428629716,-22.5914238765,-22.0760565833,-21.9874220847,9,10,11,7,7,8,0.130792121909143,0.450719822812846,0.5310623658
"P02008",-16.4863112901,-16.384821381,-16.1519200384,-16.2693349921,-16.3144225985,-16.0951250957,55,55,64,66,65,68,0.658763657274296,0.867996930161167,-0.114723341066668
"P02100",-17.7714451269,-17.4912244921,-17.6918138256,-17.5847220193,-17.5400742461,-17.4337295471,24,38,48,41,40,34,0.60469695227142,0.852124183006536,-0.131985877366667
"P02293",-21.0066571429,-20.985392805,-21.0148268722,-22.0586874778,-22.2165309333,-22.1786139585,35,36,40,41,38,45,0.00407518688901668,0.0606060606060606,1.14898518316667
"P02309",-19.0430565551,-19.0883220552,-19.9175570879,-21.7521801856,-19.3536577677,-19.7394346856,8,9,9,6,6,8,0.136388729154687,0.455347298787211,0.932112313566666
"P02358",-21.7084760172,-21.7980616175,-21.8388766346,-20.9975214141,-22.0442276173,-19.8331838943,2,1,2,4,7,6,0.134877372052904,0.450719822812846,-0.8234937812
"P02359",-20.9333683827,-21.1422773507,-21.3057303157,-20.9521417712,-20.9545338451,-20.0955643916,2,5,4,5,7,9,0.21824928119609,0.549593495934959,-0.459712013733331
"P02400",-17.6644303957,-17.5597645269,-17.2500292281,-17.850051131,-18.4698596034,-18.0666562576,13,16,16,14,10,9,0.0780507475560667,0.3484375,0.637447613766668
"P02406",-19.6031895968,-20.5636226848,-20.1295830948,-20.0330573491,-21.2461089913,-20.1507376996,8,8,13,9,6,8,0.385668918918919,0.730834752981261,0.377836221199999
"P02407",-18.7334550544,-18.7484499584,-18.4799567275,-19.3718688566,-19.0777315125,-19.7244744457,12,16,16,10,13,11,0.0485314836112708,0.259713701431493,0.737404358166668
"P02413",NA,-21.8037154484,-21.9357967187,-21.8411690834,-21.2994599959,-20.45608186,4,5,5,8,9,7,0.165247412305923,0.496605237633366,-0.670852437116668
"P02545",-18.4274157027,-18.6515461315,-18.518365261,-18.7851202842,-18.3567665764,-18.5662674603,64,62,65,61,72,70,0.874216216216216,0.940738442444927,0.0369424085666665
"P02549",-21.302282691,-21.145120132,-21.2024970073,-21.4669583349,-21.3421482959,-21.0444799281,45,61,52,50,50,63,0.788204284071305,0.915459750757831,0.0678955762000015
"P02557",-21.198525413,-21.5866342779,-21.5942398862,-22.5456232146,-23.2929579366,-21.8789934887,10,8,6,2,2,4,0.0308875790684301,0.198347107438017,1.11272502093334
"P02656",-20.8710004559,-20.801840839,-21.1465502872,-21.2059374804,-20.8512473036,NA,1,2,1,1,2,1,0.75224583093732,0.90426638917794,0.0887951979666681
"P02724",-21.1736355727,NA,-21.0820590393,-21.3228427438,-20.8039308577,-21.5094144508,1,NA,1,1,1,1,0.785566129959747,0.915087956698241,0.0842153781000015
"P02766",NA,-20.0501702679,-20.2416831379,-20.8220590794,-20.4531891899,-21.7609958501,NA,3,4,2,3,3,0.0853056354226567,0.364985163204748,0.866154670233335
"P02786",-19.2864469629,-19.6027420562,-19.5378866272,-19.3554555786,-19.243970374,-19.0774144309,53,50,60,52,56,54,0.370903392754457,0.713871154962275,-0.250078420933335
"P02829",-23.1157019654,-23.3746154008,-23.379679287,-24.1685930451,-23.6440038419,-23.6769781124,5,8,5,4,4,83,0.111138154111558,0.412855377008653,0.539859448733335
"P02924",NA,NA,NA,NA,-23.1757559025,-23.2834578863,NA,NA,NA,1,3,1,NA,NA,NA
"P02925",-18.8167276189,-18.7186432236,-19.1689278935,-17.9847866034,-17.7029050081,-18.0315836253,22,20,18,46,46,45,0.0148171362852214,0.140909090909091,-0.995007833066666
"P02992",-22.6379455871,-21.3449627118,-21.0065959276,-22.1283621794,NA,-22.1776588403,5,5,5,2,NA,5,0.340037234042553,0.698570540708515,0.489842434349999
"P02994",-16.7409293717,-16.7222475883,-16.773386679,-17.2919043848,-17.278023429,-17.2244960148,132,141,140,103,104,112,0.0570040253018976,0.285451197053407,0.519286729866668
"P03841",NA,NA,NA,-22.7344598561,NA,NA,NA,NA,NA,1,1,2,NA,NA,NA
"P03872",-22.9707529642,-22.2701723534,-23.0350553158,NA,NA,-23.7851207245,2,2,2,1,NA,1,NA,NA,NA
"P03905",-23.1318787508,NA,NA,-23.3169918294,-24.0283818445,-23.2430771778,2,NA,NA,2,2,1,NA,NA,NA
"P03915",NA,NA,NA,NA,NA,-24.0130976818,NA,NA,NA,1,NA,1,NA,NA,NA
"P03965",-22.9988572632,-25.1404194562,-22.9856370861,-23.8852495497,-25.122242007,-24.4067718582,14,11,13,5,5,7,0.20625488786659,0.542056074766355,0.763116536466665
"P04040",-19.8562191778,-19.6524595479,-19.6964324805,-19.5319463628,-19.360043631,-19.8307214036,23,24,20,24,26,22,0.567066129959747,0.831407787762088,-0.160799936266667
"P04046",-20.6549949062,-20.3775327079,-20.9975322816,-21.3900523961,-21.3912033059,-22.2679347702,21,17,22,8,7,10,0.0313752156411731,0.198347107438017,1.00637685883333
"P04050",-22.5431356274,-22.8614017229,-22.4314701892,NA,NA,-26.0854526293,15,15,21,4,6,6,NA,NA,NA
"P04075",-17.8431632879,-17.971140423,-17.8160839369,-17.8510980958,-17.9386770082,-17.8988084613,118,125,143,131,144,151,0.915869608970673,0.960060514372163,0.019398639166667
"P04076",-24.1543476177,-22.3650662069,-21.7367840634,NA,-24.7920795467,-23.9240778105,5,8,7,1,2,4,0.043615152386429,0.253897550111359,1.60601271593333
"P04079",NA,NA,NA,-21.8685887309,-23.726588848,-22.6693921017,NA,NA,NA,5,2,4,NA,NA,NA
"P04080",-17.9020422843,-17.8351718346,-18.2640321289,-18.6641416347,-17.7963644551,-17.9068485555,13,12,13,9,14,16,0.71138614146061,0.882882882882883,0.122036132500003
"P04083",-18.1417230668,-17.8210961726,-18.0059617559,-17.9546106815,-17.9646961771,-17.8998493306,40,41,44,45,45,47,0.829500143760782,0.9322528363047,-0.0498749353666668
"P04147",-19.0992819572,-19.4776862355,-19.8474510784,-20.4687999753,-20.4418203635,-20.5168708669,38,32,32,27,26,27,0.0183096607245543,0.14828897338403,1.0010239782
"P04161",-20.8070276066,NA,-21.5831525759,NA,NA,NA,3,3,2,1,1,1,NA,NA,NA
"P04179",NA,NA,-22.4787859826,-22.454805456,NA,NA,1,1,1,1,1,NA,NA,NA,NA
"P04181",-19.8439610888,-19.8295074405,-19.3755157184,-19.1773870232,-19.021378756,-19.3549997808,23,26,25,27,29,26,0.131600488786659,0.450719822812846,-0.498406229233332
"P04183",-20.1867373243,-19.2563223948,-18.7002399184,-20.3952252551,-18.7365525138,-19.0368779408,12,15,18,15,17,18,0.965527602070155,0.971279373368146,0.00845202406666345
"P04350",-22.1687783682,-21.8372429036,-22.7692077298,-22.6358457052,-22.6415864731,-22.7239518488,226,219,245,253,238,253,0.24813614146061,0.596834966088922,0.408718341833332
"P04406",-16.0727388969,-16.1030188185,-15.9537652318,-15.8157003663,-15.8317052833,-15.773799466,131,167,148,173,177,194,0.338435595169638,0.694894146948941,-0.236105943866665
"P04424",-23.9793005315,NA,-21.813453813,-22.5343681222,-22.472839407,-23.8810728577,4,3,6,5,7,5,0.899172656699252,0.952337305224565,0.0663829567166694
"P04425",NA,NA,NA,-23.5700446868,NA,-23.377878828,NA,NA,NA,2,2,2,NA,NA,NA
"P04449",NA,-21.9415158026,NA,-22.0962972886,-21.9269984101,NA,1,6,1,7,7,1,NA,NA,NA
"P04456",-18.7738260789,-19.3243000468,-19.2057853584,-21.3233122238,-20.7724870947,-20.3586437082,13,10,10,6,8,7,0.00419594594594595,0.0606060606060606,1.71684384753333
"P04632",-20.1995730311,-20.575185336,-19.4426818611,-20.1022335592,-19.4673230498,-19.3659111114,7,7,14,13,15,16,0.29822627947096,0.661051212938005,-0.427324169266669
"P04650",-19.471119632,-19.1533886904,-19.9123052157,-19.4418949178,-19.4989429957,NA,3,4,4,4,4,2,0.881511644623347,0.942539388322521,-0.0418522226166687
"P04792",-18.1905791716,-18.2318334081,-18.4034832905,-17.8888493485,-18.4521917891,-18.0345299169,20,19,19,22,20,23,0.607018688901668,0.852124183006536,-0.150108271900002
"P04801",-20.7086248614,-20.9971480225,-20.7363687978,-21.5307399746,-20.8329591296,-21.3202554307,27,26,25,17,18,21,0.218630391029327,0.549593495934959,0.413937617733332
"P04802",-20.3254801449,-20.5020764811,-19.982367939,-20.4237077692,-19.9170825785,-20.8809500591,26,25,27,19,24,19,0.686265957446809,0.87630014858841,0.137271947266665
"P04805",NA,NA,NA,-22.6574538339,-21.6402188923,-22.0583675462,NA,NA,NA,6,6,7,NA,NA,NA
"P04806",-17.5874957968,-17.6445248703,-17.5934877023,-18.1528828606,-18.2439318083,-18.0945737545,82,87,93,54,60,69,0.0527517251293847,0.273422562141491,0.555293351333333
"P04807",-17.9150643729,-18.1162291632,-18.0665060528,-18.4926177947,-18.571086408,-18.7148833941,66,61,79,48,51,61,0.0632238355376653,0.307692307692308,0.560262669299998
"P04818",-20.1046420604,-19.5243712189,-19.5678273754,-19.1017476385,-18.9355091828,-19.693128865,18,15,19,18,18,21,0.189842294422082,0.519607843137255,-0.4888183228
"P04825",NA,NA,NA,-22.2600458933,-21.553682724,-22.0085756385,1,NA,NA,11,10,11,NA,NA,NA
"P04840",-18.6008399572,-18.7522248414,-18.7534457369,-19.2138323272,-19.1813840725,-19.2398753507,23,23,23,16,18,17,0.0694186313973548,0.327841845140033,0.509527071633332
"P04843",-24.0413680588,-22.8702140466,-23.4010798935,-22.2266761619,-22.3884679768,-22.9116457611,6,8,8,9,9,9,0.0498181426106958,0.26219512195122,-0.928624033033334
"P04844",-23.1679254804,-24.0188690087,-22.8976340954,-22.720289369,NA,-23.9051170117,2,3,3,5,1,2,0.900527027027027,0.952468007312614,-0.0487730044833334
"P04899",NA,NA,-23.4386080549,-23.2509416178,NA,-22.2735917163,3,2,5,3,4,10,NA,NA,NA
"P04908",-18.3309561031,-18.2940213895,-17.5418839329,-18.4277964496,-17.8319099936,-17.3773130696,34,32,40,37,42,47,0.64170600920069,0.864241001564945,-0.1766139709
"P04911",-19.2674931803,-19.6745009211,-19.2774558169,-19.7230944325,-19.408304294,-19.9745265079,4,3,5,3,4,2,0.35463686026452,0.705740181268882,0.295491772033333
"P04921",-21.1275268196,-20.8698725857,-20.2428189816,-20.6087769083,-21.0591128519,-20.19661585,1,1,2,1,1,2,0.722504025301898,0.889882016446192,-0.125237592233333
"P05023",-22.8207973384,-22.228246274,-21.6257069186,-22.3950662044,-21.9194320058,-21.702272857,30,29,31,26,28,27,0.572042553191489,0.836456558773424,-0.219326487933333
"P05030",-21.0238868771,-20.7102339263,-21.1119215956,-21.4399689092,-21.7064615024,-21.6988593184,64,66,69,44,45,42,0.0511381541115584,0.268924302788845,0.666415777000001
"P05042",NA,NA,-23.8275993729,-23.8373178746,-23.2582329392,-23.7734212627,NA,1,1,2,5,3,NA,NA,NA
"P05055",NA,NA,NA,-21.2410677165,-23.1261410644,-21.5235664263,1,NA,NA,12,11,16,NA,NA,NA
"P05091",-21.8831266641,-21.5345899493,-21.3160018268,-21.5507889046,-21.7410376773,-22.5129248841,7,15,13,11,13,10,0.343020845313398,0.700183936235438,0.357011008600001
"P05114",NA,-21.7121084264,NA,NA,NA,-20.8726048452,5,6,3,4,3,5,NA,NA,NA
"P05141",-20.6122971557,-19.8921666803,-20.4778005533,-20.126830742,-20.4047880897,-20.3965612898,20,25,26,26,24,27,0.935355089131685,0.962863933452169,-0.0180280892666644
"P05161",-20.6050457835,-21.7709522899,-22.0818346671,-20.9986876136,-20.8867715404,-21.891042661,2,2,3,3,2,5,0.612774726854514,0.856447688564477,-0.227110308499999
"P05198",-19.42473435,-18.7910621806,-19.0641911671,-18.2519568591,-18.665864901,-18.7415999013,28,28,29,34,29,32,0.131487349051179,0.450719822812846,-0.540188678766668
"P05317",-19.0611526643,-19.4040062864,-19.4855402161,-19.8269653497,-20.0836086426,-20.176781246,28,36,27,21,17,20,0.0449238067855089,0.257019438444924,0.712218690500002
"P05318",-19.6147004348,-19.7406861141,-19.4053008923,-19.450071579,-19.419974127,-20.2623779061,3,3,2,3,3,2,0.703445083381254,0.878457059679767,0.123912056966663
"P05319",-18.4317087051,-18.4302388439,-18.8267737039,-18.7692727306,-18.8479839624,-18.7783859581,7,7,7,6,6,5,0.40312636572743,0.747797356828194,0.235640466066666
"P05362",-22.9223435618,-23.2580881704,NA,NA,NA,NA,4,3,3,3,3,3,NA,NA,NA
"P05373",-21.656258022,-22.4091517555,-22.173240906,-21.8068302307,NA,-22.6335944421,3,5,4,3,NA,3,0.709947958596895,0.882140274765004,0.140662108566669
"P05374",-25.2718773235,NA,-24.5889911349,NA,NA,NA,4,6,6,NA,2,NA,NA,NA,NA
"P05386",-20.5823273412,-19.5410577237,-19.951319563,-19.7690734015,-19.058621618,-19.0474830284,3,4,4,3,5,9,0.0946344163312248,0.39047619047619,-0.733175526666667
"P05387",-16.9705818878,-16.8914961576,-17.1843823724,-17.0921623266,-16.9120775147,-17.3701222544,25,25,26,20,25,35,0.689499568717654,0.878039793662491,0.109300559299999
"P05388",-18.9351153506,-18.964339637,-18.7437804706,-18.3970919108,-18.354474192,-18.7578656803,36,40,37,45,41,45,0.206962334675101,0.544472152950956,-0.377934558366665
"P05423",-23.8007401183,-24.0150536599,-22.5293688787,-23.5650132055,-21.492505325,-21.98840397,2,3,3,4,5,4,0.0848940483036228,0.364041604754829,-1.0997467188
"P05453",-22.1322048908,-21.662019314,-21.7963404501,-22.7837869205,-22.518070794,-22.6139157002,7,14,12,6,5,5,0.0327734330074756,0.203252032520325,0.775069586600001
"P05455",-18.3861469741,-18.4936476569,-18.5462860856,-18.2853305637,-18.417237724,-18.2704123952,62,65,63,66,67,67,0.539062392179413,0.819438252340615,-0.151033344566667
"P05459",NA,NA,NA,NA,NA,-24.3763421711,NA,NA,NA,1,1,1,NA,NA,NA
"P05694",-20.0999424323,-20.4346721431,-20.3659313065,-21.2291906296,-20.8225644697,-21.3073311993,27,26,26,19,24,20,0.0302909718228867,0.198347107438017,0.819513472233336
"P05737",NA,NA,-18.5983413144,NA,NA,NA,27,31,31,22,22,19,NA,NA,NA
"P05738",-20.4304692763,-20.6391232646,-20.2324232217,-21.3246706602,-21.2200976117,-20.8196120063,16,2,25,1,1,2,0.0566105520414031,0.285451197053407,0.687454838533334
"P05739",-19.9618654189,-19.2782395195,-19.15363333,-20.8078359404,-21.8087921878,-20.2018595768,11,9,11,11,5,6,0.0167801897642323,0.144,1.47491647886667
"P05740",-19.8136731326,-20.2255844464,-21.1839817019,-22.4403695598,-20.4482147142,-21.1387425521,15,14,2,7,12,3,0.114831081081081,0.420798065296252,0.934695848399997
"P05743",NA,-21.8845633245,-22.1661509232,-22.1121843804,-21.8965079358,-22.3599956922,18,17,19,12,12,11,0.734308366877516,0.899929027679205,0.0975388789499974
"P05744",-19.9482245738,-20.2641527883,-20.2716121229,-20.0569471795,-20.0674393281,-20.2223125342,2,3,2,9,6,10,0.846011500862565,0.940127388535032,-0.0457634810666647
"P05745",NA,NA,-21.9317534124,NA,NA,NA,21,21,18,14,14,17,NA,NA,NA
"P05748",-21.4727962822,-22.3478773688,-22.4810188078,-22.9203467874,-21.634596664,-22.6337585819,17,13,15,12,14,12,0.497694795859689,0.797450424929179,0.295669858166665
"P05749",-18.1499989953,-18.5363302342,-18.9089234249,-19.0180923298,-19.3209776312,-18.7574523081,13,12,11,9,8,9,0.169937464059804,0.498570066730219,0.500423204899999
"P05750",-18.7089073658,-18.4651626646,-18.7073105677,-18.9344083068,-19.2109091912,-19.8146201414,36,32,31,32,30,21,0.0751451983898792,0.338072669826224,0.692852347100001
"P05755",NA,-22.0623757707,-22.7299492916,NA,NA,-22.4441363583,2,14,16,1,2,9,NA,NA,NA
"P05756",-19.0553708893,-18.8561082594,-19.3283443607,-19.7945145424,-19.4077190741,-19.5798649833,21,9,20,18,17,20,0.120128809660725,0.43211334120425,0.514091696799998
"P05759",-19.9616923279,-20.09561895,-20.7888893338,-20.2367254671,-20.3644492683,-20.4535078028,32,32,32,29,35,31,0.81699511213341,0.927445830597505,0.0694939755000021
"P05771",-21.840904084,-22.1222446857,-22.6210505098,-22.3076296986,-21.6410917594,-21.8740510601,16,15,17,16,17,22,0.469507044278321,0.777886977886978,-0.253808920466668
"P05937",-20.4308407548,NA,-22.4198410413,-21.6423021143,-21.7074250535,-21.0191911666,8,6,7,6,6,5,0.936288959171938,0.962919015129042,0.0309652134166676
"P06101",-22.4018427761,-22.6813613403,-22.9325182914,-22.7714616008,-23.8563554583,-22.861766658,6,5,6,5,2,5,0.226853651523864,0.564143426294821,0.491287103099999
"P06103",-20.966919464,-22.1227776092,-21.7096516095,-21.9761849829,-23.2060901241,-22.1190661889,15,12,11,11,7,10,0.0968248993674526,0.390896921017403,0.833997537733335
"P06105",-21.1321140548,-20.6592230126,-21.2154507179,-22.326961374,-22.3525881872,-22.006326878,35,39,42,19,22,31,0.00840756181713628,0.12258064516129,1.22636288463333
"P06115",-22.3261969945,-22.2369399589,-22.9668113422,NA,NA,-24.3546690557,4,7,4,1,1,2,NA,NA,NA
"P06132",-20.6087694446,-20.542148931,-20.6742589278,-20.7930538122,-20.5247485304,-20.0667836823,12,11,13,19,20,15,0.628259200690052,0.863582908663269,-0.1468637595
"P06168",-18.6575785867,-18.9737475353,-18.7491710186,-19.3038921318,-19.2694717975,-19.2957233583,31,28,33,21,25,29,0.092644623346751,0.383966244725738,0.496196715666667
"P06169",-16.8293163446,-16.8744401667,-16.6990819717,-17.4609975018,-17.3580262053,-17.1328893404,182,172,226,127,132,166,0.0890664174813111,0.371757925072046,0.516358188166667
"P06174",NA,NA,-23.6488733216,NA,NA,NA,NA,NA,1,NA,NA,NA,NA,NA,NA
"P06208",-22.2047864479,-24.0613564183,NA,-24.0447816695,-23.8399960666,-24.250760751,11,9,11,9,6,5,0.122249424956872,0.435957696827262,0.912108062600002
"P06367",-18.4618640271,-18.9166881144,-18.7330259116,-19.9716557944,-19.0328883315,-19.0779964998,10,9,10,5,6,9,0.108361270845313,0.411543287327478,0.656987524200002
"P06400",NA,NA,NA,-24.6610928129,NA,NA,NA,1,3,2,4,3,NA,NA,NA
"P06454",-18.417337793,-18.3301794223,-18.7448366782,-18.2513815301,-18.2706530813,-18.9045474577,13,11,13,15,14,13,0.926904255319149,0.962089552238806,-0.0219239414666639
"P06493",-18.6929941811,-19.3296946063,-18.6201857439,-18.5366069705,-19.1907986874,-18.8073550217,28,24,28,28,28,27,0.896962478435883,0.950428396572827,-0.0360379505666657
"P06576",-17.9672228059,-18.0668453849,-17.9712292135,-17.8365310594,-17.733646233,-17.8652677726,72,71,90,87,84,89,0.435149942495687,0.761609907120743,-0.189950779766665
"P06610",NA,NA,NA,-21.9097049662,-21.729051548,-22.1137612555,NA,NA,NA,1,1,2,NA,NA,NA
"P06634",-20.5864373621,-20.3772510997,-20.2393526311,-20.8706306865,-21.2242449512,-20.4720379734,32,22,22,26,29,30,0.189437464059804,0.519607843137255,0.454624172733332
"P06704",-21.9111039447,-21.9697296902,-21.2173543364,NA,NA,NA,2,2,2,NA,NA,NA,NA,NA,NA
"P06720",NA,NA,NA,NA,-23.985793901,-24.3416208573,NA,NA,NA,2,3,2,NA,NA,NA
"P06730",-20.2895107684,-19.8039274203,-20.2667591457,-19.5530060553,-19.451176498,-19.6986437842,9,9,9,9,10,8,0.0975937320299022,0.390896921017403,-0.552456998966669
"P06733",-16.0990038488,-16.2782965264,-16.2148096109,-15.9601812745,-15.9674903824,-15.9846792808,261,246,270,287,272,314,0.360755750431282,0.711309523809524,-0.226586349466668
"P06738",-20.3728136547,-19.9869002404,-20.3621979469,-20.9051007025,-20.899130779,-21.3950059696,30,32,40,22,23,20,0.0334675100632547,0.205194805194805,0.825775203033331
"P06744",-19.2049705913,-19.0205675394,-19.3138543051,-18.8411079267,-18.9793925236,-18.8432081592,50,60,55,58,52,65,0.282278752156412,0.643806857942617,-0.291894608766668
"P06746",-23.354554485,NA,NA,NA,NA,NA,2,NA,2,2,1,4,NA,NA,NA
"P06748",-16.7642279552,-16.999651264,-16.8697751972,-16.9311418764,-16.8782101266,-16.6935497104,77,73,80,70,77,83,0.848479298447384,0.940127388535032,-0.0435842343333341
"P06753",-22.5156737927,-21.6079069601,-21.8645572207,-21.5306893804,-21.6637127931,-21.8592437173,9,13,13,12,15,15,0.374846032202415,0.720970537261698,-0.311497360900002
"P06780",-20.3905667539,-20.3672195014,-20.509206759,-23.137504568,-21.5270034935,NA,6,6,6,3,5,3,0.00861443358251869,0.12258064516129,1.90992302598333
"P06782",-23.1631615406,-23.0824569233,NA,NA,NA,NA,3,3,4,NA,1,1,NA,NA,NA
"P06785",-21.7244598594,-22.007909209,NA,NA,NA,NA,6,4,4,NA,NA,2,NA,NA,NA
"P06787",-19.339374633,-19.6803611653,-20.4969461077,-19.2832847828,-20.6195935182,-19.8969746901,7,11,7,7,6,7,0.813724123059229,0.925791556728232,0.0943903616999968
"P06865",-23.2748100414,-22.9265071291,-23.9512220461,-23.5809658023,-22.8736343287,-22.3260156314,4,3,1,3,3,4,0.299643617021277,0.664199192462988,-0.457307818066667
"P06959",NA,NA,NA,-22.3246944424,-21.2847756422,-21.4375915836,1,NA,1,8,10,11,NA,NA,NA
"P07003",NA,NA,NA,-23.2905841309,NA,-24.3113080853,NA,NA,NA,2,NA,1,NA,NA,NA
"P07012",NA,NA,NA,-23.3897106013,-22.8612692473,-23.4149297482,NA,NA,NA,3,1,1,NA,NA,NA
"P07014",NA,NA,NA,-22.6825550222,-22.4913169446,-21.3718532797,NA,NA,1,2,1,2,NA,NA,NA
"P07108",-19.1591201315,-20.8239905301,-19.2591679448,-19.3269054621,-20.4939062215,-18.890480732,4,3,5,4,4,5,0.722967653824037,0.889921372408863,-0.176995396933332
"P07118",NA,NA,NA,NA,-24.685702197,-23.9613176626,NA,NA,NA,NA,4,7,NA,NA,NA
"P07143",-23.4714491412,NA,NA,NA,NA,NA,2,1,1,NA,NA,NA,NA,NA,NA
"P07149",-20.6308095483,-20.6529361294,-20.5037789912,-21.3540439506,-21.7945763102,-21.5462605206,61,64,70,38,38,42,0.0135979010925819,0.132701421800948,0.969118704166664
"P07170",-19.4743188055,-19.6343202471,-19.3488798981,-19.4302869116,-20.1323175854,-20.0584491788,26,28,17,15,11,11,0.249853651523864,0.600451467268623,0.387844908366667
"P07172",-20.9976942684,-20.6031365619,-21.4795293668,-22.4049258385,NA,NA,8,9,6,3,2,3,NA,NA,NA
"P07195",-20.1791809919,-20.8407538046,-20.5012808653,-20.714422686,-20.3339249763,-21.4195376358,48,51,55,55,57,52,0.414130391029327,0.750406063887385,0.315556545433335
"P07213",-21.472314177,-20.9328146787,-21.0387774301,-21.6463567302,-21.3518135211,-21.6635697874,14,14,18,10,12,10,0.207243674525589,0.544472152950956,0.405944584299998
"P07237",-19.1248712842,-19.3431751376,-19.3085212166,-19.2493596865,-19.1219134119,-19.4090076865,33,36,34,39,40,37,0.974663024726855,0.973517559009787,0.00123771550000029
"P07244",-19.4324126667,-19.5809852201,-19.6355500642,-20.5106921634,-20.380695588,-20.2276109449,38,32,35,27,22,25,0.0196375790684301,0.150537634408602,0.823350248433332
"P07245",-20.5734903928,-20.23790096,-20.3560514129,-20.9815295886,-20.5043122615,-21.4526042469,31,27,32,19,26,22,0.125454140310523,0.439585730724971,0.590334443766665
"P07246",-20.9793177472,-21.2225900019,-21.1016363104,NA,-21.4744648635,-21.121752609,11,9,14,4,8,9,0.493127372052904,0.795908658420552,0.196927383083334
"P07251",-20.1381298056,-20.4497714448,-20.589843535,-21.2779374238,-21.1430438752,-20.7862791584,25,26,28,13,26,27,0.0606019263944796,0.3014440433213,0.676505224
"P07256",-20.9922495489,-20.5937874432,-20.7055328457,-22.4390158366,-22.5715532459,-21.2014680471,13,10,12,6,5,8,0.019397067280046,0.148550724637681,1.3068224306
"P07257",-20.326805316,-20.9307046568,-20.49947213,-20.5616122961,-21.3704592738,-21.2423676073,15,14,13,11,8,12,0.207964634847614,0.544472152950956,0.472485691466666
"P07259",-20.5960020228,-21.061808302,-20.7535604105,-21.2153679305,-21.4109152496,-21.3731402852,71,76,70,53,51,48,0.0989022426682001,0.392572944297082,0.529350910000002
"P07260",-19.8150538667,-20.2421726455,-20.4129924214,-21.5049175716,-20.8437339747,-20.882428738,8,11,10,3,6,6,0.0321958021851639,0.2,0.920287116900003
"P07262",-19.8092953785,-19.8758207205,-20.775371875,-20.9029812247,-20.9683906487,-21.1769615094,17,25,16,13,8,10,0.0479184876365727,0.259713701431493,0.862615136266669
"P07263",-20.878076383,-20.9219889497,-20.7678026357,-21.1580536778,-21.183523848,-20.9549554808,9,11,14,13,9,9,0.355319005175388,0.706698853349427,0.242888346066664
"P07264",-23.7741838745,-23.2982043536,-23.395546431,-23.5827246969,NA,-24.8204480035,6,7,9,4,1,2,0.138460609545716,0.460612691466083,0.712274797166671
"P07267",-20.0004413728,-19.6441124341,-19.5879440249,-19.6424592215,-20.2724276827,-20.0607170163,14,16,17,15,10,12,0.43877027027027,0.761609907120743,0.247702029566668
"P07273",NA,-22.3551261404,-21.5539677186,NA,NA,NA,6,6,5,3,4,2,NA,NA,NA
"P07274",-19.6814266368,-18.9044714128,-19.2652417823,-21.028051568,-21.2441713017,-20.9428000679,5,6,6,5,4,2,0.00226135710178263,0.0454545454545455,1.78796103523333
"P07275",-23.4532289031,-22.809184412,-22.8752121692,NA,NA,NA,6,5,6,NA,NA,1,NA,NA,NA
"P07277",-23.5102641071,NA,-24.0749636665,NA,NA,NA,1,1,2,NA,NA,2,NA,NA,NA
"P07278",-21.1483701751,-21.8685899366,-21.573848355,-23.1161876395,-23.5424267854,-22.4291672435,11,12,8,9,5,3,0.00936342725704428,0.125628140703518,1.49899106723333
"P07280",-18.7642556556,-19.7634801378,-19.1032294514,-19.4886227856,-19.878584231,-19.4105939342,25,18,24,17,18,18,0.307680707303048,0.665565102445473,0.382278568666671
"P07283",-20.6282029161,-19.87865947,-21.3889910557,-22.9359963669,-21.6080513383,-20.594833167,12,13,15,7,8,13,0.0947833525014376,0.39047619047619,1.08100914346667
"P07284",-20.3639974625,-21.034789355,-19.5646178608,-20.5595769096,-20.3866051505,-20.1349175096,21,16,23,11,14,15,0.903270126509488,0.953105968331303,0.03923163046667
"P07311",-20.4420705286,-21.660540853,-20.7855958293,-21.4826099036,-21.2807303662,-19.8797190197,4,3,3,4,3,5,0.848214922369178,0.940127388535032,-0.0817159738000015
"P07339",-21.3846302962,-22.4661066462,-21.2095392873,-20.6436386587,NA,-21.8381288768,8,6,10,10,3,9,0.393744249568718,0.738496071829405,-0.445874975483335
"P07342",-22.0869638875,-22.20695235,-22.6233197415,-23.693052753,NA,-24.0812445848,9,10,7,5,2,3,0.00410480161012076,0.0606060606060606,1.58140334256667
"P07355",-19.4826157002,-20.0871917407,-19.9881641666,-19.5551912664,-19.5927474632,-19.9085291999,40,42,42,52,50,49,0.588589275445658,0.843423799582463,-0.167167892666669
"P07384",-20.4490561534,-20.3239570067,-20.7595791398,-19.9514411188,-20.4796425548,-21.1884029746,29,30,26,30,29,29,0.920247556066705,0.960878724044538,0.0289647827666641
"P07395",-24.4591995111,-24.4360057863,-24.3740651436,-22.0890717895,-21.7239283618,-21.1019844049,1,2,2,5,10,12,0.000297584818861415,0,-2.7847619616
"P07560",-20.533235252,-21.5011919072,-20.3774813502,-21.5488432507,NA,-22.0275717567,10,10,14,10,9,9,0.0556611558366878,0.283302063789869,0.984238000566666
"P07602",-22.3523867472,-21.6478073673,-22.4800157556,-22.0532956755,-21.8997412773,-22.7137531191,12,8,8,12,11,12,0.849001581368603,0.940127388535032,0.0621934006000018
"P07686",-24.0906888869,-22.5982621856,-22.740562451,-23.9192560504,-23.567490156,NA,7,4,7,8,9,4,0.245182144910868,0.595599393019727,0.600201928699999
"P07702",-23.4643940041,-23.0672609587,NA,NA,NA,NA,6,9,8,NA,3,1,NA,NA,NA
"P07703",-22.6993329462,NA,-22.296140324,-23.1843976848,NA,-23.2389347044,4,3,5,2,1,2,0.0528121046578493,0.273422562141491,0.713929559500002
"P07737",-17.3760939648,-17.4273106019,-17.2982547878,-17.0125896558,-17.1461524835,-17.5745540664,61,59,64,74,67,66,0.663635422656699,0.86885865457294,-0.122787716266668
"P07741",-19.891956469,-19.7940267688,-20.6624562556,-19.9428387199,-20.3185804366,-20.1591649772,11,8,10,9,10,10,0.92507892466935,0.961319340329835,0.0240482134333355
"P07806",-20.5488467495,-20.4218806416,-20.4838270072,-21.8567220729,-22.3252158438,-21.8107606552,31,36,35,23,18,22,0.0029767107533065,0.0454545454545455,1.51271472453333
"P07813",NA,NA,NA,-23.1562133097,-22.8848537143,-23.3241146283,NA,1,NA,6,5,4,NA,NA,NA
"P07814",-19.7244180188,-19.8556509314,-19.6955172095,-19.598757601,-19.3443312506,-19.5538894931,86,84,87,90,91,95,0.330845457159287,0.689308176100629,-0.259535938333332
"P07858",-21.058355697,-22.5660898072,NA,-21.0767869715,-21.3162865717,-22.2970328265,5,3,NA,6,3,4,0.635612564692352,0.863582908663269,-0.248853962199998
"P07900",-17.6379409398,-17.5839253953,-17.6332237453,-17.4153232401,-17.5462992977,-17.6007359644,228,218,238,235,240,296,0.674703996549741,0.870086110071134,-0.0975771927333327
"P07910",-18.6028594131,-18.6628599347,-18.6165325501,-18.3691323405,-18.3981711274,-18.7155068401,46,46,51,55,57,50,0.610941920644048,0.856156034132466,-0.133147196633331
"P07919",-18.3977033418,-18.546258952,-18.4612076166,-18.3187793313,-18.2762451173,-18.6122139439,8,8,8,9,7,6,0.787689907993099,0.915459750757831,-0.0659771726333354
"P07947",NA,NA,NA,NA,NA,-23.6336173364,NA,NA,NA,6,3,8,NA,NA,NA
"P07948",NA,-24.1095084633,NA,NA,NA,-24.247047996,3,3,5,4,NA,5,NA,NA,NA
"P07954",-19.2079120474,-19.0165239002,-18.935101471,-18.7281022494,-18.6532257853,-18.8394738192,32,39,39,42,41,48,0.251394335825187,0.60119940029985,-0.312911854900001
"P07991",-22.1364411287,-21.5288542203,-21.963473799,NA,-23.0335716882,-22.5157868028,4,8,11,2,4,5,0.0383951983898792,0.229665071770335,0.898422862833332
"P08018",NA,NA,-24.7118417905,NA,NA,NA,NA,NA,2,NA,NA,NA,NA,NA,NA
"P08047",-23.478417958,-23.5715162062,NA,-23.7530185565,NA,-23.894846716,2,2,1,2,NA,2,0.262495255894192,0.617067833698031,0.298965554150001
"P08133",NA,NA,-25.1605767634,-24.4607023777,NA,NA,NA,NA,2,2,2,1,NA,NA,NA
"P08134",-22.1000719158,-22.3336979369,-22.3382170387,-22.2623200438,-22.1038043761,-22.3318789185,9,10,10,7,8,10,0.904712622196665,0.954061454213569,-0.0246611843333326
"P08195",-22.142053889,-20.6040657857,-20.4739740845,-20.6571618849,-20.5629435924,-20.645446852,11,18,17,14,16,15,0.333357820586544,0.689893283113622,-0.451513809966666
"P08200",-21.9578175367,-21.9818503172,-22.542709308,-21.0601296291,-21.0147353075,-20.2777664267,5,8,5,23,21,21,0.00957015526164462,0.125628140703518,-1.37658193286666
"P08237",-22.5129375723,-23.5289987494,-22.0494328535,-23.7701049489,-22.9538234801,-23.0347683053,6,4,8,3,3,5,0.23127372052904,0.567843137254902,0.555775853033332
"P08238",-17.1910094439,-17.2512056045,-17.2825207515,-17.1397440378,-17.0902261195,-17.0552735336,267,264,282,284,278,346,0.529671937895342,0.81781557743957,-0.146497369666669
"P08240",-23.2009705031,-24.47195461,-22.7435104988,-24.389668898,-23.1749379744,-24.3436342251,5,2,4,4,4,2,0.337028464634848,0.692451653150343,0.4972684952
"P08243",-19.0700171351,-19.2019577635,-18.998338156,-19.2072645343,-18.9219514175,-18.9924772848,41,45,51,43,50,48,0.832533640023002,0.933980582524272,-0.0495399393333358
"P08312",NA,NA,NA,-22.1437132092,-22.8269045483,-21.850253695,NA,NA,1,5,4,6,NA,NA,NA
"P08397",-19.786650304,-19.9428812086,-20.0295263179,-19.4297573568,-19.5766862731,-19.7374620388,17,18,18,20,20,24,0.231153105232892,0.567610062893082,-0.338384053933332
"P08417",-23.4931113969,-21.6871394207,-21.5909908201,-23.6193885625,-23.7711137382,-23.4113823497,7,4,6,3,3,1,0.0314844738355377,0.198347107438017,1.3435476709
"P08518",-22.9173003842,-23.8916110102,-24.1561420437,NA,NA,NA,6,5,4,2,2,1,NA,NA,NA
"P08524",-20.168441709,-20.3571610123,-20.9211112446,-21.1538538703,-20.453451241,-21.2315706584,11,14,11,11,12,9,0.228407993099482,0.566587864460205,0.464053934599999
"P08559",-22.1831520481,-20.7798126611,-20.7426964892,-21.6223709438,-21.7194736889,-20.5563016932,6,12,14,9,12,13,0.873753881541116,0.940738442444927,0.0641617091666653
"P08566",-21.4076519548,-22.1572112242,-21.4883044185,-24.0551805801,-23.042903781,-23.1303008766,25,23,28,12,11,13,0.00565281771132835,0.0701754385964912,1.72507254673333
"P08574",-19.9939122014,-19.7497808457,-19.630655921,-20.2437830984,-19.219683607,-20.3195425943,10,9,14,7,13,10,0.703269407705578,0.878457059679767,0.136220110533333
"P08575",-22.4102042521,-22.9293723203,-22.2093852871,-22.0250393671,-22.0634219495,-22.5963346627,14,15,16,12,16,15,0.40723461759632,0.748087431693989,-0.288055293399999
"P08579",NA,-21.1490038263,-22.0775571095,-21.9839048356,-21.5039400867,-20.6651095726,2,3,3,2,4,3,0.625663743530765,0.863363963244107,-0.228962302933333
"P08621",-20.3848642289,-20.3620227986,-19.8868057205,-20.4561375897,-20.0222859074,-20.271409406,17,15,19,15,25,20,0.879156555491662,0.942539388322521,0.0387133850333328
"P08648",NA,NA,NA,-24.0155939808,NA,NA,2,2,1,2,6,4,NA,NA,NA
"P08651",NA,NA,NA,NA,-23.410297167,NA,NA,NA,NA,1,2,NA,NA,NA,NA
"P08670",-19.2941833741,-18.9893951579,-18.9092644374,-18.7715117377,-19.180580009,-18.8839217231,45,55,57,62,62,65,0.670020557791834,0.869335347432024,-0.118943166533334
"P08679",-22.1629887983,-22.6966909526,-23.2068292446,NA,NA,NA,5,3,4,1,1,NA,NA,NA,NA
"P08708",-18.8827619727,-18.239722178,-17.8688927458,-17.9006426918,-17.8944204321,-17.5018802346,17,18,27,21,24,24,0.150497843588269,0.473684210526316,-0.564811179333333
"P08754",-23.0150755335,-23.1813380919,-22.0326587296,-22.8278771002,-22.5707441262,-21.9863779635,6,4,5,5,7,10,0.490638010350776,0.793878527020564,-0.281357721700001
"P08758",-20.5038568461,-20.3609409302,-20.9127244563,-20.4931703514,-20.6266479667,-20.7684634377,8,12,13,10,12,10,0.880556641748131,0.942539388322521,0.0369198410666662
"P08839",NA,NA,NA,-22.5434524069,-22.4833070422,-22.2397997293,NA,NA,2,7,5,5,NA,NA,NA
"P08865",-18.2511022317,-18.5428940373,-18.3332495514,-18.3066917174,-18.2088166701,-18.3563749385,25,24,26,32,28,30,0.727356670500288,0.893404634581105,-0.0851208314666678
"P08962",-22.7613789737,NA,-23.0425311213,NA,-22.756135441,NA,1,0,1,0,1,1,NA,NA,NA
"P08997",NA,NA,NA,-21.7112166953,-23.5979203916,-22.9246724854,NA,NA,NA,4,6,2,NA,NA,NA
"P09001",NA,NA,NA,-22.303104291,-23.3490575239,-23.4588078625,2,NA,3,4,3,3,NA,NA,NA
"P09012",-19.4739364849,-20.0440649137,-19.4499981404,-19.2937665249,-19.5814679608,-19.6155658748,12,10,17,13,12,13,0.606069723979298,0.852124183006536,-0.159066392833331
"P09064",-20.743423054,-21.016270234,-21.0336304893,NA,-21.0230159591,NA,7,11,10,6,8,5,NA,NA,NA
"P09104",-22.1043806453,-22.7564988165,-21.6372595594,-22.5035760938,-21.190219764,-22.3503457211,41,28,38,49,35,36,0.718878953421507,0.888968481375358,-0.151332480766669
"P09105",-20.9225113913,-21.6416845692,-21.0784556397,-20.3895200987,-21.5085380369,-21.9750995028,2,2,2,4,2,3,0.843003018976423,0.940127388535032,0.076835346066666
"P09110",-21.0826843547,-21.5940422711,-21.8299352563,-21.5255861975,-21.9374556453,-21.292416634,3,5,6,3,3,7,0.792230592294422,0.916246215943491,0.0829321982333298
"P09132",NA,NA,NA,-21.7786301889,NA,NA,NA,4,NA,2,1,1,NA,NA,NA
"P09211",-16.8546063563,-16.8762786989,-16.8371930434,-16.6429466713,-16.6670650888,-16.7687916467,52,62,66,62,55,64,0.488576193214491,0.792326139088729,-0.163091563933332
"P09232",-22.308391482,-22.2335069235,-21.9854740841,-22.4184014088,NA,NA,7,7,9,4,3,5,NA,NA,NA
"P09234",-19.3972664395,-19.4933653125,-18.9590381873,-19.527045264,-19.3319001431,-19.5068564329,6,8,9,6,7,8,0.556403680276021,0.826730518067044,0.172043966900002
"P09372",NA,NA,-22.5038864261,-22.1966846169,-22.0684924419,-22.4677432487,1,NA,1,3,2,2,NA,NA,NA
"P09373",-23.6286489733,-24.2941389688,-23.9514365029,-20.9263864585,-20.2604876696,-21.2001431083,6,6,3,18,19,16,0.000149511213341001,0,-3.16240240286666
"P09382",-18.0351318924,-18.0143091315,-18.3050124197,-18.6925571093,-18.490160006,-17.8976392775,18,16,13,12,16,18,0.46667179413456,0.777886977886978,0.241967649733336
"P09394",NA,-22.8448600755,-23.1004237993,-20.1022234346,-20.0654819867,-20.2842174715,2,4,5,15,15,15,5.92294422081656e-05,0,-2.82200097313333
"P09417",-21.3479033707,-20.0700778899,-20.6155655156,-21.4566951734,-20.2180396086,-20.5406714942,3,6,5,4,6,5,0.871859689476711,0.940738442444927,0.0606198333333339
"P09429",-19.2123296834,-19.7650357777,-19.2201178838,-19.6047017918,-19.1736805284,-19.4864639955,33,31,32,34,42,34,0.923330937320299,0.960949234004206,0.0224543235999981
"P09436",-19.8620882229,-19.9935677721,-20.3236637119,-20.8842983609,-20.8862919784,-21.2490853352,57,54,51,31,29,25,0.018767251293847,0.148550724637681,0.946785322533334
"P09440",-24.8175534272,NA,-25.1626554698,NA,NA,NA,3,2,4,0,0,1,NA,NA,NA
"P09457",NA,-22.818813004,-22.944009638,-22.8910055553,NA,-22.9962103846,4,3,3,3,1,1,0.788719091431857,0.915459750757831,0.0621966489499997
"P09493",NA,NA,NA,NA,-23.0333200677,NA,6,9,8,8,11,9,NA,NA,NA
"P09496",-22.0877138227,-22.8950027584,-22.1733154848,-23.2087465592,NA,NA,3,5,3,3,3,6,NA,NA,NA
"P09497",NA,NA,-23.1529406628,-21.9986943937,-22.7014343076,NA,3,5,2,6,5,1,NA,NA,NA
"P09525",NA,NA,NA,-23.2440575917,NA,NA,NA,1,NA,2,1,1,NA,NA,NA
"P09543",-23.4074824046,-23.3402886253,-22.3460337739,-24.2944138288,-23.7291882109,-23.3929186838,6,5,5,6,5,5,0.0940346463484761,0.387726638772664,0.774238639899998
"P09551",NA,NA,NA,-20.0403214276,-20.683471578,-20.7095907369,NA,1,2,9,7,6,NA,NA,NA
"P09622",-19.8994119818,-19.7345691518,-19.8787662012,-19.9931815365,-19.3791751264,-19.6673119564,21,15,19,21,29,23,0.592144910868315,0.845,-0.157692905166666
"P09624",-21.4152724141,-20.5791997475,-21.4644143043,-22.3658184651,-22.257601711,-22.5548544091,14,14,10,7,6,7,0.0128353939045428,0.125628140703518,1.23979603976667
"P09651",-21.0074398917,-20.3144910578,-20.6604858413,-20.9341836847,-21.605962126,-20.5746915634,114,115,121,116,122,132,0.33107748706153,0.689308176100629,0.377473527766668
"P09661",-19.4010724368,-19.225913272,-20.0212270115,-20.0194962477,-19.2833786353,-19.7189595183,15,18,15,13,15,16,0.712390023001725,0.882882882882883,0.124540560333333
"P09668",NA,NA,NA,-22.5587151407,NA,-24.5733272013,2,NA,1,3,NA,3,NA,NA,NA
"P09669",NA,NA,-22.0035819938,NA,NA,NA,2,2,1,2,2,1,NA,NA,NA
"P09733",-21.3433689139,-22.0027446607,-21.0080621683,-23.515568578,-23.1266603375,-22.418856988,12,14,16,9,6,12,0.00962492811960897,0.125628140703518,1.56897005353333
"P09734",-21.6550552214,-23.2850133141,-21.7348527156,NA,-22.240476611,-23.0259991636,5,7,5,2,4,2,0.455668343875791,0.769230769230769,0.408264136933333
"P09831",NA,NA,NA,NA,NA,-25.8684307839,NA,NA,NA,NA,1,3,NA,NA,NA
"P09874",-20.3261927259,-20.2926308262,-20.0191618541,-19.9315365298,-19.7959264401,-19.6221056021,48,52,56,57,63,63,0.153325618171363,0.473684210526316,-0.429472278066665
"P09884",NA,-25.642708574,-24.1765480936,-24.0111968835,NA,-24.459675463,5,3,4,7,6,8,0.245126940770558,0.595599393019727,-0.67419216055
"P09938",-20.1143376642,-20.8085279389,-20.280751663,-21.3309127378,-21.1851754992,-20.7288351021,24,20,23,14,14,13,0.0805590856814261,0.356374807987711,0.680435357666664
"P09960",-21.5415880115,-20.507874318,-21.1635026343,-20.6838968603,-20.4296601276,-21.3948811724,13,15,16,18,16,16,0.554569723979298,0.826730518067044,-0.234842267833333
"P09972",-18.103725147,-18.0470417792,-18.2043129908,-18.2117763908,-18.0433156902,-18.3568996163,52,56,56,59,58,57,0.727792840713054,0.893480584253652,0.0856372601000004
"P0A6A3",NA,NA,NA,-21.9660178991,-20.7214610523,-21.1421791195,NA,NA,NA,4,7,6,NA,NA,NA
"P0A6A8",NA,NA,NA,-21.1106673413,-18.9283880002,-19.9638925209,1,1,2,5,9,6,NA,NA,NA
"P0A6B7",-23.0398194306,-23.0011157819,-23.1736013693,-21.1176832598,-21.2717460437,-21.3507961787,3,1,4,9,11,11,0.000503737780333525,0,-1.82477036653333
"P0A6E6",NA,NA,NA,-21.8557959014,NA,NA,NA,NA,NA,1,NA,NA,NA,NA,NA
"P0A6F3",-20.3525965153,-20.1736568534,-20.4342038776,-19.1074446404,-19.0964515227,-19.3406068481,19,18,23,34,42,44,0.00620069005175388,0.078740157480315,-1.1386514117
"P0A6F5",-21.0004222743,-21.7978917976,-21.7109625609,-20.0184678935,-20.3269810561,-20.307280068,9,7,8,20,22,25,0.0100258769407706,0.125628140703518,-1.28551587173333
"P0A6F9",-20.3654104521,-20.0893672844,-21.2606592218,-21.0174542425,-19.8327248379,-19.060250927,6,4,4,7,9,9,0.260050172512938,0.617067833698031,-0.601668983633335
"P0A6K6",NA,-22.7056188728,NA,-21.5934182689,-21.0332056003,-21.0142720543,NA,1,NA,11,10,11,NA,NA,NA
"P0A6L2",NA,NA,NA,-21.4921298037,-21.3866126668,-21.7185737895,NA,NA,NA,4,3,4,NA,NA,NA
"P0A6M8",-21.7207985243,-23.0319351487,-21.9108448689,-19.6027698887,-19.6981552279,-19.6990845667,15,12,13,30,31,34,0.000947527314548591,0,-2.55452295286667
"P0A6P1",-21.322680272,-22.0696214892,-22.0434291083,-20.9512876771,-20.0698502689,-20.257873481,5,4,7,13,14,13,0.0115885566417481,0.125628140703518,-1.3855731475
"P0A6P9",-21.8177402484,-21.9067603135,-21.6180289003,-19.9554406465,-19.6036622054,-20.4426043865,7,8,8,16,15,16,0.00248878665899943,0.0454545454545455,-1.7802740746
"P0A6X7",NA,NA,NA,-21.3245401875,-20.9977340017,-21.413246284,NA,NA,NA,2,2,3,NA,NA,NA
"P0A6Y1",NA,NA,NA,-21.6152008136,-21.2655285313,NA,NA,NA,1,2,2,4,NA,NA,NA
"P0A6Y8",-21.9934456531,-21.7626085322,-21.3336439583,-19.4935200499,-19.5218762677,-19.7886602489,7,8,9,27,24,26,0.000740224266820012,0,-2.09521385903333
"P0A6Z1",NA,NA,NA,NA,-23.0258555522,NA,NA,NA,NA,2,3,1,NA,NA,NA
"P0A6Z3",NA,NA,NA,-21.8332118771,-22.7029020952,-21.4965036737,NA,NA,NA,8,10,11,NA,NA,NA
"P0A705",NA,NA,NA,-23.5813645175,-24.0799383397,-25.547619207,1,NA,NA,5,6,9,NA,NA,NA
"P0A707",NA,NA,NA,-20.0475957505,-20.5813880121,-20.506051373,NA,1,NA,4,5,4,NA,NA,NA
"P0A763",-20.0144277182,-19.757059391,-19.6040026839,-18.394101943,-18.7125317339,-19.0851338122,5,5,6,13,11,10,0.0160037377803335,0.143478260869565,-1.061240768
"P0A786",NA,NA,NA,-21.3597028774,-22.9134258369,-21.8767650132,NA,NA,1,4,3,2,NA,NA,NA
"P0A794",NA,NA,NA,-22.715118982,NA,-22.9437511196,NA,NA,NA,1,1,1,NA,NA,NA
"P0A796",NA,NA,NA,-23.7895288125,NA,NA,NA,NA,NA,1,4,3,NA,NA,NA
"P0A799",-21.7822509781,-21.6751731373,-21.8117911842,-21.3272738163,-22.0864557151,-20.9903902004,6,5,5,10,10,9,0.430522426682001,0.760083813514929,-0.288365189266663
"P0A7A9",NA,NA,NA,NA,-21.2981315687,-22.4163584788,NA,NA,NA,3,2,3,NA,NA,NA
"P0A7D4",-23.1195840696,-23.463426043,-23.0022737238,-20.2755573821,-20.044550714,-20.0076937826,4,3,4,18,17,20,2.96147211040828e-05,0,-3.08582731923333
"P0A7D7",NA,NA,NA,-22.6065437818,-22.4747798287,-21.3129912529,NA,NA,NA,4,2,3,NA,NA,NA
"P0A7E5",NA,NA,NA,-24.0978635363,NA,NA,NA,NA,NA,4,2,4,NA,NA,NA
"P0A7F3",NA,NA,NA,-21.4097976414,-20.7036861538,-20.3226713239,NA,3,NA,3,3,5,NA,NA,NA
"P0A7J3",NA,-22.0137464581,-21.5836199688,-20.5555241745,-20.8540649063,-19.9460736391,NA,3,2,3,5,6,0.013421650373778,0.132701421800948,-1.34679564015
"P0A7J7",NA,NA,NA,-22.813566459,-20.499467933,-21.3919448676,3,1,2,6,6,4,NA,NA,NA
"P0A7K2",-19.538637293,-19.283704848,-18.7315108013,-17.6081852882,-17.5639658248,-17.9345439969,4,8,9,14,15,11,0.00534430707303048,0.0701754385964912,-1.48238594413333
"P0A7K6",NA,NA,NA,NA,-19.0771410756,-19.4288554242,1,1,1,1,5,4,NA,NA,NA
"P0A7L0",-20.7704321582,-21.647609958,-22.8215901199,-19.8944229307,-20.3504799073,-21.0763364391,4,4,5,13,11,10,0.0407360552041403,0.240740740740741,-1.30613098633334
"P0A7M9",NA,NA,NA,-19.0263269674,-20.7098080996,-19.0958123374,NA,NA,NA,4,1,3,NA,NA,NA
"P0A7R1",-20.0472566218,-20.2200793839,-20.3926973798,-19.2259134105,-19.3278135977,-20.0319833709,4,5,4,9,8,9,0.0758181426106958,0.338072669826224,-0.691441002133335
"P0A7R5",NA,NA,-20.6620466593,-21.2006051058,-20.1615638941,-20.5024923255,NA,2,2,4,5,6,NA,NA,NA
"P0A7R9",NA,NA,NA,-20.7387233004,-19.9220196164,-19.9622770804,NA,NA,NA,3,5,5,NA,NA,NA
"P0A7S3",NA,-21.9519567174,NA,-20.8408057526,NA,-22.0410121952,NA,1,1,3,1,1,NA,NA,NA
"P0A7S9",-21.4688043991,-21.1998641333,-21.4783114755,-19.7937336152,-18.9470126515,-19.9750114983,3,1,3,10,7,7,0.00341086831512363,0.0454545454545455,-1.8104074143
"P0A7T3",NA,NA,NA,NA,-21.4739585306,-20.3425017783,1,NA,NA,3,2,3,NA,NA,NA
"P0A7T7",-20.7243592199,-20.1288486143,-21.115711902,-20.7792096445,-20.5478304506,-20.8572805706,2,2,4,2,2,3,0.819236917768833,0.928010471204188,0.0718003098333355
"P0A7U3",NA,-21.2356106954,-21.4049145148,-20.6503325964,-19.9440076342,-20.3779238301,NA,2,2,5,6,5,0.0245359401955147,0.172523961661342,-0.996174584866665
"P0A7U7",NA,NA,NA,-20.0513242062,-20.883544236,NA,NA,NA,NA,2,2,NA,NA,NA,NA
"P0A7V0",-22.5586471847,-21.6907656169,-21.5230822113,-20.7087262777,-21.4932135678,-21.0297754841,5,6,3,14,17,11,0.0639246693502013,0.310225303292894,-0.846926561100002
"P0A7V3",-21.0527231615,-20.9310756692,-20.6156436585,-20.2678922228,-19.5431349603,-19.7729255074,2,4,5,6,7,6,0.0209228004600345,0.157342657342657,-1.00516326623333
"P0A7V8",-21.0288350537,-22.4062305455,-20.2797794904,-20.231105753,-19.6921763597,-20.2930104004,4,4,6,10,13,11,0.0531588556641748,0.273422562141491,-1.16618419216667
"P0A7W1",-22.9081949835,NA,NA,-23.019220716,-21.8251136733,-20.7722290683,1,1,2,5,4,6,NA,NA,NA
"P0A7X3",NA,NA,NA,-21.2233124718,-21.5957839135,NA,2,1,3,3,2,3,NA,NA,NA
"P0A7Z0",NA,NA,NA,-22.264453765,-22.1140765428,-21.3619004602,1,NA,NA,1,2,4,NA,NA,NA
"P0A7Z4",-23.7727532448,-22.6245803584,-23.6152751585,-21.3725783481,-21.3441043078,-21.2448870435,3,6,2,7,5,10,0.00259833237492812,0.0454545454545455,-2.01701302076667
"P0A800",NA,NA,NA,-20.8966273525,-21.1108607349,-21.6525156706,NA,NA,1,2,1,1,NA,NA,NA
"P0A805",NA,NA,NA,-21.2058909313,NA,-20.8256391891,1,1,NA,5,3,6,NA,NA,NA
"P0A825",-22.1757146689,-22.5718495188,-23.1392134162,-20.9898431821,-20.3065615369,-20.5270683216,5,5,3,9,13,12,0.00232202415181139,0.0454545454545455,-2.0211015211
"P0A836",-20.6964377082,-21.0434952533,-21.2382585642,-20.2919675813,-19.9817156269,-20.0668875875,10,7,7,14,15,17,0.0247606382978723,0.172523961661342,-0.879206910000001
"P0A850",-22.2623993942,-22.2320827271,-23.7451303852,-20.4478116662,-20.6947131513,-20.8538121364,2,5,3,12,10,12,0.0044276883266245,0.0606060606060606,-2.08109185086667
"P0A853",-19.0235773399,-19.2884946121,-19.151010269,-17.4896479655,-17.4729334247,-17.6850280275,36,33,30,88,89,95,0.00138556641748131,0.0212765957446809,-1.6051576011
"P0A858",-22.6399480866,NA,NA,-20.7925059093,-19.558015516,-21.4168080068,2,1,NA,8,9,6,NA,NA,NA
"P0A862",-20.3556273086,-19.8875542483,-19.7966931322,-18.6902837,-19.344664092,-19.0749780672,5,5,6,10,8,10,0.0245063254744106,0.172523961661342,-0.976649609966667
"P0A867",NA,NA,NA,-23.2608325493,-22.9725750818,-23.2775267799,NA,NA,NA,3,1,2,NA,NA,NA
"P0A870",-21.2288947441,-22.1110192269,-22.061634225,-19.2972282587,-19.9215946046,-19.9207206301,5,6,7,20,22,18,0.00191288096607246,0.0384615384615385,-2.08733490086667
"P0A877",NA,NA,NA,NA,-22.7711070073,NA,NA,NA,NA,NA,1,NA,NA,NA,NA
"P0A8B5",NA,NA,NA,NA,NA,-22.0967669523,NA,NA,NA,NA,3,2,NA,NA,NA
"P0A8E7",NA,NA,NA,-22.4911815514,-22.2112644168,-22.4885342186,NA,NA,NA,1,1,1,NA,NA,NA
"P0A8F0",-22.9628251701,NA,NA,-20.3708823728,-21.4838635188,-22.5291590304,2,NA,NA,5,4,4,NA,NA,NA
"P0A8G6",-22.3989746705,-22.6561777114,-21.3209300842,-20.5419513684,-20.6286198889,-20.388497541,2,2,2,5,5,6,0.00821305347901093,0.118881118881119,-1.6056712226
"P0A8L1",NA,NA,NA,-21.9465100467,-22.4617726204,-23.6901398276,NA,NA,NA,5,5,2,NA,NA,NA
"P0A8M0",NA,NA,NA,-22.9120227449,-23.2017060732,-22.0847585009,1,2,1,6,4,6,NA,NA,NA
"P0A8M3",NA,NA,NA,-24.2042470171,-23.067317628,-22.7295845466,0,NA,NA,2,5,7,NA,NA,NA
"P0A8N3",NA,NA,NA,-23.668983604,-22.2894014569,-22.1631913501,NA,NA,1,7,10,13,NA,NA,NA
"P0A8N5",NA,NA,NA,NA,-24.4534083264,-23.2843787281,NA,NA,NA,1,3,4,NA,NA,NA
"P0A8P3",NA,NA,NA,NA,NA,-21.3722709365,NA,NA,NA,NA,1,1,NA,NA,NA
"P0A8R0",NA,NA,NA,-22.5807804815,-22.5980298502,NA,NA,NA,NA,2,2,NA,NA,NA,NA
"P0A8T7",NA,NA,NA,-23.98072499,-24.5021455646,-23.5816534211,NA,1,NA,7,2,6,NA,NA,NA
"P0A8V2",-24.6647591681,-24.774486895,-25.5372491264,-22.1779965308,-22.2093739995,-21.8891740531,1,1,2,22,19,22,0.000179125934445083,0,-2.89998353536667
"P0A8X0",NA,NA,NA,-22.3198414344,NA,NA,NA,NA,NA,1,NA,1,NA,NA,NA
"P0A910",NA,NA,NA,-21.5974423396,-22.8998938818,-21.1459063936,NA,NA,1,3,3,6,NA,NA,NA
"P0A953",NA,-23.4505553137,NA,-23.5723594145,-21.9050272415,-24.5299851998,1,2,1,5,5,5,NA,NA,NA
"P0A955",NA,-21.6050260001,-21.5439638107,-19.8432395576,-19.3855883717,-19.8542476168,3,6,5,10,14,15,0.00121276595744681,0.0212765957446809,-1.88013639003334
"P0A972",NA,-20.9614092663,NA,-19.6103038253,-19.5486172728,-18.9946041122,1,1,NA,2,3,6,NA,NA,NA
"P0A991",NA,NA,NA,-22.2088277178,-21.9456142735,-22.4219147863,NA,NA,NA,2,3,2,NA,NA,NA
"P0A993",NA,NA,NA,NA,NA,-23.4710757335,NA,NA,NA,1,3,1,NA,NA,NA
"P0A9A9",NA,NA,NA,-21.889048004,-21.676851713,NA,NA,NA,NA,1,3,NA,NA,NA,NA
"P0A9B2",-20.3329802462,-20.5118109205,-20.1734519422,-19.2508142183,-19.3398665329,-19.5959514748,15,45,12,54,54,56,0.0152331799884991,0.142222222222222,-0.943870294300002
"P0A9C5",NA,-23.8026999033,-23.9836016896,-21.3301969523,-21.462558857,-20.7578305414,1,1,2,5,6,8,0.000327199539965497,0,-2.70962201288333
"P0A9D8",NA,NA,NA,-22.6148705724,-20.9597005057,-21.6294807153,NA,NA,NA,6,8,4,NA,NA,NA
"P0A9G6",-20.7885119346,-21.8665223025,NA,-19.9197353426,-20.0451803008,-20.0693196013,8,4,3,15,20,17,0.0158565267395055,0.143478260869565,-1.31610537031667
"P0A9J6",NA,NA,NA,-23.1916885405,-22.3937612138,-22.9158017993,NA,NA,NA,3,4,1,NA,NA,NA
"P0A9J8",NA,NA,NA,-23.6061144341,-23.3163613226,-22.9291335886,NA,1,NA,5,4,3,NA,NA,NA
"P0A9K3",NA,NA,NA,-23.083303915,-23.0724562919,-22.3848164655,NA,NA,NA,3,3,2,NA,NA,NA
"P0A9L3",NA,-22.7112740462,-22.9996410228,-21.2752682864,-20.5854167896,-20.8898241321,1,1,2,5,5,4,0.00170500287521564,0.0212765957446809,-1.9386211318
"P0A9M0",NA,NA,NA,-25.2877829527,-25.0059889582,-25.3141013908,1,NA,NA,3,3,3,NA,NA,NA
"P0A9M5",NA,NA,NA,-22.3422473655,-21.4205720408,-21.3820768985,NA,NA,NA,1,1,1,NA,NA,NA
"P0A9M8",NA,NA,NA,-22.8726525075,-23.4238317583,-24.3406560207,NA,NA,1,6,3,5,NA,NA,NA
"P0A9P0",-23.1862319715,-22.5056464305,-22.3147583114,-20.2877299126,-20.7984893581,-20.875227007,1,3,5,14,17,17,0.00185365152386429,0.0384615384615385,-2.01506347856667
"P0A9Q1",NA,NA,NA,-22.2915838196,-21.1333990186,NA,NA,NA,NA,5,5,2,NA,NA,NA
"P0A9Q7",-22.2068989307,-22.5206064286,-22.7240974139,-20.5430937659,-20.5663992229,-20.6875179391,7,5,7,21,26,23,0.000799453709028177,0,-1.88486394843333
"P0A9R4",NA,NA,NA,-22.0459735595,NA,-20.4846405105,NA,NA,NA,3,2,3,NA,NA,NA
"P0A9W3",NA,NA,NA,-22.4728283101,-22.5608665434,-21.8019398267,NA,NA,1,4,6,5,NA,NA,NA
"P0A9Y6",-18.9967300806,-18.2995422479,-19.7534196392,-17.8135757256,-17.6062776871,-17.6213314576,5,5,3,7,10,13,0.0161535365152386,0.144,-1.33616903246667
"P0AA04",-21.0858412317,NA,NA,-19.1594486038,-19.2993234189,-19.5408959248,1,1,NA,3,3,3,NA,NA,NA
"P0AA10",NA,NA,NA,-20.7798900382,NA,-21.5749061538,0,0,0,2,2,1,NA,NA,NA
"P0AA25",-21.1764632915,-21.1072794103,-20.0539865974,-19.1919664521,-19.8636539601,-18.7661564305,4,2,4,10,5,10,0.0133637147786084,0.132701421800948,-1.5053174855
"P0AAB6",NA,NA,NA,-23.1245677826,-23.0593382569,-23.5815328594,NA,NA,NA,2,2,2,NA,NA,NA
"P0AAC0",NA,NA,NA,-21.5327779909,-22.3361503204,-21.5480605326,NA,NA,NA,2,1,3,NA,NA,NA
"P0AAI5",NA,NA,NA,-22.9878064756,NA,NA,NA,NA,NA,4,1,1,NA,NA,NA
"P0AAI9",NA,NA,NA,NA,NA,-20.9071930779,NA,NA,NA,1,1,3,NA,NA,NA
"P0AAV6",-21.8176257202,NA,-22.0089607302,-22.0174307359,-21.6606225964,NA,1,1,1,1,1,1,0.790990080506038,0.915881561238223,-0.0742665590500025
"P0AB28",NA,NA,NA,NA,NA,-22.6454258724,NA,NA,NA,1,1,1,NA,NA,NA
"P0AB55",NA,NA,NA,NA,-21.3738460851,-21.4738960573,NA,NA,NA,1,1,1,NA,NA,NA
"P0AB71",NA,-22.0294362403,-23.09191711,-20.8441074354,-20.0384925722,-20.5918184627,1,2,1,5,7,9,0.00425388154111558,0.0606060606060606,-2.06920385171667
"P0AB77",NA,NA,NA,-22.0429970164,-21.3271928238,-21.1298881982,NA,NA,NA,5,8,6,NA,NA,NA
"P0AB89",NA,NA,NA,-23.9842915445,-21.7014159487,-21.9434682786,NA,NA,NA,3,4,6,NA,NA,NA
"P0ABA4",NA,NA,NA,NA,-21.5633339553,-22.216304986,NA,NA,NA,NA,1,1,NA,NA,NA
"P0ABA6",NA,NA,NA,NA,-22.5440570455,NA,NA,NA,NA,1,3,1,NA,NA,NA
"P0ABB0",-23.6308712495,NA,-23.4509895182,-20.7952854098,-20.3930202785,-20.163619652,3,7,8,23,16,23,8.88441633122484e-05,0,-3.09028860375
"P0ABB4",NA,NA,-23.8830967235,-21.2539553786,-21.1183575338,-20.9467554357,2,NA,3,7,8,9,NA,NA,NA
"P0ABD5",NA,NA,NA,-22.9601774378,NA,-22.4002817148,NA,NA,NA,1,NA,5,NA,NA,NA
"P0ABE2",NA,NA,-22.186577189,-21.1487776071,-20.440005086,NA,1,NA,2,1,2,1,NA,NA,NA
"P0ABF6",NA,NA,NA,-23.4939444156,NA,NA,NA,NA,NA,1,4,2,NA,NA,NA
"P0ABH7",-21.8843027738,-21.6595450034,-22.5359011613,-21.229313995,-21.8240310344,-21.2455176934,2,4,4,6,5,8,0.136975991949396,0.457645764576458,-0.593628738566668
"P0ABK5",-21.4749336483,-21.1528338142,-22.017850948,-19.945561865,-19.833745256,-20.2288479504,5,6,5,11,11,11,0.00497383553766532,0.0642201834862385,-1.54582111303333
"P0ABP8",-22.5489102497,NA,NA,-20.9198544099,NA,-22.4198955745,2,2,NA,5,7,5,NA,NA,NA
"P0ABQ4",NA,NA,NA,-22.4526141021,-22.4515980547,NA,NA,NA,NA,1,1,1,NA,NA,NA
"P0ABS1",NA,NA,NA,-21.5681253628,-21.365518695,-21.5260402975,NA,NA,NA,1,1,1,NA,NA,NA
"P0ABT2",-19.9696782877,-19.5722929562,-19.9216590839,-18.5469128421,-18.3805388086,-18.526258669,7,6,6,15,16,17,0.00396362852213916,0.0606060606060606,-1.3366400027
"P0ABU2",NA,NA,NA,NA,-23.0417174241,NA,0,0,0,NA,1,0,NA,NA,NA
"P0ABU5",NA,NA,NA,-21.126790684,-21.015865336,-22.5906504574,NA,NA,1,3,3,2,NA,NA,NA
"P0ABZ6",NA,NA,NA,NA,NA,-24.0219888477,NA,NA,NA,3,1,3,NA,NA,NA
"P0AC19",NA,NA,NA,-21.9744404344,-20.8760129759,NA,NA,NA,NA,1,2,1,NA,NA,NA
"P0AC33",NA,-24.6535619133,NA,-21.5940607339,-20.9380708373,-20.9649414175,5,3,1,23,20,17,NA,NA,NA
"P0AC38",-21.824885812,-21.4479707475,-21.6729396694,-20.128147026,-20.7203771296,-19.9068980872,6,6,6,17,18,24,0.00678594019551466,0.0846153846153846,-1.3967913287
"P0AC41",NA,NA,NA,-24.3316850403,-21.7179836194,-22.1035770433,1,1,NA,5,7,7,NA,NA,NA
"P0AC62",NA,NA,NA,-21.2873519373,NA,NA,NA,NA,NA,1,1,1,NA,NA,NA
"P0AC69",NA,NA,NA,-20.1783138962,-20.2977517009,-21.1267210143,NA,NA,NA,3,3,3,NA,NA,NA
"P0ACA3",NA,NA,NA,-20.0590796737,-21.4397230968,-20.7446344552,NA,NA,1,6,4,5,NA,NA,NA
"P0ACB2",NA,NA,NA,NA,NA,-23.5278430805,NA,NA,NA,NA,NA,1,NA,NA,NA
"P0ACC3",NA,NA,NA,-21.9146060665,NA,-21.8424058408,NA,NA,NA,2,NA,1,NA,NA,NA
"P0ACD4",NA,NA,NA,NA,-20.7793686647,-21.8215214535,NA,NA,NA,NA,3,3,NA,NA,NA
"P0ACE7",NA,NA,NA,NA,-21.2721798967,-21.4696385679,NA,NA,NA,1,2,1,NA,NA,NA
"P0ACF0",NA,-20.7493320877,-20.0852865129,-17.8995374912,-18.2973761543,-18.318892751,2,2,4,9,7,9,0.000977142035652674,0,-2.2453738348
"P0ACF4",NA,NA,-20.4133622659,-20.4747477758,-21.1444908867,-19.5910011147,NA,NA,2,3,2,5,NA,NA,NA
"P0ACF8",-20.253291124,-20.9674259197,-20.5392693793,-19.1578088297,-19.4758193512,-20.0944073233,5,4,6,11,8,11,0.0309738355376653,0.198347107438017,-1.01065030626667
"P0ACI6",NA,NA,NA,-22.3214926558,-20.8405399255,NA,NA,NA,2,3,5,3,NA,NA,NA
"P0ACJ0",NA,NA,NA,NA,NA,-22.2400264944,NA,NA,NA,2,1,1,NA,NA,NA
"P0ACJ8",NA,NA,-23.0617324305,-22.2004204296,-22.282029504,-20.7273912719,NA,1,2,3,4,5,NA,NA,NA
"P0ACY1",NA,NA,NA,-21.4292041985,-22.0827830254,-21.0573785959,NA,NA,NA,4,2,3,NA,NA,NA
"P0AD33",NA,NA,NA,NA,NA,-21.8374368103,NA,NA,NA,1,2,1,NA,NA,NA
"P0AD49",NA,NA,NA,-20.2535063735,-21.5515583827,-20.7555198693,NA,NA,NA,2,2,2,NA,NA,NA
"P0AD61",-23.6548269736,-24.0709006264,-22.6546863553,-20.3485935117,-20.7849437277,-21.182971175,6,4,7,21,15,19,0.00106598619896492,0,-2.68796851363334
"P0ADE8",NA,NA,NA,-23.6793299213,NA,NA,NA,NA,NA,3,NA,NA,NA,NA,NA
"P0ADG7",-23.6212108832,NA,NA,-22.9992716544,-21.8724061696,-22.6048351897,1,1,NA,8,7,6,NA,NA,NA
"P0ADN2",NA,NA,NA,NA,-19.4294418837,-20.1736470167,NA,NA,2,1,4,4,NA,NA,NA
"P0ADU5",NA,NA,NA,-22.462193299,-22.3387830808,NA,NA,NA,NA,2,3,1,NA,NA,NA
"P0ADY3",NA,NA,NA,-21.7461633269,NA,-21.6849470975,NA,NA,NA,4,NA,2,NA,NA,NA
"P0ADY7",-21.9148391797,NA,-22.0480565931,-20.7584805579,NA,-21.0585186821,1,1,1,2,1,2,0.0113227429557217,0.125628140703518,-1.0729482664
"P0ADZ4",NA,NA,NA,NA,NA,-21.8234895236,1,1,1,NA,1,1,NA,NA,NA
"P0AE08",-19.8477562835,-19.6671044666,-19.5927173588,-18.6699476295,-18.6828376634,-18.8696938022,9,8,8,15,15,17,0.0116181713628522,0.125628140703518,-0.961699671266665
"P0AE12",NA,NA,NA,NA,-24.3220053355,NA,0,0,0,0,2,0,NA,NA,NA
"P0AE18",NA,NA,NA,NA,NA,-23.1841657446,NA,NA,NA,1,1,2,NA,NA,NA
"P0AE52",NA,NA,NA,-20.9720956426,NA,-22.4113635808,NA,NA,NA,3,4,3,NA,NA,NA
"P0AED0",NA,NA,NA,NA,NA,-21.6123910662,NA,NA,NA,NA,NA,1,NA,NA,NA
"P0AEE5",-20.763492988,-20.7170972095,-21.0785747899,-19.3475076526,-18.9206420923,-19.1332647901,10,11,9,23,25,27,0.00152918343875791,0.0212765957446809,-1.7192501508
"P0AEK2",NA,NA,NA,-20.7358777701,-22.3447398639,-22.8315476187,NA,NA,NA,4,6,2,NA,NA,NA
"P0AEM9",NA,NA,NA,-21.5822037848,-22.3866711312,-20.4404086678,4,4,4,10,9,10,NA,NA,NA
"P0AEP3",NA,NA,NA,NA,NA,-23.2136270891,NA,NA,2,5,2,3,NA,NA,NA
"P0AEQ3",-21.7746548255,-21.5191111956,-20.9884430241,-19.5756187353,-19.7746463391,-19.3010964076,3,5,5,8,10,16,0.00202602070155262,0.0384615384615385,-1.87694918773333
"P0AES4",NA,NA,NA,-22.9466751786,-24.3218423932,-23.1295985037,NA,NA,NA,6,4,7,NA,NA,NA
"P0AES6",NA,NA,NA,-24.6695340841,NA,NA,NA,NA,NA,1,NA,1,NA,NA,NA
"P0AES9",-21.2160551427,-20.730821971,NA,NA,-21.1700533579,-21.0643488863,1,1,NA,1,1,2,0.648783352501438,0.865712074303406,0.14376256525
"P0AET2",NA,NA,NA,NA,-21.9469892376,-21.1484964188,NA,NA,1,1,2,3,NA,NA,NA
"P0AET8",NA,NA,NA,NA,NA,-23.0015952886,NA,NA,NA,NA,2,2,NA,NA,NA
"P0AEU0",NA,NA,NA,-22.9808886153,NA,-23.0978792712,NA,NA,NA,2,2,2,NA,NA,NA
"P0AEU7",NA,NA,NA,-21.7750023949,-20.9516658907,-20.3762313604,NA,2,NA,3,4,3,NA,NA,NA
"P0AEX9",-21.0072310827,-20.1156240021,-21.0074258014,-18.7275699,-18.8332026544,-19.4096126806,7,16,10,37,29,26,0.00491460609545716,0.0642201834862385,-1.71996521706667
"P0AF36",-20.5505761467,-20.759047127,-20.6126366965,-20.1380310831,-19.9599603367,-20.4870462706,1,1,1,2,2,2,0.158909286946521,0.48502994011976,-0.445740759933333
"P0AF93",NA,NA,-21.7669978374,NA,-21.4150176711,-21.9958377301,1,1,1,3,3,3,NA,NA,NA
"P0AF96",NA,NA,NA,NA,NA,-22.0989864443,NA,NA,NA,NA,1,2,NA,NA,NA
"P0AFF6",NA,NA,NA,-21.0484175361,-22.6285648661,-22.4799008615,NA,NA,NA,12,8,9,NA,NA,NA
"P0AFG0",NA,NA,NA,-21.9769968313,-22.2369162208,-22.5488836095,NA,NA,NA,1,2,2,NA,NA,NA
"P0AFG3",-24.1344984352,NA,NA,-22.9696687433,-21.8445391617,-22.2829679544,3,3,2,13,13,13,NA,NA,NA
"P0AFG6",NA,NA,-23.2918731946,-22.9026086369,-22.0007927549,-21.0632577252,2,1,1,8,7,8,NA,NA,NA
"P0AFG8",NA,NA,-24.6767086812,-21.5780424509,-21.9956394167,-21.4167003413,NA,NA,1,13,10,18,NA,NA,NA
"P0AFH8",-21.3086669987,-21.5532174103,-20.9674366594,-19.0473119794,-19.0952063045,-18.9651476913,5,3,4,13,12,13,0.000386428982173663,0,-2.24055169773333
"P0AFP6",NA,NA,NA,NA,-22.3087104319,-22.5932820894,NA,NA,NA,NA,1,1,NA,NA,NA
"P0AFZ3",NA,NA,NA,-22.5108102174,NA,NA,NA,NA,NA,1,NA,NA,NA,NA,NA
"P0AG18",NA,NA,NA,-21.5001199277,-20.6856954693,NA,NA,NA,NA,1,2,NA,NA,NA,NA
"P0AG30",NA,NA,NA,-23.1188788121,NA,-23.2055410265,NA,NA,NA,3,2,1,NA,NA,NA
"P0AG44",NA,NA,NA,-21.600376428,NA,-22.2692074704,1,1,NA,3,3,1,NA,NA,NA
"P0AG48",NA,NA,NA,-21.3185491773,-21.1820026749,-20.5396804721,1,1,NA,2,2,2,NA,NA,NA
"P0AG55",-21.5140411176,-22.3045135765,-21.2678582994,-20.1266242833,-20.1534356409,-20.2111457096,3,2,3,6,6,9,0.00591776883266245,0.078740157480315,-1.53173578656667
"P0AG59",-21.1934199218,NA,-21.7484644439,-21.1704639474,-20.1900466392,-21.3954025456,1,NA,1,1,2,2,0.238053622771708,0.576153846153846,-0.552304472116671
"P0AG63",-20.6444928685,-20.6177232202,-20.7813065855,-19.5563168778,-19.1628280676,-19.1190540521,2,2,2,3,4,5,0.00352530189764232,0.0454545454545455,-1.4017745589
"P0AG67",-21.696498219,-23.5726657932,-21.94453254,-20.3654175667,-21.2223957319,-20.7096548292,7,4,8,17,19,20,0.016382403680276,0.144,-1.63874280813333
"P0AG80",NA,NA,NA,-20.7050621831,-20.9380362394,-21.3793202807,NA,NA,NA,7,6,7,NA,NA,NA
"P0AG86",NA,NA,-22.0378258698,-20.4279646572,-20.4005557715,-20.6719765361,NA,1,1,2,3,4,NA,NA,NA
"P0AGD1",NA,NA,NA,-21.9696774943,NA,NA,NA,NA,NA,1,NA,NA,NA,NA,NA
"P0AGE0",NA,NA,NA,-21.3721695376,NA,-21.5246572604,NA,NA,NA,3,3,3,NA,NA,NA
"P0AGE9",-21.9130039312,-22.0668849713,-21.2413813468,-20.7101201308,-20.0074422424,-19.849732087,2,5,6,11,12,16,0.00738786658999425,0.101449275362319,-1.55132526303333
"P0AGJ9",NA,NA,NA,-22.4988657639,NA,-22.4305873025,NA,NA,NA,2,2,3,NA,NA,NA
"P0C018",NA,NA,NA,-20.6307904151,NA,NA,NA,NA,1,3,7,2,NA,NA,NA
"P0C0L2",NA,NA,-21.7745466227,-21.5698849141,-19.9168023586,-20.5317976678,1,1,1,6,6,4,NA,NA,NA
"P0C0S5",-20.2086274637,-20.38847682,-19.6506658577,-20.4393182512,-19.8131825444,-20.558247117,32,30,30,32,37,36,0.59473116733755,0.845994188459942,0.187659257066667
"P0C0T4",-21.3260554301,-20.3745761029,-21.5368466649,-21.1231089993,-21.3297781537,-20.5173900946,4,4,3,4,2,3,0.808414606095457,0.923153362040411,-0.0890669834333337
"P0C0V0",NA,NA,NA,NA,NA,-24.0180004506,NA,NA,NA,1,1,6,NA,NA,NA
"P0C0V8",NA,NA,-21.6918605652,NA,-19.9011534609,NA,11,1,1,4,5,7,NA,NA,NA
"P0C0W1",-19.1555422329,-19.4531642015,-19.8136340145,-19.581567914,-19.9833213771,-19.2643559612,14,14,12,8,5,9,0.677406843013226,0.870557426112982,0.135634934466665
"P0C0W9",-19.6477932329,-19.635432295,-20.2004562345,-19.9176683202,-20.317271881,-19.6405350396,10,9,10,6,8,8,0.68381914893617,0.874534623976173,0.130597826133332
"P0C0X0",-18.8160753412,-18.6910137547,-19.1951998414,-18.9844414438,-19.5642741191,-19.7719760594,10,8,8,7,7,6,0.147591719378953,0.468062827225131,0.539467561666665
"P0C2H6",-18.383050029,-18.3481723005,-18.3060509509,-19.1584097673,-18.5304180347,-18.9276225282,17,19,19,13,16,15,0.116190051753882,0.425814234016888,0.526392349933332
"P0C2H8",-22.5985050798,NA,NA,NA,NA,NA,10,15,13,9,8,8,NA,NA,NA
"P0C2H9",NA,NA,-21.7467484235,NA,NA,NA,9,1,1,7,8,6,NA,NA,NA
"P0C7M4",-21.2987233672,-21.5512272523,-22.9448048181,-21.7832930785,-21.8659703282,-22.4175136908,4,3,3,3,4,4,0.825160868315124,0.930247718383312,0.0906738866333328
"P0C8J6",NA,NA,NA,NA,NA,-23.7169721493,NA,NA,NA,1,1,2,NA,NA,NA
"P0C8J8",NA,NA,NA,NA,-23.3883410806,-24.4074387332,NA,NA,NA,NA,2,1,NA,NA,NA
"P0CE47",-19.1609704151,-19.8688829159,-19.7358204443,-17.8791400813,-17.8049318725,-17.8822624471,21,23,31,55,64,64,0.00223174238067855,0.0454545454545455,-1.7331131248
"P0CG12",NA,NA,-24.1840538377,NA,NA,NA,3,NA,3,2,1,2,NA,NA,NA
"P0CG38",NA,NA,NA,NA,-24.6908568078,NA,67,59,81,69,76,86,NA,NA,NA
"P0CS90",-19.4398389385,-19.4661738301,-19.9795175356,-20.0081359511,-20.3943842072,-19.9230048925,55,62,50,38,33,43,0.163444795859689,0.494634146341463,0.479998248866668
"P0CT04",-18.3642408024,-18.4967446969,-17.9267701681,-21.4859184802,-19.0153577984,-19.9999297886,7,6,9,6,5,7,0.0131290971822887,0.125628140703518,1.9044834666
"P0CX23",-18.342659846,-18.8253167199,-18.9337454301,-19.0392674619,-19.1780226507,-19.2470734232,26,23,24,17,15,15,0.164870040253019,0.496116504854369,0.454213846600002
"P0CX25",-18.6404812205,-18.9635681155,-18.790211243,-19.4608423297,-19.4135788221,-20.600674563,7,7,8,5,6,5,0.035938757906843,0.211586901763224,1.02694504526666
"P0CX27",-20.8837738612,NA,NA,NA,NA,NA,2,1,3,1,2,1,NA,NA,NA
"P0CX29",-21.4385646663,-21.7480398019,NA,-22.6394409351,-22.3021005399,-22.7780664464,6,8,6,6,5,5,0.019607964347326,0.150537634408602,0.979900406366667
"P0CX31",-19.0753809254,-19.2048732686,-19.3788813882,-19.6089760812,-19.5109778602,-19.331705254,11,9,11,9,10,10,0.343079212190914,0.700183936235438,0.264174537733332
"P0CX33",-20.4637965102,NA,NA,-21.0490107648,NA,NA,1,1,1,2,2,2,NA,NA,NA
"P0CX35",-19.3291362836,-19.3422141878,-18.8949285966,-19.7959554738,-20.1500383122,-19.6392027284,29,36,38,24,24,23,0.0642987349051179,0.312068965517241,0.672972482133332
"P0CX37",-18.5632755375,-18.6786956437,-18.7922020572,-19.1022862465,-18.7081053814,-19.4061381507,23,21,19,14,18,14,0.22988269120184,0.566587864460205,0.394118846733331
"P0CX39",-18.7935532134,-19.2832132795,-19.4163369702,-19.374721623,-18.9015351821,-19.0240002882,10,12,7,8,9,9,0.823464203565267,0.928851174934726,-0.0642821232666684
"P0CX41",-18.5460173815,-18.0675714166,-18.1267982977,-18.7046423695,-19.5796551529,-19.5721764438,20,26,22,16,16,16,0.026274583093732,0.174846625766871,1.03869562346667
"P0CX43",-19.2675012362,-19.3272107494,-19.556452098,-20.9720589957,-20.8063491631,-20.3734352169,15,15,16,6,7,11,0.00574079930994825,0.0775862068965517,1.33355976403333
"P0CX45",-19.372282711,-19.3645278123,-19.5668312816,-20.0379376924,-20.121756005,-19.9380393818,15,19,13,7,9,10,0.0514002300172513,0.268924302788845,0.598030424766666
"P0CX47",-18.8451438367,-18.4839219398,-18.4322148205,-19.6708440549,-18.940025462,-19.0044856767,16,15,17,12,13,13,0.102272857964347,0.402088772845953,0.618024865533332
"P0CX49",-19.0944660273,-20.0957052786,-20.1364312686,-20.6071659059,-19.8530337789,-20.5700024208,16,19,19,15,13,18,0.188026739505463,0.518352730528201,0.567866510366667
"P0CX51",-19.0239564719,-18.3482955754,-18.4081789737,-18.7097031319,-19.3642207398,-19.0763306641,22,20,18,17,17,14,0.211500575043128,0.544472152950956,0.456607838266667
"P0CX53",-18.9191220617,-18.5651719091,-19.3862829057,-19.21093791,-19.4963679625,-19.7224727683,12,17,12,9,9,11,0.160156267970098,0.487128712871287,0.519733921433332
"P0CX55",-18.7205619548,-18.7239182677,-18.6818456008,-20.0119891938,-20.9465482422,-19.7693362524,24,27,25,16,24,19,0.00747541690626797,0.101449275362319,1.53384928836667
"P0CX82",-18.8077483711,-19.082195845,-19.4200239387,-19.490496159,-19.8785825049,-19.2338001158,15,19,14,12,10,12,0.219745543415756,0.551417004048583,0.4309702083
"P0CX84",-19.7442292117,-19.8303627126,-20.8536084207,-19.8906853986,-20.1630805582,-20.0555567634,6,4,8,3,5,6,0.762677975848189,0.904712762297902,-0.106292541599998
"P0DMM9",-23.2353825463,-23.1761299467,NA,NA,-23.3210121878,NA,3,3,1,1,1,2,NA,NA,NA
"P0DMU9",-22.5608500868,-22.4989798163,-22.8817133318,-22.5536877496,NA,-22.8851689608,3,3,3,2,2,2,0.794622052903968,0.916862219242373,0.0722472769000007
"P0DMV8",-18.2630292288,-18.3783010391,-18.5417395363,-18.0877087485,-18.2807403608,-18.4572206586,132,123,134,126,125,130,0.654683870040253,0.867794004611837,-0.119133345433333
"P0DP23",-19.0045430743,-19.2826264352,-18.1902423341,-18.7466091138,-19.519180845,-18.0853847205,18,21,25,21,16,30,0.90447067280046,0.954047474132684,-0.042079054766667
"P0DPB6",-21.4235016193,-20.0053872543,-19.5375005692,-20.5621174321,-19.5025347433,-19.9291821811,2,4,4,3,4,3,0.514747412305923,0.809940174873447,-0.324185028766667
"P0DTT0",NA,NA,NA,NA,-21.8958037958,-23.3561555672,NA,NA,NA,3,5,4,NA,NA,NA
"P10080",-20.1105546976,-19.9116606761,-20.897996883,-20.5864022897,-20.8840136226,-21.8664094636,12,10,7,6,7,5,0.0997760207015526,0.392904073587385,0.805537706400003
"P10081",-18.5592700851,-18.6363952648,-18.7073350353,-19.3816894055,-18.8338403465,-19.0380789102,30,30,32,21,24,26,0.154545859689477,0.473684210526316,0.450202759
"P10155",-22.9206765736,-21.8605806632,-22.0484762973,-21.6437339018,-22.4639459548,-21.384549317,7,7,13,9,9,17,0.305908424381829,0.665565102445473,-0.445834786833334
"P10398",NA,NA,NA,-24.1255824012,NA,-23.4277954832,3,1,4,3,2,2,NA,NA,NA
"P10412",-21.8920516607,-21.8735112463,-22.2183914537,-21.262032333,-21.9510056647,-20.8736735393,4,3,3,3,5,4,0.120648217366302,0.43211334120425,-0.632414274566667
"P10507",NA,-23.9818619756,-24.0843948653,NA,NA,NA,3,2,2,1,1,1,NA,NA,NA
"P10515",-21.0368024753,-20.9492828726,-21.3523532539,-21.9113615639,-21.5526675938,-21.7827056707,13,10,14,12,9,14,0.0616640310523289,0.301785714285714,0.636098742200002
"P10591",-19.0370695942,-18.9728743922,-19.1164982967,-19.5591312069,-19.4311230712,-19.5327156526,142,138,161,112,104,122,0.0921135710178263,0.382228490832158,0.465509215866664
"P10592",-19.4047094733,-19.5973820628,-19.6612976173,-20.1634116144,-20.2672483703,-20.2938374377,132,132,146,101,104,120,0.0331582806210466,0.205194805194805,0.687036089666666
"P10599",-18.2874211952,-18.6444410279,-18.8592199746,-18.6504921463,-18.3464778933,-18.6641987753,14,14,16,15,13,12,0.867361989649224,0.940738442444927,-0.0433044609333315
"P10606",-21.4779855613,-20.1106758972,-20.7993820175,-21.5572495979,-20.4620895902,-20.8056213327,2,5,3,5,4,5,0.724417337550316,0.891940085592011,0.145639014933334
"P10614",-24.3279275214,-23.6974752817,-23.0692379319,NA,NA,NA,5,3,4,1,1,3,NA,NA,NA
"P10622",-18.9168189909,-18.6648908656,-19.3165895312,-20.2114026348,-19.7593785298,-19.0135425032,3,5,4,2,1,3,0.11357892466935,0.418491484184915,0.695341426700001
"P10644",-23.2462165496,NA,NA,NA,-23.2606170446,-22.3355704627,5,7,7,5,6,9,NA,NA,NA
"P10659",-20.4758083931,-21.3054917992,-20.5846245598,-21.1703926061,-20.9311819444,-21.0237180255,8,5,6,5,6,5,0.454612133410006,0.768922305764411,0.253122607966667
"P10664",-22.6658725006,NA,-22.0244492324,-23.1023040967,-22.7190084287,NA,29,1,31,23,23,2,0.170023289246693,0.498570066730219,0.565495396200003
"P10746",-21.4675466315,-20.9752059867,NA,-20.8560709412,-22.7260108096,-23.0029777199,3,4,1,4,3,5,0.143727573317999,0.462845010615711,0.973643514466666
"P10768",-18.8376118816,-18.8426047855,-19.3037573299,-19.4459679285,-19.2074045078,-19.0303161379,20,22,21,19,18,21,0.446652530189764,0.765632943568887,0.233238192399998
"P10809",-17.6586052003,-17.8978711289,-17.7988988096,-17.4511777289,-17.4339930276,-17.6277819424,88,99,95,99,100,111,0.296790828062105,0.658322056833559,-0.280807479966668
"P10823",NA,-23.9274223457,NA,NA,NA,NA,NA,2,NA,NA,NA,NA,NA,NA,NA
"P10869",-22.580394586,-23.9969559697,-23.8150511232,-23.618810417,NA,NA,3,3,5,3,2,1,NA,NA,NA
"P10964",-22.5585479447,-23.5207392457,-23.6215653284,-24.3462099906,-24.5960219607,-25.3906952469,14,13,11,8,5,2,0.0116477860839563,0.125628140703518,1.54402489313333
"P11021",-19.332652884,-19.2638653335,-19.2776233115,-18.9923902099,-19.1291222983,-19.0075088797,44,41,52,45,51,55,0.315686889016676,0.672067401166559,-0.248373380366665
"P11075",-23.3038753827,-23.3876442465,-23.2002754922,NA,-25.5005193626,-26.5184429386,15,12,9,3,6,4,0.000533352501437608,0,2.71221611013333
"P11076",-21.1560402903,NA,NA,-20.3292501085,-20.9414817623,NA,16,18,2,12,10,9,NA,NA,NA
"P11142",-17.3645892941,-17.321185398,-17.1600967899,-17.3218531833,-17.2239630893,-17.1128239328,193,196,213,206,199,217,0.789801035077631,0.915459750757831,-0.0624104255333329
"P11154",NA,-23.4216157689,-23.1410406201,NA,NA,-23.9447169551,2,5,25,1,16,3,NA,NA,NA
"P11166",-21.8772634821,-22.3733336629,-22.0917317148,-23.1419018966,-21.4222693348,-21.6635471714,7,5,7,5,5,5,0.913818861414606,0.959406240533172,-0.0382034856666671
"P11171",-20.6008275631,-20.6867220202,-20.4161933759,-20.9438302926,-20.5377785841,-20.8587729289,20,15,21,17,23,17,0.455839994249569,0.769230769230769,0.212212948800001
"P11172",-22.5273742134,-21.7137939809,-21.406890028,-21.4431653182,-20.9361628455,-21.2983151873,8,11,10,9,10,11,0.120789246693502,0.43211334120425,-0.6568049571
"P11177",-21.1476697293,-20.9763407273,-21.1928093745,-20.8320049983,-21.0809500552,-21.0715776338,10,11,9,10,13,12,0.662308366877516,0.868089973313,-0.110762381266667
"P11216",NA,NA,NA,NA,NA,-23.7454462416,4,3,2,1,3,5,NA,NA,NA
"P11233",-22.2588492025,-22.1539630587,NA,-22.3697471716,-22.2440974063,-21.5156518354,3,1,0,3,3,6,0.647504456584244,0.865712074303406,-0.163240659500001
"P11234",-22.6197661721,NA,NA,NA,NA,NA,1,5,2,2,2,1,NA,NA,NA
"P11274",-23.2266951959,-23.4752720281,-24.1879832643,-24.1837084303,NA,-24.5595592389,8,7,8,11,9,4,0.0952997412305923,0.39047619047619,0.741650338500001
"P11277",-24.3814241314,-23.5479204654,-23.7873234549,-23.5701356144,-23.0952414417,-23.3798547868,17,14,18,18,17,16,0.139396204715354,0.46096256684492,-0.557145402933333
"P11279",-23.6814209429,NA,NA,NA,NA,NA,3,5,2,2,3,3,NA,NA,NA
"P11310",-21.3942339937,-20.762004079,-21.7259400749,-21.1286533073,-21.57798934,-21.2535317891,9,13,11,10,13,11,0.921788240368028,0.960949234004206,0.0259987629333303
"P11353",-22.022546387,NA,-23.3285031307,NA,NA,NA,4,5,7,1,NA,1,NA,NA,NA
"P11387",-22.8099177944,-23.7703752742,-24.8440155198,-22.1034011235,-23.3588607182,-22.7296340201,8,12,13,13,11,11,0.0729703852788959,0.336569579288026,-1.07747090886667
"P11388",-24.4261687458,-24.6033670866,NA,-25.6290847066,-25.5454271333,-23.8659736487,4,10,7,5,11,7,0.369844163312248,0.713871154962275,0.498727246666665
"P11412",-19.8401147508,-19.7512060043,-20.564313832,-19.9562959689,-20.5675315536,-20.524400418,22,22,25,15,10,17,0.415526020701553,0.752150537634409,0.297531117800002
"P11413",-18.9658669867,-19.2234345836,-19.0764575905,-18.8627309403,-18.6476007623,-18.9693224054,36,37,45,43,41,47,0.347769407705578,0.701775872627067,-0.262035017599999
"P11441",-22.0350515276,-20.7633533538,-20.6668070202,-21.1888728172,-22.0537557784,-20.3044246198,5,8,7,5,5,6,0.937348332374928,0.962930011862396,0.0272804379333316
"P11484",-21.7870292486,-21.8709715913,-21.9142514138,-21.8559601782,-22.627558276,-21.7340677712,64,5,5,3,2,5,0.526957159286947,0.81781557743957,0.2151113239
"P11491",-23.2576894063,NA,-22.6930794239,NA,NA,NA,4,3,3,2,2,2,NA,NA,NA
"P11498",-23.9994831424,NA,-24.2383351894,-23.8055327521,-24.5732263451,-23.4843937788,4,3,5,7,6,5,0.670399223691777,0.869384673461684,-0.1645248739
"P11586",-20.8710547041,-20.7698630328,-20.80131879,-20.7210009141,-20.8031104724,-21.4836697754,30,29,27,27,27,26,0.558044278320874,0.827391304347826,0.188514878333333
"P11632",-20.3423831803,-20.2924860601,-20.4108376274,NA,NA,NA,2,2,3,NA,2,1,NA,NA,NA
"P11717",-22.2023258224,-22.1918552089,-22.251178826,-22.293152102,-21.9377572159,-22.0644195775,28,31,32,34,32,33,0.647885422656699,0.865712074303406,-0.1166769873
"P11745",-21.1882717368,-21.9019721397,-21.4366753886,-22.2138945046,NA,-22.127229378,8,6,9,7,6,5,0.0861002012650949,0.365638766519824,0.661588852933335
"P11766",-19.8289490827,-19.9581706468,-20.2420023359,-19.562248336,-19.9055017215,-19.5927190801,11,13,14,12,16,20,0.28488686026452,0.647018030513176,-0.322884309266666
"P11802",-22.7535039915,-22.9537958889,-22.9948385778,-22.6851011492,NA,-22.9731063366,2,2,3,4,NA,2,0.781004744105808,0.914314858891534,-0.0716090764999961
"P11908",-20.9973658759,-20.7568773509,-21.3932225927,-21.1019433246,-21.2601155982,-21.7659593108,15,15,15,15,10,16,0.347206152961472,0.700183936235438,0.326850804699998
"P11938",-23.589445096,-23.3639854768,-24.7672516556,NA,NA,NA,5,4,3,1,NA,2,NA,NA,NA
"P11940",-22.3254912038,-21.4037127046,-21.0243274979,-21.8797477312,-21.5806378116,-21.6183379971,43,49,49,43,44,46,0.765930563542266,0.904712762297902,0.108397377866666
"P12004",-18.2719186803,-18.4803842559,-18.4404053874,-18.1554505904,-18.2882974649,-18.4149904983,33,34,37,39,37,38,0.657762219666475,0.867844794467922,-0.111323256666665
"P12081",-23.1811472953,-21.0113939549,-21.2578690151,-21.7725892615,-21.4091023562,-20.3145390914,14,11,18,12,16,17,0.275673375503163,0.631130063965885,-0.651393185400003
"P12235",NA,-23.1223089105,-22.9897983738,-23.7294933127,NA,-23.9250133096,12,17,19,14,17,20,0.0267449683726279,0.176829268292683,0.771199669000005
"P12236",-21.5829510392,-21.8359170875,-22.8190418413,-21.7039671206,-22.6061131094,-21.9039574444,18,20,24,19,22,22,0.963684445083381,0.969811320754717,-0.00795743120000125
"P12268",-18.9449353385,-19.3182499229,-19.0104136082,-18.9870584638,-18.7775085177,-18.8563327135,42,35,46,38,47,44,0.43453493387004,0.761609907120743,-0.217566391533335
"P12270",-20.769147728,-20.5798855947,-20.6224027148,-20.6205900831,-20.5441599523,-20.8627694687,53,58,67,66,69,68,0.924298734905118,0.961319340329835,0.018694488866668
"P12277",-17.6192755526,-17.6548285394,-17.665867025,-17.5731271531,-17.4958830921,-17.3799087485,53,61,74,70,73,78,0.499816417481311,0.798212605832549,-0.163684041100002
"P12318",NA,-23.0579046755,NA,NA,NA,NA,NA,1,NA,NA,NA,1,NA,NA,NA
"P12385",-21.9038211937,-21.8568704066,-22.4668172559,-23.3633845124,-21.8283409125,-24.061376569,8,12,8,4,7,8,0.0883080793559517,0.369942196531792,1.0085310459
"P12429",NA,NA,NA,-23.5559122025,NA,NA,1,1,NA,1,NA,NA,NA,NA,NA
"P12532",NA,-23.9620989433,NA,NA,-23.5348265512,NA,0,3,1,1,2,0,NA,NA,NA
"P12611",NA,-23.6075173686,NA,-24.1482059972,NA,NA,1,1,1,2,1,1,NA,NA,NA
"P12612",-21.0769755865,-21.3737663879,-21.9497535625,-23.159835486,-22.7691227225,-23.7116738356,12,8,12,6,7,7,0.00488499137435308,0.0642201834862385,1.74671216906667
"P12688",-22.2212742213,-22.5444379362,-22.3248044007,-24.557324879,-24.2631396802,-24.595262705,8,8,12,5,4,3,0.000416043703277746,0,2.10840356866667
"P12695",-21.3951763833,-21.0626412784,-21.8234753019,-21.91049386,-22.363338891,-23.8502252425,10,10,9,5,9,5,0.0362830649798735,0.215,1.28092167663333
"P12709",-18.3748626912,-18.3322660968,-18.5120525268,-18.6773355308,-18.6332924726,-19.2196524748,67,58,60,43,42,36,0.181590281771133,0.516453382084095,0.437033054466667
"P12754",NA,NA,-24.3582021064,NA,NA,NA,2,1,3,NA,1,NA,NA,NA,NA
"P12758",NA,NA,NA,-21.0014329855,-21.2647152094,-20.5209218081,NA,1,NA,3,5,5,NA,NA,NA
"P12814",-21.0571384386,-20.8706157432,-20.9745231675,-21.0477322868,-20.8084526397,-20.8514128233,56,48,59,57,56,60,0.783554054054054,0.915087956698241,-0.0648931998333317
"P12829",-20.3327642647,-19.539344769,-19.5878191619,-19.3380017568,-19.2992292964,-19.4609952861,13,14,13,17,16,13,0.199785077630822,0.530120481927711,-0.453900618766664
"P12904",NA,NA,-22.9466875129,NA,NA,NA,NA,3,4,NA,NA,NA,NA,NA,NA
"P12945",-23.0303071725,-22.6736241878,-23.0012345708,-24.465085574,-24.3424991803,-23.8263680794,8,11,8,5,3,4,0.00710149511213341,0.099236641221374,1.3095956342
"P12955",-23.1047938356,-23.3087655203,-23.4167038219,NA,-23.781727173,-23.3681532121,2,1,1,1,1,2,0.339368315123634,0.697139303482587,0.298185799950001
"P12956",-19.1366748048,-19.49041689,-19.1050090815,-19.243909264,-19.240557694,-19.1032519384,35,41,42,46,43,52,0.841808798159862,0.940127388535032,-0.0481272932999985
"P12962",-20.4521001444,-20.7575592999,-20.8062671424,-22.3684462452,-21.9713345764,-22.4465719178,2,2,2,1,3,1,0.0027774583093732,0.0454545454545455,1.5901420509
"P13010",-19.6692417174,-19.4302364156,-19.4463771186,-19.477313,-19.5050534317,-19.1669021567,36,40,44,44,39,50,0.623197096032202,0.861723446893788,-0.132195554399999
"P13024",NA,NA,NA,NA,NA,-23.8321633988,NA,NA,NA,NA,NA,2,NA,NA,NA
"P13029",NA,NA,NA,-23.112709562,-24.1251355523,-21.4776032213,1,1,NA,6,8,11,NA,NA,NA
"P13073",-20.1341117213,-20.3223921982,-20.8277535751,-20.1531491564,-19.6625196326,-20.5664071385,8,7,9,12,12,12,0.415642323174238,0.752150537634409,-0.300727189033335
"P13188",-21.6552252769,-22.3782136414,-21.3147344794,-24.354624931,-23.7766298219,-23.8919786714,16,20,24,5,12,9,0.00149956871765382,0.0212765957446809,2.22502000886667
"P13298",-22.3577841038,-21.4880553603,-20.7257525957,-22.6028269114,-22.6353524508,-23.2148118134,3,3,5,3,4,2,0.0251712190914319,0.172955974842767,1.29379970526666
"P13473",NA,-22.9241508252,-22.4317668012,-21.7673958529,-23.7712253789,-22.3940112,4,4,6,6,5,5,0.932220960322024,0.962179868969625,-0.0337480025999994
"P13489",-18.8912560373,-19.3843789047,-19.7564241522,-18.9039815814,-18.8672984949,-19.4871685723,19,22,18,27,27,21,0.473404686601495,0.783162016642193,-0.257870148533332
"P13517",-20.9621749828,-21.4153151934,-22.0629335278,-21.6560827725,NA,-22.1902165663,6,5,4,4,2,2,0.307236342725704,0.665565102445473,0.443008434733329
"P13586",-23.8565794309,-25.1482170658,-24.6514811443,NA,NA,NA,4,5,4,1,2,2,NA,NA,NA
"P13639",-18.0894234773,-18.146407926,-17.8476854101,-18.0920193525,-17.8009740346,-17.8283326183,141,153,167,154,172,189,0.649379815986199,0.865712074303406,-0.120730269333333
"P13663",-19.8152230804,-20.0589321326,-19.9871089763,-20.9545379918,-19.9351699262,-20.421356377,18,15,19,10,13,13,0.196801466359977,0.529155787641427,0.4832667019
"P13667",-19.4784683645,-19.8036525837,-19.8423917664,-19.5715781673,-20.2327915443,-19.5693396612,31,30,30,40,29,36,0.781393617021277,0.914314858891534,0.0830655527333342
"P13674",-22.3187071137,-22.8271156625,-22.2484105716,-22.3928443355,-22.4517500481,-22.3764137533,4,4,5,4,3,5,0.828518545140886,0.9322528363047,-0.0577417369666691
"P13693",-20.0707331963,-19.6037973607,-19.8939392355,-19.2816438019,-19.7426553146,-19.6737091091,12,13,15,15,16,19,0.353762650948821,0.704957678355502,-0.290153855633335
"P13796",-19.2827806982,-19.2367319741,-19.4352193616,-19.1728893965,-18.9322121639,-19.2527611825,42,46,45,50,52,51,0.460359545715929,0.773134328358209,-0.198956430333332
"P13798",-21.3314812963,-21.0481113711,-22.1925527018,-21.5079014835,-21.5235005941,-21.3074051941,10,13,7,14,7,12,0.816330218516389,0.927021696252465,-0.077779365833333
"P13804",-19.3272114568,-19.491949895,-19.4976490241,-19.5561779454,-19.8164006879,-19.5038805975,17,14,18,18,19,19,0.484678550891317,0.790206433029285,0.186549618299999
"P13807",NA,NA,NA,-22.6057227409,-24.0678853325,-24.3343854296,NA,2,0,3,1,2,NA,NA,NA
"P13861",-21.3496282722,-21.6697440137,-21.7290658295,-21.9539343898,-22.0087442912,-21.647152186,7,11,4,7,6,6,0.335582087406555,0.690431519699812,0.287130917199999
"P13984",-23.2006848653,-22.8048597155,-22.197419054,-21.5469359754,NA,-22.939326478,3,3,7,5,2,8,0.338244680851064,0.694894146948941,-0.4911899849
"P13987",NA,-22.3675702077,-22.302167869,NA,NA,-22.2530302514,3,1,3,5,2,4,NA,NA,NA
"P13995",-23.0784204884,-21.0418367875,-22.4861750865,-21.521839403,-20.5083673875,-22.846437269,2,3,3,6,7,6,0.360900086256469,0.711309523809524,-0.576596100966665
"P14020",-19.987202606,-20.4107923209,-20.8868331807,-21.2987830556,NA,-21.4242651165,11,10,10,8,7,8,0.0391082518688902,0.234597156398104,0.933248050183334
"P14065",-21.5512116418,-21.6807962352,-21.2780479032,-22.754266504,-21.7095782091,-21.9584310847,6,7,6,3,3,4,0.119178838412881,0.431466030989273,0.637406672533331
"P14120",-19.2829715824,-19.7888771499,-20.0534698186,-20.1874141687,-20.1248336143,-20.1806863845,8,9,7,5,7,6,0.181993818286371,0.516453382084095,0.455871872199999
"P14126",-18.4429067903,-18.4289617559,-18.7291782043,-19.402146559,-18.9082353434,-19.2235121653,46,44,47,35,38,35,0.0628294997124784,0.307692307692308,0.644282439066668
"P14164",-23.3216212973,-24.815600006,-23.7804356481,NA,-25.0009434239,-24.7196433774,4,3,2,NA,2,2,0.096681282346176,0.390896921017403,0.887741083516669
"P14174",NA,NA,NA,-20.6902453023,NA,-21.5614676702,2,2,1,3,2,3,NA,NA,NA
"P14306",-20.545207691,-21.27592182,-20.4779291897,-21.5022601356,-22.2843526893,-22.1997513885,8,6,5,3,3,4,0.0164712478435883,0.144,1.22910183756667
"P14314",-20.790853989,-20.6971737688,-21.0287158394,-20.3834020392,-20.4063815859,-20.1880993243,15,18,17,24,20,22,0.0951551178838413,0.39047619047619,-0.512953549266665
"P14317",-22.8107447016,-22.355577921,-21.5793515425,NA,-23.7667746431,-22.0347320369,7,4,8,6,5,8,0.268635710178263,0.622641509433962,0.65219528496667
"P14324",-21.7970778793,-20.7136353373,-21.4060757118,-20.9061444526,-21.0023672008,-21.2583214238,6,7,9,6,8,12,0.491426538240368,0.795031055900621,-0.249985283733338
"P14373",NA,NA,NA,-24.3018905979,NA,-23.6392335688,5,1,5,4,NA,3,NA,NA,NA
"P14406",-19.9776846706,NA,NA,-20.9975911597,NA,NA,2,1,NA,2,1,NA,NA,NA,NA
"P14540",-16.4067379553,-16.2961178235,-16.5215294124,-16.9335153565,-16.7587159307,-16.9211505916,87,100,101,67,72,71,0.107737924094307,0.411543287327478,0.462998895866669
"P14550",-20.3537116793,-21.5996105112,-20.4913730831,-20.7999272632,-20.6979443855,-20.5908110002,13,9,11,11,12,12,0.746509344450834,0.904210526315789,-0.118670874900001
"P14618",-18.0102597491,-17.9023471419,-17.9232726572,-17.5753455929,-17.5472412359,-17.6501272852,75,79,82,77,77,91,0.168297009775733,0.496644295302013,-0.354388478066667
"P14625",-19.221606399,-19.4364774097,-19.4310878183,-19.2613871658,-19.3067261271,-19.4143666093,55,41,50,49,49,55,0.869060235767683,0.940738442444927,-0.035563908266667
"P14635",NA,NA,NA,-23.1417942054,NA,-22.4417893035,1,NA,3,3,1,4,NA,NA,NA
"P14678",NA,-18.6243271267,-18.59475099,NA,-18.1614184953,-18.4091331228,17,20,23,30,27,26,0.2557988786659,0.612807148175726,-0.324263249300003
"P14735",-22.8114196851,-23.5488127037,-23.110309686,-24.0322150735,-23.2889703885,-23.6896046603,10,12,9,9,10,14,0.174211903392754,0.505649717514124,0.513416015833332
"P14742",-21.738939904,-21.9742110131,-21.3081431321,-22.5473693835,-23.4246588447,-21.769254638,15,16,16,15,13,15,0.0763668775158137,0.338582677165354,0.906662939000004
"P14743",-22.6191425939,NA,NA,-24.2144978447,NA,-24.1705891804,3,1,NA,2,NA,1,NA,NA,NA
"P14747",-24.8022103358,NA,-23.3289771318,-23.6464680829,-23.7971989082,-25.180112778,5,6,6,2,4,3,0.789474410580794,0.915459750757831,0.142332855900001
"P14832",-17.2911358691,-17.3653825447,-17.6344361733,-17.958866914,-17.9460453857,-18.245692503,40,42,42,29,25,30,0.0613752156411731,0.301785714285714,0.6198834052
"P14843",-22.1661276574,NA,NA,-22.7416422281,-22.7430327256,NA,6,2,2,2,4,3,NA,NA,NA
"P14854",-18.9775117429,-18.9898172479,-18.6583660246,-17.9331960408,-18.9648063259,-19.228177229,10,7,8,9,9,10,0.66257259919494,0.868089973313,-0.1665051399
"P14859",-25.1886467641,NA,-24.7568986702,-24.7658670258,-24.4269826976,-23.8935983147,3,2,3,3,2,4,0.141738499137435,0.46096256684492,-0.610623371116667
"P14866",-18.2860090162,-18.284047496,-18.3217460329,-18.2167412949,-17.9657346876,-18.0601144229,49,52,60,54,57,63,0.396893904542841,0.741629464285714,-0.216404046566666
"P14868",-18.7941907814,-19.1096965094,-18.97122982,-19.2081873422,-18.9523420652,-18.9997038117,37,43,49,42,37,52,0.708993818286371,0.88205499276411,0.0950387027666686
"P14904",-22.829276342,-23.7137492716,-23.8272566885,NA,NA,NA,3,4,1,NA,NA,NA,NA,NA,NA
"P14906",-23.0321542521,-22.7258157089,-21.8555585432,-23.3960318857,-23.3417020128,-23.272448374,6,9,10,3,5,8,0.0663530764807361,0.32088285229202,0.798884589433335
"P14907",-22.6125643423,-23.4453008449,-23.0727662673,NA,NA,NA,9,6,4,1,1,2,NA,NA,NA
"P14922",-23.649978045,-22.6718541029,-23.3579540277,NA,NA,NA,4,6,2,NA,NA,NA,NA,NA,NA
"P14927",-19.7335694654,-19.3148755575,-20.1720691884,-20.2691864279,-19.1912978257,-19.2152671645,10,9,10,10,9,11,0.644690483036228,0.864433190494741,-0.181587597733333
"P15019",-19.8588305708,-19.3229737666,-19.246048443,-19.4107518086,-19.9317569039,-19.8997035317,25,29,31,25,23,20,0.418010063254744,0.752676659528908,0.2714531546
"P15104",-21.201522703,-20.7994634049,-21.8486816885,-20.9943569072,-21.2923235018,-20.7837184683,5,6,5,7,4,8,0.479134847613571,0.784503631961259,-0.259756306366665
"P15108",-20.7001021407,-20.8254047509,-20.8365554997,-21.1374345015,-21.1706864183,-22.0100481592,69,78,69,57,48,90,0.0951847326049454,0.39047619047619,0.652035562566667
"P15153",-22.4501725899,-21.5144555791,-22.062713213,-21.6875656821,-22.1357782959,-22.2876141015,4,5,4,5,5,5,0.918677257044278,0.960878724044538,0.0278722324999983
"P15170",-20.5658279532,-20.7826135072,-20.3033606653,-20.8192728938,-20.186246405,-20.2546962052,22,27,30,27,29,37,0.673894767107533,0.870086110071134,-0.130528873900001
"P15180",-20.5533495121,-20.0980062577,-20.6165134948,-21.6823362803,-22.4136150497,-21.8891213983,19,19,26,15,19,18,0.00474496837262795,0.0642201834862385,1.57240115456667
"P15254",NA,NA,NA,-24.6606530103,-24.6377603893,-23.1723880355,NA,NA,NA,4,3,8,NA,NA,NA
"P15274",-22.8464042162,-22.7611131248,-23.2625438892,NA,-24.2616896743,-24.8814251595,11,6,6,3,3,4,0.00482978723404255,0.0642201834862385,1.61487034016666
"P15288",NA,NA,NA,-20.7095036897,-21.0951620903,-21.3703767138,NA,NA,NA,13,11,8,NA,NA,NA
"P15303",-21.7201767996,-20.8328668544,-21.5050326261,-22.162457746,-22.2813408137,-23.0571385435,13,20,14,13,10,10,0.0241342725704428,0.172523961661342,1.14762027436667
"P15311",-20.5162067065,-20.3719001493,-21.2948907777,-21.5769737095,-20.6584528535,-20.5237438385,20,21,24,24,25,25,0.629082231167338,0.863582908663269,0.192057589333331
"P15367",-21.8556815136,NA,-22.2333870993,NA,NA,NA,1,NA,1,NA,NA,NA,NA,NA,NA
"P15374",-19.917259555,-19.6305327197,-19.7761803223,-19.9847779058,-19.1822746204,-19.7796257208,8,7,9,11,8,8,0.688020126509488,0.876763177431329,-0.125764783333331
"P15424",-24.5949027258,NA,NA,NA,NA,NA,3,5,3,NA,NA,NA,NA,NA,NA
"P15454",-19.8974148093,-19.2421623481,-20.3934168193,-21.5095030188,-20.319759558,-20.0736266544,7,10,7,7,7,5,0.124571736630247,0.439585730724971,0.789965084833334
"P15496",-22.2511081508,-22.0722589619,-22.4386877649,-23.4251016265,-22.8171529391,NA,4,3,5,1,1,1,0.0366870327774583,0.215346534653465,0.867108990266665
"P15531",-18.5772685091,-18.3697041287,-18.5644715676,-18.0471597071,-18.7351385963,-18.4046814266,39,30,31,33,31,30,0.71064591719379,0.882671480144404,-0.108154825133333
"P15559",-21.8398809612,-21.6134513545,-21.9250685397,NA,-22.7891784921,-22.1499056239,7,6,7,4,6,5,0.0787511500862565,0.349922239502333,0.67674177286667
"P15565",NA,NA,-23.847623702,NA,NA,NA,1,6,4,NA,1,1,NA,NA,NA
"P15624",-20.2828965621,-20.4196361677,-20.3655653496,-20.8553946159,-20.9653814861,-21.0806585436,20,21,20,12,15,14,0.0459746981023577,0.259713701431493,0.611112188733333
"P15625",-20.605674004,-21.5108012623,-21.5192546793,-21.9114764147,-22.6083145216,-22.1240885146,15,8,13,7,7,8,0.0344499712478436,0.20671834625323,1.00271650176667
"P15639",-23.2653206426,NA,-23.2001260699,-20.922675042,-20.8940956633,-21.4147319457,2,2,3,10,10,11,0.000622196664749856,0,-2.15555580591666
"P15640",NA,NA,NA,-21.5343733272,-21.5960381506,-23.5450553346,NA,0,NA,5,8,4,NA,NA,NA
"P15646",-20.5493190289,-20.4796534569,-20.6675938388,-21.1748512209,-21.8996019305,-21.5744612475,12,12,11,6,6,5,0.0193389879240943,0.148550724637681,0.984116024766667
"P15703",-22.0584180662,-20.9930874497,-21.5264206252,-23.2789164159,-22.0030056854,NA,3,4,5,3,4,1,0.0557784646348476,0.283302063789869,1.11498567028333
"P15705",-19.9823588173,-19.5465684235,-19.8711324845,-20.361891835,-20.3801519816,-20.1134083041,25,29,30,14,17,20,0.128459315698677,0.445714285714286,0.48513079846667
"P15731",NA,NA,NA,-22.1594605659,NA,NA,2,2,2,1,1,1,NA,NA,NA
"P15790",-23.7574432378,NA,NA,NA,NA,NA,2,2,NA,1,NA,NA,NA,NA,NA
"P15873",-21.2130144419,-22.3328290279,-21.3074905345,-21.4233535964,-21.10081879,-21.9851317721,13,8,9,8,8,4,0.764365152386429,0.904712762297902,-0.114676615266667
"P15880",-18.6489618039,-18.7715550404,-18.7685773838,-18.8183345586,-18.5191779575,-18.5220949364,33,34,33,37,37,41,0.665829212190914,0.86885865457294,-0.109828925200002
"P15891",-20.1508012081,-20.0970759837,-20.2616617207,-20.7817258692,-21.516091928,-21.0133297402,20,24,21,15,21,14,0.0241046578493387,0.172523961661342,0.933869541633332
"P15923",NA,NA,-24.8644955779,NA,NA,-21.9880208431,NA,1,2,2,3,4,NA,NA,NA
"P15927",-21.0434982235,-20.2448438438,-19.6795979754,-20.9045466909,-20.8665203511,-20.5005713919,10,12,12,9,10,8,0.295847326049454,0.657394843962008,0.4345661304
"P15976",-22.4412707332,-21.631499976,-21.8464926747,-21.8626525349,-22.2947886988,-22.3387629777,5,3,3,6,4,5,0.570265669925244,0.8348271446863,0.192313609166668
"P15992",-17.6565888031,-17.5474928269,-18.324655494,-18.2116519236,-18.0654955202,-18.4497441323,31,29,24,19,24,20,0.254172944220817,0.608208955223881,0.399384817366666
"P16083",-21.1008132804,-23.121017236,-20.7253262331,-21.1738034267,-21.5361820569,-21.0085648006,6,6,4,8,6,7,0.459470241518114,0.772681954137587,-0.409535488433331
"P16120",-19.9537921313,-20.0667893076,-19.7852088101,-20.6499518446,-21.0186066194,-20.5794915389,23,23,23,13,16,16,0.0276095457159287,0.189189189189189,0.814086584633337
"P16140",-19.2283083411,-18.8549372844,-19.0522128322,-19.7018409172,-19.3178534905,-19.6522559289,34,33,35,26,28,29,0.113923375503163,0.418491484184915,0.512163959633334
"P16150",-21.8240638979,-21.6673353298,-23.5627026655,-21.9373372245,-21.7261544018,-23.4866349743,7,7,2,6,7,4,0.935668631397355,0.962919015129042,0.0320082357999993
"P16152",-21.6380678467,-21.0321281285,-20.5992734524,-21.2867003682,-21.3582515419,-20.9271983777,4,9,9,5,6,6,0.764681426106958,0.904712762297902,0.100893620066667
"P16157",-20.9653697776,-20.9888470107,-20.7953293533,-20.3811319973,-20.4619627973,-20.4297557424,45,45,53,56,56,55,0.0820405405405405,0.358547655068079,-0.492231868200001
"P16220",NA,NA,NA,-23.1991783058,NA,NA,1,2,1,2,2,1,NA,NA,NA
"P16278",-22.2270263865,-21.8509570399,-22.372488667,-22.0350721672,-22.5377931248,-23.0890840748,6,6,7,8,5,6,0.291351351351351,0.652322404371585,0.4038257578
"P16387",-20.431168571,-20.7619402972,-20.5205313726,-22.0344349108,-21.1565212086,-21.1627369856,22,21,20,10,8,8,0.0423990799309948,0.248306997742664,0.8800176214
"P16451",-23.1825653643,-22.2955777564,-23.5620113394,NA,NA,-23.6698038918,4,5,5,NA,NA,3,NA,NA,NA
"P16474",-20.2282423778,-20.3846100696,-20.5345359793,-20.0332927907,-20.576531947,-20.8078325634,33,27,34,31,23,25,0.765900948821162,0.904712762297902,0.0900896247999974
"P16521",-19.4633199383,-19.2840940441,-19.5877581078,-19.8635221957,-20.0327337836,-20.3020940509,71,83,73,56,53,49,0.0638950546290972,0.310225303292894,0.621059313333333
"P16547",-22.1949944607,-21.4326477351,-21.0610799168,-23.2556415169,-21.6745948578,-21.9760048969,7,9,10,5,7,5,0.153385997699827,0.473684210526316,0.739173052999998
"P16550",-20.4975961599,-20.619424441,-20.6012963763,-20.3300956683,-21.0216501184,-20.7688994439,7,8,8,8,7,6,0.651302760207015,0.865815931941222,0.134109417800001
"P16603",-20.4539313196,-20.115990044,-20.9196367877,-23.151187272,-23.308065661,-22.3394963162,17,21,20,7,9,12,0.00100675675675676,0,2.43639703263333
"P16615",-24.9514723033,-23.5952622831,-24.0213299716,-24.7413613763,NA,-23.2570847719,4,5,8,5,4,9,0.712620471535365,0.88328530259366,-0.190131778566666
"P16622",NA,-22.7758325365,-22.8650687153,NA,NA,-23.2683729443,1,1,2,NA,NA,1,NA,NA,NA
"P16649",-21.4368080267,-21.3548339398,-21.6357512609,-22.5104761805,-22.7447338618,-22.4811511342,14,16,16,11,7,8,0.00753018976423232,0.101449275362319,1.10298931636667
"P16659",-23.1995334632,-24.4566964708,NA,-20.9569058396,-21.371931749,-20.4564951452,3,1,1,15,12,18,0.00118315123634273,0.0212765957446809,-2.8996707224
"P16861",-19.6024721672,-19.4259082179,-19.519623629,-20.7457638645,-20.0778626599,-20.0360742757,49,48,49,31,32,37,0.0481529614721104,0.259713701431493,0.770565595333331
"P16862",-20.4763323698,-20.3823596019,-20.0132975221,-21.4441995561,-21.2347191842,-21.3530170256,38,39,43,18,24,21,0.0114711040828062,0.125628140703518,1.05331542403333
"P16930",-21.2883445964,-20.9189544986,-20.9374284224,-20.9299524494,-20.9664152426,-21.3168354684,9,16,14,12,12,10,0.91819134560092,0.960878724044538,0.0228252143333343
"P16949",-18.899003627,-19.5136443892,-19.1810054061,-18.9754342027,-18.9586742464,-19.0957592527,15,12,15,14,14,14,0.526583525014376,0.81781557743957,-0.187928573499999
"P16965",-20.427855323,-20.6314410343,-20.0154221081,NA,-20.9272008146,NA,3,2,3,NA,2,NA,NA,NA,NA
"P16989",-20.8677179235,-21.0932700134,-20.8085766707,-21.198944754,-21.4252036722,-21.0686620581,14,14,12,13,15,11,0.286972254169063,0.647139903514817,0.307748625566667
"P17028",-22.9538883132,NA,NA,-22.8075605386,NA,-22.7781077621,2,1,NA,4,1,3,NA,NA,NA
"P17076",-22.3161882124,NA,-22.480056089,-22.5907756954,NA,-22.9221736337,3,24,1,1,1,3,0.251894479585969,0.601498127340824,0.358352513850001
"P17096",-18.8117894128,-18.0888960653,-18.9431796753,-18.9077145832,-18.3688651281,-18.5111758893,7,11,7,8,9,9,0.937796147211041,0.963830418025497,-0.0187031842666663
"P17106",-21.5136709778,-21.5894905349,-21.5697920013,-23.8396039308,-22.0950205936,-22.0840144767,4,5,6,3,2,2,0.0505428407130535,0.266129032258065,1.1152284957
"P17152",-22.3494360192,-22.3039829589,-22.0622583976,-22.7505001696,NA,-22.4552887404,2,1,1,1,1,1,0.23012147786084,0.566587864460205,0.364335329766664
"P17169",NA,NA,NA,-23.1083245414,-22.2991119476,-24.0873654558,NA,NA,NA,2,2,2,NA,NA,NA
"P17174",-19.7364899419,-20.0299951503,-19.9084686564,-19.7094562409,-19.3806428099,-19.3721296841,15,14,19,12,17,19,0.178818861414606,0.508333333333333,-0.404241671233333
"P17252",NA,-25.1565287256,NA,NA,NA,NA,8,8,8,7,8,11,NA,NA,NA
"P17255",-19.6883015918,-19.712554529,-19.9565261572,-20.7663611282,-20.780485227,-20.9824286118,69,70,69,47,42,43,0.00858481886141461,0.12258064516129,1.057297563
"P17423",-21.1540499923,-21.2275683813,-22.5702538291,-23.2647163801,-22.4608858456,-22.6415072266,5,8,4,3,4,6,0.038879959746981,0.231503579952267,1.13841241653333
"P17442",-23.7859273091,-24.172390258,-25.0558821799,NA,NA,NA,4,3,3,NA,NA,2,NA,NA,NA
"P17480",-21.5725708615,-21.8004583585,-21.5079387862,-21.6071240047,-22.0119209032,-21.6770530935,11,12,10,8,10,15,0.618708596894767,0.85880933226066,0.138376665066666
"P17482",-22.7228330329,NA,-23.2465405644,-22.2855251954,-23.7622589096,-23.5955010278,3,2,3,2,2,3,0.632182719953997,0.863582908663269,0.229741578950001
"P17483",NA,NA,NA,-23.05305516,NA,NA,1,1,1,1,1,NA,NA,NA,NA
"P17505",-19.579679847,-19.4568972807,-19.1905715586,-20.9135278099,-21.8411665509,-20.6408618678,16,14,15,11,9,8,0.00520414031052329,0.0642201834862385,1.7228025141
"P17536",-20.4880585556,-19.9515001168,-19.4764138391,-21.8331781521,-20.5047574838,-19.9677211194,10,12,18,8,7,12,0.14128982173663,0.46096256684492,0.796561414600003
"P17542",-23.1476057274,-23.2886430005,-23.4691651752,-23.3583432697,-23.1616152333,-23.7052006824,2,2,1,4,2,3,0.704396060954572,0.878457059679767,0.106581760766669
"P17555",-20.3966506263,-21.2416436624,-20.7111494718,-21.1409490405,-22.2557055109,-22.3848468725,12,12,12,10,3,7,0.031933726279471,0.198347107438017,1.14401922113333
"P17568",NA,NA,-22.7034893581,NA,NA,-22.5495041739,1,1,1,1,2,1,NA,NA,NA
"P17612",NA,NA,NA,-23.2555225214,-22.4218697593,-21.9296072211,4,NA,3,2,4,4,NA,NA,NA
"P17649",NA,-23.8157605225,-22.6012030225,NA,NA,-22.9884114079,10,9,10,6,4,5,NA,NA,NA
"P17655",-21.4544774877,-21.4436003406,-21.3456590636,-21.8645018927,-21.4704098248,-20.9376899274,19,12,14,14,14,16,0.956101063829787,0.966783216783217,0.00962158433333471
"P17695",-20.3358140921,-20.4611584604,-21.2400892371,-21.4882098009,-20.3444877732,NA,6,6,8,5,3,1,0.602412449683726,0.851623510069873,0.237328190516667
"P17709",-19.7039282796,-19.7194689644,-19.5120723893,-20.7899242805,-20.4348464153,-20.1402058585,26,32,32,16,20,22,0.0342804772857964,0.205194805194805,0.809835640333333
"P17812",-21.1551602878,-21.1210690496,-20.7414932572,-20.5010333547,-20.238125468,-20.2717233415,18,17,15,25,24,22,0.0519153248993675,0.271287128712871,-0.668946810133331
"P17844",-18.8445502202,-18.7554639076,-19.1056040224,-18.7694438248,-18.7399525318,-18.8077089896,68,60,59,79,75,81,0.616559660724554,0.857603872529246,-0.129504268000002
"P17858",-21.6929832186,-21.6131597899,-21.6163914042,-21.3584641662,-22.2904936869,-21.8798419723,10,10,9,10,11,10,0.545901955146636,0.82487869430966,0.202088470900001
"P17891",-19.410761135,-20.1569837334,-19.6763847547,-22.5572925385,-22.2114353106,-20.6918224481,12,13,13,5,7,9,0.00623030477285796,0.078740157480315,2.0721402247
"P17967",-19.4399899206,-19.3537776716,-19.0816943874,-19.8936301012,-19.9174861339,-19.9700959032,33,34,38,24,22,21,0.0490349338700403,0.259713701431493,0.635250052900002
"P17980",-20.195789938,-20.0482087212,-19.7097294367,-20.6347490652,-20.0503486409,-20.1320497171,20,20,27,19,26,26,0.378573605520414,0.725344036697248,0.287806442433332
"P17987",-18.1299577439,-18.0522636521,-18.1934991225,-18.0500873844,-17.7611012285,-17.9936392193,60,70,71,76,80,81,0.468230161012076,0.777886977886978,-0.1902975621
"P18031",-20.3791420723,-19.8817232145,-20.3762909619,-21.2471585051,-20.8242629353,-20.6346530965,15,19,12,13,17,13,0.0685058941920644,0.327841845140033,0.6896394294
"P18074",-23.2305195965,-22.9318446016,-23.440827757,-25.1270817723,-25.4199111438,-22.8568117137,5,7,3,3,3,4,0.06248533640023,0.306878306878307,1.26687089156667
"P18077",-20.7918739939,-21.590391713,NA,NA,-21.5280524686,NA,9,11,11,12,10,11,NA,NA,NA
"P18085",-21.5658457013,-22.4984443215,NA,-21.0884095998,-22.2219311551,-21.4785459586,12,9,14,15,13,21,0.356102932719954,0.708959711365003,-0.43584944023333
"P18124",-19.3845600802,-20.4058894627,-20.0063502589,-19.6623522534,-19.651852242,-19.6222364086,25,25,27,28,30,28,0.417364433582519,0.752676659528908,-0.286786299266666
"P18206",-19.2638848952,-19.1788673792,-19.449377985,-19.2430055513,-18.9569166344,-18.9983601922,77,76,80,73,83,95,0.401012075905693,0.747797356828194,-0.231282627166667
"P18239",-20.7053127311,-20.3403680283,-20.4741907709,-20.8909138581,-20.993752025,-21.2409006461,16,18,20,10,14,12,0.0957981598619897,0.39047619047619,0.535231666299996
"P18562",-22.0127302065,-20.3087877682,-21.0423324541,-21.6149693014,-22.5146291634,-22.4978257137,7,7,7,7,5,5,0.0535051753881541,0.273422562141491,1.08785791656667
"P18583",-22.0872136252,-21.7028841691,-21.5744945642,-21.3805337673,-21.9055802327,-21.6349673772,28,28,32,30,28,31,0.626624496837263,0.863582908663269,-0.147836993766667
"P18615",-21.1017363711,-20.9095292085,-21.2279268737,-22.7292183235,-21.2276526375,-21.9775242339,6,7,6,6,4,6,0.0631942208165612,0.307692307692308,0.898400913866666
"P18621",-18.8656652759,-19.1771325068,-19.1660886884,-19.289888387,-18.7354018214,-19.0505490501,12,14,12,14,13,12,0.863833525014376,0.940738442444927,-0.0443490708666658
"P18669",-18.8184199299,-18.7880693448,-18.9212109977,-19.3147576912,-18.9996988814,-18.8492574247,32,30,34,27,26,31,0.453700977573318,0.768922305764411,0.212004574966667
"P18754",-18.8001515639,-18.9434123058,-18.9833903187,-18.5713276776,-18.7314889751,-18.9887257829,30,31,25,34,32,30,0.594077055779183,0.845099667774086,-0.145137250933335
"P18759",-22.7342093373,NA,-22.5914822576,NA,NA,NA,16,9,14,5,6,9,NA,NA,NA
"P18858",-22.3082122139,-21.3314792547,-20.8718986223,-21.1022437024,-21.7168837534,-21.6984358482,12,16,18,16,19,17,0.974574324324324,0.973517559009787,0.00199107103333418
"P18859",-19.20684352,-19.2179897457,-21.124455957,-19.6214030856,-19.7651562016,-19.5469889583,3,3,2,4,5,6,0.66683726279471,0.86885865457294,-0.205246992399999
"P18887",-24.4887734366,NA,-24.6355635476,NA,-22.3073942722,-23.0996301402,6,6,6,6,8,7,0.00439807360552041,0.0606060606060606,-1.8586562859
"P18899",-19.7903934677,-19.7512700326,-20.2771187592,-20.6555156589,-21.9890355785,-21.4987494981,15,13,12,9,3,6,0.0124998562392179,0.125628140703518,1.44150615866667
"P19073",NA,-22.4582744329,-21.552297591,NA,NA,NA,1,5,3,NA,1,3,NA,NA,NA
"P19097",-20.1745300479,-20.3453824893,-20.1020757781,-20.7737438527,-21.3904318761,-21.0418970631,73,79,79,51,43,48,0.0270698677400805,0.181818181818182,0.8613614922
"P19146",NA,NA,-22.6907007237,NA,NA,NA,14,15,17,NA,NA,8,NA,NA,NA
"P19174",-25.1744975498,-25.2866391798,NA,NA,-25.5905357737,NA,6,4,NA,8,4,7,NA,NA,NA
"P19211",-21.4566289098,-21.7803561016,-21.7581877922,NA,NA,NA,1,1,1,8,9,8,NA,NA,NA
"P19262",-23.41926664,-23.3349608992,-21.710160936,-23.876617207,-23.4079472703,-22.5528273246,9,6,6,1,2,3,0.383948389879241,0.730834752981261,0.457667775566666
"P19338",-19.3028691528,-19.6618719158,-19.4791423173,-19.1458675349,-19.4216556637,-19.3316016797,49,40,50,48,46,52,0.508761357101783,0.802960222016651,-0.181586169199999
"P19358",-20.695546531,-20.9954652689,-20.6763670919,-20.3339994932,-20.4838842211,-20.8470104252,14,15,14,14,12,9,0.437611845888442,0.761609907120743,-0.234161584100001
"P19367",-20.8999460519,-21.286894763,-21.5741839382,-20.4327361199,-21.0517049929,-21.5476381826,28,23,20,32,25,19,0.52384703852789,0.816978548607942,-0.242981819233332
"P19387",-20.7393872287,-20.6492810501,-20.4543889439,-21.587188458,-20.7649820447,-20.9165359568,5,5,10,5,4,6,0.186339850488787,0.517953321364452,0.475216412266668
"P19388",-21.0933622493,-22.3264125709,-20.6172323411,NA,-20.840658767,-21.0894958527,4,6,5,6,4,7,0.456872627947096,0.769230769230769,-0.380591743916664
"P19404",-21.3548441646,-22.2337319063,-22.1588980815,-22.389317181,-21.421246836,-20.5808527513,6,5,5,4,7,8,0.356886716503738,0.708959711365003,-0.452019128033331
"P19414",-18.9473236548,-19.0834560131,-19.2724407793,-19.7658705535,-19.4212235694,-19.5576808328,61,50,60,38,43,43,0.12274094307073,0.437426900584795,0.480518169499998
"P19454",-23.3314082465,NA,-23.7505468071,-23.4116144527,-23.3115894015,NA,3,1,2,2,2,1,0.561660005750431,0.827720207253886,-0.179375599699998
"P19524",-24.7535068315,-23.6198268425,-24.0689711977,NA,-25.4532999837,-25.440672511,7,7,10,3,2,3,0.0177914031052329,0.14828897338403,1.29955129011666
"P19525",-22.9418199076,-23.7801473013,-23.1253833711,-22.9144760735,-23.2080754128,-23.082116538,5,5,7,6,7,6,0.521032777458309,0.815018315018315,-0.214227518566666
"P19623",-19.0697378708,-19.2664796832,-19.1070200011,-19.0302772933,-18.7469763157,-18.8692794727,20,21,21,24,25,24,0.327241374353076,0.688295165394402,-0.265568157800001
"P19784",-20.9281805473,-21.4007313526,-20.8693664897,-21.1786010602,-20.977007426,-20.4481228105,7,10,7,6,9,10,0.554771420356527,0.826730518067044,-0.198182364299999
"P19812",NA,-26.2572804043,-26.4700306693,NA,NA,NA,2,2,2,NA,1,NA,NA,NA,NA
"P19838",NA,NA,-24.2914627169,NA,NA,NA,1,NA,2,NA,NA,NA,NA,NA,NA
"P19882",-18.8431863487,-19.0430140561,-18.8956950689,-19.4368366862,-19.2491079439,-19.2672149187,37,42,48,35,28,32,0.159120615296147,0.48605577689243,0.390421358366666
"P19926",-23.8082159125,NA,-22.829635379,-20.8349178516,-20.6302678002,-20.8770548769,2,1,3,8,9,6,0.000769838987924094,0,-2.53817880285
"P20020",-24.4862124087,-25.0670579568,-24.722465574,-24.8397116315,-25.0646176635,-24.7740166316,1,1,2,1,5,1,0.645023433007476,0.864433190494741,0.134203329033333
"P20042",-19.0085811001,-19.2934023737,-19.489506768,-19.2456165869,-19.0493287339,-19.3112701568,26,26,26,27,26,28,0.81221506612996,0.924422442244224,-0.0617582547333306
"P20051",-23.260549193,-21.8921753119,-23.5488071127,-22.8612770066,NA,NA,5,5,4,3,1,NA,NA,NA,NA
"P20073",-20.5813868601,-21.1813536683,-20.9798107603,-20.9657329007,-21.8391739049,-20.6609659086,15,14,16,11,11,12,0.535194077055779,0.81781557743957,0.241107141833332
"P20081",-20.0064045526,-20.1440122143,-20.8057838254,-21.5619473815,-20.1156883262,-21.6600511186,6,6,4,4,2,3,0.123761357101783,0.439585730724971,0.793828744666666
"P20107",-23.4508094425,NA,-23.4602172195,-23.2099891459,NA,NA,2,2,2,1,1,1,NA,NA,NA
"P20226",NA,NA,-23.6463768321,NA,NA,NA,NA,NA,2,NA,NA,2,NA,NA,NA
"P20248",-23.0183865588,-24.5196474676,-21.9401358499,-23.0164660992,-22.9431800602,-22.2576515259,2,4,4,4,3,4,0.457149511213341,0.769230769230769,-0.420290730333335
"P20290",-19.0277239788,-18.5708631497,-18.4246414488,-18.1866486504,-18.4492283397,-18.7795462177,11,13,15,16,17,16,0.533991805635423,0.81781557743957,-0.202601789833334
"P20338",-22.7218373825,NA,NA,NA,NA,NA,3,5,5,7,5,5,NA,NA,NA
"P20339",NA,-22.3127699266,-22.6818159608,NA,NA,NA,2,2,4,2,1,2,NA,NA,NA
"P20340",-22.8977580787,NA,NA,NA,NA,NA,5,5,7,7,5,5,NA,NA,NA
"P20424",-23.896212078,-24.2113806521,-23.3039722304,-24.5901234363,-24.1260077621,NA,5,4,5,2,1,2,0.182369752731455,0.516453382084095,0.554210612366667
"P20433",-22.0188176796,-21.716833358,-21.9325839929,NA,NA,NA,1,1,2,NA,NA,NA,NA,NA,NA
"P20434",NA,-21.4164731812,NA,NA,NA,NA,NA,2,NA,NA,NA,3,NA,NA,NA
"P20435",NA,-21.2009451842,-21.1868040562,-21.5564612556,-21.3685693883,-21.687535705,0,2,2,1,1,2,0.229012650948821,0.566587864460205,0.343647496100001
"P20436",NA,NA,-22.2047164207,NA,NA,NA,NA,1,1,NA,NA,NA,NA,NA,NA
"P20447",NA,NA,-24.2881850725,NA,NA,NA,5,5,5,NA,NA,NA,NA,NA,NA
"P20449",-21.354063378,-21.3204902147,-21.4215245906,-21.5354486205,-22.6437438842,-21.6904940536,8,9,9,6,3,6,0.145258194364577,0.465116279069767,0.591202791666664
"P20459",-20.9642427207,-21.3380016722,-21.191851003,-22.2368539433,-21.5106892033,-23.2270862571,7,12,12,5,5,5,0.0351293847038528,0.207161125319693,1.1601780026
"P20484",NA,-24.0619484336,NA,NA,NA,NA,1,3,NA,NA,NA,NA,NA,NA,NA
"P20485",-23.7334511876,-23.0988315888,-23.2138247589,NA,NA,NA,4,4,4,2,2,2,NA,NA,NA
"P20486",NA,NA,-22.7585847633,NA,NA,NA,2,1,1,3,1,1,NA,NA,NA
"P20606",-19.9871110891,-19.4654563052,-20.1799366241,-20.9955964063,-19.9256787805,-20.6326787609,8,9,9,4,6,5,0.1327011213341,0.450719822812846,0.640483309766665
"P20618",-20.1400322734,-19.8873220894,-19.6929577231,-19.3770343634,-20.9906352592,-20.1272721216,15,18,20,15,13,12,0.545433438757907,0.824390243902439,0.258209886100001
"P20645",-20.4949412493,-20.4055069879,-21.2844217009,-20.5805551516,-21.2710067383,-20.7692079851,7,8,4,6,6,6,0.680369177688327,0.873039581777446,0.145299978966666
"P20674",-20.6996199727,-21.0544135785,-20.6129437786,-18.8188988681,-20.5609845624,-20.3685136244,6,5,7,9,3,6,0.0981886141460609,0.392523364485981,-0.872860091633331
"P20700",-18.9085590651,-18.8632389688,-19.1102643975,-18.9592003024,-19.3452043375,-19.2396940033,53,57,56,64,54,65,0.433730592294422,0.761609907120743,0.220678737266667
"P20810",-21.3768648955,-20.9865399878,-21.7076605262,-20.9189881593,-21.8408785246,-21.7788381083,14,11,11,12,8,12,0.666282633697527,0.86885865457294,0.155879794233332
"P20839",-21.5002461084,-21.9490115368,-21.2938842276,-20.8287845315,-21.3783041339,-21.1351155874,7,6,8,6,6,7,0.185149942495687,0.516772438803264,-0.466979206666668
"P20962",-21.2901009169,NA,NA,-21.2519730376,-21.1325200461,NA,1,NA,1,1,1,NA,NA,NA,NA
"P20967",-23.0355969662,-24.5485068116,-22.3279796379,NA,NA,NA,9,5,9,2,1,4,NA,NA,NA
"P21127",NA,-22.7141828044,NA,NA,NA,NA,12,10,11,18,16,14,NA,NA,NA
"P21165",NA,NA,NA,-23.7332797179,-23.5405713002,-22.5439517046,NA,NA,NA,2,4,4,NA,NA,NA
"P21170",NA,NA,NA,-24.4880472163,-23.7153632201,-23.9063487841,NA,NA,NA,1,1,2,NA,NA,NA
"P21242",-21.4282847219,-20.8118017947,-20.9399017004,-22.1916915771,-22.9797451058,-20.9768826019,9,10,7,6,7,8,0.0766633122484186,0.341194968553459,0.989443689266665
"P21243",-20.2618414108,-20.6589909555,-20.4498057578,-22.5637266068,-21.0194842099,-21.2899437535,8,9,7,5,6,7,0.0323931857389304,0.201086956521739,1.16750548203333
"P21264",-20.7731141448,-20.8633373648,-21.0189368411,-21.8302018378,-22.6334191337,-23.1604549478,20,19,20,13,14,9,0.00631656124209316,0.078740157480315,1.65622918953333
"P21281",-21.7156778454,-21.9721525602,-21.2137890625,-21.3095895721,-20.5930965631,-20.6625803565,15,13,18,18,17,16,0.0633128234617596,0.307692307692308,-0.778784325466663
"P21283",-21.6496778281,-22.4369995233,-23.234372861,-22.2523955317,NA,-22.4812927601,10,4,9,6,5,8,0.858846894767108,0.940738442444927,-0.073505924900001
"P21291",-20.9466153643,-20.5194951457,-21.1637604622,-22.0015733037,-20.7997167307,-20.3953124943,3,4,4,4,5,5,0.658398936170213,0.867996930161167,0.188910518833332
"P21304",-23.1303222546,NA,-24.5092176822,NA,NA,NA,5,2,3,NA,1,2,NA,NA,NA
"P21306",-20.833350856,-20.670438958,-19.3962623183,-19.9760734167,-20.472578925,-19.3700343888,4,2,4,3,3,3,0.438280621046579,0.761609907120743,-0.360455133933332
"P21333",-19.5183655359,-19.6143966454,-19.6956648561,-19.5387072449,-19.3341018278,-19.4957159919,125,120,124,129,131,144,0.543129384703853,0.822064056939502,-0.153300657599999
"P21367",NA,NA,NA,NA,-22.5749698611,-20.5094576701,NA,NA,NA,2,2,4,NA,NA,NA
"P21373",NA,-24.0742054103,-24.1500499366,NA,NA,NA,NA,2,1,NA,NA,NA,NA,NA,NA
"P21375",-24.4023904134,NA,NA,NA,NA,NA,2,2,3,NA,NA,NA,NA,NA,NA
"P21399",-22.8781189587,-22.3669136229,-21.9750506032,-22.0552994438,-22.5882790063,-22.4101248945,9,12,13,13,10,15,0.855629384703853,0.940506329113924,-0.0554599467333325
"P21524",NA,-24.3417253554,-24.4005622052,NA,NA,NA,0,4,2,1,6,0,NA,NA,NA
"P21538",-24.5429406409,NA,NA,NA,NA,NA,1,1,1,NA,NA,NA,NA,NA,NA
"P21560",NA,NA,-23.2403297959,NA,NA,NA,1,3,4,NA,NA,NA,NA,NA,NA
"P21576",-21.1823399091,-21.2127600348,-21.2350977655,-23.2976745018,-23.6693061992,-22.1551276557,16,20,21,11,8,10,0.00562320299022427,0.0701754385964912,1.83063688243333
"P21599",NA,NA,NA,-22.2407558754,-21.1795373823,-21.0475297043,NA,NA,1,3,5,8,NA,NA,NA
"P21734",-21.0529531605,-20.8568144536,-21.2333755801,NA,-22.5207423917,-21.0899548176,4,5,3,1,2,3,0.135778464634848,0.453038674033149,0.757634206583333
"P21796",-18.8010930013,-18.6710566873,-18.6414703051,-18.4257662662,-18.3615408473,-18.4872099182,23,23,25,23,25,25,0.273277889591719,0.631130063965885,-0.279700987333332
"P21827",-21.9774056747,-23.4388686411,-24.2769368852,NA,NA,-24.100234606,6,1,3,2,2,2,NA,NA,NA
"P21889",NA,NA,NA,-24.3513777377,-24.3959288159,-23.465274126,NA,NA,NA,5,5,7,NA,NA,NA
"P21912",-21.5962681596,-20.5694153427,-20.5739402335,-20.9419339479,-20.8023530961,-20.3944528917,8,12,9,10,14,13,0.596098907418056,0.847141673570837,-0.200294600033335
"P21954",-21.1480466673,-20.5034093208,-20.5970901242,-21.4757042543,-21.9752575057,-21.7823550412,16,13,19,12,14,14,0.0215455721679126,0.161512027491409,0.994923562966665
"P21964",-18.9110756601,-19.1891397862,-19.2204504693,-18.7815095719,-19.1120924538,-19.3450324332,11,10,18,15,11,16,0.907284502587694,0.955940443634154,-0.0273438189000004
"P21965",-21.6274981968,-21.3008160591,-22.062562883,-22.6545632135,-23.3022854178,-22.3980083638,5,7,7,3,3,5,0.0221595744680851,0.16271186440678,1.12132661873333
"P21980",-20.7183201469,-20.1969708267,-21.2946320068,-20.4020724862,-20.6938393726,-20.3811326616,16,17,14,21,18,21,0.499846032202415,0.798212605832549,-0.244292819999998
"P22033",NA,-23.2673483667,NA,NA,-23.4152123032,-24.6560956337,2,3,1,4,4,6,NA,NA,NA
"P22059",-22.4388930672,-21.4883669569,-21.720239583,-21.4752006773,-21.6901134468,-21.2589720376,10,14,17,13,10,13,0.270042840713053,0.625992779783394,-0.407737815133331
"P22061",-18.0126541865,-18.5555799586,-18.2885926958,-17.9926406225,-18.1124655029,-18.2141086642,20,19,26,27,24,26,0.537458596894767,0.818425760286225,-0.179204017099998
"P22087",-19.3780995382,-18.9288167738,-18.8145919284,-19.0072803203,-18.8079031771,-18.7477803147,25,27,35,23,30,35,0.533842725704428,0.81781557743957,-0.1861814761
"P22102",-18.9168193035,-18.9316724295,-18.844007927,-18.8212955013,-18.7390146739,-18.7290409297,61,73,80,76,70,86,0.564392179413456,0.828387096774194,-0.1343828517
"P22106",NA,NA,NA,-22.7272453474,-22.5178926358,-22.4092441672,2,0,0,4,2,6,NA,NA,NA
"P22137",-20.7397343822,-20.682472827,-20.8901248487,-21.0350839783,-21.1948039593,-21.3674557223,42,46,46,28,26,35,0.145228579643473,0.465116279069767,0.428337200666665
"P22138",-23.800479357,-23.6282687863,-25.4002488707,NA,-25.1525768871,NA,7,5,6,3,4,NA,NA,NA,NA
"P22139",NA,NA,-21.0667315899,NA,NA,NA,NA,NA,2,NA,NA,NA,NA,NA,NA
"P22141",-22.1508105533,-21.0705976471,-20.8952715164,-21.4028253528,NA,NA,4,3,4,3,2,3,NA,NA,NA
"P22146",-20.9479045697,-21.2106108398,-21.5177272043,-22.4328161403,-21.1279201693,-21.3408936727,8,8,10,6,8,9,0.332777889591719,0.689308176100629,0.408462456166667
"P22147",-22.1247643887,-21.7790913635,-21.7781740748,-22.8312268037,-22.6543723004,-23.4335287149,23,28,26,15,13,14,0.0173207303047729,0.144,1.079032664
"P22202",-23.8684191941,-22.3945885618,-22.3403796786,-24.3190148839,-24.236501616,-24.6610687836,62,60,63,48,47,60,0.0138004600345026,0.132701421800948,1.53773261633334
"P22203",-19.6378870276,-20.0450523749,-20.4167009099,-21.4311970191,-20.8089347969,-19.9440381222,17,14,12,9,8,9,0.142276451983899,0.46096256684492,0.694843208599998
"P22213",NA,NA,-23.4749713309,NA,NA,-25.071920798,3,1,3,NA,NA,5,NA,NA,NA
"P22214",-22.5621402547,-22.1671859712,-22.1428839664,-22.4892329377,NA,-22.6119406574,1,1,1,1,NA,1,0.391505894192064,0.736664795058956,0.259850066783333
"P22217",-18.8537112992,-18.5871836968,-18.8099997854,-18.4808167628,-18.9681159945,-19.2223105629,9,11,7,8,6,6,0.649548591144336,0.865712074303406,0.1401161796
"P22234",-18.9636172525,-19.2289547016,-19.3338519647,-18.8986202484,-19.2161115553,-19.2939900882,38,35,37,42,31,35,0.871993530764807,0.940738442444927,-0.0392340089666661
"P22256",NA,NA,NA,-20.7937786534,-21.5754052678,-21.3118179829,1,1,2,8,8,7,NA,NA,NA
"P22259",-23.7883085265,-22.7423591308,-23.7514644936,-20.3306601807,-20.4646874306,-20.4308370273,1,4,4,16,16,16,0.000267970097757332,0,-3.01864917076667
"P22307",-23.0071441128,-21.9044904507,-22.3370747367,-22.0955666866,-21.9317112589,-22.1178904272,5,5,8,7,7,10,0.322856526739505,0.682051282051282,-0.367846975833331
"P22314",-19.6870111695,-19.68005797,-19.7817239713,-19.7172271742,-19.4709552595,-19.4770971758,55,54,54,51,57,52,0.528121909143186,0.81781557743957,-0.161171167100001
"P22336",-24.1711557728,-22.6483640563,-22.5127863977,-23.899755114,NA,-24.1990353709,5,9,6,3,NA,1,0.109761213341001,0.412204234122042,0.938626500183332
"P22392",-19.5985626903,-19.9874380976,-20.0723669308,-19.6259031991,-20.2265923696,-20.9034081537,39,16,16,18,18,19,0.362027314548591,0.711995249406176,0.365845334566668
"P22515",-20.3372998397,-19.9336738741,-20.0934520589,-20.7905670334,-20.9411391077,-20.6726125868,43,43,47,34,30,34,0.0457980161012076,0.259713701431493,0.6799643184
"P22517",-24.2021648048,-22.5773646154,-22.9008066266,NA,NA,NA,2,5,3,NA,1,NA,NA,NA,NA
"P22570",-21.2766107255,-21.6582729738,-21.3578790127,-21.9727675986,-21.7323713887,-20.5514408136,11,16,15,14,18,18,0.955865439907993,0.966783216783217,-0.0120609703666688
"P22579",-26.0204967206,-25.5847339274,NA,NA,NA,NA,4,3,3,NA,NA,NA,NA,NA,NA
"P22626",-16.7815080819,-16.9449426528,-16.854584775,-16.6760973009,-16.6514141102,-16.6308017717,109,102,105,110,116,124,0.395635853939045,0.740637227501397,-0.207574108966668
"P22681",NA,NA,-24.8690137803,NA,NA,NA,NA,2,1,1,NA,2,NA,NA,NA
"P22695",-20.3233627735,-19.6001248097,-19.8107515999,-19.5628234792,-19.3557878502,-19.9611654805,19,18,21,21,21,16,0.409806497987349,0.748639825897715,-0.284820791066668
"P22696",-20.243498103,NA,NA,NA,NA,NA,4,2,3,NA,1,1,NA,NA,NA
"P22768",-21.3396497906,NA,-22.6475965845,NA,NA,NA,8,2,4,NA,NA,2,NA,NA,NA
"P22803",-17.7967259733,-17.8027615986,-17.8092527747,-18.6482820584,-18.5465651466,-18.6746232243,18,20,20,14,11,15,0.013627515813686,0.132701421800948,0.820243360900001
"P22804",NA,-21.8137727927,NA,NA,NA,NA,NA,1,NA,NA,NA,NA,NA,NA,NA
"P22830",-21.2509182222,-20.4380184135,-20.5114747631,-20.3019999758,-21.3164494848,-20.5723986199,7,12,10,14,8,11,0.971919062679701,0.97298468650679,-0.00318777276666538
"P22855",-25.403157128,-23.6772117733,NA,NA,NA,NA,4,5,5,1,NA,NA,NA,NA,NA
"P22943",-18.6435369148,-18.4253633763,-18.5799060957,-18.9327688187,-18.6609079195,-19.3287560077,11,9,8,8,10,8,0.196259200690052,0.529155787641427,0.4245421197
"P23180",-20.8769809198,-21.3068484544,-20.8876310429,-21.7573268101,-23.3665183834,-21.8763181191,8,11,11,4,3,7,0.026061242093157,0.174846625766871,1.30956763183333
"P23193",-20.1118328625,-19.8359013698,-19.8836939837,-20.2666093259,-20.4693057012,-20.3572214197,13,16,14,13,12,13,0.145349913743531,0.465116279069767,0.420569410266665
"P23201",NA,NA,-25.9321854147,NA,NA,NA,NA,1,3,NA,NA,NA,NA,NA,NA
"P23202",-23.6085007671,NA,NA,NA,NA,NA,3,NA,1,NA,NA,NA,NA,NA,NA
"P23246",-19.1410058927,-19.3591365904,-19.2360957303,-19.313451093,-19.3367632152,-19.2548629427,62,64,68,71,63,69,0.802455865439908,0.920465890183028,0.0562796791666678
"P23248",-22.4666282983,-22.5178527423,NA,-22.7532392918,NA,NA,38,4,3,25,3,2,NA,NA,NA
"P23254",-20.7847192801,-20.4573808188,-20.5091031103,-22.6350540152,-21.1153144331,-21.150256057,30,28,31,17,20,21,0.0493591144335825,0.259713701431493,1.0498070987
"P23258",-24.1305095146,NA,-23.3488381163,-22.8743223186,-23.7900673069,-23.3004205666,12,7,11,14,10,12,0.327864577343301,0.689308176100629,-0.418070418083335
"P23284",-18.7921643246,-19.3025907406,-19.3062338292,-19.0318921082,-18.6805797136,-19.1332649418,28,28,31,29,30,33,0.552479298447384,0.826730518067044,-0.1850840436
"P23291",-21.7662472765,NA,NA,NA,NA,NA,7,1,4,NA,1,0,NA,NA,NA
"P23292",-22.0467944499,-21.6021441097,-21.7503996929,-22.7531139044,NA,-22.3106449183,8,6,7,4,1,4,0.0560102070155262,0.284644194756554,0.732099993849999
"P23301",-18.0421623259,-17.9285079345,-18.2087664515,-18.2998237621,-18.3928658046,-18.1318779952,20,25,25,19,19,19,0.426921362852214,0.759747102212856,0.215043616666666
"P23327",NA,NA,-23.9947506003,NA,NA,NA,NA,NA,1,NA,NA,NA,NA,NA,NA
"P23337",-22.8661406205,-24.9122334297,-23.0806873487,NA,NA,NA,9,7,5,0,1,1,NA,NA,NA
"P23368",NA,-23.6865194814,-23.1711940474,NA,-23.9175079584,-23.9057381546,3,1,3,3,3,3,0.17547556066705,0.506046511627907,0.482766292099999
"P23381",-19.5158379864,-19.8243391066,-19.7921538187,-19.378833808,-19.5482067241,-19.5701564985,30,22,23,37,29,29,0.435349338700403,0.761609907120743,-0.211711293699999
"P23396",-18.111993246,-18.0849374456,-17.7531093933,-17.6135829729,-17.736813555,-17.7286633603,40,39,46,46,52,50,0.30336802760207,0.665565102445473,-0.290326732233332
"P23434",-22.1421612426,-21.8314323771,-22.0629430634,-22.2320567731,-21.8460021046,-21.2671186099,1,2,1,2,2,3,0.505204715353652,0.801583605030275,-0.230453065166667
"P23497",NA,-25.3950660067,NA,NA,NA,-25.2074739647,11,12,4,13,14,13,NA,NA,NA
"P23511",-23.0322370278,-23.7001118797,NA,-23.1024644355,NA,-23.2147729846,1,2,2,2,1,2,0.566406986774008,0.831330472103004,-0.207555743699999
"P23526",-19.7111005293,-19.3200547015,-19.4876094991,-19.6847284405,-20.0489114523,-19.785332731,27,32,36,35,33,34,0.265901667625072,0.618353969410051,0.3334026313
"P23528",-17.2587047248,-17.2700452094,-17.3156236985,-17.6043214732,-17.0964196753,-17.3341114415,46,50,46,52,52,49,0.804187032777458,0.920851346857333,0.0634929857666684
"P23538",NA,NA,NA,-24.5331402115,NA,-24.7308994516,NA,NA,NA,2,4,3,NA,NA,NA
"P23542",-20.7517980046,-19.8248370119,-20.1070615877,-21.3528874693,-21.4113045027,-21.6317874024,13,15,14,6,8,8,0.0122453996549741,0.125628140703518,1.23742759006667
"P23585",NA,-22.4741690437,NA,NA,NA,NA,2,2,2,NA,1,2,NA,NA,NA
"P23588",-20.6313322372,-20.8809551774,-20.4974274474,-20.6770223528,-20.4690737917,-19.7831847192,26,23,26,24,26,37,0.314655549166187,0.672067401166559,-0.360144666099998
"P23594",-23.5746329764,NA,NA,NA,NA,NA,2,6,8,8,1,6,NA,NA,NA
"P23615",-24.9558720439,-24.863194892,-24.6568974024,NA,NA,NA,7,9,10,NA,2,4,NA,NA,NA
"P23634",NA,NA,-25.3562281482,NA,NA,NA,0,NA,2,NA,4,1,NA,NA,NA
"P23638",-20.568135435,-20.5963360476,-20.5544395302,-21.459793123,-22.7133323258,-21.7354710369,9,6,9,5,2,5,0.0119547153536515,0.125628140703518,1.3965618243
"P23639",-20.7645483053,-21.4210433087,-21.064651586,-21.2085069293,-21.4488486856,-21.7132938631,9,4,7,3,3,5,0.267629959746981,0.620915032679739,0.373468759333335
"P23641",-21.7769761456,-21.0460606569,-21.174991497,-22.9203181211,-22.0800483872,-21.6200341877,5,8,5,5,6,5,0.0680790684301323,0.326633165829146,0.874124132166667
"P23642",NA,-24.1185391514,-24.6544101667,NA,NA,NA,NA,1,1,NA,NA,NA,NA,NA,NA
"P23644",-22.2280172774,-21.9990296669,-22.1039425682,-22.2406782981,-21.4266308349,-22.2350564983,3,2,3,3,3,4,0.661664893617021,0.868089973313,-0.142874627066668
"P23721",NA,NA,NA,NA,-23.3612952991,NA,NA,NA,NA,3,2,2,NA,NA,NA
"P23724",-21.8658790519,-22.436396089,-22.773855085,NA,NA,-22.928781252,8,7,3,4,5,3,NA,NA,NA
"P23776",-22.0651522546,-21.7566974352,-22.2537331275,-22.5353043046,NA,NA,6,6,6,5,1,3,NA,NA,NA
"P23786",NA,NA,NA,NA,NA,-24.8363343728,NA,1,2,1,1,3,NA,NA,NA
"P23847",-22.7015562278,NA,-23.8996586377,-21.9027511844,-21.6178336805,-21.0500076573,9,5,4,12,14,12,0.00942265669925244,0.125628140703518,-1.77707659201667
"P23857",NA,NA,NA,-21.0425655782,NA,NA,NA,NA,NA,1,1,1,NA,NA,NA
"P23869",NA,NA,NA,NA,NA,-22.2528889069,NA,1,NA,NA,1,2,NA,NA,NA
"P23883",NA,NA,NA,-23.332054585,-22.970839347,NA,NA,NA,NA,2,1,1,NA,NA,NA
"P23919",-19.6842341501,-19.8771984987,-19.8532788858,-19.6076607966,-21.4811970137,-20.4028167136,10,8,13,11,7,9,0.1623477573318,0.491176470588235,0.692320996433331
"P23921",-21.2756262528,-21.0748109563,-20.7975665414,-20.5140240233,-20.9188765068,-20.4443665332,24,23,20,23,32,31,0.19607892466935,0.529155787641427,-0.423578895733332
"P24000",-22.3563343593,-22.3474111623,-21.4979707637,NA,NA,-22.3477185782,9,2,10,2,2,6,NA,NA,NA
"P24031",NA,-23.7914791005,-23.6209012948,NA,NA,NA,1,2,2,0,NA,1,NA,NA,NA
"P24182",NA,NA,NA,-22.64348543,-22.3437144702,-22.3041975406,NA,NA,NA,3,5,5,NA,NA,NA
"P24276",-22.4214122215,-22.6416516043,-23.6455142286,-24.3751253265,-25.2521448747,-23.8403933443,20,12,13,5,6,11,0.0140888441633122,0.132701421800948,1.58636183036667
"P24280",-20.6315462283,-19.8424332252,-20.4150951042,-22.0475912959,-22.1104673376,-22.2750106937,10,14,14,6,6,6,0.00173461759631972,0.0212765957446809,1.8479982565
"P24521",-23.3194194835,NA,-23.5376796951,NA,NA,NA,2,1,1,NA,NA,NA,NA,NA,NA
"P24534",-18.0257858353,-18.0744676779,-18.2425345366,-17.7988092648,-17.8686130691,-18.0606066202,21,21,28,23,28,24,0.44013757906843,0.761708697889861,-0.204919698566666
"P24539",-20.2213912025,-21.3709410194,-21.9886575998,-20.6036341076,-20.6370821581,-20.8095552382,7,6,4,8,6,9,0.272649367452559,0.631130063965885,-0.510239439266666
"P24666",-19.0254183615,-19.1354261547,-19.0612226265,-19.0863532268,-18.9205756752,-19.060038117,9,9,8,9,8,8,0.815064836112708,0.926267281105991,-0.0517000412333353
"P24752",-20.4994550582,-20.0014971919,-20.6890730614,-20.0877606106,-20.0211672424,-20.3037577565,17,16,15,14,18,17,0.418358683151236,0.752941176470588,-0.259113233999997
"P24783",-21.8565276979,-21.6648239102,-23.177316746,-22.5967814079,-24.0426693985,-22.6361164926,18,11,5,20,18,17,0.131143760782059,0.450719822812846,0.858966314966665
"P24928",-22.5074937782,-22.2193616895,-23.0095428134,-22.3011297677,-21.6651571835,-23.0586921495,25,24,22,24,30,24,0.568758338125359,0.831695856471593,-0.237139726800002
"P24941",-20.4543985046,-20.8119110744,-20.9088717339,-20.6418340149,-20.9943240235,-21.1982593279,7,9,10,9,8,9,0.480812104657849,0.784503631961259,0.21974535113333
"P25039",-24.3478685902,NA,NA,NA,NA,NA,1,3,2,1,1,NA,NA,NA,NA
"P25043",NA,NA,NA,NA,NA,-22.8394802446,1,1,1,1,NA,1,NA,NA,NA
"P25045",-22.8541797998,NA,-22.9384635223,-24.1590988197,-24.2382197027,NA,3,3,7,1,2,NA,0.00268861414606095,0.0454545454545455,1.30233760015
"P25087",-20.126845987,-20.8585015998,-19.643503137,-20.3675974493,-20.5985489618,-20.2449158247,13,18,20,11,14,14,0.60244206440483,0.851623510069873,0.194070503999999
"P25098",NA,-24.2260796243,NA,NA,NA,NA,1,1,1,1,3,1,NA,NA,NA
"P25205",-19.6060502942,-20.0593071237,-20.1250802326,-19.6010439642,-19.5207145191,-19.539249617,41,46,53,51,52,64,0.221694508338125,0.555913113435237,-0.376476516733334
"P25293",-21.0804714382,-20.4398371297,-20.386565659,-21.7086441809,-20.8483237875,-21.5292379063,5,10,8,3,5,5,0.0847824899367453,0.363636363636364,0.726443882600002
"P25294",-20.7767921388,-20.2892872949,-19.922124214,-21.0094445715,-20.9431010008,-20.9219032451,7,11,13,5,6,7,0.0911342725704428,0.382228490832158,0.6287483899
"P25296",-21.4610081535,-21.002690796,NA,NA,NA,NA,3,3,1,1,1,NA,NA,NA,NA
"P25303",-23.264369394,-23.3699346662,NA,NA,NA,NA,1,1,NA,NA,NA,NA,NA,NA,NA
"P25325",-21.0854718027,-20.8369729537,-21.1111293819,-20.7365382047,-21.2679688241,-21.4223710534,6,10,5,5,8,7,0.666018257619321,0.86885865457294,0.131101314633334
"P25340",-22.8185590915,-23.7116225262,NA,NA,NA,NA,3,3,3,3,3,2,NA,NA,NA
"P25342",-21.3760456396,-22.150762164,-23.0583958393,-23.0961373036,NA,NA,5,5,7,4,1,1,NA,NA,NA
"P25343",-20.4441195811,-20.2363421524,-20.2455658153,-21.9521873606,-21.6718481906,-21.207230005,7,10,7,10,7,6,0.00741748131109833,0.101449275362319,1.30174600246666
"P25349",-19.6067094684,-19.9457395778,-19.9690768518,-21.0184797744,-20.5140320738,-22.2682246699,6,6,9,9,8,2,0.0190537665324899,0.148550724637681,1.42640354003333
"P25365",NA,NA,-25.1153281758,NA,NA,NA,NA,1,1,NA,NA,NA,NA,NA,NA
"P25367",-21.6870965688,-22.6265123407,-21.8272642379,NA,NA,NA,2,1,4,1,NA,NA,NA,NA,NA
"P25369",-23.9443407837,-22.5302907123,-22.517790745,NA,NA,NA,2,2,2,2,NA,NA,NA,NA,NA
"P25371",-24.733189891,-24.766644966,-25.0071289683,NA,NA,NA,2,2,3,NA,NA,NA,NA,NA,NA
"P25373",-19.5225112283,-19.0175133901,-18.5946184836,-20.3499848624,-21.0024267209,-21.5920515492,7,9,11,3,6,4,0.00463269120184014,0.0606060606060606,1.93660667683334
"P25374",NA,NA,-23.8306082297,NA,NA,NA,4,3,3,NA,1,1,NA,NA,NA
"P25375",-23.435341423,-23.0243987395,-22.6775782847,-24.51459724,NA,NA,7,8,7,3,2,NA,NA,NA,NA
"P25386",-25.6755148312,-26.3679137755,NA,NA,NA,NA,5,7,1,NA,NA,NA,NA,NA,NA
"P25398",-17.966331483,-17.9201035381,-17.9944344859,-18.5485652513,-17.9980808943,-17.953504863,17,17,18,17,18,21,0.493582949971248,0.795908658420552,0.206427167199998
"P25437",NA,NA,NA,-21.3603620606,-21.6086304905,-22.0796531479,NA,NA,NA,3,4,3,NA,NA,NA
"P25440",-23.7984934845,-23.1479522284,-23.6254689841,NA,NA,-22.670341661,5,5,3,1,4,4,NA,NA,NA
"P25443",-19.5946402289,-19.6089211971,-19.4899864868,-20.2855520315,-21.0033705003,-20.3433250305,21,22,21,12,13,14,0.0211986774008051,0.158620689655172,0.979566549833336
"P25451",NA,-20.7115312244,-20.7479336223,-22.2258064782,-22.3366271457,-22.5083315561,1,4,4,3,2,2,0.00127199539965497,0.0212765957446809,1.62718930331667
"P25454",-23.3785149695,NA,NA,NA,NA,NA,1,NA,NA,NA,NA,NA,NA,NA,NA
"P25490",-22.8872946239,-22.9163993015,-23.1293983933,-22.7794503936,-22.7716986543,-22.8768689113,3,1,1,4,3,4,0.506943214491087,0.802960222016651,-0.168358119833336
"P25491",-20.3104176852,-20.9364465394,-20.0469384327,-21.3614423747,-21.1361267306,-23.0700108502,16,16,20,12,13,11,0.0285602357676826,0.190058479532164,1.42459243273333
"P25526",NA,NA,NA,-21.2307062316,-22.9358879902,-21.9781508955,NA,2,1,5,4,4,NA,NA,NA
"P25553",-20.6199916113,-20.3631566928,-19.8206272081,-18.9595089561,-18.9423214437,-19.0740917228,15,16,19,39,30,32,0.00870198389879241,0.12258064516129,-1.27595112986667
"P25555",-23.7155677017,-22.788237697,NA,NA,NA,NA,2,2,1,NA,NA,NA,NA,NA,NA
"P25560",NA,-22.5390685464,NA,NA,NA,-22.804005272,2,1,NA,NA,NA,1,NA,NA,NA
"P25567",-21.6625411825,-21.3811279312,-21.0471456353,-21.5641300329,-22.1463106411,-22.1881496293,5,9,10,6,5,6,0.110219810235768,0.412855377008653,0.602591851433335
"P25574",NA,-22.832790243,NA,NA,NA,NA,1,4,8,NA,3,NA,NA,NA,NA
"P25605",-22.4903610966,-21.3555930516,-21.6739036697,NA,NA,-22.7834947176,4,6,5,1,1,2,NA,NA,NA
"P25618",-23.5477919434,-24.74205907,-24.93212368,NA,NA,NA,2,3,2,NA,2,NA,NA,NA,NA
"P25619",-22.3339934701,-20.9437837423,-21.9028856222,-23.7520316507,-21.9865852237,-21.2187401781,8,6,6,2,5,5,0.331749568717654,0.689308176100629,0.592231405966668
"P25623",-24.932874384,-22.7413162949,-22.9615554187,NA,NA,-25.4201216532,9,10,10,3,3,3,NA,NA,NA
"P25631",NA,NA,-21.1700414178,NA,NA,NA,NA,0,3,NA,NA,NA,NA,NA,NA
"P25644",-24.9121050414,-24.9145318143,-25.1051084162,NA,NA,NA,2,3,5,NA,1,NA,NA,NA,NA
"P25654",-22.5089754544,-22.6205996092,-22.5869196975,NA,-22.7062110129,NA,2,3,3,2,2,1,NA,NA,NA
"P25655",-25.0758885136,NA,-24.6257042158,NA,NA,NA,5,3,6,2,NA,1,NA,NA,NA
"P25685",-21.2732531593,-23.4045278546,-22.0033987896,-20.6936430077,-21.2496890647,-21.4865705919,14,12,14,14,13,12,0.067990080506038,0.326633165829146,-1.0837590464
"P25694",-19.4748531327,-19.3662321178,-19.5287820078,-20.5953687728,-20.6877460344,-20.5621720935,57,73,60,41,43,48,0.00428349626221967,0.0606060606060606,1.15847321413333
"P25705",-19.1476823141,-19.1434180947,-18.6611032974,-18.6580917758,-18.6835072326,-18.6431552561,56,50,60,68,60,65,0.283690914318574,0.646443514644351,-0.322483147233335
"P25719",-20.5231365944,-19.5565728449,-20.1232117205,-20.3545054687,-20.5569342366,-22.633104632,5,9,6,5,4,3,0.082181282346176,0.358547655068079,1.1138743925
"P25738",NA,NA,NA,-20.1661495133,-21.1166127533,-20.4387223632,NA,1,NA,3,3,3,NA,NA,NA
"P25786",-20.0193428782,-19.276594562,-18.8469594478,-19.3170831666,-18.780835592,-18.9886864587,23,25,28,22,26,27,0.368769982748706,0.712784588441331,-0.352097223566666
"P25787",-19.2130865726,-19.1581954875,-18.8199914,-19.110472512,-18.7395789732,-18.7638905333,15,16,18,15,15,19,0.50998605520414,0.802960222016651,-0.192443813866667
"P25788",-19.9710813129,-19.3520057141,-20.4814745476,-19.9123633925,-20.0502196608,-19.9850341204,12,15,14,16,13,15,0.874499137435308,0.940738442444927,0.0476851997000018
"P25789",-19.5674346619,-19.7485377473,-19.9491719576,-19.9153165233,-19.9743128348,-19.6717851805,16,19,16,18,18,18,0.708714347326049,0.88205499276411,0.0987567239333345
"P25791",-21.183021821,NA,-22.2918225558,-22.2476450553,NA,-22.2138167545,2,1,1,2,NA,2,0.302595025876941,0.665565102445473,0.4933087165
"P25815",-21.1388149606,-21.5457293613,-20.4682952371,-21.2494692487,NA,-21.4626537903,1,1,2,2,1,2,0.448160293271995,0.767123287671233,0.305114999833332
"P26038",-19.643959068,-19.5916617142,-19.8080555662,-19.2857674165,-19.5880279482,-19.8374720281,42,51,42,51,49,49,0.690941920644048,0.878039793662491,-0.110802985199999
"P26196",-20.2493617906,-19.9428600541,-19.9265637828,-19.928552669,-20.4328906907,-20.2603890313,17,18,19,20,21,20,0.568522714203565,0.831623931623932,0.167682254500001
"P26232",NA,NA,NA,-25.0826278803,NA,NA,1,NA,NA,1,NA,0,NA,NA,NA
"P26263",-23.7284195585,-23.4195127349,-23.5659640304,-23.5410484528,-23.2005516339,-23.6370310397,22,1,27,13,13,15,0.683877228292122,0.874534623976173,-0.111755065800001
"P26321",-18.3831754703,-18.8338315546,-19.00604377,-18.9630980637,-18.9985068562,-19.5196910121,25,23,25,17,19,15,0.229972110408281,0.566587864460205,0.419415045699999
"P26358",-23.1750384252,-23.7565977499,-22.4027666016,-22.7499838042,-22.3137152583,-22.6078464583,15,11,16,15,20,18,0.193351207590569,0.527753303964758,-0.554285751966667
"P26368",-19.2750107495,-19.0648776036,-19.3524156161,-19.2185544905,-19.1067326071,-19.5127715948,28,32,31,26,29,35,0.844177113283496,0.940127388535032,0.048584907733332
"P26373",-20.509556781,-20.0921981123,-20.0881475024,-19.6920243998,-20.7119612927,-21.5275579369,11,12,14,13,14,10,0.376759488211616,0.723404255319149,0.413880411233333
"P26374",NA,NA,NA,-23.4905738517,NA,-23.6616603175,1,1,2,1,3,2,NA,NA,NA
"P26583",-18.9170231465,-19.0305747728,-19.0768398097,-19.5123766436,-19.2674603698,-19.1445154138,13,26,22,16,29,17,0.285702990224267,0.647099447513812,0.299971566066667
"P26599",-18.4888012208,-18.4930920337,-18.5911285985,-18.4787108484,-18.358716349,-18.188240418,47,44,40,42,49,53,0.479865008625647,0.784503631961259,-0.182451412533332
"P26637",-19.9360403664,-20.3865120141,-20.2025110276,-20.911178122,-21.1230315988,-21.4003079267,43,33,43,27,22,26,0.0179942495687177,0.14828897338403,0.9698180798
"P26639",-19.5251477845,-19.6479385095,-19.5028891371,-19.4062807602,-19.7470538094,-19.7064221626,46,48,55,43,45,53,0.802085106382979,0.920465890183028,0.0612604336999993
"P26640",-20.6495756534,-20.5181240408,-20.6262743855,-20.1190923165,-20.0847868186,-20.2890903311,46,42,39,50,55,47,0.122502587694077,0.436619718309859,-0.433668204499998
"P26641",-18.2839063804,-18.3550887471,-18.3656714137,-18.2532359584,-18.4866890257,-18.4988554901,50,52,57,55,58,55,0.74354470960322,0.904191616766467,0.0780379776666642
"P26646",NA,NA,NA,NA,-22.7966791881,NA,NA,NA,NA,2,2,1,NA,NA,NA
"P26754",-22.9080296337,-21.9718515603,-22.0077635305,-23.1577022662,-22.9273231166,-22.9816668231,2,2,2,2,1,1,0.0762778895917194,0.338582677165354,0.726349160466665
"P26755",-21.3994639459,-21.2471529034,-20.4431431119,NA,-21.2977265443,NA,1,2,2,1,1,NA,NA,NA,NA
"P26783",-19.5495724667,-19.7923277642,-20.3248705889,-20.3458182226,-19.8702998188,-20.5347098967,17,17,21,10,10,7,0.318169637722829,0.675064599483204,0.361352372766667
"P26784",-20.0825341948,-19.530665432,-20.4785234796,-21.1290431688,-20.3466767415,-20.9627603493,15,15,13,11,11,8,0.0727489936745256,0.336569579288026,0.7822523844
"P26785",-19.988712024,-19.3561297646,-19.7453268325,-20.5580381089,-20.0889507811,-20.8047221639,8,8,9,6,7,6,0.053816273720529,0.273422562141491,0.787180810933332
"P26786",-19.3681551173,-19.4173404592,-19.1232788052,-19.9639877127,-19.6162924116,-19.4082008807,10,10,13,11,11,15,0.250700258769408,0.601051840721262,0.35990220776667
"P26885",NA,-21.9007463067,-21.0815831538,NA,NA,NA,NA,4,4,1,3,3,NA,NA,NA
"P27144",-21.3327928687,-22.4042904087,-22.6286138291,-22.6865777248,-22.3419882719,-22.61821689,3,2,3,2,3,2,0.302939764232317,0.665565102445473,0.427028593399999
"P27248",NA,-23.6136012808,NA,-21.0324163316,-21.5574061473,-22.0862281682,2,1,1,4,4,7,NA,NA,NA
"P27250",NA,NA,NA,NA,-23.4127834027,-23.705512177,NA,NA,NA,3,1,3,NA,NA,NA
"P27298",NA,NA,NA,-22.4556463864,-23.3606849799,-23.820106778,NA,NA,NA,5,4,5,NA,NA,NA
"P27302",NA,NA,NA,-22.208128567,-22.2702861385,-22.3360628107,NA,1,NA,8,9,10,NA,NA,NA
"P27306",NA,NA,NA,-22.7830799777,NA,-23.0525825241,NA,NA,NA,3,1,3,NA,NA,NA
"P27348",-19.7034556835,-19.6540192799,-19.3374306546,-19.2717931202,-19.5218252949,-19.0252506564,79,84,82,82,86,86,0.342186601495112,0.700183936235438,-0.292012182166665
"P27361",NA,NA,NA,NA,NA,-24.3278114196,4,6,8,10,7,11,NA,NA,NA
"P27431",NA,NA,NA,-23.2358140336,NA,-23.3244343958,NA,NA,NA,2,1,1,NA,NA,NA
"P27466",-23.7326537264,-22.5559079572,-23.5828055586,NA,NA,NA,1,2,5,1,2,NA,NA,NA,NA
"P27472",-22.0019219553,-21.5912905192,-21.1057421641,NA,-22.9619325745,-21.7432635558,13,16,16,8,8,11,0.128376078205865,0.445080091533181,0.786279852283332
"P27476",-20.9786780618,-23.2876221984,-21.5063295437,-23.5229825917,-22.8582678206,-23.2894948118,5,7,7,2,1,2,0.0459450833812536,0.259713701431493,1.29937180673333
"P27550",-23.0771142128,-21.6961038059,-21.8004773465,-20.1243302502,-20.2229101531,-20.0535580037,6,8,11,19,19,20,0.00344048303622772,0.0454545454545455,-2.0576323194
"P27614",-24.087351332,-22.4940778068,-22.5969849968,NA,NA,-24.2040328618,6,7,8,2,NA,2,NA,NA,NA
"P27616",-19.4027877449,-19.3036452402,-19.7065107676,-19.4246452197,-20.3698106208,-19.8742252595,23,20,22,17,17,16,0.251225416906268,0.60119940029985,0.418579115766669
"P27635",-19.1215275925,-19.1358046261,-18.9605828831,-18.8299866817,-18.6440215016,-18.7647196633,18,18,24,23,28,28,0.222563973548016,0.556179775280899,-0.326395751700002
"P27692",-22.9488571907,-22.1132549158,-21.822098938,-23.2914436424,-23.5510617199,-25.2200499802,9,9,11,6,6,5,0.0160333525014376,0.143478260869565,1.726114766
"P27694",-20.2653668185,-20.6125728719,-20.7391890962,-21.0155993154,-21.003110232,-21.1099166585,19,23,24,17,21,23,0.11158309373203,0.414814814814815,0.503832473100001
"P27695",-19.5906442387,-19.6766259684,-20.2605147798,-19.7277041164,-19.9184601822,-19.6046231792,12,9,13,12,10,11,0.756232029902243,0.90426638917794,-0.0923325030333331
"P27707",-22.7770080919,NA,NA,-22.6930485289,NA,-23.0894309933,6,5,3,3,1,3,NA,NA,NA
"P27708",-21.08457874,-21.0081292552,-20.9002036814,-20.2935729111,-20.4025378448,-20.4160044105,47,56,65,67,61,71,0.0397748706152961,0.237647058823529,-0.626932170066667
"P27797",-18.3656926846,-18.6946644343,-18.5557246657,-18.5485723754,-18.2266831994,-18.189058642,44,38,44,48,41,50,0.446978723404255,0.765632943568887,-0.217255855933335
"P27809",-22.3053934555,NA,NA,NA,NA,NA,4,NA,0,NA,NA,NA,NA,NA,NA
"P27810",NA,-23.3241434659,-23.4267367961,NA,NA,NA,2,2,3,NA,3,1,NA,NA,NA
"P27816",-20.8244011056,-21.1348638923,-20.9188176005,-21.1014827911,-20.5462070389,-20.8149456055,37,30,37,36,34,38,0.633039534215066,0.863582908663269,-0.138482387633335
"P27824",-21.2347327606,-20.9250031263,-21.3737968368,-21.1621934842,-21.1111783138,-21.222366389,12,12,17,13,13,14,0.943486198964922,0.966166519564578,-0.0125981788999994
"P27999",NA,-21.5326953002,NA,NA,NA,NA,NA,1,NA,NA,NA,NA,NA,NA,NA
"P28000",-20.9025542568,-22.0547869624,-21.0739597316,NA,NA,-21.45384905,2,2,3,1,1,2,NA,NA,NA
"P28007",-20.2224752025,-21.2146092205,-21.9881566044,-20.888127332,NA,-22.1510914742,4,3,2,2,NA,2,0.507260207015526,0.802960222016651,0.377862393966666
"P28066",-18.8845991481,-18.9574847882,-18.7708964799,-18.7269139485,-18.5127234939,-18.6648357249,20,23,27,24,21,24,0.365626078205865,0.712609970674487,-0.236169082966665
"P28070",-20.6908736676,-20.1072707424,-20.0273684888,-19.9911089651,-20.1676935103,-19.7231051713,9,11,10,12,10,12,0.348294565842438,0.702322738386308,-0.314535084033334
"P28072",-22.8155970827,-20.7963262071,-22.1562813098,-20.9356220032,-21.6417701103,-22.1443999568,4,8,6,8,7,5,0.500471104082806,0.798402255639098,-0.348804176433333
"P28074",-19.5743973539,-19.3445557064,-19.3476238015,-19.5274197343,-19.3099529218,-18.9079681027,13,14,17,15,14,20,0.563725416906268,0.828387096774194,-0.173745367666669
"P28239",NA,NA,-23.5311974714,NA,NA,NA,NA,1,2,NA,NA,NA,NA,NA,NA
"P28241",-19.9183201674,-19.8917126712,-20.1579745161,-20.5897850603,-19.9567411097,-20.6688052124,15,16,14,10,14,13,0.224770126509488,0.558306709265176,0.4157746759
"P28272",-19.4037035979,-20.0369661372,-20.6250377427,-19.6878958895,-21.5272127786,-20.8583197542,13,14,13,11,8,10,0.206932719953997,0.544472152950956,0.669240314833335
"P28273",NA,-24.3277682918,-25.4408814693,NA,NA,NA,1,3,4,NA,NA,NA,NA,NA,NA
"P28274",-22.3474750104,-21.9147698687,-24.1360936936,NA,NA,NA,8,6,6,2,NA,NA,NA,NA,NA
"P28288",NA,NA,NA,NA,-24.1968598009,-24.2761337095,0,0,0,0,1,3,NA,NA,NA
"P28289",-23.2955622918,NA,-21.9885379476,NA,-23.2108993384,-23.7306907648,2,4,3,3,5,3,0.148928550891317,0.472367049009385,0.828744931899998
"P28321",NA,-23.472953561,-23.6555438905,NA,NA,NA,1,2,2,NA,NA,NA,NA,NA,NA
"P28331",-20.535256677,-20.6868042184,-20.0194403216,-20.2550539664,-20.4958504301,-20.8444760371,21,19,24,26,23,21,0.706706871765382,0.880537400145243,0.117959738866666
"P28340",-22.4004377456,-21.85743986,-22.4336342004,-22.0414754939,-22.7286833761,-22.6210889322,22,24,19,24,15,21,0.494050316273721,0.796577946768061,0.233245332066666
"P28482",-19.8404891705,-19.572400133,-19.2818242618,-19.4178555329,-19.4857116452,-19.4905510784,23,24,28,27,28,30,0.712902530189764,0.883327331652863,-0.10019843626667
"P28495",-22.323759734,-21.5954610824,-20.7998731079,-23.4344426221,NA,-21.7844312715,4,5,6,3,2,3,0.113458309373203,0.418491484184915,1.0364056387
"P28496",NA,NA,-23.4703362732,NA,NA,NA,2,NA,3,2,NA,NA,NA,NA,NA
"P28625",-22.3825237668,-20.9595248562,-22.3807445391,-24.2367948928,NA,-24.0188029805,6,6,2,2,1,2,0.00494422081656124,0.0642201834862385,2.22020121595
"P28707",-20.0371369093,-20.4042509908,-20.1435219542,-22.3845026023,-21.2065450108,-21.6853355495,7,9,11,2,6,7,0.00681555491661875,0.0846153846153846,1.5638244361
"P28777",-20.3016967197,-19.8101430531,-20.7256218165,-22.0680535934,-21.855389528,-21.2077197093,10,12,10,4,7,8,0.0104909430707303,0.125628140703518,1.43123374713333
"P28817",NA,-24.0179311478,NA,NA,NA,NA,2,2,NA,NA,NA,NA,NA,NA,NA
"P28834",-19.4941566205,-19.5769387165,-19.8438250803,-20.0348322935,-20.1734877645,-20.8293535207,19,21,22,16,16,11,0.0690166762507188,0.327841845140033,0.70758438713333
"P28838",-19.7923593898,-20.1698112298,-19.7772538052,-19.7497501264,-19.5567920846,-19.6345772992,27,30,31,30,31,30,0.353876509488212,0.704957678355502,-0.266101638199999
"P29012",NA,NA,NA,NA,NA,-23.1824750865,NA,NA,NA,5,2,3,NA,NA,NA
"P29029",-23.7873681275,-23.8345466676,-23.9115991534,NA,NA,NA,1,1,1,1,NA,1,NA,NA,NA
"P29083",-24.1582503437,-22.2343423351,-22.6853959065,NA,-22.1204364399,-22.2235367084,5,5,3,3,4,4,0.151485767682576,0.473684210526316,-0.854009620949999
"P29084",NA,-21.6789038023,-22.8105199746,-22.2148109891,NA,-22.9281746581,1,3,2,2,2,2,0.519799166187464,0.813932172318973,0.326780935150001
"P29144",-21.8801444976,-21.1931604159,-21.7446801431,-21.0977071372,-20.9816848528,-21.4349290111,23,23,20,21,26,24,0.212248131109833,0.544472152950956,-0.434554685166663
"P29218",-22.8759624599,-21.1715262963,-20.5775266183,NA,-23.2942106279,-21.4097292878,7,6,7,5,6,6,0.275208740655549,0.631130063965885,0.810298166350002
"P29295",-24.1318749946,-24.4564127525,NA,NA,NA,NA,1,3,1,NA,1,NA,NA,NA,NA
"P29311",-20.5001488655,-19.8515879221,-20.2085600307,-20.568762232,-20.3984671561,-20.2786234772,62,70,81,57,64,72,0.461019695227142,0.773134328358209,0.228518682333334
"P29353",NA,-24.6589388426,NA,-23.19772899,NA,NA,2,2,3,5,NA,1,NA,NA,NA
"P29372",-22.3999896249,-23.2003385256,-22.3958698525,-21.8145830419,NA,-22.7728526149,5,2,3,5,2,3,0.401413024726855,0.747797356828194,-0.371681505933335
"P29401",-19.2685124916,-19.4429844662,-19.0603474703,-19.2775487861,-19.2980851324,-19.0721337455,39,36,46,44,41,45,0.861433438757907,0.940738442444927,-0.041358921366669
"P29453",-22.0205253429,-20.9923726474,-22.1209304178,-21.9500382336,-20.8439074278,-21.176004161,28,28,21,19,22,17,0.378366014951121,0.725186460126219,-0.387959528566665
"P29468",-24.5744543467,NA,NA,NA,NA,NA,3,NA,3,NA,NA,NA,NA,NA,NA
"P29509",-19.0959718122,-19.3506904018,-19.4415454947,-20.1289845007,-19.8088200287,-19.9430782464,13,12,15,6,13,9,0.0492380678550891,0.259713701431493,0.664225022366669
"P29547",-20.7169318478,-20.6295480404,-21.2544223347,-21.2934345482,-21.1476945618,-22.5191774763,14,19,12,12,11,14,0.102356382978723,0.402088772845953,0.786468121133336
"P29590",-22.5057854035,-21.7710514652,-22.7580734618,-21.9730446769,-22.0224467905,-22.6953488128,7,11,7,13,10,7,0.748705721679126,0.90426638917794,-0.114690016766669
"P29692",-18.5349107769,-18.4880905592,-18.7615692685,-18.6263932128,-18.320383841,-18.8535973024,23,21,25,35,33,27,0.964631684876366,0.969811320754717,0.00526791720000119
"P29704",-21.1516982279,-22.3512626593,-21.1415012196,-23.0999485205,-22.3406760412,-22.450223953,9,6,11,6,4,4,0.0382540253018976,0.229665071770335,1.08212880263333
"P29952",-21.4928147187,-20.9527383319,-21.4131882211,-22.1906106487,-22.801004638,-23.1561647765,8,12,8,5,8,7,0.00873159861989649,0.12258064516129,1.42967959716666
"P30038",-22.6492962023,-23.7142270264,-22.9113329983,-22.7062690911,-22.1711443271,-22.9226180257,4,2,5,3,5,2,0.230601782633698,0.566587864460205,-0.491608261033335
"P30040",-19.5159591696,-20.5710454139,-19.9552209502,-19.4819132225,-19.7492354068,-20.3326607143,13,12,16,14,14,11,0.669458740655549,0.869335347432024,-0.159472063366668
"P30041",-17.4159831836,-17.4674467123,-17.3687052588,-17.4637661215,-17.5673435935,-17.3131420821,61,60,63,61,65,64,0.88214807360552,0.942865966646078,0.0307055474666669
"P30043",-16.6771745365,-16.7592896174,-16.6685097542,-16.6586261404,-16.4205403014,-16.6207840513,47,44,59,50,58,59,0.588230592294422,0.843423799582463,-0.135007805000001
"P30044",-20.2208173332,-19.9237041337,-19.9765958834,-20.1170393906,-19.7899641831,-19.9252095921,9,8,9,9,9,8,0.710559229442208,0.882671480144404,-0.0963013948333362
"P30046",NA,NA,NA,-22.1587159393,-21.7924821347,NA,6,NA,5,3,6,4,NA,NA,NA
"P30048",-19.4941266062,-19.3655891767,-19.2355456166,-19.3264331364,-18.7628152004,-18.7246899868,18,16,21,21,20,19,0.195964347326049,0.529155787641427,-0.427107691966665
"P30049",NA,-21.6470448023,-20.5028802751,-22.0087553009,-20.7929286527,-22.1476441498,4,2,3,5,4,6,0.292051322599195,0.652322404371585,0.574813495766666
"P30050",-18.0084505377,-17.8893118831,-17.9672195418,-18.3993607366,-18.0559215958,-18.591839518,19,19,22,18,22,14,0.199578780908568,0.530120481927711,0.394046629266668
"P30084",-19.9814246305,-20.1369823191,-20.564279378,-20.4327390327,-19.4428208818,-20.3492701644,10,10,10,11,13,8,0.671041690626797,0.869532428355958,-0.152618749566667
"P30085",-19.9944630862,-19.3894699114,-18.9578277823,-19.0510716474,-18.5585772084,-19.0037465463,14,16,21,21,20,20,0.149897498562392,0.473684210526316,-0.576121792600002
"P30086",-18.1675033779,-18.2037164539,-18.2159161587,-18.0178598746,-17.9603091186,-17.9818749237,16,16,18,21,21,19,0.370385566417481,0.713871154962275,-0.209030691200002
"P30101",-18.9941586974,-19.2973604786,-18.9691728672,-19.0208806932,-18.7653828594,-18.8692343853,31,35,39,42,38,37,0.465562248418631,0.776843146956952,-0.201731368433336
"P30153",-20.4523517411,-20.5136818619,-20.313452131,-20.2373367589,-19.4445289228,-19.5740969972,24,24,23,27,36,39,0.0755511788384129,0.338072669826224,-0.67450768503333
"P30154",-21.0599869955,-21.2631773623,-21.1487160081,-20.9059464423,-20.6894601313,-20.9847986403,11,19,20,8,21,20,0.280996981023577,0.639747191011236,-0.297225050666668
"P30260",-23.6169535339,-22.9510743388,-24.7747976848,-22.3874748954,-22.5412748061,-23.2134334495,6,5,3,7,6,5,0.0588404255319149,0.295081967213115,-1.06688080216667
"P30405",-18.9138789787,-19.516969125,-19.4385822495,-19.2035323467,-18.7083339458,-19.1848274593,14,9,11,13,16,15,0.435808510638298,0.761609907120743,-0.257578867133336
"P30419",-21.5179769915,-20.9410869656,-21.2520299012,-22.1010222093,-22.0555309754,-21.1902373673,15,9,11,7,12,15,0.168733755031627,0.498084291187739,0.545232231233335
"P30520",-20.2444052454,-20.5202880708,-20.3464955233,-20.4892080361,-20.2848130712,-20.1245377816,13,13,13,13,12,16,0.779593875790684,0.914314858891534,-0.0708766501999989
"P30533",NA,NA,-23.3828539107,-22.998221828,-23.2963516327,-23.4471943278,NA,NA,3,3,2,4,NA,NA,NA
"P30566",-20.3286191784,-20.8326396753,-21.3197258067,-21.2806170465,-20.6919493595,-21.6497289423,12,10,12,10,15,8,0.347117021276596,0.700183936235438,0.380436895966668
"P30613",-20.1483846909,-19.8121772605,-19.655407452,-19.4949453687,-19.4216746747,-19.5955635585,30,33,28,31,35,34,0.223799741230592,0.557953637090328,-0.367928600499997
"P30622",NA,NA,-25.1322279847,-25.4571911937,NA,-23.8592599187,NA,4,3,2,1,3,NA,NA,NA
"P30624",-20.9725917181,-21.2670193075,-21.6737314956,-21.8444704345,-24.0709594909,-23.3880710197,18,17,22,9,9,8,0.0138583956296722,0.132701421800948,1.79671947463333
"P30626",-21.7094162314,-21.6503174444,-21.7641045016,-22.7271173358,-21.7306365819,-22.3849353412,5,8,5,8,4,7,0.135397786083956,0.451327433628319,0.572950360500002
"P30656",-21.967406081,-21.7905107049,-22.9191606424,-23.0846217611,-21.2384067333,-23.0894659252,3,3,3,3,5,3,0.63206771132835,0.863582908663269,0.2451389971
"P30657",-23.0125675015,NA,-23.0452460502,NA,-22.3805364607,-21.6786959548,3,4,3,NA,1,2,0.0329251006325474,0.205194805194805,-0.999290568100001
"P30665",-25.1145912719,NA,-25.1394983471,NA,NA,NA,1,3,1,NA,1,2,NA,NA,NA
"P30740",-20.4664539859,-21.1393021274,-21.3515439957,-21.0227667762,-20.9274500458,-20.9661422322,18,9,7,10,11,14,0.947191633122484,0.966166519564578,-0.013647018266667
"P30822",-23.0925053515,-23.5189275545,-25.688659752,-25.5951404224,NA,-25.043687422,13,9,7,2,2,5,0.110769263944796,0.412855377008653,1.2193830362
"P30837",-20.894688657,-21.3217210979,-21.8067319484,-21.2662422283,-21.5907014287,-24.1205300155,12,10,10,10,7,8,0.150937464059804,0.473684210526316,0.98477732306667
"P30850",NA,NA,NA,NA,NA,-25.1721934179,NA,NA,NA,NA,1,1,NA,NA,NA
"P30859",NA,NA,NA,-23.3727651998,NA,-23.3740922387,NA,NA,NA,4,1,2,NA,NA,NA
"P30876",-21.4927140346,-21.6030153485,-21.5327824192,-21.2850301952,-22.3091938476,-21.6004788802,17,21,22,19,17,22,0.585711040828062,0.843030556718292,0.188730373566667
"P31040",-19.4951706163,-19.4894940619,-19.6579135983,-19.6992218803,-20.0536376112,-19.5912443146,30,27,24,25,22,26,0.417334818861415,0.752676659528908,0.2338418432
"P31057",NA,NA,NA,-22.583868686,-22.2011912217,NA,NA,NA,NA,1,2,1,NA,NA,NA
"P31116",-19.5609415564,-19.6720788793,-19.2445711719,-20.0830966767,-19.7422832623,-20.0299424995,20,20,27,19,18,21,0.148550891316849,0.471816283924843,0.4592436103
"P31142",NA,NA,NA,NA,-22.1556708263,-22.0796908251,NA,NA,NA,1,4,3,NA,NA,NA
"P31146",-24.073724453,NA,NA,-23.9421700701,-22.9544587457,NA,2,2,2,4,3,1,NA,NA,NA
"P31150",-22.9989294287,-22.4129767875,-22.2561941294,-23.1848469511,-23.1355292223,-22.2696192613,3,5,4,4,3,5,0.426559229442208,0.758711721224921,0.307298363033333
"P31153",-19.9475233931,-19.676304926,-19.984317338,-19.7879223163,-19.8539104827,-19.8465135142,15,20,18,17,17,18,0.859615727429557,0.940738442444927,-0.0399331146333317
"P31323",-21.7242009547,-22.4804248562,-20.5678416597,-20.6930959014,-20.9543415226,-20.8189546165,7,9,11,15,10,14,0.134199827487062,0.450719822812846,-0.768691810033335
"P31350",-21.2118693754,-21.7573939891,-20.2673607905,-21.0163069055,-21.7572652852,-20.6268977754,14,11,15,15,12,19,0.883926538240368,0.942989214175655,0.0546152703666678
"P31373",-20.445146549,-19.7938733656,-19.8437254356,-20.518152588,-20.7201765457,-20.9209696216,12,15,15,8,13,11,0.0661589994249569,0.320272572402044,0.692184468366669
"P31382",-23.520093016,-22.6513010039,-23.3027913042,-24.8959266336,-23.5263687858,-23.6642229019,7,6,5,3,3,4,0.0836554054054054,0.361319340329835,0.870777665733335
"P31383",-22.2989688678,-21.3516814703,-21.3765046332,-24.7341663716,-24.1255333473,-23.1145730824,8,9,9,4,5,6,0.0034700977573318,0.0454545454545455,2.31570594333333
"P31384",NA,NA,-24.5401780265,NA,NA,NA,NA,3,4,1,NA,NA,NA,NA,NA
"P31412",-20.3997527403,-21.0955879659,-21.276049494,-21.1785876134,-21.2647598723,-23.0382650055,16,15,11,8,7,5,0.112713772282921,0.417690417690418,0.903407430333335
"P31483",-22.0432383085,-21.255716301,-21.836942165,-20.4827703195,-21.2871372923,-22.9139276886,8,6,9,8,6,6,0.766975704427832,0.905465795806119,-0.150687158033335
"P31539",-19.6099240557,-19.6823510502,-19.7143934125,-20.1335912544,-20.2096420215,-20.2160112261,45,44,50,34,33,39,0.0625697239792984,0.306878306878307,0.517525327866668
"P31641",-24.9477216084,-24.5755477873,-24.6079878234,NA,NA,-24.3822509958,2,1,1,NA,1,1,NA,NA,NA
"P31658",NA,NA,NA,-21.4022694565,NA,NA,NA,NA,NA,2,1,1,NA,NA,NA
"P31688",-21.574666619,-21.3726857855,-21.8346967519,-21.9868564955,-22.5174057272,-22.0929988954,18,20,18,11,10,12,0.0874936745255894,0.367732558139535,0.6050706539
"P31689",-19.1418309261,-19.4278937523,-19.2485825056,-18.9142202036,-19.2753499701,-19.190513461,27,25,28,26,29,28,0.593879815986199,0.845099667774086,-0.146074516433337
"P31751",-23.2097385726,-23.3836385741,-23.8101737395,-24.0789592402,NA,NA,3,3,2,2,2,1,NA,NA,NA
"P31787",-19.5218238242,-20.1791494517,-19.1898595021,-20.3971197871,-19.9123098746,-19.8135606109,8,6,7,4,5,6,0.283293703277746,0.645949720670391,0.410719164866666
"P31930",-19.4340654813,-19.2601419153,-19.058404127,-19.5229950521,-18.8231141134,-19.2129721472,23,25,30,28,28,27,0.821163599769983,0.928781443972558,-0.064510070299999
"P31937",-20.816955664,-20.7541750107,-21.6060625136,-22.4027271053,-22.59441583,-21.0067030329,4,5,3,2,4,5,0.0796768257619321,0.352850539291217,0.942217593299997
"P31939",-18.8548649088,-18.562037743,-18.6003627651,-18.3614395734,-18.5754374212,-18.5941482151,49,61,62,64,62,66,0.54593156986774,0.82487869430966,-0.162080069066668
"P31942",-19.331782568,-19.0158946189,-18.8482343413,-18.8573009719,-18.8598318107,-18.64341776,22,28,26,28,23,32,0.347388154111558,0.701593137254902,-0.278453661866667
"P31943",-18.8119464073,-18.8937760154,-18.5068120663,-18.5217603471,-18.2766657303,-18.5587218902,57,45,60,65,59,70,0.327950833812536,0.689308176100629,-0.285128840466665
"P31946",-18.9137586083,-19.3981587742,-19.1041462035,-19.2683462741,-18.8472382244,-19.0901091394,88,83,96,86,92,97,0.797355232892467,0.917725752508361,-0.0701233160333352
"P31948",-18.7992171925,-18.6439948931,-18.7122891466,-18.5546708778,-18.506049817,-18.5704797891,61,68,70,75,73,81,0.468341144335825,0.777886977886978,-0.174766916100001
"P31949",-20.3323475528,-20.511607856,-20.7546472348,-19.8601987842,-19.2614450187,-19.2783975376,5,3,7,6,5,6,0.0157374928119609,0.142222222222222,-1.06618710103334
"P32074",-22.33967136,-21.421432048,-22.9483729319,-22.7917768563,-22.287722201,-23.5645792552,11,12,13,4,7,6,0.198866877515814,0.530120481927711,0.644867324200003
"P32119",-18.7380058456,-18.2998412987,-18.4347107361,-17.9648501641,-18.4122314775,-18.469267131,24,24,24,31,25,26,0.496660149511213,0.797450424929179,-0.208736369266667
"P32178",NA,-23.0814593461,-23.238142918,NA,NA,NA,1,1,2,NA,NA,NA,NA,NA,NA
"P32179",NA,-23.5656156592,-23.2818080133,-23.371000648,NA,NA,2,2,2,2,2,1,NA,NA,NA
"P32191",-24.5326840733,NA,NA,NA,NA,NA,1,1,1,1,1,NA,NA,NA,NA
"P32263",-19.7968884707,-20.5066131522,-20.2294268198,-21.0271189211,-20.7501538949,-20.5118636075,9,8,9,6,5,9,0.113204427832087,0.418491484184915,0.585402660266666
"P32264",-21.6555427806,-23.1244118809,-23.0310185843,NA,NA,NA,5,1,3,NA,1,NA,NA,NA,NA
"P32288",-20.7667272774,-21.7000558809,-20.7395466566,-22.5261420006,-21.9111998474,-22.0744349185,11,8,11,7,8,7,0.0256615871190339,0.174846625766871,1.10181565053333
"P32319",-22.8109855636,-22.8847670113,-23.0352059709,NA,NA,-24.7446839697,12,8,12,1,3,3,NA,NA,NA
"P32321",-20.6227500828,-21.2142999837,NA,-21.8567057614,NA,-20.8666509218,4,4,5,3,2,4,0.358695370902818,0.710951526032316,0.443153308350002
"P32322",-20.4758586023,-19.3455774883,-19.4952258567,-19.852943144,-20.3497952405,-20.1779894491,16,16,13,16,10,14,0.369088412880966,0.712784588441331,0.354688628766667
"P32324",-18.4431754375,-18.3824408985,-18.5733156337,-18.851080342,-18.8840572048,-19.0428930313,131,128,132,87,103,100,0.107708309373203,0.411543287327478,0.459699536133336
"P32327",-23.6684545292,-22.9500833095,-23.5930080147,NA,-25.3377646995,-24.1162921965,28,24,5,16,19,14,0.0258353939045428,0.174846625766871,1.3231798302
"P32337",NA,-24.8482139817,-25.0276320385,NA,NA,NA,3,3,4,NA,NA,2,NA,NA,NA
"P32340",-22.5763419535,-24.171753865,-22.0830588498,NA,NA,NA,4,5,9,2,1,1,NA,NA,NA
"P32351",-23.5191094137,NA,NA,NA,NA,NA,2,NA,1,NA,NA,NA,NA,NA,NA
"P32352",-20.3570427319,-20.8752637292,-20.8827747234,NA,-21.2137799238,-21.9469498318,4,4,5,2,4,1,0.0511085393904543,0.268924302788845,0.8753378163
"P32356",-23.0320289084,-22.5904707368,-23.2959369085,NA,-24.4461920363,NA,14,7,9,NA,3,3,NA,NA,NA
"P32366",-21.4748982759,-23.0351466425,-22.3525965322,NA,NA,-23.1540475907,5,3,4,3,1,2,NA,NA,NA
"P32368",-21.2127156154,-21.4917439985,-21.1849056558,-24.2855585714,NA,-22.6265299747,8,10,10,2,1,3,0.00571118458884416,0.0775862068965517,2.15958918315
"P32377",-20.6722192077,-20.9738559559,-21.231503798,-22.0056942128,-21.968208492,-22.1959517145,8,6,7,7,4,4,0.0110937320299022,0.125628140703518,1.09742515256667
"P32379",NA,-23.0672016623,-20.7837640566,-23.1705382902,NA,NA,6,5,7,4,3,4,NA,NA,NA
"P32381",-21.1215170122,-21.2055130608,-22.092685851,-23.8551068392,-21.3803218664,-22.0310460126,13,12,8,4,7,7,0.132617883841288,0.450719822812846,0.948919598066666
"P32386",-24.7800019364,-23.4180148246,-24.2145347957,NA,NA,NA,6,9,6,2,NA,2,NA,NA,NA
"P32419",-21.7756730638,-21.0590384711,-20.2714987298,-21.6924450864,-21.6839360849,-21.3055866382,6,8,8,4,3,4,0.231123490511788,0.567610062893082,0.525252514933335
"P32445",-20.6730780095,-20.0538485977,-20.7320783648,-21.3100230257,-21.3371559935,-21.0380845078,4,4,3,2,4,4,0.0543956296722254,0.274809160305344,0.742086185000002
"P32447",-22.5809424969,NA,-22.7383436432,NA,NA,NA,3,1,1,1,NA,NA,NA,NA,NA
"P32449",-20.9585069928,-21.9035403949,-21.5303253742,-22.4803903281,-22.9034670411,-21.621109466,7,6,9,7,1,9,0.0742292984473836,0.337096774193548,0.8708646911
"P32453",-22.9964926795,-23.2389963866,-23.3434727853,NA,-23.189756274,NA,1,2,3,1,1,1,NA,NA,NA
"P32454",-20.41653881,-20.928226326,-20.738177441,-21.1941943016,-21.8356060199,-21.2589777384,27,18,27,15,20,19,0.0591867452558942,0.296363636363636,0.735278494299997
"P32457",-21.6150555924,-21.4157743625,-21.3964020764,NA,NA,-22.8113154779,9,7,11,3,5,7,NA,NA,NA
"P32458",-22.7211360242,-22.438462261,-22.9909360136,NA,NA,-23.8109205211,7,6,4,NA,4,3,NA,NA,NA
"P32463",-21.3453404562,-21.4322656197,NA,NA,NA,NA,2,3,NA,1,NA,NA,NA,NA,NA
"P32466",-23.6758081833,-22.6956868961,-22.8761166193,-24.2696062802,-24.0232976961,NA,4,3,4,1,2,2,0.0321661874640598,0.2,1.06391475525
"P32468",-21.668533106,-21.3335671359,-21.5368128442,-22.4634406002,-21.8349194401,-22.524857425,6,7,5,3,6,6,0.0508172800460035,0.266129032258065,0.761434793066666
"P32469",-22.0626996081,-22.2304805892,NA,-23.1024802833,-22.5738819692,-22.6114130972,1,1,1,1,1,1,0.0892903967797585,0.373563218390805,0.616001684583331
"P32471",-18.42374729,-19.1676301824,-18.4109153128,-19.0520442237,-18.8917051284,-19.0882224629,15,11,15,11,8,13,0.315518257619321,0.672067401166559,0.343226343266664
"P32472",-21.8385887406,-21.9727529906,NA,NA,NA,NA,3,3,2,NA,NA,2,NA,NA,NA
"P32473",-20.8002258114,-21.1210079563,-21.5592062081,-21.2505283498,-21.9492937464,-21.4471453782,10,7,5,8,5,7,0.286776883266245,0.647139903514817,0.388842499533329
"P32476",NA,-22.5495823938,NA,NA,-23.6978898048,NA,5,4,6,1,3,1,NA,NA,NA
"P32481",-20.7400803077,-20.4625288472,-20.3709517608,-21.153615742,-21.1180414725,-20.6139108167,17,22,16,11,10,13,0.186998274870615,0.517953321364452,0.437335705166664
"P32485",-22.7883440697,-21.6643535483,-22.5341566104,-23.798673656,NA,NA,4,6,5,5,3,2,NA,NA,NA
"P32486",-24.0157243976,NA,NA,NA,NA,NA,1,NA,NA,NA,NA,NA,NA,NA,NA
"P32496",-21.5248509605,-21.2596472991,-21.9304630442,-22.1984905365,NA,-22.0494658098,6,7,6,4,3,5,0.13253349626222,0.450719822812846,0.552324405216666
"P32497",-21.6623442426,-22.0499037291,-22.2706379967,-22.8939731992,-22.4897801292,-23.0896980341,11,11,12,7,7,7,0.0400041690626797,0.238875878220141,0.830188464700001
"P32499",-23.4559415937,-22.4937095063,-21.9346156617,NA,-24.7373369376,-24.3956686242,3,9,8,NA,1,1,0.00759056929269695,0.101449275362319,1.93841386033333
"P32500",NA,NA,-24.3441234576,NA,NA,NA,1,NA,2,NA,NA,NA,NA,NA,NA
"P32501",-24.2829466067,-24.1491736542,NA,NA,NA,NA,5,3,2,NA,1,1,NA,NA,NA
"P32502",-23.6589765343,NA,-23.7072215649,NA,NA,NA,1,1,1,NA,1,NA,NA,NA,NA
"P32505",-22.8261371993,-23.3203159097,-23.584139229,-24.0968168958,NA,-23.9193990954,2,2,2,2,1,2,0.0615777745830937,0.301785714285714,0.764577216266666
"P32521",-23.618655442,-22.3541847749,-22.8295616565,-24.5785450694,-24.4680203983,-25.6145026475,6,8,12,5,4,4,0.0055639735480161,0.0701754385964912,1.95288874726667
"P32527",-20.6186601061,-20.5674585597,-20.4484572239,-20.8474434944,-21.5550973933,-21.0782618626,13,12,14,10,9,7,0.0845237205290397,0.363636363636364,0.615408953533336
"P32529",-21.5414429477,NA,-21.7328327486,NA,NA,NA,1,1,1,NA,1,NA,NA,NA,NA
"P32558",-21.9902703375,-21.9615330587,-21.9519318845,-22.9575812324,-22.6991350769,-24.8800878985,18,20,17,8,9,5,0.023448533640023,0.17,1.54435630903334
"P32561",-22.5363779002,NA,NA,NA,NA,NA,3,1,NA,NA,NA,NA,NA,NA,NA
"P32563",-21.7049769355,-21.9199130089,-21.6805106059,-22.2914854497,-22.376782171,-22.9768323233,19,15,19,14,8,8,0.044803910293272,0.257019438444924,0.779899797899997
"P32565",-23.6747702066,-23.2463886247,-22.527962308,-24.851767554,-24.0590471997,-24.0930197928,13,16,18,10,11,10,0.024882403680276,0.172955974842767,1.18490446906667
"P32566",-22.2785656915,-22.0555009495,-21.5237640794,-24.3390686673,NA,-24.8133879453,5,5,5,2,NA,1,0.000474123059229442,0,2.62361806616667
"P32568",-25.1433078382,-24.9354554261,NA,NA,NA,NA,4,3,5,1,0,NA,NA,NA,NA
"P32582",-19.566303915,-19.3707659136,-19.1431807379,-19.5594243389,-19.3664637941,-19.5887760059,33,32,38,21,23,26,0.598733755031627,0.849298100743187,0.144804524133335
"P32588",NA,-22.6157832779,NA,-23.6167823503,-23.5919079195,NA,NA,2,NA,1,2,1,NA,NA,NA
"P32589",-19.5318510963,-19.4866932729,-19.5530988689,-20.0651147153,-19.9879159945,-19.9618849241,43,46,41,33,27,29,0.0754624784358827,0.338072669826224,0.4810907986
"P32590",-23.2609288508,-22.8791570982,-22.3576228514,-24.7610117732,-23.2968577479,-24.8052822182,5,8,8,4,5,2,0.0194266820011501,0.148550724637681,1.4551476463
"P32597",NA,NA,-24.8158312339,NA,NA,NA,4,2,4,NA,NA,NA,NA,NA,NA
"P32598",-21.3307600019,NA,-22.8963081541,NA,NA,NA,9,7,11,9,6,8,NA,NA,NA
"P32599",-20.1876964454,-20.0964415799,-20.9900275665,-21.1744933907,-21.2437384885,-21.6609845181,19,19,17,9,11,9,0.0363422944220817,0.215,0.935016935166669
"P32602",-20.0140595372,-20.4665865927,-20.5918229717,-20.9227418849,-20.5273329085,-21.08999043,6,6,7,5,5,5,0.163669781483611,0.495126705653021,0.489198707266663
"P32610",NA,NA,-22.2352298018,NA,NA,NA,5,3,2,2,3,2,NA,NA,NA
"P32614",-20.489904304,-19.9445437049,-20.0187337608,-20.922170759,-22.5303905304,-20.4166339721,22,18,21,14,11,15,0.0584268257619321,0.294117647058824,1.13867116393333
"P32621",-22.3936295902,-22.6536233207,-22.6538846233,-23.1428143892,NA,NA,5,4,4,2,2,1,NA,NA,NA
"P32623",-23.0423672065,-24.0289964636,NA,NA,-23.9191458703,NA,2,2,1,NA,2,1,NA,NA,NA
"P32626",-21.3767589995,-21.6862416323,-21.9082281872,-22.8236905872,NA,-22.8568699264,3,4,2,3,NA,2,0.00939304197814836,0.125628140703518,1.1832039838
"P32628",-20.3921451584,-20.5338795478,-20.7343335319,-21.0991344222,-21.306594882,-20.5857710075,8,9,6,5,9,8,0.196108539390454,0.529155787641427,0.443714024533332
"P32629",-24.5524776342,-24.9110276942,NA,NA,NA,NA,2,2,3,1,1,1,NA,NA,NA
"P32660",NA,-25.7591779776,-26.0054975148,NA,NA,NA,1,2,2,NA,NA,NA,NA,NA,NA
"P32769",NA,-23.6540739478,-23.9496714253,NA,NA,NA,1,1,3,NA,1,2,NA,NA,NA
"P32771",-21.9610489584,-21.9023285309,-21.5876008601,-23.0964230439,-23.2398495433,-22.3776107519,3,3,5,2,1,2,0.0192275733179989,0.148550724637681,1.08763499656667
"P32774",NA,NA,NA,NA,NA,-22.2546234626,NA,1,1,NA,1,1,NA,NA,NA
"P32775",-22.0942168497,-22.7699071246,-23.1213508565,-23.6706633341,NA,-24.9144331003,10,7,12,6,3,1,0.0149581656124209,0.140909090909091,1.6307232736
"P32780",NA,-23.260870847,-22.1488495065,-21.9550787409,-22.5489105094,-22.1021015853,3,4,5,7,5,6,0.258345600920069,0.617067833698031,-0.502829898216667
"P32787",-22.0479655003,-22.7139442678,-21.9098881543,NA,NA,-23.3707169637,3,4,4,1,NA,2,NA,NA,NA
"P32790",-22.8827259172,-23.8277807268,-23.2144915836,-24.6873249118,-24.8636284608,-24.6942666763,9,9,5,2,2,5,0.00657906843013226,0.078740157480315,1.44007394043333
"P32792",NA,NA,-24.0360426763,NA,NA,NA,NA,1,1,NA,NA,NA,NA,NA,NA
"P32793",-23.5930950495,-23.3050861181,-24.1215134041,NA,NA,NA,2,4,3,2,2,2,NA,NA,NA
"P32795",-24.7572667587,-24.1111450008,-22.5447029522,NA,NA,NA,3,3,6,NA,NA,NA,NA,NA,NA
"P32796",NA,NA,-23.6064659802,NA,NA,NA,1,1,2,NA,NA,1,NA,NA,NA
"P32802",NA,-24.7656647703,-24.394571765,NA,NA,NA,1,1,2,NA,NA,NA,NA,NA,NA
"P32803",-21.8870620607,-21.1175923559,-22.2349365988,-22.3171993343,-21.9594858,NA,1,2,1,2,2,NA,0.356281339850489,0.708959711365003,0.391812228683332
"P32832",-22.5024081874,-22.3534375977,-22.4288741935,NA,NA,NA,3,3,4,NA,NA,NA,NA,NA,NA
"P32835",-22.1041494337,-22.338185777,-22.3182686957,NA,NA,-22.5834188935,21,21,19,18,20,20,NA,NA,NA
"P32843",NA,NA,-23.7855215885,NA,NA,NA,1,3,4,NA,NA,NA,NA,NA,NA
"P32857",NA,NA,-23.1977974794,NA,NA,NA,1,NA,2,NA,NA,NA,NA,NA,NA
"P32861",-20.5596712724,-21.5136762447,-20.5310745068,-20.9812988088,-22.2817927807,-21.1269444503,20,19,19,15,12,11,0.210037952846463,0.544472152950956,0.595204671966666
"P32867",-22.3990683407,NA,NA,NA,NA,NA,1,1,0,1,0,1,NA,NA,NA
"P32891",-23.2536531867,-21.4459101756,-21.4319604394,-24.4404196266,NA,NA,6,6,9,3,2,2,NA,NA,NA
"P32895",-23.3361733957,-22.4250849402,-22.8052972553,-22.7382439925,-23.7337551118,-24.1214964384,4,7,4,2,3,3,0.151456152961472,0.473684210526316,0.675646650499999
"P32897",-20.5902263245,-20.655377286,-19.9212005929,-20.7874639261,-21.1935169605,-21.9675602095,2,3,6,3,3,4,0.0538755031627372,0.273422562141491,0.9272456309
"P32898",NA,-23.9467242522,NA,NA,NA,NA,3,3,3,NA,NA,NA,NA,NA,NA
"P32905",-19.9920800097,-19.9488220245,-20.144478264,-20.696146094,-20.7743529086,-20.8847714309,20,19,27,15,2,2,0.0231308223116734,0.167224080267559,0.7566300451
"P32911",NA,-20.0318343468,-19.9883865747,-21.3167958068,-20.1253051527,-20.2232934905,2,3,4,1,2,2,0.23314807360552,0.569649805447471,0.545021022583335
"P32913",-24.0130306863,-24.3040162974,-24.9671382567,NA,NA,NA,2,1,1,NA,NA,NA,NA,NA,NA
"P32916",-24.6711869346,NA,NA,-24.9215156401,NA,NA,2,2,1,1,NA,1,NA,NA,NA
"P32929",-20.6857175524,-20.3290905129,-20.3196403733,-20.6447262329,-20.4208182499,-20.4057156407,13,12,18,12,15,14,0.851670069005175,0.940506329113924,0.0456038949666642
"P32939",-20.405584623,-20.4726486858,-20.7353816834,-21.1058586827,-22.1899954591,-22.6950462774,3,3,3,3,2,1,0.0144629097182289,0.13953488372093,1.45909514233333
"P32969",-18.6049110922,-18.4209245729,-18.0615852816,-17.9982729875,-18.0427943159,-18.1763368327,24,20,26,27,26,22,0.334760782058654,0.690431519699812,-0.290005603533334
"P33121",NA,NA,NA,NA,NA,-24.7665952144,2,1,1,NA,1,1,NA,NA,NA
"P33136",NA,NA,NA,-23.6218805839,NA,-23.1406378516,NA,1,NA,5,2,3,NA,NA,NA
"P33176",-20.9780515961,-21.3396977872,-21.2142632481,-21.1230016328,-20.8561649341,-21.0686695587,30,29,26,31,39,31,0.556226135710178,0.826730518067044,-0.161392168599999
"P33195",NA,-23.4430882593,-22.7455815936,-21.5305028192,-21.8197317091,-21.7256134227,NA,2,6,15,10,15,0.00727558941920644,0.101449275362319,-1.40238560945
"P33201",-21.1726978538,-21.6615140895,-22.9548174134,NA,NA,-22.9163777964,2,4,4,NA,1,2,NA,NA,NA
"P33202",NA,NA,-25.7315190777,NA,NA,NA,1,1,2,NA,1,NA,NA,NA,NA
"P33204",-21.6962274867,-21.7274672094,-20.6365452418,NA,NA,-22.1729343015,2,2,3,NA,1,2,NA,NA,NA
"P33221",NA,NA,NA,-22.9312059634,NA,-23.4213188693,NA,NA,NA,2,1,2,NA,NA,NA
"P33240",-23.3563775261,-22.6185584906,-22.7776776529,-21.8803786395,-21.6614288339,-22.1393876658,12,13,18,16,12,10,0.0208635710178263,0.157342657342657,-1.0238061768
"P33297",-20.9697665976,-21.5788470074,-21.7201214747,-22.2208354252,NA,-24.0081505775,10,5,10,5,5,3,0.0191979585968948,0.148550724637681,1.69158130811666
"P33298",-23.3323409783,-23.7117594886,NA,-23.6959863143,NA,-23.6712968618,6,3,4,4,3,12,0.586533640023002,0.843030556718292,0.161591354600002
"P33299",-21.4215253905,-21.9135724414,-22.6793577919,-23.7628903758,NA,-21.9318444595,15,16,13,5,7,11,0.177842006900518,0.50787766450417,0.842548876383333
"P33302",-21.8050250673,-21.4115164073,-21.41045871,-22.410696295,-22.2710537588,-22.4343736491,21,25,24,13,19,18,0.0239577343300748,0.172523961661342,0.829707839433333
"P33307",-23.7276848214,-24.8724140911,-23.7198788959,NA,NA,-25.0636676198,6,1,4,NA,NA,2,NA,NA,NA
"P33315",-24.4231841509,NA,NA,NA,NA,NA,1,0,1,1,0,0,NA,NA,NA
"P33316",-18.2051072014,-18.3837876767,-19.0218965715,-18.1806920144,-18.255728056,-18.385082225,28,29,27,27,27,26,0.430864721104083,0.760083813514929,-0.263096384733331
"P33322",-21.285790337,-21.3011141704,-21.2124235078,-22.4912279771,-22.6958936489,-21.8352303138,9,9,8,6,5,7,0.0173786658999425,0.144,1.0743413082
"P33324",NA,NA,-22.4118393008,NA,NA,NA,2,3,4,0,1,NA,NA,NA,NA
"P33327",-24.5106715172,NA,NA,NA,NA,NA,4,6,6,2,2,2,NA,NA,NA
"P33330",-20.6075206422,-20.5431431284,-20.9565054852,-20.8718404503,-20.996568009,-21.4062990596,14,8,7,8,7,6,0.231420212765957,0.567843137254902,0.389179421033329
"P33331",-21.0514624113,-21.673633318,-21.2417606096,-21.4982975588,-21.2195747765,-20.4304623075,4,3,3,2,3,5,0.473459890741806,0.783162016642193,-0.272840565366668
"P33333",-20.5479060359,-20.5169808086,-21.0251687936,-21.6325294015,-22.3965958525,-22.0423516391,6,10,8,3,6,2,0.008899511213341,0.12258064516129,1.32714041833333
"P33338",NA,-22.6574360027,-22.9092324764,-23.2697983748,NA,NA,5,8,6,4,1,3,NA,NA,NA
"P33399",-21.3234125997,-22.7369990521,-22.3731179942,-23.4333658269,NA,-22.2599838271,6,5,3,3,1,3,0.207476423231742,0.544472152950956,0.702164945
"P33401",-22.1494257663,-22.9583109891,-21.9650143211,-23.8346309057,NA,NA,5,4,6,1,5,6,NA,NA,NA
"P33416",-21.8244340897,-21.1348786315,-21.327555703,-23.693190167,NA,-23.0911163886,11,20,19,8,7,7,0.00286630247268545,0.0454545454545455,1.9631971364
"P33417",NA,-24.1577406883,-24.3484931577,NA,NA,NA,1,2,2,NA,NA,NA,NA,NA,NA
"P33442",-21.5695200221,-21.5005060173,-21.8246135367,-22.8967268142,-22.484744631,-22.8331562208,4,41,36,1,24,22,0.00982489936745256,0.125628140703518,1.10666269663334
"P33552",NA,-21.3151625982,NA,NA,NA,-21.8224620932,4,2,1,2,NA,3,NA,NA,NA
"P33570",NA,NA,NA,-24.0390358224,-22.9108597795,-22.3963265706,NA,NA,NA,2,3,5,NA,NA,NA
"P33602",NA,NA,NA,-25.3711198129,NA,-24.8472054537,NA,NA,NA,1,1,3,NA,NA,NA
"P33734",-20.8451029909,-21.5535725201,-22.1455182093,-21.8808412023,-24.4128585654,-22.6347132464,16,10,11,6,4,4,0.0420813686026452,0.246013667425968,1.46140643126667
"P33754",-21.7733298437,NA,NA,NA,NA,NA,1,2,NA,1,NA,NA,NA,NA,NA
"P33767",-22.5556299747,-23.4729376845,-23.7771331072,NA,NA,NA,6,4,6,2,3,3,NA,NA,NA
"P33775",-23.020066404,-22.9537995878,-23.1825541124,NA,NA,NA,6,5,5,3,3,NA,NA,NA,NA
"P33892",-23.1360309135,-22.7974875456,-22.7368519938,-24.1759585474,-26.1464530806,-23.4304350469,29,37,33,15,12,23,0.0249120184013801,0.172955974842767,1.69415874066667
"P33981",NA,NA,NA,-23.5186593502,-24.207216977,-24.5893613108,NA,3,2,3,2,1,NA,NA,NA
"P33991",-19.2766768053,-19.3506699341,-19.060338669,-19.1475893329,-18.9986681128,-19.1530200708,47,56,59,54,66,65,0.613527314548591,0.857316578840697,-0.129469297299998
"P33992",-20.6128829095,-20.8455211089,-20.4642003973,-20.4707088691,-20.0867183557,-20.6053763959,26,25,31,27,35,30,0.408784071305348,0.748499727223132,-0.253266931666666
"P33993",-19.4701282296,-19.6078166071,-19.5728493317,-19.6312427852,-19.1900260554,-19.3919418417,37,37,38,39,42,43,0.592477717078781,0.845,-0.145861162033331
"P34077",NA,-24.938658583,NA,NA,NA,NA,1,5,NA,NA,NA,NA,NA,NA,NA
"P34087",NA,NA,-22.2348539357,NA,NA,NA,1,1,2,NA,NA,1,NA,NA,NA
"P34110",NA,NA,-25.2023607461,NA,NA,NA,2,2,2,NA,1,1,NA,NA,NA
"P34160",-24.322677389,-24.9294110473,-23.5568501798,-24.2254343087,NA,NA,4,9,4,1,3,1,NA,NA,NA
"P34163",-23.0484578795,NA,NA,NA,NA,NA,1,NA,3,NA,NA,NA,NA,NA,NA
"P34167",-20.8737424034,-21.055149225,-21.2817944067,-22.192349481,-21.8233824692,-21.4114035725,17,17,15,11,14,12,0.0588108108108108,0.295081967213115,0.738816495866665
"P34216",-21.0776497303,-21.3318725241,-21.6584278707,-22.8130392329,-22.5269792533,-23.0512906864,23,24,21,16,13,8,0.00500345025876941,0.0642201834862385,1.4411196825
"P34217",-24.0666923573,-23.2269940525,-24.2702106119,NA,NA,NA,4,2,2,NA,NA,NA,NA,NA,NA
"P34221",-22.4769708425,NA,NA,NA,NA,NA,7,4,5,3,2,2,NA,NA,NA
"P34222",-22.3750951612,NA,-22.6475592314,NA,NA,NA,1,1,1,1,NA,1,NA,NA,NA
"P34223",-21.8125401424,-20.7416380815,-20.6073425732,-23.1743333191,-22.3156514845,-21.7619864329,5,7,10,1,4,6,0.0247902530189764,0.172523961661342,1.3634834798
"P34227",-21.2446168284,-21.471177088,-20.7173816644,-21.6228830969,-22.9552834386,NA,5,5,8,2,2,2,0.0453000287521564,0.257019438444924,1.14469140748333
"P34730",-20.8174610558,-21.1394215415,-21.7255159097,-21.8188248354,-22.6501514005,-21.1906612743,62,69,79,57,62,71,0.163415181138585,0.494634146341463,0.659079667733334
"P34758",NA,-25.401827512,NA,NA,NA,NA,1,1,0,0,0,0,NA,NA,NA
"P34760",-17.1474075345,-17.1128552857,-17.2225047259,-17.198510906,-17.531259096,-17.8482404495,36,41,38,29,33,30,0.247515238642898,0.596530920060332,0.365080968466664
"P34896",-21.983382886,NA,-23.0159605936,-21.5511638503,-22.5362540763,-22.5280430772,4,2,2,6,2,5,0.527214203565267,0.81781557743957,-0.294518071866666
"P34897",-19.4767360295,-19.5419545765,-19.7330638761,-19.3479325206,-19.5191612605,-19.714181454,33,34,31,34,36,39,0.818561242093157,0.928010471204188,-0.05682641566667
"P34909",-23.2543666802,-23.4843626705,NA,NA,NA,NA,3,2,3,NA,NA,NA,NA,NA,NA
"P34913",-22.1165277788,-21.4260989933,-22.2587736511,-21.7446757875,-23.011297592,-21.7923135312,12,7,8,10,6,9,0.560062248418631,0.827720207253886,0.2489621625
"P34932",-19.3690136427,-19.2804163941,-18.889944619,-19.0157016046,-18.8380654409,-18.9145054232,57,56,67,63,67,74,0.379836687751581,0.726388093875215,-0.257034062366667
"P34949",NA,-22.8875580027,-23.1742237418,NA,-22.9318720139,-23.2306794154,3,2,1,NA,3,1,0.851024726854514,0.940502704422526,0.0503848424000033
"P35176",-20.2760976786,-20.7043900121,-21.1357331384,-20.8508615491,-21.5613615804,-20.6553835447,8,8,9,5,3,6,0.411754312823462,0.749728555917481,0.317128615033337
"P35178",-23.2404153216,NA,NA,NA,NA,NA,2,NA,NA,NA,NA,NA,NA,NA,NA
"P35179",-20.7878459122,-20.8940668693,-21.1014733534,-20.9448669161,-20.8564823219,-21.1540744469,1,1,2,1,1,1,0.816359833237493,0.927021696252465,0.0573458500000008
"P35180",NA,-20.3399466124,-20.9760423056,-21.2816473259,-22.2754189342,-21.0960192488,3,8,6,2,1,3,0.0826538240368028,0.361027190332326,0.893034043966665
"P35189",NA,-21.2070605242,-22.3182302176,NA,NA,NA,3,3,3,NA,NA,1,NA,NA,NA
"P35191",-24.0598877509,-23.1225028508,-23.4522155307,NA,NA,NA,2,3,5,1,NA,NA,NA,NA,NA
"P35197",-22.1675307019,-21.0093143575,-20.9404097281,-23.3490823686,-22.0838587328,-22.3805099054,6,9,11,5,5,5,0.0330999137435308,0.205194805194805,1.23206540643334
"P35207",NA,-25.3954885271,NA,NA,NA,NA,3,4,3,1,NA,1,NA,NA,NA
"P35219",-22.1184888928,-20.2573870173,-20.8320595568,-20.6401353972,-22.7937654603,-20.888423412,5,6,3,5,1,4,0.534051035077631,0.81781557743957,0.3714629342
"P35221",NA,NA,NA,NA,-23.7078936852,NA,1,NA,1,5,3,1,NA,NA,NA
"P35226",NA,-23.0910966728,NA,-23.7130274295,NA,NA,NA,1,NA,1,1,2,NA,NA,NA
"P35232",-18.4597418302,-18.4656061699,-18.4086192016,-18.5399995536,-18.3320247178,-18.4721525449,23,26,26,26,29,24,0.967673375503163,0.971643518518518,0.00340320486666812
"P35236",NA,NA,NA,NA,NA,-23.5884302501,3,NA,1,2,NA,2,NA,NA,NA
"P35237",-19.8667687725,-20.6042905434,-19.9980772446,-19.5679672675,-20.1079978611,-21.1802704399,16,12,18,17,14,16,0.757644767107533,0.904712762297902,0.129033002666663
"P35241",-23.6173447745,-22.7838933039,-22.4299340635,-22.5747603025,-22.77693886,-23.3672101169,7,6,7,5,5,6,0.905375646923519,0.954089388871998,-0.0374209541666666
"P35244",-19.4056735539,-18.5539131495,-19.3402940662,-18.4097446556,-19.4589206845,-18.4786654836,6,7,6,9,6,9,0.441141604370328,0.761929194458697,-0.317516648633333
"P35249",-20.3611808003,-20.6763791722,-20.0668850352,-20.4318895802,-21.1884764262,-19.7237080796,14,16,17,13,15,17,0.830230304772858,0.9322528363047,0.0798763594333352
"P35250",-20.2256689886,-21.3539882756,-20.7337214375,-21.2059733598,-20.1676135758,-20.3933065509,14,8,11,11,13,11,0.649873921794135,0.865712074303406,-0.182161738399998
"P35268",-20.0751915227,-19.1885341418,-19.0141330916,-19.8325900083,-19.7268191004,-18.9073974063,6,6,14,7,9,11,0.858907561817136,0.940738442444927,0.0629825862999986
"P35269",-21.3408018354,-22.1110002091,-21.9017350381,-21.6068084198,-21.5437887124,-21.1231897285,5,6,6,8,8,9,0.30571017826337,0.665565102445473,-0.359916740633334
"P35270",NA,NA,-23.0457161086,NA,-22.7263960601,NA,NA,1,2,NA,2,3,NA,NA,NA
"P35340",NA,NA,NA,-23.8455758142,NA,-24.1384610528,NA,NA,NA,3,2,2,NA,NA,NA
"P35520",-20.7211809019,-20.8865226919,-20.4942450315,-20.6705508812,-19.9511313571,-19.9528695353,17,20,18,19,22,22,0.160502731454859,0.487636003956479,-0.509132283899998
"P35573",-23.3258514031,-25.2577583775,-24.1460874022,-22.9598531337,-23.2690511305,-23.0801967599,14,10,13,11,16,13,0.0448645773433007,0.257019438444924,-1.14019871956667
"P35579",-20.7294662661,-20.5127155875,-20.2406927027,-19.8757377438,-20.2776393091,-20.117048979,61,67,79,86,73,89,0.20319695227142,0.537606837606838,-0.404149508133333
"P35580",-20.6086686052,-20.426147041,-20.5865601664,-20.7641759813,-20.5792266627,-20.4529028959,69,78,74,68,74,75,0.807507906843013,0.923102419622141,0.0583099090999966
"P35606",-21.1052372741,-20.9414490918,-21.5966485089,-20.9580656924,-22.0010295118,-21.2286639897,20,22,14,21,17,19,0.623308941920644,0.861723446893788,0.181474773033337
"P35611",-22.5861761659,-21.4349945284,-21.3169829516,-21.4023753319,-21.2862857827,-21.8826197811,8,9,8,9,9,12,0.53300071880391,0.81781557743957,-0.255624250066667
"P35612",NA,-22.9116304734,-21.8633454621,-23.462863285,-23.3544003943,-22.9978353997,1,4,7,8,5,5,0.0634637722829212,0.310104529616725,0.884211725250005
"P35613",-20.6459492927,-20.9551526708,-20.5291201527,-20.8816530634,-20.6568461451,-21.4354232449,6,6,8,4,4,6,0.407091288096607,0.748087431693989,0.281233445733335
"P35637",-20.5625778325,-20.3856824502,-20.855150294,-20.4856274801,-20.3784039562,-20.2257585447,19,19,17,20,20,22,0.414018401380103,0.750406063887385,-0.237873531900004
"P35658",-21.1078236696,-21.582718619,-20.9917005345,-20.8561944043,-20.9572327596,-21.152781761,42,30,37,48,43,39,0.439623202990224,0.761708697889861,-0.238677966066668
"P35659",-20.8074227388,-20.6126307617,-20.7726626016,-20.6609144193,-20.328834438,-20.7304608893,12,12,12,14,14,21,0.567389016676251,0.831407787762088,-0.157502118499998
"P35691",-19.3053232463,-19.0902548038,-19.6920254467,-19.85836234,-19.7056944737,-20.4462131179,11,9,9,7,7,9,0.0989318573893042,0.392572944297082,0.6408888116
"P35719",-19.3076066348,-19.6148281829,-19.5152017028,-20.7516808579,-20.147595354,-20.0376418131,9,9,9,5,9,8,0.0373250431282346,0.218137254901961,0.833093834833335
"P35723",-21.0038209171,-21.0248605242,-20.9978690676,-21.403161943,-21.1890345938,-21.2933143371,2,3,4,2,2,2,0.264461759631972,0.617067833698031,0.286320121666666
"P35732",-21.3022547505,-21.236125658,-21.7837653307,-22.1357723419,-22.2292850656,-22.0761355116,6,7,5,4,4,6,0.048950977573318,0.259713701431493,0.706349059966666
"P35813",NA,NA,-22.9285744973,-23.9184658543,-22.6205539185,-22.1211749346,NA,1,1,1,2,2,NA,NA,NA
"P35817",NA,-23.0073793816,NA,NA,NA,NA,NA,1,1,NA,NA,NA,NA,NA,NA
"P35842",-23.3473438555,NA,NA,NA,NA,NA,1,1,NA,NA,NA,NA,NA,NA,NA
"P35844",-20.8462820938,-20.7971072814,-21.0409000323,-23.7295857917,-22.1546025718,-22.1170103519,10,11,9,5,7,4,0.00892912593444508,0.12258064516129,1.77230310263333
"P35845",-25.2264647024,-25.648367715,-25.5453615758,NA,NA,NA,2,4,1,NA,NA,NA,NA,NA,NA
"P35914",NA,-23.2264575403,-23.5920382063,NA,NA,-23.7037883984,NA,1,3,0,1,3,NA,NA,NA
"P35997",NA,NA,-21.6027448023,-21.4270730994,NA,NA,3,5,4,4,3,4,NA,NA,NA
"P35998",-19.8015782392,-19.3213419156,-19.60917139,-19.7424043797,-19.4192857525,-19.2298747772,28,32,28,30,31,31,0.69627515813686,0.878457059679767,-0.113508878466668
"P36006",-25.6149380671,-24.4403617298,NA,NA,NA,-25.8476629406,3,4,6,NA,1,2,NA,NA,NA
"P36008",-19.981198934,-20.3758087974,-20.3217831767,-20.375962453,-20.7999301359,-21.9316857695,17,19,18,14,12,11,0.0955033064979874,0.39047619047619,0.809595816766667
"P36010",-19.4941087637,-19.9597996521,-20.6301183467,-20.6554750186,-20.6855011399,-20.8505362179,13,10,7,4,5,7,0.0905838125359402,0.38,0.702495204633333
"P36013",-22.0333194957,-21.7520760367,-21.2384385921,NA,-24.0787539335,NA,8,8,13,NA,3,4,NA,NA,NA
"P36015",-20.6572165422,-20.820574244,-20.2424187067,-22.4342543596,-22.0749018466,-21.4920049011,9,9,10,3,3,4,0.00864404830362277,0.12258064516129,1.42698387146667
"P36016",-25.0023961777,-23.7329136301,-25.0607024754,NA,NA,NA,2,3,2,1,1,1,NA,NA,NA
"P36017",-22.3384111029,-22.4322063303,-22.2368948687,NA,NA,NA,6,4,4,2,NA,2,NA,NA,NA
"P36018",-21.8904549794,-22.133847157,-20.8649270819,-21.7942992654,NA,NA,4,3,5,5,NA,1,NA,NA,NA
"P36037",-22.6450748683,-23.8285116445,-23.3565082883,NA,NA,NA,4,3,2,NA,NA,NA,NA,NA,NA
"P36040",NA,-23.2696355171,NA,NA,NA,NA,1,2,1,NA,NA,NA,NA,NA,NA
"P36041",-24.2046328966,NA,-23.8794737586,-24.5151411721,NA,-24.4794871265,2,1,2,1,NA,2,0.150161587119034,0.473684210526316,0.455260821700001
"P36046",-22.2548052926,-21.9642242656,-22.6985327745,NA,-22.9501401629,-23.6802372935,2,4,4,3,3,2,0.0363126797009776,0.215,1.0093346173
"P36049",-22.0303763415,-22.1528087633,-21.8042927896,-23.965381475,NA,-23.6946210183,4,3,4,1,NA,1,0.00103637147786084,0,1.83417528185
"P36059",NA,NA,-22.9694794451,NA,NA,NA,2,3,3,1,1,1,NA,NA,NA
"P36060",-20.9434896715,-20.3721908632,-20.1646795292,-21.728938064,-20.6903052469,-22.1418652028,11,11,15,5,9,5,0.0497011213341001,0.26219512195122,1.02691614993333
"P36081",NA,NA,NA,-24.0789673714,-23.9711337027,NA,3,2,3,3,2,3,NA,NA,NA
"P36105",NA,-22.1863329999,-22.1962488449,NA,-21.8099483903,-22.0201577063,1,12,14,7,11,10,0.313013513513514,0.672067401166559,-0.276237874099998
"P36114",-21.1290329257,-22.0346360289,-22.2256555283,-22.6797553523,-22.3368427669,-23.2012105373,8,11,11,4,5,5,0.0513099482461185,0.268924302788845,0.942828057866667
"P36135",NA,NA,-23.8863434837,NA,NA,NA,NA,NA,1,NA,NA,NA,NA,NA,NA
"P36136",-20.7136426196,-20.2044258766,-21.8707947392,-22.9632928057,-22.5401561448,NA,8,8,6,2,6,3,0.0121574180563542,0.125628140703518,1.82210339678333
"P36139",-19.7279076766,-19.7825742424,-20.2120009661,NA,-21.2899133859,-21.1269653963,8,10,8,4,4,5,0.00654945370902818,0.078740157480315,1.30094509606667
"P36141",NA,NA,-22.2822566055,NA,NA,NA,NA,NA,1,NA,NA,NA,NA,NA,NA
"P36147",-21.4825472055,-20.5817410032,-21.2681283673,NA,NA,NA,3,3,3,NA,1,NA,NA,NA,NA
"P36148",-24.3766651364,-23.5561997867,-23.5978479228,-23.7230642422,NA,NA,5,6,5,2,1,3,NA,NA,NA
"P36151",-23.300867228,NA,NA,NA,NA,NA,1,1,1,NA,NA,NA,NA,NA,NA
"P36156",-22.7670059181,-23.6796513312,-23.2367666664,NA,NA,NA,1,2,2,1,NA,NA,NA,NA,NA
"P36160",NA,-23.4261106472,-24.6481687512,NA,NA,NA,1,2,3,NA,NA,1,NA,NA,NA
"P36161",-25.0220063843,-25.0706972861,-24.3178287969,NA,NA,NA,3,3,7,2,NA,2,NA,NA,NA
"P36404",-22.3133563583,-21.5701686341,-20.3857933621,-21.6875605126,-21.4934457353,-21.6592897107,2,3,6,4,4,7,0.668615871190339,0.86885865457294,0.190325868033337
"P36405",-20.9864112295,-21.9974152744,-21.2338876539,-20.0725058489,-22.1669923455,-20.4682666924,4,1,4,5,3,5,0.353936889016676,0.704957678355502,-0.503316423666664
"P36421",-22.0203803175,-21.6241203347,-21.5666090159,-22.1583483978,NA,-22.2728588553,7,9,8,3,4,6,0.146535508913168,0.467436974789916,0.478567070516668
"P36507",-23.4939411933,-22.4353701028,-21.5100185724,-21.015053047,-21.2385250845,-21.8071173752,13,5,6,11,9,10,0.0545987636572743,0.277566539923954,-1.12621145393333
"P36542",-20.2536357448,-20.081457666,-20.8143610992,-20.2897933456,-20.2466791066,-20.6095397219,16,14,11,12,10,10,0.975823461759632,0.973517559009787,-0.00114744530000266
"P36543",-22.4009434825,-21.8233512873,-22.6342848432,-22.710102679,-22.5320070639,-22.5827000195,3,3,5,4,2,5,0.337341863139735,0.692643391521197,0.322076716466665
"P36551",-20.7489928899,-21.8820868143,-20.7521059697,-20.9842579394,-20.3006666183,-21.4808595485,15,14,11,16,17,14,0.63057892466935,0.863582908663269,-0.205800522566665
"P36578",-18.9506233631,-18.7165183931,-18.9261715029,-18.7775412513,-18.5047320863,-19.0494316559,36,34,42,38,43,44,0.751182144910868,0.90426638917794,-0.0872027551999999
"P36639",NA,NA,-22.4865636355,-20.4554169398,-21.9571484255,NA,NA,2,2,3,2,1,NA,NA,NA
"P36683",-21.6739987929,-21.9467000253,-21.6859615874,-20.5390297231,-20.2194255753,-20.4793404729,13,13,13,25,29,28,0.00367337550316274,0.0454545454545455,-1.35628821143333
"P36775",-22.9982780814,-23.1215354997,-23.3855979842,-23.9287059548,-23.6465890532,-24.448023067,9,10,9,7,5,8,0.0403815411155837,0.240740740740741,0.839302169900002
"P36776",-20.6014630123,-20.4044673725,-20.2103757564,-20.402482302,-19.7738643258,-20.0184405931,30,31,32,25,38,37,0.294414462334675,0.655804480651731,-0.340506306766667
"P36873",-22.4601436936,-23.9652164452,-22.8818398989,-22.891535164,-23.8485044798,-22.794309552,13,14,19,13,12,16,0.850622052903968,0.940502704422526,0.075716386033335
"P36915",-23.6102840642,-21.9564161319,-22.3488088034,-23.8368557324,-23.5700105759,-21.913555239,9,9,9,10,10,13,0.410531627372053,0.748776508972268,0.468304182600001
"P36954",NA,-22.3175284927,-21.466594058,NA,NA,-19.9431942493,1,1,1,NA,NA,3,NA,NA,NA
"P36957",-21.6629493578,-22.6053876009,-22.1997972622,-21.9001432763,-23.2204280806,-21.9997703534,7,7,7,4,7,7,0.612463628522139,0.856447688564477,0.217402496466665
"P36959",-22.6384943098,-21.3318690433,-22.1001195473,-22.4410383298,-22.9452324814,-22.6528641902,1,5,4,4,3,3,0.134258194364577,0.450719822812846,0.656217367
"P36969",-23.0274318945,-20.3167909172,-20.7274587027,-21.6954912556,-21.0315032066,-20.3662427439,4,10,7,6,7,7,0.594905117883841,0.846121941103277,-0.32614810276667
"P36973",NA,NA,-23.2385593355,NA,NA,NA,NA,1,1,NA,NA,1,NA,NA,NA
"P37012",-19.1706401149,-19.0429941402,-19.4421033942,-19.9666659818,-19.6167688931,-19.7190505065,40,38,37,27,28,29,0.0921719378953422,0.382228490832158,0.5489159107
"P37051",NA,NA,NA,NA,-22.7388106912,NA,NA,NA,NA,NA,1,NA,NA,NA,NA
"P37095",NA,NA,NA,-23.6078221383,NA,-22.5604757268,NA,NA,1,5,5,4,NA,NA,NA
"P37108",-20.0400149251,-20.0952984319,-20.4798394077,-20.271560214,-20.4625528658,-20.0288673395,5,6,7,6,6,7,0.850065842438183,0.940127388535032,0.0492758848666668
"P37198",-20.8531620505,-20.8190321716,-21.0977717796,-20.4450863749,-20.7408846761,-21.1211045056,9,8,8,10,8,10,0.613036371477861,0.856447688564477,-0.154296815033334
"P37235",-21.9898910707,-20.5413280008,-21.3750119761,-20.8396064525,-21.1352082337,-20.6080307605,2,7,7,5,7,7,0.304181857389304,0.665565102445473,-0.441128533633336
"P37262",-22.5140475184,-22.785703796,-22.7395902575,NA,NA,NA,1,1,4,1,1,2,NA,NA,NA
"P37268",-23.2627618685,-22.7640748425,-23.7032785913,-23.470760167,-23.6112702622,-23.649229924,3,3,2,2,3,3,0.339162305922944,0.696950840074673,0.333715016966668
"P37291",-18.28991889,-18.4609056215,-18.5275343284,-19.1745884414,-18.8940468996,-19.5502088542,63,50,64,37,37,37,0.0394830362277171,0.235849056603774,0.780161785100002
"P37292",-24.338824834,-22.4237547803,-22.0017903035,-23.6217914193,NA,-24.2477111625,11,11,8,5,6,5,0.14598950546291,0.467436974789916,1.01329465163333
"P37302",-21.1987366375,-21.0321854627,-21.5181253425,-22.4305389569,-21.7238252747,-21.4627217596,9,15,11,6,9,11,0.121183151236343,0.432941176470588,0.62267951616667
"P37330",NA,NA,NA,-22.5304928227,-21.9333832188,-22.957659891,NA,NA,NA,10,10,7,NA,NA,NA
"P37370",NA,-24.8250349355,NA,NA,NA,NA,NA,1,1,NA,NA,NA,NA,NA,NA
"P37647",-21.1699349938,-20.3973741684,-21.3595441273,-20.0180352689,-19.7179137154,-20.247736627,5,6,8,9,7,7,0.0324831799884991,0.201086956521739,-0.981055892733334
"P37666",NA,NA,NA,NA,-22.8887677041,-23.0660201964,NA,NA,NA,NA,1,2,NA,NA,NA
"P37685",NA,NA,NA,-21.2021765676,-21.1558058902,-21.2230947642,NA,3,NA,7,5,7,NA,NA,NA
"P37747",NA,NA,NA,-23.9176406364,NA,NA,NA,NA,NA,2,2,1,NA,NA,NA
"P37769",-21.0796058404,-21.1179265078,-20.6569157536,-19.4253243217,-19.5782686581,-19.4940810024,10,7,12,16,18,20,0.00323317998849914,0.0454545454545455,-1.45225803986667
"P37802",-18.6067849284,-18.7685602347,-18.1592289065,-18.116673566,-18.2687988446,-18.1355882943,34,26,32,31,32,45,0.280821736630247,0.639747191011236,-0.337837788233337
"P37837",-19.7957266039,-20.2464689639,-20.4327065396,-19.4649810408,-19.4873362293,-20.2745727325,29,26,29,31,35,37,0.269126940770558,0.622737146994931,-0.416004034933334
"P37838",-24.581861974,NA,NA,NA,NA,NA,1,NA,NA,NA,NA,NA,NA,NA,NA
"P37898",-21.8036796159,-22.4970106883,-22.3150353767,-22.8496207916,-24.2384839723,-23.0548111687,9,9,9,6,6,6,0.0306552616446233,0.198347107438017,1.1757300839
"P37902",NA,NA,NA,-21.1776524419,NA,-21.2057504632,NA,NA,NA,4,3,5,NA,NA,NA
"P37903",NA,-22.1277226829,NA,NA,-22.0612448951,-22.3331311064,NA,1,1,3,3,3,NA,NA,NA
"P38009",-19.0128185493,-19.0797796631,-18.975628247,-19.7778396067,-19.3679567476,-19.4112167856,44,46,56,33,32,36,0.1105977573318,0.412855377008653,0.496262226833334
"P38011",-19.0629876566,-19.0092045653,-18.853840781,-19.8180114723,-19.6880059995,-19.5567446904,28,22,26,16,15,16,0.0315707303047729,0.198347107438017,0.7122430531
"P38013",-16.7202753966,-16.9193711104,-17.3337611686,-17.5011289763,-17.4226625865,-17.9662835154,42,42,38,27,30,28,0.0868018976423232,0.366959064327485,0.638889134199999
"P38061",-19.1561571939,-19.3619635331,-18.9650501664,-19.45374417,-19.6028074489,-19.1692032707,7,10,14,8,7,13,0.406393473260495,0.748087431693989,0.247527998733332
"P38066",-22.9629130903,-22.8458198352,-23.1958687463,NA,-23.4470076966,NA,2,1,1,1,1,1,NA,NA,NA
"P38069",-23.0202977924,NA,NA,NA,NA,NA,4,2,6,NA,1,2,NA,NA,NA
"P38071",-22.1816417184,-21.8521608152,-22.2242030452,-23.0101605304,-22.9890443412,-23.4970261509,7,5,5,5,4,4,0.0132495687176538,0.13,1.07940848123333
"P38074",NA,-23.4266286111,-23.5225284814,NA,NA,-23.9838403787,2,2,3,NA,NA,2,NA,NA,NA
"P38075",-20.4129423712,-20.8517058631,-21.3095632558,-22.7424438598,-21.5322030732,-20.3839871412,8,5,7,1,5,9,0.22194695227142,0.555913113435237,0.694807528033333
"P38077",-21.0742694461,-21.2087151025,-20.4577075605,-21.9703870114,-21.8438678848,-21.9191852846,7,7,8,4,4,2,0.0201279470960322,0.156028368794326,0.997582690566666
"P38079",-21.8797680743,-22.4627063587,-21.2376513978,NA,-22.3504390415,NA,2,3,9,2,2,3,NA,NA,NA
"P38080",NA,-25.1304366055,NA,NA,NA,NA,3,2,NA,NA,NA,NA,NA,NA,NA
"P38081",-22.3913908797,-22.0164883746,-24.0323535204,-23.8093685931,NA,-22.9486741636,6,9,8,2,2,3,0.354115583668775,0.704957678355502,0.565610453449999
"P38088",-19.7839906558,-20.2893753839,-19.7115302151,-20.6706292744,-20.0488437675,-20.6239949779,33,35,35,24,27,23,0.155700977573318,0.475757575757576,0.519523921666668
"P38109",-23.5160587351,NA,-24.010163182,NA,NA,NA,1,1,2,NA,NA,NA,NA,NA,NA
"P38112",NA,NA,-24.9643482495,NA,NA,NA,1,NA,1,NA,NA,NA,NA,NA,NA
"P38113",-23.2128098686,-23.0103066672,-23.2004347122,NA,NA,NA,11,3,1,7,8,6,NA,NA,NA
"P38115",-20.9339350998,-21.0634160198,-20.7065677512,-21.9805991099,-21.4588982865,-21.7402497026,8,7,11,6,5,5,0.0298730592294422,0.198347107438017,0.825276076066665
"P38116",-22.462602967,-22.4245335294,-22.3196335506,-22.5909063615,NA,-22.5075047639,2,3,2,3,3,3,0.547455002875216,0.82487869430966,0.146948880366665
"P38117",-19.7806292333,-18.940414499,-19.7013617292,-19.6041978603,-19.2366810294,-19.2045895004,15,16,19,17,20,25,0.701633266244968,0.878457059679767,-0.125645690466666
"P38130",-22.382863072,-24.1600545953,-22.159526116,-24.3441828064,NA,NA,3,4,7,2,3,1,NA,NA,NA
"P38137",-22.9032668456,-22.986274947,-22.2111726966,NA,NA,NA,2,5,7,NA,NA,3,NA,NA,NA
"P38138",NA,-24.7274116863,-24.7757613882,NA,NA,NA,NA,1,1,1,1,2,NA,NA,NA
"P38143",-21.0707392343,-21.1434419336,-21.3249910177,-21.9267992375,-22.5337584397,-21.2578326479,9,5,6,6,4,5,0.0943721966647499,0.39047619047619,0.726406046500003
"P38144",-25.2304126987,-24.1021932082,-24.3188203733,NA,NA,NA,5,7,6,1,1,3,NA,NA,NA
"P38159",-21.6828092076,-21.775941171,-21.8054406748,-21.6793592922,-21.3253535672,-22.0454832559,25,27,28,30,29,29,0.800470816561242,0.92022696929239,-0.0713316460333324
"P38166",NA,NA,-22.5855919768,NA,NA,NA,NA,NA,2,NA,NA,NA,NA,NA,NA
"P38167",NA,NA,-25.138241619,NA,NA,NA,NA,1,2,NA,NA,NA,NA,NA,NA
"P38174",-21.6555581604,-22.4347188134,-22.8377890863,NA,NA,-23.9878445827,4,5,6,1,1,4,NA,NA,NA
"P38181",NA,NA,-25.9666925041,NA,NA,NA,1,1,1,1,1,0,NA,NA,NA
"P38197",-20.9905611231,-21.0617610066,-21.2609103716,-21.7256285889,-21.6317572872,-22.2190724103,4,4,4,2,3,3,0.0435018688901668,0.252796420581655,0.754408595033333
"P38199",-22.1446963775,-23.7564552178,-22.5484436997,-23.3013783433,-23.4908545686,-22.4761870652,2,2,4,1,2,3,0.557733611270845,0.826881252718573,0.272941560700001
"P38203",-20.6103908534,-20.3959222206,-20.6757547402,NA,NA,NA,2,3,2,1,1,1,NA,NA,NA
"P38205",-22.1814765592,-22.232060162,-22.0557293907,-22.4517692627,-23.6533839766,-23.1470700554,9,11,12,5,3,4,0.0425158136860265,0.248306997742664,0.927652394266666
"P38217",-23.6084280772,-23.7653547258,-24.9131730373,-25.5428845524,NA,NA,3,3,1,1,1,1,NA,NA,NA
"P38219",-19.7032947834,-19.1722730353,-19.9760271305,-20.2870901136,-20.3803156665,-20.5573803108,17,20,19,15,14,14,0.0466308223116734,0.259713701431493,0.791063713900002
"P38230",-21.8922865026,-21.0365213431,-21.7356391302,-23.3985753838,NA,NA,5,6,3,2,3,1,NA,NA,NA
"P38234",-21.3865300984,-20.6763755328,-21.0170938535,-22.539238783,NA,NA,5,6,3,3,2,1,NA,NA,NA
"P38235",NA,-22.6531836606,-22.797667088,NA,NA,-23.1894763025,4,3,3,1,1,1,NA,NA,NA
"P38248",-21.7865672848,-21.0144884989,-21.7997552402,-22.2183557147,-21.0438963198,-22.2173750602,7,7,6,5,6,2,0.488407274295572,0.792226487523992,0.292938690266666
"P38249",-21.3823870981,-21.1709964468,-21.0150404345,-21.6820150952,-22.0623355684,-22.2215120577,30,26,34,23,17,19,0.0347021276595745,0.207161125319693,0.799146247299998
"P38250",-22.4228512523,-21.8023246609,-21.9279861479,NA,NA,-23.5748967422,10,7,10,4,4,6,NA,NA,NA
"P38255",NA,NA,-24.4039019996,NA,NA,NA,NA,NA,1,NA,NA,NA,NA,NA,NA
"P38256",NA,-22.7976033064,NA,NA,NA,NA,NA,2,1,NA,1,NA,NA,NA,NA
"P38260",NA,-22.5766817945,NA,NA,NA,NA,2,1,NA,NA,NA,NA,NA,NA,NA
"P38264",-21.2482829586,-20.4410768713,-20.5429106514,-20.5942782484,-20.3641060855,-20.9930886947,7,6,7,5,6,6,0.774938614146061,0.911794871794872,-0.0935991509000011
"P38272",NA,-24.290706755,NA,NA,NA,NA,1,1,1,NA,NA,NA,NA,NA,NA
"P38281",NA,-22.8940898715,NA,NA,NA,NA,NA,2,NA,NA,NA,NA,NA,NA,NA
"P38286",-22.8884834465,-22.3255974933,-22.207531944,-22.1440382203,-23.1826743158,-23.1373051858,2,2,3,3,1,1,0.386267395054629,0.730834752981261,0.347468279366666
"P38295",-22.0316260717,-22.2564263295,-21.9354715112,NA,NA,NA,5,7,11,1,2,1,NA,NA,NA
"P38310",NA,-23.8964745008,-23.1520657609,NA,NA,NA,1,3,2,NA,NA,NA,NA,NA,NA
"P38314",-22.3627387736,-22.1826471067,-22.7875712606,-22.5631923458,NA,NA,5,6,3,4,1,2,NA,NA,NA
"P38328",-21.4902131043,-21.0171669757,-21.1814656486,-21.4365984789,-22.0443033069,-23.7332110071,7,9,6,4,4,6,0.0588985048878666,0.295081967213115,1.17508902143333
"P38333",-23.2811643938,NA,-24.1239795241,NA,NA,NA,1,NA,1,NA,NA,NA,NA,NA,NA
"P38351",-24.0587097754,NA,-22.5560735787,NA,NA,NA,2,NA,4,NA,1,NA,NA,NA,NA
"P38353",-24.1523810539,-22.7798164525,-23.097356778,-23.7150972561,NA,-23.8145291303,3,3,5,3,4,5,0.363507906843013,0.712609970674487,0.421628431733332
"P38426",-21.8842465281,-22.3510123486,-21.8420680457,-23.8927313516,-23.6674599506,-23.9142294257,16,14,11,6,6,4,0.00146995399654974,0.0212765957446809,1.7990312685
"P38427",-20.6628692422,-20.7292246208,-20.4189606291,-21.8665041795,-21.7855251368,-21.7682587056,29,31,39,20,23,17,0.00480017251293847,0.0642201834862385,1.20307784326667
"P38428",-22.4247278252,-22.2576862737,-22.6314046205,NA,NA,NA,1,1,1,NA,NA,NA,NA,NA,NA
"P38431",-20.9956391333,-21.6123683921,-20.8060828327,-22.4289159045,-22.389742343,-22.3637534801,11,12,16,6,7,8,0.00945227142035653,0.125628140703518,1.25610712316667
"P38432",-21.8437249514,-22.0384321013,-21.9890750304,-22.0201349194,-21.9519948616,-22.2968456545,6,8,11,6,9,9,0.616193214491087,0.857603872529246,0.132581117466668
"P38521",NA,NA,NA,-21.5357709526,-21.3305097849,NA,NA,NA,NA,1,2,1,NA,NA,NA
"P38523",-21.2880076131,-20.8632612532,-20.2956197485,-21.065418497,-21.0033356395,-20.7566356957,3,5,8,3,4,6,0.702203133985049,0.878457059679767,0.126167072466668
"P38555",-20.8191221499,-21.0773936867,-20.9411146318,-22.4064004769,NA,-22.7525619547,7,7,6,3,4,6,0.00176423231742381,0.0212765957446809,1.633604393
"P38606",-20.3518083394,-20.4485979614,-20.1770859111,-20.2744902574,-20.0625717567,-20.0517677072,22,22,26,26,24,27,0.462318861414606,0.773200992555831,-0.196220830200001
"P38616",-22.9382279523,-21.4128770649,-21.5662842116,-22.2732296955,-22.6227928025,-22.980601948,3,5,4,4,2,3,0.17602443933295,0.506046511627907,0.653078405733332
"P38620",NA,NA,-22.8614840768,NA,NA,NA,2,3,2,NA,1,NA,NA,NA,NA
"P38623",NA,NA,NA,-24.181012697,NA,NA,2,4,2,2,NA,1,NA,NA,NA
"P38624",-20.7716687236,-21.9889678618,-21.4988546605,NA,-22.4401237882,NA,3,2,4,3,3,1,NA,NA,NA
"P38625",-21.5173283609,-21.6409759093,-21.1393578812,-22.6097721293,-22.2296879569,-21.9432545108,14,10,20,8,6,9,0.0391930707303048,0.234597156398104,0.8283508152
"P38626",-20.9778340953,-20.9824641007,-20.8092701528,-23.5603394803,NA,-21.6484959047,8,8,8,7,2,3,0.0188772282921219,0.148550724637681,1.6812282429
"P38628",-22.9688465347,-21.9978002596,-24.06452135,NA,NA,-24.1081788711,7,9,8,3,2,5,NA,NA,NA
"P38631",-23.5847903584,-23.968950587,-24.7883302986,NA,-25.4371236627,NA,13,11,14,6,6,3,NA,NA,NA
"P38646",-18.4995005291,-18.4021508869,-18.5816189312,-18.1075960795,-17.9706883933,-18.3298582589,79,78,72,87,88,85,0.210797584818861,0.544472152950956,-0.358375871833331
"P38682",NA,-23.6916612676,NA,NA,NA,NA,4,3,4,NA,2,3,NA,NA,NA
"P38687",-22.2537969338,-24.0512181556,-24.0237437808,NA,NA,NA,8,4,1,3,NA,1,NA,NA,NA
"P38688",-23.9671056796,NA,-22.2210154405,NA,-24.2213041828,-24.1727411724,4,6,8,2,1,2,0.103341288096607,0.409090909090909,1.10296211755
"P38689",NA,-23.1659585632,-22.3240103935,-23.3937040307,NA,NA,3,1,4,3,NA,1,NA,NA,NA
"P38694",-24.6874782615,NA,NA,NA,NA,NA,4,4,2,NA,1,1,NA,NA,NA
"P38698",-23.6458611449,-22.3606391821,-24.3857358997,NA,NA,NA,2,5,3,2,NA,3,NA,NA,NA
"P38701",-18.6730939222,-18.8293273787,-19.3564348151,-20.3213326199,-19.7812194091,-20.136130825,15,14,13,12,10,8,0.0148467510063255,0.140909090909091,1.12660891266667
"P38707",-20.2606062026,-19.7811294006,-20.113028724,-20.8264359649,-20.6119339681,-20.5662419858,14,23,22,12,14,14,0.0673451696377228,0.325463743676223,0.616615863866667
"P38708",-20.3048341201,-20.8336821491,-20.5522969187,-21.4037708122,-21.9158439829,-21.7538996964,27,17,25,12,8,11,0.0121278033352501,0.125628140703518,1.1275671012
"P38715",-21.9429448114,-20.671145487,-20.8901786956,-21.6101031555,-21.9652297903,-22.8680968545,11,13,15,10,10,7,0.0653762219666475,0.313356164383562,0.979720268766666
"P38720",-19.3046131714,-19.2733720278,-19.5712364457,-20.8542624175,-19.8171131269,-20.1140435572,42,51,42,31,36,36,0.0448941920644048,0.257019438444924,0.878732485566665
"P38737",-25.5714557669,-24.0122431349,-24.5861444096,NA,NA,NA,7,9,10,1,3,3,NA,NA,NA
"P38754",-21.6560229842,-21.0322677379,-22.0080786666,NA,NA,NA,12,2,1,6,9,NA,NA,NA,NA
"P38755",-23.6722607628,NA,NA,-24.4072673488,NA,-24.4011245178,4,5,2,2,2,2,NA,NA,NA
"P38758",NA,-24.1435163066,-23.6007003363,NA,NA,NA,3,4,4,NA,NA,NA,NA,NA,NA
"P38759",NA,NA,NA,NA,NA,-23.5333509995,2,1,1,NA,1,1,NA,NA,NA
"P38764",-21.1864184168,-20.8430059569,-20.7244666494,-21.6187082958,-22.8622113693,-21.8916673054,20,21,27,11,13,17,0.021085825186889,0.158620689655172,1.20623198246667
"P38765",-22.0950879662,-20.8711204683,-21.7107980601,-23.0912397696,-21.7617094489,NA,5,5,4,1,3,1,0.130272139160437,0.450719822812846,0.867472444383335
"P38773",-23.0578309757,NA,NA,-22.8278365758,NA,NA,2,3,2,1,1,NA,NA,NA,NA
"P38779",-23.4683085211,-22.8931694726,-21.9651526409,NA,NA,NA,3,2,5,NA,1,1,NA,NA,NA
"P38787",-21.3154982281,-21.845803113,-22.451988093,-23.7105191404,-23.3679473171,-22.6020809727,6,7,6,2,2,2,0.0176428982173663,0.147410358565737,1.35575266536667
"P38788",-19.8694551779,-19.9089354291,-19.592252037,-19.6244320649,-20.4445077987,-20.234019849,20,21,28,22,21,26,0.364087550316274,0.712609970674487,0.310772356199998
"P38791",-19.7865030432,-19.9119055299,-19.8517043562,-21.2571888049,-20.8760303918,-20.5493881661,15,17,16,9,10,10,0.0150162449683726,0.140909090909091,1.04416481116667
"P38793",NA,-24.6610673863,NA,NA,NA,NA,1,1,1,1,0,NA,NA,NA,NA
"P38795",-22.7053087586,-22.5820970999,-22.7051298626,NA,-24.0341262023,-24.425940409,11,7,9,2,1,1,0.00237722829212191,0.0454545454545455,1.56585473195
"P38797",-21.9776293332,NA,NA,NA,NA,NA,4,2,2,1,NA,NA,NA,NA,NA
"P38804",-20.5732229812,-21.4269512546,NA,-21.5364574588,NA,-21.6210711871,3,2,2,1,2,3,0.184660437032777,0.516772438803264,0.578677205049999
"P38809",-23.0857660338,-23.0354101894,-21.7222372744,NA,NA,NA,3,2,4,1,1,NA,NA,NA,NA
"P38810",NA,-23.527379992,NA,NA,NA,NA,1,2,3,NA,NA,NA,NA,NA,NA
"P38817",-23.5304050714,-22.8942978681,-22.2254596834,-23.2818146509,-22.7905516376,-23.9439841195,8,8,10,6,3,4,0.315061242093157,0.672067401166559,0.455395928366666
"P38820",NA,-22.5707024527,NA,NA,NA,NA,2,3,1,NA,NA,NA,NA,NA,NA
"P38821",NA,NA,-23.8242977986,NA,NA,NA,5,1,3,NA,NA,3,NA,NA,NA
"P38822",-24.3577659831,NA,NA,NA,NA,NA,3,1,2,NA,1,1,NA,NA,NA
"P38825",-24.4027221782,-24.5632400518,NA,NA,NA,NA,2,3,3,NA,NA,NA,NA,NA,NA
"P38836",NA,NA,-23.3016027242,NA,NA,NA,1,3,2,NA,NA,1,NA,NA,NA
"P38841",-21.857755102,-21.728921488,-20.9178721542,NA,NA,-22.0028215171,4,1,3,1,1,2,NA,NA,NA
"P38845",-21.8314412787,-21.7031673686,-20.8248950072,-22.3506131793,-23.1068709425,-22.2304363881,7,9,10,7,5,5,0.0299026739505463,0.198347107438017,1.10947228513333
"P38853",NA,-25.4465584047,-23.9562811315,NA,NA,-24.574953027,4,6,3,1,1,2,NA,NA,NA
"P38858",-22.0641209918,-21.8877456692,-21.3472544758,NA,NA,-22.9027049389,8,6,4,2,NA,2,NA,NA,NA
"P38861",-22.8738157697,NA,NA,NA,NA,NA,4,3,NA,NA,NA,1,NA,NA,NA
"P38869",-22.4164074023,NA,NA,NA,NA,-22.8869357645,1,1,1,NA,NA,1,NA,NA,NA
"P38875",-23.1413615598,NA,NA,NA,NA,NA,3,NA,1,NA,NA,1,NA,NA,NA
"P38879",-18.3233682351,-18.2307966369,-18.4280614345,-19.0179201882,-18.8327732896,-18.6626558012,11,13,12,10,8,11,0.0951255031627372,0.39047619047619,0.510374324166666
"P38882",NA,-23.4275096134,NA,NA,NA,NA,1,2,1,NA,0,NA,NA,NA,NA
"P38886",-21.427278924,-20.3395022369,-21.652073592,-22.3919474925,-21.0731997042,-21.5808671571,7,6,6,3,5,3,0.261497556066705,0.617067833698031,0.542386533633334
"P38891",-23.3075312012,-22.0039393234,-22.0073158895,NA,NA,-24.0605103828,3,4,4,2,1,2,NA,NA,NA
"P38903",NA,NA,-23.6374063736,NA,NA,NA,2,4,5,3,3,4,NA,NA,NA
"P38910",-18.9801697019,-18.3615958171,-19.8047356852,-18.8881140657,-18.9848785656,-19.5419711302,10,10,8,4,6,6,0.813867452558942,0.926145730300033,0.0894875191000004
"P38911",NA,-23.6353172063,-23.7308977926,-22.6634917359,NA,-23.9876518564,5,6,4,5,3,3,0.481902817711328,0.785507246376812,-0.357535703300002
"P38912",-19.7423156532,-21.6325978836,-20.3355353664,-21.6314450601,-20.9644222368,-22.0386199855,6,5,6,5,3,1,0.0866302472685451,0.366959064327485,0.974679459733334
"P38919",-20.0672705719,-20.3767083812,-20.8589731982,-19.7325679661,-19.5276557095,-20.0483203029,20,21,18,23,26,26,0.0860454284071305,0.365638766519824,-0.664802724266668
"P38929",-25.370137345,-25.258521338,NA,NA,NA,NA,1,2,1,NA,NA,NA,NA,NA,NA
"P38930",-22.8991817011,NA,NA,-23.2992436553,NA,NA,2,2,1,1,1,NA,NA,NA,NA
"P38934",-20.054029112,-20.5992994929,-20.1900798967,-20.6527290468,-20.6224438014,-20.7032993568,21,19,23,15,14,20,0.21988269120184,0.551417004048583,0.378354567799999
"P38968",-21.0460570938,-21.4863481105,-21.2332329523,-22.3550418194,-22.2417720774,-22.2467241838,24,23,24,13,12,16,0.0111485048878666,0.125628140703518,1.02596664133333
"P38970",NA,-24.3240307937,NA,NA,NA,NA,NA,1,NA,NA,NA,NA,NA,NA,NA
"P38972",-20.4434131769,-20.7769918108,-20.6626842395,-21.6192360849,-21.3327637382,-21.6004642069,37,42,36,24,27,24,0.0178461759631972,0.14828897338403,0.889791600933336
"P38985",-20.8035705033,-20.6702412795,NA,NA,NA,NA,2,3,NA,NA,NA,NA,NA,NA,NA
"P38986",-20.8308524539,-21.0640083891,-22.0648173101,-23.5398230601,NA,-22.4650123765,6,5,5,2,1,3,0.0145516101207591,0.13953488372093,1.6825250006
"P38993",-23.4235870381,-23.788737129,-23.9159166498,NA,NA,NA,1,1,1,NA,NA,NA,NA,NA,NA
"P38996",-23.5277931039,NA,-23.6486628757,NA,-24.1441979427,-24.2710416938,2,NA,1,1,1,1,0.0471036515238643,0.259713701431493,0.619391828450002
"P38998",-24.0146201851,NA,-23.5523084904,NA,NA,NA,2,3,3,NA,1,NA,NA,NA,NA
"P38999",-22.354703044,-21.4818527877,-22.205464185,NA,NA,NA,8,10,7,2,4,6,NA,NA,NA
"P39003",-21.9628070158,-21.8251842007,-21.6439143122,-23.3255196929,-22.3108211907,NA,24,22,22,14,13,15,0.0375968947671075,0.224390243902439,1.00753526556667
"P39004",-21.3224508733,-20.5354982812,-21.1559174752,-23.2021971054,-21.1196521792,-21.805195156,26,27,27,16,16,20,0.0756115583668775,0.338072669826224,1.03772593696667
"P39007",-22.7450535192,-23.4681219416,-22.565624126,-23.8698269911,NA,-24.9077948031,8,6,10,3,1,3,0.0168696089706728,0.144,1.46254436816667
"P39013",-21.4685136307,-21.4221432852,-21.3837431474,-23.6101305627,NA,-21.5836695933,7,6,7,2,3,6,0.0668241805635423,0.321489001692047,1.1721000569
"P39015",-18.7383487967,-18.5681096781,-18.8246894703,-19.1157951252,-19.0310218292,-19.2392968281,19,22,17,14,14,15,0.143565267395055,0.462845010615711,0.418321945799999
"P39019",-19.4183072397,-19.5588961018,-19.1330344531,-18.9377897256,-20.9543561364,-19.7128237246,17,13,16,19,17,16,0.316002731454859,0.672067401166559,0.498243930666668
"P39023",-18.1832154424,-18.5211719884,-18.2859600346,-18.5187944958,-18.2360175667,-18.2598044137,47,46,57,55,57,58,0.955526739505463,0.966783216783217,0.00808967026666707
"P39076",-21.8458295871,-22.7850514296,-22.3745286021,-23.8333825622,-21.9480545864,-21.9770209102,6,9,4,3,4,6,0.617739217941346,0.85880933226066,0.251016146666668
"P39077",-21.7424983887,-21.5664956012,-21.541651466,-22.5839587199,-22.9317627282,-23.1259828761,14,11,14,8,7,7,0.00585983323749281,0.078740157480315,1.26368628943333
"P39078",-21.5004835508,-21.310678771,-20.920591236,-24.8611327901,NA,-23.6705411617,7,6,10,4,3,2,0.000562967222541691,0,3.0219191233
"P39079",-20.8387854418,-21.2167201352,-21.1921528101,-23.4196343074,-23.9369733197,-24.6137084423,13,13,14,5,4,7,0.00035681426106958,0,2.90755256076667
"P39081",NA,NA,-24.7404646478,NA,NA,NA,NA,NA,1,NA,NA,NA,NA,NA,NA
"P39101",-23.5461704309,-22.5603402127,-22.5823915129,NA,NA,NA,3,5,5,2,2,2,NA,NA,NA
"P39102",NA,-23.566824564,NA,NA,NA,NA,NA,1,NA,NA,NA,NA,NA,NA,NA
"P39105",-23.2512243864,-24.5130050216,NA,NA,NA,NA,3,2,4,1,NA,NA,NA,NA,NA
"P39109",-23.9739768565,-24.005289221,-24.142101284,-24.1365089643,NA,-24.7464902075,6,6,11,2,NA,2,0.235811098332375,0.575406032482599,0.40104379873333
"P39111",NA,NA,-20.6849934848,NA,NA,-21.22245069,NA,NA,4,NA,NA,2,NA,NA,NA
"P39265",NA,NA,NA,-21.9101294878,-22.9862031852,-22.0377164649,NA,1,1,3,2,3,NA,NA,NA
"P39325",NA,-23.841720839,NA,-23.2755154839,-21.7628263494,-22.1913561634,NA,2,2,5,4,2,NA,NA,NA
"P39451",NA,NA,NA,NA,-23.2324814371,-23.6825787445,NA,NA,NA,NA,2,1,NA,NA,NA
"P39517",-21.1903306268,-22.6888251869,-22.2623716211,-22.7283444213,-23.5669269814,-24.0257823215,9,4,7,5,2,4,0.0249416331224842,0.172955974842767,1.3931754298
"P39522",-22.235322401,-21.6396654036,-21.7628745332,-23.951495286,-23.9492647537,-23.1445207678,8,10,13,3,4,7,0.00338125359401955,0.0454545454545455,1.80247282323333
"P39676",-18.533791402,-18.9484227463,-19.1321411885,-19.5333292734,-19.6455638867,-19.587447398,33,26,23,22,15,15,0.0469539965497412,0.259713701431493,0.717328407099998
"P39683",-23.6136767745,-21.4281306103,-21.7993986238,NA,-23.5633469567,-23.1205207582,11,10,10,2,4,5,0.117609976998275,0.42874251497006,1.06153185458334
"P39687",-20.8675628317,-20.7557319021,-19.9170879909,-20.2666124155,-19.8200379045,-20.9558270202,26,25,25,24,26,27,0.674103076480736,0.870086110071134,-0.1659684615
"P39704",-21.2927515585,-21.5872342925,-21.4459600218,-21.7371406488,NA,-21.7443403427,3,2,3,1,NA,1,0.281435882691202,0.64,0.29875853815
"P39705",-24.0152885834,NA,NA,NA,NA,NA,1,1,1,NA,NA,NA,NA,NA,NA
"P39713",-22.4234443598,-23.6131799957,NA,-22.5772901326,NA,NA,7,9,5,3,2,4,NA,NA,NA
"P39714",-23.2470965154,-23.7453963366,-21.7898803361,-23.8045706053,-22.3327381851,-23.513916621,11,5,6,4,4,4,0.587212190914319,0.843423799582463,0.289617407766666
"P39721",NA,-22.7212971117,-23.0082141672,NA,NA,NA,2,1,1,NA,NA,NA,NA,NA,NA
"P39726",-19.8880568842,NA,-20.4715970651,-20.2123140419,-21.8954998438,-21.9898580939,5,2,4,5,2,2,0.0675991949396205,0.326599326599327,1.18606368521667
"P39727",-24.3179032321,-21.7864232395,-22.3935322187,-24.4331788006,NA,-23.2716827125,2,6,5,2,3,2,0.170142754456584,0.498572787821123,1.01981119311667
"P39729",NA,-22.8685812072,-22.2943486862,NA,NA,NA,1,1,2,NA,0,0,NA,NA,NA
"P39730",-21.0687370995,-21.2078750209,-21.1847237999,-22.817781176,-22.6530189829,-22.311927525,18,18,20,12,9,14,0.00332202415181139,0.0454545454545455,1.4404639212
"P39743",-20.9154703938,-21.3716291889,-21.959606654,-22.0078470428,-23.5129881357,-22.1978295476,11,8,4,4,3,3,0.0422301610120759,0.247727272727273,1.15731949646667
"P39744",NA,-22.4997445856,NA,NA,NA,NA,2,4,3,1,1,NA,NA,NA,NA
"P39748",-19.3672553473,-19.8145399616,-19.6652932824,-19.4688694189,-18.901799586,-19.5893026478,15,17,20,19,21,24,0.376638585393905,0.722669735327963,-0.295705646200002
"P39926",-21.7004638232,-23.0945210856,-20.8652461393,-22.2066979289,-22.2845674828,-22.4619235111,4,5,7,4,3,2,0.400925388154112,0.747797356828194,0.430985958233332
"P39929",-21.4358198699,NA,-22.3729239443,NA,NA,NA,2,1,2,NA,NA,2,NA,NA,NA
"P39931",-21.2418464218,-22.0303628225,-22.5475527092,-22.5798083024,NA,NA,2,4,3,3,1,NA,NA,NA,NA
"P39935",-21.6567560971,-21.5219590822,-22.2030773067,-22.3673297149,-22.811667844,-23.2518867263,12,16,12,11,6,7,0.0283568142610696,0.190058479532164,1.01636393306666
"P39936",-24.8604045425,-24.8674185921,NA,NA,NA,NA,5,4,1,1,NA,1,NA,NA,NA
"P39938",-19.7604228116,-20.1537602958,-21.4341935772,-21.0208411972,-21.15923537,-21.2405329562,3,3,2,2,2,2,0.150769982748706,0.473684210526316,0.690744279600001
"P39940",-21.4748435375,-21.4954954273,-21.5722627406,-22.9569116739,-22.0669215714,-23.6256090821,12,16,12,4,8,4,0.0164416331224842,0.144,1.368946874
"P39954",-19.5130294416,-20.1789900118,-19.9513868653,-20.6183579505,-20.6669084291,-20.4700011829,28,32,37,21,12,23,0.055176538240368,0.283302063789869,0.703953747933333
"P39958",-22.5019767068,-21.7817205201,-23.5439508526,-24.0988347829,NA,NA,7,10,6,6,5,3,NA,NA,NA
"P39966",-22.2718891316,-23.7774253611,-23.9208262484,NA,NA,NA,6,7,4,8,3,4,NA,NA,NA
"P39968",-23.8104922449,-24.2296559534,-24.327434389,-23.9033994196,-23.9091499813,-23.3463267343,3,5,3,3,2,4,0.238341863139735,0.576153846153846,-0.402902150700001
"P39976",-19.8272766526,-20.7462177059,-21.4976721802,-20.7494908423,-21.6507244678,-21.4135280091,16,12,11,14,8,9,0.23101466359977,0.567610062893082,0.580858926833333
"P39985",NA,NA,-25.1831606663,NA,NA,NA,1,NA,3,NA,1,NA,NA,NA,NA
"P39986",-22.7105917635,-21.5572732112,-21.2367471897,-23.3869629906,-23.5767642994,-22.7800162563,16,16,23,8,8,10,0.0178757906843013,0.14828897338403,1.41304379396667
"P39990",-21.9239622748,NA,NA,NA,NA,NA,3,2,2,1,NA,2,NA,NA,NA
"P39993",-25.5530035019,NA,NA,NA,NA,-25.9428748087,4,5,3,NA,NA,3,NA,NA,NA
"P39996",NA,-22.9626629385,NA,NA,NA,NA,NA,1,1,NA,NA,NA,NA,NA,NA
"P40008",-22.4739030537,-22.1769812454,-20.7403732088,NA,NA,NA,3,6,6,1,1,2,NA,NA,NA
"P40010",-22.6899350527,-22.0484634859,-22.1222808905,NA,-23.7178977075,NA,7,9,6,3,3,3,NA,NA,NA
"P40016",-21.7186687896,-20.9664967889,-21.3127694281,-23.1914909063,-23.0222187559,NA,9,10,11,4,5,2,0.00306555491661875,0.0454545454545455,1.7742098289
"P40018",-22.515071056,-21.4305731306,NA,NA,NA,NA,3,3,4,NA,1,NA,NA,NA,NA
"P40019",NA,-22.2372568366,NA,-21.3650386628,NA,NA,1,1,NA,2,1,1,NA,NA,NA
"P40024",-20.8255931314,-21.1339778155,-21.6426899302,-21.9973858751,-22.1903487335,-22.6303367972,12,15,11,8,7,10,0.0212566129959747,0.158620689655172,1.0719368429
"P40029",-22.165161832,NA,-23.0210236495,NA,NA,NA,6,5,5,3,1,2,NA,NA,NA
"P40030",-21.2446666767,-21.1891621748,NA,-22.2226689485,-22.7556731711,-22.7302122848,3,2,NA,2,2,1,0.0061710753306498,0.078740157480315,1.35260370905
"P40032",-24.2188797052,-24.4435382383,NA,NA,NA,NA,3,3,3,1,NA,NA,NA,NA,NA
"P40037",-19.9557804397,-21.1875069758,-19.5891801005,-19.9344778689,-19.984519131,-20.3638394025,7,7,8,8,6,4,0.71558726279471,0.886609071274298,-0.14987703786667
"P40040",-20.4457682227,-20.2840695669,NA,-22.5800114899,-21.462557144,NA,3,5,2,2,2,2,0.0126118458884416,0.125628140703518,1.65636542215
"P40043",-20.1384819881,-19.9795486134,-20.370560446,-20.9759384559,-20.7878044532,-20.5985525745,5,4,5,3,4,3,0.0634341575618171,0.310104529616725,0.624568145366666
"P40047",-22.0884269092,-23.2835555959,NA,NA,NA,-24.4936071596,5,6,7,NA,2,5,NA,NA,NA
"P40052",NA,NA,-22.9426651476,NA,NA,NA,1,3,1,NA,NA,NA,NA,NA,NA
"P40053",NA,NA,-24.0425466973,NA,NA,NA,4,2,5,NA,1,NA,NA,NA,NA
"P40054",-21.7779344779,-21.7852483335,-22.8625477324,-23.7614587009,-21.8482712898,-23.5774201071,6,6,4,9,8,3,0.119124065554917,0.431466030989273,0.920473184666665
"P40056",-21.7238002437,-22.6024883645,NA,-22.9627338281,-22.6213997911,NA,4,3,1,2,1,NA,0.169765094882116,0.498570066730219,0.6289225055
"P40069",-21.5830758902,-21.3786272105,-21.198849011,-22.1812253261,-22.0666390555,-22.1689471009,23,24,25,16,12,16,0.0289424956871765,0.190058479532164,0.752086456933334
"P40075",-20.1806728779,-19.397333994,-19.3475784091,-21.4727980516,-20.5987615263,-20.3113610796,13,14,16,7,7,13,0.0283864289821737,0.190058479532164,1.1524451255
"P40081",-22.6238925408,-22.5797715989,NA,NA,NA,NA,3,2,3,1,1,NA,NA,NA,NA
"P40087",-23.7229238929,-23.8197199709,-24.0306428223,NA,NA,NA,1,1,2,1,1,NA,NA,NA,NA
"P40093",-22.4501483259,-22.2064203536,-21.9079207318,-23.8300922987,NA,-23.4278433139,4,4,6,2,1,2,0.00559358826912018,0.0701754385964912,1.4408046692
"P40096",NA,NA,-22.0763029862,NA,NA,NA,NA,1,1,NA,NA,NA,NA,NA,NA
"P40098",-23.3885772896,-22.9138540751,-22.0506045185,NA,NA,-23.3609117164,2,1,4,NA,1,1,NA,NA,NA
"P40106",-21.5387860202,-22.5257083646,-21.2218700224,NA,-22.7461145205,NA,4,6,5,3,2,2,NA,NA,NA
"P40121",-22.076909549,-21.7526305852,-22.2965599964,-21.6035863559,-20.9896911818,-21.8034601478,6,6,6,7,5,5,0.132563110983324,0.450719822812846,-0.576454148366665
"P40150",-21.0606698861,-21.0326951393,-21.2710009845,-22.3083598831,-22.6750254152,-21.421494405,5,71,75,49,47,52,0.0348698964922369,0.207161125319693,1.01350456446667
"P40159",-20.0690034674,-19.4158117885,-19.4064474969,-21.3900299971,-19.7655410077,-20.8667859671,11,10,9,5,6,5,0.0524919493962047,0.273422562141491,1.04369807303333
"P40165",-21.2332217007,-21.5907934739,-21.3953338491,NA,-21.9584077442,-21.8333131352,3,2,3,1,3,2,0.118577774583094,0.430622009569378,0.489410765133336
"P40168",-22.7202155901,NA,NA,NA,NA,NA,1,1,1,NA,NA,NA,NA,NA,NA
"P40185",-18.8672286262,-18.9237806464,-18.9793535734,-20.2233993377,-20.245083802,-21.9382717071,9,10,14,8,5,5,0.00806109833237493,0.113475177304965,1.8787973336
"P40188",-21.7782110546,NA,-21.9146737201,NA,NA,NA,2,1,1,NA,NA,NA,NA,NA,NA
"P40202",NA,-22.2018647629,-21.5982930794,-23.1136607086,-22.4008360422,-22.414432454,1,5,6,2,2,1,0.0891244968372628,0.372661870503597,0.742897480450001
"P40212",-18.5936078261,-18.9493577745,-18.9050593327,-18.8926901865,-19.0123353114,-19.1683902182,24,22,20,15,13,16,0.456817855089132,0.769230769230769,0.208463594266668
"P40215",-22.8562157744,-24.1959168939,-23.2376390955,-23.8567584754,NA,NA,5,6,5,3,2,NA,NA,NA,NA
"P40217",-20.5110247319,-20.3832362641,-20.9830337721,-21.3217634651,-22.2250113246,-23.3558107422,9,10,10,6,5,4,0.0140053191489362,0.132701421800948,1.67509692126666
"P40222",-21.4038894738,-20.994380526,-21.2706041465,-21.2471799208,-21.3284307884,-21.0946370404,10,14,8,14,9,9,0.977353507763082,0.974690825424216,0.000457867766666453
"P40227",-19.0220581831,-19.447974246,-19.0866148512,-18.6902405641,-19.0225283879,-18.8163490557,49,44,45,51,44,58,0.258799022426682,0.617067833698031,-0.342509757533332
"P40261",NA,-23.0731986581,-23.0772816392,NA,NA,NA,NA,1,1,NA,NA,1,NA,NA,NA
"P40302",-19.9194060588,-19.9979311933,-20.5446234117,-21.5232806117,-20.4754308697,-20.7112129412,8,9,6,4,7,6,0.0857783208740656,0.365638766519824,0.749321252933331
"P40303",-21.6317733239,-23.2354603388,-21.1612844244,-21.1455839941,-22.7973422444,-22.2299597892,5,5,9,6,2,2,0.912109833237493,0.958472264322522,0.0481226468666662
"P40319",-22.4538206635,-22.1745826981,-22.5633457933,-23.4439365176,-21.9535862176,-22.712354895,1,2,1,1,2,1,0.461392610695802,0.773200992555831,0.3060428251
"P40327",-22.9861334723,-23.6778836966,-21.8439661789,-22.0042162294,-23.0636040309,-24.009084294,3,3,6,2,1,1,0.719199252443933,0.888968481375358,0.189640402166667
"P40335",NA,NA,-23.6378013583,NA,NA,NA,NA,NA,1,NA,NA,NA,NA,NA,NA
"P40347",NA,NA,-21.9993814197,NA,NA,NA,NA,NA,1,NA,NA,NA,NA,NA,NA
"P40348",NA,-23.4414507477,NA,NA,NA,NA,3,1,2,NA,NA,NA,NA,NA,NA
"P40357",-23.2927580252,NA,-24.6544996211,NA,NA,NA,2,1,2,NA,NA,NA,NA,NA,NA
"P40363",-21.6966954027,-22.8812114759,-22.0770090216,NA,NA,NA,5,6,7,NA,NA,NA,NA,NA,NA
"P40364",-22.9084142568,NA,NA,NA,NA,NA,2,1,NA,NA,NA,NA,NA,NA,NA
"P40413",-22.6674053621,-22.137864327,-21.6115129451,-23.4434252436,-23.3067723459,-22.8108715631,10,6,10,4,6,4,0.0290598044853364,0.192419825072886,1.04809550613334
"P40414",-21.1259406894,-20.8224242991,-21.8846320913,-21.8878062382,-21.6157571297,-21.1347324771,5,5,5,3,4,3,0.487078349626222,0.790206433029285,0.268432921733332
"P40422",-20.8068555839,-19.3607990408,-19.5750626764,NA,NA,NA,2,3,4,NA,NA,NA,NA,NA,NA
"P40429",-22.2794065915,-22.0820273095,-22.2506315703,-21.8496217666,-21.9614371685,-20.7584224921,16,14,15,14,15,15,0.117293128234618,0.42874251497006,-0.680861348033332
"P40462",-24.8222268894,-25.5754787698,NA,-25.420407522,NA,NA,7,5,6,2,2,2,NA,NA,NA
"P40469",NA,NA,-25.4714974353,NA,NA,NA,NA,NA,2,NA,1,1,NA,NA,NA
"P40471",-20.5692100423,-21.5050860023,-21.5065707964,-21.0949215717,-21.4547559146,-21.0976836071,5,3,2,3,2,3,0.931557073030477,0.962157330154946,0.0221647507999982
"P40482",-22.7285420798,-22.0506639995,-21.5576800026,-25.1031639279,-24.6059691305,-23.740485988,8,11,16,4,5,7,0.00283668775158137,0.0454545454545455,2.37091098816667
"P40485",NA,-23.8120708589,-24.7286602663,NA,NA,NA,2,2,1,NA,NA,NA,NA,NA,NA
"P40495",-20.8401334226,-22.3538709966,-21.4759027455,-22.0728410119,-22.19471752,-23.3599167744,6,4,10,3,4,6,0.0757292984473835,0.338072669826224,0.985856047199999
"P40506",NA,NA,-22.6101833636,NA,NA,NA,1,1,2,NA,1,NA,NA,NA,NA
"P40509",-21.0252359039,-21.54754681,-20.8749645788,-21.3996610936,-22.8266531011,-21.8337685226,4,4,4,3,2,3,0.0748411443358252,0.338072669826224,0.870778474866665
"P40510",-22.5885234063,-22.5463147714,-22.880141703,-22.6377858684,NA,-22.776409671,12,14,14,4,5,8,0.879098619896492,0.942539388322521,0.0354378094666679
"P40513",-21.5728684371,-21.5593171595,-21.4634922915,NA,-22.9556953549,NA,5,3,5,NA,2,1,NA,NA,NA
"P40515",NA,-22.6341753263,NA,NA,NA,NA,2,1,1,1,NA,NA,NA,NA,NA
"P40517",-22.1316135949,-22.852031512,-22.3671047075,NA,NA,NA,3,1,2,NA,NA,NA,NA,NA,NA
"P40518",-20.6838568204,-19.665313553,-20.0801224385,-20.8369973844,-20.543412884,-20.3869712388,3,6,5,4,3,4,0.23780865439908,0.576153846153846,0.446029565100002
"P40525",-21.2624291189,-20.154145535,-20.8524465359,-20.8910907897,-20.5741466127,-21.1045358409,4,6,5,5,3,5,0.772069723979298,0.910555174777245,0.100250684500001
"P40531",-21.5482264911,-19.9806902611,-20.6621551004,-22.3918728139,-22.9577732255,-20.9720866206,11,13,8,6,9,7,0.0399745543415756,0.238875878220141,1.3768869358
"P40533",NA,NA,-23.604317783,NA,NA,NA,3,4,4,1,1,1,NA,NA,NA
"P40540",-21.683914177,NA,NA,NA,NA,NA,1,NA,1,NA,NA,NA,NA,NA,NA
"P40548",NA,-22.1183475968,-22.0641560581,NA,-22.0017560643,-22.1444918148,1,1,1,NA,1,1,0.922657561817136,0.960949234004206,-0.0181278879000004
"P40553",-22.3855774459,-21.6822983972,-20.8612853166,NA,-21.4532390723,-21.8689603582,3,2,5,1,2,3,0.948787521564117,0.966783216783217,0.0180459953500005
"P40561",-22.5394453559,NA,NA,NA,NA,NA,2,NA,NA,NA,NA,NA,NA,NA,NA
"P40564",-23.4835970907,-22.7348498782,NA,NA,NA,NA,3,4,3,NA,NA,4,NA,NA,NA
"P40580",-23.0130690276,-23.1194316075,-23.2263096735,NA,NA,NA,5,4,4,2,3,NA,NA,NA,NA
"P40581",-21.180782509,-22.1372793598,NA,-21.2377617481,-22.1470787332,NA,8,6,5,3,5,4,0.927727285796435,0.962089552238806,0.033389306250001
"P40582",-20.266010067,-22.5407098805,-21.3418628873,-22.7914216138,-22.4781064015,-22.9546956011,5,5,5,2,2,3,0.0341378665899943,0.205194805194805,1.3585469272
"P40583",NA,NA,NA,NA,NA,-25.0011431437,NA,NA,NA,NA,NA,1,NA,NA,NA
"P40616",NA,NA,-22.8934999866,-22.6885745287,NA,NA,3,3,6,3,4,1,NA,NA,NA
"P40692",NA,NA,NA,-23.1928374597,-24.2002113819,-23.6126294733,1,2,5,2,6,5,NA,NA,NA
"P40693",-23.3345912679,NA,-23.3836172434,NA,NA,NA,2,3,4,NA,NA,NA,NA,NA,NA
"P40763",-21.6665037032,-21.194315258,-21.7202847442,-21.0120620079,-21.6093406521,-20.7808662376,10,16,14,17,11,15,0.279056929269695,0.639321074964639,-0.392944935933336
"P40818",-25.4755864272,-24.0414380039,-24.2196617646,-25.3648447361,-24.2691562982,-24.1105342258,4,6,4,6,3,5,0.973967941345601,0.973517559009787,0.00261635479999711
"P40825",-20.3550695058,-20.4443545737,-20.0737353883,-22.0705843316,-21.1628487833,-21.1824009902,34,32,36,22,24,28,0.0162430994824612,0.144,1.18089154576667
"P40855",-22.738107136,-20.5209688558,-21.5926277443,-21.3402399549,-21.4305623431,-21.1176218172,2,5,4,5,2,3,0.519087837837838,0.813388353966071,-0.321093206966665
"P40893",-19.7190207944,-20.2358311214,-20.3821146551,-20.031997318,-20.4280192892,-22.159952887,7,9,9,5,8,5,0.172120040253019,0.502846299810247,0.761000974433333
"P40925",-19.2613194849,-19.6010715811,-19.6011935561,-19.5707054401,-19.4016876575,-19.3550483815,22,23,20,21,25,23,0.849711184588844,0.940127388535032,-0.0453810476666661
"P40926",-17.4747109533,-17.5871519351,-17.6055836261,-17.2732277014,-17.3215150335,-17.4305081311,63,56,62,65,60,67,0.392110552041403,0.736664795058956,-0.214065216166667
"P40937",-20.5116679692,-20.6403335369,-20.982954583,-20.853798589,-20.8789234747,-21.2462524662,10,9,5,5,7,8,0.36194062679701,0.711995249406176,0.281339480266666
"P40938",-21.5960683698,-20.9387979874,-20.5342373844,-20.5627886437,-20.9299203638,-20.3346153508,7,11,8,9,9,8,0.286857245543416,0.647139903514817,-0.413926461100001
"P40939",-20.0959805668,-20.0271524587,-20.1872789804,-19.4126359446,-19.6979065783,-19.8668090487,21,24,25,32,29,28,0.146814836112708,0.467436974789916,-0.444353478100002
"P40961",-21.3106996507,-21.266069622,-23.2047253988,NA,-22.8584235049,-22.307523954,5,6,5,2,2,2,0.285211472110408,0.647058823529412,0.655808838950001
"P40970",-23.3618359075,-22.6807577676,-22.3692129471,NA,NA,NA,3,3,6,3,2,2,NA,NA,NA
"P40989",-25.5309007091,-25.3228185564,NA,NA,NA,NA,9,8,9,3,NA,NA,NA,NA,NA
"P40991",NA,-23.6671777647,-24.3293871672,-24.5199843136,NA,-24.5135546357,7,7,5,1,NA,4,0.184045428407131,0.516772438803264,0.518487008699999
"P41056",-19.5613688186,-20.0112086178,-20.970355218,NA,-21.2342307124,-21.2082955972,9,12,9,1,5,9,0.0547389304197815,0.277566539923954,1.04028560333333
"P41057",-18.5670728587,-19.0874836441,-20.4308806816,-19.5476860086,-19.5753218313,-20.717524391,6,4,3,4,4,3,0.274000287521564,0.631130063965885,0.585031682166665
"P41058",-19.6577795151,-19.5858252199,-19.6431055776,-19.1829879487,NA,-19.5714650329,4,4,4,4,4,4,0.383811242093157,0.730834752981261,-0.251676946733333
"P41091",-22.3625398049,-21.7044314642,-22.931519979,-22.508201494,-20.8926137702,-22.2459103371,28,24,21,29,25,27,0.365596463484761,0.712609970674487,-0.450588548933332
"P41208",NA,NA,-21.5432899244,-22.1035392484,-21.9172505976,-22.3012709927,NA,NA,2,1,1,2,NA,NA,NA
"P41214",NA,-23.7933421017,-23.2223699776,-24.2455853419,-22.9215415956,-23.1635958678,5,5,5,5,6,7,0.87033309373203,0.940738442444927,-0.0642817712166668
"P41223",-20.6089110842,-19.94009174,-20.3286607629,-20.727252043,-19.6851207042,-20.6622480391,9,5,9,7,7,6,0.846183151236343,0.940127388535032,0.0656523997333345
"P41227",-20.7430774118,-20.728196592,-19.967490867,-20.3052743856,-20.0255070169,-19.8762862624,8,7,8,8,12,16,0.252218947671075,0.604041916167665,-0.410565735299997
"P41229",NA,NA,NA,-25.0387583113,NA,NA,NA,1,NA,3,3,2,NA,NA,NA
"P41236",NA,NA,NA,NA,-22.4649611751,NA,4,3,3,2,1,4,NA,NA,NA
"P41240",-21.203220646,-24.0307420054,-22.1340727289,-21.7452689247,-23.2525114983,-22.9580845224,11,13,12,14,13,6,0.741098907418056,0.903669724770642,0.195943188366666
"P41250",-20.3164328175,-20.2382222026,-19.9350104533,-20.0921325023,-19.8784709455,-20.1868671488,34,38,41,38,48,41,0.681318861414606,0.874253731343284,-0.1107316256
"P41252",-20.1262420129,-20.4651063434,-20.2952612144,-20.0400773969,-19.869946967,-20.0848638052,56,55,50,61,53,51,0.289869608970673,0.65,-0.297240467200002
"P41277",-19.4060356222,-18.9002416188,-18.9350393183,-19.6481890754,-19.7637278595,-19.4389819715,28,34,32,26,23,25,0.11209430707303,0.416256157635468,0.536527449033336
"P41338",-20.6448349352,-19.8309058184,-19.6923232718,-22.2703915043,-21.0344046444,-21.051740839,14,13,17,5,7,10,0.0186489361702128,0.148550724637681,1.3961576541
"P41440",-24.8053533561,NA,NA,NA,NA,NA,1,NA,NA,NA,NA,NA,NA,NA,NA
"P41543",NA,NA,-22.7109760033,-23.9063971812,NA,NA,3,3,2,2,2,3,NA,NA,NA
"P41743",-24.3175352495,NA,-23.2972223634,NA,NA,-23.4999345996,3,1,2,NA,NA,3,NA,NA,NA
"P41805",-19.5192475637,-19.701227868,-20.5297204838,-20.9836269259,-21.1476335995,-20.4937099632,20,23,21,14,14,21,0.0401786946520989,0.240654205607477,0.958258191033334
"P41807",-21.6965390588,-20.3913463153,-20.6737658213,-21.3046145435,-21.6965269309,-20.498940349,12,13,19,10,12,13,0.578711759631972,0.83790628957366,0.246143542666669
"P41810",-22.4653760577,-21.836035419,-22.5264356451,-24.8372542135,NA,-23.9513000813,12,12,16,5,10,8,0.00300632547441058,0.0454545454545455,2.1183281068
"P41811",-21.5423830407,-21.5851274714,-21.9489634594,-22.5222321495,-22.8161473079,-22.475170255,19,25,19,12,9,13,0.0196955146635998,0.150537634408602,0.912358580299998
"P41818",-22.4685357699,-20.2884419035,-20.1380182645,-21.139576997,NA,-21.3681468474,6,7,7,3,NA,2,0.643076624496837,0.864433190494741,0.288863276233332
"P41895",-24.4044567598,-24.1979526471,-24.4506432266,NA,NA,-24.5587929053,5,2,2,NA,NA,2,NA,NA,NA
"P41896",-23.3445166227,NA,NA,NA,NA,NA,2,1,1,NA,NA,NA,NA,NA,NA
"P41910",NA,NA,-24.449168088,NA,NA,NA,NA,NA,1,NA,NA,NA,NA,NA,NA
"P41911",-23.3311274864,-21.2887664534,-21.5105790749,-23.6210642847,-22.5204216641,NA,3,6,7,2,4,1,0.136657993099482,0.457645764576458,1.0272519695
"P41920",-20.0932181101,-20.1079770253,-19.7678484417,-20.9975098882,-20.6062537158,-21.496729897,9,8,9,5,6,7,0.0211154399079931,0.158620689655172,1.0438166413
"P41921",-20.1264418515,-23.233120125,-20.845933432,-20.6540267803,-21.5570893605,-22.0525593631,11,11,12,6,5,7,0.955581512363427,0.966783216783217,0.019393365133336
"P41940",-19.3301801098,-19.887442878,-19.713646351,-19.9632519503,-20.7699283726,-20.9873390833,16,18,18,13,10,11,0.0421405980448534,0.246013667425968,0.929750022466663
"P42025",-23.4945281369,-23.0744407789,-23.213169403,-23.0114854112,NA,NA,1,1,1,1,1,0,NA,NA,NA
"P42126",-19.9882706594,-20.3751155024,-21.5874179063,-20.42703015,-19.8381569052,-21.2324638493,9,10,8,11,11,11,0.743266532489937,0.904191616766467,-0.151051054533333
"P42166",-20.78663734,-20.7922991551,-20.5726385285,-20.8361577644,-20.5430730026,-21.2716475821,25,25,23,23,25,20,0.592566705002875,0.845064556434819,0.166434441833335
"P42167",-23.364070465,-23.2838411582,NA,NA,-23.6950213488,-23.5959114102,2,3,7,1,3,3,0.218516532489937,0.549593495934959,0.321510567899999
"P42224",-22.6333711313,-22.8174910526,-22.6718342352,-22.0931671598,-22.9931007678,-22.8523447186,8,5,9,10,9,12,0.838467078780909,0.93747985820174,-0.0613612576333331
"P42229",-22.6891413514,-22.3496251178,-22.3343670504,-22.3792035262,-22.4162119548,-22.0250065194,24,28,26,24,28,27,0.527303335250144,0.81781557743957,-0.184237173066666
"P42285",-20.6482485696,-20.7233474808,-20.474337697,-20.6062549281,-20.3616050096,-20.3287130166,36,28,41,33,40,36,0.493643329499712,0.795908658420552,-0.183120264366668
"P42330",NA,NA,NA,NA,NA,-23.0580699486,7,5,7,6,6,10,NA,NA,NA
"P42338",NA,NA,NA,-25.4363181625,NA,NA,0,1,NA,1,NA,1,NA,NA,NA
"P42345",-25.3835731678,-25.3530284265,-23.8059734722,-24.7607237239,-25.3941398,-24.5671263054,8,13,15,11,12,13,0.878071305347901,0.942539388322521,0.0598049209333311
"P42356",-26.4461016552,NA,NA,-26.5618553507,NA,NA,7,2,1,7,3,6,NA,NA,NA
"P42566",-22.3736298511,-22.0207807994,-21.9446287111,-22.3115773625,-22.5799134923,-22.0068456298,16,9,13,17,13,16,0.546254456584244,0.82487869430966,0.186432374333336
"P42574",-23.1067592649,-21.8844860936,-21.2444040734,-21.8021256144,-21.1698622587,-20.996092429,2,3,4,2,4,4,0.14936658999425,0.473684210526316,-0.755856376600001
"P42588",NA,NA,NA,NA,NA,-23.8896571966,NA,NA,NA,3,5,4,NA,NA,NA
"P42677",NA,NA,-19.9640478433,-20.9090080073,NA,-20.9471197485,7,7,6,11,9,8,NA,NA,NA
"P42695",NA,NA,NA,NA,NA,-25.4278648331,NA,NA,NA,1,NA,2,NA,NA,NA
"P42704",-19.5276355242,-19.4317332817,-19.6826952776,-19.4334805471,-19.410982618,-19.4694841457,89,86,81,95,92,94,0.651073030477286,0.865764023210832,-0.109372257566669
"P42765",-22.9688735013,-21.315117272,NA,-22.2374965037,-23.1309559697,-22.2716670167,2,6,1,2,3,5,0.45219623346751,0.768922305764411,0.404711110050002
"P42766",-20.4771531571,-20.0433160839,-20.0953136314,-20.6601911482,-19.9135861169,-20.1919785644,5,5,4,5,7,5,0.860593875790684,0.940738442444927,0.0499909856999992
"P42785",NA,NA,NA,NA,NA,-24.4493400083,NA,1,NA,1,1,1,NA,NA,NA
"P42839",-24.9976933313,NA,-24.5551441832,NA,NA,NA,2,1,2,NA,NA,NA,NA,NA,NA
"P42846",-22.5058182273,-23.9628914221,-24.0481235665,NA,NA,NA,5,7,3,NA,NA,1,NA,NA,NA
"P42898",NA,NA,-24.2780415446,-22.7786488757,-24.734915956,NA,1,3,3,4,5,2,NA,NA,NA
"P42938",-22.5158083198,-23.3876046109,-21.943709203,NA,NA,NA,4,3,3,NA,1,NA,NA,NA,NA
"P42940",-22.7209186757,-22.6251362228,-21.4182527074,NA,-23.0792406889,-23.2600416812,3,1,4,2,1,4,0.080676394479586,0.356707317073171,0.914871983083334
"P42941",-22.4993846167,-22.3037409274,-22.8862542283,NA,NA,NA,3,3,3,2,NA,NA,NA,NA,NA
"P42943",-21.6026318976,-21.4294495673,-23.8475194355,-22.8465595614,-22.5606361586,-23.3454722745,7,9,5,6,5,5,0.294669350201265,0.655804480651731,0.624355698033334
"P42945",-26.2197471724,NA,-26.344808043,NA,NA,NA,3,3,2,NA,NA,0,NA,NA,NA
"P42949",NA,NA,-21.9593616999,NA,NA,NA,NA,1,3,NA,NA,NA,NA,NA,NA
"P43007",NA,NA,NA,NA,-24.1336081136,NA,NA,1,1,1,1,NA,NA,NA,NA
"P43034",-20.5936296079,-20.5908478124,-20.4658473956,-21.1726298033,-20.8515906645,-20.4658264856,9,15,13,16,13,13,0.376059085681426,0.721934369602763,0.279907379166666
"P43121",-24.2281944291,NA,NA,NA,NA,NA,3,1,NA,2,1,NA,NA,NA,NA
"P43123",-22.0189287022,-24.0659915355,-23.4062666724,-23.6829021241,NA,NA,4,3,3,2,NA,NA,NA,NA,NA
"P43243",-19.3632751674,-18.9876610764,-19.243071775,-19.1828877089,-19.3459734465,-19.1068136744,61,69,65,63,64,76,0.939503881541116,0.96388395500296,0.0138889370000008
"P43246",-23.6662908522,-21.8719495599,-21.2608584429,-21.8638648753,-21.3957360438,-21.0192185188,16,21,19,23,20,24,0.160353939045428,0.487128712871287,-0.840093139033335
"P43304",-22.9717305655,-22.7353730097,-22.6137276407,-23.4493949324,-22.2583744648,-22.6229514015,7,8,5,5,7,8,0.971516244968373,0.97298468650679,0.00329652759999988
"P43307",NA,NA,NA,-23.2124776609,NA,NA,NA,NA,NA,1,1,NA,NA,NA,NA
"P43362",NA,NA,NA,-23.9661796282,NA,-23.6123098644,2,1,2,2,5,2,NA,NA,NA
"P43366",-21.1824949221,-22.2207298101,-21.1305227,-21.3041753126,-21.2299263929,-20.7347987229,12,8,9,12,8,11,0.30067596319724,0.665565102445473,-0.421615667933334
"P43487",-16.6299230408,-16.9010501444,-17.0290710424,-16.7792895627,-16.9095911255,-16.8824734004,48,40,41,46,36,45,0.967612995974698,0.971643518518518,0.00376995366666577
"P43490",-20.7940672349,-20.4429460994,-20.6503612692,-19.8990667417,-20.1185122698,-20.0042709272,14,19,26,23,24,28,0.0548000287521564,0.278937381404175,-0.621841554933333
"P43535",-24.5761690122,-23.0462252676,-23.5762369162,NA,-24.626061695,NA,7,4,7,3,3,NA,NA,NA,NA
"P43555",-22.5074034211,-21.8757605384,-22.0686734313,NA,-22.4481467766,-22.7428633233,3,5,7,2,2,4,0.210250287521564,0.544472152950956,0.444892586349997
"P43558",-23.2079159075,-23.2353056229,-23.6819070731,NA,NA,NA,2,3,2,NA,NA,NA,NA,NA,NA
"P43561",-24.1526276224,-24.1481497513,NA,NA,NA,NA,5,5,NA,NA,1,NA,NA,NA,NA
"P43569",-23.3120433882,-23.2912896431,-23.4804353957,NA,NA,NA,2,1,3,0,0,3,NA,NA,NA
"P43582",-19.7167789498,-19.5313844834,-21.1947013996,NA,-21.8639866831,-22.213847138,5,5,2,1,2,2,0.0119251006325474,0.125628140703518,1.89129529961667
"P43585",-23.20625093,-21.8444286936,-23.1789336026,-22.8779164082,NA,-24.5716365478,11,18,12,5,5,3,0.134623202990224,0.450719822812846,0.981572069266669
"P43588",-22.6863386213,-22.0902603085,-21.9428854928,-23.3716951394,-22.8007722432,-22.1816513499,4,6,5,3,2,4,0.19911802760207,0.530120481927711,0.5448781033
"P43590",-22.0985266218,-22.4032688678,-21.6742454156,NA,-24.1691653788,-22.941727016,7,4,6,2,2,3,0.0159456584243818,0.143478260869565,1.49676589566667
"P43593",-21.640784604,-21.6934986209,-21.6574639957,-23.6734874818,-22.1609806157,-22.332503972,9,5,10,3,5,7,0.043218228867165,0.251121076233184,1.05840828296667
"P43597",NA,-24.1203245676,NA,NA,NA,NA,NA,5,2,NA,NA,NA,NA,NA,NA
"P43598",-21.2758277556,-20.3171637903,-21.4261529881,NA,NA,NA,4,4,6,1,NA,NA,NA,NA,NA
"P43603",-21.1680935671,-21.8522068519,-21.232685148,-23.2200994394,-23.070708606,-23.3218231268,10,9,11,6,4,4,0.00188326624496837,0.0384615384615385,1.78654853506666
"P43609",-21.8830842332,-24.4238060208,-21.9935064579,-24.3790403228,-24.8288048809,NA,7,6,7,2,3,2,0.0341082518688902,0.205194805194805,1.83712369788334
"P43613",-22.8773262728,-22.7780052918,-22.7113349456,NA,NA,NA,1,2,1,NA,NA,NA,NA,NA,NA
"P43616",-20.4082199389,-20.7407375785,-21.1432263131,-20.6438198363,-21.5740114885,-21.4726956984,12,22,15,9,12,10,0.238991230592294,0.579754601226994,0.466114397566663
"P43638",NA,-25.5614405068,-25.5791164138,NA,NA,NA,4,1,5,NA,NA,1,NA,NA,NA
"P43639",NA,-21.9665385074,-23.321216601,NA,NA,NA,2,3,1,NA,NA,NA,NA,NA,NA
"P43686",-20.7591131216,-20.9286021168,-19.677632905,-18.990563447,-19.9004700793,-19.1328337664,20,19,32,29,29,34,0.0368103795284646,0.218137254901961,-1.11382695023334
"P43897",-20.5415838834,-20.5069596953,-20.4253192568,-20.901997763,-21.5519142876,-20.3427797329,6,7,7,4,6,10,0.256567998849914,0.617067833698031,0.440942982666662
"P45523",NA,NA,NA,-21.910625131,-21.722471759,-23.1438462379,1,1,NA,9,7,9,NA,NA,NA
"P45577",NA,NA,NA,-21.4510861211,NA,-22.0733333244,NA,NA,NA,2,3,4,NA,NA,NA
"P45880",-18.4811292995,-18.178638309,-18.4479101861,-18.2984011466,-18.1751527029,-18.3893664028,25,29,27,23,23,25,0.744670787809086,0.904210526315789,-0.0815858474333311
"P45973",-19.9671178568,-20.1142421647,-20.348942948,-20.3632123618,-20.3235563256,-20.4898672941,10,9,5,13,9,7,0.370712478435883,0.713871154962275,0.248777670666666
"P45974",-21.043356247,-20.9074263156,-21.1170979163,-21.2266741469,-21.5515473304,-20.9359774659,28,23,23,25,23,22,0.474654974123059,0.784218217243059,0.215439488099999
"P45978",-22.1368004542,-23.4047514347,-22.2994178501,-23.2074252286,NA,-23.3228340929,5,2,2,3,1,1,0.173094594594595,0.505183788878417,0.651473081083331
"P45983",NA,NA,NA,-23.4195520019,NA,-23.8919012018,NA,NA,NA,3,3,3,NA,NA,NA
"P46013",NA,NA,-26.3001621942,NA,NA,-26.9793445169,1,NA,5,2,NA,5,NA,NA,NA
"P46060",-20.1627497424,-20.1202803415,-20.3737549305,-19.938007815,-19.7947939036,-20.1635728789,17,18,20,18,19,20,0.370267826336975,0.713871154962275,-0.253470138966666
"P46063",-24.450366557,-22.5113688009,-23.8443538733,-22.8903250863,-24.4121014328,-25.1806354396,8,6,3,8,5,6,0.366349051178838,0.712609970674487,0.558990909166667
"P46087",-21.4687522057,-23.0515420298,-22.3925592814,-22.4615269141,-21.6599102358,-21.8825223805,15,14,15,12,10,14,0.493967222541691,0.796577946768061,-0.302964662166666
"P46108",-21.4607586446,-21.5925770032,-20.7496299547,NA,-21.4802624937,-21.0083586355,4,6,5,3,4,5,0.931674381828637,0.962168602919273,-0.0233446362333325
"P46109",-18.5658268332,-18.5172059853,-18.2746469046,-18.3305547003,-18.2393423803,-18.2831339453,27,28,36,32,31,36,0.514359114433583,0.809940174873447,-0.168216232399999
"P46199",-23.6109669574,-24.9080296192,-23.4204329662,-22.9529989423,NA,-24.7211950158,5,4,4,5,5,4,0.796959315698677,0.917725752508361,-0.142712868549999
"P46367",-19.4852401282,-19.2299271177,-19.4418682827,-19.8792849841,-20.1969652881,-20.0961735555,28,31,35,20,20,20,0.0434437895342151,0.251121076233184,0.671796099699996
"P46379",-21.2957737543,-21.0793497135,-21.3663956733,-21.3324090326,-21.4242740814,-20.9791310338,18,18,16,20,19,20,0.973126940770558,0.973517559009787,-0.00190166443333339
"P46459",-21.4502054348,-21.8769957272,-22.2766320197,-22.6588618574,-21.9856654865,-22.0896348019,15,19,19,17,18,18,0.308437607820587,0.667986798679868,0.376776321366666
"P46654",-21.0200533727,-20.9214684681,-21.0140604616,-20.9499996841,-20.9668709658,-21.2395760646,2,3,3,15,13,17,0.780033208740656,0.914314858891534,0.0669548040333332
"P46655",-20.3189119078,-20.3916440102,-20.2801732309,-20.9385073206,-20.849368549,-20.9008869213,32,30,34,25,23,23,0.0483605520414031,0.259713701431493,0.566011214
"P46672",-19.4982499288,-19.242628488,-20.3474650668,-20.6387017821,-20.5220223234,-20.358032455,17,22,14,8,7,8,0.0618683151236343,0.301785714285714,0.8101376923
"P46673",NA,-24.8426555886,NA,NA,NA,NA,3,2,NA,1,NA,NA,NA,NA,NA
"P46680",-21.0466986417,-21.0686041373,-21.4082720372,-22.8837440339,-22.8829620445,-22.4873491303,12,13,10,4,4,5,0.00271822886716504,0.0454545454545455,1.5768267975
"P46682",NA,-24.4037470027,NA,NA,NA,NA,1,1,1,NA,NA,NA,NA,NA,NA
"P46683",-21.3352154421,-21.4236336301,-22.3162146261,NA,NA,-22.6138920508,4,3,3,NA,NA,2,NA,NA,NA
"P46736",-24.8529081903,-22.757057096,NA,-23.0993598361,-23.706608528,-23.4216074406,2,1,NA,2,2,1,0.489461759631972,0.793103448275862,-0.395790708249997
"P46776",-19.2532786266,-19.7577446973,-19.9705732712,-19.1619060466,-19.2808740156,-19.6068295544,8,6,6,11,7,11,0.356541115583669,0.708959711365003,-0.310662326166668
"P46777",-18.5712443287,-18.1445190393,-18.2090086828,-18.6035678102,-18.1383514327,-18.03055284,37,44,47,41,45,52,0.852605376653249,0.940506329113924,-0.0507666559666688
"P46778",-19.8199638359,-19.867401465,-20.8922778522,-20.198447396,-20.0343568865,-20.8018191014,6,14,12,13,10,10,0.690999856239218,0.878039793662491,0.151660076933332
"P46779",-20.6775256425,-21.3094396563,-20.7235783242,-20.4908173886,-21.5124721097,-20.9631182516,8,9,10,11,13,11,0.802168631397355,0.920465890183028,0.0852880423000002
"P46781",-21.2643427887,-21.6608743934,-21.7832355903,-21.5584106348,-22.4014948882,-20.9028444277,11,11,13,12,14,10,0.881226854514089,0.942539388322521,0.0514323927666673
"P46782",-19.5319080596,-20.1315727178,-19.3055108587,-19.3123146772,-19.3725618579,-19.6191685455,10,5,12,8,14,16,0.504544422081656,0.801583605030275,-0.221648851833336
"P46783",-18.9000225723,-18.704475495,-18.754245496,-18.6695458169,-18.3749910504,-18.8528992773,18,15,21,19,23,22,0.58293013225992,0.842016806722689,-0.153769139566666
"P46784",-20.5367417333,-20.3616480589,-20.0800512195,-20.8262462569,-19.6428257285,-19.87379366,3,4,5,4,2,4,0.578214059804485,0.83790628957366,-0.211858455433333
"P46821",-22.006912668,-21.7581592029,-22.0416479005,-21.7149807181,-22.0262575437,-21.8829890788,25,31,22,28,21,23,0.805881541115584,0.921340856289413,-0.0608308102666619
"P46926",-22.3415356588,-22.1466766505,-22.7414271054,-22.0664859245,-21.9813662335,-21.3824974295,4,5,3,4,5,3,0.114944220816561,0.420798065296252,-0.599763275733334
"P46940",-20.9056755964,-20.5605527624,-20.680648935,-20.8422838719,-20.720169961,-20.6546419005,37,42,37,46,46,48,0.910651092581944,0.958434466019418,0.0234061465333362
"P46943",NA,NA,-23.2577572276,NA,NA,NA,NA,NA,3,2,NA,3,NA,NA,NA
"P46956",-21.6074736726,-23.1447977075,-23.1719158921,-23.0328561036,-22.8698659927,-23.0494228859,2,2,3,2,4,2,0.445841144335825,0.764915859255482,0.342652569999998
"P46969",NA,NA,-23.7198430669,NA,NA,NA,NA,1,1,1,NA,1,NA,NA,NA
"P46971",NA,-23.4673948971,-24.7155161603,NA,-24.8342133736,-24.6485132934,1,3,4,2,2,2,0.215566848763657,0.549423393739704,0.649907804799998
"P46976",NA,-23.1760540502,-22.3218712789,NA,-22.9454632262,NA,2,3,4,3,4,4,NA,NA,NA
"P46984",NA,NA,-20.806494831,NA,NA,NA,1,1,2,NA,NA,1,NA,NA,NA
"P46985",-23.9321140576,NA,NA,NA,-23.766564912,NA,1,1,1,2,3,1,NA,NA,NA
"P46988",-21.3697161196,NA,NA,NA,NA,NA,2,2,1,NA,NA,NA,NA,NA,NA
"P46990",-21.9589619366,NA,-20.6806977503,NA,-22.3479162918,-22.2784523043,3,3,18,6,2,9,0.0817764519838988,0.357686453576865,0.993354454599999
"P46992",-22.2012679245,NA,-24.0585530771,-23.2644355708,-23.7640297315,NA,3,2,3,4,2,NA,0.544623490511788,0.823346648912561,0.384322150349998
"P47018",-22.2375755581,-21.3149637446,-21.6772148415,NA,-23.6429191174,-22.4428497962,9,10,10,4,6,5,0.0289128809660725,0.190058479532164,1.2996330754
"P47031",-24.3561232258,-24.8797648946,NA,NA,NA,NA,3,2,3,1,3,NA,NA,NA,NA
"P47035",NA,-25.0377647313,-24.6860281083,NA,NA,NA,6,5,4,NA,1,2,NA,NA,NA
"P47039",NA,-23.2307088306,-23.551774172,NA,NA,-23.6890367005,4,5,4,NA,1,2,NA,NA,NA
"P47044",-22.3812028607,-21.6358948381,-21.6133698809,NA,-22.6127731496,NA,3,4,3,3,1,0,NA,NA,NA
"P47047",NA,-23.5465109292,-24.433841796,NA,NA,NA,4,7,4,NA,NA,NA,NA,NA,NA
"P47068",-23.3687013367,-22.7344583374,-22.4654017793,-25.054616949,-25.0527292586,-24.9819947517,18,13,20,5,4,10,0.00082906843013226,0,2.17359316863333
"P47075",-21.7089323817,-21.6681182234,-21.7360121642,-24.2003092989,-22.494207444,-23.0962432938,15,21,22,9,14,12,0.0124446520989074,0.125628140703518,1.55923242246667
"P47076",NA,-22.4498740414,NA,NA,NA,NA,NA,1,NA,NA,NA,0,NA,NA,NA
"P47077",NA,-24.620427781,NA,NA,NA,NA,NA,2,1,NA,NA,NA,NA,NA,NA
"P47079",-20.7517388548,-20.8182279431,-20.5704828432,-21.5844823046,-21.7275642024,-21.1468143823,17,19,17,13,15,15,0.0381677688326625,0.229665071770335,0.772803749400001
"P47089",-22.1914191372,-21.5019877988,-22.0172553755,-22.8430209067,-22.2951962174,-22.2357672125,3,4,2,3,2,2,0.140919925244393,0.46096256684492,0.554440675033334
"P47096",-21.46993887,NA,-22.3578713344,NA,NA,NA,3,1,2,1,1,NA,NA,NA,NA
"P47103",NA,NA,-23.8623949263,NA,NA,NA,NA,NA,1,NA,NA,NA,NA,NA,NA
"P47116",-24.1724863141,-24.0546122595,-23.1300092285,NA,NA,NA,3,4,3,NA,NA,0,NA,NA,NA
"P47117",-22.4544019495,-21.5230543439,-21.0117181836,-22.981708798,-22.6284472291,-22.3098722256,6,7,11,4,4,4,0.0532140598044853,0.273422562141491,0.976951258566668
"P47119",-21.3664914764,NA,-22.1470587603,NA,-22.1102952574,-22.2838210991,2,4,3,2,3,2,0.282047441058079,0.643557422969188,0.4402830599
"P47120",-20.2385898182,-20.1620198844,-19.585845352,-21.0282529705,-23.1160646076,-21.009488492,13,12,15,10,4,9,0.0179350201265095,0.14828897338403,1.7224503385
"P47122",-22.4167606815,-22.0730762944,-22.067930097,-23.1850015942,-22.3092660019,NA,4,4,4,2,2,1,0.166501437607821,0.496624879459981,0.561211440416667
"P47124",-24.0834003567,NA,-23.8954311867,NA,NA,NA,1,NA,1,1,1,NA,NA,NA,NA
"P47133",NA,-23.4815534411,-23.3731361591,NA,-23.1985811435,-23.2687622478,2,2,3,2,1,1,0.436898217366302,0.761609907120743,-0.193673104449999
"P47137",-22.0762281442,-22.1494435294,-22.9620316018,NA,NA,NA,4,4,1,NA,NA,NA,NA,NA,NA
"P47143",-19.0874880276,-19.4497463991,-19.007060958,-20.5878857802,-20.8149360663,-20.2253460127,18,17,20,11,13,16,0.00579916618746406,0.078740157480315,1.36129082483333
"P47154",-22.7753560888,-23.3375684867,-23.6234649074,NA,NA,NA,5,7,5,4,2,NA,NA,NA,NA
"P47160",-22.1344576012,-21.3644348092,-21.8341478648,-22.7203034773,-23.3774584254,-22.5612959478,3,6,4,2,2,3,0.0217964347326049,0.16271186440678,1.1086725251
"P47176",-20.8518300524,-21.1079490094,-21.4805100356,-20.6993831673,-21.8902743984,-21.308336543,11,8,10,9,6,8,0.68021995399655,0.873039581777446,0.1525683371
"P47224",NA,NA,-21.7832105304,-21.8103235487,-21.9196702633,NA,NA,1,1,2,1,1,NA,NA,NA
"P47755",-19.8561339209,-20.1576644951,-20.5246521663,-19.3957617249,-19.6198361791,-19.7978592035,7,8,8,15,9,9,0.10684430707303,0.411543287327478,-0.574997824933334
"P47756",-19.2022791821,-19.0759844306,-19.5508069757,-19.4259848478,-19.3066654115,-19.3070319364,25,30,28,30,24,30,0.786196520989074,0.91511667230301,0.0702038690999984
"P47813",NA,-21.9441296603,NA,-21.9430704146,NA,NA,3,5,6,5,NA,5,NA,NA,NA
"P47818",-23.2054337019,-22.0485082472,-23.225933308,NA,NA,NA,4,5,2,NA,NA,NA,NA,NA,NA
"P47897",-19.8805531212,-20.4944108824,-20.0550962778,-19.8533485616,-19.8422919698,-19.8884247044,31,27,31,31,35,31,0.35761385853939,0.709483793517407,-0.281998348533335
"P47912",-22.297210605,-22.0412992873,-22.1862005726,NA,NA,-24.5697340316,8,11,10,1,3,4,NA,NA,NA
"P47914",-22.1753723151,-21.892522598,NA,-21.1816779693,NA,NA,3,2,2,2,1,2,NA,NA,NA
"P47974",NA,NA,NA,-24.1704168178,NA,NA,NA,NA,NA,2,NA,2,NA,NA,NA
"P47985",-22.7621562984,-21.7113149568,-22.6390348196,-22.3471550865,-22.4765960757,-21.6219510581,8,9,10,10,8,12,0.576209028177113,0.83790628957366,-0.222267951500001
"P48015",-21.2329368465,-21.7453883584,-22.1549897217,-22.4185950379,-23.1668668902,-22.3747412189,8,9,7,6,3,5,0.0431063829787234,0.251121076233184,0.942296073466665
"P48047",-19.7851361233,-19.705054789,-19.7703879209,-19.4427309735,-19.1846670519,-19.1555714004,10,9,13,9,12,13,0.0944301322599195,0.39047619047619,-0.492536469133331
"P48059",-22.2884550542,-22.2965038697,-23.2901669316,NA,-21.4008790452,-22.1682642545,5,6,4,4,6,5,0.094982892466935,0.39047619047619,-0.840470301983334
"P48147",-20.5164558049,-20.8907266525,-20.5478203703,-20.1074027869,-20.4724241771,-20.3511914679,23,20,22,28,22,20,0.258054916618746,0.617067833698031,-0.341328131933331
"P48164",-19.3879765818,-19.7072082942,-19.0563998772,-20.3127421813,-20.2840813644,-20.6023707566,22,16,21,14,15,9,0.0169528464634848,0.144,1.0158698497
"P48200",NA,-25.7299310454,NA,-25.1106338662,-23.4528559688,NA,1,3,1,3,5,3,NA,NA,NA
"P48362",NA,NA,-23.3498937036,NA,NA,NA,NA,1,1,NA,NA,NA,NA,NA,NA
"P48363",-22.7289063808,NA,NA,NA,NA,NA,2,NA,1,NA,NA,1,NA,NA,NA
"P48415",-24.5567291725,-24.5578110734,-24.8220148776,NA,NA,NA,6,8,6,1,NA,NA,NA,NA,NA
"P48426",-23.2507039284,-23.173269021,-22.2566324096,-22.0363561984,-23.2059288558,-22.5130620567,5,6,6,9,4,5,0.46740713053479,0.777886977886978,-0.308419416033331
"P48439",-23.2427944806,-23.2180521491,NA,NA,NA,NA,4,2,1,NA,NA,1,NA,NA,NA
"P48444",-20.8104328023,-20.6601369135,-20.626748095,-20.4511916799,-21.2139425154,-20.599571726,13,20,18,15,15,15,0.843032633697527,0.940127388535032,0.0557960368333354
"P48445",NA,-24.249225191,-24.3492761558,NA,NA,NA,1,2,2,NA,NA,NA,NA,NA,NA
"P48449",-22.8925959814,-25.2796518875,-22.5692066145,-22.6003591744,-24.2667706664,-23.3227515217,8,5,10,8,8,11,0.760732173663025,0.904712762297902,-0.183857706966666
"P48507",-20.2331527426,-19.8555595572,-20.8403690637,-20.6919476235,-20.2955537064,-20.383752118,8,8,6,6,6,8,0.664364577343301,0.86885865457294,0.147390694800002
"P48510",-21.8614430734,NA,-21.6638101625,-23.1379656467,NA,-22.6093755025,7,5,7,2,1,2,0.0171791259344451,0.144,1.11104395665
"P48556",-20.6189644783,-22.7842524628,-21.6208980309,-20.3883532693,-21.2708633867,-21.9813413752,11,13,12,13,10,11,0.415378953421507,0.752150537634409,-0.461185646933334
"P48563",NA,-26.4637424238,NA,NA,NA,NA,NA,2,2,NA,NA,NA,NA,NA,NA
"P48570",-23.2977974301,-22.3575309455,-22.5322435891,-23.6642754888,-22.3725077288,-23.6115075161,1,3,10,1,2,1,0.289640310523289,0.649760109664154,0.486906256333334
"P48589",-19.22149593,-19.179242153,-19.295271058,-21.3439521381,-19.2795992152,-19.9085420605,9,15,11,6,10,9,0.0879784358826912,0.369565217391304,0.945361424266668
"P48606",-19.9687615435,-20.4162788806,-20.5551746064,-20.510212065,-21.2499048566,-21.430009854,4,6,5,3,2,3,0.0741709315698677,0.337096774193548,0.749970581699998
"P48634",-22.5602883436,-22.1189612295,-22.4700778107,-22.2728723076,-22.6265658594,-21.9297251829,23,20,21,17,16,22,0.725070730304773,0.891940085592011,-0.106721344633335
"P48637",-21.6244220914,-23.4969416,-21.9592008194,-21.3228744824,-23.4517182294,-22.6444593643,8,5,6,11,7,8,0.829583668775158,0.9322528363047,0.112829188433334
"P48643",-18.9281486417,-18.9481458828,-18.725362333,-18.7669635459,-18.5059244902,-18.761557412,55,58,64,66,69,72,0.4796410293272,0.784503631961259,-0.189070469800001
"P48681",NA,NA,-26.0553415471,NA,-25.3486591617,-26.0327191307,3,5,4,3,4,5,NA,NA,NA
"P48729",NA,-24.0332480701,-23.665334162,-23.7159359337,NA,-22.6237545855,4,4,6,7,4,7,0.179138154111558,0.51063829787234,-0.679445856450002
"P48730",NA,-23.929615256,NA,NA,NA,-23.4463239392,NA,2,3,NA,1,1,NA,NA,NA
"P48735",-20.5322367054,-21.0868867974,-20.1828418414,-21.1945330607,-20.5897262298,-20.5793557559,16,13,18,16,17,21,0.60044134560092,0.851623510069873,0.1872165674
"P48739",-22.0563856538,-21.5328099416,-21.2742668736,-21.6358893605,-22.3581821209,-21.2924583069,8,9,8,5,8,8,0.700420069005175,0.878457059679767,0.141022439766665
"P48813",-24.6333550811,-24.1450737899,-25.1256084716,NA,NA,NA,2,1,2,NA,1,1,NA,NA,NA
"P48836",-21.4892758349,NA,NA,NA,NA,NA,3,5,3,2,2,2,NA,NA,NA
"P48837",NA,-24.6219259743,-24.0677356739,NA,NA,-23.3149950877,4,3,3,NA,NA,3,NA,NA,NA
"P49005",-21.4728623849,-23.0845413409,-21.4513874035,-21.0372542655,-21.540740808,-21.360384036,8,7,7,8,7,6,0.167934301322599,0.496644295302013,-0.690137339933333
"P49006",-19.4138920082,-18.7837249416,-19.0627310371,-19.2801113249,-18.9540748555,-19.0748913554,6,8,8,8,8,6,0.937911587119034,0.963841138114997,0.0162431829666652
"P49023",-24.3342208268,-22.3124421436,-24.4248817397,-24.9159213923,-24.5659615477,-22.3110887481,3,5,4,2,3,5,0.70876955146636,0.88205499276411,0.240475659333335
"P49089",-21.3380088303,-23.9648661409,-21.4160834002,-22.3640331533,-22.4194290861,-21.2221901767,10,9,19,7,5,10,0.691832518688902,0.878039793662491,-0.237768651766668
"P49090",-19.9021431564,-20.5721214502,-20.0229294076,-21.2589917735,-21.2260458862,-21.1185112227,26,26,36,14,18,20,0.0157078780908568,0.142222222222222,1.03545162273333
"P49095",-22.1439967645,-21.6068817095,-21.7758351808,-23.8475937834,-23.6789637228,NA,16,16,14,10,5,5,0.00115353651523864,0.0212765957446809,1.92104086816667
"P49137",-23.6639185731,NA,-23.5658753962,NA,NA,-24.0740497959,4,3,3,4,2,6,NA,NA,NA
"P49167",-18.3774709152,-18.2639505567,-18.8254423467,-18.7762000459,-18.6167568027,-18.9925219726,10,9,10,7,6,9,0.333418200115009,0.689893283113622,0.306205000866665
"P49189",-21.2755256092,-21.4770728528,-21.3691326646,-21.3192855123,-21.4329014196,-22.011937281,10,10,11,8,13,11,0.495727573317999,0.797252486972999,0.214131028766669
"P49207",NA,-22.119366731,NA,-22.1915301256,NA,-22.3061458957,1,2,3,2,2,3,NA,NA,NA
"P49247",-20.8821269622,-21.8760867588,-20.7075694397,-21.0804231375,-20.2705824496,-20.7223051883,6,5,8,5,5,9,0.273945083381254,0.631130063965885,-0.464157461766668
"P49257",-23.4391114729,-22.1788795558,-23.269866627,NA,-23.4933680399,-22.5454837592,3,3,3,2,5,2,0.887129959746981,0.944034440344403,0.0568066809833354
"P49321",-18.9229523721,-18.7823608663,-18.6971346404,-18.7183821287,-18.6099516763,-18.6079038595,48,57,59,51,60,64,0.534109114433583,0.81781557743957,-0.15540340476667
"P49327",-19.287557956,-19.1069700643,-19.317848302,-19.1100522111,-18.9634099408,-19.0972318042,133,151,158,153,171,184,0.477165612420932,0.784218217243059,-0.180560788733334
"P49334",-20.4970923645,-21.7320855963,-21.4893257719,-21.6157649034,NA,-21.8439504896,4,3,3,3,2,3,0.2785432719954,0.638101983002833,0.490356452266667
"P49354",-23.4370229299,NA,NA,NA,-23.540679235,NA,4,1,2,1,3,2,NA,NA,NA
"P49366",-22.4732262381,-23.000319242,-22.6618073086,-22.0895661693,-21.0977987166,-20.6150705082,2,2,4,4,6,9,0.013919062679701,0.132701421800948,-1.4443057982
"P49368",-18.3142232514,-18.2426993483,-18.2268892242,-18.6342620992,-18.180203404,-18.3084665047,67,73,75,74,68,80,0.670921219091432,0.869532428355958,0.113040061333333
"P49406",-23.460090734,-21.7125513168,-22.5056763536,-22.2198071761,-22.162633814,-22.3399212088,4,5,5,8,6,7,0.47094695227142,0.779960707269155,-0.3186520685
"P49407",-23.7312145081,NA,-22.6796852095,-23.8780486111,-22.6134043142,-24.0825473014,3,1,3,3,4,3,0.543622627947096,0.82258781680747,0.319216883433331
"P49411",-18.5435941422,-18.4766514651,-18.4918971157,-18.4375566962,-18.4120482813,-18.3579447225,57,59,63,57,60,69,0.649638441633122,0.865712074303406,-0.101531007666669
"P49427",NA,NA,NA,-21.7809658644,-22.4472144535,-22.7306077569,2,1,1,4,3,4,NA,NA,NA
"P49435",-21.1038380508,-20.8257757799,-21.4490054133,NA,NA,-21.5812523171,3,5,3,NA,3,3,NA,NA,NA
"P49448",NA,NA,NA,NA,NA,-23.4731212871,10,12,16,16,16,15,NA,NA,NA
"P49454",-24.9448888006,NA,-26.8901683558,NA,-26.3878342815,-27.2280284933,7,2,6,9,6,10,0.217972397929845,0.549593495934959,0.890402809200001
"P49458",-19.8406312494,-20.8044075332,-20.1124916637,-19.9473123238,-20.8807550909,-20.8109461701,2,3,4,2,3,3,0.465143329499712,0.775024777006938,0.29382771283333
"P49459",-21.4540108842,NA,NA,NA,-21.6854215706,-21.3674747412,2,NA,2,NA,3,2,NA,NA,NA
"P49573",-22.3461304954,-21.1993477357,-22.3733218749,-22.1302612337,-22.2680384975,-23.2433239203,4,5,6,4,4,4,0.224228723404255,0.557953637090328,0.574274515166667
"P49585",NA,NA,-22.888855482,NA,NA,-22.9441040034,3,4,3,2,NA,5,NA,NA,NA
"P49588",-19.7632794761,-19.6906174461,-19.6070397945,-19.5523305429,-19.9049947309,-19.6253650632,40,48,54,48,43,57,0.957562248418631,0.966783216783217,0.00725120676666791
"P49589",-21.3944151742,-21.2442543104,-21.6992548732,-21.2047197317,-21.0469397671,-21.2290966925,17,21,14,16,14,22,0.325670069005175,0.687739463601533,-0.285722722166668
"P49591",-19.7500639727,-19.7399748413,-20.404033014,-19.6758952645,-19.9757995983,-20.0829684191,18,25,18,19,23,23,0.85207964347326,0.940506329113924,-0.0531361820333345
"P49593",-20.2530332405,-19.6232059233,-19.5224085912,-19.793064634,-19.2609822648,-19.5530179154,11,13,17,16,16,21,0.440196808510638,0.761708697889861,-0.263860980266664
"P49626",-22.911486548,-22.2191282053,NA,-23.247185965,-23.0660301048,-22.8108222743,2,28,2,2,2,21,0.203547441058079,0.53800170794193,0.476038738050004
"P49642",-22.1781970831,-22.9909634432,-22.3806964597,-22.2627884232,-21.4345053932,-21.7540517967,5,5,5,4,8,10,0.0942032777458309,0.38857938718663,-0.699503790966666
"P49643",NA,NA,-22.8153880284,-22.8962238824,NA,-21.8324361089,3,3,5,8,3,9,NA,NA,NA
"P49687",NA,-24.2761354801,NA,NA,NA,NA,1,3,2,NA,NA,1,NA,NA,NA
"P49711",-24.0572415854,-23.9326623338,-23.7195548442,-24.484312433,NA,-24.78312671,2,1,2,1,NA,2,0.0419332949971248,0.246013667425968,0.730566650366669
"P49720",-20.677673591,-21.1877969885,-20.4211947795,-20.2714868458,-20.5758149686,-20.1537532197,6,7,6,8,6,9,0.222064117308798,0.555913113435237,-0.42853677496667
"P49721",-20.45064446,-19.9378464058,-20.1352066982,-20.036784207,-20.2301179723,-19.8160241016,12,10,13,15,15,14,0.617983898792409,0.85880933226066,-0.146923761033335
"P49723",-20.1725390575,-21.2897130817,-21.5691326055,-22.4707099593,-22.6815030288,-21.550421996,18,15,20,10,12,8,0.0336155836687752,0.205194805194805,1.2237500798
"P49736",-20.4633727578,-20.3670345797,-20.403895079,-19.949159718,-20.003037417,-20.3696012163,30,35,44,41,38,43,0.292021707878091,0.652322404371585,-0.304168021733332
"P49748",-20.8729228628,-20.7833457845,-19.9181181806,-20.4993144765,-20.6271248812,-20.8472171661,18,19,31,20,17,23,0.695096175963197,0.878457059679767,0.133089898633333
"P49750",-23.508746323,-23.5824064091,-23.1356829619,-22.9124171904,-23.8005373287,-24.3996182823,8,10,16,15,12,12,0.479050891316849,0.784503631961259,0.295245702466666
"P49755",-21.1496041797,-22.8842380919,-21.9068466103,-21.611076787,NA,NA,8,2,7,2,7,3,NA,NA,NA
"P49756",-21.7472411571,-21.4939262783,-21.1690352937,-21.4740563515,-21.5539505977,-21.5110890048,15,15,20,17,17,23,0.86386313973548,0.940738442444927,0.0429644082999978
"P49757",NA,NA,NA,-23.7586744626,NA,NA,NA,2,2,2,1,1,NA,NA,NA
"P49770",-22.148001647,-21.5920146678,-21.6158704377,NA,-23.160440955,-21.9844447699,7,5,7,3,6,7,0.108018976423232,0.411543287327478,0.787147278283332
"P49773",-18.1210687617,-17.9344437454,-17.4758824686,-17.4943307023,-17.7706304635,-18.4262286627,11,13,15,13,16,14,0.864730736055204,0.940738442444927,0.0532649509333361
"P49790",-21.6048407651,-21.3910062509,-21.4148241658,-21.7343883408,-21.5481011721,-21.2720976322,21,23,23,18,25,29,0.846381684876366,0.940127388535032,0.0479719877666653
"P49792",-21.5694808378,-21.3297258797,-21.4539261758,-21.3791413858,-21.2882080296,-21.3633838468,63,62,69,63,74,75,0.655931282346176,0.867794004611837,-0.107466543699999
"P49821",-22.0594709617,-21.1566102606,-20.9283075284,-20.9900494749,-21.4647595344,-21.020951431,8,13,10,15,8,14,0.557566848763657,0.826881252718573,-0.222876103466668
"P49840",-21.5537598915,-21.860661349,-21.2331375959,-22.2651314064,-21.6835280692,-21.4857601697,8,7,9,5,6,5,0.453928982173663,0.768922305764411,0.262286936300001
"P49841",NA,-23.2650988206,NA,NA,-23.2942457303,-23.3860946294,0,3,NA,NA,1,2,NA,NA,NA
"P49848",-23.8044017657,-24.7610214877,-23.4405669167,-24.0320905172,NA,-24.427830451,5,4,4,5,2,5,0.605362277170788,0.852124183006536,0.227963760733331
"P49902",NA,NA,-23.4872064453,NA,NA,-22.4363617541,2,NA,1,2,1,4,NA,NA,NA
"P49903",-22.0731801,-22.1629247314,-22.3942288282,-22.6694317294,-20.9494226745,-21.3629389147,7,5,5,7,7,5,0.242845744680851,0.589763177998472,-0.549513446999999
"P49915",-19.6194317228,-19.1999094849,-19.3358656274,-19.3304534008,-19.4270904922,-19.1256198255,42,45,49,52,54,48,0.734105951696377,0.89989350372737,-0.0906810388666699
"P49916",-23.9005907212,-23.6384039554,-25.5749803973,-23.5452659358,-24.5269175623,-23.3945797218,10,10,6,8,12,10,0.312870184013801,0.672067401166559,-0.549070617999998
"P49954",-23.4910028097,-21.3485233257,-23.5066452001,NA,NA,NA,1,5,2,1,1,1,NA,NA,NA
"P49959",-22.3611686219,-21.0209585341,-21.4605966869,-21.2950416958,-21.8044045951,-22.058318298,11,16,11,13,12,16,0.782939332949971,0.914431239388795,0.105013581999998
"P50085",-23.3445143234,-22.142411455,-22.9440400921,-22.396730124,-23.3078183577,-23.2820539717,4,4,6,2,2,1,0.648585106382979,0.865712074303406,0.1852121943
"P50086",-22.5449984241,-22.6618523175,-22.6767606756,NA,NA,NA,2,3,3,NA,NA,NA,NA,NA,NA
"P50094",NA,NA,-23.879732794,NA,-23.8256314107,NA,10,11,3,4,7,5,NA,NA,NA
"P50095",-23.4159916961,-22.8824222032,-22.7586782119,-23.4696643415,-23.4798088196,-24.2491986847,17,16,13,8,7,9,0.0842602070155262,0.36322869955157,0.71385991153333
"P50101",-24.938575053,-24.553147297,NA,NA,NA,NA,5,4,4,NA,NA,NA,NA,NA,NA
"P50107",-23.2642337838,-21.7767860358,NA,NA,NA,NA,2,2,2,NA,NA,1,NA,NA,NA
"P50108",-23.9384636044,NA,NA,NA,NA,NA,2,2,2,NA,1,2,NA,NA,NA
"P50109",-23.807733584,NA,-23.8562291741,NA,NA,NA,2,2,1,NA,NA,1,NA,NA,NA
"P50213",-20.2907052721,-20.8278097151,-21.1862756982,-20.8861750627,-20.7529497928,-19.9548753745,11,8,6,9,12,14,0.54002372052904,0.819438252340615,-0.236930151799999
"P50278",-22.8770296962,-23.906772152,NA,NA,NA,NA,4,3,2,NA,NA,1,NA,NA,NA
"P50336",-23.8752438249,-23.3857103695,-23.8162680291,-22.736185764,-23.7072392223,-22.9167108183,2,2,1,3,3,5,0.150527458309373,0.473684210526316,-0.572362139633334
"P50395",-19.1326660832,-18.9323728457,-19.0397739097,-18.9723028765,-19.0038120165,-18.554889399,41,39,46,45,47,52,0.502513369752731,0.800750117205813,-0.191269515533335
"P50402",-21.6721865579,-21.7682260003,-21.7787223195,-22.6033610574,-21.5686206333,-21.8908065525,3,4,6,6,5,5,0.431178982173663,0.760083813514929,0.281217788500001
"P50416",-24.8128644491,-23.5478908384,-23.737867443,NA,NA,-23.8929329308,5,5,3,2,4,3,NA,NA,NA
"P50453",-20.8085411076,-20.4298104207,-20.9486295557,-22.4228835394,-20.9255069253,-21.934704365,13,13,13,11,9,14,0.0450074755606671,0.257019438444924,1.03203791523334
"P50454",-20.8933417655,-20.0085107568,-19.9048585528,-21.1898107246,-20.0904913464,-20.3509438155,13,13,21,11,17,17,0.50887363427257,0.802960222016651,0.274844937133334
"P50479",-22.8435847097,NA,-22.5897406074,-22.5789016748,NA,-23.8446158291,2,NA,2,3,1,3,0.336506756756757,0.692259675405743,0.495096093400001
"P50502",-22.7341176499,-22.983374434,-22.5824709485,-22.5448004618,NA,-22.9053574447,16,17,17,21,20,20,0.871770701552616,0.940738442444927,-0.041575390883331
"P50552",-20.3412778421,-20.2802970727,-20.2176963312,-20.5177097133,-20.5159142575,-20.2594336262,12,12,18,14,16,14,0.555442495687177,0.826730518067044,0.151262117000002
"P50570",-22.0237472524,-22.1358809675,-21.8048054614,-21.3985700857,-21.5411920165,-21.5066104223,21,18,18,28,18,22,0.0927050028752156,0.383966244725738,-0.506020385599999
"P50579",-19.647751127,-19.8004746271,-20.105276891,-19.7679201303,-20.5873185521,-20.1349447156,23,23,18,25,21,22,0.366079930994825,0.712609970674487,0.312226917633332
"P50613",-23.4919886158,-23.3664227075,-23.7968102047,NA,NA,-23.8886298659,4,5,8,6,2,6,NA,NA,NA
"P50623",-22.1253481684,-21.6723149364,-21.8614798458,NA,NA,NA,1,1,1,NA,NA,NA,NA,NA,NA
"P50748",-26.6301518701,-26.5430717812,NA,NA,NA,NA,4,6,3,3,2,7,NA,NA,NA
"P50750",-22.482821107,NA,-22.6772331196,-23.6898128531,-24.0321510347,-22.7664446426,4,NA,10,8,3,5,0.0691339850488787,0.327841845140033,0.916109063500002
"P50851",-22.3399451966,-23.2829884951,-23.2018724345,-22.7228408887,-22.6983174431,-22.7543490568,26,23,21,26,32,25,0.534686601495112,0.81781557743957,-0.216432912533335
"P50861",-21.3240194829,-22.1751134056,-21.4356421533,-23.1165540782,-22.6361739241,-22.8557705697,2,4,5,2,3,4,0.0134797297297297,0.132701421800948,1.22457451006666
"P50897",-21.1520652464,-21.0101500666,-21.1415316673,-20.6091298157,-20.9935983371,-21.1116289386,7,5,6,7,7,4,0.493273145485911,0.795908658420552,-0.196463296299999
"P50914",-20.6297073857,-21.5118176386,-21.1404715955,-20.3531299076,-21.1173874798,-21.5044499702,6,6,7,7,7,5,0.781562535940196,0.914314858891534,-0.102343087400001
"P50990",-18.1020321883,-17.9220130678,-17.9968588752,-17.7319985339,-17.8221043721,-17.8196333349,96,101,98,113,107,109,0.38757892466935,0.731596828992072,-0.215722630133332
"P50991",-18.7634265771,-18.6407313945,-18.7987800499,-18.5279580573,-18.423244392,-18.5914750994,49,57,54,59,53,69,0.385782489936745,0.730834752981261,-0.220086824266666
"P50995",-20.4677147735,-20.2002487358,-20.2557370425,-20.6708060933,-20.0422251777,-20.1987258997,17,15,18,14,15,20,0.968430419781484,0.971643518518518,-0.00398112703333453
"P51003",-23.4121425334,-23.5352054171,-23.3956706784,-22.7168180283,-22.8637964055,-22.2136899297,8,10,8,15,8,12,0.0297101782633698,0.198347107438017,-0.8495714218
"P51114",-20.156517627,-20.2625120405,-20.2837693968,-20.3002833399,-20.1949047729,-20.2386753076,14,16,20,16,16,21,0.945008481886142,0.966166519564578,0.0103547853666655
"P51116",-23.0702795087,-21.8802519958,-21.9212139352,-22.4460598706,-22.5257358547,-21.9200152011,7,5,6,4,8,8,0.965692639447959,0.971279373368146,0.00668849556666373
"P51148",-21.2205935256,-21.5314112124,-21.0471679017,-20.7309719976,-20.8834829542,-22.6278786397,4,4,6,5,6,6,0.747855376653249,0.90426638917794,0.147720317266671
"P51149",-20.7575719967,-19.4833546119,-19.525561257,-19.376227375,-19.6803013393,-19.663731654,14,11,13,10,9,14,0.398602357676826,0.745819397993311,-0.348742499100002
"P51159",NA,-22.59198052,-22.9457031535,NA,NA,NA,4,2,3,1,NA,NA,NA,NA,NA
"P51178",-23.5991277396,-23.3881472348,-23.5002947024,-23.1284291516,-24.0770419744,-23.839342756,8,6,7,10,8,7,0.585565267395055,0.843030556718292,0.185748068399999
"P51397",NA,-20.5029521619,-20.8221659462,-20.3737203371,-20.3782179478,-20.7575488088,NA,1,1,1,1,1,0.597611989649224,0.848347107438017,-0.159396689483334
"P51398",-22.5197153587,-21.6614277409,-21.7845413671,-20.9612766956,-21.0875445788,-21.4656168449,4,6,4,8,6,6,0.053421650373778,0.273422562141491,-0.817082115800002
"P51401",-21.9900626546,-20.5997857808,-20.8723023066,-20.9125157229,-20.6363191912,-21.0748941184,2,24,2,13,11,15,0.496459603220242,0.797348484848485,-0.279473903166668
"P51531",NA,NA,NA,NA,NA,-25.4281288996,1,4,6,4,5,6,NA,NA,NA
"P51532",-22.6490504395,-22.8581963199,-22.8450730852,-25.6956581442,-23.1766716994,-22.8935915467,17,14,16,10,14,14,0.0984161874640598,0.392572944297082,1.1378671819
"P51553",-23.2218407238,-23.2507470097,-23.3396589236,-21.921245326,-21.9030811667,-21.384049253,3,4,4,4,6,5,0.00303594019551466,0.0454545454545455,-1.53462363713333
"P51570",-23.1418168909,-22.3287978441,-22.3646290294,-22.0962959816,-21.928072552,NA,2,4,6,5,5,NA,0.141377515813686,0.46096256684492,-0.599563654666667
"P51571",-20.6784233655,-21.1649474812,-20.6139063338,-20.8957531782,-20.7294242689,-20.012193809,5,4,5,5,5,6,0.450361989649224,0.768922305764411,-0.273301974799999
"P51580",-20.6593627651,-20.751480896,-19.9710009911,-20.4668887795,-20.9739253073,-20.5335097821,6,11,19,11,7,14,0.564311385853939,0.828387096774194,0.197493072233335
"P51601",NA,-22.6715157196,NA,NA,NA,NA,1,1,NA,1,NA,2,NA,NA,NA
"P51610",-21.1140398116,-21.2779440843,-21.3548697901,-21.0579315342,-21.314944257,-21.3166389347,36,32,33,32,37,37,0.923079355951696,0.960949234004206,-0.0191129866999979
"P51617",NA,NA,-24.4994091011,NA,NA,-24.3336857152,2,NA,3,NA,3,3,NA,NA,NA
"P51649",NA,NA,NA,NA,-24.0864239261,NA,5,2,NA,2,3,3,NA,NA,NA
"P51659",-20.66137236,-21.951829246,-20.044214468,-20.4806597897,-20.2452724228,-20.0587896607,23,18,26,19,20,28,0.21116273720529,0.544472152950956,-0.624231400266666
"P51665",-18.4865065318,-19.0290411508,-18.875702308,-18.2415959515,-18.6471806401,-19.1679098898,21,18,19,24,20,17,0.737513657274296,0.901981599433829,-0.111521169733333
"P51668",NA,-21.2598987565,-20.0190088069,-19.3469638546,NA,NA,2,1,3,6,3,4,NA,NA,NA
"P51692",-22.4179241084,-22.7948046034,-22.5472054561,-22.6879072261,-23.1880848758,-23.3492909504,4,26,27,4,24,3,0.15725,0.478391959798995,0.488449628133331
"P51784",-25.2249585292,-24.2159768016,-24.0250506084,NA,NA,NA,2,6,4,4,5,6,NA,NA,NA
"P51809",-21.4547101405,-20.8558042338,-21.1041131545,-21.1641126941,-21.3712881818,-20.5284696914,5,4,5,5,5,6,0.723282346175963,0.889960700250089,-0.116918987166667
"P51812",-23.362435183,-23.249898015,NA,-22.3632912066,-23.1558851248,-23.5669149775,9,8,7,11,9,13,0.505234330074756,0.801583605030275,-0.277469496033333
"P51858",-18.1914748846,-18.4231990764,-18.4611552321,-18.0734430918,-18.2244589079,-18.503550091,23,26,29,25,24,24,0.7316522426682,0.896551724137931,-0.091459034133333
"P51946",NA,NA,-23.7223832926,-22.4952049775,NA,NA,4,2,5,3,4,3,NA,NA,NA
"P51948",NA,-23.4025668822,-21.3310122107,NA,-21.1016620167,-21.2396595077,2,4,4,1,6,4,0.112378234617596,0.416974169741697,-1.19612878425
"P51965",NA,NA,NA,-22.2870165781,-22.0026322816,NA,2,NA,1,1,2,3,NA,NA,NA
"P51991",-18.2757357141,-18.7055482037,-18.6557260685,-18.4313056278,-18.1713782909,-18.7399735977,51,46,51,52,45,43,0.736821305347901,0.901981599433829,-0.0981174899666684
"P51996",NA,-22.7833288655,-23.0645344682,NA,NA,NA,1,1,1,2,5,5,NA,NA,NA
"P52209",-19.77152244,-19.3265495852,-19.5139656189,-19.1608342227,-19.0283840433,-19.2263817643,26,38,33,33,44,44,0.185664031052329,0.517647058823529,-0.398812537933331
"P52272",-18.3459727964,-18.25726911,-18.2655662595,-18.3394128953,-18.2862514291,-18.3273119788,118,126,131,128,125,146,0.882578780908568,0.942989214175655,0.0280560457666681
"P52286",-20.8630419336,-23.3136396403,-21.2578850372,-23.2573194894,-23.1171581459,-22.4535529439,5,2,4,4,4,2,0.0819541403105233,0.358547655068079,1.13115465603333
"P52292",-19.3320424022,-19.3902164003,-19.6415399245,-19.2536090044,-19.2035187206,-19.3089812614,25,28,29,31,34,31,0.45070529039678,0.768922305764411,-0.199229913533333
"P52294",-22.3436521351,-22.7135262823,-22.8027752636,NA,-21.9797350107,-22.0734553131,8,7,5,12,6,10,0.0829390454284071,0.361319340329835,-0.593389398433334
"P52306",-23.6546450334,-23.6646288443,NA,-24.1308688078,NA,NA,3,1,1,3,2,2,NA,NA,NA
"P52434",-19.9040191299,-19.975176756,-19.2610088008,-19.7299759022,-20.2959341485,-19.5161014662,4,5,8,6,6,9,0.694751868890167,0.878084714548803,0.133935610066665
"P52488",NA,NA,NA,NA,NA,-25.2637662877,NA,3,NA,NA,NA,1,NA,NA,NA
"P52489",-23.303850667,NA,-23.8498873277,NA,NA,NA,5,NA,4,1,3,3,NA,NA,NA
"P52490",-21.3681554111,-21.2510948846,-20.2247278398,-21.7251000368,-21.0262518346,-21.3791452097,1,4,5,2,3,2,0.301906124209316,0.665565102445473,0.428839648533334
"P52553",-20.4026320027,-20.5690932012,-20.1414147705,-20.4248473348,NA,-21.4416314267,4,4,6,2,1,1,0.18848044853364,0.518352730528201,0.562192722616665
"P52565",-19.9602889392,-20.094059355,-20.7873385633,-19.1042438358,-19.7822735207,-20.3269185282,7,8,9,11,9,6,0.21216058079356,0.544472152950956,-0.542750324266667
"P52566",-20.8850507631,-20.8626134975,-20.2322773494,-21.122743913,-20.6932770064,-20.0211807923,6,6,12,6,8,11,0.880965641173088,0.942539388322521,-0.0475799660999989
"P52594",-22.1299856724,-22.0375478978,-21.8627002284,-21.9705981782,-21.8423221213,-21.8268464861,3,4,5,5,4,4,0.607106382978723,0.852124183006536,-0.130155671000001
"P52597",-19.0080137814,-18.6084308503,-18.9392334794,-18.6443037252,-18.5845777735,-18.434181996,34,40,43,43,36,42,0.304069580218516,0.665565102445473,-0.297538205466665
"P52630",NA,NA,NA,-24.345189975,-23.7979270208,-23.5615046158,1,1,NA,3,1,3,NA,NA,NA
"P52643",NA,NA,NA,-22.0936059147,-22.1686022744,-22.1718886984,NA,NA,NA,3,4,2,NA,NA,NA
"P52697",NA,NA,NA,-23.5592091432,-22.3675266475,-22.5802767073,NA,NA,NA,1,3,3,NA,NA,NA
"P52701",-21.6975856399,-21.7465261133,-21.7290752019,-21.2842602632,-21.3368207921,-21.66188666,24,27,28,32,30,30,0.291579068430132,0.652322404371585,-0.2967397466
"P52732",-21.4942705726,-21.550855673,-21.7961228993,-21.8749937869,-21.8104011433,-21.7189981221,15,19,21,17,21,22,0.476769982748706,0.784218217243059,0.187714635799999
"P52739",NA,NA,NA,-24.0583608036,NA,NA,1,NA,NA,2,NA,1,NA,NA,NA
"P52756",NA,NA,-24.4351197257,NA,NA,NA,3,3,4,4,2,5,NA,NA,NA
"P52758",-20.526628624,-21.2989231315,NA,-22.0842908541,-21.311417938,-21.5035020056,2,2,NA,1,2,3,0.109100920069005,0.411764705882353,0.720294388150002
"P52788",-20.2153320291,-20.555150563,-20.0443015675,-19.7260397224,-20.2292165864,-20.5050906956,13,15,11,14,11,12,0.709658424381829,0.88205499276411,-0.118145718400001
"P52789",-21.2221299699,-21.2714564226,-20.8293875008,-21.0405555766,-21.1634487395,-20.7583777322,24,27,28,28,27,32,0.673591000575043,0.870086110071134,-0.120197281666666
"P52815",-21.4773902403,NA,NA,-20.8985995724,NA,-22.3212630239,6,1,6,4,4,4,NA,NA,NA
"P52871",NA,NA,NA,NA,-20.9471633169,NA,1,1,NA,1,1,1,NA,NA,NA
"P52888",-20.6852981854,-21.0943715288,-20.6671619951,-21.0763044504,-20.4786408816,-21.4331140354,17,11,21,17,20,14,0.604049309948246,0.852124183006536,0.180409219366666
"P52893",-22.9339140028,-24.323361311,NA,NA,NA,NA,5,1,5,NA,NA,1,NA,NA,NA
"P52895",-23.6440207832,NA,-23.5273528922,-23.2019400952,NA,-23.2966673935,12,11,10,13,13,19,0.207536802760207,0.544472152950956,-0.336383093349998
"P52907",-18.610956673,-18.6869051998,-18.5271299315,-18.3495818359,-18.2651835072,-18.6600680959,23,24,23,27,29,26,0.50245529039678,0.800750117205813,-0.183386121766667
"P52910",-21.0954391343,-20.4276245992,-20.704032805,-21.8380630987,-21.3821545192,-21.357057881,15,19,24,13,15,15,0.0482715641173088,0.259713701431493,0.783392986799999
"P52948",-21.9934785104,-21.7549335477,-21.9146908767,-21.4906804968,-21.7510350504,-21.5992077078,20,23,25,24,23,25,0.314685163887292,0.672067401166559,-0.274059893266664
"P53004",-21.67797202,-23.4885821999,-21.7939423051,-20.5060955532,-21.244021785,-21.4418738468,2,3,5,8,7,6,0.0419629097182289,0.246013667425968,-1.25616844666666
"P53007",-21.7479369662,-23.0166962319,-23.6121975215,-21.6254522403,-21.6171167938,-21.9553333595,7,9,8,13,11,9,0.0552632259919494,0.283302063789869,-1.05964277533333
"P53008",NA,NA,-24.811593305,NA,-24.7400408177,NA,8,4,4,1,3,1,NA,NA,NA
"P53041",-20.5781470715,-20.6200945827,-20.5535789266,-20.2738160756,-21.0601902343,-21.1607936511,13,13,14,15,12,10,0.469791834387579,0.777886977886978,0.2476597934
"P53043",-23.8333292732,NA,NA,NA,NA,NA,3,1,1,NA,NA,NA,NA,NA,NA
"P53044",-22.2762687576,-22.3185297506,NA,-24.0158891346,NA,-23.6915006998,7,3,3,3,1,1,0.00256871765382404,0.0454545454545455,1.5562956631
"P53066",-21.6576738707,-21.5004203789,-19.7644653283,NA,NA,-20.9289532557,2,2,5,1,2,5,NA,NA,NA
"P53073",NA,NA,NA,NA,NA,-22.8514639804,3,3,3,NA,1,1,NA,NA,NA
"P53075",-24.2942835054,-24.1016744676,NA,-24.1721501686,NA,NA,4,3,5,3,2,2,NA,NA,NA
"P53081",-22.736637217,-21.0610151745,-20.7472620726,-21.9880942239,-21.2455349539,-22.3704167149,4,6,7,2,5,2,0.49880376653249,0.798208392267798,0.353043809533332
"P53090",-19.7924433338,-20.7049524437,-20.4940812921,-20.7722651176,-20.5051717626,-20.4157467898,15,13,16,13,13,15,0.499028752156412,0.798212605832549,0.233902200133333
"P53108",-23.2290011756,NA,NA,NA,NA,NA,1,NA,NA,1,NA,NA,NA,NA,NA
"P53111",-22.48327347,-22.7701795467,-21.6055048309,NA,-22.6533420293,-22.8121306722,5,5,6,1,2,3,0.303338412880966,0.665565102445473,0.446417068216665
"P53131",-22.7267465691,-22.3154586508,-22.1008568848,NA,-24.4344966934,NA,10,8,10,NA,2,0,NA,NA,NA
"P53136",NA,NA,-23.8247442505,NA,NA,NA,1,3,3,2,0,2,NA,NA,NA
"P53141",-22.0415007496,-21.793101194,-22.119104054,NA,-21.9199094375,-21.5262724031,8,7,7,7,9,6,0.397099051178838,0.742331288343558,-0.261477745566669
"P53145",NA,NA,-23.3142716368,NA,NA,NA,2,4,3,NA,NA,1,NA,NA,NA
"P53152",-20.2978854726,-20.8650671853,-21.1128568257,NA,NA,-21.0492821524,1,1,1,NA,NA,1,NA,NA,NA
"P53163",NA,-22.667435167,-21.9425524826,NA,NA,-22.1094872206,5,5,4,3,3,5,NA,NA,NA
"P53172",NA,-23.797374387,NA,NA,NA,NA,1,1,1,NA,NA,NA,NA,NA,NA
"P53173",NA,NA,NA,-21.9006551353,NA,NA,1,1,NA,1,1,2,NA,NA,NA
"P53183",-23.1075322688,-23.77028888,NA,NA,NA,-23.9889297114,4,2,3,1,1,2,NA,NA,NA
"P53184",-20.1851514564,-19.9788711062,-20.273577218,-21.2827927867,-20.3886454242,-20.1780019535,13,12,12,7,8,8,0.229305922944221,0.566587864460205,0.470613461266666
"P53192",-21.6789774604,-21.7920487344,-22.7229949859,-22.8150528701,-22.9125775549,-23.083249118,2,2,2,1,2,3,0.0493294997124784,0.259713701431493,0.872286120766667
"P53199",-21.5448946017,-21.4248762238,-21.7052339752,NA,NA,-23.2081952221,4,5,4,NA,1,2,NA,NA,NA
"P53200",-22.103206145,NA,-21.5134665489,NA,-23.3864441107,-23.9327363446,3,4,6,1,2,3,0.00448878665899943,0.0606060606060606,1.8512538807
"P53206",NA,-23.249566595,NA,NA,NA,NA,1,3,NA,NA,NA,NA,NA,NA,NA
"P53210",NA,NA,-23.9970815598,NA,NA,NA,NA,1,1,NA,NA,1,NA,NA,NA
"P53221",-21.8418362422,-21.8866521468,-22.0172554209,NA,NA,NA,20,2,2,1,1,2,NA,NA,NA
"P53224",-21.7969859532,NA,NA,NA,NA,NA,1,1,1,NA,NA,NA,NA,NA,NA
"P53228",-23.3201593876,-23.1631821676,-21.9363170208,NA,NA,-23.7896261399,3,3,5,NA,NA,3,NA,NA,NA
"P53235",-21.1739220985,-21.4141445804,-21.8168150899,-22.79636125,-24.1817978627,-22.5397775437,8,11,6,3,2,4,0.0107800460034503,0.125628140703518,1.7043516292
"P53250",-21.3274859411,-22.0745993673,-22.0813205461,-23.6812144002,NA,-22.5263623009,5,7,4,2,NA,3,0.0281246405980449,0.190058479532164,1.27598639905
"P53252",-19.0203773281,-19.2165353558,-19.3351917323,-20.2773030237,-19.1101216185,-19.7056056689,19,22,20,13,15,16,0.19931914893617,0.530120481927711,0.506975298299999
"P53254",NA,-24.2497401236,-24.0958835891,NA,NA,NA,4,4,6,1,NA,NA,NA,NA,NA
"P53261",-22.5522954513,-22.3358821481,-22.1693442245,NA,NA,-23.8921587159,7,12,8,1,1,3,NA,NA,NA
"P53278",-22.5597213795,-21.5726495165,-21.9796207044,-23.6510157518,-23.4165560338,-22.5945378512,12,15,10,5,5,6,0.025691201840138,0.174846625766871,1.1833726788
"P53295",-21.9835142387,-22.4004594881,-22.6667527778,NA,-23.6930474029,-23.8272911146,3,4,2,2,1,1,0.0063744968372628,0.078740157480315,1.40992709055
"P53297",-22.702583601,-22.3626420481,-22.0664998919,-24.2043368563,-24.1776303039,-24.2667800922,4,4,5,1,3,2,0.00124238067855089,0.0212765957446809,1.83900723713333
"P53301",-22.1274153908,-22.5710034928,-22.9757947314,-23.844277007,NA,NA,5,7,5,3,3,2,NA,NA,NA
"P53303",-21.8426661624,-21.936772338,-21.5755414957,-22.7215796504,-22.8200363972,-23.0375350833,6,8,8,3,3,3,0.00988527889591719,0.125628140703518,1.0747237116
"P53312",-21.5812393441,-22.4391204747,-22.177419105,NA,-23.307293762,NA,5,4,6,2,2,3,NA,NA,NA
"P53315",-21.6317027694,-21.8869530387,-22.7403484498,NA,-22.7537404742,NA,3,3,3,NA,3,NA,NA,NA,NA
"P53332",NA,-22.9081491823,-22.3481233081,NA,NA,NA,3,4,3,2,NA,NA,NA,NA,NA
"P53334",NA,NA,-22.4834115292,NA,NA,NA,NA,1,2,NA,NA,NA,NA,NA,NA
"P53337",-21.3034470029,-22.1657902662,-21.6716901886,NA,-23.0879029566,-23.4264020092,4,4,6,2,1,3,0.00675632547441058,0.0846153846153846,1.543509997
"P53350",-21.8615464641,-21.8695234727,-21.1933789155,-21.5268696675,-23.4927454536,-21.988706818,9,10,9,9,9,8,0.191004456584244,0.523513753327418,0.694624362266669
"P53365",-23.2093900153,-21.539721163,-23.1786455964,-22.9546307766,-22.2472227534,-21.7332308879,3,5,2,2,2,3,0.51009847613571,0.802960222016651,-0.330890785599998
"P53367",NA,-22.9992223911,-23.61971856,-23.4391446829,NA,-22.3431400833,1,3,4,3,3,2,0.404625934445083,0.747797356828194,-0.41832809245
"P53384",-23.1997956142,NA,-23.5044582754,-22.2211027317,-22.906956978,-22.7763171039,2,1,4,5,2,4,0.0737080218516389,0.336569579288026,-0.7173346736
"P53396",-19.7220670639,-19.6274967444,-19.6424448287,-19.3955099534,-19.3429706257,-19.6454603686,59,63,66,63,67,68,0.441620040253019,0.761929194458697,-0.202689229766666
"P53550",-24.8307095724,-24.7264051953,NA,NA,NA,NA,6,4,7,NA,1,NA,NA,NA,NA
"P53551",-23.3858774898,-21.8538449408,-21.4831533125,-23.0700748527,NA,-22.8762938726,3,4,3,4,1,4,0.20874511213341,0.544472152950956,0.73222578161667
"P53582",-21.6230923262,-20.9031849552,-21.1324867724,-20.9429052735,-21.4315268578,-20.8552571331,8,8,10,5,7,8,0.661165181138585,0.868089973313,-0.143024929799999
"P53597",-21.4436012604,-21.004244496,-21.5191098095,-21.8112041435,-22.8990576199,-20.879804374,6,9,9,4,7,8,0.281841144335825,0.641906096706377,0.541036857166663
"P53598",-21.9887463156,-21.1787607786,-21.5930459282,-23.1272745602,NA,NA,4,6,5,5,4,NA,NA,NA,NA
"P53600",-20.4807511864,-19.6030239326,-20.5866551369,NA,NA,NA,3,6,4,NA,1,NA,NA,NA,NA
"P53602",-21.8148531024,-23.1558285672,-21.3322913707,-21.4402968838,-22.1026559144,-21.2508822475,8,6,8,7,8,5,0.3133589706728,0.672067401166559,-0.503045998200001
"P53611",NA,NA,NA,-23.5785140233,NA,NA,NA,NA,NA,3,NA,NA,NA,NA,NA
"P53618",-20.490636003,-20.7467334826,-20.1564808771,-20.2326794768,-20.2483197145,-20.0639456968,33,35,39,37,43,39,0.353997987349051,0.704957678355502,-0.282968491533332
"P53621",-21.3245558194,-21.2930758551,-20.586994054,-21.082008676,-20.9889004421,-21.245014417,31,31,42,39,30,32,0.890035652673951,0.944768333844738,0.0370992688666654
"P53622",-20.9068716018,-21.5461457587,-21.3007401096,-21.6591963524,-21.7301713818,-22.6431149485,22,22,28,17,13,14,0.0806467797584819,0.356707317073171,0.759575070866667
"P53633",-22.1722820981,-22.1772025191,-22.6336846357,NA,NA,NA,3,3,3,NA,NA,NA,NA,NA,NA
"P53634",-21.4594172438,-20.786786511,-20.8705778888,-21.3102066679,-20.737780563,-20.8505527992,6,11,8,6,7,8,0.811177113283496,0.924422442244224,-0.0727472045000006
"P53680",NA,-21.0277120461,-20.6028922886,-22.4254196182,-20.9400626174,-22.1857592134,3,3,4,4,2,1,0.0679064117308798,0.326633165829146,1.03511164898334
"P53691",-20.6831823764,-21.0199490355,-20.528902646,-20.8708414869,-20.9361040168,-21.0701363286,10,16,19,9,8,14,0.456183870040253,0.769230769230769,0.215015924800003
"P53701",-20.7425331209,-21.7717970207,-20.9878687671,-21.7632319242,-21.7476208079,-21.7229010675,10,6,5,10,5,5,0.1391955146636,0.46096256684492,0.577184963633332
"P53723",-23.5063519821,-22.3357721683,-21.4558636496,-23.5235591005,NA,-22.6672562598,6,6,9,3,1,3,0.273497556066705,0.631130063965885,0.66274508015
"P53731",-21.6455654767,-20.9673331282,-21.5131396432,-22.0340879548,-22.719157618,-23.1273713157,3,5,4,3,3,1,0.0171187464059804,0.144,1.25152621346667
"P53738",-21.5599211945,-21.6586952736,-21.8993362256,-23.0180930915,NA,NA,1,4,2,2,1,1,NA,NA,NA
"P53741",-22.5228468321,-21.2599076226,-21.242148791,NA,NA,NA,3,9,10,NA,2,2,NA,NA,NA
"P53834",-20.1302596728,-20.5835565585,-20.863164767,NA,-21.876384745,-21.0900312295,2,4,4,1,4,3,0.0458276308223117,0.259713701431493,0.957547654483331
"P53839",-23.5418100033,-23.4383933653,-22.3181899927,NA,NA,NA,6,10,7,2,4,2,NA,NA,NA
"P53849",-21.537744949,-21.2911282386,-21.1610624201,-22.7782496575,-21.549358912,-22.7800369614,4,3,6,3,2,3,0.0375672800460035,0.224390243902439,1.03923664106667
"P53852",-23.1184299773,-22.6403402159,-22.3476821749,-22.8102099307,-23.9200168398,-23.4121801634,14,10,11,5,7,4,0.119465353651524,0.43211334120425,0.678651521933332
"P53859",NA,-23.8031331089,NA,NA,NA,NA,NA,2,1,NA,NA,NA,NA,NA,NA
"P53860",-21.5478795339,-20.7851185352,-21.1403255943,-21.3388261711,-22.2832099226,-22.3190137415,10,11,11,7,7,8,0.0686466359976998,0.327841845140033,0.822575390600001
"P53868",-24.2093291725,NA,NA,NA,NA,NA,4,NA,2,NA,NA,NA,NA,NA,NA
"P53879",-23.4653117306,NA,NA,NA,NA,NA,2,NA,1,NA,NA,NA,NA,NA,NA
"P53885",-23.4229891363,NA,NA,NA,-23.9468231426,NA,2,2,3,NA,2,NA,NA,NA,NA
"P53890",-24.2301533449,NA,-23.8732089107,NA,NA,NA,2,2,4,NA,NA,NA,NA,NA,NA
"P53900",-21.8199938464,-20.9729466597,-21.2297618679,NA,NA,NA,1,3,2,NA,1,1,NA,NA,NA
"P53903",-20.991265207,NA,-21.659336867,NA,NA,NA,1,NA,1,1,NA,NA,NA,NA,NA
"P53912",-19.9091813586,-20.1821120127,-20.1917809265,-20.9122132677,-21.711951653,-21.5031704842,11,9,12,4,6,5,0.00924324324324324,0.12258064516129,1.28142036903333
"P53914",NA,NA,NA,-25.5518636766,NA,NA,5,5,4,2,2,2,NA,NA,NA
"P53920",-24.9858067082,-25.4463349534,-25.7825236338,NA,NA,NA,5,4,2,NA,NA,NA,NA,NA,NA
"P53925",-23.7273877055,-23.8967953375,-23.8447295727,NA,-24.05887069,NA,2,2,3,NA,2,1,NA,NA,NA
"P53929",-22.8075306096,-22.0737883303,NA,NA,NA,NA,2,3,2,NA,NA,NA,NA,NA,NA
"P53978",-24.4927418381,NA,-24.8227126345,NA,NA,NA,1,23,1,1,1,1,NA,NA,NA
"P53981",-20.9203722798,-20.0710720122,-20.1504454574,-21.3412389359,-21.7138189695,-20.9462765362,7,7,9,5,4,6,0.0379688039102933,0.229665071770335,0.953148230733333
"P53985",-23.1342950214,-21.7434942596,-21.867422059,-21.5045822646,-21.2361885842,-21.5078617572,3,4,4,5,6,4,0.0811844450833813,0.356707317073171,-0.832192911333333
"P53990",-21.7012209055,-21.3180621803,-21.922644498,-21.8371899019,-21.3312469387,-22.1423958184,5,5,4,6,6,9,0.706051466359977,0.879767526334907,0.122968358399998
"P53992",-21.8926740677,-21.6925992232,-21.2969059032,-21.6377713759,-21.2661106772,-21.4024909856,12,12,19,18,16,17,0.531419350201265,0.81781557743957,-0.191935385133331
"P53999",-18.3236871611,-18.7792313563,-18.7300020847,-18.4893671043,-18.4998617021,-18.668110552,17,10,18,16,19,19,0.819897786083956,0.928010471204188,-0.0585270812333327
"P54000",-23.6462398663,-23.0660440498,-23.4940157061,NA,NA,NA,2,3,4,1,1,1,NA,NA,NA
"P54003",-21.8788902414,-22.3566768968,-22.7767652745,NA,NA,NA,1,2,1,1,NA,1,NA,NA,NA
"P54105",-19.5066971717,-19.3517687537,-19.0699058762,-18.8952744775,-19.3535521655,-19.2693717032,14,14,14,13,12,14,0.63958726279471,0.863582908663269,-0.136724485133332
"P54113",-21.1947156613,-20.7383726463,-21.3816845276,-21.8616589497,-21.8088851477,-21.4703296612,24,30,26,8,12,23,0.0918093732029902,0.382228490832158,0.608700307800003
"P54114",-22.3599464016,-22.4243226462,-22.2458961473,-24.1353786942,-21.8989056752,-23.0321976565,18,14,15,5,9,9,0.203167337550316,0.537606837606838,0.678772276933334
"P54115",-18.9275129865,-18.8364320752,-18.8480108162,-19.6280991872,-19.368980628,-19.6468118167,42,37,45,36,34,32,0.0360274583093732,0.211586901763224,0.677311918000001
"P54132",NA,-24.1338207131,-25.8593262807,-24.8072995373,NA,-25.5984874875,4,6,2,5,4,3,0.727678263369753,0.893480584253652,0.206320015500005
"P54136",-20.1987620283,-19.9503588808,-20.0309462906,-19.9098084701,-19.6054491091,-20.1115652543,29,31,30,31,33,36,0.522935882691202,0.816978548607942,-0.184414788733331
"P54198",NA,-24.8305676073,NA,-23.8132247981,NA,-24.9338879173,2,4,NA,6,NA,3,NA,NA,NA
"P54278",NA,NA,NA,NA,NA,-24.7118015421,NA,1,1,NA,NA,1,NA,NA,NA
"P54577",-19.0781024585,-18.9932821043,-19.0776771714,-18.9439118116,-19.0262216232,-18.974001502,50,51,51,52,58,48,0.754732748706153,0.90426638917794,-0.0683089324666675
"P54578",-19.4492556361,-19.7238785893,-19.961548396,-19.3193846559,-19.7656043676,-19.6544840946,26,27,26,27,26,34,0.654035652673951,0.867720786733513,-0.131736501100001
"P54619",-22.8065398942,-21.673128687,-21.6168348676,-21.9386284614,-21.5043852094,-22.2070262216,4,6,9,6,8,6,0.700336543990799,0.878457059679767,-0.148821185466669
"P54687",-21.0036607209,-20.9322079239,-21.1196326871,-21.2439846275,-20.6546955052,-20.5982360241,10,9,9,10,10,12,0.54736730879816,0.82487869430966,-0.186195058366664
"P54709",-21.3734777805,-20.8621345119,-21.1419248092,-21.473369777,-20.7057600203,-20.0015923352,4,4,7,6,4,7,0.350306210465785,0.703477730323368,-0.398938323033331
"P54725",-22.036332532,-20.8858205746,-20.9234275942,-22.2817423809,-20.9771210575,-20.8507578329,4,5,9,5,4,5,0.834602357676826,0.934691238279987,0.088013523499999
"P54727",-22.0069428772,-20.8622539791,-21.5522420658,-20.6607395584,-20.6743250753,-21.0839230123,9,12,13,11,15,12,0.113284790109258,0.418491484184915,-0.667483758699998
"P54783",-21.442404779,-21.2657054929,-22.4668811184,NA,-23.5227638412,-22.3822509619,10,12,7,4,2,4,0.0444332949971248,0.257019438444924,1.22751027145
"P54819",-18.5806218615,-18.5989223356,-18.9939114747,-18.6453285213,-18.2241522869,-18.5498952302,34,34,30,24,32,30,0.408576912018401,0.748499727223132,-0.251359877799999
"P54837",NA,-22.5636058695,NA,NA,NA,NA,2,6,2,1,1,4,NA,NA,NA
"P54838",-20.0601591432,-20.1581109296,-20.3067011205,-20.7974340645,-20.9055758073,-21.3120437923,20,20,18,16,14,11,0.0276391604370328,0.189189189189189,0.830027490266666
"P54839",-20.6075864518,-20.6425201055,-21.7677707222,-21.1987228268,-22.8452763021,-21.9072125534,16,18,9,11,9,6,0.0795018688901668,0.351851851851852,0.977778134266668
"P54858",-22.9599529371,NA,-22.2679157588,NA,NA,NA,3,2,3,NA,NA,NA,NA,NA,NA
"P54860",NA,-23.3985622235,-24.8904231658,NA,NA,NA,3,4,3,1,NA,NA,NA,NA,NA
"P54861",-23.0181055493,-23.215335481,-24.3665013041,NA,NA,NA,8,3,2,1,1,NA,NA,NA,NA
"P54885",-20.6169589313,-21.0170091954,-20.9140507853,-21.2597852373,-21.5363432549,-21.2573463069,12,15,10,9,6,8,0.115410437032777,0.420798065296252,0.501818629033334
"P54886",-20.8269041309,-20.8451383275,-20.684243318,-20.4269975428,-20.918941129,-20.1736220933,17,19,20,22,19,27,0.387862564692352,0.731748726655348,-0.278908337099999
"P54920",-20.3621636866,-19.4557876232,-19.9228279061,-19.7241402284,-19.2885112017,-20.7239306957,10,11,13,10,17,7,0.976141891891892,0.973812949640288,-0.0013990300333333
"P55010",-20.8160693794,-22.2409203905,-20.4792118566,-20.9879676915,-20.1900431787,-20.0355872568,14,11,22,22,20,22,0.146730017251294,0.467436974789916,-0.774201166499999
"P55036",-19.9463649738,-20.2852893308,-20.6782945652,-19.8912136845,-19.8053643524,-20.1887947053,14,14,11,13,12,12,0.308772282921219,0.669083717864206,-0.341525375866667
"P55039",-23.5961213979,NA,NA,-22.1472975496,-22.3897106413,-22.4227640214,2,6,NA,3,2,3,NA,NA,NA
"P55060",-20.485320889,-20.5245785281,-19.8962852781,-20.0754102053,-20.2192837136,-19.6721414797,36,49,56,48,53,59,0.358860839562967,0.710951526032316,-0.313116432200001
"P55072",-18.6660751909,-18.5694111054,-18.7673097719,-18.5882812809,-18.7205374184,-18.6785317448,78,79,80,90,80,92,0.962150230017251,0.968595521954056,-0.00514854136666543
"P55081",-21.5372958584,-21.4841721218,-21.6197647986,-21.6031748332,-22.1353264554,-22.3870597903,7,7,7,6,6,6,0.155968803910293,0.476286579212916,0.494776100033334
"P55084",-20.1881240586,-20.5767167723,-20.7423779991,-20.2001934104,-20.6308352031,-20.1501557884,16,16,17,15,16,21,0.574195658424382,0.83651804670913,-0.175344809366667
"P55145",NA,-22.060208368,-22.2268654562,-21.2988135693,-22.0530268834,-22.1884039781,3,2,2,5,5,5,0.435492380678551,0.761609907120743,-0.296788768500001
"P55196",-24.8898813967,-22.9622673735,-24.5154834875,-24.382302311,-24.7623745422,-23.6594348948,16,17,11,15,13,18,0.760844019551466,0.904712762297902,0.145493163433333
"P55199",-23.0556977444,-24.0437530159,-23.8455429318,NA,NA,NA,2,1,2,1,2,1,NA,NA,NA
"P55209",-18.8022091986,-19.0622863575,-18.8958413505,-18.7667706407,-19.335549313,-19.0607805752,26,27,23,25,22,27,0.641333381253594,0.864241001564945,0.134254540766666
"P55212",-21.8044749616,NA,-22.0401262535,-22.1242655155,-21.6188901222,-21.8967910972,5,3,3,5,2,4,0.871091431857389,0.940738442444927,-0.0423183625833339
"P55263",-21.5139705003,-20.7165379704,-20.6101064107,-21.1861501566,-20.6104920758,-20.2905994228,8,12,11,12,10,10,0.514864864864865,0.809940174873447,-0.251124408733332
"P55265",-21.5610105195,-21.6279266774,-21.9400119132,-21.2566237903,-21.9391187178,-21.5746280638,20,23,27,21,19,22,0.692413312248419,0.878039793662491,-0.119526179400001
"P55735",-20.5404360863,-20.4690904835,-20.675818534,-20.0400459671,-19.760220295,-20.2378280154,8,7,9,7,9,10,0.0900398217366302,0.375358166189112,-0.549083608766669
"P55769",-18.8626324642,-19.444679233,-20.08010767,-19.335550189,-19.0037789756,-19.0467273989,8,7,9,9,9,10,0.387608539390454,0.731596828992072,-0.333787601233333
"P55786",-22.0334464539,-21.572212345,-21.4662071814,-21.6662189042,-22.3781511035,-22.0464696369,24,29,32,33,29,27,0.327047728579643,0.688295165394402,0.339657888099996
"P55795",-21.6499759637,-20.9721624115,-21.0191809928,-20.9547756323,-21.1414400675,-21.293736185,34,9,32,33,29,35,0.777795428407131,0.914022517911975,-0.0837891610666652
"P55809",-21.5311544358,-21.757686896,-21.5649326213,-21.5848729427,-21.2976156198,-22.1080808237,14,9,10,7,10,11,0.868939332949971,0.940738442444927,0.0455984776999969
"P55854",NA,-21.3409527231,-20.8165078449,NA,NA,-21.2924288022,4,2,4,2,2,3,NA,NA,NA
"P55884",-19.6293950565,-19.8402192783,-19.9651932757,-19.3860221334,-19.5441906498,-19.7430274336,34,33,40,41,41,49,0.375819580218516,0.721613832853026,-0.253855797900002
"P55957",-20.7085962974,-20.6558937642,-20.1840558512,-20.1759794286,-20.0135442168,-20.3482411493,5,6,7,8,6,5,0.284674238067855,0.646527777777778,-0.336927039366664
"P56134",-19.7317244953,-20.4990013921,-20.0051125737,-21.0622575346,-20.3728716212,-19.6751656495,5,4,5,5,5,6,0.486397929844738,0.790206433029285,0.29148544806667
"P56181",NA,-21.1727543488,-21.4489083939,-21.4263945865,NA,NA,NA,1,1,1,NA,NA,NA,NA,NA
"P56182",-21.495332627,-21.2756745597,-22.1233116391,-20.7675856499,-21.5951577159,-22.6849128153,8,11,5,14,9,11,0.89590713053479,0.949479485609308,0.0511124517666666
"P56192",-19.7047928824,-19.9815438566,-20.0121174991,-19.6681226962,-19.5595986338,-19.6590888644,30,36,33,35,35,42,0.319934588844163,0.677813504823151,-0.270548014566668
"P56211",NA,NA,NA,-21.0197245995,NA,NA,1,2,2,1,3,2,NA,NA,NA
"P56262",NA,NA,NA,NA,-22.0082416881,NA,NA,NA,NA,NA,1,NA,NA,NA,NA
"P56270",NA,NA,NA,-23.6388012141,NA,NA,NA,2,1,1,NA,NA,NA,NA,NA
"P56282",NA,NA,-23.6908813459,-23.9814980764,NA,-23.5062058314,NA,2,3,4,2,3,NA,NA,NA
"P56385",-19.3573772929,-20.0057330394,-19.9740709049,-20.4713292786,-20.0750629603,-20.0197003665,7,4,5,2,3,4,0.236735623921794,0.576153846153846,0.409637122733333
"P56537",-18.5961198105,-18.8372272864,-19.1727582194,-18.465115682,-18.6025317386,-19.0096056368,14,11,11,12,13,16,0.576410724554342,0.83790628957366,-0.176284086300001
"P56556",NA,-21.3363720266,NA,-21.5248641925,-21.2241258529,-21.485722417,1,3,2,4,3,2,NA,NA,NA
"P56628",-19.9326621158,-20.8728321046,-20.6760370396,-21.8479785596,-21.8798606864,NA,3,4,2,1,1,1,0.0121870327774583,0.125628140703518,1.37007586966667
"P56645",-24.3046240688,-24.0058561053,NA,-24.230978698,NA,NA,1,1,NA,1,NA,NA,NA,NA,NA
"P57076",-21.4107192983,-20.8501369091,-20.4352354327,-20.7709214626,-20.732212235,-20.7682401654,4,4,5,3,4,4,0.665937895342151,0.86885865457294,-0.141572592366668
"P57081",-22.4735162982,NA,-22.8079684682,-22.2242518923,-23.4522905193,-21.6042550412,3,4,5,4,5,7,0.67218645773433,0.870056497175141,-0.213809898933334
"P57088",-22.4037340617,NA,NA,NA,NA,NA,2,1,1,1,NA,NA,NA,NA,NA
"P57678",-22.5878521047,-22.5245230129,-23.2995479354,-22.7333404724,-23.2755785708,-22.6235310231,11,13,12,12,13,16,0.819091144335825,0.928010471204188,0.0735090044333333
"P57721",-22.2968456904,-22.8344448117,-23.0490857347,-22.2078200281,-22.2771785838,-22.3069026474,14,15,15,17,20,22,0.17509919493962,0.506046511627907,-0.4628249925
"P57737",-22.8473712825,-22.0243327902,-23.2666206435,-21.8536143967,-22.2034403724,-21.9295371203,8,10,8,9,6,14,0.0989614721104083,0.392572944297082,-0.717244275599999
"P57740",-21.7803235243,-21.7286599629,-21.7498707504,-21.4556681441,-22.9803834601,-21.6338143689,14,14,14,18,13,15,0.52617251293847,0.81781557743957,0.270337245166665
"P57772",NA,NA,NA,NA,NA,-24.152769421,NA,NA,NA,1,1,1,NA,NA,NA
"P58004",NA,NA,NA,NA,NA,-23.9877205693,2,NA,NA,2,NA,3,NA,NA,NA
"P58107",-24.4300259231,-24.5457325428,-23.6276895698,-24.4145830614,-23.8970182841,-23.9902922483,10,19,24,20,21,25,0.765452558941921,0.904712762297902,-0.100518147300001
"P58546",-18.9501505495,-18.2269184533,-19.1025932614,-18.2622930853,-18.694550279,-18.3826597317,12,14,11,14,13,13,0.379408999424957,0.725658648339061,-0.313386389400002
"P59998",-21.3942272787,-22.0845988337,-22.3509618293,-21.8471340709,-21.9558993807,-20.658183669,4,5,5,4,5,4,0.314714778608396,0.672067401166559,-0.456190273699999
"P60002",NA,NA,NA,NA,NA,-20.7545852376,1,NA,NA,NA,NA,1,NA,NA,NA
"P60010",-18.0240249656,-18.4591270759,-17.9985623695,-18.9998896908,-19.0006143716,-18.8418268379,165,158,178,147,151,165,0.0312584818861415,0.198347107438017,0.7868721631
"P60033",-21.2541457417,NA,-22.4711049565,-20.7989784293,-20.5280162511,-21.3868274012,2,NA,1,3,3,2,0.0732244105807936,0.336569579288026,-0.958017988566667
"P60174",-17.3480272968,-17.3234295509,-17.3952564284,-17.1310646409,-17.097778097,-17.2554918832,45,46,54,57,52,52,0.427070011500863,0.759747102212856,-0.194126218333334
"P60228",-20.8591273216,-20.9165329097,-20.8622374063,-20.6504238319,-20.4225611164,-20.2625341731,18,15,20,18,13,23,0.141319436457734,0.46096256684492,-0.434126172066666
"P60422",NA,-22.8439304352,NA,-22.0584457574,-21.0461891919,-20.8915086483,4,1,3,8,10,9,NA,NA,NA
"P60438",-21.6599019127,-21.9029713407,NA,-20.8346906954,-20.2140895564,-20.5993127607,3,3,2,8,7,6,0.0105488786658999,0.125628140703518,-1.2320722892
"P60510",-21.1821967438,-20.9036708749,-21.9394204521,-20.2466463736,-21.1548808726,-20.6144362437,3,6,4,7,6,5,0.12857331799885,0.44634703196347,-0.669774860299999
"P60520",-21.2124986342,-20.9314355942,-21.6388264914,NA,-20.80805854,-21.8505927222,5,6,1,3,5,3,0.852575761932145,0.940506329113924,0.0684053911666638
"P60604",-20.9509853509,-20.8784730557,-21.1171940592,-21.2143257202,-20.9865027089,-20.2723337516,3,4,3,2,3,5,0.638055347901093,0.863582908663269,-0.157830095033333
"P60624",-21.5859842337,NA,-21.1652362676,-19.606881182,-19.0681723548,-19.0043089256,3,2,1,8,7,6,0.00112392179413456,0.0212765957446809,-2.14915609651667
"P60660",-20.5364934001,-20.8685570572,-21.0854154116,-20.3782522189,-20.7189750124,-20.5495757155,10,9,7,12,6,7,0.361276595744681,0.711481261154075,-0.281220974033332
"P60842",-19.0234494669,-18.9329970686,-18.8601536984,-18.5731460218,-18.4547667763,-18.581231862,59,59,68,66,61,76,0.137797872340426,0.458836443468716,-0.402485191266667
"P60866",-20.1510047749,-19.6447483957,-19.2425769073,-19.1049172351,-18.9470372885,-19.6732556857,6,7,7,5,6,9,0.2556578493387,0.612807148175726,-0.437706622866667
"P60891",-22.6398613365,-21.2790632221,-22.8457899171,-21.896444445,NA,-21.1031622029,15,12,13,13,8,16,0.180434013801035,0.513339466421343,-0.755101501283335
"P60900",-18.8727542899,-19.5269826358,-19.2590134802,-19.3030525205,-19.1776562853,-19.359776288,19,19,19,20,19,22,0.824276451983899,0.929853181076672,0.060578229299999
"P60953",-20.604684903,-20.7026120132,-20.3869480731,-20.6957102834,-20.2794066043,-20.4151555387,8,5,7,5,7,9,0.705707015526164,0.879360465116279,-0.101324187633331
"P60981",-20.4527206669,-20.6404843924,-20.419085541,-20.7527221974,-21.0241903976,-20.6965180898,8,6,5,6,9,8,0.259599913743531,0.617067833698031,0.320380028166667
"P61006",NA,NA,NA,NA,-22.5938334927,NA,9,10,11,13,11,11,NA,NA,NA
"P61009",NA,NA,NA,NA,NA,-22.4620847125,3,3,NA,3,1,3,NA,NA,NA
"P61011",-21.8021435447,-22.4828387692,-20.9298319867,-21.1770542484,-21.3004047187,-21.2037307693,7,9,11,11,11,11,0.240856670500288,0.58530986993114,-0.511208188066668
"P61019",-21.2438870161,-22.4178240075,-21.5323776097,-21.413339418,-20.1358327329,-21.8806802524,7,4,5,7,8,9,0.254086256469235,0.608208955223881,-0.588078743333334
"P61024",-20.3753976069,-19.8703630716,-19.9174132059,-20.4500237466,-19.693662613,-20.540990302,4,5,6,6,4,4,0.616133985048879,0.857603872529246,0.17383425906667
"P61026",-21.9863392379,-22.5707142,-21.5294721362,-22.4276654896,-20.4104445415,-21.6399541696,11,14,12,12,12,11,0.307594019551466,0.665565102445473,-0.536153791133337
"P61081",-19.912967061,-19.8576231769,-20.9226921191,-19.9945119289,-22.1013185319,-20.3962094124,12,10,10,12,10,13,0.284644623346751,0.646527777777778,0.599585838733336
"P61086",-20.6805451002,-20.7733111112,-19.9940135922,-20.0075203155,-20.4078764677,-20.5923863432,8,7,7,11,10,13,0.662028033352501,0.868089973313,-0.146695559066668
"P61088",-18.9716960071,-19.5964141925,-19.5989784797,-19.1167211312,-18.8237993884,-18.810773176,13,14,13,15,19,17,0.170945227142036,0.499525166191833,-0.471931661233331
"P61106",-20.4329095261,-20.8424842065,-19.8323812557,-20.6402989824,-20.0749758432,-19.7751591381,8,8,11,9,10,12,0.590051466359977,0.84438881935753,-0.20578034153333
"P61158",-20.0004837469,-19.6326767411,-19.7375317912,-20.2143274151,-20.1717945879,-19.8616603101,13,17,18,15,15,17,0.32234358826912,0.681643132220796,0.292363344633333
"P61160",-20.3014297714,-20.8488307499,-20.1949189337,-20.1567971844,-20.4511026172,-20.9117537574,11,8,14,12,12,13,0.848421219091432,0.940127388535032,0.0581580346666684
"P61163",-22.0818609984,-21.9668487504,-21.1626686826,-22.0250178523,-20.9587151466,-21.2179019621,7,4,9,4,10,7,0.415436889016676,0.752150537634409,-0.336581156800001
"P61175",-21.0532527318,-21.0634354012,-21.2095908153,-21.1102122843,-19.7280685766,-19.7147765548,1,1,1,4,3,4,0.0625401092581944,0.306878306878307,-0.924407177533336
"P61201",-21.800506272,-21.5014257427,-21.170829905,-21.026954801,-22.4003513133,-21.405906937,8,10,10,9,6,9,0.755830218516389,0.90426638917794,0.120150377199998
"P61204",-20.4158804083,-20.6395762544,-21.0809671037,-21.8015046298,-21.1279977926,-21.1188297623,20,14,21,19,20,28,0.104923950546291,0.41025641025641,0.637302806099996
"P61221",-20.294890668,-20.1873406053,-20.1204298548,-20.3303061936,-20.4671439389,-20.1879571726,18,19,21,25,23,26,0.615486486486487,0.857603872529246,0.127582059000002
"P61225",NA,NA,-22.7892388534,-22.4026224099,-22.4592868961,NA,1,2,2,2,2,2,NA,NA,NA
"P61244",NA,NA,NA,-22.0183593403,NA,NA,1,NA,2,2,NA,1,NA,NA,NA
"P61247",-18.2818527862,-18.3221069727,-18.4063242697,-18.3726828141,-18.4685904829,-18.1154951166,39,38,52,44,52,49,0.92710408280621,0.962089552238806,-0.0178385383333328
"P61254",-22.1359588982,NA,-22.2973763427,-22.2122157533,-21.9633567215,-22.5222299528,14,11,13,13,16,17,0.939138010350776,0.96388395500296,0.0159331887500009
"P61289",-19.3826166767,-19.3773648609,-19.147681162,-19.7554526422,-19.4967100025,-19.3798071935,23,16,22,20,24,23,0.393166331224842,0.736664795058956,0.241435712866668
"P61313",-18.774577657,-18.9259979719,-18.5532521314,-19.6372950971,-18.4832915318,-18.2185567895,25,27,32,20,29,32,0.925565698677401,0.961330935251799,0.0284385526999991
"P61326",-19.0684189207,-18.92636904,-19.0397256357,-18.5470240098,-18.755667607,-18.569222131,11,13,12,14,12,15,0.158531914893617,0.482517482517482,-0.387533282866666
"P61353",-18.3045228045,-18.6830183601,-19.0799540471,-18.9586929722,-18.3720864091,-19.0446015697,12,11,14,14,19,14,0.755069867740081,0.90426638917794,0.102628579766666
"P61421",-21.0886023726,-21.3840928682,-21.3298335555,-21.8635474502,-20.2299885893,-20.8540585745,8,7,8,7,10,9,0.505602070155262,0.801583605030275,-0.284978060766665
"P61457",NA,-22.1047483409,-22.2973067633,-22.061151594,NA,-22.2633214439,1,2,3,2,3,2,0.869688901667625,0.940738442444927,-0.0387910331500017
"P61513",-19.8705883066,-19.6835204325,-19.4205287582,-19.4193707844,-18.9291241565,-19.5239196027,3,4,4,6,6,5,0.266697383553767,0.619359534206696,-0.367407651233332
"P61517",NA,NA,NA,-22.7223906541,-21.5653924816,NA,NA,1,1,1,2,1,NA,NA,NA
"P61586",-22.6049323163,-22.730712705,-22.4654042608,-22.9273345451,-22.3872727609,-22.5752648861,9,10,10,7,8,10,0.899977285796435,0.952380952380952,0.0296076366666682
"P61604",-19.4030270633,-19.1163989685,-19.2901089545,-20.0904605229,-19.084140488,-20.1689629016,23,22,27,25,24,25,0.200367740080506,0.531384350816853,0.511342975399998
"P61758",-21.2809645914,-22.6307093546,-20.9369269479,-20.9431228661,-20.4785384534,-20.6150534352,5,10,10,9,13,8,0.0728041978148361,0.336569579288026,-0.937295379733335
"P61764",-24.467094781,-24.0049542827,NA,NA,NA,-24.2772004904,2,1,NA,2,1,3,NA,NA,NA
"P61769",-21.1953193634,NA,-20.7770567584,-20.1292234736,-20.0226667957,-21.4600431445,2,1,2,3,3,2,0.36868645773433,0.712784588441331,-0.448876922966665
"P61889",-21.0723983146,-20.5022628711,-20.7454939784,-19.3389873224,-19.3342615081,-19.3919867336,7,10,7,22,19,18,0.00370299022426682,0.0454545454545455,-1.41830653333333
"P61916",-22.0710618398,-22.2361691338,-22.0438488187,-22.0532268248,NA,NA,1,1,2,3,1,1,NA,NA,NA
"P61923",-20.4290588476,-20.6993864311,-20.8340331484,-20.3668644291,-21.1647306531,-20.5626016503,4,4,5,5,4,4,0.875080649798735,0.940738442444927,0.0439061018000011
"P61949",NA,NA,NA,NA,NA,-22.3071090487,NA,NA,NA,3,2,1,NA,NA,NA
"P61956",-20.7640285313,-20.2193728753,-20.0967645316,-21.1233951457,-19.8073257181,-20.4471373887,4,5,9,6,7,7,0.789684732604945,0.915459750757831,0.0992307714333336
"P61960",-20.2957956443,-20.1756133597,-20.4198418911,-19.9421674885,-20.5142922095,-19.8105200479,3,3,4,3,1,4,0.510580649798735,0.802960222016651,-0.208090383066668
"P61962",-22.2747942592,-22.295576286,-22.293962019,-21.136965498,-22.7767530162,-21.8107100163,6,5,3,6,6,5,0.383028895917194,0.730834752981261,-0.379968011233334
"P61964",-20.9543877435,-21.0044822465,-22.3039777225,-20.6824471137,-20.8033246561,-20.906569267,7,8,5,6,5,6,0.163935020126509,0.495136186770428,-0.623502225233334
"P61966",-21.4399304349,NA,NA,-21.5172759066,-21.266409422,-21.6155825454,1,NA,NA,1,1,1,NA,NA,NA
"P61970",-19.3656777746,-19.3115040063,-18.8687346114,-18.8989826342,-19.7127458939,-18.6729147508,5,5,10,8,4,8,0.797439189189189,0.917725752508361,-0.0870910378000005
"P61978",-17.6590677637,-17.852523373,-17.803899471,-17.5664518246,-17.522849654,-17.6876744658,82,85,87,92,85,102,0.476427113283496,0.784218217243059,-0.179504887766669
"P61981",-18.5946632367,-19.0978960411,-18.7154519441,-18.9107121988,-18.399860296,-18.4101276841,69,65,85,71,76,86,0.47213686026452,0.782352941176471,-0.229103680999998
"P62070",NA,-22.4649381422,NA,-22.4355501986,NA,NA,NA,4,2,2,3,1,NA,NA,NA
"P62072",NA,-21.2258377597,-21.1626199345,NA,NA,NA,NA,3,4,NA,3,2,NA,NA,NA
"P62081",-18.1526449929,-18.0694559459,-17.8197012594,-17.8084593749,-17.8061056565,-17.541479837,22,26,38,27,32,35,0.304270557791834,0.665565102445473,-0.295252443266666
"P62136",-21.9178462997,-22.2533030776,-23.2256936852,-21.9798688346,-23.0606443056,-21.5370881616,13,13,17,15,13,16,0.56499928119609,0.829320722269991,-0.273080586899997
"P62140",-21.9514448878,-22.1630875498,-22.0896434855,-21.9495550038,-21.3108131005,-21.0836723784,10,12,14,10,13,13,0.101384416331225,0.396596858638743,-0.620045146800003
"P62191",-19.9185594994,-20.0650793007,-19.9963224361,-19.5401910944,-19.9613260726,-19.668869397,21,21,25,24,28,36,0.342102213916044,0.700183936235438,-0.269858224066667
"P62195",-19.2341115695,-20.0846035596,-19.1079018991,-19.3669399045,-19.3037482798,-19.3867392287,28,27,29,35,30,41,0.710700690051754,0.882671480144404,-0.123063205066668
"P62241",-18.8028297451,-18.6854119334,-18.8432334696,-18.6632141295,-17.9743455218,-18.6156901038,22,19,23,22,27,24,0.276975129384704,0.63236337828247,-0.359408464333335
"P62244",-18.6515176537,-18.4767164602,-18.2998940808,-18.4451766054,-18.2516041212,-17.9457400731,12,13,17,17,16,21,0.386237780333525,0.730834752981261,-0.261869131666668
"P62249",-19.7482617488,-19.7119597646,-19.3684026192,-19.4418725068,-18.9470931687,-19.3032107198,9,14,15,15,15,19,0.233356382978723,0.569649805447471,-0.378815912433332
"P62253",NA,-22.0164620507,-22.3998031451,-21.4120877887,-21.4370928876,-21.6489644995,NA,4,3,6,3,5,0.0471647498562392,0.259713701431493,-0.708750872633335
"P62256",NA,NA,NA,-22.4476757024,NA,-22.554484227,1,1,1,1,1,2,NA,NA,NA
"P62258",-17.4287711258,-17.4070740395,-17.4852842935,-17.406028273,-17.1575372595,-17.3165566652,74,88,92,76,92,104,0.555497699827487,0.826730518067044,-0.147002420366668
"P62263",-18.7658270411,-18.7746374057,-19.2758174574,-19.2201513595,-19.1136028288,-18.8269549693,8,10,10,10,13,16,0.694157993099482,0.878039793662491,0.114809084466671
"P62266",-19.6573803521,-19.7561947616,-19.7194403061,-19.8997860671,-19.7420637377,-20.0319022914,9,11,9,9,11,7,0.483153967797585,0.787747226242161,0.180245558799999
"P62269",-19.8599413361,-19.1742291101,-19.629339623,-19.8783637987,-19.5639273433,-19.3660592174,22,19,22,27,24,25,0.863671219091432,0.940738442444927,0.0482800967333326
"P62273",NA,NA,NA,-20.5417381664,NA,NA,4,5,5,5,5,6,NA,NA,NA
"P62277",-20.4593930644,-19.7698054536,-19.5661652865,-20.0611626124,-20.2711819526,-19.7708240474,11,19,7,9,9,13,0.754762363427257,0.90426638917794,0.102601602633332
"P62280",-19.3487409911,-18.8456783029,-19.3604101675,-18.4900996545,-18.7799414379,-19.172661783,21,20,20,22,20,18,0.283604514088557,0.646443514644351,-0.370708862033336
"P62304",-19.801890637,-19.47891919,-19.4103448092,-19.3846722925,-20.1552199368,-19.156978844,6,7,7,6,7,9,0.974118458884416,0.973517559009787,0.00190547903333282
"P62306",-19.6349932629,-19.4812785717,-19.060727522,-19.1625367339,-19.2825191698,-19.0356376575,8,7,7,8,8,9,0.442169062679701,0.762051282051282,-0.232101931799999
"P62310",NA,-21.5994448455,NA,NA,-21.2499115174,-21.4894089571,2,4,NA,2,4,3,NA,NA,NA
"P62312",-20.8352380547,NA,NA,NA,NA,NA,3,2,1,2,1,3,NA,NA,NA
"P62314",-19.9711323826,-19.28552322,-19.3011192778,-20.3035443553,-18.6046281877,-18.3282232576,5,8,7,6,11,10,0.392680707303048,0.736664795058956,-0.440459693266664
"P62316",-18.4487484115,-18.4466719681,-18.6755750776,-18.441085793,-18.5890499847,-18.2528695061,17,22,20,21,25,24,0.707312392179413,0.880986937590711,-0.0959967244666657
"P62318",-17.9768553383,-18.0965048073,-18.2378829556,-17.7541502309,-17.7792409817,-18.1620016295,16,23,22,27,20,23,0.47256282346176,0.782352941176471,-0.205283419699999
"P62330",-22.7298600855,-22.6021172155,-22.8666149945,-22.4848019971,-22.3179374506,-22.7077758552,5,3,4,2,1,7,0.41637363427257,0.752150537634409,-0.229358997533335
"P62333",-19.711374499,-19.8025629668,-19.9158442678,-19.4773555413,-20.1437523766,-19.4023686576,20,26,22,26,21,29,0.663605807935595,0.86885865457294,-0.1354350527
"P62380",-21.6047291255,-21.5914195842,-21.8449432165,-21.3105986679,-21.506103132,-22.6737578951,4,4,3,3,3,3,0.697457303047729,0.878457059679767,0.149789256266669
"P62399",NA,NA,NA,-20.5541525092,-20.8716918528,-20.5266722477,1,2,1,6,9,11,NA,NA,NA
"P62424",-20.0588747765,-19.1618682597,-19.9212116816,-19.4525110331,-19.3095334465,-19.9035531966,14,18,17,20,18,15,0.649991661874641,0.865712074303406,-0.158785680533335
"P62487",-20.8633425876,NA,-22.2192874966,-22.5103458187,NA,-22.0880821959,3,2,3,4,4,3,0.182770989074181,0.516453382084095,0.757898965200003
"P62495",-19.3311654003,-19.369769599,-19.3063043301,-19.0630572284,-18.8998090708,-19.4211403294,23,25,26,29,34,26,0.469591000575043,0.777886977886978,-0.2077442336
"P62633",-19.1293691403,-19.7333354153,-19.7769219933,-19.8110883008,-19.7694181871,-19.6023854422,7,7,7,8,5,7,0.560032633697527,0.827720207253886,0.181088460399998
"P62701",-19.1811347392,-18.7432655946,-19.1629751162,-19.1922718786,-18.7382582403,-18.6432758219,29,41,43,33,43,46,0.581338987924094,0.84141712357655,-0.1711898364
"P62707",-22.9232036152,NA,-22.8900354988,-20.7860941296,-20.5316431139,-21.1637046851,3,3,3,5,5,3,0.000858683151236343,0,-2.07947224746666
"P62714",NA,NA,NA,NA,-22.8147112198,NA,1,11,17,17,2,17,NA,NA,NA
"P62750",-19.30196272,-19.7669340531,-19.6727916736,-19.328897603,-19.4655519976,-20.1982528272,11,10,14,9,15,13,0.79405376653249,0.916778523489933,0.0836713270333362
"P62753",-20.2294134668,-19.4967310742,-20.3278872301,-20.2482172574,-21.1987997182,-20.9586705511,9,12,8,7,5,8,0.0785529039677976,0.348909657320872,0.783885251866664
"P62768",NA,NA,NA,NA,-20.6759449154,-22.0859476934,1,NA,NA,3,3,1,NA,NA,NA
"P62805",-18.8285880917,-19.4292638037,-18.7333263966,-18.5194634235,-18.753238368,-19.0466481412,9,7,12,15,16,14,0.501770414031052,0.799530516431925,-0.223942786433334
"P62820",-22.4265478125,-22.1320346154,NA,-21.5210425853,-21.9493058014,-22.1407462838,16,17,18,15,18,16,0.240827055779183,0.58530986993114,-0.408926323783334
"P62826",-18.9962422056,-18.7663199861,-18.6576171222,-18.7995706726,-18.2937382493,-18.285219774,30,33,32,29,36,38,0.273616158711903,0.631130063965885,-0.347216872666667
"P62829",-19.9228604345,-19.6681726106,-19.0845829902,-18.8781318315,-19.3893206379,-19.551126434,9,16,17,13,15,16,0.431239649223692,0.760083813514929,-0.285679043966667
"P62834",NA,-21.2507132301,-22.6688841215,-22.0941549345,-22.333676143,-22.6528270058,3,5,5,5,4,7,0.399045715928695,0.745961002785515,0.400420685299999
"P62841",-19.9958081235,-19.4564352718,-18.6965125469,-18.3922741825,-19.2437814699,-18.4048487737,15,16,18,24,27,21,0.134287809085681,0.450719822812846,-0.702617172033335
"P62847",-19.8144091993,-18.7428099442,-18.5685422759,-18.9999259201,-18.8777468025,-18.4244097422,9,12,16,11,16,17,0.49610825186889,0.797252486972999,-0.274559651533334
"P62851",-20.4481294993,-21.7150860302,-22.3476604486,-20.3929369911,-21.6628437279,-21.2482749922,8,8,6,7,7,6,0.436638585393905,0.761609907120743,-0.402273422299999
"P62854",-20.8182905675,-20.5875449535,-21.377939704,-20.0238753913,-20.8046934241,-21.2733402047,5,6,8,12,15,15,0.57198461759632,0.836456558773424,-0.227288734966667
"P62857",-18.3706241348,-18.5653818093,-19.0900719011,-18.2589697904,-18.6756212124,-18.9459854739,12,9,11,10,13,9,0.868736342725704,0.940738442444927,-0.0485004561666678
"P62861",-20.6564733035,-21.4504319368,-21.727619245,-21.4488922391,-20.541821341,-20.9274940322,2,2,3,1,3,3,0.448359258194365,0.767123287671233,-0.305438957666667
"P62873",-21.6496314086,-21.7684963013,-21.5188851938,-21.6897712026,-21.4949916033,-21.0972366072,6,5,7,7,10,10,0.46988125359402,0.777886977886978,-0.218337830199999
"P62875",-21.0505971114,-20.8871794385,NA,-20.71909387,-20.830373874,NA,3,2,NA,1,2,1,0.46065296147211,0.773134328358209,-0.194154402949998
"P62877",NA,-21.6304845422,-21.8208918096,-21.9135694156,NA,NA,NA,1,1,1,1,1,NA,NA,NA
"P62879",-20.9095350793,-21.4897878019,-21.6028302526,-20.8234426642,-21.1131175369,-21.52040824,9,6,7,9,10,9,0.594934732604945,0.846121941103277,-0.181728230899999
"P62888",-17.949152658,-17.779520982,-17.6583471513,-17.5319638334,-17.6317793915,-18.1332891421,21,19,20,21,21,24,0.901685882691202,0.952468007312614,-0.0299961414333332
"P62899",-21.4177712774,-20.9468889381,-22.2307468189,-20.7541109309,-20.5660727731,NA,3,6,3,3,7,8,0.0792708453133985,0.350850077279753,-0.871710492799998
"P62906",-21.563155831,-19.1961595067,-19.9764256445,-20.4197490962,-19.5223997752,-19.9931021261,10,15,10,11,14,14,0.615052041403105,0.857603872529246,-0.2668299949
"P62910",-18.4018833712,-18.8576214808,-19.3302714013,-18.660220699,-18.4457322954,-18.6251126704,21,18,16,18,21,21,0.406335537665325,0.748087431693989,-0.286236862833331
"P62913",-19.5696201655,-19.63481012,-19.7852434781,-19.8176405465,-19.3561798807,-19.8634258983,8,10,9,7,8,9,0.93691201840138,0.962919015129042,0.0158575206333325
"P62917",-19.7923683221,-20.0171010964,-19.9995084559,-19.2683391889,-19.4980618685,-19.2376406738,7,8,11,11,10,17,0.0572893904542841,0.285451197053407,-0.601645381066668
"P62937",-16.0859830049,-15.9866821973,-16.2288577449,-15.9459779547,-15.9217872188,-16.0496152894,86,85,92,94,89,104,0.606643904542841,0.852124183006536,-0.128047494733332
"P62942",-19.6264757741,-19.4959260769,-18.8886816124,-19.5819414894,-18.7993523473,-18.5143336154,3,4,7,6,6,9,0.352926394479586,0.704918032786885,-0.371818670433335
"P62979",-18.1617797669,-18.3590781772,-18.6359841643,-18.4174176988,-18.1343312967,-18.4828841512,41,41,37,41,46,38,0.870186026451984,0.940738442444927,-0.0407363205666655
"P62993",-20.9686854233,-20.8912312684,-21.1583499566,-20.4258315425,-20.5659932841,-22.6191938917,9,9,10,8,10,12,0.694038959171938,0.878039793662491,0.197584023333334
"P62995",-19.861854856,-20.0563078105,-20.4511869732,-19.7276140049,-19.9835925157,-20.0399076338,18,20,20,19,18,17,0.497634416331225,0.797450424929179,-0.206078495100002
"P63000",-21.1888176717,-21.3856953812,-22.2732016754,-22.4307198075,-21.2738609397,-22.3284305351,6,6,5,5,6,6,0.374992093156987,0.721131639722864,0.395098851333334
"P63010",-22.2772086838,-21.9082454972,-21.4917750621,-21.6214459298,-21.3190440352,-21.0979813932,30,36,32,29,33,37,0.141435595169638,0.46096256684492,-0.5462526283
"P63020",-22.243489019,NA,-22.4451965941,-20.7759772588,-20.5420286303,-19.962694208,1,1,1,2,3,6,0.0026279470960322,0.0454545454545455,-1.91744277418333
"P63092",NA,NA,-23.4899658703,-22.613288069,-23.2097214395,-22.7206734415,3,2,1,4,4,4,NA,NA,NA
"P63098",NA,NA,NA,NA,NA,-22.2528333832,1,NA,1,1,1,3,NA,NA,NA
"P63151",-20.8444789921,-22.2992685428,-21.8774947404,-21.0010243878,-22.3395724779,-21.8776505105,13,12,11,9,10,9,0.869894335825187,0.940738442444927,0.0656683669666656
"P63167",-18.6984173369,-18.8072588108,-19.9369480536,-18.9946104227,-18.7499444179,-18.6593071422,8,8,6,6,7,9,0.391911874640598,0.736664795058956,-0.346254072833332
"P63172",NA,NA,-22.0314184413,NA,-21.1312513407,-20.3302841551,NA,1,2,NA,1,2,NA,NA,NA
"P63173",-18.8272088924,-19.9148721082,-19.4765829598,-20.0126762007,-19.6764380728,-19.0015199922,9,9,10,11,11,10,0.685295572167913,0.87569780424265,0.1573234351
"P63208",-20.0974106972,-20.5456897205,-19.9418174375,-19.3012067819,-19.6125757217,-19.6189768078,10,8,8,9,11,8,0.0612550316273721,0.301785714285714,-0.684052847933334
"P63218",NA,-20.1424565575,-20.3348872805,NA,-19.9648950108,-20.388780441,NA,1,2,NA,1,1,0.828687895342151,0.9322528363047,-0.0618341930999975
"P63220",-18.2728164131,-18.3039810607,-17.8410768275,-17.8547163245,-17.3286000441,-18.2279341132,10,13,14,16,20,17,0.351017538815411,0.703839122486289,-0.335541273166665
"P63224",NA,NA,NA,-21.7377722218,-21.8825138945,-21.2936775198,1,2,1,3,5,5,NA,NA,NA
"P63241",-20.8485918311,-21.3918052693,-19.9023878586,-20.4974138287,-19.9976957327,-19.7438010555,33,41,40,46,38,41,0.172598044853364,0.504734848484849,-0.634624780700001
"P63244",-17.3722477021,-17.3579170087,-17.2454864254,-17.1890230967,-17.0817170143,-17.2919247675,55,51,62,58,58,57,0.576061960897067,0.83790628957366,-0.137662085899997
"P63279",-19.3802418064,-19.5833339994,-19.5793251985,-19.1619367602,-19.3686271567,-20.5755766663,11,11,10,15,12,14,0.639184013801035,0.863582908663269,0.1877465263
"P63284",NA,NA,NA,-22.7034491675,-22.514143666,-22.7960853922,2,1,1,9,9,9,NA,NA,NA
"P64503",NA,NA,NA,NA,NA,-20.7021703304,NA,NA,NA,NA,NA,1,NA,NA,NA
"P64581",NA,NA,-20.4250962095,-19.7197798226,-20.0617478876,NA,1,1,3,3,3,2,NA,NA,NA
"P67775",-23.0656653812,-22.4445787396,-22.7746921419,-22.7381580732,-22.5279829441,-22.8308539506,10,12,17,17,8,17,0.819616302472685,0.928010471204188,-0.062647098266666
"P67809",-18.5561893692,-18.6525597612,-18.9538298257,-18.8363826369,-18.5502281242,-18.8136314076,31,34,28,29,34,33,0.944065411155837,0.966166519564578,0.0125544041999994
"P67870",-20.4207480557,-19.9933940605,-19.9831143832,-20.1848694201,-19.7507920001,-20.4292791347,6,7,9,6,8,9,0.952639591719379,0.966783216783217,-0.0107719814999996
"P67910",NA,NA,NA,-22.0254426419,-22.0310870195,-22.1732477497,NA,NA,NA,2,3,3,NA,NA,NA
"P67936",-21.4635919008,-22.0678891576,-21.6639676053,-21.9026423119,-21.6221781111,-21.6473795138,6,9,9,10,9,8,0.958894335825187,0.966783216783217,-0.00774957563333345
"P68036",-18.5599667273,-18.9289989476,-18.7582976207,-18.6042527243,-18.6468626389,-18.3643831923,21,19,28,26,31,29,0.453335106382979,0.768922305764411,-0.210588246699999
"P68066",NA,NA,NA,NA,-21.3701642525,-20.7511805695,NA,NA,NA,2,2,2,NA,NA,NA
"P68206",NA,NA,NA,NA,NA,-20.5705836476,1,NA,NA,1,NA,2,NA,NA,NA
"P68371",-22.2157797236,-23.0542314154,NA,-23.1281401689,-22.9151684938,-23.2295929748,255,249,275,291,273,297,0.23459430707303,0.569767441860465,0.455961642999998
"P68400",-23.1295296089,-23.1082535622,-22.2654073975,-22.0736551645,-22.9708600625,-22.1893461206,9,11,15,12,10,12,0.300419206440483,0.664875755540631,-0.423109740333334
"P68402",-20.870702696,-20.2635947537,-21.3686003155,-20.7877347082,-21.08023594,-19.706171325,5,5,8,5,5,9,0.488966935020127,0.792525155725922,-0.309585264000003
"P68767",NA,NA,NA,NA,NA,-24.2615182076,NA,NA,NA,1,1,3,NA,NA,NA
"P68919",NA,NA,NA,-20.1096271343,-20.790559136,-19.9195572317,1,2,3,4,6,4,NA,NA,NA
"P69222",NA,NA,NA,-20.7147308288,NA,NA,NA,NA,NA,1,NA,1,NA,NA,NA
"P69441",NA,NA,-22.6874458028,-22.5164151767,-21.7827446148,-22.7413939198,11,10,1,6,6,5,NA,NA,NA
"P69783",-21.1511919858,-20.1478757681,-22.2709902614,NA,-20.3186522037,-20.1360574678,5,5,4,6,7,6,0.126858395629672,0.442660550458716,-0.962664502683335
"P69797",NA,NA,NA,NA,NA,-23.4400493061,NA,NA,NA,1,1,1,NA,NA,NA
"P69849",NA,NA,NA,-25.6299226898,NA,NA,1,NA,1,2,NA,5,NA,NA,NA
"P69891",-20.5726064649,-19.6343123568,-19.8771941138,-20.7936389597,-20.0191809088,-19.8648276993,24,41,36,40,35,28,0.608292840713053,0.8531211750306,0.197844877433333
"P69892",-19.8486266014,-20.6239112227,-21.5698485857,-20.1345115062,-19.6073166122,-20.6982143299,25,41,37,40,36,4,0.280967366302473,0.639747191011236,-0.534114653833331
"P69905",-18.243906806,-18.1907261668,-18.1541120784,-18.0105902265,-18.1427380862,-17.9517475103,33,12,35,33,37,39,0.509756325474411,0.802960222016651,-0.161223076066669
"P76015",NA,NA,NA,NA,-23.0499791176,-23.6244412858,NA,NA,NA,1,1,3,NA,NA,NA
"P76038",NA,NA,NA,NA,NA,-22.9939633744,NA,NA,NA,1,2,1,NA,NA,NA
"P76108",-21.7654253184,NA,NA,-20.6549998388,-20.6107812102,-21.2107200102,3,1,NA,8,15,9,NA,NA,NA
"P76116",NA,NA,NA,NA,-23.3928909664,NA,NA,NA,NA,1,2,1,NA,NA,NA
"P76270",NA,NA,NA,-22.4988670492,NA,-22.5366096885,NA,NA,NA,2,NA,2,NA,NA,NA
"P76402",NA,NA,-21.6746736565,-20.1433055017,-20.0871348019,-19.9511015807,1,NA,1,4,2,3,NA,NA,NA
"P76558",-24.411970641,-24.3691373884,-24.5065805875,-22.0541528562,-22.4108605533,-22.1799395319,3,3,4,7,9,13,0.000208740655549166,0,-2.21424522516666
"P76621",NA,NA,NA,-22.2264293592,-22.2196206896,-22.3221359148,2,NA,1,6,5,5,NA,NA,NA
"P77318",NA,NA,NA,NA,NA,-22.7940571808,NA,NA,NA,NA,1,4,NA,NA,NA
"P77581",-21.0745453839,-21.4596107298,-21.3820674963,-18.9858779201,-19.0213342663,-19.1339224534,9,9,10,24,18,23,0.000238355376653249,0,-2.25836299006667
"P77674",-22.0065035745,-21.8555371687,-22.1609088436,-20.28887119,-20.4836509048,-20.4105391536,4,4,4,14,13,14,0.00135595169637723,0.0212765957446809,-1.6132961128
"P77695",NA,NA,NA,NA,NA,-20.7577769015,NA,NA,NA,2,NA,3,NA,NA,NA
"P78316",-21.5281362253,-21.7797460903,-22.4143588497,-22.0607276717,-21.7918636336,-22.0019492255,13,10,8,10,12,12,0.875823893041978,0.94106699751861,0.0440997884999987
"P78318",-21.5021335449,-22.8256572502,-22.9917094626,-22.2420744858,-22.0367503746,-22.3856118427,4,4,4,5,5,6,0.604019695227142,0.852124183006536,-0.218354518200002
"P78330",-22.5491671701,-22.3633364805,-21.2865847433,-21.7119623202,-21.5736600715,-22.0165320733,2,4,8,3,2,2,0.457009200690052,0.769230769230769,-0.298977976299998
"P78332",-25.6556743986,NA,NA,-24.4568179851,-24.9185337988,-25.5721911108,6,6,7,6,2,6,NA,NA,NA
"P78344",-21.0366494192,-20.4861478493,-20.7780059115,-20.6222314957,-20.3304509843,-20.3805724691,20,28,27,26,28,30,0.297955721679126,0.660148347943358,-0.322516076966668
"P78346",-21.3188640618,-20.7001283866,-21.1644527342,-21.5339076244,-22.368270908,-20.7532753862,7,7,8,8,7,10,0.281691920644048,0.640953716690042,0.490669578666665
"P78347",-20.7075259476,-20.2668413151,-20.9050351211,-20.5468967698,-20.1881536169,-20.9127304627,30,32,25,30,32,33,0.803137291546866,0.920465890183028,-0.0772071781333352
"P78362",-23.1798190341,-23.7894025711,-23.6452096372,-22.2053593931,-24.1209519881,-24.3731765528,6,3,6,11,5,3,0.937094738355377,0.962919015129042,0.0283522305333328
"P78371",-18.4485287677,-18.3678125871,-18.2038410301,-18.0220963814,-17.9684299289,-17.9762970919,57,71,79,81,82,89,0.191236342725704,0.523513753327418,-0.3511196609
"P78395",-21.9334506016,-22.4951016336,-22.3260923511,-22.5076607841,-22.6715476282,-21.941071756,8,8,6,7,6,8,0.702630247268545,0.878457059679767,0.121878527333333
"P78406",-19.2511046992,-19.5886755793,-19.7899800438,-19.5231508435,-19.2812162468,-19.6228303741,16,15,14,20,17,14,0.803848188614146,0.920492348636061,-0.0675209526333305
"P78417",-19.0002168152,-19.2768981823,-19.8861892469,-19.1982107071,-19.583287918,-19.7132956416,30,27,30,28,31,26,0.737077343300748,0.901981599433829,0.110496674099998
"P78527",-20.5701197358,-20.6276105278,-20.5886059166,-20.6015095541,-20.4661673074,-20.520461623,131,136,138,130,150,156,0.764453852788959,0.904712762297902,-0.0660658985666664
"P78559",-24.4895886969,-25.6567251039,-24.7222321734,-26.8276362929,-27.158270171,-24.2321320134,5,6,5,5,5,8,0.124626509488212,0.439585730724971,1.11649750103333
"P78560",NA,-21.9819159525,-22.3356817627,NA,NA,NA,NA,1,1,NA,NA,1,NA,NA,NA
"P80210",-20.2205087729,-19.8646282865,-19.9021855496,-20.9633659921,-20.9440966503,-21.6048799545,16,16,19,9,12,15,0.0120981886141461,0.125628140703518,1.17500666263333
"P80217",NA,NA,-23.3540777338,-23.1089814615,NA,-23.1141269118,4,2,4,4,9,5,NA,NA,NA
"P80303",-23.3958051414,NA,NA,NA,-23.4714704734,-23.7518216284,2,4,1,1,4,6,NA,NA,NA
"P82650",-20.887241293,-23.5042255794,-22.3604244911,-22.0415631427,-21.4264818225,-21.7227299666,6,8,4,7,7,8,0.362748418631397,0.712336892052195,-0.520372143900001
"P82663",-21.6658124613,-20.0450415109,-20.1550468185,-19.7450233405,-20.1110758765,-20.6947898691,5,6,6,6,6,6,0.369058798159862,0.712784588441331,-0.438337234866669
"P82664",-21.1175775409,NA,-21.3463610086,-22.0383168814,NA,-22.363383441,3,4,2,2,3,2,0.0187093156986774,0.148550724637681,0.968880886450002
"P82673",-21.4780454922,-21.1137059897,-21.0304140653,-21.1613740631,-21.6175916406,-23.1689259284,3,6,7,4,4,1,0.148171506612996,0.47071129707113,0.775242028299999
"P82675",-22.5068133554,-22.8256393401,-24.427290414,-21.7570084619,-21.3956152049,-21.9307741229,10,6,10,4,10,8,0.0181637435307648,0.14828897338403,-1.55878177326667
"P82909",-20.6164292091,-20.0975775892,-20.2069373319,-20.1192788884,-19.1862081428,-21.1686513605,6,5,2,5,4,5,0.739140310523289,0.902826855123675,-0.148935246166666
"P82912",NA,NA,NA,NA,NA,-21.2329609969,1,1,2,1,1,3,NA,NA,NA
"P82914",NA,-23.0547197196,NA,NA,NA,NA,3,4,1,2,2,2,NA,NA,NA
"P82930",NA,NA,-21.7302215703,-22.8594231801,NA,-23.2212717657,5,2,5,5,3,3,NA,NA,NA
"P82933",-22.0000630786,-22.4047967254,-21.9475779027,-23.5089721236,-21.3831765371,-22.8910872349,6,6,7,2,7,7,0.354085968947671,0.704957678355502,0.476932729633333
"P82970",-22.8524182076,-22.2017723982,-21.5240251084,-22.0434806571,-22.6786954853,-22.2126381485,3,6,3,2,4,3,0.753312248418631,0.90426638917794,0.118866192233334
"P82979",-20.6172337459,-20.3076187574,-21.5747605241,-20.543517431,-20.0688630725,-20.3211330534,7,6,5,7,10,9,0.214138729154687,0.548760330578512,-0.522033156833331
"P83436",-25.3033927197,-23.7121816936,NA,-23.3840033019,NA,NA,4,2,1,3,NA,2,NA,NA,NA
"P83731",-19.9721643918,-19.8671855002,-21.1673448026,-19.5512717148,-20.3459520039,-20.0573192581,7,8,6,7,7,7,0.418329068430132,0.752941176470588,-0.350717239266668
"P83876",NA,NA,-22.0890547111,NA,NA,-22.30795018,NA,1,2,1,2,2,NA,NA,NA
"P83881",NA,-21.4642225663,-22.0350669316,-20.1668261405,NA,-22.1363409836,3,4,3,3,4,4,0.379517395054629,0.725658648339061,-0.598061186899997
"P83916",-20.8401857835,-21.1742162855,-21.339062789,-21.022969501,-20.9117414475,-21.600388722,3,6,5,5,5,4,0.835976854514089,0.936067161769454,0.0605449374999978
"P84022",NA,NA,NA,NA,-23.4200682684,NA,NA,2,2,NA,2,NA,NA,NA,NA
"P84085",NA,NA,-22.4624220406,-22.0634358956,-21.0605449441,-22.4077519428,16,12,21,16,16,23,NA,NA,NA
"P84090",-18.644296081,-18.8493511468,-18.9883149411,-18.8848483561,-18.7291518372,-18.9834970014,10,12,10,11,11,12,0.868088987924094,0.940738442444927,0.0385116752666654
"P84095",-19.6723337945,-19.5405208728,-20.2562135164,-20.0980394848,-20.0505863248,-19.9700002459,6,11,10,7,7,8,0.491967941345601,0.795226730310262,0.216519290600001
"P84098",-20.2736319621,-20.5024240357,-20.9208354112,-19.8801652271,-20.2235121649,-19.8591533532,6,7,6,8,8,9,0.104527745830937,0.410090556274256,-0.578020221266666
"P84103",-21.5344114595,-20.7805778679,-20.3832466872,-20.1744874587,-20.4518269644,-21.0365413771,10,12,7,13,12,11,0.400080937320299,0.747772828507795,-0.345126738133331
"P85037",-23.9824671532,NA,NA,NA,-24.1422462608,NA,4,4,6,3,5,5,NA,NA,NA
"P87108",-21.1529099587,-21.1618601599,-21.5629589735,NA,NA,-21.4514556172,1,2,1,NA,NA,1,NA,NA,NA
"P89886",-20.797395093,-20.7160056294,-22.6830001512,-21.4960403213,-21.332405732,-21.3247633828,6,6,4,4,4,3,0.955954427832087,0.966783216783217,-0.0143971458333318
"P98082",NA,NA,-25.0516425481,NA,NA,NA,NA,NA,2,NA,NA,NA,NA,NA,NA
"P98175",-22.0039714363,-22.7205149177,-22.1752731967,-22.2906507374,-22.3564940731,-22.5316250896,13,13,12,14,11,12,0.753879384703853,0.90426638917794,0.0930034497999976
"P98179",-19.3096792059,-19.3723997881,-19.2051341723,-19.1266700742,-19.2622754396,-18.9548056266,12,11,10,10,11,12,0.489724123059229,0.793202489229296,-0.181154008633335
"P99999",-18.9278537483,-19.348521537,-19.441710442,-19.216765325,-19.0828449426,-19.2423290128,21,22,21,22,20,25,0.821452558941921,0.928781443972558,-0.058715482300002
"Q00013",-19.6262947582,-19.4264493661,-19.1163371373,-19.1338415305,-19.1526182181,-19.0215267789,25,28,30,29,29,30,0.329893329499712,0.689308176100629,-0.287031578033332
"Q00055",-20.6330784234,-20.4564278774,-20.4754907025,-20.8021468546,-20.7139692271,-21.9313227659,14,15,19,12,8,11,0.14383941920644,0.462845010615711,0.627480614766668
"Q00059",-20.5801107915,-20.7354715068,-21.9357342463,-21.3979269658,-20.9345911704,-20.9683880852,6,5,10,5,11,9,0.947749712478436,0.966166519564578,0.0165298922666679
"Q00169",NA,-21.2624192237,-21.4411359667,-22.2048757569,-21.787709841,-21.0073246616,3,3,3,6,5,4,0.454814692351926,0.768922305764411,0.314859157966669
"Q00245",-22.8728743442,-21.6758480063,-23.1528798931,NA,NA,-23.01907039,5,5,4,NA,NA,4,NA,NA,NA
"Q00325",-20.6208625725,-20.9570917757,-20.9914217337,-20.7881440978,-20.2173066753,-20.2538428641,14,14,15,15,14,15,0.193380822311673,0.527753303964758,-0.436694148233332
"Q00341",-22.1161105928,-21.7007486245,-21.9921732953,-21.5990852637,-21.2808960017,-21.3482714901,16,13,22,19,24,22,0.103559516963772,0.409090909090909,-0.526926585699997
"Q00402",-24.1341081346,-24.0603701722,-23.6663289654,-25.1016659681,-25.0258115064,-26.1419144466,6,7,7,4,2,1,0.0102869465209891,0.125628140703518,1.4695282163
"Q00403",-21.9766019754,-21.9253025848,-20.8901064523,-23.0624046269,-22.1137658015,-21.6097880074,4,5,7,4,4,4,0.179555922944221,0.513339466421343,0.6646491411
"Q00534",-20.3728024333,-20.6045171857,-20.3877841476,-20.7055304397,-20.2619544987,-20.7250358609,12,10,12,14,13,15,0.693472972972973,0.878039793662491,0.109139010899998
"Q00535",-23.9359989883,NA,-21.5665222342,-24.0383574712,-22.8712031402,-22.1228044161,4,6,6,5,8,8,0.700559660724554,0.878457059679767,0.25952773125
"Q00577",-22.5475905263,-22.4823726134,-22.9660146399,-21.5195651871,-21.2853915689,-22.0268228435,5,4,3,4,5,4,0.0191683438757907,0.148550724637681,-1.0547327267
"Q00610",-19.3936409375,-19.35590411,-19.227189698,-19.1212319212,-18.8406609129,-19.1142028868,100,102,124,115,127,134,0.275357245543416,0.631130063965885,-0.3002130082
"Q00613",NA,NA,NA,-24.3873588609,NA,NA,NA,NA,NA,1,NA,NA,NA,NA,NA
"Q00653",NA,NA,NA,-25.5926946701,NA,NA,NA,NA,NA,1,1,NA,NA,NA,NA
"Q00688",-20.3356319329,-19.3951154565,-21.1059529351,-20.0006146297,-20.4809410698,-20.5540698073,7,11,4,6,7,7,0.862659143185739,0.940738442444927,0.0663083940999982
"Q00764",-19.9511869554,-19.4237377118,-20.374313672,-21.7498813038,-20.7989479933,-21.4833868029,18,22,21,9,10,9,0.0117308798159862,0.125628140703518,1.4276592536
"Q00765",NA,NA,NA,NA,-22.8775844532,NA,1,1,2,1,2,1,NA,NA,NA
"Q00796",-21.6407880572,-21.1524082359,-21.0860222303,-20.0987263881,-21.4703680533,-21.279456587,11,11,12,10,9,8,0.421109114433583,0.75462718138551,-0.343555831666666
"Q00816",-24.2896194378,-25.0513343976,-24.2781584296,NA,NA,NA,4,2,6,NA,NA,NA,NA,NA,NA
"Q00839",-19.0080005744,-18.978938431,-19.1520219807,-18.7403431137,-18.5806272931,-18.8340338237,75,73,81,86,83,89,0.228923663024727,0.566587864460205,-0.327985585199997
"Q00955",-20.9701495167,-21.3693508013,-21.3851399436,-21.9881141159,-21.9047067313,-21.995781125,60,53,63,47,39,50,0.0371827199539966,0.218137254901961,0.7213205702
"Q01080",-23.832610054,-23.5890628348,-22.968757887,NA,NA,NA,7,3,2,NA,NA,NA,NA,NA,NA
"Q01081",-19.9927762087,-19.4595843613,-19.8489451021,-19.4930183087,-19.419446966,-19.8606807648,8,9,9,8,13,13,0.565664031052329,0.829896907216495,-0.176053210866666
"Q01082",-23.9467483138,-23.3469320791,-23.0494022676,-23.1067003222,-23.1010562339,-23.1002783232,11,18,21,23,22,21,0.317062679700978,0.672279792746114,-0.345015927066669
"Q01085",-20.6183078343,-20.8873524613,-20.60051987,-20.1365407044,-20.4811287257,-20.0949065735,9,10,5,6,9,13,0.139647498562392,0.46096256684492,-0.464534720666666
"Q01105",-19.0959184327,-19.4197665722,-19.6177396969,-19.5810778669,-19.4530619434,-19.9999806881,28,26,26,25,24,29,0.355897642323174,0.708959711365003,0.300231932199999
"Q01130",-19.6358437512,-19.8925173364,-19.965664616,-19.175547784,-19.2715090008,-19.3840993796,9,6,9,8,10,10,0.0748115296147211,0.338072669826224,-0.554289846400003
"Q01196",NA,NA,NA,-22.3206384116,NA,NA,NA,1,2,3,NA,2,NA,NA,NA
"Q01415",NA,-23.1782769589,NA,NA,NA,NA,3,2,2,NA,1,1,NA,NA,NA
"Q01433",-24.6409261504,NA,NA,-24.9563489064,NA,-24.7634515012,3,7,1,3,2,7,NA,NA,NA
"Q01469",-21.8786361726,NA,NA,-21.4032846161,-21.1268590413,-20.7771541893,4,4,4,5,4,5,NA,NA,NA
"Q01476",-23.9234617093,-25.6015152356,NA,NA,NA,NA,6,4,7,NA,NA,2,NA,NA,NA
"Q01477",-23.6443702665,-24.5918773008,-23.2220012632,NA,NA,NA,4,6,3,NA,NA,1,NA,NA,NA
"Q01518",-20.2153201909,-19.7590272711,-20.3543074397,-20.4065730067,-20.2066653809,-20.1757921185,34,37,38,38,36,39,0.605952271420357,0.852124183006536,0.153458534799999
"Q01532",-22.4325967656,-21.53208396,-21.6496594832,-21.5551099952,-23.6729313654,-22.1708873579,5,7,6,7,3,4,0.271930419781484,0.631130063965885,0.594862836566666
"Q01560",-22.5399457285,NA,-23.5252735275,NA,-22.3425581175,NA,4,3,2,1,2,NA,NA,NA,NA
"Q01581",-20.0411750026,-20.0341579666,-19.6614802073,-20.1133426803,-19.7824326332,-19.8752933893,17,17,22,20,18,25,0.947869608970673,0.966166519564578,0.0114185087666669
"Q01628",NA,NA,-20.9110790534,-21.6964201733,-20.8566403912,-21.0362976722,NA,1,2,1,1,3,NA,NA,NA
"Q01650",-23.2590374281,-23.2874474247,-23.6763324803,-22.2390328052,-22.4434379375,-22.7951113403,2,2,1,3,2,2,0.0247027027027027,0.172523961661342,-0.915078416700002
"Q01658",-20.8745318986,-21.5171102751,-21.7528343838,-21.4643534074,-21.8977412442,-22.5699389003,2,1,2,2,1,2,0.167822455434158,0.496644295302013,0.595852331466666
"Q01662",NA,-23.3207376226,-23.523708104,-23.5596696684,-23.4624809035,-23.7383154954,6,4,2,3,4,3,0.546491949396205,0.82487869430966,0.164599159133335
"Q01664",-22.8140187212,-23.0253684684,-23.108495141,-23.4812119576,NA,-23.3251306281,1,2,3,2,2,3,0.157664749856239,0.479919678714859,0.420543849316665
"Q01780",-21.0298786787,-22.0519509252,-21.8886570602,-20.8822942191,-20.9756069203,-21.873033345,16,13,20,22,20,17,0.3328910293272,0.689308176100629,-0.413184059900001
"Q01813",-20.1494087214,-20.3347097881,-20.7138523892,-19.9720329077,-20.5175524324,-20.4126640141,25,22,27,33,26,22,0.742870184013801,0.904191616766467,-0.0985738481666658
"Q01844",-21.1003381097,-21.1253654841,-20.7843470286,-20.7653138792,-20.68735662,-20.7417168006,8,7,13,11,11,11,0.32373116733755,0.684176809737348,-0.2718877742
"Q01852",-21.8331606146,-22.0004479642,-21.7416399988,NA,-23.5183419954,NA,7,8,9,2,4,4,NA,NA,NA
"Q01855",-19.0378798592,-19.0484759575,-19.0653052267,-20.9120475926,-19.6306154926,-19.4967744904,12,10,15,8,8,8,0.0533325186889017,0.273422562141491,0.962592177400001
"Q01939",-23.6860393876,-23.9702843951,-22.023866634,-23.8191414805,-23.8776267965,-22.7911342633,4,5,5,3,3,10,0.601770701552616,0.851623510069873,0.269237374533333
"Q01970",-25.3411491583,-23.9325223114,-22.8858947658,-23.8909122748,-23.7092804843,-23.3380700307,4,4,8,5,5,5,0.452076049453709,0.768922305764411,-0.407101148566664
"Q01976",-22.5523376137,NA,-22.1832717327,NA,NA,NA,2,3,3,NA,NA,NA,NA,NA,NA
"Q02046",-19.9709724116,-20.8680019844,-20.1889218768,-21.6021108332,-21.0190107415,-20.9511201864,10,6,10,6,6,6,0.0540143760782059,0.273422562141491,0.848115162766668
"Q02127",NA,NA,-23.2564298963,-22.8729471467,-23.0153949011,NA,NA,NA,1,1,1,NA,NA,NA,NA
"Q02206",-23.8352529002,NA,NA,NA,NA,NA,4,1,NA,NA,NA,NA,NA,NA,NA
"Q02218",-21.6748434485,-22.4773194914,-21.7451359929,-21.2195831717,-22.4807151163,-22.0563410603,17,15,18,19,15,21,0.890065267395055,0.944768333844738,-0.0468865281666666
"Q02241",NA,NA,NA,-24.6100784912,NA,NA,NA,NA,NA,1,NA,NA,NA,NA,NA
"Q02326",-20.3894678253,-20.1727527898,-19.8715046626,-20.7167485685,-21.5535250287,-21.2097375121,11,15,22,6,12,13,0.0242458309373203,0.172523961661342,1.01542861053333
"Q02447",NA,NA,-24.5461211199,NA,NA,-24.536885388,NA,NA,1,NA,1,1,NA,NA,NA
"Q02455",NA,NA,-26.4766375882,NA,NA,NA,NA,1,3,2,NA,2,NA,NA,NA
"Q02486",NA,-23.061080705,NA,NA,NA,NA,1,5,2,2,1,2,NA,NA,NA
"Q02543",-19.9941150915,-20.7790900248,-20.1094530082,-19.4025638974,-19.1324875528,-19.5484559535,19,19,19,17,17,20,0.0299857676825762,0.198347107438017,-0.933050240266667
"Q02642",-21.2244516164,-19.9751716244,-22.2155934178,-21.1771859843,-20.8956712691,-21.6349238503,5,5,3,2,3,3,0.831895773433007,0.933916423712342,0.0975214816999994
"Q02725",-20.7534775781,-20.7601421945,-21.358507808,-22.0656622532,-23.0561619237,-21.8388346619,23,23,21,10,14,16,0.0150458596894767,0.140909090909091,1.36284375273333
"Q02750",-21.906619169,-20.2797090737,-21.0479227418,-21.2756578952,-21.2969700379,-21.3967877287,5,16,11,4,5,4,0.559792696952271,0.827720207253886,0.245054892433334
"Q02753",-19.7809160095,-20.5040698914,-20.6242222129,NA,-21.3409125263,-21.6803953319,17,16,16,1,10,12,0.0180774870615296,0.14828897338403,1.20758455783334
"Q02776",-23.2498969299,-23.3829449971,-22.5727085301,NA,-23.8211096198,NA,4,4,6,1,2,NA,NA,NA,NA
"Q02790",-18.4932207922,-18.4118762013,-18.3808514449,-18.9088112157,-18.7965923875,-18.3183231603,46,50,53,43,46,56,0.417633841288097,0.752676659528908,0.245926108366664
"Q02793",NA,NA,-23.6186397086,NA,NA,NA,NA,NA,2,NA,NA,NA,NA,NA,NA
"Q02795",NA,NA,NA,NA,NA,-22.8805249147,NA,1,1,NA,2,1,NA,NA,NA
"Q02805",-25.4227295897,-25.3992434967,NA,NA,NA,NA,1,2,NA,NA,NA,NA,NA,NA,NA
"Q02809",NA,-24.5528294947,NA,NA,NA,NA,NA,1,3,3,NA,NA,NA,NA,NA
"Q02821",-22.7362001411,-21.8125244202,-21.4762967942,NA,NA,-24.0927966696,5,7,8,2,1,2,NA,NA,NA
"Q02878",-19.7167532409,-19.0902959759,-19.0924862239,-19.4895067551,-19.1201992078,-18.9519587742,23,30,37,26,34,34,0.718241805635423,0.888968481375358,-0.112623567866667
"Q02880",NA,NA,-26.2555834202,NA,NA,NA,1,4,3,1,9,4,NA,NA,NA
"Q02892",NA,-23.9003679674,-24.0762452948,NA,NA,NA,4,2,5,1,1,1,NA,NA,NA
"Q02896",-23.7629756771,-24.0649793733,NA,-23.8797596571,NA,NA,1,2,2,1,NA,NA,NA,NA,NA
"Q02931",NA,-25.0704862668,NA,NA,NA,NA,2,3,1,NA,NA,NA,NA,NA,NA
"Q02978",-21.9145789559,-21.966789864,-22.5811386244,-21.9784062703,-23.2870581112,-23.4783586638,5,5,5,9,4,8,0.125052472685451,0.439585730724971,0.760438533666669
"Q03020",NA,NA,-20.684285434,NA,NA,NA,2,2,3,NA,NA,1,NA,NA,NA
"Q03048",-18.0682035864,-18.5345362801,-18.1281843076,-18.5803625668,-18.3691446303,-18.3276153985,14,12,16,10,11,14,0.529397786083956,0.81781557743957,0.182066140500002
"Q03063",-23.673306252,-22.7797005876,-22.355282126,NA,NA,-24.2814383535,2,3,2,NA,NA,1,NA,NA,NA
"Q03102",NA,-23.6143424058,-23.761866802,NA,NA,NA,1,1,1,NA,NA,NA,NA,NA,NA
"Q03103",-24.3304586765,NA,-24.4086468053,NA,NA,NA,2,2,1,NA,NA,NA,NA,NA,NA
"Q03104",-20.9430504574,-21.156393142,-21.2389948044,-22.3570198316,-21.8851482237,-22.2767354769,16,12,14,8,10,9,0.0120094882116159,0.125628140703518,1.0601550428
"Q03111",NA,NA,NA,NA,NA,-24.2269940557,4,NA,NA,1,1,1,NA,NA,NA
"Q03154",-23.3121710125,-20.7157787577,-22.3720897601,-21.7053692008,-23.4055814718,-21.4343037776,9,11,10,7,8,10,0.920630822311673,0.960878724044538,0.0484049732999985
"Q03161",-20.3303900053,-20.4400137015,-20.9866116615,-21.1829960674,-21.0797870548,-21.2488381567,12,13,8,3,5,4,0.0956804197814836,0.39047619047619,0.584868636866666
"Q03177",NA,-24.7144311413,-24.7091162732,NA,NA,NA,2,2,2,NA,NA,NA,NA,NA,NA
"Q03195",-23.7301316328,-23.4054697207,-22.5271832253,-23.2935045875,-23.9946705563,NA,5,6,9,6,6,7,0.360638010350776,0.711309523809524,0.42315937896667
"Q03219",NA,-22.1193069596,-22.4313325738,NA,NA,-22.7059342097,2,5,2,1,1,2,NA,NA,NA
"Q03252",-21.7542379974,-21.0880944711,-21.1687486825,-20.9561877124,-20.9885680355,-21.5303917385,12,14,16,19,20,23,0.594331512363427,0.845099667774086,-0.178644554866668
"Q03262",-24.3672856029,-24.7090772353,NA,NA,NA,NA,3,2,2,NA,NA,1,NA,NA,NA
"Q03323",NA,NA,-22.4950281231,NA,NA,NA,1,1,1,NA,1,NA,NA,NA,NA
"Q03390",-21.8288848024,NA,NA,NA,NA,NA,1,NA,NA,NA,NA,NA,NA,NA,NA
"Q03426",-22.2496678472,NA,-22.9658983712,-22.054094489,-23.3264047274,-23.2438644489,2,1,1,2,1,1,0.571329499712478,0.836456558773424,0.267004779233332
"Q03497",-25.5894980994,-26.2580763264,NA,NA,NA,NA,1,2,2,4,2,2,NA,NA,NA
"Q03529",-22.5123105524,-22.1685859809,-22.8048917215,NA,NA,NA,3,3,2,NA,NA,1,NA,NA,NA
"Q03532",NA,-24.7548653822,-23.9996993707,NA,NA,NA,2,3,3,NA,NA,1,NA,NA,NA
"Q03533",NA,NA,-22.7330762988,NA,NA,NA,2,0,5,NA,NA,NA,NA,NA,NA
"Q03558",-18.7996303988,-18.9334014165,-18.7487580275,-19.3138984098,-19.4201394532,-19.6706641471,40,36,40,30,23,27,0.0499305635422657,0.26369168356998,0.640970722433334
"Q03629",NA,-22.3775904386,-21.7064455197,NA,-22.6698164063,NA,1,1,3,1,2,1,NA,NA,NA
"Q03640",-22.2125350393,-21.8758923217,-21.4830341271,-22.5301831031,-23.0703396784,-22.9501771747,17,18,25,11,9,12,0.0239029614721104,0.172523961661342,0.993079489366668
"Q03655",-22.9222759185,-22.1576175069,-23.064203062,NA,NA,-23.1477879868,4,5,5,1,2,2,NA,NA,NA
"Q03690",-21.1379879518,-21.157251933,-20.8500542425,-21.7043427855,-22.464936797,-22.8034091471,28,39,34,17,16,14,0.0136854514088557,0.132701421800948,1.27579820076667
"Q03701",-21.2492772269,-21.2789530568,-21.7141248999,-21.417495943,-21.3333454456,-21.2761925629,18,22,15,23,25,23,0.783957015526164,0.915087956698241,-0.071773744033333
"Q03768",NA,-23.1025041725,-23.2823863423,-23.2361196756,NA,NA,1,3,2,1,1,1,NA,NA,NA
"Q03769",-23.7247864453,NA,-21.9744178961,NA,NA,-23.7971165417,4,2,4,NA,3,1,NA,NA,NA
"Q03862",NA,-24.1982265471,NA,NA,NA,-24.2093838493,2,1,NA,1,2,1,NA,NA,NA
"Q03921",NA,NA,-26.0723389755,NA,NA,NA,5,4,3,1,NA,1,NA,NA,NA
"Q03940",-20.7594878041,-21.1103090195,-21.1713269639,-22.5572548115,-21.816390498,-21.5521653993,11,9,9,5,5,7,0.0338734905117884,0.205194805194805,0.961562307099999
"Q03973",-21.4214789704,-21.0760281116,-20.6305947583,-20.9118566563,-21.2505554045,-22.7128448285,5,5,5,4,3,2,0.246549884991374,0.596371882086168,0.582385016333333
"Q04062",-22.0084486907,-21.9659504768,-23.7985395254,-23.8637384153,-23.4639530212,-23.2431303545,11,11,8,3,3,5,0.0958560954571593,0.39047619047619,0.932627699366666
"Q04067",-21.9775886688,NA,-21.6709623384,-22.894312502,NA,-23.5075952998,4,1,10,1,NA,4,0.0108404255319149,0.125628140703518,1.3766783973
"Q04080",NA,NA,-24.1345007263,NA,NA,NA,2,2,2,1,1,NA,NA,NA,NA
"Q04119",NA,-24.4573218963,-24.7675957939,NA,NA,NA,1,1,1,NA,NA,NA,NA,NA,NA
"Q04175",-24.6299397173,-24.6490026249,NA,NA,NA,NA,2,1,3,NA,NA,NA,NA,NA,NA
"Q04178",-21.7773021828,-21.1711046119,-22.1038579583,-22.3957630857,-20.8857510699,-21.9648720322,4,4,3,2,4,1,0.865953996549741,0.940738442444927,0.0647071449333332
"Q04182",-22.0663480879,-22.4672072945,-22.4982887097,-23.5933596722,-23.1843112219,-23.6529903196,20,15,21,10,10,12,0.0113834100057504,0.125628140703518,1.13293904053333
"Q04206",-21.1297060014,-22.3839782191,-21.7069261592,-22.6621711548,-21.4059416314,-21.9043003963,8,6,8,8,8,11,0.567330937320299,0.831407787762088,0.250600934266668
"Q04217",-24.7944418993,NA,NA,NA,NA,NA,1,1,NA,NA,NA,NA,NA,NA,NA
"Q04225",-23.1336987102,NA,-24.3503526949,NA,NA,NA,2,4,3,NA,NA,1,NA,NA,NA
"Q04304",-22.5375705699,NA,NA,NA,NA,NA,3,3,2,NA,3,2,NA,NA,NA
"Q04323",-20.8408380607,-20.1124397985,-20.5279957816,-19.9834618324,-19.9309850281,-20.5130762792,5,6,5,5,7,6,0.318829212190914,0.675483870967742,-0.351250167033335
"Q04336",-22.3288577978,-22.8873954288,-23.3659157242,-25.0389152775,-23.7105679286,-23.7661792198,12,11,12,6,5,9,0.0253397067280046,0.174846625766871,1.3111644917
"Q04338",-22.4280434729,NA,-22.7020858586,NA,NA,NA,1,3,3,NA,1,1,NA,NA,NA
"Q04344",-19.94243405,-19.5311511715,-20.1422201989,-20.3235573575,-21.7766957791,-20.966489276,6,7,7,4,4,4,0.0303812535940196,0.198347107438017,1.15031233073334
"Q04371",-22.1112042414,-22.0878963239,-21.6636725538,-22.5825207772,-23.26610088,-23.7112076557,10,6,13,5,4,6,0.0165304772857964,0.144,1.2323520646
"Q04373",-24.3068613652,-24.3781656872,NA,NA,NA,NA,4,2,2,NA,NA,NA,NA,NA,NA
"Q04409",-20.9534363746,-21.6965537112,-20.8816673933,-23.8986814984,-22.7350585629,-22.2894068194,21,14,17,5,10,9,0.00884430707303048,0.12258064516129,1.79716313386667
"Q04410",NA,-23.3596634932,-23.5333473666,NA,NA,NA,NA,1,3,NA,NA,NA,NA,NA,NA
"Q04432",-22.1772725472,-23.0096557672,-22.3412949589,NA,NA,-21.837012718,1,2,2,NA,NA,2,NA,NA,NA
"Q04438",-19.2578471734,-19.2555885191,-19.5904511979,-20.923016968,NA,-20.8264855146,8,8,7,3,4,3,0.00274784358826912,0.0454545454545455,1.5067889445
"Q04446",-23.6579109853,NA,NA,NA,NA,-23.8720609753,4,5,4,4,4,6,NA,NA,NA
"Q04458",-23.1140080766,-23.0779144692,NA,NA,NA,NA,5,3,2,NA,NA,NA,NA,NA,NA
"Q04491",-21.7015600503,NA,-22.0419947999,-22.2798613298,NA,-23.5925359821,9,10,10,7,5,7,0.0735323461759632,0.336569579288026,1.06442123085
"Q04493",-22.5410623139,NA,NA,NA,NA,NA,2,2,1,1,1,1,NA,NA,NA
"Q04602",-23.0586049797,NA,NA,NA,NA,NA,2,2,NA,NA,NA,NA,NA,NA,NA
"Q04636",-23.8301985747,-23.8768371912,-22.5637649582,-24.2782019124,-24.0311021503,-24.1848805627,7,6,7,3,2,3,0.107192495687177,0.411543287327478,0.741127967099999
"Q04637",-21.0930815447,-20.7049514233,-20.5450560541,-20.7847866996,-20.8543613694,-20.566594786,46,58,64,61,60,71,0.859175675675676,0.940738442444927,-0.0457820557000019
"Q04651",-23.2526983645,-23.0829262766,NA,NA,NA,NA,2,1,2,1,1,NA,NA,NA,NA
"Q04660",NA,NA,-24.9088654051,NA,NA,NA,5,3,1,NA,NA,1,NA,NA,NA
"Q04697",-20.3590134635,-21.3778869864,-20.7702596881,-22.3088913946,-21.4703599205,-21.9630088933,7,11,12,4,7,6,0.028710753306498,0.190058479532164,1.07836669013334
"Q04726",-23.9044599168,-25.0230710942,-23.5845219238,-23.417796102,-24.5515789706,-23.7517002131,3,1,5,5,3,4,0.561361845888442,0.827720207253886,-0.263659216366666
"Q04760",-19.1423931466,-19.0341121062,-19.2593090447,-19.1553324446,-18.8684147393,-19.0788950467,17,18,19,18,23,24,0.66298533640023,0.868089973313,-0.111057355633331
"Q04767",-21.4972194441,-20.9147572314,-20.600121785,-22.0786474912,-21.682344999,NA,2,3,3,1,2,NA,0.0542446808510638,0.273422562141491,0.876463424933334
"Q04773",-22.2229765961,NA,-22.0059716906,NA,NA,-22.1596009851,3,5,3,1,2,4,NA,NA,NA
"Q04792",-21.8514953545,-22.0769937112,-22.8973879732,-23.238010599,-24.1964735379,-23.1823790933,7,6,5,4,2,3,0.0222783208740656,0.16271186440678,1.26366206376667
"Q04837",-22.1982808831,-19.8738948341,-20.3484042878,-19.9091469389,-20.8208831869,-20.8398396258,4,5,9,8,4,10,0.603303910293272,0.851623510069873,-0.283570084466668
"Q04869",-21.857927756,-20.3890880505,-21.3093816013,-22.8916554916,NA,-21.3136734127,8,7,6,3,3,3,0.143387722829212,0.462845010615711,0.917198649550002
"Q04894",-20.5029459815,-21.2429235387,-21.4380425703,-23.17965688,-23.2037528332,-22.5036448112,7,7,4,4,3,5,0.00335163887291547,0.0454545454545455,1.90104747796667
"Q04917",-19.3302011906,-19.269660586,-19.3584610588,-19.2649810437,-19.7424352563,-19.2603039512,44,52,55,50,47,55,0.704425675675676,0.878457059679767,0.103132471933332
"Q04934",NA,-23.0816602059,NA,NA,NA,NA,NA,3,NA,NA,NA,NA,NA,NA,NA
"Q04941",NA,-21.557043413,-21.9549487239,-21.7560025386,-21.2938924401,-21.6943335056,NA,1,1,1,1,1,0.582670644048304,0.842016806722689,-0.174586573683332
"Q04947",-19.9205637979,-20.1325569909,-19.9951976633,-20.6137159389,-20.7492909737,-20.0866344716,15,12,10,10,7,11,0.164989936745256,0.496116504854369,0.467107644033334
"Q04964",NA,-21.8972359579,-22.2046717682,NA,NA,NA,1,1,1,NA,NA,NA,NA,NA,NA
"Q05015",NA,-22.7448772944,NA,NA,NA,NA,1,1,1,NA,NA,NA,NA,NA,NA
"Q05016",-20.0184283287,-20.3713753001,-19.9717252803,-22.2191439932,-21.499102889,-21.1365295549,8,7,8,1,5,6,0.00764577343300748,0.101449275362319,1.497749176
"Q05022",-24.4526513704,-23.5058584985,-23.4958666279,-25.9078860336,-24.7084881241,-24.201918486,19,19,16,5,6,11,0.0514298447383554,0.268924302788845,1.1213053823
"Q05029",NA,NA,-24.216278599,NA,NA,NA,NA,1,1,NA,NA,NA,NA,NA,NA
"Q05048",-21.1242737563,-21.3793761722,-21.9638977736,-20.8521277659,-21.3750631102,-21.0511928041,11,8,9,8,9,10,0.271380966072455,0.631130063965885,-0.396388007299997
"Q05050",-22.6671582228,-21.69303464,-22.1302873342,-24.2196393456,-24.3740055832,-23.550179351,15,15,13,5,6,6,0.00358568142610696,0.0454545454545455,1.8844480276
"Q05086",-24.525361969,-23.4249821027,-22.6980722918,-23.3403111959,NA,-23.3502196135,8,6,11,9,5,9,0.679150086256469,0.872523364485981,-0.204206716466665
"Q05123",NA,NA,-22.9150903189,NA,NA,NA,1,NA,3,NA,1,2,NA,NA,NA
"Q05209",-23.5952006702,-22.7863860705,-24.3210858799,-25.1194702657,-23.4041939224,NA,2,4,4,2,2,2,0.262414893617021,0.617067833698031,0.694274553850001
"Q05359",-21.3640316179,-22.3652846537,NA,NA,NA,NA,2,4,2,1,1,NA,NA,NA,NA
"Q05397",-24.9099378974,-24.9717568408,-23.9864241763,-23.9107834631,NA,NA,3,2,3,3,2,2,NA,NA,NA
"Q05506",-20.7365255208,-21.2591747696,-21.0926287319,-22.6344058465,-22.7636366504,-22.2444546612,25,30,28,16,18,18,0.0038230304772858,0.0561797752808989,1.51805604526667
"Q05515",-21.9206299297,-22.4410424618,-22.4965477918,-22.0203008517,-23.2280835395,-22.7428780041,4,4,4,6,3,4,0.348443070730305,0.702322738386308,0.377680737333332
"Q05518",NA,-24.3232041532,-24.5155276138,NA,NA,NA,2,3,2,NA,NA,NA,NA,NA,NA
"Q05519",-21.1769125845,-21.3592268675,-20.1732389255,-21.2291031526,-21.1263971924,-20.87071495,14,9,15,14,12,12,0.644117452558942,0.864433190494741,0.172278972500003
"Q05567",-24.7836037979,-24.1802823478,NA,NA,NA,NA,2,6,2,1,1,1,NA,NA,NA
"Q05584",-22.7742704252,-20.8985288179,-23.071931762,NA,NA,NA,4,7,2,1,NA,1,NA,NA,NA
"Q05639",NA,-21.5644097816,-21.4591226603,-21.5363517721,-23.6602135414,-22.597733349,78,80,87,77,85,88,0.0908223116733755,0.38,1.08633333321666
"Q05775",-20.5541873178,-21.4910081607,-20.9238901363,-21.0093520798,-21.3694636273,-21.5895956376,3,2,5,3,2,4,0.364299022426682,0.712609970674487,0.333108576633332
"Q05785",-24.0022474666,-24.6080517686,NA,NA,NA,-23.9843161547,2,2,2,NA,NA,2,NA,NA,NA
"Q05788",-22.9326728057,-23.0821455345,-23.1069346862,NA,NA,NA,3,3,4,NA,2,2,NA,NA,NA
"Q05874",NA,NA,NA,-23.3964601141,NA,NA,NA,NA,1,1,NA,1,NA,NA,NA
"Q05905",-20.4624611143,-20.398483626,-20.411739307,-20.8487676979,-20.7535530389,-21.5291741841,6,8,9,5,5,6,0.0936272282921219,0.384615384615385,0.619603624533333
"Q05911",-20.3292165576,-20.023933398,-20.2194482779,-20.8256552231,-20.3806756538,-21.3396040816,14,14,15,12,13,15,0.0937104657849339,0.385474860335196,0.657778908333334
"Q05933",NA,-22.4343457292,NA,NA,NA,NA,2,1,3,1,NA,3,NA,NA,NA
"Q05D32",NA,NA,-23.7485617768,-24.026125121,NA,NA,4,1,2,5,5,4,NA,NA,NA
"Q06103",-21.4055947273,-21.1357001414,-23.7768055185,-22.0721489351,-21.7201885886,-22.1985815936,8,7,7,5,6,7,0.834433438757907,0.934691238279987,-0.109060423300001
"Q06124",-21.2965438111,-21.1145655316,-21.6433320178,-21.7282416493,-21.4971744184,-21.3371636248,13,15,14,15,10,12,0.570295284646348,0.8348271446863,0.169379444
"Q06142",NA,NA,-23.3304742593,NA,NA,NA,1,1,3,NA,NA,NA,NA,NA,NA
"Q06146",-21.5594436276,-23.0041569114,-21.6464117017,NA,-22.54773049,NA,6,2,5,2,1,2,NA,NA,NA
"Q06151",-20.6863028173,-20.8436225358,-23.8712720082,-20.6560718679,-21.7757446049,-21.2121748454,9,9,3,9,5,4,0.40561170212766,0.748087431693989,-0.585735347699998
"Q06169",-23.1285886609,-23.8929306235,-23.0017060592,NA,NA,NA,4,1,3,NA,NA,NA,NA,NA,NA
"Q06177",-19.9997412998,-20.8451708548,-19.5249798779,NA,NA,-21.6850871571,6,8,6,1,1,2,NA,NA,NA
"Q06187",-23.522082493,-22.4678249417,-22.2303704727,-24.7176792226,-23.295103321,-24.5707954291,6,8,6,7,5,6,0.0222179413456009,0.16271186440678,1.4544333551
"Q06203",-20.1209428736,-20.3483715425,-20.1973151094,-19.8921348669,-20.3769219167,-21.3602486655,16,16,16,16,19,15,0.4374943933295,0.761609907120743,0.320891974533332
"Q06210",-20.6627535853,-20.4946885588,-20.5635254314,-20.4117297294,-20.7666574099,-20.0734440312,20,26,24,25,24,29,0.605301178838413,0.852124183006536,-0.156378801666666
"Q06252",-19.5307449771,-19.5514292065,-20.1093036286,-20.7240385635,-20.5373788432,-21.3543460072,11,8,8,8,6,4,0.0175822311673376,0.144,1.1414285339
"Q06265",-21.0133429978,-20.8300216647,-21.6893396948,-20.7319709231,-21.8402106616,-21.6185833763,7,7,6,8,4,5,0.582498562392179,0.84197218710493,0.219353534566668
"Q06287",-22.0711115719,-22.9889705975,-23.151823494,NA,-22.8880489762,NA,3,3,3,1,1,NA,NA,NA,NA
"Q06323",-19.9708575064,-20.5365555269,-19.727970795,-21.0182080477,-20.0624236587,-19.2451538027,9,8,13,8,13,14,0.928605807935595,0.962089552238806,0.0301338935999986
"Q06336",NA,-23.8812810125,-23.3272052597,NA,NA,-24.3443728756,0,1,6,4,NA,2,NA,NA,NA
"Q06344",NA,-24.2204773978,-24.7721349602,NA,NA,NA,1,2,1,NA,NA,NA,NA,NA,NA
"Q06385",-21.9982241039,-22.2936043317,-22.2031448945,NA,NA,NA,5,3,5,1,1,1,NA,NA,NA
"Q06406",-21.7090278968,NA,-21.4349699978,NA,NA,NA,2,2,2,1,2,2,NA,NA,NA
"Q06413",-23.7141606242,-22.7323725739,NA,NA,-23.5686238955,-23.744171288,2,2,NA,NA,4,2,0.335043847038528,0.690431519699812,0.433130992700001
"Q06440",-21.804885932,-21.5315391757,-21.3704079164,-23.1119704279,-22.7205904372,-22.4716642569,10,8,16,4,5,5,0.0103476135710178,0.125628140703518,1.1991306993
"Q06449",-20.8230592745,-21.3316347898,-21.6286472173,-21.7533119401,NA,-23.2924895363,3,3,3,3,1,3,0.0410805060379528,0.244803695150115,1.26178697766667
"Q06485",-21.0907149638,-21.6079845766,NA,NA,NA,NA,1,1,NA,NA,NA,NA,NA,NA,NA
"Q06489",-23.1953412318,-23.4346891305,-23.3247392299,NA,NA,NA,4,3,3,1,2,3,NA,NA,NA
"Q06493",NA,NA,-24.0719208477,NA,NA,NA,NA,NA,1,NA,NA,NA,NA,NA,NA
"Q06494",-22.7772273839,-22.7630210703,-21.7996733425,NA,NA,NA,2,3,4,1,NA,NA,NA,NA,NA
"Q06505",-21.5123522728,-22.4608457304,-21.2514426307,NA,NA,-23.2690928512,6,6,6,1,NA,2,NA,NA,NA
"Q06523",-21.164847372,-20.3020009524,-21.4740111772,-21.9253557585,-22.2460086337,-22.5030596773,8,10,6,3,4,4,0.0179646348476136,0.14828897338403,1.24452152263333
"Q06546",-22.046228047,-23.1855186053,NA,-21.8801284344,-23.6206508491,-21.4221645299,3,2,3,3,2,7,0.620498849913743,0.859839357429719,-0.308225388350003
"Q06587",-21.8956885783,-21.9084354882,-22.3536726649,-21.9228683945,-22.2835232799,-21.9888272824,2,5,5,4,3,6,0.946488211615871,0.966166519564578,0.0124740751333334
"Q06625",-23.171774704,-22.9434247084,-22.8738001452,-25.7731805415,NA,-25.0439721534,14,13,13,5,3,6,0.000592581943645773,0,2.41224316158333
"Q06685",-25.0746715477,-24.2376443713,-24.5889728831,NA,NA,-25.5582436948,6,5,4,2,NA,2,NA,NA,NA
"Q06697",NA,NA,-23.9168090962,NA,NA,NA,NA,NA,2,NA,NA,NA,NA,NA,NA
"Q06704",-25.5334798202,-24.2281193929,NA,NA,NA,NA,1,2,NA,NA,NA,1,NA,NA,NA
"Q06705",-22.2262934636,NA,-22.5981642087,-24.3176960508,NA,NA,4,3,2,1,NA,1,NA,NA,NA
"Q06706",-25.4991775371,-24.0577638219,-24.3303052651,NA,NA,NA,3,6,4,NA,NA,NA,NA,NA,NA
"Q06709",NA,-23.8005907018,NA,NA,NA,NA,1,2,2,NA,NA,NA,NA,NA,NA
"Q06787",NA,NA,-24.2437377497,NA,NA,NA,1,1,2,2,NA,1,NA,NA,NA
"Q06830",-17.4244842682,-17.3520919735,-17.1733614706,-17.3655998973,-17.1632985067,-17.2468592156,41,46,55,52,54,55,0.805095600920069,0.921340856289413,-0.0580600308999983
"Q06833",NA,NA,-23.820063188,NA,NA,NA,NA,4,2,NA,NA,NA,NA,NA,NA
"Q07020",-19.4425077004,-19.78203982,-19.466860206,-19.2752040121,-18.8827392423,-19.0087065531,10,8,11,11,14,16,0.115165324899367,0.420798065296252,-0.508252639633334
"Q07021",-18.713454804,-18.5323562008,-18.4566937563,-18.3901050132,-18.3273125654,-18.524160953,19,21,17,21,20,18,0.551742236917769,0.826730518067044,-0.153642076500002
"Q07157",-23.4058674208,-23.9582733133,-22.7844453617,-23.0036904381,-23.5179181845,-23.1839499145,7,8,11,14,10,10,0.683652530189764,0.874534623976173,-0.147675852900001
"Q07362",-21.0905840611,-21.3005761771,-21.6015877131,NA,NA,NA,4,3,6,1,2,NA,NA,NA,NA
"Q07381",NA,-24.4006936752,-24.6628525554,NA,NA,NA,1,2,2,NA,1,NA,NA,NA,NA
"Q07418",NA,NA,-23.1646511441,-23.7699564958,NA,NA,1,3,1,1,1,NA,NA,NA,NA
"Q07451",-20.2297270768,-21.0212889974,-21.1611827687,-22.5298795831,-21.3620991525,-22.4473106613,5,5,4,2,3,3,0.0207551753881541,0.157342657342657,1.30903018466667
"Q07478",-19.9046837086,-19.8151483628,-20.0214273765,-21.0098972304,-21.0239547036,-21.6016403916,23,24,15,15,15,14,0.00649151811385854,0.078740157480315,1.2980776259
"Q07505",-23.2030176199,NA,-21.5857290693,NA,-23.0788859489,-22.3471824746,3,3,5,NA,3,2,0.59306497987349,0.845099667774086,0.318660867150001
"Q07541",NA,-21.6528728047,-21.7528380096,NA,-21.6212493251,NA,1,2,2,NA,1,NA,NA,NA,NA
"Q07551",-19.2052626609,-19.4786861851,-19.2610097904,-19.6270008279,-19.5871628886,-20.0098582803,18,21,23,10,16,13,0.16979470960322,0.498570066730219,0.426354453466669
"Q07623",-21.9651776673,-21.6581457492,-22.0677916757,NA,-22.5332576434,NA,1,3,3,NA,3,NA,NA,NA,NA
"Q07651",NA,-22.8487832714,-22.972722023,-22.9071914807,NA,NA,NA,1,1,1,1,NA,NA,NA,NA
"Q07653",-21.2314045489,-21.3503205628,-21.610144919,-23.6795220129,-25.109450962,-23.4998066656,19,18,13,7,3,4,0.00144033927544566,0.0212765957446809,2.69896986993333
"Q07657",-24.1578472333,-24.1298680079,NA,NA,NA,NA,1,3,NA,NA,2,NA,NA,NA,NA
"Q07666",-20.0116672902,-19.6657006871,-19.7318330737,-19.8927243999,-19.4176295027,-19.463775618,25,27,26,20,30,32,0.479495974698102,0.784503631961259,-0.211690510133334
"Q07688",-20.50381368,-21.0073468724,-21.3904587103,NA,NA,NA,4,4,4,2,1,4,NA,NA,NA
"Q07716",NA,NA,-23.2074530989,NA,NA,NA,1,NA,2,NA,NA,NA,NA,NA,NA
"Q07807",-23.2325407873,-24.7019810341,-24.7827417047,NA,NA,NA,7,2,6,2,2,3,NA,NA,NA
"Q07812",NA,-20.8541328569,-22.5706717242,-22.0087281231,-22.8475978615,-21.037242438,2,4,2,4,4,4,0.672425388154112,0.870086110071134,0.252120516983329
"Q07825",-24.2546280099,-22.5471698331,-23.7193480111,NA,NA,NA,3,6,5,1,1,NA,NA,NA,NA
"Q07864",-26.5870283184,-25.4243150019,-25.4929480802,-25.1772550092,-26.3887098308,-26.1868776228,3,5,4,5,3,4,0.834808079355952,0.934691238279987,0.0828503540999996
"Q07866",-22.2834206966,-21.617924441,-21.738034851,-21.6919750321,-20.8279197266,-21.5637017909,11,13,11,13,14,15,0.18714174813111,0.517953321364452,-0.518594479666664
"Q07878",-26.1913710614,NA,-25.9768022057,NA,NA,NA,4,5,4,NA,NA,NA,NA,NA,NA
"Q07914",NA,-22.2241689347,-22.1921314741,NA,NA,NA,NA,1,1,NA,NA,1,NA,NA,NA
"Q07955",-17.9112077523,-18.2518633539,-18.360941054,-18.2739784759,-18.0036186684,-18.2100088163,35,32,32,36,35,35,0.945805922944221,0.966166519564578,-0.0121353998666685
"Q07960",-22.2152686158,-22.3508746654,-22.6693694943,-20.9155150983,-21.960884432,-22.6048393809,8,6,9,11,8,9,0.212452415181139,0.544776119402985,-0.584757954766665
"Q08170",-23.5651836099,-21.83377297,-22.4767800454,-22.0260993696,-22.2977109474,-22.4275953554,5,10,7,14,13,15,0.407406124209316,0.748087431693989,-0.374776984299999
"Q08179",-24.2802135261,NA,-22.8237549109,NA,NA,-24.3915150415,3,4,3,NA,NA,1,NA,NA,NA
"Q08193",-21.9367299774,-21.7804261582,-22.0162518886,-22.4233834491,-23.0783724096,-22.21587822,4,4,4,3,2,5,0.0850090569292697,0.364041604754829,0.661408684833333
"Q08208",-22.5745132872,-23.9632429387,-22.9419761819,NA,NA,NA,4,2,3,1,2,1,NA,NA,NA
"Q08211",-18.9117612821,-18.9785498391,-19.1667798326,-18.9231440837,-18.7315885401,-19.2069307633,88,89,91,92,88,96,0.802676394479586,0.920465890183028,-0.0651425222333337
"Q08220",-22.884654541,-22.0583765619,-22.1983069584,NA,NA,-24.3332917954,3,6,5,1,2,4,NA,NA,NA
"Q08225",NA,NA,-23.9712052495,NA,NA,NA,1,3,3,NA,NA,2,NA,NA,NA
"Q08245",-18.9383432177,-18.9993871178,-18.8866677634,-19.4039428762,-19.6357529048,-19.2418873825,9,9,10,5,7,6,0.10996578493387,0.412204234122042,0.485728354866666
"Q08257",-19.9458153197,-19.763370469,-19.8190442351,-20.2069977876,-19.799082759,-20.0556687483,14,14,13,12,13,11,0.515919493962047,0.810114942528736,0.177839757033333
"Q08273",NA,-21.7888082568,NA,NA,NA,NA,1,1,NA,NA,NA,NA,NA,NA,NA
"Q08378",-24.1016293174,-24.8568785877,-24.4413286241,-24.2402687478,-24.1620518235,-24.0293565091,7,4,7,9,7,7,0.324029470960322,0.684580934101088,-0.322719816266666
"Q08379",-21.8754322036,-21.8821726074,-21.4884113888,-21.1387032503,-20.7657546291,-21.465683574,13,12,14,21,17,12,0.0895845313398505,0.374461979913917,-0.625291582133332
"Q08412",-20.5528290636,-20.6196767217,-21.6765747651,-23.6445853581,NA,-21.8968642129,8,9,7,7,3,7,0.0181933582518689,0.14828897338403,1.8210312687
"Q08421",NA,-22.6079887093,-24.0377324716,NA,NA,NA,1,2,1,4,1,1,NA,NA,NA
"Q08548",-24.5253349943,NA,-24.8161367385,NA,NA,NA,2,1,3,NA,1,1,NA,NA,NA
"Q08601",NA,-23.5799522101,-22.5663770114,NA,NA,NA,NA,2,2,NA,NA,NA,NA,NA,NA
"Q08623",NA,NA,NA,NA,-22.370124921,NA,NA,1,NA,NA,2,2,NA,NA,NA
"Q08641",-21.7478572339,-21.406114073,-22.8654331617,-25.3528758166,NA,NA,6,6,5,3,2,2,NA,NA,NA
"Q08647",-23.1298965001,NA,-23.2801902317,NA,NA,NA,3,1,3,NA,NA,NA,NA,NA,NA
"Q08686",-21.2128846971,NA,-21.8576001926,-22.8734308725,NA,NA,6,5,7,4,NA,NA,NA,NA,NA
"Q08723",-20.85102486,-23.1895468936,-22.5407478471,-23.5730610522,-23.0331812893,-22.3053839755,9,6,9,5,4,3,0.195876797009776,0.529155787641427,0.776768905433332
"Q08732",NA,NA,-24.3865349512,NA,NA,NA,2,NA,3,NA,NA,NA,NA,NA,NA
"Q08742",-22.0363920555,-20.7309325871,-21.3117225851,-22.8180612282,NA,-23.1270922686,3,4,3,3,NA,3,0.0114414893617021,0.125628140703518,1.61289433916667
"Q08752",-20.1512533854,-20.0061132677,-19.6458628712,-20.2808896213,-20.7758156927,-20.1381405547,18,17,23,14,18,18,0.184718516388729,0.516772438803264,0.463872114800001
"Q08826",NA,-22.6880726718,-22.8288136011,NA,NA,NA,1,2,1,NA,NA,1,NA,NA,NA
"Q08925",-24.21971751,NA,NA,NA,NA,NA,1,NA,1,1,NA,NA,NA,NA,NA
"Q08945",-21.0586661429,-21.5331643774,-21.2092420249,-21.4402020198,-20.8472196148,-20.7548388998,20,15,16,18,17,20,0.447661587119034,0.765871000507872,-0.252937336933332
"Q08951",NA,NA,-24.8304625748,NA,NA,NA,1,3,3,1,1,1,NA,NA,NA
"Q08954",-21.5384591925,-21.2226275332,-22.553970095,NA,NA,NA,3,4,3,1,NA,1,NA,NA,NA
"Q08959",-22.8870557008,-22.5070652905,-22.9400595996,NA,-22.7621166885,NA,1,1,1,NA,1,1,NA,NA,NA
"Q08971",-20.4047983698,-20.9219295285,-21.8318798698,-22.3770058315,-20.9583793071,-21.9546995072,5,6,5,4,5,4,0.1680488786659,0.496644295302013,0.710492292566663
"Q08972",-22.1982169001,-22.2118630285,-21.9385834575,-25.1471406695,-23.1101377864,-23.0496919868,16,15,22,8,10,10,0.0188224554341576,0.148550724637681,1.65276901886666
"Q08977",-21.5742398098,-24.3752729074,-22.9190085824,NA,NA,-23.9608395969,8,12,5,4,3,5,NA,NA,NA
"Q08985",-22.5693077107,-22.2911632419,-23.2740135753,-22.3582766994,-22.7172674157,-22.2955774818,3,4,3,3,2,2,0.478165324899367,0.784503631961259,-0.254454310333333
"Q08AM6",-24.4568354972,-23.4830264239,-22.7302202711,-23.2497425645,-24.5362216795,-22.2790013961,3,4,4,4,3,5,0.710469378953422,0.882671480144404,-0.201705517366666
"Q08J23",-19.4693318174,-20.2561247033,-19.7216469181,-19.3064430724,-19.7233846312,-19.5181346811,37,27,35,38,34,40,0.377597469810236,0.724296381390006,-0.299713684699999
"Q09028",-19.3456965407,-19.321738725,-19.158747058,-19.1813092348,-19.2862953036,-19.1254919726,33,34,35,38,35,21,0.741040971822887,0.903669724770642,-0.0776952708999978
"Q09161",-21.4561894352,-20.8918698324,-21.2620446596,-21.5754289887,-21.391975125,-20.676069533,14,19,19,16,16,23,0.95404399079931,0.966783216783217,0.011123239833335
"Q09472",NA,NA,NA,NA,NA,-26.0958015286,NA,1,1,3,2,2,NA,NA,NA
"Q09666",-22.9719085213,-23.1957503924,-23.7042426995,-23.2076927895,-23.5230775836,-23.5667241429,42,48,46,44,50,52,0.650674956871765,0.865712074303406,0.141864300933332
"Q0PNE2",-21.9837710293,-23.4280229345,-22.2487806449,-23.2038525528,-23.2811766313,NA,2,2,2,2,3,1,0.172886285221392,0.505183788878417,0.688989722483335
"Q0VDF9",-20.0515039156,-20.1037628995,-20.3297828244,-19.8750806381,-20.0115859877,-20.4062053645,13,15,13,16,17,13,0.81080793559517,0.924422442244224,-0.064059216400004
"Q10471",-22.8282367218,-24.0696946855,-22.5203564481,NA,NA,-22.804528236,6,5,7,5,3,7,NA,NA,NA
"Q10567",-22.3812547827,-22.0840368112,-21.4133279684,-22.3281772943,-22.0999381372,-21.6146402518,9,8,28,8,7,37,0.864240511788384,0.940738442444927,0.0547120403333317
"Q10570",-24.2058901176,-22.4475100601,-22.6446753875,-23.4650281222,-22.4085993199,-23.3371107884,10,15,11,10,13,13,0.933796722254169,0.962533452274755,-0.0291124449000009
"Q10589",NA,NA,NA,NA,NA,-21.7922511698,NA,NA,NA,1,1,1,NA,NA,NA
"Q10713",-19.9269909813,-21.404021348,-20.7310883417,-21.1486396058,-20.7691540235,-20.2926991782,14,13,12,11,11,12,0.888993243243243,0.944427387166104,0.0494640454999988
"Q10740",NA,-24.0950598919,-23.9536147302,NA,NA,-23.3753147075,5,3,5,2,NA,3,NA,NA,NA
"Q12008",-22.5214941267,-22.5296835285,-21.5044826488,-23.5580461769,NA,-23.0404853474,3,4,5,2,2,2,0.036428982173663,0.215346534653465,1.11404566081667
"Q12018",-23.8559351616,-23.9755137477,-23.8912598202,-24.1960461605,NA,NA,4,6,5,3,NA,NA,NA,NA,NA
"Q12025",-22.6239654335,-22.5232021012,-22.5578307383,NA,NA,NA,1,1,1,NA,NA,NA,NA,NA,NA
"Q12028",NA,NA,-25.1805168869,NA,NA,NA,3,2,2,NA,NA,NA,NA,NA,NA
"Q12030",-22.7785450028,NA,NA,NA,NA,NA,1,NA,NA,NA,NA,NA,NA,NA,NA
"Q12034",NA,NA,-24.0374401522,NA,NA,-24.3660572849,2,1,2,NA,NA,1,NA,NA,NA
"Q12044",-21.910392814,-22.5564887866,NA,NA,NA,NA,3,4,2,NA,NA,NA,NA,NA,NA
"Q12055",-21.8293085129,-23.1618970502,NA,NA,NA,NA,4,3,3,NA,NA,1,NA,NA,NA
"Q12068",-20.9730435454,-21.5471278224,-21.3459783839,NA,-21.2951562487,-22.3691433242,8,9,10,6,6,7,0.219656555491662,0.551417004048583,0.543433202549998
"Q12074",-20.8107456613,-21.1545431876,-20.9681888974,-21.9900814607,-21.2671308296,-21.6132266548,8,7,9,4,7,4,0.0786365727429557,0.348909657320872,0.645653732933329
"Q12078",-22.8251730599,NA,NA,-23.8647284533,NA,NA,2,NA,NA,1,NA,NA,NA,NA,NA
"Q12109",-21.4902797049,-21.8525970967,-21.8823079526,-24.2024546667,NA,-23.3958596874,9,10,10,2,3,6,0.00194249568717654,0.0384615384615385,2.05742892565
"Q12114",-23.1269966871,-21.5865451142,-21.9050281599,-24.6592513956,-24.1364685019,-23.514289214,4,7,6,5,3,3,0.00785537665324899,0.107142857142857,1.89714638343333
"Q12117",-21.1742844359,-20.3023885046,-21.2491692592,-21.7756430934,-20.9984521399,-21.0393846411,6,8,5,4,7,6,0.365252443933295,0.712609970674487,0.362545891566665
"Q12118",-19.9493227,-19.2600788022,-19.3844420821,-20.2326668038,-20.2909853706,-21.5162240032,15,15,21,13,11,10,0.0318757906843013,0.198347107438017,1.1486775311
"Q12122",-22.6860630595,-21.0969427385,-21.7330603223,-22.8017585955,-22.7574679159,-22.248993134,16,16,13,7,9,13,0.116468516388729,0.425814234016888,0.764051175033334
"Q12123",-21.415701491,-21.8086818259,-21.8395663174,-22.1322921376,-22.576434897,-22.0943947092,6,4,5,3,3,2,0.0973893041978148,0.390896921017403,0.5797240365
"Q12125",-22.8257276515,NA,-21.2417819751,NA,NA,-23.4144051905,2,4,6,1,2,1,NA,NA,NA
"Q12133",-22.3554902716,NA,NA,NA,NA,NA,2,NA,2,2,NA,1,NA,NA,NA
"Q12154",-21.0870084923,-20.5594542263,-21.0706421722,-21.4800040596,-22.7642485353,-22.2978494525,9,16,14,6,8,7,0.0182800460034503,0.14828897338403,1.2749990522
"Q12159",-20.1618489831,-20.7105812306,-21.0130684854,-21.9154974612,-21.3322045874,-21.1864888993,9,6,7,7,7,6,0.052149511213341,0.273422562141491,0.849564082933334
"Q12164",-22.8427842351,-21.9715835053,-22.8962657315,-23.0870271778,NA,NA,3,4,1,3,1,1,NA,NA,NA
"Q12165",-21.8493477829,-22.2388610004,-21.7137665568,NA,NA,NA,1,1,1,NA,1,0,NA,NA,NA
"Q12176",-25.3725806726,NA,NA,NA,NA,NA,2,3,3,3,NA,2,NA,NA,NA
"Q12178",NA,-21.7801772169,NA,NA,-21.9263611235,NA,1,2,1,1,2,1,NA,NA,NA
"Q12189",-22.6085488821,-22.9505200333,NA,NA,NA,NA,2,2,2,1,NA,NA,NA,NA,NA
"Q12191",-22.2131769677,-23.2294340474,-23.1627152366,NA,NA,NA,4,1,1,NA,NA,NA,NA,NA,NA
"Q12206",NA,NA,-24.2016803882,NA,NA,NA,NA,1,1,0,0,0,NA,NA,NA
"Q12207",-21.1999261372,-21.1108464715,-22.250896456,-22.130185149,NA,NA,2,2,3,1,1,2,NA,NA,NA
"Q12220",-24.6389657611,NA,-25.1919563372,NA,NA,NA,1,1,1,1,1,1,NA,NA,NA
"Q12230",-19.3146147233,-19.2803202792,-19.6947489381,-20.313248161,-20.0347481417,-20.4543305759,15,17,17,9,13,9,0.0280388154111558,0.189189189189189,0.837547645999997
"Q12250",-22.501746824,-22.8637252047,-22.2651934989,-22.2137240159,-23.0409136284,-22.4143735173,5,7,6,4,3,3,0.950009344450834,0.966783216783217,0.0127818779999984
"Q12265",-23.9079098499,-22.2094420453,-22.8548735687,-23.3564039301,NA,-23.4610034098,7,6,4,4,2,3,0.408754456584244,0.748499727223132,0.417961848649998
"Q12271",-25.0447082623,NA,NA,NA,NA,NA,2,NA,1,1,1,1,NA,NA,NA
"Q12285",-21.3283389243,-22.0475874549,-21.3164055544,-22.7278824413,-21.3546955025,-21.7853457557,4,5,6,3,5,4,0.367080649798735,0.712784588441331,0.391863921966667
"Q12296",NA,NA,-23.8857030634,NA,NA,NA,NA,NA,1,NA,NA,NA,NA,NA,NA
"Q12305",-19.3512750943,-19.093346627,-18.9546714531,-21.9031888087,-20.0690082629,-19.9940001499,6,11,9,4,5,6,0.0208931857389304,0.157342657342657,1.52230134903333
"Q12306",-19.5902972513,-19.8247157019,-18.9640278682,-21.5373414816,-19.7123919297,-19.8540243181,3,5,7,4,3,3,0.105305922944221,0.41025641025641,0.908238969333333
"Q12314",-22.1840078502,-22.9453092247,-21.8053161748,NA,-22.3104562264,-21.6517349848,6,7,5,2,3,4,0.451737492811961,0.768922305764411,-0.330448810966669
"Q12329",NA,-21.4613706484,-20.7237665391,-24.5406637617,NA,NA,5,6,9,4,5,3,NA,NA,NA
"Q12335",-19.088093015,-18.9830042964,-19.0297195124,-20.3791043138,-20.9343702436,-19.6282695267,10,13,12,6,5,8,0.0157985911443358,0.143478260869565,1.28030908676667
"Q12363",-19.4262570366,-19.5489329394,-19.3142973884,-19.6096884989,-19.9352201547,-19.509049241,30,24,28,21,19,20,0.376284071305348,0.721934369602763,0.254823510066664
"Q12377",-21.3245831247,-23.1649641602,-21.1401578083,-22.2769037012,-23.4634839406,-21.705425355,8,5,6,3,6,5,0.313417337550316,0.672067401166559,0.6053693012
"Q12434",-21.4739791195,-22.4327392984,-20.4535107226,-22.1421537962,-21.4208912278,NA,3,6,6,2,3,1,0.555127372052904,0.826730518067044,0.328112798499998
"Q12443",-20.3755909559,-20.6943121645,-20.9165601053,-21.5861884524,-21.4305186563,-21.8341464405,11,10,11,6,5,5,0.0194562967222542,0.148550724637681,0.954796774499997
"Q12447",-20.2099924851,-20.1429197622,-19.8865751905,-20.5792917167,-20.9095449234,-20.9362809803,8,8,9,5,6,4,0.0384535652673951,0.229665071770335,0.728543394200003
"Q12449",-21.7064002367,-21.609565478,-20.6914134047,-21.3078028973,-21.5201274258,-23.0675856327,7,8,8,7,5,6,0.231365439907993,0.567843137254902,0.629378945466666
"Q12451",NA,NA,-25.7516037065,NA,NA,NA,1,1,2,NA,NA,1,NA,NA,NA
"Q12452",-21.6477234184,-24.2279299567,-22.1825129972,-22.9389963363,NA,-22.5206829669,5,6,7,4,1,4,0.927996262219666,0.962089552238806,0.043784194166669
"Q12458",-20.3986059601,-21.5104007877,-20.2806361984,-21.3594909643,-21.1459599073,-21.4935037179,9,9,7,4,5,4,0.15978421506613,0.487077534791252,0.603103881100001
"Q12460",-20.8262844789,-20.6620507328,-20.7324740501,-20.8373306573,-21.3113156016,-21.0514917991,17,18,21,12,10,14,0.267135422656699,0.619912790697674,0.326442932066666
"Q12464",-23.0038184868,-22.7350579254,-23.074680308,-21.7142519717,-23.9121677999,-23.9348410267,8,7,6,7,6,5,0.635964347326049,0.863582908663269,0.2492346927
"Q12466",-22.5323208736,-23.8734220834,-23.3605626824,NA,NA,NA,12,7,8,4,2,NA,NA,NA,NA
"Q12480",NA,-21.6204714407,-21.5762975417,-23.2889074993,NA,NA,1,3,3,1,1,1,NA,NA,NA
"Q12496",NA,NA,-25.2170623363,NA,NA,NA,NA,6,6,3,NA,4,NA,NA,NA
"Q12497",-20.9051853388,-21.3236722294,-20.6905506563,NA,NA,NA,2,2,3,2,2,2,NA,NA,NA
"Q12499",-20.2365536176,-21.3856133992,-21.2921735347,-21.5807769497,-22.2701771265,-21.8845193818,14,10,14,7,7,9,0.0513395629672225,0.268924302788845,0.940377635499999
"Q12513",-20.6501835712,-19.4965748665,-19.5819679632,-21.3724270694,-20.8368568297,NA,5,7,7,3,2,6,0.0330419781483611,0.205194805194805,1.19506648258333
"Q12514",-24.3601203859,NA,NA,NA,NA,NA,3,1,3,NA,NA,1,NA,NA,NA
"Q12515",-23.0644164758,-22.2883358962,-21.5644091927,NA,-23.1759931695,-23.5662559546,2,4,6,1,3,2,0.0569744105807936,0.285451197053407,1.06540404048333
"Q12522",-21.1838731202,-21.1383720288,-21.0027232622,-21.2755279259,-20.6904285556,-20.9186653518,2,2,4,2,4,3,0.612694364577343,0.856447688564477,-0.146782192633331
"Q12532",-24.9469728329,-24.450816977,-25.2874440042,NA,NA,NA,8,6,5,1,1,1,NA,NA,NA
"Q12672",-21.544288169,NA,NA,NA,NA,NA,1,2,1,11,8,1,NA,NA,NA
"Q12680",-24.1596063919,-24.9125648551,-25.0776647286,NA,NA,NA,6,9,11,2,NA,NA,NA,NA,NA
"Q12692",-20.6416181931,-21.9245533235,-22.2403104133,NA,NA,-22.1991098568,30,27,26,30,33,32,NA,NA,NA
"Q12743",-22.1964876548,-23.2202946404,-23.8063123705,NA,NA,-22.6500977911,2,2,1,2,1,2,NA,NA,NA
"Q12746",-21.3160871203,-21.5824374573,-21.175883204,-21.3645019758,-22.7553647731,-22.1398450395,6,7,7,7,3,5,0.107049453709028,0.411543287327478,0.728434668933332
"Q12754",NA,NA,-25.1499580956,NA,NA,NA,2,1,3,NA,NA,NA,NA,NA,NA
"Q12768",NA,-25.2882966181,-25.5446473667,-25.2091636377,NA,-24.5409336114,NA,3,3,2,1,2,0.179259200690052,0.512014787430684,-0.541423367849998
"Q12769",-22.6939708335,-22.3481942367,-22.1327581669,-22.5109904915,-22.3660494061,-21.7938056426,17,14,17,17,17,20,0.611093156986774,0.856156034132466,-0.168025898966668
"Q12788",-20.6616604818,-20.5392768316,-20.8299018513,-20.9728645131,-20.54926989,-21.0973786111,18,17,20,20,18,19,0.510785508913169,0.802960222016651,0.1962246165
"Q12789",-26.1952256076,-25.9898634793,-26.0912716442,-24.7494854184,-24.7349035503,-24.3887658053,5,3,8,6,6,7,0.00280707303047729,0.0454545454545455,-1.46773531903333
"Q12800",-23.314287521,-24.0555960561,NA,-24.1559475782,-23.7253130686,-22.6506561663,4,4,3,6,4,8,0.709688039102933,0.88205499276411,-0.174302850850001
"Q12824",-21.8716201854,-22.1484464496,-21.8750751701,-21.5963286889,-22.1167454616,-21.8040720302,6,6,5,10,6,7,0.657506037952846,0.867794004611837,-0.125998541466668
"Q12830",NA,NA,NA,NA,-26.9436068128,NA,1,NA,NA,NA,1,1,NA,NA,NA
"Q12834",NA,NA,-23.8464371964,NA,-23.4899896574,NA,1,1,1,1,1,1,NA,NA,NA
"Q12846",NA,-23.4669090259,NA,NA,NA,NA,NA,3,NA,1,NA,2,NA,NA,NA
"Q12849",-20.4930885538,-20.141439877,-20.6455443488,-19.9476392755,-20.1367442185,-21.1540152347,12,17,12,15,14,17,0.951073174238068,0.966783216783217,-0.0138913502999998
"Q12872",-23.9300499618,-24.527948186,NA,-23.8004233022,-23.7485565362,-25.1416190357,5,6,4,6,7,6,0.976807216791259,0.97439585730725,0.00120055080000014
"Q12874",-20.1776268391,-20.4094086917,-20.2229695838,-19.6376077802,-19.7955154442,-20.0480715804,19,21,20,22,24,23,0.147022714203565,0.467505241090147,-0.442936769933336
"Q12888",-22.9511214651,-23.4999966322,-22.7326933457,-22.4717027412,-22.4280219886,-22.4521929172,14,10,12,14,13,16,0.091605376653249,0.382228490832158,-0.610631265333332
"Q12904",-19.4188258345,-19.4201834094,-19.739559049,-19.2188049309,-19.4861679331,-19.4192858226,14,14,17,12,13,19,0.578504744105808,0.83790628957366,-0.151436535433334
"Q12905",-19.4939923398,-19.6780584206,-19.0015420865,-19.2739069232,-19.672854811,-18.9177305529,25,25,28,24,27,35,0.751528752156412,0.90426638917794,-0.10303351993333
"Q12906",-19.3927907743,-19.2715365325,-19.8192760977,-19.2529920143,-19.3082411193,-19.5609662633,58,64,56,60,58,66,0.675967941345601,0.870086110071134,-0.120468002533332
"Q12907",-22.8424048373,-22.200084598,-22.1419999183,-23.2568365288,-22.163866587,-22.517484305,2,3,3,2,2,2,0.516444364577343,0.810748736793753,0.251232689066669
"Q12931",-20.2079068124,-19.8106778371,-20.0681644138,-19.8295975226,-19.2686353379,-19.4977022964,22,29,33,26,33,32,0.139990655549166,0.46096256684492,-0.496937968800001
"Q12933",-24.3778403286,NA,-23.5979433861,NA,-22.8656210259,-24.9905876258,3,1,2,1,4,2,0.912989361702128,0.958484848484848,-0.0597875314999996
"Q12962",-21.0991252492,-20.7036650412,-21.0852731547,-22.1309998436,-21.5508735703,-21.8586469881,3,2,2,2,2,1,0.0272357676825762,0.181818181818182,0.884152318966667
"Q12972",-20.7168209917,-21.7445625092,-20.4301301673,-20.5021389362,-19.5417495744,-19.7538611502,7,5,11,12,11,17,0.0495306210465785,0.26219512195122,-1.03125466913333
"Q12974",NA,NA,NA,NA,NA,-22.1852933421,2,NA,1,2,1,1,NA,NA,NA
"Q12996",-22.0078842349,-21.8832602917,-21.8163835047,-22.5549843281,-21.4080851983,-21.4717542097,11,9,9,9,10,9,0.794538959171938,0.916862219242373,-0.0909014317333323
"Q13011",-20.3112378819,-21.1047081066,-20.8977390209,-20.4641581914,-20.4448248805,-20.774364002,10,6,7,9,8,8,0.52485753306498,0.81781557743957,-0.210112645166667
"Q13033",NA,-23.2594983903,-24.2298158359,-24.8476535216,NA,NA,4,3,4,2,2,6,NA,NA,NA
"Q13042",-24.5515718781,-23.0136748302,-24.2766271159,NA,NA,-24.4744847486,5,3,5,4,3,6,NA,NA,NA
"Q13045",-24.03265356,-24.2932752514,-23.3651975161,-22.6246322976,-23.4721267427,-22.2684147916,6,6,7,7,6,12,0.0336451983898792,0.205194805194805,-1.10865083186667
"Q13057",-24.225125839,-24.0951022784,-22.4729604467,-22.3784955106,-24.1412272394,-22.9094256614,3,3,4,5,4,7,0.418904686601495,0.753607696419027,-0.454680050899999
"Q13066",-16.7673543326,NA,NA,NA,-16.4878870387,NA,14,15,21,19,20,18,NA,NA,NA
"Q13069",-19.0176638922,-19.5702388043,-19.9196587488,-18.8284893579,-19.2284529828,-19.1863392824,4,3,3,5,3,5,0.244987061529615,0.595599393019727,-0.421426607400001
"Q13085",-22.6679962458,-22.2008158212,-22.795150274,-21.8711555189,-22.5191625789,-23.050219987,33,43,29,44,39,40,0.829112995974698,0.9322528363047,-0.0744747520666671
"Q13098",-20.8817011377,-20.0181782328,-21.477909873,-20.5567179465,-21.2783681835,-21.1726690312,11,13,10,14,9,9,0.615456871765382,0.857603872529246,0.209988639233334
"Q13111",-25.0967225092,-23.2420294943,-24.107871704,-24.5579464533,NA,-23.9662937911,9,7,4,8,5,7,0.814626078205865,0.926243002963451,0.113245553033337
"Q13112",-21.7888345461,-22.0533936002,NA,-22.7320074973,-21.5455403741,-22.4943383987,11,10,5,6,11,9,0.435955146635998,0.761609907120743,0.336181350216666
"Q13123",-22.4449747108,-22.2913675152,-21.6191863869,-22.0672365179,-21.4949447994,-21.3537155656,7,8,11,4,8,13,0.215244105807936,0.549423393739704,-0.479877243333334
"Q13131",-23.5394479401,-22.6148888079,-22.8690439226,-23.9023377583,-22.6439494892,-22.9548600075,4,2,5,3,4,5,0.69148044853364,0.878039793662491,0.159255528133333
"Q13137",NA,NA,NA,NA,NA,-24.1611833285,NA,NA,1,1,1,3,NA,NA,NA
"Q13144",-22.6640764863,-21.7985966644,-21.9747487368,-22.2383739501,-21.4184801826,-22.4065239201,7,12,6,5,9,8,0.736009488211616,0.901063829787234,-0.124681278233332
"Q13148",-20.481757046,-19.8160198667,-19.9597514689,-20.0735948693,-19.3212855899,-19.6874360886,13,15,17,13,17,15,0.279947383553767,0.639747191011236,-0.391737277933331
"Q13151",-20.4255987883,-19.4379423646,-19.5617119377,-19.339581659,-19.2095734205,-19.4496520797,7,10,9,12,13,9,0.210590713053479,0.544472152950956,-0.475481977133331
"Q13155",-20.3493203203,-19.7432726099,-19.9337275125,-19.8640138121,-20.2311049565,-20.0597446954,9,11,11,10,13,13,0.870045859689477,0.940738442444927,0.0428476737666657
"Q13162",-20.7311785255,-21.1049070653,-20.5392253286,-20.0399927229,-20.782060794,-23.0439897995,9,10,6,9,8,6,0.428586831512363,0.760083813514929,0.496910798999998
"Q13177",-20.2567628382,-20.7097913115,-20.3277435717,-20.9728812291,-20.2705803623,-20.4684145461,22,25,25,27,25,27,0.659046722254169,0.868047564250096,0.139192805366669
"Q13185",-20.796026145,-20.275231606,-20.4919378264,-20.4759513281,-20.2626820597,-20.060532361,12,14,23,15,14,18,0.407683726279471,0.748087431693989,-0.25467660953333
"Q13190",NA,-23.5864242405,-23.7716310263,NA,NA,NA,1,1,3,1,NA,NA,NA,NA,NA
"Q13200",-19.5581868765,-19.6459696801,-19.544007598,-19.5708221387,-19.6877588347,-19.2774231143,50,45,53,49,50,60,0.778235480161012,0.914314858891534,-0.0707200223000015
"Q13206",-22.9007315219,-24.4769983537,-24.2205530388,-24.4725707452,-23.0084562526,-22.9712362001,5,5,8,4,7,10,0.466962478435883,0.777886977886978,-0.382006572166667
"Q13228",-21.9980049046,-22.0136931686,-21.9521720539,-20.9321830133,-21.0252338172,-21.107828849,8,7,9,10,10,11,0.00824266820011501,0.118881118881119,-0.9662081492
"Q13242",-20.0080616384,-20.5318206276,-20.6713134431,-19.7615983648,-19.9975441154,-20.4011914527,11,12,11,15,15,11,0.316639304197815,0.672067401166559,-0.350287258733331
"Q13243",-21.2871006904,-20.2477776705,-20.481834451,-20.6910401391,-20.1397629093,-20.119636696,5,6,8,6,10,10,0.360264088556642,0.711309523809524,-0.355424355833335
"Q13247",-22.0325445219,-21.6570627387,-22.2614987036,-21.7107716725,-21.5971924833,-21.8868122039,13,4,15,6,7,8,0.413837119033928,0.750406063887385,-0.252109868166666
"Q13257",-20.5251698352,-21.9138067613,-20.989327087,-20.5546142403,-21.255254326,-20.9838473874,7,6,7,7,8,9,0.605866446233468,0.852124183006536,-0.211529243266668
"Q13263",-19.2657140326,-18.9130432545,-19.4020944365,-18.878493943,-19.0270961761,-19.0413923699,65,64,57,65,63,71,0.462847326049454,0.773200992555831,-0.211289744866665
"Q13268",NA,-22.581468307,NA,NA,NA,NA,NA,2,2,NA,1,NA,NA,NA,NA
"Q13277",-23.4872218446,-23.3758882799,-23.2462963569,-21.6762360543,-23.2668694748,-23.2420167592,3,2,1,4,3,3,0.185179557216791,0.516772438803264,-0.641428064366668
"Q13283",-18.8543663699,-18.6316813337,-18.8725709698,-18.3932914447,-18.7294393001,-18.60840324,49,50,51,53,57,57,0.447309804485336,0.765752032520325,-0.209161562866665
"Q13310",-21.8932644908,-20.8804077943,-21.3419780251,-21.2305263651,-21.7120651162,-21.3102195669,38,36,39,33,36,44,0.878607101782634,0.942539388322521,0.0457202459999984
"Q13330",NA,-24.5746780184,NA,-24.832415398,NA,-23.1256306214,4,7,6,3,7,12,NA,NA,NA
"Q13347",-18.697604676,-18.3375555689,-18.5049714463,-18.4085428102,-17.9671987544,-18.6164021193,27,30,29,29,32,28,0.556799741230592,0.826730518067044,-0.182662669100001
"Q13356",-20.9341413579,-20.1758265321,-19.8675427421,-19.793740152,-19.8062691772,-19.9124910358,13,18,19,19,20,23,0.199814692351926,0.530120481927711,-0.488336755699997
"Q13362",NA,NA,NA,NA,NA,-24.065604441,3,2,1,3,3,6,NA,NA,NA
"Q13363",-22.868646729,-21.7260227364,-21.8288626425,-22.60737247,-21.6408642707,-21.5945886714,6,5,5,2,5,5,0.643913456009201,0.864433190494741,-0.193568898599999
"Q13404",-20.9774818957,-20.2732147475,-22.1706216408,-20.877145511,-20.2723700947,-20.4865145357,5,14,12,6,16,4,0.232219235192639,0.568412822517592,-0.595096047533335
"Q13405",-20.8264827127,-20.9188051123,-21.0606759237,-21.8527049088,-20.792445484,-21.092233087,2,2,3,2,2,2,0.396406699252444,0.741485203796762,0.310473243700002
"Q13409",-20.3691321577,-20.9999246281,-20.9708290179,-20.8204400675,-20.5047689764,-20.8428782324,21,15,16,14,15,16,0.838496693502013,0.93747985820174,-0.0572661757999988
"Q13416",-24.2227853751,NA,-23.0795999103,-22.6829659514,NA,NA,1,2,4,6,2,4,NA,NA,NA
"Q13422",-23.0904476668,NA,NA,NA,-24.2590435851,-23.0217232084,2,1,NA,1,1,2,NA,NA,NA
"Q13423",-22.2670973092,-22.3607194375,-22.0520352699,-21.3417872433,-22.3708212586,-22.2793962437,14,16,21,19,14,21,0.530395342150661,0.81781557743957,-0.229282423666668
"Q13426",NA,NA,NA,NA,NA,-23.6318551713,NA,1,NA,NA,3,2,NA,NA,NA
"Q13427",-22.6774154815,-23.2163269387,-22.7944737795,-22.2698063434,-22.4725090139,-23.2740906477,5,6,6,9,6,5,0.542734330074756,0.821539830885625,-0.223936731566667
"Q13428",-21.3926950021,-21.0890543902,-21.527967294,-21.1262257222,-21.704059,-21.6440436779,25,28,31,31,23,28,0.616163599769983,0.857603872529246,0.154870571266667
"Q13435",-19.5204050216,-19.6974756618,-19.8958761965,-20.4805863784,-19.8469704084,-19.9319492364,38,39,33,36,40,42,0.24982403680276,0.600451467268623,0.381916381100002
"Q13442",-20.7280249053,-19.6362225813,-20.5117213861,-19.5614131757,-20.2930906024,-20.2454135996,4,7,3,7,6,7,0.512508769407706,0.807390300230947,-0.258683831666669
"Q13451",-19.6502230593,-19.2811347748,-19.2907785359,-19.8219026407,-19.7918368424,-19.5467179563,20,25,23,22,22,24,0.289500431282346,0.649760109664154,0.3127736898
"Q13464",NA,NA,NA,NA,NA,-25.707613988,5,2,2,2,2,6,NA,NA,NA
"Q13469",NA,NA,-25.1877273621,NA,NA,NA,NA,NA,3,NA,1,1,NA,NA,NA
"Q13485",NA,NA,-24.5538889762,NA,NA,-24.035534478,1,1,1,1,NA,1,NA,NA,NA
"Q13492",-21.2426217414,-21.4602456226,-21.4095741666,-20.5388695442,-20.8718297451,-21.0459958694,15,19,24,19,21,21,0.0931930707303048,0.384615384615385,-0.551915457300002
"Q13501",-21.2024788689,-21.662070742,-22.2579463994,-21.4361258062,-23.342435991,-20.7470451708,6,5,3,6,4,6,0.799806210465785,0.919532554257095,0.13437031923333
"Q13505",-22.2672358703,-22.8569411452,-22.3324742216,-22.6937484688,NA,-22.3102981808,8,4,10,6,6,6,0.9411033640023,0.965384615384615,0.0164729124333327
"Q13510",-23.6535943616,-23.519016911,-22.7607882659,NA,NA,NA,2,2,2,1,NA,1,NA,NA,NA
"Q13523",-22.3299976295,-21.6974397988,-22.1136186185,-22.0919446099,-22.180707424,-22.3584520241,11,10,7,9,9,8,0.588379815986199,0.843423799582463,0.163349337066666
"Q13526",-20.5693071704,-20.4704281142,-20.0076749058,-19.11467669,-19.8277950395,-19.9446075761,5,4,5,8,8,5,0.077546578493387,0.344287949921753,-0.720110294933331
"Q13541",-20.4439301372,-19.0933550453,-20.8003478473,-19.2798248467,-20.60163398,-19.8362860342,4,6,4,5,5,6,0.666458165612421,0.86885865457294,-0.206629389633335
"Q13542",-20.8663739671,-20.6580536656,-20.9299705899,-21.0997483405,-20.5609708907,-21.1763216243,1,1,1,1,1,2,0.667442926969523,0.86885865457294,0.1275475443
"Q13546",-22.9471628524,-22.4724389465,-22.7984088239,-22.2041856514,-22.1158262789,-22.4389207762,6,6,4,9,8,6,0.133523001725129,0.450719822812846,-0.486359305433332
"Q13547",-21.1272069698,-21.0944238128,-21.2377460143,-21.0309796678,-21.1154089878,-20.9337126653,15,19,18,17,19,23,0.603683007475561,0.851684470008217,-0.126425158666667
"Q13555",NA,NA,NA,-23.905656449,NA,NA,3,2,5,3,4,4,NA,NA,NA
"Q13561",-21.1287997886,-20.3980474911,-20.5406402658,-20.1172312719,-20.2423110114,-19.9376241169,14,17,14,16,17,19,0.105276308223117,0.41025641025641,-0.590107048433335
"Q13564",-22.8488066572,-21.5247855086,-21.0883750436,-21.0308863037,-21.0703695823,-21.3770794396,7,7,9,11,8,9,0.176535077630822,0.506046511627907,-0.661210627933333
"Q13573",-21.2071858308,-20.9761239145,-21.7637059469,-20.8169325501,-20.9766833742,-21.8968203473,13,12,8,14,12,12,0.811008194364577,0.924422442244224,-0.085526473533335
"Q13586",NA,NA,NA,-24.166443494,NA,NA,NA,NA,1,2,1,NA,NA,NA,NA
"Q13595",-21.631605969,-21.8084343235,-21.5380911999,-21.6287079493,-23.0761337055,-22.1508655399,4,4,4,5,3,5,0.156648936170213,0.477341389728097,0.625858567433333
"Q13596",-22.2602414101,-21.8563555877,-21.8085445749,-22.5399222387,-22.1005995198,-21.4598190684,5,6,10,6,8,10,0.855324468085106,0.940506329113924,0.0583997513999996
"Q13601",NA,NA,NA,NA,NA,-23.2747318286,2,NA,1,NA,1,2,NA,NA,NA
"Q13610",-21.4107264088,-21.7627540292,-21.7632576798,-21.5581280695,-21.1281792585,-21.5146709982,8,8,8,9,10,9,0.41611242093157,0.752150537634409,-0.245253263866665
"Q13616",-22.569348628,-21.5571641701,-21.8108700923,-20.9223415605,-21.2599908599,-21.1727915173,15,13,14,16,11,23,0.0478888729154687,0.259713701431493,-0.860752984233333
"Q13617",-22.8887655045,-22.4972611709,-22.9166522202,-24.4872731685,-24.2388369995,-22.9097515224,6,9,9,6,10,11,0.0404713916043703,0.240740740740741,1.1110609316
"Q13618",-24.1712636633,-23.7660890024,-24.7219909805,-23.3343624205,-23.4406103905,-24.629293293,6,7,9,4,6,5,0.35138197239793,0.704808277541083,-0.418359180733333
"Q13619",-24.5849662841,NA,-24.7846718881,-24.5096846689,-24.1930369744,NA,2,5,2,3,3,6,0.28585192639448,0.647099447513812,-0.333458264450002
"Q13620",-23.9704907976,-23.9416091645,-23.9297598727,-22.7640028054,-23.5595357004,-22.5931351683,14,12,14,12,11,14,0.0286811385853939,0.190058479532164,-0.975062053566663
"Q13627",NA,-23.9493497129,-24.316709928,NA,NA,NA,NA,2,2,1,3,1,NA,NA,NA
"Q13630",-21.7784616517,-22.5706379134,-22.9993621129,-23.3089372217,NA,-22.0623861695,7,4,3,5,2,5,0.6296033640023,0.863582908663269,0.236174469600002
"Q13643",-20.1292560391,-19.7221505899,-19.7982226614,-19.8315615563,-19.6461246439,-19.5058757954,11,12,11,11,12,12,0.442583668775158,0.762538382804504,-0.222022431599999
"Q13685",-21.8766296114,-21.4695987597,-21.7238984722,NA,-23.2997031789,-23.3653014358,4,5,4,3,4,2,0.00167538815411156,0.0212765957446809,1.64246002625
"Q13724",NA,NA,NA,NA,NA,-24.8865956745,NA,NA,NA,NA,NA,1,NA,NA,NA
"Q13769",-24.7635195142,-24.4718882845,-23.5078071204,-22.329933147,-22.3363459237,-23.8311289691,3,6,4,10,6,6,0.0263041978148361,0.174846625766871,-1.41526895976667
"Q13823",-22.5327963373,-21.8848403738,-21.9006285626,-22.0712521261,-22.2371906838,-22.2634252889,10,12,13,12,9,13,0.771506325474411,0.910463121783876,0.0845342750333309
"Q13838",-19.9228475273,-19.9920029482,-19.7884770605,-19.7114242129,-19.5276327608,-19.6013880078,49,45,52,22,50,58,0.275586975273145,0.631130063965885,-0.287627518166666
"Q13867",-20.5934269144,-20.603948849,-21.1135899936,-20.8155139199,-20.9377749413,-20.7021703421,13,13,13,11,13,15,0.852799884991374,0.940506329113924,0.0481644820999989
"Q13868",-20.4162847456,-20.7174196602,-20.6026661117,-20.8573963071,-21.1970082415,-20.8805922478,10,6,11,9,7,8,0.183987349051179,0.516772438803264,0.399542092966666
"Q13885",-23.5630183444,-23.5695108991,-23.5089972174,NA,-23.304933747,-23.4117921218,221,210,239,245,236,259,0.434420787809086,0.761609907120743,-0.188812552566667
"Q13888",NA,-22.9714172682,-23.1346399145,NA,NA,-23.8881932668,3,6,4,3,4,5,NA,NA,NA
"Q13889",NA,NA,NA,NA,NA,-23.4587232333,1,2,3,1,2,7,NA,NA,NA
"Q13895",-20.8015507571,-20.9280612736,-20.6739569343,-20.6467571701,-20.0849161067,-19.9842256479,17,20,18,18,25,21,0.110827199539966,0.412855377008653,-0.562556680100002
"Q13907",-20.676761656,-19.9050779632,-21.0550262507,-20.1054486489,-20.7813089757,-20.2526517068,10,11,12,11,10,12,0.658909718228867,0.867996930161167,-0.165818846166665
"Q13951",-21.8194733469,-20.924416015,-20.2061390435,-22.0578239186,-20.8160039249,-20.2019883099,3,4,8,5,5,4,0.917155405405405,0.960878724044538,0.0419292493333323
"Q13952",NA,NA,-23.7826038298,NA,-23.7594321906,-24.1601353066,4,1,2,3,2,3,NA,NA,NA
"Q14008",-21.4213192868,-21.9537702107,-21.3564154534,-21.4807483228,-20.8162286304,-21.4521502508,36,38,42,38,48,47,0.354027602070155,0.704957678355502,-0.327459248966665
"Q14011",-19.9400471076,-20.8815212009,-20.5275579288,-20.0447968213,-21.1229515517,-21.322597065,5,4,3,5,4,3,0.385752875215641,0.730834752981261,0.380406400233333
"Q14019",-21.378204175,-20.1574253611,-20.4056781695,-20.5117254555,-20.3567480346,-20.8280869183,10,4,6,8,6,10,0.817110695802185,0.927445830597505,-0.0815824324000012
"Q14061",-21.5714324391,-21.558381331,NA,NA,-21.1053542969,-21.6983581319,3,2,1,1,1,1,0.629250862564692,0.863582908663269,-0.163050670650001
"Q14103",-19.004980591,-19.1688497655,-19.2385984544,-18.6795722916,-18.8233690911,-19.1005016357,37,39,37,43,45,42,0.349938039102933,0.703477730323368,-0.269661930833333
"Q14137",-20.9203501067,-20.8364002037,-21.0144928944,-21.5648276436,-21.2155124816,-21.0645649613,14,15,17,18,13,23,0.235463341000575,0.573529411764706,0.357887293900003
"Q14139",-23.8988119307,-24.2112534727,-23.6866863076,-24.7714201497,-24.9039649784,-25.5386663262,3,2,6,4,3,5,0.0156782633697527,0.142222222222222,1.13909991443333
"Q14141",-23.4537483128,-23.2165584398,-22.9619175765,-23.5741118261,-21.1722272597,-23.1689180474,11,10,10,8,13,11,0.313475273145486,0.672067401166559,-0.572322398633332
"Q14145",-24.3627612154,-22.0637236027,-22.2717488185,-23.0104540653,-22.5274650527,-22.403150091,7,8,7,6,7,9,0.635438614146061,0.863582908663269,-0.252388142533334
"Q14146",-25.7599137115,NA,-23.7665982881,-26.0978044121,-25.2900403618,-24.1453862872,4,2,7,8,8,7,0.536160149511213,0.81781557743957,0.414487687233333
"Q14149",-22.7777860454,-22.3146390662,-22.3854063984,-22.8229903439,-22.8907601743,-22.8632038329,8,8,7,12,7,9,0.220678263369753,0.553672316384181,0.366374280366664
"Q14151",-23.5511273563,-22.8473302837,-22.5309708263,-22.2186080403,-22.471051544,-21.8214447184,9,30,31,28,31,32,0.0651496549741231,0.313356164383562,-0.806108054533333
"Q14152",-20.7747973462,-20.8062930791,-20.8587478842,-20.968461686,-20.9641103884,-21.0823759696,49,60,54,52,52,56,0.427408280621047,0.759747102212856,0.191703244833334
"Q14155",-24.9600382083,NA,-25.2692378104,NA,NA,-24.3163615214,2,1,3,NA,NA,4,NA,NA,NA
"Q14157",-20.7956029302,-20.5822537355,-20.8468551594,-20.3563427989,-20.9430693614,-20.5193502743,22,26,23,27,22,26,0.643595169637723,0.864433190494741,-0.135316463500004
"Q14160",-23.5606312049,-23.4523454912,-23.0905112079,-22.6296175153,-23.0174046807,-23.5609769147,12,10,10,14,12,14,0.404192783208741,0.747797356828194,-0.298496264433332
"Q14166",-21.0888192675,-21.197639316,-20.7284917595,-20.2603962762,-21.0020805319,-20.2978799455,14,12,16,15,18,23,0.185552185163887,0.517210144927536,-0.484864529799999
"Q14181",-23.8479060783,-22.9313870056,-22.6480120026,-24.7603465877,-23.8372091397,-24.0445928296,3,3,5,1,2,5,0.0383655836687752,0.229665071770335,1.07161449016667
"Q14191",-25.5535271915,NA,-25.2954695994,NA,-24.2297929897,NA,4,1,4,2,4,1,NA,NA,NA
"Q14192",-22.2014954072,NA,NA,-21.5363093264,-23.2170744985,-21.6045733389,4,3,NA,5,3,5,NA,NA,NA
"Q14197",NA,NA,NA,NA,NA,-22.9426855091,NA,3,1,NA,NA,1,NA,NA,NA
"Q14202",-24.6675577202,-24.4658146693,-25.7124159671,-24.2095178709,NA,NA,2,3,4,3,3,4,NA,NA,NA
"Q14203",-21.7494612309,-21.0770901192,-21.7264419676,-21.8425897594,-22.060407417,-21.1432379741,24,20,19,24,24,23,0.648029183438758,0.865712074303406,0.164413944266666
"Q14204",-20.8431759331,-20.9813223634,-21.204539465,-21.1271408985,-21.0193885365,-21.02560122,110,105,112,121,123,127,0.838732173663025,0.93747985820174,0.0476976311666668
"Q14232",-21.8709561467,-20.9469603373,-20.7442656217,-20.8398703737,-20.978442771,-19.9865773125,12,15,12,10,10,15,0.193549453709028,0.527753303964758,-0.585763882833334
"Q14240",-21.4707031074,-21.5043723403,-21.6758871451,-22.3987946978,-21.4898139378,-22.1118285077,5,7,8,5,10,3,0.21167179413456,0.544472152950956,0.449824850166667
"Q14247",-20.2020793124,-20.0242577629,-20.7999640988,-20.3177987288,-20.7347512366,-20.7540559865,16,19,15,20,16,14,0.445811529614721,0.764915859255482,0.260101592599998
"Q14249",-23.1231313908,-21.4279070898,-21.4424432095,-22.4553522733,-23.3418306021,-23.5596924712,9,7,7,5,4,7,0.0604064117308798,0.300180831826401,1.12113121883333
"Q14254",-20.5246556844,-21.5744227546,-20.4549314098,-20.4719634624,-20.5246023901,-20.5115028731,13,13,14,14,13,14,0.365968372627947,0.712609970674487,-0.348647041066666
"Q14257",NA,-22.9480418368,-23.446857805,-21.9686246247,-21.3047771837,-22.8379861678,2,2,2,4,5,4,0.0473096607245543,0.259713701431493,-1.1603204955
"Q14258",-21.5409274928,-21.6625486012,-21.3055837183,-21.3559194063,-21.4177174431,-21.1250232462,13,13,16,14,15,15,0.467578780908568,0.777886977886978,-0.203466572233332
"Q14315",-20.2920691219,-20.411600135,-20.5394357671,-20.4760013728,-20.2028629451,-20.5406659736,85,82,72,88,84,77,0.956015094882116,0.966783216783217,-0.00785824416666614
"Q14318",-22.0412674841,-21.2340857074,-21.7059142517,-22.9942472924,-21.9473948661,-21.6728909745,6,5,4,2,5,7,0.223145342150661,0.557337610264635,0.544421896599999
"Q14320",-22.3996448927,-22.427516457,-22.5071865236,NA,-22.4218309949,-22.7298819894,5,4,5,5,4,6,0.620409861989649,0.859839357429719,0.131073867716665
"Q14331",NA,-22.9663635084,NA,-23.0613169301,-22.0423630504,-21.3586295051,4,2,4,4,2,5,NA,NA,NA
"Q14344",NA,NA,NA,NA,NA,-24.0736305344,NA,2,NA,NA,3,3,NA,NA,NA
"Q14353",-21.7667472346,NA,-21.7584356363,-22.4130170365,NA,NA,2,NA,2,1,NA,2,NA,NA,NA
"Q14376",-20.5205216157,-20.5095834344,-21.2627185481,-20.6838060866,-21.1223428895,-20.2961265891,9,10,9,8,11,12,0.843579355951696,0.940127388535032,-0.0635160110000008
"Q14444",-21.2696198923,-21.3538800196,-21.7583289168,-20.8061246385,-20.9372847768,-20.9821642198,16,12,19,22,18,18,0.0919492524439333,0.382228490832158,-0.552085064533333
"Q14493",-22.5820928405,-22.8992120504,NA,-22.897617778,NA,NA,2,3,2,3,NA,2,NA,NA,NA
"Q14498",-20.4628053538,-20.6599656884,-20.3033423318,-20.3406666833,-20.5899613051,-20.9298992629,14,16,18,21,20,22,0.625693358251869,0.863363963244107,0.144804625766668
"Q14554",-23.700146466,NA,NA,-22.4444307442,NA,NA,3,NA,2,3,3,1,NA,NA,NA
"Q14558",-21.8616218633,-21.6198336746,NA,-21.9684506505,NA,-22.1775811401,5,3,1,2,2,3,0.268750287521564,0.622737146994931,0.332288126349997
"Q14562",NA,NA,NA,NA,NA,-25.7683071802,NA,3,1,3,0,3,NA,NA,NA
"Q14566",-19.3174515099,-19.3475707071,-19.4989857463,-20.2808537439,-19.2196633249,-19.3512409624,51,46,51,41,54,60,0.529368171362852,0.81781557743957,0.229250022633334
"Q14651",NA,NA,-24.2358332665,NA,NA,NA,4,4,3,3,4,2,NA,NA,NA
"Q14657",NA,-20.9637213045,-21.1290156588,-21.0982054843,-20.8438325373,-20.9630302072,1,1,1,2,1,2,0.754536515238643,0.90426638917794,-0.0780124053833333
"Q14671",-22.4999707382,-23.0396571931,-24.4319152541,-23.4085757387,-23.0106886077,-24.1861259961,11,14,11,7,13,12,0.666397498562392,0.86885865457294,0.211282385699999
"Q14676",-23.5877859178,NA,-26.1121381662,-23.6416726502,-23.9687541158,-23.8757375925,5,3,4,8,6,5,0.142028177113283,0.46096256684492,-1.02124058916667
"Q14677",-21.0749992356,-21.1077890099,-21.2998015257,-21.036223882,-21.3147446478,-21.3255791661,11,10,9,12,11,12,0.792815554916619,0.91633064516129,0.0646526415666671
"Q14683",-21.6149391482,-21.6470251357,-21.8574896112,-21.432920583,-22.2494684516,-22.0927545733,20,23,29,23,23,32,0.509273864289822,0.802960222016651,0.218563237599998
"Q14684",-23.5475599749,-22.094801434,-22.7762688086,-22.108357085,-21.8684671446,-21.96082618,8,11,8,11,8,9,0.0760399654974123,0.338072669826224,-0.826993269300001
"Q14687",-23.0419106408,-22.5869058976,-21.8859770175,-22.4157835158,-21.9561518676,-22.3938802207,8,9,14,10,11,11,0.508617883841288,0.802960222016651,-0.249659317266669
"Q14690",-23.4063627613,-23.1868082413,-23.3902654564,-22.6130955987,-21.9981691351,-22.7264413242,19,16,19,22,20,25,0.0310034502587694,0.198347107438017,-0.881910133666668
"Q14691",-22.3215771557,-22.1957974965,-22.3468655307,-22.4205649325,-22.1951376191,-22.2701109473,1,2,3,2,1,2,0.956445802185164,0.966783216783217,0.00719110533333378
"Q14692",-22.2695870823,-22.5883082016,-22.472467671,-21.9806207836,-21.601459901,-21.6705276587,15,14,18,18,20,22,0.0450977573317999,0.257019438444924,-0.692584870533334
"Q14694",-21.2276887285,-20.6284528093,-20.969619545,-20.5767131594,-20.3521236134,-20.2627068094,18,18,21,23,24,25,0.111196089706728,0.412855377008653,-0.544739166866666
"Q14696",-21.7521415639,-21.59464871,-22.8026575963,-23.1078525534,-21.6876623358,-22.9039118131,4,5,4,5,6,3,0.29366546866015,0.655804480651731,0.5166596107
"Q14697",-20.7498906506,-20.2795378686,-20.4384264307,-20.1415001732,-20.0620345343,-20.7876605129,23,29,33,31,36,32,0.625889879240943,0.863363963244107,-0.158886576499999
"Q14738",-22.283973933,-22.2030600413,-24.4821740378,-23.1877357055,-21.9871466597,-22.6165506131,7,8,7,8,8,7,0.495507906843013,0.797252486972999,-0.392591677933332
"Q14739",-23.2508791365,NA,NA,-24.8244348905,-24.1302145515,NA,3,2,2,4,4,4,NA,NA,NA
"Q14746",NA,-24.0638981633,NA,-24.414037514,-24.5469802379,NA,NA,1,1,1,1,1,NA,NA,NA
"Q14789",-26.7842202901,NA,NA,NA,NA,NA,3,2,0,2,1,4,NA,NA,NA
"Q14807",-22.1898092567,-22.892973914,-22.7263543548,-22.107538037,-22.6942041142,-22.8270940007,8,6,7,9,6,9,0.844881541115584,0.940127388535032,-0.060100457866664
"Q14839",-23.1623440807,-22.672506881,-23.1366386767,-23.0488110843,-22.6999734878,-23.6712232369,19,26,26,27,21,20,0.665436745255894,0.86885865457294,0.149506056866667
"Q14847",-20.5719618542,-20.3320425958,-20.4157108963,-20.5567889511,-20.4511354462,-20.0460787333,9,13,12,10,13,16,0.746389879240943,0.904210526315789,-0.0885707385666663
"Q14919",-21.3474311338,-21.5527837492,NA,-22.5001475797,NA,-21.789083611,4,3,2,4,3,3,0.104781052328925,0.41025641025641,0.694508153849995
"Q14966",-25.3093846495,-23.965137773,-23.6163688622,-24.4500986783,-24.9213060694,-23.0303428962,10,11,11,10,11,13,0.752504600345026,0.90426638917794,-0.163047880266664
"Q14974",-19.3073485348,-19.1161694044,-19.2188539355,-19.0229927666,-19.0118619754,-19.0452072253,53,56,60,61,67,72,0.444080937320299,0.763292433537832,-0.187436635800001
"Q14978",-20.747245014,-20.8940124763,-21.1647016849,-20.8657852775,-21.1041999659,-20.9760086418,26,23,22,26,23,28,0.848244537090282,0.940127388535032,0.0466782366666685
"Q14980",-20.8113970691,-20.9676302635,-20.6743841528,-21.0443194499,-20.7330841706,-20.6201524057,47,48,52,55,50,49,0.928358539390454,0.962089552238806,-0.0186184863999976
"Q14997",-24.4372914938,-23.9804860554,-24.1276289123,-23.8919455674,-24.3687860888,-23.3843775878,5,5,5,9,3,10,0.406684445083381,0.748087431693989,-0.3000990725
"Q14C86",-21.6300496186,-21.614319189,-22.0102308989,-21.5773252528,-21.3040522653,-21.4246006898,16,22,18,17,22,21,0.285909861989649,0.647099447513812,-0.316207166200002
"Q14CX7",-23.8171557938,NA,-24.8978211642,-23.7243697243,-24.4477490452,-23.0744611949,10,4,13,10,9,14,0.247740511788384,0.596530920060332,-0.608628490866668
"Q15003",-20.7431880285,-21.5390919177,-21.2201749181,-21.7587030428,-20.8562905917,-20.9355460511,14,12,11,13,12,14,0.945835537665325,0.966166519564578,0.0160282737666648
"Q15004",-20.0536770468,-20.3333440409,-20.155939842,-22.125794746,-21.3410854241,-19.9859354509,4,5,3,4,4,7,0.0857487061529615,0.365638766519824,0.969951563766671
"Q15005",NA,NA,NA,NA,NA,-22.6000290927,1,NA,NA,NA,2,1,NA,NA,NA
"Q15006",-22.8994620004,-23.0332361033,-23.2309933716,-21.9947588709,-22.8895090527,NA,2,5,4,4,4,5,0.13782748706153,0.458836443468716,-0.612429863300001
"Q15007",-21.333493379,-22.4661318685,-23.75160413,-21.4637248559,-22.2130082215,-22.0838139981,8,6,6,6,5,7,0.287907993099482,0.64762560220234,-0.596894100666667
"Q15008",-20.6165015635,-20.4957707287,-20.5532554597,-20.1699466838,-20.420830404,-20.4705736634,13,15,14,19,15,19,0.445638441633122,0.764915859255482,-0.20139233356667
"Q15013",NA,-23.1054388029,-23.0827174556,-23.0137724468,-23.0815692128,NA,1,1,1,2,2,1,0.824854945370903,0.929876060013046,-0.0464072994499993
"Q15018",NA,-24.1177452452,-24.3189955451,NA,-23.9793952313,-23.9807935326,1,1,1,1,1,1,0.374267538815411,0.719491035280509,-0.2382760132
"Q15019",-19.9757614229,-19.853255925,-20.0386172128,-20.1916840505,-21.0730450393,-20.3685103104,14,13,12,14,8,12,0.120041259344451,0.43211334120425,0.588534946500001
"Q15020",-21.4362547967,-21.4411477975,-21.309838672,-21.7067526361,-21.2560305102,-21.5914856811,16,20,23,18,21,13,0.650562967222542,0.865712074303406,0.1223425204
"Q15021",-21.7985750936,-21.0463736975,-21.5716614687,-21.5941032201,-21.0449462632,-21.04198288,27,31,31,27,31,39,0.47705376653249,0.784218217243059,-0.245192632166667
"Q15022",-23.169652993,-24.7763907534,-24.9073758592,-22.7536085044,-24.646435377,-23.2592835944,4,4,3,5,2,6,0.222414606095457,0.556179775280899,-0.731364043266669
"Q15024",-20.6343923417,-20.647334373,-21.1455848815,-20.2244932586,-21.2920979247,-20.6529009803,6,7,8,6,6,6,0.799748131109833,0.919532554257095,-0.0859398108666696
"Q15029",-19.2442962618,-19.0548078256,-19.1656374927,-19.2732306633,-19.1904237867,-19.1452904136,53,57,64,61,58,64,0.827790828062105,0.931707317073171,0.0480677611666671
"Q15031",NA,-24.8614996165,-25.025456902,NA,NA,NA,3,3,2,4,2,1,NA,NA,NA
"Q15042",-22.6784782349,-22.3531150019,-23.0458314372,-22.0791953305,-21.4613771232,-22.7177233637,10,11,11,13,15,13,0.161454571592869,0.489173228346457,-0.606376285533333
"Q15043",NA,NA,NA,-24.0189824633,NA,NA,1,1,1,1,1,1,NA,NA,NA
"Q15046",-19.7980500575,-19.9409495875,-20.0931382896,-19.736451425,-19.6807680668,-19.2710483843,30,30,27,33,29,39,0.219310235767683,0.550324675324675,-0.3812900195
"Q15050",-23.3144960334,-23.0049230155,-20.8197949186,-21.4241299557,-22.1701714493,-21.1070149493,6,7,6,7,8,8,0.195500287521564,0.529155787641427,-0.812632537733332
"Q15056",-19.9354577461,-20.1369713107,-20.5197010839,-20.7647358398,-19.9646970996,-20.0062887989,17,17,12,16,17,16,0.872219235192639,0.940738442444927,0.0478638658666668
"Q15057",NA,NA,NA,NA,NA,-24.9538333385,NA,1,2,1,2,4,NA,NA,NA
"Q15058",NA,-25.0606912213,NA,-25.529987472,NA,NA,3,2,2,3,4,5,NA,NA,NA
"Q15061",-21.4712710362,-21.0215900952,-21.4164953829,-21.2293747942,-21.2100156379,-20.9976226423,11,16,12,14,13,17,0.579084675100633,0.83790628957366,-0.157447813299999
"Q15067",NA,NA,NA,-23.8724193402,-24.2931244452,NA,1,1,NA,3,1,1,NA,NA,NA
"Q15070",NA,NA,-23.4691341734,NA,-23.243764236,-23.6429536356,3,5,3,4,2,2,NA,NA,NA
"Q15075",-25.1380261096,-24.3021089753,-25.3697995945,-23.8807968451,-24.9669595199,-24.4437510868,5,7,9,9,10,7,0.245299741230592,0.595905989385898,-0.506142409199999
"Q15084",-19.8235633168,-19.7842691668,-19.689483621,-19.2417058084,-19.678862184,-19.3956911179,15,19,20,22,18,22,0.258712334675101,0.617067833698031,-0.327018998100002
"Q15102",-20.0699599234,-19.6068693875,-19.8613960025,-20.0511403044,-19.8681639158,-20.1773444812,12,13,15,11,17,15,0.516385997699828,0.810748736793753,0.186141129333333
"Q15121",-20.8842700573,-19.9464396001,-19.9339027224,-19.5596236957,-19.9130410018,-20.4952741242,3,5,6,7,5,6,0.505092725704428,0.801583605030275,-0.265557852699999
"Q15126",NA,NA,NA,NA,NA,-22.039786333,NA,1,1,1,1,4,NA,NA,NA
"Q15149",-22.3448970748,-22.5514766177,-22.3292622511,-21.9931572151,-22.5561830172,-22.3218855589,65,65,68,78,81,80,0.676270845313399,0.870086110071134,-0.118136717466669
"Q15154",-22.9258400049,-22.7097245036,-22.838526681,-23.6025351816,-22.8282592709,-22.8857492655,17,16,21,17,19,19,0.403676106958022,0.747797356828194,0.2808175095
"Q15172",NA,NA,-24.0154655621,NA,NA,-22.9110179659,NA,2,2,NA,3,4,NA,NA,NA
"Q15181",-17.8744633001,-17.8815339447,-17.8942738192,-17.6887349882,-17.5956215714,-17.7129586093,41,39,39,44,46,51,0.364357389304198,0.712609970674487,-0.217651965033333
"Q15185",-17.6735522489,-17.6913601441,-17.5339900804,-17.4848001637,-17.7468147349,-17.8841862829,26,23,27,26,23,23,0.774707446808511,0.911794871794872,0.0722995693666668
"Q15233",-19.2651539864,-18.9575907393,-19.0352739438,-19.0393013762,-18.9485888303,-18.6987891925,56,48,59,65,60,60,0.492726423231742,0.795908658420552,-0.190446423499999
"Q15257",-21.5283077112,-20.5435103893,-20.8495065548,-21.02493332,-23.0917329811,-21.2019938016,7,10,6,7,8,8,0.166446664749856,0.496624879459981,0.7991118158
"Q15269",-22.2833056802,-21.9651585563,-21.8968833426,-21.5688329433,-22.1849594109,-21.9610215849,9,13,14,14,13,15,0.635878378378378,0.863582908663269,-0.143511213333337
"Q15274",-20.1688559819,-23.321289778,-21.6043279583,-20.5405227231,-21.8803524107,-21.1853755803,9,5,12,7,6,7,0.449747412305923,0.768607594936709,-0.496074334699998
"Q15276",NA,NA,-24.5450972386,NA,NA,-25.2073767659,NA,1,1,1,2,1,NA,NA,NA
"Q15286",NA,NA,NA,-22.9887973777,-21.8644244282,-21.599139748,7,11,10,9,11,9,NA,NA,NA
"Q15287",-20.33132826,-20.4972515648,-20.781959054,-20.1218955736,-19.9093478947,-20.1221876383,8,7,7,9,11,12,0.124798591144336,0.439585730724971,-0.485702590733332
"Q15291",-23.1291727804,-24.1464767833,-23.5895109848,-23.0584788388,-21.952243292,-24.7808044137,4,6,5,4,6,5,0.548056497987349,0.824955908289242,-0.357878001333333
"Q15363",-21.5920483103,NA,-22.7796642959,-21.8891584524,NA,-23.0053970802,2,1,1,2,1,2,0.638648504887867,0.863582908663269,0.261421463199998
"Q15365",-18.6409352201,-18.6575602708,-19.1876146643,-18.5360055059,-18.6157716771,-18.5221997386,38,40,41,45,45,52,0.373778033352501,0.719491035280509,-0.270711077866668
"Q15366",-19.3172264134,-18.9214539804,-19.3473225775,-19.6098396052,-19.0190714999,-19.2153420588,34,39,34,38,39,41,0.768262363427257,0.906593406593407,0.0860833975333364
"Q15369",-19.0990646076,-20.3652076053,-19.6828756378,-18.1239949977,-18.377562249,-18.1927464443,12,9,11,13,10,13,0.00921362852213916,0.12258064516129,-1.48428138656666
"Q15370",-19.8950496837,-20.0024135432,-20.597871651,-19.9052620369,-19.8196880498,-20.4909510344,5,4,4,5,4,7,0.773290971822887,0.911050290797126,-0.0931445856000011
"Q15382",-21.1512314446,-22.164262375,NA,-22.3934387303,NA,NA,4,3,1,3,3,3,NA,NA,NA
"Q15386",NA,NA,NA,-25.4005075895,NA,-25.2965634555,1,1,1,3,1,2,NA,NA,NA
"Q15393",-19.838306869,-19.8483038252,-20.181361616,-20.0049314088,-19.5951172327,-19.6780128792,52,47,49,53,62,61,0.498717366302473,0.798208392267798,-0.196636929833332
"Q15397",NA,-23.1838341881,-23.1361217344,-22.590227082,-23.9944387538,-22.0981955741,7,8,8,8,5,8,0.613812967222542,0.857603872529246,-0.265690824616666
"Q15398",-23.8947411194,-23.2685374133,-25.5882810224,-23.7831912599,NA,-25.0377495935,3,6,4,4,NA,5,0.790586543990799,0.915853248064625,0.159950575000003
"Q15404",-23.0898608362,-23.5306920725,-22.1592668148,NA,-23.0106751567,NA,4,7,5,7,10,2,NA,NA,NA
"Q15418",-23.0337002279,-21.7417686454,-23.1550963798,-23.7004939603,-24.0030846818,-22.9865996966,8,11,8,9,10,13,0.0791285221391604,0.350850077279753,0.919871028533333
"Q15424",-21.4740376517,-21.4818451808,-21.7600288974,-22.0848360678,-21.7386629303,-22.7414782349,29,29,32,27,30,32,0.119035221391604,0.431302270011947,0.6163551677
"Q15427",-21.1461564861,-22.1599443214,-22.2704739793,NA,-22.9595242342,-22.9501420948,5,3,2,NA,2,1,0.036085825186889,0.211586901763224,1.09597490223333
"Q15428",-21.4486649291,-21.1641293132,-21.6190966343,-21.070133789,-21.7180630462,-21.2079744497,9,7,12,8,10,13,0.789532777458309,0.915459750757831,-0.0785731972333323
"Q15435",-22.2397407621,-22.4814130776,-20.6664839353,-22.0385334686,-22.4273827464,-20.801608554,4,6,9,5,4,7,0.921727573317999,0.960949234004206,-0.0400376686666668
"Q15436",NA,NA,-24.8993667116,NA,NA,NA,4,4,1,1,3,5,NA,NA,NA
"Q15437",-23.2514870337,-22.1018608721,-21.8374358008,-21.5972500029,-22.269963097,-21.6715254213,10,12,11,12,11,14,0.22561170212766,0.561053471667997,-0.550681728466667
"Q15459",-19.9605939992,-19.9703707277,-20.1025223291,-20.7272635701,-20.0429331371,-20.0520121168,33,33,36,31,36,33,0.417419637722829,0.752676659528908,0.262907256000002
"Q15528",NA,NA,NA,NA,-23.1568154819,NA,NA,NA,NA,NA,1,1,NA,NA,NA
"Q15532",-23.0324308165,NA,NA,NA,NA,NA,1,NA,1,1,NA,1,NA,NA,NA
"Q15545",-24.0173773198,-23.3182063598,NA,-22.4753442377,-23.649091185,NA,3,4,2,5,3,2,0.262005462909718,0.617067833698031,-0.605574128450002
"Q15555",-21.4228865177,-21.3120711641,-20.6362676685,-20.6683094044,-20.5019970824,-20.7994525612,5,4,4,7,5,6,0.189663312248419,0.519607843137255,-0.467155434100004
"Q15599",NA,NA,NA,NA,NA,-23.4523880192,1,1,NA,NA,NA,3,NA,NA,NA
"Q15631",-21.5947448668,-19.9211930901,-20.1130477121,-20.7903715955,-20.4901618825,-19.2752919282,8,8,8,8,8,11,0.494504312823462,0.79667458432304,-0.357720087599997
"Q15633",NA,NA,-22.530851457,-22.3175476154,NA,-23.1072313534,2,NA,2,3,NA,4,NA,NA,NA
"Q15637",-20.0447651788,-20.2970611181,-20.2009793505,-19.6826082621,-20.0961983603,-20.3405222886,16,16,20,20,15,19,0.636470816561242,0.863582908663269,-0.141158912133331
"Q15642",-23.5572629517,NA,-24.8117027007,-24.3744341078,-23.9802597076,-22.9926180866,3,3,2,4,3,5,0.449661155836688,0.768607594936709,-0.402045525533335
"Q15645",-21.7199545305,-21.2901159339,-20.7873658191,-20.8291667756,-20.8766545493,-20.7025853881,10,13,14,10,11,13,0.19883726279471,0.530120481927711,-0.463009856833331
"Q15648",-25.1258008613,-25.7825930204,-24.4948844736,-24.2395856296,NA,-25.6560199416,2,1,6,4,4,4,0.70766546866015,0.88205499276411,-0.186623332833332
"Q15650",NA,NA,NA,-24.8411470102,-24.4688102576,NA,2,4,2,1,1,2,NA,NA,NA
"Q15654",-19.9733032084,-20.0780583933,-20.2724743791,-20.3845799926,-20.1384481225,-20.1494301187,15,17,14,12,15,12,0.654857676825762,0.867794004611837,0.116207417666669
"Q15691",-19.2651128045,-19.2751630337,-18.9353184887,-19.5007381644,-19.0790747374,-19.2142984742,21,23,21,20,24,22,0.69947139160437,0.878457059679767,0.1061723497
"Q15717",-19.4363611888,-19.0362549474,-19.1315088425,-19.2315264535,-18.7645643781,-19.2007143257,22,22,24,24,27,24,0.642848188614146,0.864433190494741,-0.135773273799998
"Q15738",-23.0493113818,-23.9848294766,-24.4825916053,-23.518766441,NA,-23.0428138403,3,5,3,9,2,3,0.25333941920644,0.606128550074738,-0.558120680583336
"Q15750",-22.6963765995,-22.8618080845,-23.1027386013,-23.5091332955,-23.4976810338,-22.6877236013,2,2,4,3,1,5,0.335997556066705,0.692067457838851,0.344538215099998
"Q15758",-20.1751320624,-20.4749257162,-20.8145791918,-19.9930817315,-20.4889079674,-19.9677667299,13,13,11,14,13,15,0.31796089706728,0.674644243208279,-0.338293513866667
"Q15773",NA,NA,NA,NA,NA,-22.5666229861,1,1,1,NA,NA,1,NA,NA,NA
"Q15785",-21.1416481355,-20.3378314416,-20.7266291714,-19.9026550529,-19.7230054823,-20.2695322059,9,12,7,16,14,11,0.0577106095457159,0.285451197053407,-0.7703053358
"Q15797",-23.9402573001,-23.5741738793,NA,-23.5083637552,NA,-23.8186696063,2,1,0,1,NA,2,0.756146492236918,0.90426638917794,-0.0936989089500031
"Q15813",-21.222626275,-21.8926615534,-21.2697277852,-21.6712444141,-20.9366971225,-21.1538818406,9,11,13,12,14,12,0.552281483611271,0.826730518067044,-0.207730745466666
"Q15814",NA,-23.8524092735,NA,NA,NA,NA,3,2,3,1,4,3,NA,NA,NA
"Q15819",-20.0958620376,NA,-22.2157288549,-19.9990728264,-20.8213695607,-19.8321018015,14,7,4,19,6,20,0.153815123634273,0.473684210526316,-0.938280716716669
"Q15833",-20.2781021639,-20.7039403056,-20.6255106526,-21.2365542132,-20.8078528474,-20.6127511243,15,8,11,12,16,16,0.289155980448534,0.649279341111874,0.349868354266668
"Q15836",NA,NA,NA,-19.8882413425,-20.9010540276,NA,3,NA,NA,4,2,NA,NA,NA,NA
"Q15843",-20.7731997305,-19.7953000396,-20.7208134072,-19.4526117345,-20.6387423254,-21.7754084868,5,7,7,6,7,6,0.705588844163312,0.87931661214104,0.192483123133332
"Q15907",-22.7274866743,-23.0451794864,-22.2264869528,-22.4435686109,-22.2362827359,-22.3078516844,7,10,8,9,11,13,0.316555779183439,0.672067401166559,-0.337150027433331
"Q15910",-22.7152712486,-22.1969760127,-23.0704776672,-24.0825343646,-22.2638846647,-22.6525550375,5,5,8,5,7,5,0.483944795859689,0.789778206364513,0.338749712766671
"Q15942",-21.8193269745,-21.2704312883,-22.0154495838,-21.6402677876,-21.8051097142,-22.6391414835,8,9,8,8,6,10,0.404481023576768,0.747797356828194,0.326437046233334
"Q16181",-20.3575808225,-21.0319923356,-20.6400147003,-20.9828887415,-20.4940380407,-20.5292548812,16,14,15,13,16,15,0.959989361702128,0.967084182930382,-0.00780206499999991
"Q16186",-21.2747179572,-22.1800550592,-21.9569801481,-22.486015648,-22.0181373111,-22.1870324795,7,8,8,6,6,7,0.246664606095457,0.596371882086168,0.4264774247
"Q16204",-22.0640960597,-21.502181264,-21.5627065897,-21.87994498,-22.5801549981,-21.6037883495,8,9,9,7,7,6,0.404303910293272,0.747797356828194,0.311634804733334
"Q16222",-19.3419077506,-19.1752228261,-19.0632558104,-19.233243746,-19.2285267545,-18.9233449972,41,42,42,35,44,45,0.79577932719954,0.91728064300067,-0.0650902964666678
"Q16280",NA,-25.7454874793,NA,-25.9726003303,NA,NA,NA,1,NA,4,6,4,NA,NA,NA
"Q16342",-23.0312437352,NA,NA,NA,-22.7671649575,-24.1356627603,2,NA,2,NA,2,1,NA,NA,NA
"Q16384",NA,-21.87168494,NA,-22.1208209891,-21.9699116121,-22.2423129331,NA,2,1,2,2,1,NA,NA,NA
"Q16385",-20.2460699059,-20.2114084115,-20.3331008721,-20.9747840652,-19.7827426759,-20.2740260421,7,6,10,6,6,9,0.809666618746406,0.924422442244224,0.0803245312333338
"Q16401",-20.1865801505,-20.0294824913,-19.7151476065,-19.391020996,-19.827797964,-19.5690062465,20,21,22,24,25,27,0.229189620471535,0.566587864460205,-0.381128347266667
"Q16512",-22.2371225079,-21.9101262814,-23.1088573455,-22.843696662,-22.4866709089,-22.4643564368,9,13,7,8,8,10,0.629747268545141,0.863582908663269,0.179539290966666
"Q16531",-21.0069365047,-20.9970772854,-20.7633046968,-20.7926145131,-20.447585914,-20.7941452088,29,35,37,37,42,44,0.391127372052904,0.736664795058956,-0.244324283666668
"Q16537",NA,-23.8283444586,NA,NA,NA,-24.0525069796,NA,1,1,2,NA,2,NA,NA,NA
"Q16539",-22.9665069791,NA,-23.7942578175,NA,-22.1399006557,-22.2494567921,3,2,3,5,4,7,0.0243376940770558,0.172523961661342,-1.1857036744
"Q16540",-20.8627973476,-21.9178925831,-21.1838936464,-21.5452483814,-20.8646938205,-20.9501250412,5,3,4,2,4,5,0.593568861414606,0.845099667774086,-0.201505444666669
"Q16543",-20.685521472,-20.4648346362,-20.5045103171,-20.9229026207,-20.774616034,-20.2689499585,15,13,11,13,18,13,0.720502012650949,0.888968481375358,0.103867395966667
"Q16563",-21.7788722704,NA,NA,-22.9020727633,NA,-23.1025241693,2,1,1,1,1,1,NA,NA,NA
"Q16576",-19.5912598204,-19.3935758105,-19.0873132274,-19.1660695557,-18.9954136935,-19.2086148205,29,34,34,35,34,35,0.423717078780909,0.75462718138551,-0.234016929533333
"Q16594",NA,-23.0322685637,-23.5861917707,-23.4948851416,NA,NA,1,2,3,2,1,NA,NA,NA,NA
"Q16595",NA,-21.5475880507,NA,-21.1414327547,NA,-21.8328611944,NA,2,1,2,1,3,NA,NA,NA
"Q16621",NA,-23.5900314974,NA,NA,NA,NA,2,1,1,1,2,4,NA,NA,NA
"Q16626",NA,NA,NA,-22.237590477,NA,NA,NA,NA,NA,1,NA,NA,NA,NA,NA
"Q16629",-20.4741888331,-20.7145530358,-21.8711402776,-20.135243436,-20.5590135695,-20.5516286311,13,14,14,13,17,12,0.177380678550891,0.507434944237918,-0.604665503300001
"Q16630",-20.6961175012,-20.8845174013,-21.0938238258,-21.1975892713,-20.5942516321,-20.6967092678,13,11,13,11,11,14,0.825471535365152,0.930270446399479,-0.0619695190333331
"Q16637",-21.547912771,-23.8642722173,-22.8637819886,-22.7974176813,-23.0052491002,-22.06514364,4,3,1,1,2,4,0.7815921506613,0.914314858891534,-0.136052185133334
"Q16643",-20.825334705,-21.3615206711,-20.9452210477,-20.4246559082,-20.8786381429,-21.1587895884,13,9,13,14,18,14,0.504055060379529,0.801583605030275,-0.223330928099998
"Q16658",-18.8066990257,-18.5875986516,-18.6735822134,-18.6542671853,-18.6895933589,-18.6207345062,42,51,54,45,52,51,0.869266676250719,0.940738442444927,-0.0344282800999984
"Q16698",-20.8204695027,-20.6545515622,-20.644764207,-20.2094811921,-20.7020585898,-22.4387072165,11,10,10,11,9,10,0.431510207015526,0.760732984293194,0.41015390883333
"Q16718",-20.9664926614,-19.6070460199,-20.2500243424,-19.7189746824,-19.7601580851,-19.2807081467,3,4,4,4,5,5,0.125424525589419,0.439585730724971,-0.687907369833333
"Q16740",NA,-20.8827492077,-20.9779091013,NA,-21.4183750315,-21.6049599787,4,3,4,2,4,5,0.0617534502587694,0.301785714285714,0.581338350599999
"Q16762",NA,-22.1865324998,NA,-23.2390277211,NA,NA,1,2,NA,1,1,1,NA,NA,NA
"Q16763",-20.9190349833,NA,-22.9602047367,NA,-22.0724494374,-22.7583648104,2,4,2,1,7,3,0.488758194364577,0.792425695110259,0.475787263899999
"Q16773",NA,-23.953939634,NA,NA,NA,NA,NA,1,NA,2,2,2,NA,NA,NA
"Q16774",NA,-22.310356987,-22.6985627557,NA,NA,-21.557525913,1,1,1,1,2,2,NA,NA,NA
"Q16795",-21.5068476904,-21.1163114667,-21.6916737068,-20.4755549178,-22.7808346971,-20.9352113953,7,10,7,11,8,9,0.919026020701553,0.960878724044538,-0.0410772845666649
"Q16822",-22.6127550625,-23.6324784821,-22.5423540432,-22.3982935048,-22.3247522604,-21.8777186007,14,11,10,15,11,12,0.0973341000575043,0.390896921017403,-0.728941073966666
"Q16836",-21.2540790512,-21.1603416081,-21.4419231993,-21.0547331519,-21.6633372247,-22.0859640824,7,12,8,9,10,12,0.382471679125934,0.730131503716409,0.315896866799999
"Q16851",-21.6414382459,-22.2407928695,-22.2938383949,-22.4972470309,-22.2963267186,-22.1348980251,13,13,13,8,11,14,0.438225416906268,0.761609907120743,0.250800754766665
"Q16864",-20.9588740431,-20.058220522,-20.3847325206,NA,-21.0249160281,-19.8403275648,3,4,2,3,4,4,0.920513657274296,0.960878724044538,-0.0346538987833327
"Q16877",NA,-23.4974555138,NA,NA,-23.8193433856,NA,1,3,1,NA,2,1,NA,NA,NA
"Q16881",-20.9201166912,-20.1615631683,-20.2322647364,-20.1194364284,-19.7604987596,-20.172856594,17,18,20,18,22,20,0.236790828062105,0.576153846153846,-0.420384271300001
"Q16890",-20.9746652347,-21.0825484994,-22.2873875207,-20.7252553917,-20.9421337773,-21.0576118934,3,3,1,4,2,3,0.212190195514664,0.544472152950956,-0.539866730800004
"Q16891",-19.9110505846,-20.1611757393,-20.0023161366,-20.1308995821,-20.447270657,-19.9996598641,32,28,29,26,34,31,0.552361845888442,0.826730518067044,0.167762547566667
"Q17R31",NA,NA,NA,NA,NA,-22.7621541672,NA,NA,NA,NA,NA,1,NA,NA,NA
"Q1ED39",-22.6271437784,-24.1838043744,-23.3739903187,-23.6254004024,NA,NA,5,6,5,3,3,3,NA,NA,NA
"Q1KMD3",-20.1129825952,-20.7464082554,-20.7435812965,-20.0997217711,-19.9663294019,-20.4283562635,29,23,20,28,26,24,0.279809804485336,0.639747191011236,-0.3695215702
"Q29RF7",-22.2395407852,-22.6244147071,-22.2705414728,-22.1019699563,-22.2185118774,-21.9517336748,14,14,19,22,17,15,0.322914462334675,0.682051282051282,-0.287427152200003
"Q2NKX8",NA,NA,-24.9107343235,NA,NA,-26.0140396042,1,2,2,NA,NA,2,NA,NA,NA
"Q2NL82",-21.0146128055,-22.2625527923,-21.6292681583,-20.8262246745,-22.1691494146,-21.830019513,15,11,12,17,11,14,0.932777027027027,0.962224866151101,-0.0270133846666667
"Q2TAL8",-23.2086525821,NA,NA,-24.7657352634,NA,-24.5811583236,2,NA,2,2,3,4,NA,NA,NA
"Q2TAY7",-20.7330083351,-20.8307718349,-20.3626534414,-19.9863225138,-20.4642436105,-19.9158004169,12,13,15,17,15,21,0.136503162737205,0.455347298787211,-0.520022356733332
"Q2V2P4",NA,-21.2466162271,NA,NA,NA,NA,NA,1,NA,NA,NA,NA,NA,NA,NA
"Q2V2P7",-21.3300242968,NA,-21.4025151556,NA,NA,NA,1,1,1,NA,NA,NA,NA,NA,NA
"Q2VPK5",-23.630212831,NA,-24.227462852,-22.182961189,-23.7855417119,-24.2060634872,3,5,5,4,4,5,0.365070011500863,0.712609970674487,-0.537315712133331
"Q32MZ4",-23.6526191557,-22.2986710081,-22.4402093874,-21.7210756917,-22.5545164046,-22.4517120053,8,12,9,15,14,12,0.230091863139735,0.566587864460205,-0.554731816533334
"Q32P28",-24.0024867163,NA,NA,NA,NA,-24.3862668065,3,2,NA,1,NA,2,NA,NA,NA
"Q32P41",NA,NA,NA,NA,NA,-24.3639904358,2,1,1,2,1,3,NA,NA,NA
"Q32P44",NA,NA,NA,-25.3316877037,NA,NA,1,1,NA,3,NA,2,NA,NA,NA
"Q3B726",-22.1830813395,-21.4825625633,-22.4130523898,-21.6318797403,NA,-22.3261784678,3,4,5,5,3,3,0.88864174813111,0.944410319410319,-0.0472029934833351
"Q3E6R5",NA,NA,-21.2812944262,NA,NA,NA,NA,NA,1,NA,NA,NA,NA,NA,NA
"Q3E754",-21.3998407233,-21.6151473124,-22.2450522339,-21.6063358274,NA,-21.6802738725,12,10,10,5,NA,9,0.744754312823462,0.904210526315789,-0.110041906583334
"Q3E764",-20.6313853813,-20.2817582276,-20.4466357551,-20.718855653,-20.3603900287,-20.6153658653,1,1,1,2,1,1,0.678628809660725,0.871727748691099,0.111610727666665
"Q3E795",-20.415203649,-21.3823509112,-20.2545267104,-20.5786061161,-21.3027576167,NA,3,3,2,3,2,NA,0.563584387579068,0.828387096774194,0.256654776199998
"Q3E834",-20.9708718001,NA,-21.316611463,-21.5190819156,NA,-21.2886517865,1,1,1,1,NA,1,0.407744105807936,0.748087431693989,0.260125219500001
"Q3E841",-21.2870530986,-21.277735941,-20.0891005603,-21.3405082321,-21.2288937587,-19.6346273375,4,4,7,2,3,5,0.754905261644623,0.90426638917794,-0.149953423866666
"Q3KQU3",-24.6292082363,-24.7647025173,-24.815206095,-24.9888116407,NA,NA,2,2,2,5,2,NA,NA,NA,NA
"Q3LXA3",NA,-24.0125250874,-24.0748438028,-23.052289495,-23.3583944259,-21.8917297214,1,1,4,2,3,7,0.031963341000575,0.198347107438017,-1.276213231
"Q3MHD2",-21.3735172772,-21.2956668896,-20.9529904628,-19.8931146611,-20.968005342,-20.738882065,4,4,5,5,5,4,0.107222110408281,0.411543287327478,-0.6740575205
"Q3SXM5",-23.4013067417,NA,NA,-23.4692724162,NA,-23.7108294853,2,1,1,2,NA,1,NA,NA,NA
"Q3YEC7",-21.8724037282,-24.5790451513,-22.8807951756,-22.2464184326,-22.5253442898,-23.8387081194,7,4,6,5,6,3,0.685702415181139,0.875790256600967,-0.240591071100003
"Q3ZCQ8",-19.5874408128,-19.7201066149,-19.7285360792,-19.3231547807,-19.8003683916,-19.6241140405,13,12,12,12,11,14,0.71689174813111,0.887769784172662,-0.0961487647000006
"Q46845",NA,NA,NA,-21.0488862549,-21.5678458211,-21.3000264675,NA,1,NA,4,4,6,NA,NA,NA
"Q46851",-22.5289863722,-22.7510820492,-22.8742557292,-22.3078009576,-21.6360363157,-20.7720187896,1,1,1,7,5,6,0.0308292121909143,0.198347107438017,-1.14615602923334
"Q46938",-21.8005972086,-20.9013149494,-20.4005147823,-19.1726825292,-18.540013867,-19.0865416642,3,4,8,16,17,18,0.00326279470960322,0.0454545454545455,-2.10106295996667
"Q49A26",-21.3933740111,-21.3475472393,-22.2543848711,-20.8507262017,-20.5254393587,-21.2837697574,6,7,6,10,12,8,0.075235192639448,0.338072669826224,-0.778456934566666
"Q49AR2",-24.2642200203,-22.8039750639,-22.5183142123,-21.6618586231,-22.2422270671,-21.4831353551,4,2,4,4,5,4,0.0246730879815986,0.172523961661342,-1.3997627504
"Q4G0F5",-23.3603382857,-21.9107186888,-22.6786016457,-22.7229718272,-22.330039517,-22.7729865212,2,3,2,3,2,2,0.900091863139735,0.952380952380952,-0.0412202515999986
"Q4G0J3",-22.2581205565,-22.9252601126,-23.1796509448,-22.8703351956,-22.4324405466,-23.3058900334,5,7,8,6,7,6,0.811410724554342,0.924422442244224,0.0818780538999988
"Q4G0N4",NA,NA,NA,-24.0204309151,NA,NA,1,1,1,2,2,1,NA,NA,NA
"Q4J6C6",-23.9839381629,NA,NA,-23.5400024776,NA,-24.6330397664,2,NA,4,5,1,2,NA,NA,NA
"Q4KMP7",NA,-23.5341761911,-25.489498227,-23.9872730903,-23.7285350988,NA,4,3,3,4,4,1,0.328596319723979,0.689308176100629,-0.653933114499999
"Q4V328",NA,NA,NA,-24.6438390695,NA,-24.7234145651,NA,1,1,2,2,2,NA,NA,NA
"Q4V339",NA,-23.1582795565,-23.5327042052,NA,NA,NA,1,1,2,2,1,1,NA,NA,NA
"Q4VC05",NA,NA,NA,-23.1659842112,NA,NA,1,1,1,3,1,NA,NA,NA,NA
"Q4VC31",NA,-21.8903231362,-20.0695281946,NA,-21.3847805299,-20.7233424217,2,4,6,1,2,3,0.887625215641173,0.944034440344403,0.0741358103999978
"Q52LJ0",-20.9251209486,-21.0744661305,-22.6122691461,-21.4375749656,-21.0313308419,-21.4953161317,10,8,2,6,9,10,0.630549309948246,0.863582908663269,-0.215878095333331
"Q53EL6",-23.4759768976,-22.7105129872,NA,-23.0699690549,-23.0063683892,-22.3163778065,2,5,5,5,3,4,0.465828637147786,0.776843146956952,-0.295673192199999
"Q53F19",NA,-23.0897355005,-23.0711320392,-23.253755237,-23.8972671041,-23.2078073241,4,5,3,4,7,5,0.297431282346176,0.659244264507422,0.372509451883332
"Q53FT3",-22.2524499047,-22.4649204064,-22.4521962474,-22.5824472401,-21.4619529662,-22.3048701051,1,3,2,3,3,2,0.460905405405405,0.773134328358209,-0.273432082366668
"Q53FZ2",-24.4826966645,-23.7621322774,-24.4111426408,NA,-24.0116391593,-22.4705034529,7,7,7,8,6,9,0.0871118458884416,0.367732558139535,-0.977585888133333
"Q53GS7",NA,-24.6378385508,NA,NA,NA,NA,2,1,3,1,2,1,NA,NA,NA
"Q53GS9",-21.4849827559,-21.4417365208,-21.7403760694,-21.8570800396,-21.5177271553,-21.6295015716,16,17,15,11,12,12,0.671839131684876,0.869630746043708,0.112404473466668
"Q53H12",-22.6326164673,-22.5484050996,-21.3652264862,-21.5573441896,-21.3677215896,-21.4386745727,9,6,10,9,9,9,0.105246693502013,0.41025641025641,-0.727502567066669
"Q53H82",-21.1657247145,-21.3963908816,-21.6619755313,-20.7578180107,-21.4864454183,-22.2419051765,4,5,6,8,2,5,0.815568142610696,0.926620598881211,0.0873591593666667
"Q53H96",-22.8297686619,-22.5107330437,-22.4152295738,-22.1061460977,-22.294021385,NA,3,2,1,3,2,NA,0.219173231742381,0.549959382615759,-0.385160018450001
"Q53HC9",NA,NA,NA,NA,NA,-23.614539057,1,0,2,2,2,2,NA,NA,NA
"Q53HL2",NA,NA,NA,NA,NA,-22.4269555077,1,1,3,3,3,4,NA,NA,NA
"Q53R41",NA,NA,NA,NA,-24.6396318338,-24.9030030736,2,3,2,1,1,4,NA,NA,NA
"Q53S08",-22.7823520386,NA,-23.1740410477,-22.7165158952,NA,NA,2,0,1,1,NA,3,NA,NA,NA
"Q562R1",-23.4627389522,NA,NA,NA,NA,NA,130,138,135,145,136,141,NA,NA,NA
"Q56P03",NA,NA,NA,-23.3617860187,NA,NA,NA,1,1,1,1,NA,NA,NA,NA
"Q587I9",-22.1800652588,NA,NA,NA,NA,NA,2,1,NA,1,NA,1,NA,NA,NA
"Q58FF6",-23.7316471211,NA,NA,NA,NA,-24.112055679,28,19,24,21,32,29,NA,NA,NA
"Q5BKZ1",-21.129747499,-20.6283173149,-21.5651246322,-21.3120086475,-21.344601329,-20.9282833375,12,10,10,13,11,10,0.785435020126509,0.915087956698241,0.087234622633332
"Q5C9Z4",-25.2216965263,-24.6160240157,-24.8878847036,-25.022594769,NA,NA,3,1,1,1,3,3,NA,NA,NA
"Q5F1R6",-22.2231104532,-22.9945991252,-22.6092843804,-23.0165772377,-23.6111192082,-22.752834659,5,3,4,5,2,6,0.1875432719954,0.517953321364452,0.517845715366668
"Q5H9R7",-21.4506820627,-21.0959771796,-20.9642648902,-21.781145798,-21.3828828007,-21.5290557914,16,20,18,20,21,27,0.215739217941346,0.549593495934959,0.394053419199999
"Q5JQC4",NA,NA,NA,-22.9842381275,NA,NA,NA,NA,NA,1,1,NA,NA,NA,NA
"Q5JRX3",-22.6490802421,-22.134106864,-22.6762631817,-22.2417800753,-21.9893477649,-22.3288483695,10,8,7,8,11,9,0.343252156411731,0.700183936235438,-0.2998246927
"Q5JS54",NA,NA,-20.6408161483,-21.0689859512,-21.4120627088,NA,NA,NA,3,2,1,NA,NA,NA,NA
"Q5JSH3",-24.7712836599,-22.6827167211,-23.6143631003,-24.5541897494,-22.4170291866,-22.3480457183,6,6,7,4,8,8,0.366291115583669,0.712609970674487,-0.583032942333336
"Q5JSL3",-26.3548293159,-25.0639928889,-25.0948367077,-24.5115540368,-24.5396346832,-26.6590442253,6,4,7,7,5,5,0.634136428982174,0.863582908663269,-0.267808655733333
"Q5JTH9",-22.8033143825,-22.419211561,-22.2490441391,-21.9386055886,-23.0776066947,-22.6212987024,13,16,20,16,16,20,0.864990655549166,0.940738442444927,0.0553136343666658
"Q5JTJ3",-19.869568985,-19.8792761426,-20.1923425945,-20.1814368765,-19.839516532,-19.8608660252,4,5,4,4,4,4,0.924850920069005,0.961319340329835,-0.0197894294666661
"Q5JTV8",NA,-24.1086964066,NA,NA,NA,-24.1540606657,NA,1,NA,NA,NA,1,NA,NA,NA
"Q5JTZ9",-24.4374545298,-23.7651548941,-23.2074350627,-24.6676182727,-24.4529623006,-23.34641631,4,5,6,4,5,6,0.442725129384704,0.762538382804504,0.352317465566667
"Q5JVF3",NA,-23.7267178506,-24.1839568673,-22.1458050798,NA,-23.977144647,1,5,2,4,1,3,0.186884128809661,0.517953321364452,-0.89386249555
"Q5MIZ7",NA,-24.4465046369,NA,NA,NA,NA,2,2,NA,4,5,3,NA,NA,NA
"Q5MNZ6",NA,NA,NA,NA,NA,-23.1577422491,1,NA,NA,NA,NA,1,NA,NA,NA
"Q5PRF9",NA,NA,NA,NA,NA,-24.5001896293,NA,NA,1,NA,NA,1,NA,NA,NA
"Q5QJE6",-20.6832997642,-20.5538000591,-21.8088147513,-20.904389004,-21.0847243306,-20.6694423872,17,20,13,20,14,21,0.730565842438183,0.89651493598862,-0.129119617600001
"Q5R3I4",NA,-23.2632486187,-24.6051164606,-24.0399891922,NA,-23.1159709466,4,2,2,4,2,3,0.532703709028177,0.81781557743957,-0.356202470250004
"Q5RI15",NA,NA,-21.5158306396,-21.2925274242,-21.6604261594,NA,NA,NA,2,1,1,NA,NA,NA,NA
"Q5RKV6",-20.2227909649,-20.1233663666,-20.6526363233,-20.2253103165,-21.0107383874,-21.1850835943,8,9,7,10,10,8,0.221468947671075,0.555913113435237,0.474112881133333
"Q5SRE5",-21.9604921823,-22.3277859814,-22.1765841937,-22.5892915299,-22.3071430718,-22.0453484601,19,19,27,21,16,26,0.591848332374928,0.845,0.158973568133334
"Q5SSJ5",-23.1867397701,-23.2301405551,-24.0144584591,-24.0997254059,-22.9208340123,-23.9162491488,3,3,6,5,6,6,0.671897067280046,0.869630746043708,0.168489927566668
"Q5SW79",-23.9223905619,-23.2543725912,-24.6990091146,-23.6468202857,-23.2653756966,-22.8356168863,6,8,7,10,8,15,0.134051610120759,0.450719822812846,-0.709319799699998
"Q5SY16",-23.4050102059,-21.5994364681,-22.6803269142,-21.8852949915,-21.9686514823,-23.4128168513,9,10,7,11,6,6,0.776706296722254,0.912598156367361,-0.139336754366663
"Q5T0F9",NA,-24.0184301039,NA,NA,-23.847518259,-24.1446268299,1,2,NA,1,1,3,NA,NA,NA
"Q5T1C6",-22.8299631605,NA,NA,NA,NA,-23.1586272739,1,2,3,1,NA,2,NA,NA,NA
"Q5T1M5",NA,NA,NA,NA,-25.3537660079,-25.34318465,1,4,1,1,2,1,NA,NA,NA
"Q5T200",NA,NA,NA,NA,NA,-25.6594547652,2,3,2,4,NA,5,NA,NA,NA
"Q5T280",NA,NA,NA,NA,-23.2579133454,NA,2,2,1,1,3,2,NA,NA,NA
"Q5T3I0",-23.4715135911,-23.9841396668,NA,-23.5148354948,-23.4913680377,-22.1969310168,4,5,1,2,2,5,0.195646348476136,0.529155787641427,-0.660115112516664
"Q5T3J3",-25.4946408843,-23.6477410065,-23.2068118649,-24.9391729911,-25.0429044437,-24.0382626264,2,4,4,4,2,4,0.330317855089132,0.689308176100629,0.557048768500003
"Q5T440",-23.5566870718,NA,NA,-22.6044615308,NA,-23.3685666406,2,2,1,2,1,1,NA,NA,NA
"Q5T4S7",-21.7930621177,-21.9045516593,-21.9121660833,-21.755971667,-21.6781541038,-21.5174997075,63,66,69,76,69,89,0.395297584818861,0.740346950195859,-0.219384794
"Q5T5C0",NA,-25.278986709,NA,NA,NA,NA,1,3,1,2,1,1,NA,NA,NA
"Q5T653",NA,-21.5939300058,NA,NA,NA,NA,6,4,3,2,3,1,NA,NA,NA
"Q5T6F2",-22.2041183593,-22.4673177313,-21.9524531761,-22.2955213077,-22.6194043588,-23.0872399804,6,8,10,7,10,8,0.201451552616446,0.533847472150814,0.459425460066665
"Q5T6V5",-21.825072638,-22.9897108265,NA,-22.0084838625,-24.1377354792,-23.904027561,4,5,4,7,4,6,0.173727285796435,0.505183788878417,0.942690568649997
"Q5T8P6",-23.504336907,-23.4682730946,-23.9733684509,NA,-23.84873536,-24.1626153713,7,7,8,4,11,9,0.288949108683151,0.649279341111874,0.357015881483331
"Q5T9A4",-23.25835063,NA,-23.0947202386,-24.5855468663,NA,NA,16,10,14,14,14,12,NA,NA,NA
"Q5TA45",NA,NA,NA,-24.4295763589,NA,NA,3,3,2,4,3,2,NA,NA,NA
"Q5TAQ9",NA,-24.2122444362,NA,NA,NA,NA,1,1,NA,2,1,NA,NA,NA,NA
"Q5TC12",NA,NA,NA,-22.6481717314,NA,NA,4,NA,2,3,2,3,NA,NA,NA
"Q5TDH0",-20.9856534122,-20.3138959901,-19.8996162288,-20.9106408477,-20.402154097,-20.1307532171,6,7,13,5,10,14,0.815986342725704,0.926973684210526,0.0814608435666671
"Q5TFE4",-22.5717399377,-21.8433733206,-22.1101405061,-22.2810193801,-21.778953331,-22.9493632144,4,3,6,3,4,6,0.668102501437608,0.86885865457294,0.161360720366666
"Q5U5X0",-20.0303117751,-21.1648467117,-21.4405484649,-21.3356984586,-20.8642047684,-21.0652412375,6,1,4,5,2,4,0.607281339850489,0.852184565128624,0.209812504266669
"Q5UIP0",-23.942155334,-23.4329886009,-23.2796530217,-23.6432178788,-23.3932026501,-25.0203947921,18,18,20,18,16,23,0.320484905117884,0.677813504823151,0.467339454800001
"Q5VT25",NA,-24.554796905,-24.8944978159,-25.0734059625,-24.4598949018,-25.3607772575,NA,3,2,3,3,7,0.523423375503163,0.816978548607942,0.240045346816668
"Q5VT52",-24.1389655878,-24.7002692269,-24.5183560984,-23.0317258612,-24.3188582894,-23.3692039214,4,8,11,10,9,13,0.0626559804485336,0.306878306878307,-0.879267613700002
"Q5VTD9",NA,NA,NA,NA,NA,-23.3929634402,NA,NA,NA,1,NA,1,NA,NA,NA
"Q5VTL8",-23.4271920954,-22.9705063131,NA,-22.9492815471,-24.1452006591,-25.3359297646,4,4,4,4,5,2,0.156880966072455,0.478391959798995,0.944621452683332
"Q5VTR2",NA,-24.373871672,-23.5790136574,-24.7343393114,-24.6875095898,-23.4706703645,2,3,5,5,5,9,0.506174381828637,0.801583605030275,0.321063757199997
"Q5VV42",NA,NA,-23.3791025259,-24.0368131622,-23.8939323504,-23.9535726408,NA,1,4,2,3,1,NA,NA,NA
"Q5VVQ6",-21.6493750478,-21.3065531364,-22.1739099765,-21.1564262324,-21.7099218627,-20.9749453138,4,4,5,5,4,7,0.260161730879816,0.617067833698031,-0.429514917266669
"Q5VW32",-23.3835925992,-21.9647277367,NA,-22.6270001049,NA,-23.0427318165,5,3,7,6,4,6,0.750564692351926,0.90426638917794,0.160705792750001
"Q5VWQ0",-23.6817064909,-24.7748385008,-24.9257928372,-24.371702148,-23.8924072003,-24.7681628618,2,2,2,4,3,3,0.76601538240368,0.904712762297902,-0.116688539600002
"Q5VWZ2",NA,-22.1447547306,-22.442901124,-22.9895488546,-22.2332983997,-22.4186025679,3,3,2,2,3,3,0.476831081081081,0.784218217243059,0.253322013433333
"Q5VYK3",-22.9312817886,-23.2534581849,-22.7400588203,-21.9170463873,-22.7989568374,-22.3840557153,26,21,23,25,23,23,0.117964634847614,0.42874251497006,-0.608246617933336
"Q5VZL5",-23.9438024271,-25.3247312269,-26.2527705127,-23.9144953633,-25.294024587,-24.4960860201,5,3,1,5,5,4,0.297660437032777,0.659244264507422,-0.605566065433333
"Q5XKP0",-20.9989033491,-22.0455324738,-21.4600821838,-21.2456201161,-21.1426619437,-20.6149314391,2,4,3,5,3,3,0.21016129959747,0.544472152950956,-0.500434835933333
"Q641Q2",-23.7522248466,-25.231883733,-24.0131343867,NA,-25.1177448383,NA,3,2,4,1,4,4,NA,NA,NA
"Q659C4",-25.1198836596,-24.9376455315,-25.1352630575,-24.8909623899,-24.820119846,-25.3765302087,1,1,1,1,1,1,0.885952990224267,0.944034440344403,-0.0350599346666662
"Q66K74",NA,-23.5134899507,-23.034714065,-24.1912422831,-23.5564837999,-23.5804239332,1,3,6,5,3,5,0.191983179988499,0.523893805309735,0.501947997550001
"Q66PJ3",NA,-21.8346124273,-22.6680269323,-22.7354557161,-21.4795310703,-21.8940213843,1,2,1,2,2,2,0.634876221966648,0.863582908663269,-0.2149836229
"Q676U5",-24.191814791,-24.4787535479,-24.5749328118,NA,-24.0577001174,NA,2,2,2,2,2,NA,NA,NA,NA
"Q68CP9",-24.9016377773,-25.4467688192,NA,NA,NA,-25.1245198338,5,6,6,4,3,9,NA,NA,NA
"Q68CQ4",-24.9045232138,-23.726095853,-23.5060949956,NA,NA,-22.8342868455,5,7,4,3,7,7,NA,NA,NA
"Q68CZ6",NA,-24.0961318356,-24.6634929273,NA,NA,NA,NA,1,2,2,3,NA,NA,NA,NA
"Q68E01",-23.4805395533,-22.8632527532,-25.160664582,-23.2057155538,-23.5941969875,-23.2662323223,4,6,4,6,6,6,0.370209746981024,0.713871154962275,-0.479437341633336
"Q68EM7",NA,-24.7100511938,NA,NA,NA,NA,1,2,1,1,2,2,NA,NA,NA
"Q69YH5",NA,-24.9230276596,-24.0633844277,-24.999155512,-25.0751674278,-25.5464089094,2,2,3,5,4,5,0.103529902242668,0.409090909090909,0.713704572750004
"Q69YL0",NA,-21.287896183,NA,NA,NA,-21.7364686799,NA,1,1,1,NA,1,NA,NA,NA
"Q69YN2",-24.0121108096,-22.6043159731,-24.2264305627,-22.7848113914,-22.9416900747,-21.8828330556,5,6,4,6,7,6,0.0597606382978723,0.298913043478261,-1.07784094123333
"Q69YN4",-24.4412904858,-24.047071465,-24.0123754007,-23.1407230852,-22.8851932189,-24.977967855,7,7,10,10,9,10,0.344336400230017,0.700183936235438,-0.498951064133333
"Q69YU5",NA,NA,NA,-21.5738959157,NA,-21.6204204471,NA,NA,1,2,1,2,NA,NA,NA
"Q6DD87",NA,NA,-23.8930572062,-23.1857233706,NA,-21.8126171868,NA,NA,2,1,NA,3,NA,NA,NA
"Q6DKI1",NA,-21.9159610435,NA,-23.6963678317,NA,-21.2931747273,4,11,3,5,3,5,NA,NA,NA
"Q6DKK2",-23.0864059032,-24.2230550844,NA,-23.2959847898,NA,NA,2,1,NA,1,NA,NA,NA,NA,NA
"Q6DN03",NA,-22.8146720366,-22.7854971648,-22.7924626087,-22.5238625145,-21.7842389092,4,7,4,6,9,8,0.283814548591144,0.646527777777778,-0.433229923233334
"Q6DN90",NA,NA,NA,NA,NA,-25.1724177785,NA,1,1,NA,NA,3,NA,NA,NA
"Q6EEV4",-21.8961102053,-21.8829598974,NA,-20.8379007979,-21.9987815685,NA,2,2,2,3,1,1,0.332861414606095,0.689308176100629,-0.471193868150003
"Q6FI81",-22.1162810536,-21.1080858797,-20.9792396498,-21.0939426008,-21.5624281574,-20.6765333072,10,12,12,10,11,13,0.48055376653249,0.784503631961259,-0.29023417256667
"Q6FIF0",-22.6568145576,NA,NA,-22.4448709783,NA,NA,1,NA,2,2,1,2,NA,NA,NA
"Q6GMV2",NA,-23.8222316933,NA,-23.656289222,NA,-24.1965352534,2,3,2,4,4,4,NA,NA,NA
"Q6GMV3",NA,-20.6825678058,-21.7733882546,-22.0246096717,NA,-20.8808786339,1,2,2,1,1,2,0.676212909718229,0.870086110071134,0.224766122600002
"Q6I9Y2",NA,-22.6328881039,-21.4285875815,-21.3792581179,-21.1846122741,-21.4382237535,2,3,3,3,3,4,0.13332331799885,0.450719822812846,-0.696706460866665
"Q6IA86",-22.7149098881,-22.8551168438,-22.6391539831,-23.1365932205,-22.4609910058,-22.0640000085,10,10,10,10,9,9,0.603420500287522,0.851623510069873,-0.182532160066668
"Q6IAA8",-20.1927851028,-21.3016348571,-20.1637361374,-19.3228882549,-19.7708380874,-21.5767627132,5,4,6,8,5,4,0.553695370902818,0.826730518067044,-0.329222347266668
"Q6IBS0",-19.6224368732,-19.5780214379,-20.0455356224,-20.0791105843,-19.7638447743,-20.2803724165,11,14,15,11,12,11,0.359421506612996,0.710951526032316,0.292444613866667
"Q6IBW4",NA,NA,NA,NA,-24.5343244785,NA,2,NA,NA,3,1,NA,NA,NA,NA
"Q6IN84",NA,-23.7822544195,NA,-23.8847017162,NA,NA,1,1,1,1,NA,NA,NA,NA,NA
"Q6IN85",NA,NA,NA,NA,NA,-24.3219453074,3,5,1,0,2,3,NA,NA,NA
"Q6JBY9",-21.9099562506,-21.9748968431,-24.1897389764,-22.7207630287,-21.8864839191,-21.6640827959,2,4,3,4,4,4,0.312416762507188,0.672067401166559,-0.601087442133334
"Q6KC79",-26.544854202,-26.3209999001,-26.7821267779,-25.5651147204,-25.659037393,-24.70764409,3,7,2,5,8,7,0.0143214491086832,0.13953488372093,-1.23872822553333
"Q6L8Q7",NA,-23.4214030698,NA,-23.0310287366,-23.4512556765,NA,1,4,4,3,2,4,NA,NA,NA
"Q6NUK1",NA,NA,NA,-23.1017893367,NA,NA,2,5,3,3,NA,3,NA,NA,NA
"Q6NUQ1",NA,NA,NA,-24.1853602149,NA,-24.5611753025,NA,1,3,1,NA,2,NA,NA,NA
"Q6NVY1",-22.0617914568,-24.053870733,-22.9048745209,-23.4720995087,-22.5421923257,-22.8280556733,7,8,10,5,9,15,0.883987205290397,0.942989214175655,-0.0593964010000008
"Q6NXE6",-22.4289120827,-22.9607493504,-22.7540892771,-23.5519287588,-23.3506394469,-22.7884716059,6,5,5,3,7,5,0.160791834387579,0.488142292490119,0.515763033800003
"Q6NXR4",-24.0408606362,NA,-22.4108605896,-23.7519535169,-23.905841692,-22.2327426851,2,NA,4,3,3,5,0.888497556066705,0.944410319410319,0.0709853517666659
"Q6NXT1",-22.859838116,NA,NA,NA,NA,NA,1,NA,NA,1,NA,NA,NA,NA,NA
"Q6NYC1",-21.5382279247,-21.2269046905,-21.4603920221,-20.5948143698,-22.0711798693,-20.5635996199,5,6,4,9,4,7,0.453418200115009,0.768922305764411,-0.331976926099998
"Q6NYC8",-23.0964427103,-24.1801904487,NA,-23.8187739907,-22.8205597739,-23.8967705108,3,2,3,2,4,6,0.776042840713054,0.91219678852067,-0.126281821033334
"Q6NZI2",-20.794013328,-20.7435275581,-20.8178204891,-20.314838832,-19.9663374083,-21.1445463671,9,9,7,10,9,9,0.411429557216791,0.749049429657795,-0.309879589266664
"Q6NZY4",-22.9693161439,-21.9046087251,-21.6743593418,-21.7379728249,-22.0937260676,-21.6040410715,4,9,10,7,10,11,0.369729585968948,0.713871154962275,-0.370848082266669
"Q6P158",NA,NA,NA,NA,NA,-25.6807560999,NA,NA,NA,1,3,2,NA,NA,NA
"Q6P161",NA,NA,NA,-22.4409776454,NA,NA,1,1,NA,1,1,1,NA,NA,NA
"Q6P1J9",-22.8378717381,-23.9886865456,NA,NA,NA,NA,8,6,3,5,10,7,NA,NA,NA
"Q6P1K2",-22.6439819529,NA,-22.9088186179,NA,NA,NA,2,1,2,2,NA,3,NA,NA,NA
"Q6P1L8",-21.7326445037,NA,-21.834883564,-20.9711264854,-21.5306137212,-21.0304935928,3,2,2,3,3,3,0.0945452846463485,0.39047619047619,-0.606352767383331
"Q6P1N0",NA,NA,-25.3910000596,NA,NA,NA,NA,NA,2,NA,3,4,NA,NA,NA
"Q6P1N9",NA,-23.3858689239,-23.2304382452,-23.212017189,NA,-22.3977462847,1,2,1,3,3,3,0.232189620471535,0.568412822517592,-0.503271847699999
"Q6P1Q9",NA,NA,NA,-22.8193232207,-22.8913165302,-23.469706427,2,1,NA,2,1,2,NA,NA,NA
"Q6P1X6",NA,NA,NA,-22.9343521645,NA,NA,NA,NA,NA,1,NA,NA,NA,NA,NA
"Q6P2E9",-20.8864702948,-20.9286247907,-20.6797876112,-20.993637597,-21.1803880267,-20.5964937785,20,26,26,22,21,28,0.743780908568143,0.904210526315789,0.0918789018333328
"Q6P2H3",-24.8492020851,NA,NA,NA,NA,NA,2,2,1,1,1,2,NA,NA,NA
"Q6P2I3",-21.5122016501,NA,NA,-21.4604088075,NA,NA,4,5,3,6,3,4,NA,NA,NA
"Q6P2Q9",-20.7546570422,-20.96639384,-20.8238924095,-20.7332164482,-20.6912502939,-20.6644786164,67,66,76,78,83,76,0.535986630247269,0.81781557743957,-0.151999311066668
"Q6P3W7",-24.5523911711,NA,-25.2076990683,NA,NA,-22.9251681564,5,2,3,3,4,5,NA,NA,NA
"Q6P3X3",-23.5574320877,-23.2095096916,-23.1343684402,-22.675003859,-22.5660679205,-22.6325498216,7,9,5,6,10,9,0.0452420931569868,0.257019438444924,-0.675896206133334
"Q6P4I2",NA,NA,NA,NA,NA,-23.7195394522,NA,1,1,NA,1,1,NA,NA,NA
"Q6P587",NA,NA,-22.5978285133,NA,-22.3633392841,NA,NA,NA,1,NA,1,1,NA,NA,NA
"Q6P6C2",NA,NA,NA,NA,NA,-24.2200563497,NA,NA,3,2,NA,2,NA,NA,NA
"Q6P996",-24.6222041527,NA,NA,NA,-24.2941597132,-24.0835815641,6,NA,1,1,3,4,NA,NA,NA
"Q6P9B6",NA,NA,NA,-23.8072660701,NA,NA,NA,NA,NA,2,NA,NA,NA,NA,NA
"Q6PD62",NA,-25.3408205815,-25.8511269858,-24.3833313177,-24.758100673,-23.5362430768,9,8,7,9,10,10,0.0198365439907993,0.153024911032028,-1.37008209448333
"Q6PD74",-21.4470300528,-22.2198621554,NA,-22.1815936085,-22.2713200813,-21.180176333,5,5,3,5,4,5,0.901477429557217,0.952468007312614,0.0442505701666676
"Q6PI48",-22.7839104031,-23.0920966967,-22.2185974031,-23.466371441,-22.0590338987,-21.9393617281,7,7,12,10,9,12,0.637708165612421,0.863582908663269,-0.209945811699999
"Q6PJ69",NA,-23.3924906652,NA,-24.5304058754,-23.4481301757,-22.8524043746,1,3,2,1,4,3,NA,NA,NA
"Q6PJG6",-22.9080257672,-24.1187101368,-23.5585914033,-22.2657608972,-24.783038941,-25.2444210607,10,6,9,6,6,7,0.390514232317424,0.736158192090395,0.569297863866666
"Q6PJT7",-21.6690066788,-22.4558124853,-23.1157277879,-22.0494888376,-22.1719739223,-23.0570296445,10,9,11,8,11,11,0.956532058654399,0.966783216783217,0.012648484133333
"Q6PKG0",-21.4382364725,-21.6992509044,-22.6512478444,-21.9030636064,-22.4871142617,-21.6391617078,22,22,22,23,19,19,0.827880247268545,0.931707317073171,0.080201451533334
"Q6PKH6",NA,NA,NA,-21.8267373672,NA,NA,NA,NA,NA,1,NA,NA,NA,NA,NA
"Q6PL18",-24.9090417185,-24.3449319039,-23.6344644305,-24.1298575858,-23.375053818,-23.3057200381,5,4,6,7,6,9,0.13312708453134,0.450719822812846,-0.692602203666667
"Q6RFH5",-20.5943732997,-21.598503463,-20.8781103643,-20.9330524695,-22.1605645695,-21.4340386745,10,8,10,9,11,9,0.269243818286371,0.62301013024602,0.485556195499999
"Q6RW13",NA,NA,-21.4288927608,-20.4240159714,NA,-22.3730986099,1,NA,1,2,NA,1,NA,NA,NA
"Q6SPF0",-23.3715218527,-23.3911828399,-25.2301249294,-23.3293747616,NA,-23.5586798039,2,3,2,3,3,5,0.343534502587694,0.700183936235438,-0.553582591249999
"Q6UB35",-23.423443444,-23.7179024096,-22.8678684517,-22.6251858593,-24.2310473535,-23.6604509413,13,14,10,17,12,14,0.692442926969523,0.878039793662491,0.169156616266665
"Q6UN15",-20.407034582,-20.3347762797,-20.4302091778,-20.4346956762,-20.5061011924,-20.8013685162,12,12,11,13,9,9,0.480239936745256,0.784503631961259,0.19004844843333
"Q6UWE0",NA,NA,NA,-24.9346964638,NA,NA,NA,1,NA,2,NA,1,NA,NA,NA
"Q6UWP2",-21.6622437392,-21.6086598983,-21.8242313244,-22.8433488787,-22.6882527755,-21.7951080917,2,4,4,2,1,3,0.0761577055779183,0.338072669826224,0.743858261333333
"Q6UX04",-21.9307879973,-22.8650489934,-24.4671403111,-23.3002251309,-23.263602517,-24.4031960925,6,4,1,3,4,4,0.342156986774008,0.700183936235438,0.568015479533333
"Q6UXN9",-21.8082506546,-21.3265050882,-21.9901778388,-21.7692139309,-21.1952663188,-21.9171102859,11,8,13,10,8,12,0.797647211040828,0.917725752508361,-0.0811143486666666
"Q6UXV4",-22.7092752398,NA,NA,NA,NA,NA,2,1,NA,1,NA,NA,NA,NA,NA
"Q6VMQ6",-25.42316617,NA,NA,NA,NA,NA,1,1,NA,NA,NA,NA,NA,NA,NA
"Q6WKZ4",-23.8494147891,NA,-25.0606311219,-24.3306654996,-23.2322119427,-23.7002516741,5,5,6,5,8,10,0.179408855664175,0.513339466421343,-0.700646583366666
"Q6XQN6",-24.4819544186,-23.9490677305,NA,-23.113695008,NA,NA,3,2,1,4,2,NA,NA,NA,NA
"Q6Y7W6",NA,-24.1783479019,-22.6919855651,-23.7982407345,-22.9130957094,-22.6047649994,7,6,11,7,9,9,0.534200546290972,0.81781557743957,-0.329799585733333
"Q6YN16",-21.2823890764,-22.413700073,-21.5600116668,-21.0898726203,-21.2023457562,-22.7637107655,6,3,7,5,6,6,0.87324511213341,0.940738442444927,-0.0667238914000023
"Q6YP21",-22.1589771841,-21.2913759145,-21.7535102316,-21.7095843869,-22.5146408594,-21.2470217815,6,7,6,4,4,9,0.810866014951121,0.924422442244224,0.0891278992000011
"Q6ZN17",-21.4268583383,-21.1712100385,-22.1418531828,-21.8525921142,-21.793756699,-22.1650132367,3,8,9,5,9,8,0.329106958021852,0.689308176100629,0.3571468301
"Q6ZSJ8",NA,NA,NA,NA,-20.4004049686,NA,NA,1,2,1,2,NA,NA,NA,NA
"Q6ZT12",NA,-26.3613734807,NA,NA,-26.0784527946,-26.3535509597,2,1,NA,NA,2,1,NA,NA,NA
"Q6ZT62",NA,NA,-24.3454874574,NA,NA,NA,1,2,3,5,3,2,NA,NA,NA
"Q70CQ2",NA,NA,NA,-25.7284105575,NA,-27.1311172612,1,1,1,2,NA,2,NA,NA,NA
"Q70J99",-22.0627026591,-21.4949458544,-21.051638884,-21.4101183459,-21.1300268473,-21.27126607,18,12,21,16,21,24,0.452255462909718,0.768922305764411,-0.265958711433335
"Q712K3",NA,-22.7510886259,-23.0606692875,NA,-22.8740065851,NA,2,1,3,2,2,1,NA,NA,NA
"Q71RC2",-23.3864913385,-22.3721884998,-22.8060048094,-21.9731583927,-24.2483464695,-21.8855248161,11,11,11,11,4,10,0.775252156411731,0.911825017088175,-0.15255165646667
"Q71UM5",NA,NA,NA,NA,NA,-20.0923973461,7,1,2,1,2,2,NA,NA,NA
"Q75N03",NA,NA,-23.3570397596,NA,NA,NA,NA,NA,2,1,NA,1,NA,NA,NA
"Q76EJ3",NA,-25.3468591567,NA,NA,NA,NA,NA,1,NA,NA,NA,NA,NA,NA,NA
"Q76FK4",NA,-24.2832405252,-25.2567460611,-24.5496776137,-24.9449540296,-24.0714946527,8,6,4,12,3,7,0.561209028177113,0.827720207253886,-0.247951194483335
"Q7KZ85",-22.1424675414,-24.0399580376,-22.4251780224,-22.2388398459,-22.5607749407,-22.8225632614,16,8,20,16,13,14,0.498019120184014,0.797450424929179,-0.328475184466665
"Q7KZF4",-19.1355868324,-19.1143576001,-19.3917369866,-19.0728472936,-19.1656727605,-18.9780342931,71,67,61,65,71,80,0.585962909718229,0.843030556718292,-0.141709023966666
"Q7L014",-21.0787691211,-20.8863379811,-20.9156607332,-20.6997224251,-20.9561397216,-20.5464809075,24,26,26,29,29,36,0.420822167912593,0.75462718138551,-0.226141593733335
"Q7L0Y3",-21.2635715754,-21.1885772245,-21.166065305,-20.4639108258,-22.2440274423,-21.0318265601,9,15,13,13,12,10,0.907517538815411,0.955967203158214,0.0405169077666656
"Q7L1Q6",NA,NA,NA,NA,NA,-23.0219730408,12,10,14,13,13,17,NA,NA,NA
"Q7L2E3",-21.8747773427,-22.5170534597,-21.3748428995,-22.5587560769,-22.0727793067,-21.3409170103,23,23,24,24,23,27,0.854023864289822,0.940506329113924,0.0685928973333354
"Q7L2H7",-19.3496477871,-19.9232966318,-19.3472697645,-20.5059610114,-19.288483356,-19.8908109549,20,19,24,19,19,19,0.376934588844163,0.723563218390805,0.35501371296667
"Q7L2J0",-22.4405349217,-21.7880415321,-23.5509815808,-21.7342367521,-22.1714316308,-23.1918564368,5,8,7,9,6,11,0.645767251293847,0.864927987543791,-0.227344404966669
"Q7L4I2",-23.1453749779,-22.5346236164,-22.1829495802,-21.5466602511,-21.8430586133,-21.8938424246,1,3,4,5,3,3,0.0444943933294997,0.257019438444924,-0.859795628499999
"Q7L576",-23.7104094371,-23.2137303742,-23.3419862706,-23.7912411558,-23.7148275686,-23.1221878736,9,8,8,12,9,14,0.69952932719954,0.878457059679767,0.120710172033334
"Q7L5D6",-21.6874966199,-23.7964521425,NA,-21.0238532034,-23.857723024,NA,8,3,5,8,6,4,0.744615583668775,0.904210526315789,-0.3011862675
"Q7L5N1",-21.7926140474,-20.3623402888,-20.9859260311,-21.7056513621,-20.7094143259,-21.558180702,4,6,8,8,8,6,0.53019062679701,0.81781557743957,0.277455340900001
"Q7L5Y9",NA,-23.3120932575,-23.7739993371,NA,NA,-23.453277842,3,3,4,2,1,2,NA,NA,NA
"Q7L775",NA,NA,-23.3974026025,NA,-24.344892873,NA,3,1,3,0,2,3,NA,NA,NA
"Q7L9L4",NA,-22.5951389097,-21.3007421275,-22.7884252243,-21.9201390346,-20.6619762598,3,8,5,3,8,6,0.782790540540541,0.914431239388795,-0.157760345700002
"Q7LBC6",-22.9728981632,-23.7158534368,-24.9829977032,-24.2757871443,-23.5345853925,-24.28191486,11,13,7,9,8,10,0.761871621621622,0.904712762297902,0.140179364533331
"Q7LGA3",NA,NA,-23.2707439567,NA,NA,-23.3184256355,2,1,1,1,NA,1,NA,NA,NA
"Q7RTV0",-19.1245848171,-19.1823878613,-19.5475744539,-19.7052768551,-19.1914221134,-19.527357594,9,8,9,6,7,8,0.532617165037378,0.81781557743957,0.189836476733333
"Q7Z2T5",-21.9439313752,-22.386093372,-21.6887140642,-21.9702131898,-21.6801931546,-21.5592258119,10,6,11,10,7,11,0.409867165037378,0.748639825897715,-0.269702218366664
"Q7Z2W4",-21.2813365273,-21.1925814923,-21.2429486567,-21.1560865484,-21.1020548802,-21.2421644818,17,16,19,22,20,18,0.747195370902818,0.90426638917794,-0.0721869219666651
"Q7Z2W9",NA,NA,-22.4967266972,NA,NA,NA,2,NA,5,NA,5,3,NA,NA,NA
"Q7Z3B4",-20.7944216952,-20.4167965164,-21.8670709134,-20.8002404758,-21.0408707163,-20.7219648898,14,13,11,14,10,13,0.66428421506613,0.86885865457294,-0.171737681033335
"Q7Z3K3",-25.3454494639,-23.4924891623,-23.8844177912,-23.7377594781,-26.0328593561,-23.9222507894,4,7,8,10,6,10,0.597792553191489,0.848347107438017,0.323504402066668
"Q7Z3U7",-25.639830607,NA,-26.1531857928,NA,NA,-25.3477660168,3,2,4,3,2,3,NA,NA,NA
"Q7Z417",-21.9436122696,-21.2912852969,-20.9918160791,-21.0889980398,-21.6217153126,-20.8923977637,8,8,11,13,11,12,0.572780908568143,0.83651804670913,-0.207867509833331
"Q7Z422",-20.987791271,-21.5256849905,-21.4981581769,-21.8392003716,NA,NA,2,3,3,1,3,2,NA,NA,NA
"Q7Z434",-23.8843851302,-23.6627549856,NA,-22.7322549922,-23.9066455094,-22.9275422097,2,3,3,3,2,4,0.198202702702703,0.530120481927711,-0.584755820799998
"Q7Z460",NA,NA,-26.055270775,-23.0930090227,-24.4345018746,NA,3,3,4,11,4,7,NA,NA,NA
"Q7Z478",-24.2832791187,-25.1903088191,-25.4372799934,-25.1523995327,NA,-24.3601182365,5,5,4,2,3,5,0.627834243818286,0.863582908663269,-0.214030425800001
"Q7Z4H3",-19.6957593344,-19.9586915359,-20.3274943418,-20.5443428274,-19.7223709708,-20.2917993268,7,9,8,6,11,7,0.578653680276021,0.83790628957366,0.192189304300001
"Q7Z4H7",NA,NA,NA,NA,NA,-24.0436951833,1,1,NA,3,NA,3,NA,NA,NA
"Q7Z4Q2",NA,-24.7443129115,-24.6262681603,-23.6245088412,-24.7818084341,-24.8901687804,3,2,3,2,1,2,0.567301322599195,0.831407787762088,-0.253128517333334
"Q7Z4S6",NA,-25.063119902,NA,NA,NA,-25.6850812331,NA,1,NA,NA,NA,1,NA,NA,NA
"Q7Z4V5",-22.661718399,-23.5738807181,NA,-23.7325318664,-23.4430814667,-22.2958321858,5,2,4,6,6,5,0.918392035652674,0.960878724044538,0.0393489477499998
"Q7Z4W1",-20.870304049,-20.6200380304,-20.1605110675,-21.5300075671,-21.1805096795,-20.7663416078,8,8,12,9,7,6,0.120759631972398,0.43211334120425,0.608668569166667
"Q7Z569",NA,NA,NA,-24.1287171121,-23.1055593335,-24.3964803167,2,NA,2,2,2,3,NA,NA,NA
"Q7Z5K2",-25.3389020183,-24.1396868302,-24.069568843,-24.7403126525,-24.7043193811,-25.0959220167,4,5,4,3,4,6,0.422476710753307,0.75462718138551,0.330798786266666
"Q7Z5L9",-22.4270031195,NA,-23.2018909838,-23.2016783841,-23.033476729,-22.667538657,7,3,3,5,4,6,0.66767251293847,0.86885865457294,0.153117538383334
"Q7Z6E9",-25.3409407663,-23.4851228206,-23.5207361559,-25.4033786625,-24.4856726289,-23.7379157418,4,8,8,4,9,8,0.44883941920644,0.767866193613786,0.426722430133331
"Q7Z6M1",NA,NA,NA,NA,NA,-23.5616300858,1,NA,1,NA,1,2,NA,NA,NA
"Q7Z6V5",-22.7034656866,NA,NA,NA,NA,-22.6937573104,1,2,NA,2,2,1,NA,NA,NA
"Q7Z6Z7",-22.2880014127,-22.6227111552,-22.3454981754,-22.1648638739,-22.4314910747,-22.4651825173,39,30,36,40,40,42,0.798929269695227,0.919532554257095,-0.0648910924666701
"Q7Z739",-22.928162325,NA,-24.1770583586,-23.8879156895,-23.6931899295,NA,6,5,6,6,6,3,0.621254025301898,0.86109995985548,0.237942467700002
"Q7Z7A3",-22.8998072968,-23.2007466269,-23.4910482706,-22.9772176128,NA,-22.9297651078,2,2,2,4,3,4,0.442868602645198,0.762538382804504,-0.243709371133335
"Q7Z7C8",-23.0044680084,NA,NA,-23.7605892554,NA,-23.343840229,2,1,1,2,1,1,NA,NA,NA
"Q7Z7F0",NA,NA,NA,-23.9463607607,NA,NA,1,NA,NA,2,NA,NA,NA,NA,NA
"Q7Z7F7",NA,NA,NA,-21.7858838048,NA,NA,NA,1,NA,1,1,NA,NA,NA,NA
"Q7Z7K0",-20.4685198023,NA,-21.5155885694,-21.646150971,-21.2784531788,-20.544399547,2,NA,2,1,2,2,0.708856382978723,0.88205499276411,0.16428037975
"Q7Z7K6",-22.8786196508,-23.9174182126,NA,NA,-22.9723831243,NA,4,4,1,5,3,4,NA,NA,NA
"Q7Z7M9",-25.0098162491,NA,-25.2649033612,-24.9156928645,NA,NA,1,1,2,2,NA,NA,NA,NA,NA
"Q86SX6",-22.3719333167,-20.3572626023,-20.5194182641,-19.9486058011,-19.7139193229,-22.5033159063,3,5,6,6,7,4,0.599883697527315,0.851011143210896,-0.360924384266667
"Q86TB9",NA,-24.7478242047,NA,-24.8866979564,NA,NA,NA,1,1,2,NA,2,NA,NA,NA
"Q86TP1",NA,-23.865844178,-22.7321729679,NA,-23.6072932699,-22.5857751377,1,5,6,4,3,5,0.697893473260495,0.878457059679767,-0.20247436915
"Q86TS9",NA,NA,NA,-22.3278224999,NA,NA,NA,1,1,1,NA,NA,NA,NA,NA
"Q86TU7",-24.2321414214,NA,NA,NA,NA,NA,1,0,0,0,3,1,NA,NA,NA
"Q86U06",-24.7049785199,NA,NA,NA,NA,NA,1,2,2,2,3,4,NA,NA,NA
"Q86U38",-24.7803212779,NA,-24.9051871201,NA,NA,NA,2,2,3,0,0,1,NA,NA,NA
"Q86U42",-21.8779488242,-20.2014622734,-19.8231402544,-20.1902041509,-19.8687207455,-20.1438583128,6,8,8,7,8,7,0.274202846463485,0.631130063965885,-0.566589380933333
"Q86U44",-23.9202229713,NA,-23.8804525426,-22.2494053759,-23.6589120189,-24.0382157428,2,NA,2,5,2,3,0.284857245543416,0.647018030513176,-0.584826711083334
"Q86U70",-23.7848354632,NA,-23.4251390059,-23.0259627518,NA,NA,2,3,3,3,3,NA,NA,NA,NA
"Q86U86",NA,-25.9687582714,NA,-25.3246523892,NA,NA,1,4,1,3,NA,NA,NA,NA,NA
"Q86U90",-21.3710351706,-21.1288427316,-20.7569712258,-20.4173649133,-21.2228232141,-21.0140475991,6,5,4,6,6,4,0.561238642898217,0.827720207253886,-0.200871133833335
"Q86UA1",-24.0278831808,NA,NA,NA,-24.1451855506,NA,3,3,1,1,2,1,NA,NA,NA
"Q86UE4",-23.9673055568,-24.8002249677,NA,-24.1599704653,-23.8976335485,-23.0895621186,5,5,1,4,4,6,0.165333668775158,0.496624879459981,-0.668043218116669
"Q86UK7",-23.3253875175,-22.0548382655,-22.1806062839,-22.3786285711,-21.3889381267,-22.6898830313,7,9,7,5,11,8,0.433675819436458,0.761609907120743,-0.367794112599999
"Q86UP2",-23.546206661,-23.8766102641,-22.7408392243,-22.878833171,-23.5308712174,-23.0742544914,10,15,18,15,16,14,0.555762650948821,0.826730518067044,-0.226565756533333
"Q86UV5",-23.6756933616,-23.1231656145,-22.870095943,-23.3679946749,-23.7999981918,-23.5239957129,12,11,9,8,9,7,0.324865152386429,0.684984025559105,0.341011220166667
"Q86UX7",-20.0107732918,-20.2075324626,-20.2902938568,-20.1776443702,-19.9382582021,-20.0574028805,25,21,27,29,23,26,0.661313110983324,0.868089973313,-0.111764719466667
"Q86UY5",-23.5539579157,NA,NA,-23.6541875554,-23.5984531007,-23.7312879658,2,1,1,1,1,1,NA,NA,NA
"Q86V81",-19.0983992792,-19.0379893908,-19.5339908261,-19.2764457021,-18.9117555076,-19.2213924881,11,12,11,12,10,13,0.758378234617596,0.904712762297902,-0.0869285994333318
"Q86VM9",-21.6321524078,-21.5183306535,-21.5530571416,-22.2004498128,-21.8413407191,-21.6390036805,11,14,16,13,12,13,0.283052328924669,0.645454545454546,0.325751336499998
"Q86VP6",-20.8866907858,-20.6793024823,-20.8028293102,-20.288074009,-20.5987488946,-20.784432614,37,32,36,38,38,37,0.424183007475561,0.75462718138551,-0.232522353566665
"Q86W42",-21.1365417838,-21.2437058777,-20.7959128636,-20.4720069147,-20.4372912193,-20.7063927668,6,6,6,7,7,7,0.108218228867165,0.411543287327478,-0.520156541433334
"Q86W50",NA,-23.7243898714,NA,NA,NA,-24.5611499778,1,2,4,1,2,3,NA,NA,NA
"Q86W56",-24.8814981668,-23.703366086,-23.1637648911,-23.4041489379,NA,NA,3,5,7,4,6,5,NA,NA,NA
"Q86WB0",-21.6791783721,-21.8261416065,-21.0161611642,-21.3277022669,-22.3796828298,-21.1621301695,7,6,12,9,7,9,0.765013369752731,0.904712762297902,0.11601137446667
"Q86WJ1",-24.9222384724,NA,-24.8998309477,NA,NA,-24.7320383186,2,NA,2,1,1,1,NA,NA,NA
"Q86WQ0",NA,NA,-22.2923371545,-22.0790032852,NA,NA,NA,NA,2,2,1,1,NA,NA,NA
"Q86WX3",NA,NA,NA,-22.2740039866,-21.657242791,NA,1,1,NA,1,1,NA,NA,NA,NA
"Q86X55",-22.3415337385,-22.0049632678,-22.5985337945,-23.1579910284,-22.414550353,-21.6176831485,7,10,10,6,9,12,0.829720816561242,0.9322528363047,0.0817312430333317
"Q86X83",-22.8977229434,NA,-22.2286795366,NA,-21.8076153501,NA,2,1,2,2,3,1,NA,NA,NA
"Q86XI2",-24.8739475381,-25.9701753223,-24.3976451211,-23.3159133918,NA,-24.1672695534,4,4,3,4,3,5,0.0366574180563542,0.215346534653465,-1.33899785456667
"Q86XP3",-20.6056860986,-21.4611935935,-20.6092916647,-20.4321279771,-21.2892137265,-20.7334032918,20,19,27,24,19,26,0.829350057504313,0.9322528363047,-0.0738087871333342
"Q86Y39",-21.9872256118,-22.5681615543,-21.9560232599,NA,NA,NA,1,3,3,1,NA,NA,NA,NA,NA
"Q86Y56",-22.2655869457,-23.1591568029,-21.6040375937,-21.6155994105,-22.283262339,-21.7785499725,9,10,17,12,14,14,0.315287377803335,0.672067401166559,-0.450456540099999
"Q86YP4",-21.3925854755,-21.776055321,-21.3842838515,-21.3960627579,-21.8730095995,-21.6904863904,14,7,15,16,15,17,0.64191201840138,0.864294094642159,0.135544699933334
"Q86ZR7",-23.1310357212,NA,NA,NA,NA,NA,2,1,NA,NA,NA,1,NA,NA,NA
"Q8IU81",-22.2380124789,-24.4736785033,-23.460551583,-22.8886781286,-22.1244094692,-21.4254650557,5,5,6,8,10,9,0.0589588844163312,0.295081967213115,-1.2445633039
"Q8IUF8",-23.2971741057,-23.8758382341,-22.9638814006,NA,-23.5815881783,-23.7155377319,3,1,3,1,3,3,0.468564404830362,0.777886977886978,0.269598374966662
"Q8IUI8",-21.9437380328,-21.9317150744,-22.673927597,-21.3105581433,-23.3574168847,-22.7075893133,7,5,5,5,5,6,0.57836170212766,0.83790628957366,0.275394545700003
"Q8IUR7",NA,NA,-24.6015615774,NA,-23.6327877088,NA,3,1,4,1,4,4,NA,NA,NA
"Q8IV08",-23.6489528538,NA,-24.6005898562,-22.8128411196,NA,-24.615665333,5,NA,2,2,4,1,0.533933870040253,0.81781557743957,-0.410518128699998
"Q8IV38",-23.836104519,-23.0349929051,-24.095136382,-22.9575962874,NA,-23.6544995963,4,7,6,6,2,4,0.424244105807936,0.75462718138551,-0.34936332685
"Q8IVD9",-23.3498594777,NA,-23.2965659126,NA,-22.9559445727,NA,4,2,5,2,4,2,NA,NA,NA
"Q8IVI9",NA,-23.3665389294,-23.4606605136,NA,-23.5046668599,-23.6766320481,2,2,3,3,2,1,0.49625488786659,0.797252486972999,0.177049732500002
"Q8IVM0",-22.9179373892,-23.0309312248,-23.1131259009,-22.9159123049,-22.8688013958,-23.1770910547,2,1,1,1,2,2,0.879642898217366,0.942539388322521,-0.0333965865000003
"Q8IVS2",NA,-23.5493128844,NA,NA,NA,NA,NA,1,1,1,2,NA,NA,NA,NA
"Q8IWA0",-21.5894929189,-21.8839993088,-21.6098432063,-21.0759277996,-22.3291062823,-20.9365507245,13,12,13,15,11,16,0.549233611270845,0.826508146191105,-0.247250209200001
"Q8IWB7",-22.9965463779,NA,-24.028273462,NA,-23.0879707237,NA,2,1,2,NA,1,NA,NA,NA,NA
"Q8IWD4",NA,NA,NA,NA,NA,-23.8988828144,NA,1,NA,1,NA,1,NA,NA,NA
"Q8IWI9",NA,NA,NA,NA,-27.7883025618,NA,1,1,NA,NA,1,NA,NA,NA,NA
"Q8IWJ2",-25.9186914363,-25.5266833323,NA,-26.0951052728,-24.7481237566,NA,2,3,NA,8,7,0,0.561916762507188,0.827720207253886,-0.301072869600002
"Q8IWS0",-21.6586314729,-22.1612782396,-21.1505434174,-21.9022247641,-21.2026225429,-20.9625796005,5,5,6,6,8,7,0.450501725129385,0.768922305764411,-0.3010087408
"Q8IWT0",-21.26809441,NA,NA,-22.3513936333,NA,-21.5061747332,2,NA,1,1,1,2,NA,NA,NA
"Q8IWX8",-21.1343584026,-21.0095248434,-21.2971264424,-21.0348317383,-21.140549188,-21.3502561079,15,14,17,15,15,20,0.89729470960322,0.951070336391437,0.0282091152666695
"Q8IWZ3",-23.6809203375,-24.4414267256,-23.8309998815,-24.0178990924,-24.2310523357,-24.008239349,18,18,14,10,7,18,0.738960753306498,0.902826855123675,0.1012812775
"Q8IWZ8",-24.2491932289,NA,-24.1855846103,NA,-24.229507743,NA,3,2,2,1,3,3,NA,NA,NA
"Q8IX01",-23.8190859268,-24.679621524,NA,-23.6409503062,-23.2768021823,-25.3682196364,7,8,6,9,11,9,0.781819723979298,0.914343983684568,-0.154029683766666
"Q8IX07",-25.2615868362,NA,-25.5661441548,NA,NA,NA,4,3,2,4,2,1,NA,NA,NA
"Q8IX12",-22.2943378851,-21.8994016367,-22.5351001143,-21.8205758192,-21.8126624471,-21.9014811278,16,20,20,20,21,22,0.212368890166762,0.544776119402985,-0.398040080666668
"Q8IX90",-21.6751198726,-22.5383078752,-22.8697555511,-22.5782156363,-21.7940188126,-22.6379694185,6,6,4,3,7,7,0.933368602645198,0.962224866151101,-0.0243264771666638
"Q8IXH7",NA,-24.0882619832,-23.2745095089,-23.2008536113,-22.9934127492,-24.105478033,NA,5,2,6,4,4,0.57727515813686,0.83790628957366,-0.24813761488333
"Q8IXI1",-22.090696588,-22.3285029827,-21.6505848807,-21.5075139314,-21.4150372536,-21.5511276256,8,13,12,14,11,12,0.121096894767108,0.432941176470588,-0.5320352136
"Q8IXK0",NA,NA,-25.1543746992,NA,-24.5035816981,NA,2,2,3,3,1,1,NA,NA,NA
"Q8IXM3",NA,-21.1955256693,-22.3601135152,NA,-22.2348248691,-22.5021327789,3,3,2,2,3,3,0.240414749856239,0.583141762452107,0.590659231750003
"Q8IXQ4",NA,-23.104578341,-23.3207408338,NA,NA,NA,NA,2,2,NA,1,NA,NA,NA,NA
"Q8IXT5",-22.0765741069,-22.9052011079,-23.1512400608,-22.4148481304,-22.8369434695,-23.1824025902,11,14,12,12,14,11,0.778936170212766,0.914314858891534,0.1003929715
"Q8IY22",-24.0261940828,NA,-24.051286476,-23.8930881408,NA,-24.2113231134,2,1,1,1,1,1,0.942273864289822,0.966166519564578,0.0134653476999986
"Q8IY33",-25.0352179203,NA,-23.9344364042,-24.1394789617,NA,-23.9012730943,1,NA,3,3,NA,4,0.331927113283496,0.689308176100629,-0.464451134249998
"Q8IY37",-25.2122231842,NA,-25.6255559524,NA,-24.7372830988,-24.9840300684,4,1,2,1,3,4,0.122711328349626,0.437426900584795,-0.558232984700002
"Q8IY57",NA,-22.6838955243,-23.4835606544,NA,-22.971982342,NA,NA,1,1,1,1,NA,NA,NA,NA
"Q8IY67",-20.6409486064,-20.8323392435,-20.4911963495,-20.7518656204,-20.8018040076,-20.4074418067,14,14,19,14,16,17,0.975291978148361,0.973517559009787,-0.00112425489999879
"Q8IY81",-20.7919507255,-20.8285562651,-20.7254600715,-20.9224356937,-21.337204551,-21.1381305074,18,17,20,17,18,15,0.224007763082231,0.557953637090328,0.350601229999999
"Q8IY95",NA,NA,NA,-23.360574385,-22.9906529261,NA,NA,NA,1,3,1,1,NA,NA,NA
"Q8IYB3",-21.7406098686,-21.9611888794,-21.4166062084,-21.5739869566,-22.3771290594,-22.0134314208,12,13,16,12,13,12,0.415261213341001,0.752150537634409,0.282047493466663
"Q8IYB5",NA,-23.8553113035,-24.1938159623,-23.4604604725,NA,NA,0,1,1,1,1,0,NA,NA,NA
"Q8IYB8",-22.4178482628,-22.414686094,-22.3383407202,-22.430576037,-22.2572163428,-22.0183797109,12,7,8,6,8,14,0.56442179413456,0.828387096774194,-0.154900995433334
"Q8IYD1",NA,-23.9438254984,-24.3880162272,NA,NA,-24.2265484526,18,20,19,21,19,27,NA,NA,NA
"Q8IYI6",NA,NA,NA,NA,NA,-25.4201180931,1,1,1,1,NA,2,NA,NA,NA
"Q8IZ21",-24.0486359961,NA,-24.3934797966,-23.9572751359,-24.4424939606,-23.1472202581,1,NA,2,2,1,3,0.404510638297872,0.747797356828194,-0.372061444816666
"Q8IZ69",-20.5019809615,-20.9665503055,-21.0596538364,-21.786667232,-21.876059921,-21.3086422256,19,17,20,11,16,17,0.0421109833237493,0.246013667425968,0.814394758399999
"Q8IZ73",-22.0735069315,-22.0610462672,-21.8130187692,-21.2287309102,-21.0908763256,-22.0294271078,5,5,6,7,10,6,0.161951983898792,0.491176470588235,-0.532845874766664
"Q8IZ83",NA,NA,-24.3820182065,-22.8501310267,NA,-24.805008425,3,1,2,4,2,2,NA,NA,NA
"Q8IZH2",NA,NA,-26.495995792,NA,NA,NA,1,1,3,2,NA,NA,NA,NA,NA
"Q8IZL8",-21.2861714704,-21.6110463279,-21.7952991436,-21.5552607445,-21.6751867146,-21.4400217649,18,15,16,18,13,14,0.958923950546291,0.966783216783217,-0.00734923929999809
"Q8IZP0",-23.6317840911,-22.6031739398,-22.8427392607,-22.6087892376,-23.0599346013,-22.1404476626,1,4,4,3,5,4,0.304738211615871,0.665565102445473,-0.422841930033332
"Q8IZQ5",-21.663096615,-21.3639564264,-20.0927788395,-21.9372181999,-20.3904595021,-19.7561588238,2,1,3,2,3,4,0.54276394479586,0.821539830885625,-0.345331785033334
"Q8N0X7",-21.964897316,NA,-24.5936493283,-22.6406837799,NA,-22.1448786104,6,3,4,7,3,5,0.288570011500863,0.649279341111874,-0.886492126999997
"Q8N108",NA,-24.3581767888,-23.0184776265,-24.3251467874,-23.7312307732,-23.7167616941,NA,4,3,5,4,2,0.604338412880966,0.852124183006536,0.236052543916667
"Q8N122",-23.7763060798,-24.9915349747,-26.0957807329,-24.3678355055,NA,-26.0540106181,4,3,2,4,3,3,0.693172656699252,0.878039793662491,0.256382466000002
"Q8N163",-20.7198019977,-20.1148611277,-20.6295317737,-20.5197190292,-20.3513984629,-20.6977931955,23,27,30,25,26,26,0.890690195514664,0.945092024539877,0.0349052628333375
"Q8N183",-20.4347353266,-21.5245779797,-21.6826039516,-21.6605732623,-21.2393110055,-22.7533715699,4,4,2,4,5,5,0.191953565267395,0.523893805309735,0.670446193266667
"Q8N1F7",-20.5410071093,-20.9900387628,-20.9697552319,-20.6345047071,-20.4280077095,-20.6250369555,32,30,32,34,37,35,0.360467366302473,0.711309523809524,-0.271083910633333
"Q8N1G2",-24.9705760993,-25.0909604792,-23.6212576203,-22.833168268,-24.9749558079,-22.5454653934,9,7,10,10,7,12,0.106694652098907,0.411543287327478,-1.10973490983334
"Q8N1G4",-19.8712248107,-20.0933021037,-20.1292193522,-20.0923657173,-20.1501456036,-20.2884498722,24,21,26,24,22,26,0.572577918343876,0.83651804670913,0.145738308833334
"Q8N201",-26.2774363917,-25.1015531705,-26.5702700046,-26.3369348996,-26.0449523997,-25.7653485219,2,2,4,4,3,7,0.85807820586544,0.940738442444927,0.0659920847999977
"Q8N2F6",NA,-22.5210844948,-23.1061362164,NA,NA,-22.4855491177,NA,3,2,1,2,2,NA,NA,NA
"Q8N357",-23.2486611243,-22.99550561,-23.4430285275,-23.3479307902,-23.2462293012,-23.4463343824,1,1,1,1,1,1,0.661779758481886,0.868089973313,0.117766404000001
"Q8N3C0",-26.1609047068,-25.6060723861,-26.2538390862,NA,NA,NA,5,3,2,3,2,5,NA,NA,NA
"Q8N3D4",NA,NA,-24.9412607609,NA,-25.6829475884,-24.73502381,4,1,2,0,3,3,NA,NA,NA
"Q8N3U4",-23.6505484703,-23.5019410772,-23.5013833823,-25.4255220857,-24.1048018284,-23.2317176675,6,12,12,14,7,13,0.188566705002875,0.518352730528201,0.702722883933333
"Q8N3X1",-23.7888683293,-23.3468455646,-23.3322843492,-23.4138165651,-22.2292422008,-23.1392832959,9,8,5,7,8,8,0.178249712478436,0.50787766450417,-0.561885393766666
"Q8N3Z6",NA,NA,NA,NA,-23.948671978,NA,NA,NA,NA,NA,1,NA,NA,NA,NA
"Q8N4P3",-22.1454104085,-22.3616485961,NA,-22.0097220199,-21.9870015225,-22.2772433415,1,1,NA,2,1,1,0.560596607245543,0.827720207253886,-0.162207207666665
"Q8N4Q1",-19.9852387914,-20.1249882442,-19.5093271329,-20.4801016829,-19.7798604184,-19.8052968202,4,5,6,4,5,4,0.656363571017826,0.867794004611837,0.148568251
"Q8N543",-22.3130129813,-22.9509050982,-22.5686393699,-22.3868989161,-23.4320835407,-21.712151007,8,6,5,4,6,11,0.805582518688902,0.921340856289413,-0.10047466186667
"Q8N5C7",-22.9615312504,NA,-23.1484126945,-22.7383058492,NA,-23.0145956795,1,1,2,1,NA,1,0.537550460034503,0.818506928922664,-0.178521208099998
"Q8N5F7",NA,-23.3831887432,NA,-23.4402161766,-23.5041285073,-23.4841119422,NA,4,NA,2,2,3,NA,NA,NA
"Q8N5I9",NA,NA,NA,-22.8924266625,NA,-22.2351065705,1,1,NA,2,NA,3,NA,NA,NA
"Q8N5K1",NA,NA,NA,-21.7954635973,-20.5343501077,-21.7218833811,1,NA,NA,1,2,1,NA,NA,NA
"Q8N5L8",NA,-22.8407199924,NA,NA,NA,NA,NA,1,NA,NA,NA,1,NA,NA,NA
"Q8N5M4",NA,-21.7169031123,-20.9990309681,NA,NA,-21.8567317447,2,3,5,3,1,3,NA,NA,NA
"Q8N5N7",NA,-22.5098587967,-20.6771602686,-21.9032528409,NA,-20.8627718811,3,2,4,6,3,8,0.740343013225992,0.903248587570621,-0.210497171650005
"Q8N5P1",NA,-23.3544362309,NA,NA,NA,NA,NA,2,NA,NA,2,NA,NA,NA,NA
"Q8N684",-20.8668786598,-21.8258861844,-22.0562618288,-21.5007481814,-21.8025253626,-21.5136513965,8,9,8,9,9,9,0.933158999424957,0.962224866151101,0.0226327558333317
"Q8N6H7",-21.3507485118,-21.3355876227,-22.299611248,-21.4196671873,-22.2787671627,-22.7542763713,9,11,6,6,7,6,0.284247987349051,0.646527777777778,0.488921112933333
"Q8N6M0",-22.521362113,-23.1897148295,-23.1032258057,-22.6423492837,NA,-22.1095127903,1,2,4,4,2,4,0.156703709028177,0.477341389728097,-0.562169879066666
"Q8N6N3",-22.336554566,NA,NA,NA,-22.7303816312,NA,2,NA,NA,NA,1,NA,NA,NA,NA
"Q8N6R0",-21.5424896664,-21.3737501743,-21.5307840567,-21.9944629637,-21.0789935774,-21.8184548806,9,9,10,8,9,10,0.653146492236918,0.867720786733513,0.148295841433331
"Q8N6T3",NA,-24.245269593,NA,NA,-23.8381024209,NA,2,1,1,1,3,4,NA,NA,NA
"Q8N7H5",-22.0787715709,-21.5741780856,-21.2159600927,-21.6915376947,-22.6821005035,-21.6627713166,13,10,12,10,8,12,0.346119177688327,0.700183936235438,0.389166588533335
"Q8N806",NA,-23.4452443382,NA,-22.4855162474,-23.3884810161,NA,2,2,2,4,2,1,NA,NA,NA
"Q8N8A6",-22.244521214,-23.5899766002,-22.7130517193,-22.8790539867,-23.46705601,NA,4,5,5,5,6,3,0.481932432432432,0.785507246376812,0.323871820516668
"Q8N954",-22.8532114989,NA,NA,NA,NA,NA,2,NA,1,1,1,NA,NA,NA,NA
"Q8N9N8",-21.4445478233,-20.5472190931,-20.8930275514,-21.8725655432,-21.3055991586,-21.6454446865,2,3,3,4,6,2,0.104557360552041,0.410090556274256,0.646271640166667
"Q8N9T8",-22.3596996042,-22.7291741696,-23.424227892,-22.4949119174,-22.6267089756,-22.7688588381,4,6,4,3,4,4,0.5595600920069,0.827720207253886,-0.2075406449
"Q8N9Z2",NA,-22.6925389408,NA,-22.7647097104,NA,-22.8275975402,NA,1,1,3,2,4,NA,NA,NA
"Q8NAV1",-23.1397562258,-21.549226424,-21.1254553592,-23.2497968675,-20.9945529207,-23.4883222671,5,5,6,5,5,7,0.344249712478436,0.700183936235438,0.639411348766664
"Q8NB37",-21.7125627879,-21.1294332386,-21.9046940289,-20.5728968037,-21.0909370312,-21.7164695337,3,2,2,3,3,2,0.268839706728005,0.622737146994931,-0.455462228933335
"Q8NB78",-24.7757854474,NA,NA,NA,NA,NA,2,1,1,1,NA,1,NA,NA,NA
"Q8NB90",-23.5268303739,-23.3235399662,-21.7228948323,-25.1056347694,NA,-22.2647034041,12,9,14,6,7,19,0.307485767682576,0.665565102445473,0.827414029283336
"Q8NBF2",NA,NA,-23.7257749857,NA,-24.5975206508,-23.9440819799,NA,4,3,2,5,5,NA,NA,NA
"Q8NBF6",NA,NA,-24.4314381811,NA,NA,NA,NA,3,2,1,2,2,NA,NA,NA
"Q8NBJ5",NA,-23.571043311,-23.3068647091,-22.8837978014,-22.6629462581,-23.4396541547,5,7,5,7,8,5,0.235492955721679,0.573529411764706,-0.443487938650001
"Q8NBJ7",NA,NA,NA,-23.7740756626,NA,NA,3,2,2,2,1,1,NA,NA,NA
"Q8NBN7",-21.1255186395,-21.4115952356,-21.5747172284,-22.2759535077,-23.1523488462,-22.0637139862,9,6,8,6,9,7,0.0226831512363427,0.164429530201342,1.1267284122
"Q8NBS9",-20.9785590631,-21.4219688818,-20.5649073853,-20.9039753966,-20.5800194686,-20.6962263222,12,11,12,13,14,12,0.43781497987349,0.761609907120743,-0.261738047600002
"Q8NBT2",-19.9383255953,-20.3469614668,-19.8018531101,-20.1095133814,-20.1023598905,-19.5867445761,6,5,4,4,5,5,0.749536946520989,0.90426638917794,-0.0961741080666663
"Q8NBU5",NA,-23.0016376859,NA,-23.2500876631,NA,NA,NA,2,NA,3,1,NA,NA,NA,NA
"Q8NBX0",-24.1340751773,NA,-23.6202418731,NA,-23.2595130337,NA,2,1,2,1,1,1,NA,NA,NA
"Q8NC51",-18.8813571531,-18.6461110741,-18.6108685121,-19.1109125514,-18.3114418588,-18.5865898535,43,44,48,35,51,51,0.874469522714204,0.940738442444927,-0.0431308251999987
"Q8NC60",NA,NA,NA,NA,NA,-24.8008697239,NA,NA,1,NA,NA,2,NA,NA,NA
"Q8NCA5",-22.2330027076,-21.4852735506,-21.9060458348,-21.8552367888,-22.848721383,-21.3697141011,5,4,8,6,2,6,0.71132820586544,0.882882882882883,0.149783393299998
"Q8NCF5",NA,NA,-23.6188038771,NA,NA,NA,NA,NA,1,1,NA,NA,NA,NA,NA
"Q8NCW5",-20.8041690852,-21.2623362445,-22.200999566,-21.3333181014,-21.2607739587,-20.6619343206,6,6,7,5,8,7,0.428897067280046,0.760083813514929,-0.337159505000002
"Q8ND04",NA,NA,NA,-24.4203312953,NA,NA,1,2,1,2,1,NA,NA,NA,NA
"Q8ND24",-22.4917730096,NA,NA,-23.2170308445,-23.1820759396,-24.0828979486,3,1,1,3,4,1,NA,NA,NA
"Q8ND56",-20.9644996396,-21.4477557887,-21.8938719025,-21.5133605332,-21.6565924723,-21.8390281309,8,5,3,5,4,4,0.492784502587694,0.795908658420552,0.234284601866666
"Q8NDD1",NA,NA,NA,-23.0439792135,NA,NA,2,NA,NA,3,2,4,NA,NA,NA
"Q8NE71",-21.1396431514,-21.2928930714,-21.037817013,-20.8109973885,-21.382829794,-20.7411987008,22,17,23,24,23,25,0.564081081081081,0.828387096774194,-0.178442450833334
"Q8NE86",NA,NA,NA,-22.6771662535,NA,NA,NA,1,2,1,NA,2,NA,NA,NA
"Q8NEC7",NA,NA,NA,-23.5506488886,NA,-24.8303985239,NA,1,1,3,1,2,NA,NA,NA
"Q8NEF9",NA,NA,NA,-23.8356548802,NA,NA,NA,NA,NA,2,1,NA,NA,NA,NA
"Q8NEJ9",-21.866809028,-22.1012725235,-21.7892078902,-21.9205065545,-22.0099931237,-21.0898273728,4,4,5,6,5,6,0.485982317423807,0.790206433029285,-0.245654130233333
"Q8NEM2",NA,-24.9844249337,NA,NA,NA,-24.6623252977,1,4,3,3,2,4,NA,NA,NA
"Q8NEY8",NA,NA,NA,-24.5915603977,NA,NA,NA,4,1,1,2,1,NA,NA,NA
"Q8NEZ2",-23.2593302977,-22.1981416927,NA,NA,NA,NA,1,2,NA,NA,NA,NA,NA,NA,NA
"Q8NEZ5",NA,NA,NA,-23.3921922697,NA,NA,2,2,NA,1,NA,NA,NA,NA,NA
"Q8NF50",-24.6711106312,-24.8136132524,-25.9191482318,-25.6580804073,-24.1022341616,-23.6648375414,9,11,11,10,12,17,0.239193789534215,0.579754601226994,-0.659573335033336
"Q8NFF5",NA,-22.9652733986,-24.2877090187,NA,NA,-22.2948316395,NA,3,4,3,1,4,NA,NA,NA
"Q8NFH3",-21.9418013232,-21.0051682604,-20.8368105614,-20.1863485212,-20.4223806011,-20.3253537465,8,8,9,14,13,12,0.0386774008050604,0.229665071770335,-0.949899092066669
"Q8NFH4",-21.5344576627,-21.6772918503,-20.0317823661,-21.539543745,-20.6862647793,-20.9309193527,3,6,12,5,7,4,0.931305491661875,0.962157330154946,-0.0289346673666699
"Q8NFH5",-20.9519508139,-21.502498376,-21.205703327,-20.945096861,-21.5467137371,-20.8811672685,3,2,6,5,4,5,0.758826049453709,0.904712762297902,-0.0957248834333342
"Q8NFW8",-21.1008251495,-20.6805615542,-21.9517432245,-20.6515263411,-20.4188267117,-20.3417618461,7,12,6,11,10,14,0.0810155261644623,0.356707317073171,-0.773671676433334
"Q8NG31",NA,NA,-26.7521016711,-26.5188916253,NA,-26.5723480319,NA,1,1,4,5,3,NA,NA,NA
"Q8NHP8",NA,-23.7324673644,-23.4465716536,-23.7515988027,NA,-24.8272657796,3,4,4,5,3,3,0.161836975273145,0.491176470588235,0.699912782150001
"Q8NHW5",NA,NA,NA,-23.921630765,NA,NA,21,22,21,1,22,1,NA,NA,NA
"Q8NHZ8",NA,NA,-21.3447100964,NA,NA,-21.2157500753,NA,NA,1,NA,NA,1,NA,NA,NA
"Q8NI22",-21.660006008,-20.0161845951,-20.3331424942,-20.4565104757,-21.4383252959,-21.8329808572,1,5,5,2,1,2,0.273191201840138,0.631130063965885,0.572827843833334
"Q8NI27",-23.3783867703,-22.3605537771,-22.0606894397,-22.8839888264,-23.3498235341,-22.5441114717,14,20,23,19,22,25,0.441738355376653,0.761929194458697,0.326097948366666
"Q8NI36",-21.8728415552,-21.3541274146,-21.6598543721,-21.1905857553,-21.2931424894,-21.8239800808,14,16,18,15,18,18,0.550990511788384,0.826730518067044,-0.193038338800001
"Q8TAC1",-22.0895477574,-21.7540813396,-21.4605158403,NA,-20.9068619416,-21.4275825437,2,2,3,1,2,2,0.125172944220817,0.439585730724971,-0.600826069783334
"Q8TAE8",NA,NA,NA,-22.7957626782,NA,NA,1,1,3,2,NA,2,NA,NA,NA
"Q8TAF3",-23.56952062,-24.1343010685,-22.6128374999,-22.7074285381,-22.300534108,-22.8994606437,4,3,6,4,5,8,0.0971970960322024,0.390896921017403,-0.803078632866669
"Q8TAG9",-25.3119074928,-24.5357361254,NA,NA,NA,NA,2,2,4,3,2,2,NA,NA,NA
"Q8TAP9",-22.3287760866,NA,NA,NA,NA,NA,1,NA,NA,1,NA,1,NA,NA,NA
"Q8TAQ2",-22.0716906251,-22.6922848195,-23.0599893808,-21.9332599192,-21.8470984026,-22.354268519,23,21,12,24,24,24,0.15286658999425,0.473684210526316,-0.563112661533332
"Q8TAT6",-21.4247389545,-21.9708225908,-22.4192012369,-22.1029877532,-22.1717339743,-21.4697321007,9,9,7,8,8,14,0.930586831512363,0.962157330154946,-0.0234363180000017
"Q8TB03",-23.5446243221,NA,NA,NA,NA,NA,1,NA,1,NA,NA,NA,NA,NA,NA
"Q8TB52",NA,-24.4635380242,-23.3565789545,-23.2686151918,NA,-23.2322392182,3,2,3,4,1,4,0.182970241518114,0.516453382084095,-0.659631284349999
"Q8TBC4",-22.7450153682,-24.2185132052,-22.737843463,-22.005325716,-22.7466747918,-22.0856590389,5,4,6,5,3,7,0.0712055779183439,0.332786885245902,-0.9545708299
"Q8TBN0",-22.3024084935,-22.0857837985,-22.2221697792,-21.4291222041,-22.0546771223,-21.6381113924,2,2,2,3,4,4,0.138200258769408,0.460526315789474,-0.496150450799998
"Q8TBX8",-22.3944863057,-22.2891114635,-22.7335585169,-22.2175323909,-21.739027624,-22.0800960283,2,4,4,5,5,5,0.16240296147211,0.491176470588235,-0.460166747633334
"Q8TBZ6",NA,-23.9184731716,NA,-23.7159658881,NA,NA,1,1,1,2,1,NA,NA,NA,NA
"Q8TC07",NA,NA,-24.5224182951,-24.0224049655,-23.622686236,-23.4930649462,1,4,6,2,3,6,NA,NA,NA
"Q8TC12",NA,-23.3437169407,NA,NA,NA,NA,NA,1,NA,NA,1,NA,NA,NA,NA
"Q8TCC3",-22.1691448182,NA,-20.9384641721,NA,NA,-22.1157339377,1,1,3,NA,NA,2,NA,NA,NA
"Q8TCD5",-21.5815300376,-22.0139483038,NA,-20.910971109,NA,-22.4874563663,2,1,2,2,3,4,0.844426538240368,0.940127388535032,-0.0985254330499998
"Q8TCG1",NA,-24.9374764158,NA,-25.0227404186,NA,NA,1,2,3,4,1,7,NA,NA,NA
"Q8TCS8",-23.0907426724,-21.676419571,-22.6232178908,-22.2647687391,-21.4831375768,-21.7684581217,10,18,10,14,16,13,0.173296722254169,0.505183788878417,-0.624671898866669
"Q8TD16",NA,NA,NA,-24.358473272,NA,NA,2,1,3,3,4,3,NA,NA,NA
"Q8TD19",-24.633313617,NA,NA,NA,NA,NA,2,5,NA,NA,1,3,NA,NA,NA
"Q8TDN6",-19.4519766332,-19.9820869577,-19.8818301735,-19.4995964378,-19.5794124786,-19.5233526392,21,18,26,26,25,29,0.419407418056354,0.753739316239316,-0.237844069600001
"Q8TDP1",NA,-20.7565520614,-20.84771394,-20.4704292518,-20.7858211171,-21.7232921005,NA,4,3,6,4,2,0.646331799884991,0.865712074303406,0.191047822433333
"Q8TE02",NA,-23.5101030995,NA,NA,NA,NA,NA,2,NA,NA,1,NA,NA,NA,NA
"Q8TEA1",NA,NA,NA,-24.3522676084,NA,NA,1,2,1,3,3,3,NA,NA,NA
"Q8TEA8",NA,-21.3035248753,NA,-22.911798721,NA,-22.4601147422,NA,2,1,2,2,2,NA,NA,NA
"Q8TED0",-21.2620764137,-21.3490679413,-21.2987618416,-21.3637687877,-21.1994739964,-21.0436233969,18,13,13,15,16,14,0.683682144910868,0.874534623976173,-0.101013338533335
"Q8TEQ6",-21.4112536004,-21.4058282637,-22.0734018707,-21.3799808863,-22.085073107,-21.3166238567,29,31,31,30,28,31,0.900259919493962,0.952468007312614,-0.0362686282666651
"Q8TEX9",-22.1937435182,-22.3464196354,-21.3949768332,-21.2313135676,-21.3715588797,-21.8461616262,15,16,22,19,18,18,0.208454571592869,0.544472152950956,-0.495368637766667
"Q8TF05",-23.4262003989,-23.0283171847,-23.4557240882,-22.1863739402,-24.7839417874,-23.1446831695,8,11,7,10,8,7,0.880995255894192,0.942539388322521,0.0682524084333309
"Q8WTS1",NA,NA,NA,NA,-23.6533059886,NA,1,1,2,1,1,1,NA,NA,NA
"Q8WTT2",-22.7041905854,-23.6811891228,-22.8422355738,-24.4039528851,NA,-25.066173194,4,2,8,3,1,3,0.00881469235192639,0.12258064516129,1.65919127888333
"Q8WU76",-23.5619104621,-23.4183010216,-22.9081426129,-23.2591365377,NA,-24.3223043222,4,4,7,4,3,6,0.26460408280621,0.617067833698031,0.49460239775
"Q8WU79",-23.1328507444,-22.3165906117,-22.4488993827,-21.5018915643,-22.6217369329,-21.9017143895,9,6,4,9,5,5,0.151310092006901,0.473684210526316,-0.624332617366665
"Q8WU90",-22.0359475516,-21.2773625226,-20.712385175,-21.1960662116,-20.9941612976,-20.6744791938,7,10,15,12,12,13,0.345463484761357,0.700183936235438,-0.386996182066664
"Q8WUA2",-22.8457767291,-22.7645217236,-22.576433779,-22.2002952401,-21.5939885394,-21.5650596697,8,8,5,10,8,8,0.0230386716503738,0.164429530201342,-0.942462927499999
"Q8WUA4",-25.64430754,-25.3713016692,NA,-24.0472837304,NA,-23.6415134884,3,2,1,2,2,3,0.00317840713053479,0.0454545454545455,-1.6634059952
"Q8WUB8",-23.3516281467,-22.7479939017,-23.9371941802,-22.9528712227,-23.3529481659,NA,2,3,1,3,3,NA,0.638115727429557,0.863582908663269,-0.192695715233334
"Q8WUD4",-20.6374226462,-20.8756654243,-20.4754594275,-20.6837073215,-20.549777916,-20.3732439094,4,5,4,6,5,4,0.64164807360552,0.864241001564945,-0.127272783700001
"Q8WUE5",NA,NA,NA,NA,-22.6358340404,NA,NA,NA,NA,1,2,5,NA,NA,NA
"Q8WUH1",NA,-21.6636215077,NA,-21.3073231555,NA,NA,1,2,1,1,2,2,NA,NA,NA
"Q8WUH6",-21.0893141341,-20.9913886782,-20.3558158517,-20.0406791633,-20.0940863656,-21.1034621466,4,5,6,6,6,3,0.332387147786084,0.689308176100629,-0.399430329499999
"Q8WUI4",NA,NA,NA,NA,-24.3446477659,-25.156895456,1,2,2,1,2,3,NA,NA,NA
"Q8WUM0",-21.9984499751,-21.5604505683,-21.7504910685,-21.3457547905,-21.6035315128,-21.3110051245,22,16,20,19,21,18,0.24489807360552,0.595437262357414,-0.349700061366669
"Q8WUM4",-19.3299720294,-19.5822917347,-19.8127199165,-19.360181186,-19.3247643861,-19.3961135519,42,45,43,53,54,58,0.447008338125359,0.765632943568887,-0.214641518866667
"Q8WUW1",NA,-21.0116558189,NA,-19.8967289249,-21.026358648,-20.9606021491,2,2,1,2,3,3,NA,NA,NA
"Q8WV22",NA,NA,NA,-22.2175939375,NA,-22.808596588,NA,NA,NA,1,NA,1,NA,NA,NA
"Q8WVC0",NA,-23.9048017605,-22.8471767665,-24.1142291699,-22.6274338722,-24.0567940113,1,2,3,3,2,2,0.666753737780334,0.86885865457294,0.223496420966669
"Q8WVD3",-23.0582031972,NA,NA,-22.968483639,-22.8970004308,-23.6683937786,3,1,3,6,4,2,NA,NA,NA
"Q8WVJ2",-20.1476723217,-20.9260666404,-20.4740123558,-20.7580113351,-20.6794370148,-21.1100043575,4,4,3,3,5,4,0.331161012075906,0.689308176100629,0.333233796500004
"Q8WVK2",-22.3128153563,-22.2937455853,NA,NA,NA,NA,3,3,1,1,3,1,NA,NA,NA
"Q8WVM0",-22.9475320814,-23.1261915509,-23.3787179268,-22.9688829367,-23.3654022665,-23.350600823,1,2,1,4,2,2,0.776880966072455,0.912627986348123,0.0774814890333317
"Q8WVM8",-21.4681123599,-21.8643424485,-21.4227186003,-21.198870074,-20.9030567698,-21.9578567332,9,11,13,11,10,10,0.527830649798735,0.81781557743957,-0.231796610566668
"Q8WVT3",NA,NA,NA,NA,-24.811229637,NA,2,NA,2,2,3,1,NA,NA,NA
"Q8WVV9",-20.1339554526,-19.9110774504,-20.1584392255,-20.0568477217,-20.0962425799,-20.1046325781,16,17,18,18,20,15,0.923225416906268,0.960949234004206,0.0180835837333326
"Q8WVX9",NA,NA,NA,NA,NA,-23.8323916081,NA,NA,NA,NA,2,2,NA,NA,NA
"Q8WVY7",NA,-24.3994699619,-23.630350975,-22.1560753761,NA,-22.0687476645,5,4,5,5,6,5,0.00364376078205865,0.0454545454545455,-1.90249894815
"Q8WW01",-21.0315533134,-21.2452280455,-21.8816560178,-22.178632717,-21.0043055929,-21.0776405191,3,3,4,3,2,4,0.914771851638873,0.959418534221684,0.0340471507666678
"Q8WW12",-19.8215527583,-19.4895798613,-19.9301992041,-19.6953755942,-20.8220517813,-19.1361140172,7,8,9,7,6,9,0.740024726854514,0.903214411868598,0.137403189666667
"Q8WW33",-19.0465173459,-19.5037238262,-19.7946866581,-19.5598524047,-19.7879371211,-20.7198941545,13,11,10,12,11,10,0.18230937320299,0.516453382084095,0.574251950033332
"Q8WW59",NA,NA,-22.7540184511,NA,NA,NA,NA,NA,2,NA,NA,1,NA,NA,NA
"Q8WWK9",NA,-25.2707427958,NA,NA,NA,NA,NA,1,NA,NA,NA,NA,NA,NA,NA
"Q8WWM7",-21.0458019438,-20.5616607404,-21.3862357683,-20.892536935,-21.5986619673,-20.9651570814,30,25,25,29,19,32,0.657139591719379,0.867794004611837,0.154219177066668
"Q8WWV3",NA,-23.574550424,NA,-23.2351380419,NA,NA,1,2,1,1,NA,NA,NA,NA,NA
"Q8WWY3",-21.702840774,-21.5948674148,-20.9694894222,-22.1760581279,-21.7379016868,-22.3484343763,11,9,11,12,14,12,0.0910189764232317,0.380884450784593,0.66506552666667
"Q8WX92",-23.122996564,-22.448143195,NA,-23.1448512928,NA,-23.2149174661,4,6,4,2,7,8,0.300527889591719,0.664875755540631,0.394314499949999
"Q8WXA9",-21.7789173669,-21.7083310778,-23.613739731,-22.3493249839,-21.7308465943,-22.8948112558,3,6,4,3,5,3,0.916546003450259,0.960689446628364,-0.0420017805666646
"Q8WXD5",NA,-22.3114055769,-22.663706099,NA,NA,-21.4639233209,1,1,3,1,NA,2,NA,NA,NA
"Q8WXE9",NA,-25.1793499586,NA,-24.709107908,-24.8397029459,NA,4,3,1,1,3,2,NA,NA,NA
"Q8WXF1",-21.5649973194,-22.1394865994,-21.530477293,-22.0331346596,-21.348842266,-20.8332720015,7,5,7,6,13,10,0.395947814836113,0.740782122905028,-0.3399040949
"Q8WXI9",-23.6641239506,-21.3659616895,-22.1926021009,-22.6189806409,-21.653564249,-21.7013396974,5,10,7,3,4,8,0.446566273720529,0.765632943568887,-0.416267717900002
"Q8WXX5",-19.72167914,-20.4494083867,-19.9192103244,-19.9936427675,-19.5418322971,-20.078924195,13,11,10,14,11,9,0.628848044853364,0.863582908663269,-0.158632863833333
"Q8WYA6",-24.5646248598,-22.448234184,-22.7816090414,-21.5825502566,-21.4184455079,-21.4151771967,7,9,9,10,10,10,0.0129256756756757,0.125628140703518,-1.79276504133333
"Q8WYP5",NA,NA,-26.6387666037,NA,NA,NA,NA,2,3,NA,1,NA,NA,NA,NA
"Q8WYQ5",-24.2339982079,NA,-24.5232699578,NA,-24.2226048557,-23.4990624905,3,6,4,1,2,4,0.209951552616446,0.544472152950956,-0.517800409750002
"Q8WZA0",-21.3276283798,-22.9066282145,-21.4023081728,-20.2903437747,-20.2123733662,-22.1789133117,2,5,5,6,5,4,0.12642596319724,0.442020665901263,-0.984978104833335
"Q8WZA9",-24.3920417666,-23.7688526007,-24.2998319016,-24.3799489071,NA,NA,3,3,4,6,3,4,NA,NA,NA
"Q92499",-20.3691877726,-19.5599360894,-19.6884331964,-19.5666051842,-19.3144967337,-19.5690996803,31,37,39,41,39,46,0.264897498562392,0.617067833698031,-0.389118486733331
"Q92506",NA,NA,NA,-22.9038454188,NA,NA,NA,NA,1,2,NA,1,NA,NA,NA
"Q92522",-22.7650177022,-22.580669276,-21.9777952265,-21.6351119315,-21.0041700873,-21.3021271339,3,3,3,4,3,3,0.0174366014951121,0.144,-1.127357684
"Q92530",-20.8447957032,-21.5285102683,-21.2050564913,-21.5367545226,-22.8571244575,-22.3519444127,4,3,3,2,4,3,0.0368967797584819,0.218137254901961,1.05582031
"Q92538",NA,-26.1251014899,NA,NA,-25.2383856651,-26.5829683486,NA,9,9,10,9,11,NA,NA,NA
"Q92540",NA,NA,NA,-25.6894088464,NA,NA,NA,2,1,2,3,1,NA,NA,NA
"Q92541",-22.5101586486,-22.7076585876,-24.2885297428,-23.5208037411,-22.3294806979,-23.2135464168,5,4,5,7,7,4,0.756662880966072,0.90426638917794,-0.147505374400001
"Q92552",-21.5230094111,-21.6806925776,-22.8491956825,-22.5925098265,-23.2958948261,-22.1430887657,7,8,7,8,5,6,0.175943645773433,0.506046511627907,0.659531915700001
"Q92572",-22.202424771,NA,-22.4081649158,NA,-22.3247657004,NA,3,1,1,1,2,1,NA,NA,NA
"Q92575",-22.7924788681,NA,-23.8801221976,-24.3433745305,NA,-24.2800560852,4,3,3,2,2,3,0.0667350488786659,0.321489001692047,0.975414775000001
"Q92576",-26.2857640052,NA,-27.2834220476,NA,NA,NA,3,3,3,3,NA,2,NA,NA,NA
"Q92598",-19.5300210102,-19.4628139811,-19.4759798008,-19.2986845127,-19.5595547645,-19.3595338139,41,45,44,53,38,53,0.724698533640023,0.891940085592011,-0.0836805670000018
"Q92599",-20.6346582405,-21.0596849327,-21.723442109,-20.5346024983,-20.8652018857,-21.2829000052,18,15,12,15,15,17,0.523535221391604,0.816978548607942,-0.245026964333334
"Q92600",NA,-21.9125366833,-22.4253451106,NA,-21.7711299847,-22.0753685493,1,3,5,1,5,6,0.481045715928695,0.784712143202709,-0.245691629949999
"Q92609",NA,NA,-23.8911972982,NA,NA,-24.1470528995,3,3,6,NA,3,4,NA,NA,NA
"Q92610",NA,-25.4715763132,NA,NA,NA,NA,NA,2,NA,1,NA,NA,NA,NA,NA
"Q92614",-25.8480057599,-24.209669596,-24.3050244489,-24.3030532329,-26.1167322724,-24.9751298701,8,8,7,11,7,7,0.526290253018976,0.81781557743957,0.344071856866666
"Q92615",-22.6131195651,-21.9611437258,-22.6076837343,-22.8439505064,-23.2999996798,-21.8274922662,6,8,7,8,9,11,0.538799884991374,0.819438252340615,0.263165142399998
"Q92616",-20.9877295724,-21.1858732137,-20.8999766142,-20.8508827101,-21.0258230888,-20.7313495375,64,68,79,67,81,88,0.562453996549741,0.827720207253886,-0.155174687966667
"Q92620",-23.5479203225,-23.5262899395,-23.6074196747,-23.2362398637,-22.852328547,-22.943084083,8,6,10,8,10,7,0.0768376940770558,0.342229199372057,-0.549992481000004
"Q92621",-22.7478723421,-22.0991668719,-22.5005511336,-22.1996889905,-21.8767661451,-21.8330359503,27,38,34,36,35,41,0.161019407705578,0.488647581441264,-0.479366420566663
"Q92625",NA,-25.7389665439,-25.3278493985,NA,NA,NA,NA,1,1,NA,NA,1,NA,NA,NA
"Q92636",NA,NA,NA,NA,-25.1336006353,-25.2554200427,NA,1,NA,NA,1,1,NA,NA,NA
"Q92665",-21.9276293383,-21.5350678966,-22.7494289916,-22.4666779775,-22.6640293553,-21.7832130323,5,5,4,5,3,4,0.566901236342726,0.831407787762088,0.233931379533335
"Q92667",-25.1359540527,NA,NA,NA,-24.6557871517,-25.5889440197,2,1,1,1,3,1,NA,NA,NA
"Q92688",-19.5902886516,-19.0760834315,-19.3628420417,-19.7142228454,-19.2266981888,-19.384088891,30,30,27,27,30,28,0.733275445658424,0.8984375,0.0985986001333323
"Q92696",NA,-24.2948952539,NA,-24.2133877891,NA,-23.1770928424,2,3,3,5,2,3,NA,NA,NA
"Q92733",-21.2595608087,-22.4847566898,-22.1756055802,-22.1939957107,-21.962011363,-21.7153929298,4,3,5,4,3,4,0.946697383553767,0.966166519564578,-0.0161743584000007
"Q92734",-22.0230362088,-20.83554317,-20.0922580836,-21.2816921613,-21.2718782253,-20.4666329456,6,5,8,6,6,7,0.942018113858539,0.966166519564578,0.0231219565999972
"Q92759",NA,NA,NA,NA,NA,-23.7919925336,NA,2,1,1,1,3,NA,NA,NA
"Q92766",NA,NA,NA,-24.9448010491,-25.2101862005,-25.1602084159,1,1,1,1,1,1,NA,NA,NA
"Q92769",-20.526379545,-21.1354854597,-21.1931646758,-20.7480094087,-21.3094923906,-21.465217821,18,17,18,16,17,18,0.524571880391029,0.81781557743957,0.222563313266665
"Q92783",-22.0903051729,-21.8252974874,-22.1444609997,-21.8972063376,-22.6346042374,-22.0548426763,5,4,4,5,4,7,0.583938182863715,0.842016806722689,0.175529863766666
"Q92785",-21.5417066393,-21.0200331524,-21.6659892606,-22.00815351,-21.2501778422,-22.7900592531,7,6,5,8,6,4,0.189231886141461,0.519607843137255,0.606887184333335
"Q92797",-22.7636870495,-24.3716765748,-23.081960425,-22.0663979004,-25.0088110825,-22.507835379,12,15,10,11,11,21,0.737308510638298,0.901981599433829,-0.211426562466666
"Q92804",-21.9703089197,-21.9731831128,-22.0994465281,-21.9362062127,-21.8503241346,-22.1702056805,4,3,3,5,3,4,0.893425531914894,0.946965052115267,-0.0287341776000005
"Q92820",NA,-22.9555811501,-23.2485535974,-23.455913174,-22.80897271,NA,2,3,2,3,4,3,0.91491129959747,0.959430820466243,0.0303755682499975
"Q92828",-23.0522017628,NA,NA,NA,NA,NA,2,NA,1,NA,1,2,NA,NA,NA
"Q92841",-20.2181425121,-20.1783753836,-20.1451376147,-19.728493988,-19.6063764704,-19.5280866827,52,41,38,66,63,60,0.055867596319724,0.283302063789869,-0.559566123099998
"Q92878",-21.8894951155,-22.2417538444,-22.3069505338,-22.0653408721,-21.8740369514,-21.3565990667,23,21,27,24,31,36,0.264811242093157,0.617067833698031,-0.380740867833335
"Q92879",-21.1616006133,-21.9717764584,-21.8707800867,-21.2119332426,-22.1265040574,-21.8069774568,8,8,6,10,10,9,0.880296290971823,0.942539388322521,0.0470858661333331
"Q92888",-20.9315196821,-21.472577126,-21.5553859508,-21.0601497714,-21.2308306231,-21.2574109462,19,22,19,24,20,21,0.645280189764232,0.864485981308411,-0.137030472733333
"Q92890",-20.0709080006,-20.4306255631,-20.638954824,-20.5338195153,-19.927483935,-20.5382628817,7,10,11,12,12,11,0.868144192064405,0.940738442444927,-0.0469740185666652
"Q92896",-24.6355310222,NA,NA,-23.760494892,-25.179512482,-24.7443045349,3,1,1,2,3,3,NA,NA,NA
"Q92900",-20.0796220212,-20.559069521,-20.4072478968,-20.1617015614,-19.9885818358,-19.8837997295,40,35,44,43,43,48,0.264955434157562,0.617067833698031,-0.33728543743333
"Q92905",NA,-23.2806439218,-23.2131180746,-22.3655637122,NA,-23.1510099868,5,5,7,7,7,6,0.234511213341001,0.569767441860465,-0.488594148699999
"Q92917",-20.9115509456,-21.3470335597,-21.5098465113,-20.844932491,-21.5009363165,-21.7103456734,8,9,12,11,9,11,0.770932001150086,0.90974605353466,0.0959278214333317
"Q92922",-21.0759492318,-20.9774162564,-21.4032328479,-21.6896189001,-21.4394104105,-21.445281779,37,37,32,37,36,33,0.218219666474986,0.549593495934959,0.372570917833333
"Q92925",-22.1214861271,-21.0745671291,-21.1870583232,-21.590717274,-22.5524197525,-21.1639816281,8,11,11,11,8,13,0.491746405980449,0.795226730310262,0.3080023584
"Q92945",-19.1314330398,-18.7860535648,-19.0064071265,-19.2569947722,-18.6485637279,-19.1124892801,45,54,54,55,56,60,0.899027314548591,0.952337305224565,0.031384683033334
"Q92973",-20.8223191743,-20.426590094,-20.5031721775,-20.7386096749,-20.1389685245,-20.7221982574,25,29,28,26,27,27,0.854688614146061,0.940506329113924,-0.050768329666667
"Q92974",-22.0689429688,-21.7719008501,-21.4661111126,-22.7060593463,-22.166223821,-21.4394426136,12,17,22,17,17,18,0.405379240943071,0.747936158503027,0.334923616466664
"Q92979",-20.4097452147,-20.936048814,-20.5996384452,-20.4391763017,-21.2011503785,-20.9217568917,5,6,5,8,7,7,0.538972829212191,0.819438252340615,0.205550366000001
"Q92990",NA,NA,NA,-24.2383090814,NA,NA,NA,2,NA,2,1,3,NA,NA,NA
"Q93008",-24.5177589528,-24.2173948499,-24.0562280401,-24.1207490852,-26.0345201157,-24.2309460448,15,21,18,15,16,27,0.302049453709028,0.665565102445473,0.5316111343
"Q93009",-20.8275028242,-20.937074255,-20.7837337241,-20.9787868161,-20.6515121469,-20.8346593011,34,32,35,34,31,36,0.895993818286371,0.949479485609308,-0.0277841797333309
"Q93034",-24.7670557115,NA,-24.7860838744,-24.4093935059,NA,-24.7124977669,3,5,7,7,6,7,0.452473691776883,0.768922305764411,-0.21562415655
"Q93050",-23.0621575436,-24.8561013901,-23.1205294385,-23.0769605816,-23.5966410096,-23.6891604109,6,6,5,5,4,5,0.634314117308798,0.863582908663269,-0.225342123366666
"Q969F1",NA,NA,-21.4376994235,-22.1293998678,NA,NA,NA,NA,2,1,1,1,NA,NA,NA
"Q969G3",-20.6535980187,-21.0138576002,-21.2267231244,-20.5862293284,-20.6415418087,-20.9252380829,9,13,9,11,8,11,0.423864577343301,0.75462718138551,-0.247056507766665
"Q969H8",-21.172760715,-23.5057080591,-22.5860652832,-21.2926404813,-23.1097490493,-20.640852707,4,4,4,3,4,4,0.278737924094307,0.638358103326256,-0.740430606566669
"Q969R2",-24.3972814632,NA,NA,NA,NA,NA,1,NA,0,0,NA,NA,NA,NA,NA
"Q969S3",NA,-23.95812299,-22.5279513915,-23.4788926613,-22.5831629361,-22.1026626705,4,1,3,2,2,6,0.35128982173663,0.70462850182704,-0.521464434783336
"Q969T4",NA,NA,NA,-22.7026273295,NA,NA,1,1,1,1,0,2,NA,NA,NA
"Q969T9",-21.6884623715,-22.8808711498,-22.8437464528,NA,-21.7371506547,NA,2,2,4,1,3,NA,NA,NA,NA
"Q969X6",-21.3076992332,-21.5215322764,-21.7234160667,-20.6558671723,-21.6147138188,-21.2064817289,9,12,12,14,9,14,0.321277027027027,0.678227360308285,-0.358528285433334
"Q969Z0",-21.1713881943,-22.456760378,-20.7297750505,-21.1899130709,-21.6234807374,-21.1389448042,11,11,13,16,14,16,0.750019982748706,0.90426638917794,-0.135195003433331
"Q96A00",-21.192346291,NA,NA,NA,-20.7482149229,-22.2003233239,2,1,3,1,4,1,NA,NA,NA
"Q96A26",-21.4155714814,NA,NA,-21.2816349719,NA,NA,1,2,2,1,3,NA,NA,NA,NA
"Q96A33",NA,-23.1573129881,-23.9297531557,NA,NA,NA,NA,2,1,NA,1,NA,NA,NA,NA
"Q96A35",-22.6615466174,-23.1009117171,-22.9840112778,NA,NA,-21.9198767047,4,2,3,5,3,3,NA,NA,NA
"Q96A49",-20.9412670515,-20.2191838191,-21.0232165793,-20.3502769693,-21.0361072581,-20.9404604306,7,9,6,8,7,9,0.87501955146636,0.940738442444927,0.0477257360333319
"Q96A65",-23.3170298214,-22.6178000854,-23.836217332,-23.0137066725,-23.2907280738,-22.6174298144,12,10,9,10,9,11,0.474384847613571,0.783757338551859,-0.2830608927
"Q96AB3",-22.2983185626,-22.006230831,-21.2434363017,-20.8139200349,-21.4728909512,-20.7645219754,1,2,3,4,4,4,0.0660668487636573,0.319112627986348,-0.832217577933331
"Q96AD5",-24.089849107,NA,-24.5361676297,NA,NA,NA,2,1,2,1,NA,NA,NA,NA,NA
"Q96AE4",-19.8783422396,-19.4826812099,-19.644391111,-19.8220381994,-19.3376216198,-19.6325359931,44,41,48,43,46,49,0.793506037952846,0.916722632639355,-0.0710729160666652
"Q96AG4",-22.1492785451,-22.3544358794,-21.0274288255,-21.9025187328,-22.2797153914,-22.5661167504,8,3,6,7,8,6,0.34462708453134,0.700183936235438,0.405735874866664
"Q96AT1",-22.7637027683,-22.2073389693,-21.6371004172,-21.3411029889,-22.1068243148,-22.5258575163,1,2,3,2,3,3,0.611865583668775,0.856156034132466,-0.211452444933332
"Q96AX1",-23.373176623,-22.9173927693,NA,-23.5049148718,-23.9903793226,-23.5515103446,3,4,4,4,4,3,0.142195658424382,0.46096256684492,0.536983483516668
"Q96B26",-20.0770934349,-20.4755675546,-20.8092384971,-19.9631670199,-20.5786177551,-21.2638246935,8,8,8,12,7,6,0.699932576193214,0.878457059679767,0.1479033273
"Q96B36",-21.5827721609,-23.034042297,-21.8636013015,-21.8136027667,-21.5332754444,-22.7317153081,3,2,2,2,3,2,0.759220960322024,0.904712762297902,-0.13394074673333
"Q96B49",NA,NA,NA,-21.2169036635,NA,NA,NA,2,NA,1,NA,NA,NA,NA,NA
"Q96B54",-20.5312416419,-20.6865120072,-20.6668859478,-21.3887916665,-22.0207691943,-21.2516905163,5,4,4,3,3,4,0.026774583093732,0.176829268292683,0.925537260066669
"Q96BD8",NA,NA,NA,NA,NA,-23.0545465947,NA,3,1,3,3,2,NA,NA,NA
"Q96BJ3",-23.5004224015,-23.2206072133,NA,-23.3409994884,NA,NA,3,3,NA,2,NA,2,NA,NA,NA
"Q96BK5",NA,NA,NA,NA,NA,-23.0601252116,NA,NA,NA,1,NA,2,NA,NA,NA
"Q96BN8",-23.7709224997,NA,-23.6287713333,NA,NA,NA,2,2,1,3,1,1,NA,NA,NA
"Q96BP2",-21.919978266,NA,-22.1862154864,NA,NA,NA,2,NA,1,NA,NA,1,NA,NA,NA
"Q96BP3",-21.8302743141,-21.9480483591,-22.1846292712,-22.4931528145,-23.114305204,-22.553500172,12,8,11,8,7,6,0.0532436745255894,0.273422562141491,0.7326687487
"Q96BR5",-21.1106967774,-21.7624468737,-21.8935837651,-21.28814208,-20.9441209831,-21.190924571,4,3,4,4,4,4,0.205903105232892,0.542056074766355,-0.447846594033336
"Q96BW5",NA,-23.3687776054,NA,-24.0863299717,NA,NA,2,3,NA,4,NA,3,NA,NA,NA
"Q96BW9",NA,NA,NA,-22.253242765,-22.1324591675,-23.1779712891,1,1,1,3,3,1,NA,NA,NA
"Q96C01",-20.5805509501,NA,-21.0034163519,-20.7265404748,NA,-20.7580633211,3,3,3,4,4,5,0.853902386428982,0.940506329113924,-0.0496817530500024
"Q96C19",-20.8799508367,-21.2270653145,-21.4615564976,-20.6645074538,-21.0435009051,NA,6,8,10,9,8,12,0.326935882691202,0.688295165394402,-0.335520036816664
"Q96C23",NA,-22.2835128665,-23.3000135104,NA,-22.2348553002,-21.9537954144,3,3,3,2,7,6,0.153558223116734,0.473684210526316,-0.697437831149998
"Q96C36",-20.0284683558,-20.436627521,-19.9672370728,-19.7266734642,-19.3748893394,-19.9044926397,19,14,17,22,21,16,0.160383553766532,0.487128712871287,-0.475425835433334
"Q96C57",NA,-21.1482017451,NA,-21.1539522705,NA,-20.9806627086,1,3,NA,2,1,7,NA,NA,NA
"Q96C86",-20.7322490069,-20.7519816972,-21.045959202,-21.4709144186,-20.2893303257,-21.0045180835,9,10,9,9,10,10,0.816737205290397,0.927445830597505,0.0781909739
"Q96C90",-19.8288312547,-19.4005817913,-20.1298485413,NA,-19.7477978062,-19.8108547364,3,5,3,2,4,5,0.961968660149511,0.968595521954056,-0.00709425779999862
"Q96CB9",NA,-23.6959263186,NA,NA,NA,NA,4,1,NA,1,NA,NA,NA,NA,NA
"Q96CN7",-22.6209769725,-21.0416669844,-22.1101055858,-21.9425976624,-22.6206976298,-21.3750608407,4,6,5,3,3,6,0.88704054054054,0.944034440344403,0.0552021967333332
"Q96CP2",-21.9448348579,NA,NA,-22.1966549396,NA,-22.1675558502,2,1,2,2,1,2,NA,NA,NA
"Q96CS3",-22.0978892642,-22.9592157933,-23.1440873012,-22.5946664726,-22.749078069,-22.4893429945,3,2,3,2,2,4,0.718475704427832,0.888968481375358,-0.122701607533333
"Q96CT7",-21.1847182472,-22.3317001606,-22.2710273643,-19.8406757602,-20.7221158266,-20.6959265485,6,8,6,9,11,8,0.012666618746406,0.125628140703518,-1.50957587893333
"Q96CW1",-21.0947517851,-21.2527162571,-20.8384722322,-20.8826368673,-21.3420066806,-20.5747191544,9,11,12,10,14,15,0.681119177688327,0.874206793579694,-0.128859190700002
"Q96CW5",-24.6646700528,NA,NA,NA,NA,NA,2,2,3,1,1,5,NA,NA,NA
"Q96CW6",NA,NA,NA,NA,NA,-23.9436293317,NA,NA,NA,1,NA,1,NA,NA,NA
"Q96D46",-20.5710878036,-21.255630108,-20.9817043715,-20.6851308092,-20.6260624905,-21.3310495113,9,11,14,10,10,11,0.855235048878666,0.940506329113924,-0.0553931573666659
"Q96D71",NA,-24.6930833639,NA,-24.5538521152,NA,NA,NA,1,NA,1,NA,1,NA,NA,NA
"Q96DB5",-23.1182783932,-22.6432163502,NA,-22.9575913509,-22.9856614857,NA,4,4,3,3,5,4,0.762283064979874,0.904712762297902,0.0908790465999978
"Q96DE0",NA,NA,NA,-22.6257192147,NA,NA,1,1,1,1,1,1,NA,NA,NA
"Q96DE5",-21.6508445485,NA,NA,NA,NA,NA,1,NA,NA,1,NA,NA,NA,NA,NA
"Q96DF8",-23.2804033008,-23.2805468897,-22.141666385,-21.8579013204,-22.4989483243,-22.7244328891,4,3,7,7,7,4,0.22346089706728,0.557953637090328,-0.540444680566665
"Q96DG6",-20.5288170967,-19.997141761,-20.2501796828,-19.9445708124,-19.8385559748,-20.1119111569,12,10,12,13,14,11,0.332416762507188,0.689308176100629,-0.2937001988
"Q96DH6",-22.9911699521,-23.1730854287,-22.2906299575,NA,-23.0306845724,-23.2008660086,3,2,3,1,5,1,0.430611127084531,0.760083813514929,0.29748017773333
"Q96DI7",-18.916780768,-19.05738117,-19.6813650584,-19.0714702838,-19.2017574739,-19.1852031394,23,23,18,18,21,19,0.82036802760207,0.928010471204188,-0.0656986997666671
"Q96DM3",NA,NA,NA,-24.4376316223,NA,-24.4035617504,1,NA,2,2,NA,3,NA,NA,NA
"Q96DT6",NA,NA,NA,NA,-24.2207049921,-24.5022196264,NA,1,1,1,1,1,NA,NA,NA
"Q96DV4",-22.7024877095,-23.5512246378,-22.9119148182,-22.0332101038,-23.4469071583,NA,3,2,3,4,5,3,0.517405692926969,0.811753902662994,-0.31515042411667
"Q96E11",-23.4148204125,-21.8933165323,NA,-22.7774756698,NA,-23.0901683327,3,2,3,2,1,2,0.608827918343876,0.853996737357259,0.279753528850001
"Q96E29",NA,NA,NA,NA,-24.0198960428,-24.4343312648,NA,NA,1,1,1,2,NA,NA,NA
"Q96E39",NA,NA,-24.04377248,NA,-23.1954619543,-22.6640774572,20,19,19,23,20,20,NA,NA,NA
"Q96EB1",NA,NA,NA,NA,-23.4935651209,NA,1,1,1,NA,2,NA,NA,NA,NA
"Q96EB6",NA,-23.1973542807,-24.0038923382,-22.729937012,NA,NA,3,3,5,3,2,2,NA,NA,NA
"Q96EE3",-22.3860872892,-21.4462603132,-21.6089718785,-21.2784239261,-20.8557154872,-20.9195353672,5,7,6,6,6,6,0.0600365152386429,0.298913043478261,-0.795881566799999
"Q96EH3",NA,NA,-23.1406365316,NA,-23.470056334,-21.852189736,NA,2,1,3,1,3,NA,NA,NA
"Q96EK5",-24.2725509921,-23.0168809268,-24.4531286796,-22.4907496411,-22.7422494166,-24.2943889834,4,6,2,4,5,4,0.195325761932145,0.529155787641427,-0.738390852466665
"Q96EK6",NA,-22.2783362758,-22.4401628833,-22.3823086173,-22.0988839501,-22.3186629534,3,1,3,2,1,2,0.717970097757332,0.888209920920201,-0.092631072616669
"Q96EK9",-22.3632502922,NA,-21.7146725765,-21.2575765168,-21.6152156153,-20.6862924591,6,3,3,7,6,9,0.0691919206440483,0.327841845140033,-0.852599903950001
"Q96EL3",-20.3398254639,-20.8483578739,-20.7932306738,NA,-20.8322690856,NA,2,1,1,1,1,NA,NA,NA,NA
"Q96EM0",NA,NA,NA,-23.0166502121,NA,NA,NA,1,1,2,NA,1,NA,NA,NA
"Q96EP5",-20.6156476843,-20.477760791,-21.4169335713,-20.1721689464,-20.5136035135,-20.4216626358,13,14,15,18,17,17,0.213730304772858,0.546732837055418,-0.4676356503
"Q96ES7",NA,-23.2589373412,-23.2728163458,NA,-23.0993711352,NA,NA,2,3,1,4,2,NA,NA,NA
"Q96EU6",NA,NA,NA,-23.0298416,NA,NA,NA,1,NA,3,1,NA,NA,NA,NA
"Q96EV2",NA,NA,-25.2884302535,NA,NA,-25.4180529716,2,3,1,1,1,1,NA,NA,NA
"Q96EY1",-21.9288918021,-21.9087229333,-21.6655960982,-21.9910854426,NA,-21.4425553732,5,5,7,8,7,9,0.697057073030477,0.878457059679767,-0.117583203300001
"Q96EY4",-21.5971034311,-21.7575939055,NA,-22.0061177701,-21.9659064807,-22.2928020437,1,1,1,1,2,2,0.176082518688902,0.506046511627907,0.410926763200003
"Q96EY7",NA,-22.6230667582,-23.2146904497,-22.9271939998,-23.3137441492,-23.3352404432,4,7,7,7,6,6,0.428207303047729,0.760083813514929,0.273180926783336
"Q96EY8",NA,-23.2075709438,-23.0362043706,-21.9133206677,NA,-23.0885438443,NA,3,2,3,1,4,0.220648648648649,0.553672316384181,-0.6209554012
"Q96F86",-22.4820121075,-23.4307044933,-22.2700310311,-23.2198327193,-22.9913771843,-23.3785024429,8,8,5,8,3,6,0.24168717653824,0.587920489296636,0.468988238200001
"Q96FF9",-22.2143630663,-20.9806713709,NA,-22.4200682644,-21.7214553744,-22.1552022899,1,3,NA,2,2,3,0.28410192639448,0.646527777777778,0.501391424299999
"Q96FJ2",-19.9293511013,-19.6517936818,-20.0006788371,-19.7793407571,-19.8580645174,-19.8099722895,2,3,2,2,2,3,0.846785508913169,0.940127388535032,-0.0448153520666672
"Q96FK6",-22.6975035267,NA,NA,NA,NA,NA,2,NA,1,NA,NA,1,NA,NA,NA
"Q96FV9",-21.9970041477,-21.8284529273,-22.12063715,-20.8048820256,-21.6983974057,-21.1677529847,10,12,15,14,12,16,0.0585805060379528,0.295081967213115,-0.758353936333332
"Q96FW1",-21.0303091224,-19.8129622468,-20.7210838878,-20.6362587143,-20.1212247529,-20.1174626491,9,9,8,11,12,10,0.557058366877516,0.826730518067044,-0.229803046900003
"Q96FX2",NA,-21.1816541854,NA,-21.382500941,NA,NA,NA,1,NA,1,1,NA,NA,NA,NA
"Q96FZ2",-22.268152097,-23.3700813252,-24.2368312359,-22.4000643867,NA,NA,3,1,3,2,NA,2,NA,NA,NA
"Q96G03",-21.5764074778,-21.777844805,-21.8487867411,-22.1493264279,-22.8910817479,-21.8570569516,13,14,16,12,10,19,0.148345600920069,0.471264367816092,0.564808701166665
"Q96G21",-22.7826256162,-23.2419296208,NA,-22.8014242627,-22.5411266243,-23.2851800121,4,4,4,5,7,4,0.691712334675101,0.878039793662491,-0.136367318800001
"Q96G28",-22.7537290255,NA,NA,NA,NA,NA,1,1,NA,NA,NA,NA,NA,NA,NA
"Q96G46",-24.3621756742,-23.1241495817,NA,-23.2407616857,-23.9736087297,-23.1206322013,6,6,6,3,7,8,0.523652673950546,0.816978548607942,-0.298161755716666
"Q96G74",-22.5602151529,NA,-23.8298155156,-22.808341381,-22.4296920349,NA,3,NA,2,3,2,1,0.275878665899942,0.631392045454545,-0.575998626299999
"Q96GA3",-20.8600567538,-20.7678480134,-20.0378071879,-20.7515118736,-20.5538223855,-20.0689736748,12,14,16,13,17,15,0.771624065554917,0.910493827160494,-0.0971346737333327
"Q96GC5",-21.4541175195,-22.2869422747,-21.6202703653,-21.5955333632,-22.1841163765,-21.4879630496,2,3,3,3,4,3,0.911471822886716,0.958459672528805,-0.0312391233999989
"Q96GD0",-21.3844965224,-21.2308449095,-21.4856040444,-20.9279441456,-20.9397163789,-20.8025397782,5,8,4,6,8,7,0.0996916331224842,0.392904073587385,-0.476915057866666
"Q96GD4",-21.6174166645,NA,-22.0214668897,-21.2534144322,-23.1593338513,-21.7695857447,5,4,7,5,5,8,0.647219378953422,0.865712074303406,0.2413362323
"Q96GG9",-20.9538167602,-21.2445270202,-21.6947508953,-21.2435387902,-20.6983310222,-22.0657546445,7,5,4,8,5,4,0.905882978723404,0.954103343465046,0.0381765937333327
"Q96GM5",-22.5922496616,-24.0404999744,-21.7197155799,-24.0758959452,-22.5228693248,-23.1735754878,3,6,8,6,6,7,0.416287809085681,0.752150537634409,0.473291847300001
"Q96GM8",-22.3829845131,-21.9555265273,-21.4670892068,-21.6725431215,-22.1287361815,-21.1438105666,6,9,9,6,6,11,0.462620327774583,0.773200992555831,-0.286836792533336
"Q96GQ7",-22.8163877231,-23.33995401,NA,-23.4956476018,-22.1123664429,-22.9712603129,12,5,8,10,15,14,0.625947958596895,0.863363963244107,-0.218412747350001
"Q96GU1",-18.3594140373,-18.0049923705,-17.7713552937,-18.0419395121,-18.0979476282,-17.8303027643,7,10,12,10,10,12,0.835316848763657,0.936025848142165,-0.0551905989666679
"Q96GX2",-20.1254490437,-19.3004492156,-19.8551930117,-19.0343974514,-20.8352426133,-19.9507140502,3,3,2,4,3,3,0.687009631972398,0.87630014858841,0.179754281299999
"Q96GX9",-21.348253995,-21.0030198919,-21.6299451399,-21.6082952201,-20.1744618147,-21.0050380547,3,5,2,6,5,5,0.35269623346751,0.704918032786885,-0.397807979099998
"Q96H20",NA,NA,-21.9149829788,-22.7722167057,-22.6431367801,-21.8166141617,1,1,3,1,1,2,NA,NA,NA
"Q96H55",NA,NA,NA,-25.1887662169,NA,NA,NA,1,1,2,2,1,NA,NA,NA
"Q96HA7",NA,-25.8074864661,NA,NA,NA,NA,NA,1,1,2,2,1,NA,NA,NA
"Q96HC4",-20.5667451888,-20.9111987738,-20.6320259065,-20.9582079134,-20.7363007464,-20.5465321108,16,18,18,15,16,17,0.86016129959747,0.940738442444927,0.0436903005000033
"Q96HE7",-22.3950755944,-22.3770524548,-22.0568239334,-22.2497590757,-22.3402288952,-22.2568123715,4,3,3,7,4,3,0.96111385853939,0.968549796156086,0.00594945326666618
"Q96HP4",-23.5229816649,-23.2678806136,NA,-21.7616288206,NA,-23.6777963837,1,2,1,6,0,2,0.308717510063255,0.669083717864206,-0.675718537100003
"Q96HR3",NA,NA,NA,NA,NA,-22.4203463033,NA,NA,NA,1,NA,1,NA,NA,NA
"Q96HS1",-22.4977837432,-20.4912166903,-21.8907298528,-21.6136809586,-21.5803508851,-20.8016330139,11,12,10,16,15,18,0.554168487636573,0.826730518067044,-0.294688476233336
"Q96HW7",NA,NA,-25.0121733167,-24.7932183121,NA,NA,NA,2,4,3,3,2,NA,NA,NA
"Q96I15",NA,NA,NA,-24.3783963194,NA,NA,NA,2,1,1,NA,NA,NA,NA,NA
"Q96I24",-20.7132745462,-20.8031092494,-20.7806974007,-20.5484153885,-20.0134653129,-20.1606720978,25,23,21,18,24,25,0.106633985048879,0.411543287327478,-0.524842799033333
"Q96I25",-20.9828383166,-20.8260959521,-21.0319889643,-21.3916870358,-20.7984992056,-20.6743877133,8,12,13,11,9,10,0.959216072455434,0.966783216783217,0.00788357389999916
"Q96I51",-22.6851807859,NA,-23.3742244585,NA,-23.1071726711,-23.4134796287,3,2,2,NA,2,2,0.544533208740656,0.823346648912561,0.230623527700001
"Q96I99",-21.6529211675,-22.0952982793,-20.9183087616,-21.584441434,-21.1847189539,-21.0352269156,8,11,11,10,10,13,0.457650661299597,0.769845232151772,-0.287380301633334
"Q96II8",-23.9381591359,-24.7000877629,NA,-24.1475679909,-24.8040063635,NA,3,4,3,5,4,3,0.703647642323174,0.878457059679767,0.156663727799998
"Q96IJ6",-22.5888631858,-22.8475013109,-22.2811098813,-21.816078572,-23.7586696568,-22.401784112,6,3,3,4,3,5,0.83775,0.93747985820174,0.0863526542666655
"Q96IU4",-20.1651062969,-20.1470961229,-20.3102246776,-20.3203781091,-19.6065485544,-20.6291199508,6,8,8,7,8,8,0.929848763657274,0.962089552238806,-0.0221268276999993
"Q96IV0",-24.0712352491,-22.927856805,-24.2610664042,-23.1439406375,-23.6504609607,-23.5289017574,2,2,3,5,6,7,0.452225848188614,0.768922305764411,-0.312285034233334
"Q96IZ7",NA,NA,-22.1273467,-22.7699328615,NA,NA,1,1,3,3,1,1,NA,NA,NA
"Q96J01",-20.5719916742,-21.674191641,-20.5648143328,-20.1158743672,-21.0853756624,-20.1391217049,9,12,10,12,12,16,0.275119608970673,0.631130063965885,-0.490208637833334
"Q96JB1",NA,NA,-27.1196410265,NA,NA,NA,NA,NA,1,NA,NA,NA,NA,NA,NA
"Q96JB3",-22.5489220765,-22.4094350025,-23.1946325076,NA,-23.2636612639,-22.5176747142,5,5,4,7,7,5,0.653666762507188,0.867720786733513,0.173004793516668
"Q96JB5",-23.0858260969,NA,-23.20194999,-24.611348425,NA,-24.0771707628,5,5,6,5,3,5,0.0127269982748706,0.125628140703518,1.20037155045
"Q96JG6",NA,NA,NA,-25.6861178011,NA,-25.31497012,NA,NA,1,2,2,4,NA,NA,NA
"Q96JH7",-24.2158442086,NA,-25.2426138555,NA,NA,-24.0869671363,2,NA,2,2,2,5,NA,NA,NA
"Q96JM3",-23.7097179343,-23.853427761,NA,-24.1598588276,NA,-23.1330623179,5,6,6,4,6,8,0.745184445083381,0.904210526315789,-0.135112274899996
"Q96JP5",-23.650550487,-23.4375877219,-23.1410616246,-23.6749482346,-23.5484095425,-22.8578530218,3,3,3,2,2,2,0.867445227142036,0.940738442444927,-0.0493296781999994
"Q96K17",-21.1787815158,-20.2744232238,-20.3159220456,-19.3748793427,-19.8639864876,-19.8553710079,6,5,5,7,7,4,0.0451873202990224,0.257019438444924,-0.891629982333335
"Q96K76",-25.0208938927,-23.9414449596,-24.59121839,-25.0185741076,-22.9643258632,-23.4258631243,6,8,5,8,10,8,0.199173231742381,0.530120481927711,-0.7149313824
"Q96KB5",-20.8892837171,-20.7936497546,-20.0570508052,-20.456407137,-20.577426937,-20.0425874699,11,12,15,13,18,18,0.529250287521564,0.81781557743957,-0.221187577666669
"Q96KG9",-22.6029427304,-22.5938128489,-22.1128044739,-21.8407283173,-22.3496790371,-22.4587499748,7,6,6,10,7,7,0.499554629097182,0.798212605832549,-0.220134241333334
"Q96KP1",-24.9217521346,NA,-24.5640745753,NA,-23.1499437229,-25.0118887898,3,7,4,1,5,6,0.31216273720529,0.672067401166559,-0.661997098599997
"Q96KP4",-21.0832820581,-20.7376147656,-20.9729742278,-20.4963613056,-20.2877289715,-20.6748499422,10,17,13,16,18,15,0.151249424956872,0.473684210526316,-0.444976944066664
"Q96KQ7",-24.7059607776,-25.7801723667,NA,NA,NA,-25.767189853,3,4,2,5,1,3,NA,NA,NA
"Q96KR1",-21.849094743,-22.4691672423,-21.9987043692,-22.9256609842,-22.2546272433,-22.0503180119,8,7,11,14,7,10,0.405142898217366,0.747797356828194,0.304546628300002
"Q96KR6",NA,NA,-21.8516106189,NA,-22.6405031376,-21.9289755616,1,NA,2,NA,1,2,NA,NA,NA
"Q96L91",NA,NA,-26.8977769977,NA,NA,NA,1,NA,1,NA,NA,NA,NA,NA,NA
"Q96L92",NA,NA,NA,-24.3969033268,NA,NA,NA,2,2,2,NA,1,NA,NA,NA
"Q96M27",-22.4227329533,-23.7706327468,NA,-23.0749315392,-23.3465772561,-23.0869734738,2,2,1,3,2,3,0.850217510063255,0.940127388535032,0.0728112396500009
"Q96MU7",-24.2934880294,NA,NA,NA,NA,-24.7635242186,4,2,4,3,4,3,NA,NA,NA
"Q96MW1",-22.3818345939,NA,-21.6995557724,NA,-22.2479945491,-23.1744455235,2,2,3,2,1,2,0.184324468085106,0.516772438803264,0.670524853149999
"Q96MX6",NA,NA,-23.4585420754,NA,NA,-22.7549806486,NA,NA,2,NA,NA,3,NA,NA,NA
"Q96NA2",NA,NA,-22.730349992,-22.3275846538,-23.2994659642,-23.4474705467,2,1,3,4,3,3,NA,NA,NA
"Q96NB3",NA,NA,NA,NA,NA,-24.1907274674,1,NA,1,NA,NA,1,NA,NA,NA
"Q96NC0",NA,NA,-22.5624324539,NA,NA,-21.8082616306,3,1,4,3,2,4,NA,NA,NA
"Q96NT0",-21.0124452307,-21.9756088918,-22.4635079281,-22.156485569,NA,-22.4620039328,2,2,1,2,1,1,0.306405836687752,0.665565102445473,0.492057400699998
"Q96NT1",NA,-23.141598727,NA,NA,NA,-23.1430426467,1,1,1,3,NA,1,NA,NA,NA
"Q96NY7",NA,NA,NA,NA,NA,-23.4155053475,NA,1,1,1,1,2,NA,NA,NA
"Q96P11",-23.022986485,-23.9712944039,-23.8782540565,-23.5830762074,NA,-23.9676636566,7,7,7,9,7,7,0.690256325474411,0.878039793662491,0.151191616866665
"Q96P16",NA,-23.3699648114,-22.4744436915,-22.2167834734,-21.6718206057,-22.3605629651,3,2,3,2,3,2,0.0738225991949396,0.336569579288026,-0.839148570049996
"Q96P47",-23.8316614288,-24.7540573027,-23.6600534419,NA,-24.3022279944,-24.5991837671,4,1,5,5,4,2,0.385639304197815,0.730834752981261,0.368781822949998
"Q96P48",-25.5673972519,-26.3023543705,-25.6222011638,-25.5930899022,-25.5331690461,-25.8570866941,4,2,5,3,4,5,0.601531196089707,0.851623510069873,-0.169535714600002
"Q96P70",-23.1758243829,-23.6214209926,-23.3276315893,-23.6083920513,-23.7882923009,-23.4327192688,8,12,8,6,6,12,0.425901092581944,0.756999471737982,0.234842218733334
"Q96PK6",-20.471066818,-20.3388714509,-20.8908140909,-20.7800854218,-20.6072566069,-20.7104238974,21,24,21,19,19,20,0.64200416906268,0.864347146207975,0.132337855433331
"Q96PM9",-23.5507625777,NA,-24.0692860911,NA,NA,-22.7466991863,2,3,3,2,2,6,NA,NA,NA
"Q96PU8",-20.744145564,-21.0728700744,-21.2089226247,-21.6908785698,-21.4919640028,-22.7591894887,7,11,8,6,9,11,0.0461221966647499,0.259713701431493,0.972031266066665
"Q96PZ0",-21.675352081,-21.095021232,-21.0490734619,-20.6349515648,-21.559221738,-20.6117441398,11,13,19,15,18,23,0.385158424381829,0.730834752981261,-0.337843110766666
"Q96Q11",-21.6534180717,-23.2287771014,-22.9848637297,-22.1756068617,-21.71996951,-22.3649427266,8,7,4,6,7,8,0.252639879240943,0.605086013462977,-0.535513268166664
"Q96QC0",-22.5754153612,-23.7081605154,-23.8569768567,-24.5813302115,-23.6554166283,-23.9364992807,8,6,8,6,7,11,0.150468228867165,0.473684210526316,0.677564462399999
"Q96QD8",NA,NA,-23.512774255,-22.9760840987,-23.2058746444,-23.4962374348,NA,NA,2,1,1,1,NA,NA,NA
"Q96QK1",-22.4464554161,-21.422139464,-21.2442134502,-20.8410972476,-21.4498790016,-21.1685937024,19,21,19,19,19,19,0.195934732604945,0.529155787641427,-0.551079459566665
"Q96QR8",NA,-22.1589916931,-22.4304299618,NA,-22.8351819131,-22.1101650501,3,2,3,2,2,3,0.635730304772858,0.863582908663269,0.177962654150001
"Q96QU8",-24.1829056235,-25.554448052,-25.5081014373,-23.9216311029,-23.9335510787,-25.3717373684,5,6,4,3,2,3,0.211104657849339,0.544472152950956,-0.6728451876
"Q96QZ7",NA,NA,NA,-25.5555062698,-25.6192655706,NA,NA,NA,NA,2,1,1,NA,NA,NA
"Q96R06",-22.2344523698,-23.7556933997,-24.0159583235,-22.4024875244,-24.220262591,-23.4688161663,11,9,12,10,5,12,0.938551466359977,0.96388395500296,0.0284873962333343
"Q96RE7",-23.8893902425,-23.7860452736,-24.0507467091,-23.8026915921,NA,-23.9389265803,2,1,2,3,1,2,0.867704427832087,0.940738442444927,-0.037918322200003
"Q96RL1",NA,NA,NA,NA,NA,-25.719922072,NA,NA,1,1,1,1,NA,NA,NA
"Q96RN5",-24.0807262419,NA,-24.6321812165,-23.4981062552,-23.7154320461,-23.645527036,2,2,4,3,3,6,0.0517146348476136,0.27037773359841,-0.736765283433332
"Q96RP9",-21.6841602981,-21.122909855,-22.2342039875,-21.8275224932,-21.8129772146,-22.3745047117,19,20,14,18,17,25,0.401327199539965,0.747797356828194,0.324576759633331
"Q96RQ3",NA,NA,-24.0359596723,NA,NA,-23.4971645851,NA,1,2,1,NA,3,NA,NA,NA
"Q96RS0",NA,NA,NA,NA,NA,-24.0138960766,NA,1,NA,1,1,1,NA,NA,NA
"Q96RS6",-21.6440421723,-21.182204978,-21.9543302512,-21.4478835272,-21.5400602125,-21.0083240901,10,9,9,11,12,11,0.445430994824612,0.764915859255482,-0.261436523900002
"Q96S44",NA,NA,-21.4728775521,NA,-22.6750632823,-23.5451981634,NA,NA,4,NA,3,3,NA,NA,NA
"Q96S55",-24.096261942,-24.6620880133,NA,-23.455517003,-24.4372970096,NA,3,1,5,5,4,5,0.364531914893617,0.712609970674487,-0.432767971350003
"Q96S59",-23.6749594256,-22.3333341255,-22.3620691717,-22.4112850146,-24.1190501202,-23.5080216283,9,6,6,6,7,4,0.294298591144336,0.655804480651731,0.555998013433335
"Q96S82",NA,NA,-23.4867383493,NA,-23.4366902481,NA,1,NA,2,1,2,2,NA,NA,NA
"Q96S94",-23.9442318744,NA,NA,-23.9349420468,NA,-23.8935768315,1,NA,1,1,1,1,NA,NA,NA
"Q96S97",NA,NA,NA,NA,NA,-22.7810648024,NA,NA,NA,NA,NA,1,NA,NA,NA
"Q96SB3",-23.6851831195,-23.0435611214,-23.4546286158,-22.7561670414,-23.9308231943,-21.9769205822,3,7,7,5,4,10,0.308376940770558,0.667986798679868,-0.506487346266663
"Q96SB4",-20.6617633342,-21.2757166993,-21.2009596109,-20.570055427,-20.6642803543,-21.3768429858,17,14,16,21,19,15,0.615342294422082,0.857603872529246,-0.175753625766667
"Q96SB8",-23.8281483404,-23.0046753976,-25.4315853086,-24.8757670553,-23.7753096811,-23.1534850317,5,4,2,9,5,7,0.780173087981599,0.914314858891534,-0.153282426166665
"Q96SI9",-24.2374335999,-23.980365464,-23.1219631457,-22.6298231327,-22.7425206415,-23.3693942583,6,21,10,23,19,8,0.0631394479585969,0.307692307692308,-0.866008059033334
"Q96ST2",-23.6771577404,-24.3806692487,-24.0624990744,-22.6800811369,-24.9372132524,-24.6144283949,6,4,4,6,8,5,0.925308223116734,0.961319340329835,0.0371322402333334
"Q96ST3",-23.7718533969,-23.9089514093,-24.3763175327,-23.6852137322,-23.7805100338,-23.2895863998,9,9,12,7,7,7,0.204764376078206,0.539641943734015,-0.433937391033332
"Q96SU4",-23.5389034231,-23.8164604007,-23.5255570009,-22.7939769928,NA,-23.4481050182,4,2,6,5,2,7,0.165936601495112,0.496624879459981,-0.505932602733331
"Q96SY0",-23.0432309703,-24.1113977276,-23.8966153155,-23.0635949889,-22.8263727026,-22.3149381545,4,4,5,5,3,5,0.0457684013801035,0.259713701431493,-0.948779389133335
"Q96SZ5",NA,NA,NA,-23.067790741,NA,NA,NA,NA,1,2,NA,1,NA,NA,NA
"Q96SZ6",-24.9296052039,NA,NA,NA,NA,-24.8507282337,2,1,NA,1,NA,1,NA,NA,NA
"Q96T23",-25.0789144153,-25.3214833023,NA,-24.0888478574,-24.337239633,-25.3462243844,7,6,2,9,5,6,0.193691920644048,0.527753303964758,-0.609428233866666
"Q96T37",-22.4363948938,-22.1196351199,-22.1901485159,-22.5373080657,-22.6123510746,-21.934771178,12,15,15,13,16,13,0.708508769407706,0.88205499276411,0.112750596233333
"Q96T51",-22.1279946712,-23.2516601654,-22.0089147334,-22.2100924276,-22.5173355794,-23.5204510294,4,4,6,8,5,4,0.53367107533065,0.81781557743957,0.2864364888
"Q96T58",NA,NA,-26.8043246949,-26.149237425,NA,NA,8,2,6,10,3,4,NA,NA,NA
"Q96T60",-22.5593623577,-21.9252900133,-23.0359083546,-24.1670778024,-22.0137854554,-22.4077006803,3,4,3,2,5,4,0.507778033352501,0.802960222016651,0.356001070833333
"Q96T76",-22.1804548895,-21.8098898093,-21.6920092908,-22.0231342452,-21.7902613105,-22.0130559919,11,11,12,11,11,11,0.84942740080506,0.940127388535032,0.0480325193333329
"Q96T88",-21.5444714769,-21.3468461709,-21.3257369427,-21.2082364349,-21.4494067234,-21.506117432,13,16,15,12,16,22,0.92755865439908,0.962089552238806,-0.0177646667333313
"Q96TA1",-24.8565790828,-22.0884317889,-23.1382257247,-23.4810075262,-23.2490492778,-23.5835078161,5,7,5,5,8,7,0.873392035652674,0.940738442444927,0.0767760079000013
"Q96TA2",-22.8329546718,-21.933749484,-23.2696395033,-22.4194500197,-22.765787775,-22.1707748637,7,6,7,6,5,8,0.571534502587694,0.836456558773424,-0.226777000233334
"Q96TC7",-22.51336394,-22.0882371398,-22.6413682752,-23.5686390342,-22.2329510376,-22.2957521834,4,5,4,3,6,6,0.497928838412881,0.797450424929179,0.284790966733333
"Q96VH4",-22.6001374049,-22.9120125756,NA,NA,NA,NA,1,1,1,NA,NA,NA,NA,NA,NA
"Q99081",NA,NA,-24.3426959803,-23.6626687745,-24.3739226533,-24.5534186615,1,1,2,2,2,4,NA,NA,NA
"Q99216",NA,-23.2942210259,NA,NA,NA,NA,NA,2,2,NA,NA,0,NA,NA,NA
"Q99258",-22.7034004087,-21.4022934898,-21.8135215309,-22.764521016,NA,-22.3084954644,4,5,5,4,2,2,0.232337837837838,0.568412822517592,0.563436430399999
"Q99287",NA,-24.5961640138,NA,NA,NA,NA,3,3,2,1,NA,2,NA,NA,NA
"Q99321",NA,-22.7209346281,NA,NA,NA,NA,NA,2,1,1,1,NA,NA,NA,NA
"Q99383",-21.1660151478,-21.0663144511,-20.8429425787,-22.9473529698,-22.9997738925,-23.797515657,6,7,10,2,3,3,0.000917912593444508,0,2.22312344723333
"Q99417",-18.77880925,-19.0171427493,-18.7602121821,-18.291571917,-18.997717955,-19.1616951929,6,5,7,8,6,6,0.897619608970673,0.951070336391437,-0.0350597055000001
"Q99426",-20.9279835581,-21.2000409466,-21.1172896677,-20.9612335026,-21.5422576223,-21.3455937536,6,8,6,6,4,7,0.501885422656699,0.79962458939465,0.201256902033332
"Q99436",-21.5187270378,-20.987519512,-20.6819330487,-21.1751699934,-21.4139524983,-21.9797692419,11,16,11,14,11,11,0.234229442208166,0.569767441860465,0.460237378366667
"Q99439",-20.8599969638,-20.4113973368,-20.9618508003,-20.8535029192,-20.5155163024,-20.5675498442,8,8,9,9,12,14,0.729828062104658,0.895729537366548,-0.0988920117000021
"Q99447",-22.3845666501,-21.7648246017,NA,-21.6392217714,-23.0415553244,-22.0202652315,5,7,5,5,4,7,0.721227285796435,0.889445438282648,0.15898514986667
"Q99459",-20.0818967592,-20.1203430975,-20.1801842813,-19.9150771643,-19.8430638819,-20.1098416276,34,30,31,32,32,35,0.500072742955722,0.798307475317348,-0.171480488066667
"Q99460",-19.9168129861,-20.2773609171,-20.1755626452,-20.1191512247,-19.881067765,-20.0919843439,31,30,35,33,36,36,0.720331656124209,0.888968481375358,-0.0925110716000006
"Q99471",-21.1517155387,-20.030956064,-20.1877972967,-19.693284921,-19.8168006112,-20.0253607908,9,5,6,6,6,9,0.140658280621047,0.46096256684492,-0.611674192133332
"Q99496",-21.0430836803,-22.2492259657,-22.3840556885,-21.7949122992,-21.7606777428,-21.642014517,6,9,12,9,8,9,0.679621334100058,0.873039581777446,-0.159586925166664
"Q99497",-17.5638382391,-17.4900167941,-17.4749990448,-17.4636577836,-17.2892436757,-17.3558428683,37,33,34,38,33,42,0.561092581943646,0.827720207253886,-0.140036583466667
"Q99504",-23.7355476483,NA,-22.566528967,NA,NA,-22.7695746254,3,NA,5,NA,NA,5,NA,NA,NA
"Q99523",-24.8290239433,-23.6759116591,-23.1065545428,-23.714090216,-24.2604569895,-22.6133288836,4,3,5,3,2,5,0.513031627372053,0.808029533917859,-0.341204685366669
"Q99536",-19.719974607,-19.9363301442,-20.2380351356,-19.964356209,-20.3004352071,-19.8833829901,13,13,13,11,9,16,0.765100201265095,0.904712762297902,0.0846115064666648
"Q99541",-21.5081883178,-21.2960025067,-22.3646598416,-21.1977694218,-21.560176836,-21.8813365549,5,6,3,6,5,6,0.636228004600345,0.863582908663269,-0.1765226178
"Q99543",-21.3060231221,-22.3846343088,-21.7637364095,-21.0435209469,-21.2739046159,-21.2521439959,12,8,9,13,11,13,0.117670644048304,0.42874251497006,-0.628274760566665
"Q99547",NA,NA,NA,NA,NA,-22.4526224645,NA,1,1,NA,NA,3,NA,NA,NA
"Q99567",-21.6718782489,-21.5690960787,-22.1985389785,-20.6504348671,-21.9519448459,-21.6051251566,9,8,8,12,8,12,0.329753162737205,0.689308176100629,-0.410669478833334
"Q99570",NA,NA,NA,-25.9268705575,NA,NA,NA,3,2,2,NA,2,NA,NA,NA
"Q99575",-24.5638629743,-23.4928829418,-23.614152406,-24.1878254769,-24.5542361564,-24.466489076,3,2,2,2,2,2,0.198323030477286,0.530120481927711,0.512550795733329
"Q99584",NA,NA,NA,NA,-21.7716956071,NA,NA,2,2,NA,2,1,NA,NA,NA
"Q99590",-22.4308788244,-22.7084030733,-23.1764836057,-23.1100953877,-22.4447012927,-24.3543915947,9,10,8,11,10,9,0.288194508338125,0.647867950481431,0.531140923900001
"Q99595",-22.7780468404,-22.0394821724,NA,-21.0518019576,-22.5606081479,NA,1,1,1,3,1,NA,0.31879959746981,0.675483870967742,-0.602559453649999
"Q99598",-20.5268125523,-19.9060527676,-20.7571130919,-20.527243845,-20.8137742219,-20.1595120687,10,10,8,12,8,13,0.755859833237493,0.90426638917794,0.103517241266669
"Q99611",NA,NA,-23.7556647902,NA,NA,NA,NA,NA,2,NA,NA,1,NA,NA,NA
"Q99613",-23.9367975134,-24.0631116593,-24.1809177791,-24.0918257023,-23.9623153782,-23.869973043,22,25,29,23,24,25,0.725416331224842,0.891940085592011,-0.0855709427666653
"Q99614",-20.8791044441,-20.4042701505,-20.0602584519,-20.3870519815,-20.5198307788,-20.2898298508,9,9,13,9,11,12,0.861176825761932,0.940738442444927,-0.0489734784666673
"Q99615",-20.3148309883,-21.045995915,-20.4348377075,-20.5385731274,-21.2203625695,-20.9544386281,16,14,14,17,12,14,0.39087780333525,0.736664795058956,0.305903238066666
"Q99618",NA,-22.7001183894,NA,NA,NA,NA,NA,2,NA,NA,1,1,NA,NA,NA
"Q99622",-20.7923177267,-20.7934650058,-21.741118516,-21.692223632,-21.5034944209,-21.775735099,2,3,2,2,2,2,0.161365439907993,0.489173228346457,0.5481839678
"Q99623",-19.7370884917,-19.5034550245,-19.7771707461,-19.5321270061,-19.5001468124,-19.2336090005,14,21,19,24,16,24,0.371132259919494,0.713871154962275,-0.250610481099997
"Q99627",NA,-22.8805908686,-22.8090866781,NA,NA,NA,3,2,2,1,2,2,NA,NA,NA
"Q99653",NA,NA,NA,NA,NA,-22.547754602,1,1,2,1,1,2,NA,NA,NA
"Q99661",-20.917890415,-20.765120155,-20.5121459824,-20.4622806948,-20.3526407066,-20.2876593335,26,24,25,31,30,26,0.212308510638298,0.544776119402985,-0.364191939166666
"Q99700",-22.4229262449,-22.5880729759,-23.0419496841,-22.4506412994,-22.4413050582,-23.2282692752,8,10,9,13,6,9,0.92996650373778,0.962089552238806,0.0224222426333327
"Q99707",NA,-25.1536706655,-25.3255493463,-23.8346528831,-24.9195487399,-25.3122354476,5,3,5,3,2,3,0.261173231742381,0.617067833698031,-0.550797649033335
"Q99714",-19.6243894284,-18.8140946501,-19.0455034683,-18.8708457763,-18.9172472317,-18.9103372534,11,17,21,16,17,23,0.4251410293272,0.75462718138551,-0.261852428466664
"Q99719",NA,-23.3480117306,-22.1851870587,NA,-21.9319937594,-21.6663953792,2,3,4,NA,6,4,0.0788410005750431,0.350387596899225,-0.967404825350002
"Q99729",-20.2725059583,-20.1004025455,-20.2067760675,-19.9563845447,-19.825065861,-19.7558766068,17,18,18,18,18,22,0.19668645773433,0.529155787641427,-0.347452519600001
"Q99733",-20.8702014476,-20.2468241923,-20.0819319484,-20.589218902,-20.3778743896,-19.9704394121,11,15,16,16,15,20,0.785405405405405,0.915087956698241,-0.0871416282000013
"Q99735",-22.2762894374,NA,NA,NA,NA,NA,1,1,1,1,1,1,NA,NA,NA
"Q99747",-21.3150458466,-21.2794042556,-22.7412692326,-21.285650199,-22.710262041,-21.6564355793,6,9,5,7,8,11,0.814713628522139,0.926243002963451,0.105542828166666
"Q99757",-20.2797719569,-21.1375604642,-20.659658103,-20.8664725394,-20.6280696606,-20.6594530703,3,3,4,4,4,5,0.91859358826912,0.960878724044538,0.0256682487333322
"Q99797",NA,-24.1774655043,-24.6602040664,-24.4089322742,NA,-24.3193729599,1,1,3,2,1,1,0.847300028752156,0.940127388535032,-0.0546821682999976
"Q99798",-20.5155224544,-20.1313685326,-20.2668667546,-20.5208412144,-20.2250619441,-20.289261215,21,24,26,21,23,30,0.866314692351926,0.940738442444927,0.0404688773000004
"Q99805",-24.195229103,-23.4107805617,-22.9316500322,-23.7204893789,-23.953732242,-23.1162203941,3,5,6,4,4,6,0.820055347901093,0.928010471204188,0.0842607727000022
"Q99808",NA,NA,NA,-23.8650850746,NA,NA,1,NA,NA,1,2,1,NA,NA,NA
"Q99816",-23.3607434251,-23.4101095078,-23.5091724145,-23.4047220502,-23.1398079363,-23.601705279,2,4,5,4,4,4,0.85431843013226,0.940506329113924,-0.0445966939666675
"Q99829",-22.575623049,-22.2864910344,-22.8240055917,-22.4128836092,-22.7927945949,-22.8500664763,5,6,6,8,6,7,0.676104514088557,0.870086110071134,0.123208335099999
"Q99832",-18.5024362343,-18.6831159636,-18.7513300725,-18.2277391924,-18.5256522602,-18.5634088401,63,58,71,68,69,76,0.455161587119034,0.768922305764411,-0.206693992566667
"Q99848",-20.3067105381,-20.4411163555,-20.3187822387,-20.326971192,-19.8736634624,-20.672248982,10,9,10,11,13,12,0.822152673950546,0.928781443972558,-0.0645751652999991
"Q99856",-22.3602857312,-22.4252041218,-22.1791935223,-21.9385751429,-21.9516241454,-21.9714258465,8,5,7,10,7,7,0.17363829787234,0.505183788878417,-0.367686080166667
"Q99873",-20.8760205841,-20.4796472525,-20.2750511014,-20.7436982315,-20.1453812479,-20.1500830798,10,12,13,10,14,16,0.552191201840138,0.826730518067044,-0.1971854596
"Q99961",-22.502531986,-21.3861078545,-21.3020848252,-21.1958836404,-20.9812005503,-21.9630249784,8,6,11,9,8,8,0.423778177113283,0.75462718138551,-0.350205165533335
"Q99986",-21.3658844926,-22.1753502529,-20.6431314247,-20.8162247588,-20.3720725532,-21.0709100507,8,7,11,9,10,9,0.168442783208741,0.496644295302013,-0.6417196025
"Q99996",NA,NA,NA,NA,NA,-27.6655972888,NA,1,5,3,NA,5,NA,NA,NA
"Q9BPW8",-23.0346491906,NA,NA,NA,NA,-22.6993853134,2,3,3,0,1,1,NA,NA,NA
"Q9BPX3",-21.9793885266,-22.1172000063,-21.7860285541,-21.5699995087,-21.3085530811,-21.6891020708,10,13,11,12,15,18,0.154462622196665,0.473684210526316,-0.4383208088
"Q9BPX5",-20.9353186547,-20.5309323952,-21.7069264737,NA,NA,-21.9112160228,2,3,2,2,2,2,NA,NA,NA
"Q9BPZ3",NA,NA,NA,-21.6569104916,NA,NA,1,2,NA,1,1,1,NA,NA,NA
"Q9BQ04",-23.3215980994,-22.8318077615,-22.5043207416,NA,-22.8544912217,-22.2678435194,2,1,2,1,1,2,0.404451408855664,0.747797356828194,-0.324741496950001
"Q9BQ15",-22.0607326943,NA,NA,-22.5749890552,NA,NA,2,NA,NA,2,NA,NA,NA,NA,NA
"Q9BQ39",-21.6070279459,-22.6324358613,NA,-22.2315841595,-22.7663841436,-22.47434566,20,17,16,9,15,17,0.372051897642323,0.714368482039397,0.371039417433334
"Q9BQ48",NA,NA,-21.7490405816,-21.3757210519,-21.3927970482,NA,2,1,2,2,2,2,NA,NA,NA
"Q9BQ52",-21.3856795912,-21.9220547708,-21.3629281167,-21.2077292085,-21.4541699437,-21.2392374698,11,11,12,14,9,11,0.40805793559517,0.748087431693989,-0.2565086189
"Q9BQ61",-23.0832110451,-22.0613817265,-21.7388042926,NA,NA,-22.9748565363,3,3,4,2,2,5,NA,NA,NA
"Q9BQ67",-21.1232314868,-21.3913746719,-20.9952158325,-20.7280965055,-21.0878366906,-21.1876802873,8,6,6,8,7,7,0.566579068430132,0.831407787762088,-0.168736169266669
"Q9BQ69",-21.6796580798,NA,-23.2343085907,-22.2903240784,-21.6476653516,-22.7708734237,2,1,2,3,2,1,0.664688326624497,0.86885865457294,-0.220695717350001
"Q9BQ75",NA,-21.7655018658,NA,NA,NA,-22.9607832435,NA,5,2,0,1,4,NA,NA,NA
"Q9BQA1",-21.3292547603,-21.0091615873,-21.0812530897,-20.8190279417,-20.6935213672,-21.5275455505,11,11,11,12,12,8,0.694100057504313,0.878039793662491,-0.126524859299998
"Q9BQC3",-23.5405297781,NA,NA,-22.9974574878,NA,NA,2,1,1,2,2,1,NA,NA,NA
"Q9BQC6",NA,NA,-21.8254112529,-21.3786251426,NA,NA,1,1,2,2,2,1,NA,NA,NA
"Q9BQE3",-19.5484224629,-19.3888992312,-19.609292658,-19.3750922611,-19.4277310454,-19.5606237141,140,123,143,146,152,156,0.793595457159287,0.916750587445451,-0.0610557771666649
"Q9BQG0",-21.4216037277,-21.5951407732,-21.8655617248,-21.3039432399,-21.92330342,-21.8710277133,22,27,30,28,26,31,0.80470040253019,0.920877659574468,0.0719893825
"Q9BQG2",-23.4344109231,NA,NA,NA,NA,NA,1,NA,1,1,2,NA,NA,NA,NA
"Q9BQT8",-22.0445474816,-23.4563753663,NA,-23.7170519002,-23.6207057649,-23.186509609,4,4,4,4,3,6,0.139878234617596,0.46096256684492,0.757627667416667
"Q9BR61",-23.2585072144,-23.2019020279,-22.0409169905,-23.2373305043,-22.9635762999,-21.8572982879,3,2,2,2,2,7,0.738115727429557,0.902016271666077,-0.147707046899999
"Q9BR76",-22.676601728,-21.796942032,-21.6227681247,-22.2241011726,-21.2751088031,-22.166089131,8,9,9,5,8,9,0.712081943645773,0.882882882882883,-0.143670925999999
"Q9BRA2",-19.5726395644,-19.6129155848,-20.023392811,-19.3043103948,-19.4520324122,-19.8816308011,7,8,4,6,6,7,0.545463053479011,0.824390243902439,-0.190324784033333
"Q9BRD0",NA,-24.5684689456,-24.2251779599,NA,NA,NA,1,1,2,NA,1,1,NA,NA,NA
"Q9BRF8",-22.1941829131,NA,-22.4567425316,-22.3350410023,-22.0409546708,-22.1455311195,2,1,4,1,3,1,0.586834675100633,0.843423799582463,-0.151620458149999
"Q9BRG1",-22.3003428638,-21.5007580802,-21.7464865701,-22.7109214012,NA,-21.6290013712,3,2,6,3,3,3,0.467804054054054,0.777886977886978,0.320765548166666
"Q9BRJ2",-22.1397636165,-22.4846218503,-23.5297364422,-22.9985945186,-21.8988158773,-23.6347961618,5,4,5,6,2,3,0.785109689476711,0.915087956698241,0.126028216233333
"Q9BRJ7",NA,NA,NA,NA,-23.0863441021,NA,2,2,NA,NA,2,3,NA,NA,NA
"Q9BRK5",NA,-22.4656342873,-23.4685756562,-22.4562208161,NA,-23.8339400679,4,4,3,3,3,3,0.747313254744106,0.90426638917794,0.177975470250004
"Q9BRP1",-23.9178362842,-21.8548282089,-21.5952185804,-21.381352383,-23.2025054056,-23.8159120575,4,4,3,7,4,3,0.601856239217941,0.851623510069873,0.343962257533335
"Q9BRP4",-23.161294756,NA,NA,NA,-23.189983424,-23.6511666284,2,1,2,1,1,1,NA,NA,NA
"Q9BRP8",-21.1606022172,-20.6584707777,-20.7970858957,-22.1874709187,-21.3512063129,-21.1229481291,4,4,4,3,4,5,0.105624928119609,0.41025641025641,0.681822156699997
"Q9BRS2",-23.569687909,-23.7138459704,-23.2976836328,-23.9993531767,-22.6793015092,NA,4,6,4,5,5,8,0.659818861414606,0.868089973313,-0.187745161116666
"Q9BRT2",NA,NA,-22.0568250734,NA,-21.7775421892,NA,2,NA,2,1,1,4,NA,NA,NA
"Q9BRT3",NA,NA,-22.0400698638,NA,NA,-21.9782222134,NA,2,3,1,3,2,NA,NA,NA
"Q9BRT6",NA,NA,NA,NA,-21.5825099599,NA,NA,NA,NA,NA,2,NA,NA,NA,NA
"Q9BRT9",-21.8736451597,-21.5390855421,-21.4355654676,-21.4416025161,-21.6287356539,-21.8161234464,2,3,3,2,5,2,0.944751868890167,0.966166519564578,0.0127218156666657
"Q9BRU9",-23.0842818349,NA,NA,-23.5259947958,NA,-22.5245891639,2,4,3,4,4,5,NA,NA,NA
"Q9BRX2",-22.6839754204,-23.5343868666,-22.4990068663,-21.7047664045,-23.3956056282,-21.5285228417,5,5,9,7,5,10,0.202333668775158,0.534246575342466,-0.696158092966666
"Q9BRX5",-21.0175695625,NA,-22.8363261622,-21.9095772264,NA,-22.1583748218,4,1,2,4,3,4,0.842914318573893,0.940127388535032,0.107028161750002
"Q9BRZ2",NA,NA,-25.2987998318,-24.2070612179,-25.3512890321,-25.59323599,4,NA,4,3,3,2,NA,NA,NA
"Q9BS26",-21.2142401589,-20.9987281683,-20.1590539353,-20.2394747062,-20.2191941888,-20.6031725359,9,12,17,12,12,11,0.257796147211041,0.617067833698031,-0.436726943866667
"Q9BSC4",-24.5211804124,NA,NA,-23.7510764478,NA,-23.1927537389,3,5,3,5,NA,6,NA,NA,NA
"Q9BSD7",-22.2044944018,-20.3322053379,-21.2419077431,-22.3286053168,-22.5897925093,-21.5453503114,5,7,4,4,6,7,0.105793559516964,0.41101152368758,0.895046884900001
"Q9BSF4",NA,-22.4506873255,NA,-22.9493897043,NA,NA,1,1,NA,1,NA,NA,NA,NA,NA
"Q9BSH4",-21.7468215539,-22.24095494,-21.5750339468,-21.9835228338,-22.4836781579,-21.8863017997,4,3,6,4,5,4,0.438884847613571,0.761609907120743,0.2635641169
"Q9BSJ2",-24.6510135873,-25.0958470116,-23.7036317096,-23.5045547145,NA,-25.2626206401,6,2,3,3,2,7,0.845255462909718,0.940127388535032,-0.0999097588666658
"Q9BSJ8",-21.1899812046,-22.252801662,-21.7451144323,-25.3854714121,-22.0679826245,-23.0701363393,16,14,14,10,16,16,0.0338438757906843,0.205194805194805,1.778564359
"Q9BSL1",-20.4339653491,-20.4064967857,-20.6976048303,-20.0072831496,-20.7412230855,-20.3622418722,12,14,13,19,14,16,0.644343300747556,0.864433190494741,-0.142439619266668
"Q9BSV6",NA,NA,-23.6247698594,NA,NA,-23.5293420615,NA,1,2,NA,1,2,NA,NA,NA
"Q9BSY4",-21.3968690319,-21.5199588231,NA,NA,NA,-21.6399886328,1,1,NA,2,NA,1,NA,NA,NA
"Q9BT09",NA,NA,NA,NA,-22.9786487988,-22.763865339,NA,NA,NA,NA,1,1,NA,NA,NA
"Q9BT25",NA,NA,NA,NA,NA,-23.2023095067,1,1,NA,2,2,1,NA,NA,NA
"Q9BT73",-19.835537887,-21.0010358306,-20.3307193437,-20.0470661536,-20.0670010046,-19.9613766868,4,2,5,2,4,4,0.335158424381829,0.690431519699812,-0.363949738766667
"Q9BT78",-20.5998241254,-21.143982974,-21.438655672,-21.9019338539,-20.9119087689,-20.9240093314,12,9,9,8,9,11,0.631094594594595,0.863582908663269,0.1851297276
"Q9BTA9",NA,-23.8016667552,-23.9057225354,-21.9629300768,-22.4825330343,-23.2450075352,2,4,2,5,4,3,0.0226535365152386,0.164429530201342,-1.29020442986667
"Q9BTC8",NA,NA,NA,-24.2814667239,NA,NA,2,1,3,4,3,5,NA,NA,NA
"Q9BTD8",-22.802627965,-22.5475283405,-22.123672247,-23.0210654601,-21.9400027022,NA,5,6,6,5,6,3,0.958982029902243,0.966783216783217,-0.0107421030166641
"Q9BTE1",-22.4128135961,NA,-22.7107534292,-22.5165194173,NA,-22.6773857441,1,1,1,1,1,1,0.883141173087982,0.942989214175655,0.0351690680499956
"Q9BTE3",-24.1401570502,-22.9847233854,-21.7121445185,-23.6066958824,-21.8511101856,-22.5460399362,7,6,9,5,9,7,0.631607676825762,0.863582908663269,-0.277726316633331
"Q9BTE6",NA,-21.1378595797,-21.743253202,NA,-22.1564261096,-21.2277174177,6,6,7,6,4,10,0.579143041978148,0.83790628957366,0.2515153728
"Q9BTE7",NA,-22.9293546889,-22.2317999078,-22.1517269793,-22.9829587992,-21.6861466343,4,2,5,4,6,4,0.503364864864865,0.801498127340824,-0.306966494083333
"Q9BTL3",-21.3259783344,-21.1205572425,NA,NA,NA,NA,1,1,NA,NA,NA,NA,NA,NA,NA
"Q9BTM9",NA,NA,NA,-21.3325751112,NA,NA,1,2,NA,2,NA,1,NA,NA,NA
"Q9BTT0",-20.0930107613,-19.8965251528,-20.1764906878,-19.8164643979,-19.3506095629,-19.4298207228,6,8,5,7,8,9,0.109790828062105,0.412204234122042,-0.523043972766668
"Q9BTW9",-23.3110870261,-22.4093170526,-22.5871782762,-21.9222359241,-22.450703981,-22.3471049079,9,9,7,15,9,10,0.170773001725129,0.499049429657795,-0.529179180633331
"Q9BTY7",-21.2274713648,-21.6682059506,-21.3677234008,-20.654092241,-21.2532690769,-21.2977289214,7,6,8,8,8,6,0.296735623921794,0.658322056833559,-0.352770158966663
"Q9BU61",-22.5713994646,NA,NA,-20.9718243061,-21.5702691512,-22.4716599088,4,2,4,5,2,4,NA,NA,NA
"Q9BU76",-22.3397814265,-23.1828475415,-23.3577538764,-23.1195539471,-23.0657164656,NA,2,3,3,3,3,NA,0.721115871190339,0.889445438282648,0.132507591549999
"Q9BU89",-19.8539239191,-20.2677171671,-21.1566005301,-20.1074947406,-20.7186370247,-20.415050894,6,4,6,5,5,8,0.954390023001725,0.966783216783217,-0.0123529856666664
"Q9BUB5",NA,NA,NA,NA,NA,-24.0945032925,NA,NA,NA,NA,NA,2,NA,NA,NA
"Q9BUB7",-21.6413544109,-22.844943122,-23.0690927578,-22.8023254543,-22.6208010768,-22.8940940287,2,1,2,2,2,1,0.538278320874066,0.819438252340615,0.253943423033334
"Q9BUF5",-19.7615632816,-20.3304399682,-19.9679790091,-19.774781712,-19.6427317985,-19.9785430667,124,106,141,127,117,127,0.467230304772858,0.777886977886978,-0.221308560566666
"Q9BUH6",-22.3400847527,NA,NA,-21.6310911206,-22.2391784419,NA,1,NA,NA,2,1,NA,NA,NA,NA
"Q9BUI4",-23.8039836025,NA,NA,NA,NA,NA,2,1,NA,1,1,1,NA,NA,NA
"Q9BUJ2",-20.7140878237,-20.9195149836,-21.3978469416,-21.1606641121,-20.5554683844,-21.1660391128,21,18,19,20,20,20,0.865691776883266,0.940738442444927,-0.0497593798666678
"Q9BUL5",NA,NA,NA,NA,-23.9030317179,NA,NA,NA,1,NA,2,NA,NA,NA,NA
"Q9BUL8",-20.0621734955,-20.2124298796,-20.8027793619,-20.5157796163,-20.4312519303,-20.1906718513,8,6,6,9,8,6,0.930820874065555,0.962157330154946,0.0201068869666692
"Q9BUP3",NA,-21.9409649879,-21.9186654834,-22.01916203,-22.9137469418,-22.7323422458,1,3,4,3,2,2,0.130941201840138,0.450719822812846,0.62526850355
"Q9BUQ8",-21.5434482036,-22.3113824066,-22.0984798556,-21.7571294432,-22.8337237755,-21.8997752157,13,17,21,25,18,19,0.641044422081656,0.864241001564945,0.179105989533333
"Q9BUR4",NA,NA,NA,NA,NA,-24.4159066607,NA,NA,NA,1,NA,2,NA,NA,NA
"Q9BUR5",-22.3000596675,-22.3707868855,-23.1985000228,-21.5318865575,NA,-22.2144433484,1,2,3,4,1,2,0.108390885566417,0.411543287327478,-0.749950572316667
"Q9BUT9",-21.7651395837,NA,NA,NA,-21.8749032339,-21.9012345179,2,NA,NA,1,2,2,NA,NA,NA
"Q9BV19",-22.1467577882,-22.0105417946,NA,-22.1075621538,NA,NA,1,1,NA,2,1,NA,NA,NA,NA
"Q9BV20",-21.2455707094,-20.4986446821,-20.7987117035,-21.5098790367,-20.8438744889,-21.3231872965,6,8,6,6,8,8,0.294526308223117,0.655804480651731,0.3780045757
"Q9BV29",NA,NA,-22.3052723969,-21.9748609949,NA,NA,1,1,1,1,1,NA,NA,NA,NA
"Q9BV38",-21.6338487335,-23.2576061384,-20.4697594076,-20.9274736717,-22.8581431852,-21.0803746511,9,5,12,7,11,10,0.785654974123059,0.915087956698241,-0.165074257166665
"Q9BV40",-20.4643778423,-20.5840902223,NA,-22.0668467348,-20.4957996762,-21.7502673349,4,2,2,2,4,3,0.0990503162737205,0.392904073587385,0.913403882999997
"Q9BV44",-20.9988590632,-21.3536613833,-21.2141686482,-20.7213442221,-20.5841312988,-21.1260902556,9,9,9,10,13,12,0.234623921794135,0.569767441860465,-0.378374439399998
"Q9BV57",-22.649891869,NA,-21.7531061695,-21.7827658157,NA,-21.4571859367,3,2,4,4,3,4,0.200459603220242,0.531786941580756,-0.581523143049999
"Q9BV68",-22.1097517452,-20.9749430308,-21.2325735682,-21.5442607034,-21.808195947,-21.4771436061,3,5,4,3,4,5,0.638201983898792,0.863582908663269,0.1707773041
"Q9BV79",NA,NA,NA,NA,NA,-23.0185338899,NA,1,NA,1,1,1,NA,NA,NA
"Q9BV86",-20.5695013838,-20.3726026028,-20.4179802968,-20.6563945427,-20.158809651,-20.7764404087,6,8,6,4,8,8,0.782047297297297,0.914373088685015,0.0771867729999975
"Q9BVC3",NA,NA,-24.5045766212,NA,NA,NA,NA,NA,1,1,NA,NA,NA,NA,NA
"Q9BVC4",-22.7575346405,-22.7702648213,-22.9799375568,-22.1644925888,-22.0955675475,-22.2354389339,1,2,4,2,2,2,0.034955865439908,0.207161125319693,-0.6707459828
"Q9BVC5",-22.2487934242,-22.1880082048,NA,-21.1094419829,NA,NA,2,1,NA,3,1,NA,NA,NA,NA
"Q9BVG4",NA,-21.1286492988,-21.2746321635,-20.9617430407,-21.0428118364,-22.548074759,5,5,5,7,5,3,0.53357892466935,0.81781557743957,0.315902480883331
"Q9BVI4",-21.8936885052,-21.7401810707,-21.4536482576,-21.7566162906,-21.9630378186,-21.7977550988,9,8,11,6,5,7,0.603536802760207,0.851623510069873,0.143297124833335
"Q9BVJ6",-21.2333443498,-21.6247756529,-21.2570152636,-20.7191934566,-20.9440882738,-21.1198600714,16,17,18,20,21,20,0.162634128809661,0.49119373776908,-0.443997821499998
"Q9BVK6",NA,-22.8032183614,NA,NA,NA,NA,NA,2,2,1,1,1,NA,NA,NA
"Q9BVL2",-21.68648265,-22.6855413778,-24.1263758793,-21.8426732852,-21.7502918467,-21.9101470062,9,8,6,9,6,7,0.095622484186314,0.39047619047619,-0.998429256333331
"Q9BVP2",-20.474142604,-21.2039082659,-20.8915985892,-21.5451936411,-21.3068392496,-20.7870077005,16,13,17,16,12,15,0.327299741230592,0.688295165394402,0.356463710699998
"Q9BVQ7",-24.0082121807,-23.7531110522,-23.1012447516,-24.4893886875,-23.3053211386,-24.67244405,3,7,6,5,5,5,0.245951696377228,0.596212121212121,0.534861963866664
"Q9BVS4",-21.1036377495,-21.1453391646,-20.8440803987,-21.8205325834,-21.0223521099,-21.648432552,10,9,10,9,13,11,0.190481454859114,0.520462633451957,0.466086644166669
"Q9BVT8",NA,-22.9675233195,NA,NA,NA,NA,1,2,1,1,1,1,NA,NA,NA
"Q9BVW5",NA,NA,NA,-23.1572155287,-22.1610839433,NA,2,1,NA,2,2,NA,NA,NA,NA
"Q9BW19",-23.1718619092,-22.5108931789,-22.247305178,-22.5299498521,-21.9577082632,-21.9469033552,5,6,8,6,6,7,0.199608395629672,0.530120481927711,-0.498499598533336
"Q9BW27",-20.5188674931,-21.8913654348,-21.0789438637,-21.09871652,-20.7822353575,-20.8686940893,11,11,15,11,9,13,0.532530908568143,0.81781557743957,-0.246510274933335
"Q9BW71",-23.6196117499,NA,NA,NA,NA,-23.8585645762,2,2,2,1,2,3,NA,NA,NA
"Q9BW85",-23.3947052377,NA,NA,-21.8798499823,-23.0932433219,NA,3,4,4,4,2,5,NA,NA,NA
"Q9BW92",NA,-23.962143871,NA,-23.6760434706,-24.1406457664,-23.3487674574,1,2,3,5,3,6,NA,NA,NA
"Q9BWD1",-19.3450526724,-19.3969331505,-19.1949741546,-19.1660545835,-19.1100221211,-19.1061405809,24,27,26,25,23,28,0.455357676825762,0.768922305764411,-0.184914230666667
"Q9BWE0",-22.5845053702,-21.4759220065,-21.8867303536,-23.3062629238,-22.3814211361,-22.5361315397,5,8,6,5,5,8,0.0993993674525589,0.392904073587385,0.758885956433332
"Q9BWF3",-21.3370328201,-20.8679888744,-21.043240159,-22.6138797762,-20.9522246943,-21.5933406556,15,13,12,15,15,14,0.176675675675676,0.506046511627907,0.637061090866666
"Q9BWH2",NA,NA,-21.885601124,NA,NA,NA,NA,1,2,NA,2,1,NA,NA,NA
"Q9BWH6",-24.4572825425,-23.2958375141,-24.9780456118,-24.9826358897,-24.599256771,-24.2614103975,2,5,4,5,3,5,0.421026020701553,0.75462718138551,0.370712463266667
"Q9BWJ5",-19.8074452474,-19.5862096392,-20.443054503,-22.324612039,-20.4505092563,-18.8785529271,5,6,7,3,6,9,0.374700115008626,0.720809248554913,0.605654944266664
"Q9BWS9",-23.6582035017,NA,NA,-23.3480949775,-23.3797886438,-23.5780219138,3,2,2,3,3,2,NA,NA,NA
"Q9BWU0",-23.006728396,-23.6507315534,-23.9723802783,-23.083330412,-24.7590006192,-24.0485109765,11,9,5,7,6,10,0.375308941920644,0.721613832853026,0.420333926666665
"Q9BWW4",-23.0723934116,NA,-23.4624385675,-23.5199399617,NA,-23.3600880871,1,1,1,1,1,2,0.572926394479586,0.83651804670913,0.172598034849997
"Q9BX40",-20.8508955292,-21.7895098579,-21.3893102887,-21.6303986556,-21.4579858051,-21.2204974249,6,3,4,6,5,7,0.772099338700402,0.910555174777245,0.0930554032666677
"Q9BX68",NA,-20.7998532778,-20.6075059743,-20.8819407424,NA,-20.5179224008,NA,2,4,4,2,4,0.968986342725704,0.971643518518518,-0.00374805444999993
"Q9BXJ9",-21.5280700688,-21.0452778795,-21.1041469763,-21.3337406216,-20.8041042169,-21.3228483781,33,30,27,25,33,33,0.80316690626797,0.920465890183028,-0.0722672359999983
"Q9BXK5",-22.6334635782,-23.32343598,-23.429786203,-22.0865806371,-22.5846008353,-22.6303703437,5,5,3,4,4,4,0.0837106095457159,0.361319340329835,-0.695044648366665
"Q9BXL5",-20.0802449178,-20.1023526016,-20.1271081235,-20.0283320089,-19.9311619757,-20.1903931127,16,16,14,16,17,18,0.814655692926969,0.926243002963451,-0.0532728485333323
"Q9BXP5",-21.5948379452,-21.1827565004,-21.3908608488,-21.6539119823,-21.2570086104,-21.2442059853,23,30,27,29,30,30,0.966749856239218,0.971643518518518,-0.00444290546666437
"Q9BXR0",NA,NA,NA,-22.5954614853,NA,-22.8008291262,NA,2,1,2,1,4,NA,NA,NA
"Q9BXS5",-21.6662858907,-21.7047852661,-21.8380916118,-23.9981588641,NA,-21.8628625416,5,5,5,3,3,9,0.0698286371477861,0.327841845140033,1.19412311331667
"Q9BXV9",NA,-21.5864519142,NA,-20.5363719108,NA,NA,1,1,1,2,1,NA,NA,NA,NA
"Q9BXW7",-23.9161567611,NA,NA,-23.6896478773,NA,-24.027079836,2,1,NA,1,NA,3,NA,NA,NA
"Q9BXW9",-24.9875038434,-26.0608946725,-26.3194932176,-24.4540674294,NA,NA,4,6,1,5,2,4,NA,NA,NA
"Q9BXY0",-21.6241103943,-21.1966732243,-20.9908585845,-21.1418216748,-20.4140024316,-20.7680288601,5,5,6,4,7,7,0.176877372052904,0.506046511627907,-0.495929745533335
"Q9BY32",-20.9561392626,-20.8323811481,-21.0792262907,-20.0033305822,-22.1123973376,-22.828155532,6,5,5,5,6,4,0.261774008050604,0.617067833698031,0.692045583466665
"Q9BY42",NA,-23.3093586108,-22.6156791321,-22.4215668,-23.5461242998,-22.5928667747,3,1,4,4,6,3,0.788834387579068,0.915459750757831,-0.108999579950002
"Q9BY43",-22.2807283501,NA,-21.4488763181,NA,-22.9368894933,-21.413029739,1,1,2,2,6,4,0.597702702702703,0.848347107438017,0.31015728205
"Q9BY44",-20.7986676944,-20.3154560108,-20.3628411511,-20.5267011048,-20.5388424943,-20.908720015,19,19,19,20,20,18,0.581139304197815,0.841350210970464,0.165766252600001
"Q9BY77",-20.8231911853,-21.9825174227,-21.2664926265,-20.8891697154,-20.6120030011,-20.865359279,7,7,8,7,11,8,0.158334243818286,0.482517482517482,-0.568556413
"Q9BYB4",-23.0065804509,-22.5751983969,-20.8711772161,-22.0771664204,-23.5403280328,-20.8856098174,3,6,6,5,5,7,0.958839131684876,0.966783216783217,0.0167160688999992
"Q9BYC8",NA,NA,NA,-21.9115681399,-21.9124508966,NA,NA,NA,NA,1,2,NA,NA,NA,NA
"Q9BYC9",-22.4898537601,NA,NA,-21.0994090429,NA,-22.0705838348,4,2,2,4,1,3,NA,NA,NA
"Q9BYD1",-21.9265153226,-21.672515056,-22.2069850155,-22.2381681828,-22.1503457869,-21.0491701329,2,2,2,2,2,4,0.742030621046578,0.904191616766467,-0.122777097166665
"Q9BYD2",-21.1953296515,-23.3822956534,-22.1740495988,-22.7369056286,-21.9184698439,-21.4774813938,5,4,3,3,3,5,0.687039246693502,0.87630014858841,-0.206272679133335
"Q9BYD3",NA,NA,-23.4922011899,NA,-23.1284431908,-21.985120906,1,1,3,2,1,4,NA,NA,NA
"Q9BYD6",-22.9986015667,-21.9867637372,-22.1100282226,-21.4560239286,-21.9419134673,-21.4951311673,2,4,3,5,3,4,0.0854228004600345,0.365638766519824,-0.734108321099999
"Q9BYG3",-20.2637583457,-21.5891230469,-20.1892523506,-20.5955868694,-20.592976426,-21.7559682756,7,7,11,6,10,10,0.528412162162162,0.81781557743957,0.300799275933333
"Q9BYJ9",-23.4878867021,-24.0892604533,-24.9067879331,-24.1541599855,-23.9747440527,NA,3,2,2,3,3,4,0.81200905692927,0.924422442244224,-0.0968596770666643
"Q9BYN0",NA,NA,NA,NA,NA,-21.9472540334,1,NA,2,NA,NA,1,NA,NA,NA
"Q9BYN8",NA,NA,NA,NA,-22.8058597552,-23.1231549092,1,NA,1,5,3,4,NA,NA,NA
"Q9BYT8",-24.2742656904,-24.6730711267,-22.5166711215,-22.6872565336,-23.2007326257,-24.2127394254,5,6,8,8,7,5,0.429513369752731,0.760083813514929,-0.454426451300002
"Q9BYW2",-26.6102908832,NA,NA,NA,NA,NA,3,NA,NA,3,3,NA,NA,NA,NA
"Q9BZD4",NA,NA,NA,-23.8555529472,-23.2480059063,-23.4431239399,1,2,NA,4,1,2,NA,NA,NA
"Q9BZE1",-21.3335589153,-20.5932844327,-21.1914739423,-21.4663488629,-21.1901412858,-21.3298188637,5,6,5,5,4,4,0.380960609545716,0.72883295194508,0.289330574033333
"Q9BZE4",-22.4047934409,-21.9030422061,-23.5236499109,-22.1023178336,NA,-23.7024933781,9,12,9,10,10,12,0.614968516388729,0.857603872529246,0.291910419883333
"Q9BZE9",NA,NA,NA,-24.1717982718,-24.1117824112,NA,1,NA,NA,3,2,1,NA,NA,NA
"Q9BZG8",-24.1439390727,NA,NA,-23.8138402612,-23.7195899302,NA,1,2,2,2,1,1,NA,NA,NA
"Q9BZI7",NA,NA,-24.2561591434,NA,NA,-23.628489399,3,2,2,3,NA,2,NA,NA,NA
"Q9BZJ0",NA,NA,NA,-24.7292316282,-24.1885702281,-24.6474077322,1,1,3,3,3,2,NA,NA,NA
"Q9BZK7",-21.4817109137,-22.0771205645,-21.6957236061,-21.3881333444,-21.144050251,-21.010418021,9,12,12,10,9,13,0.101589850488787,0.396596858638743,-0.570651155966669
"Q9BZL1",-21.4355858237,-20.9966661128,-20.3311176502,NA,NA,NA,3,1,3,1,1,1,NA,NA,NA
"Q9BZL6",NA,NA,NA,-24.8323321891,NA,NA,NA,NA,1,1,1,NA,NA,NA,NA
"Q9BZQ8",NA,NA,NA,NA,NA,-24.0412348604,1,NA,1,1,NA,4,NA,NA,NA
"Q9BZX2",-21.7882110007,-21.4956215261,-21.1411003167,-21.600439317,-21.227259375,-20.9837912557,3,3,6,4,4,4,0.535367452558942,0.81781557743957,-0.204480965266665
"Q9BZZ5",-20.8134341716,-20.802183291,-20.8052734251,-20.5663902786,-20.5971961965,-21.0527381616,11,10,11,13,17,17,0.794477860839563,0.916862219242373,-0.0681887503333343
"Q9C005",-21.2037731856,-21.4017766267,NA,-21.3099733557,-21.1506253785,NA,1,1,NA,1,1,NA,0.774007475560667,0.911050290797126,-0.07247553905
"Q9C037",NA,NA,NA,NA,-23.6758296561,NA,4,6,12,10,6,9,NA,NA,NA
"Q9C0C2",-24.870003409,-25.0677809509,-26.0951435228,-25.9645866024,NA,-25.9543462539,5,5,2,1,3,3,0.185926825761932,0.517953321364452,0.615157133916668
"Q9C0C9",-21.7035368276,-22.4439222755,-22.4183236308,-22.4089933558,-21.8340165128,-21.9488849637,15,11,9,13,16,11,0.704198246118459,0.878457059679767,-0.124629300533332
"Q9C0D3",-25.0522057512,-25.257442753,NA,NA,-24.6373483098,NA,2,1,1,NA,1,NA,NA,NA,NA
"Q9C0E2",-23.4997990041,-23.6011323717,-24.8381485805,-23.4556528766,-24.2635121799,-24.9104476889,6,3,3,6,5,4,0.623023864289822,0.861723446893788,0.230177596366666
"Q9C0E4",-25.8893426355,NA,NA,NA,NA,NA,1,NA,NA,NA,NA,NA,NA,NA,NA
"Q9C0F1",NA,NA,NA,NA,NA,-23.0695007018,NA,1,2,1,2,1,NA,NA,NA
"Q9C0J8",-23.8069922617,-24.3643771667,-24.107388943,-24.5771534791,NA,-25.4941241348,7,6,8,6,8,9,0.0482419493962047,0.259713701431493,0.942719349816667
"Q9GZL7",-20.2656961757,-19.8334204069,-20.1766096212,-20.0414378125,-19.952182015,-20.0053707464,13,14,12,12,15,16,0.722355376653249,0.889882016446192,-0.0922452099666664
"Q9GZM5",NA,NA,-22.7615547329,NA,NA,NA,NA,NA,2,NA,NA,1,NA,NA,NA
"Q9GZN8",-22.0706332683,NA,-22.209205801,-22.1791959349,-21.6608222378,-21.0078439326,2,2,4,2,4,4,0.227624784358827,0.566587864460205,-0.523965499549998
"Q9GZP4",-19.9627319968,-20.036862485,-20.2349673861,-20.8756021974,-19.8520151877,-19.9736092493,8,10,11,8,11,9,0.656421506612996,0.867794004611837,0.155554922166665
"Q9GZR2",-23.1688896753,-22.2591081348,-21.5376772233,-22.5061146775,-21.4454358414,-22.2570023643,2,5,7,7,5,7,0.583446520989074,0.842016806722689,-0.252374050066667
"Q9GZS1",NA,-23.4624513612,-23.4525171149,NA,NA,-23.7239318343,3,2,3,4,3,3,NA,NA,NA
"Q9GZS3",-20.7402985224,-21.1269363079,-21.4908118463,-20.1044160056,-21.9863372761,-21.5178039725,9,6,4,8,7,5,0.842828780908568,0.940127388535032,0.0835035258666643
"Q9GZT3",-20.8744959807,-20.1269752909,-20.0910640213,-20.3053669526,-19.8794668559,-19.9543433278,4,2,4,5,6,5,0.366520557791834,0.712609970674487,-0.317786052200002
"Q9GZT8",NA,NA,NA,-23.3152396994,NA,NA,2,5,2,4,4,NA,NA,NA,NA
"Q9GZT9",-23.9823001886,NA,NA,NA,NA,-22.9972212251,2,NA,1,1,1,1,NA,NA,NA
"Q9GZU8",-22.1584270541,-21.9213016837,-21.6567643678,NA,-22.1805856335,-22.0552932466,3,3,4,1,6,5,0.494962765957447,0.796867584243,0.205775071516669
"Q9GZX9",-22.5008923809,-22.2965943687,NA,-22.2557630517,-22.035537967,-22.235932459,1,1,1,1,1,1,0.416201552616446,0.752150537634409,-0.22299888223333
"Q9GZY8",-24.0518241904,-23.1890084281,NA,-22.992864529,NA,-23.2924058414,1,1,NA,1,1,1,0.272619752731455,0.631130063965885,-0.477781124050001
"Q9GZZ1",-19.1505275328,-19.5021349033,-20.6283642527,-19.5825763986,-20.1718579545,-20.2707331466,12,8,9,9,7,10,0.563755031627372,0.828387096774194,0.248046936966666
"Q9GZZ9",-21.9757533179,-21.0551237686,-21.1487252509,-21.3779846863,-21.4567692114,-21.0612821421,6,7,7,5,6,5,0.773661587119034,0.911050290797126,-0.0945220991999989
"Q9H000",NA,-23.1686394895,-22.6476210196,NA,-23.0357055105,NA,3,4,4,3,3,3,NA,NA,NA
"Q9H019",NA,NA,-23.0372838216,NA,NA,NA,NA,NA,1,NA,NA,NA,NA,NA,NA
"Q9H061",NA,NA,NA,NA,NA,-23.4414765639,1,NA,1,1,1,1,NA,NA,NA
"Q9H074",-22.1868518792,-22.1135044511,-22.9253413596,-22.4194911837,-21.2317305416,-23.7953229599,5,4,3,4,7,5,0.874933294997125,0.940738442444927,0.0736156651000002
"Q9H078",-22.6484280431,-22.5025511969,-24.712629369,-22.8790976083,-22.1336697273,-21.6365092542,7,7,5,5,8,8,0.0961193214491087,0.390773405698779,-1.0714440064
"Q9H089",-23.9303954534,-22.6707873799,-23.4114498354,-23.2361755839,-23.2406825671,-24.5344627816,4,8,4,4,5,5,0.47550488786659,0.784218217243059,0.332896087966667
"Q9H0A0",-22.0830549363,-22.0791120233,-21.7601059502,-21.4950677928,-21.8960842159,-21.9861568854,15,17,21,15,17,17,0.541257906843013,0.81951871657754,-0.181654671899999
"Q9H0B6",-24.5058379827,-23.409425669,-23.1914239406,NA,-24.484728601,-23.7137113448,1,2,4,4,1,4,0.415023576768258,0.752150537634409,0.396990775466669
"Q9H0C8",-22.3169131236,-21.8513717972,-23.2269462249,-23.2972169644,-21.6348963162,-23.517758752,7,7,4,5,7,6,0.507060954571593,0.802960222016651,0.351546962299999
"Q9H0D6",-22.2831452916,-22.7623736324,-22.6085006755,-22.2711340791,-20.9851490367,-21.6613314195,16,10,11,11,15,14,0.0525215641173088,0.273422562141491,-0.912135021400001
"Q9H0E2",-22.8765335495,-22.0906488005,-22.0797062514,NA,-22.9289120957,NA,2,2,3,1,2,1,NA,NA,NA
"Q9H0E9",NA,NA,-25.0862012959,-24.8857557998,-23.9376377255,-24.0441100751,1,NA,1,5,3,2,NA,NA,NA
"Q9H0G5",-24.315390368,NA,NA,-23.7997803691,NA,NA,5,NA,1,2,NA,1,NA,NA,NA
"Q9H0H0",-25.1456115232,NA,NA,NA,NA,NA,2,1,NA,2,NA,NA,NA,NA,NA
"Q9H0H5",NA,NA,NA,NA,-24.0324548199,-24.5552067088,NA,NA,NA,NA,2,2,NA,NA,NA
"Q9H0L4",NA,-23.2747179783,-22.9361258271,-23.3402021636,-23.9300182492,-23.88560796,3,3,5,3,2,5,0.107564692351926,0.411543287327478,0.613187554899998
"Q9H0P0",NA,NA,-23.4340678525,-23.8049781949,-23.6347578309,NA,3,4,6,5,3,3,NA,NA,NA
"Q9H0R4",NA,-23.1353533842,-23.9840326784,NA,NA,NA,NA,2,2,1,2,2,NA,NA,NA
"Q9H0R6",NA,-24.2235427917,NA,-24.2433601802,NA,NA,1,1,1,3,2,NA,NA,NA,NA
"Q9H0S4",-21.554601941,-21.9352684852,-22.436364923,-21.2059145181,-20.8104086258,-21.481031021,10,7,7,10,8,8,0.0573980736055204,0.285451197053407,-0.809627061433336
"Q9H0U4",-21.5364824058,-21.8148686769,-21.5465057657,NA,-22.4989884833,-21.9818397727,15,18,20,16,16,19,0.0917797584818861,0.382228490832158,0.60779517853333
"Q9H0U6",NA,NA,NA,NA,-21.1170786037,NA,2,1,NA,NA,2,2,NA,NA,NA
"Q9H0W8",-22.8566678671,-23.4617758169,NA,-21.8462118131,NA,NA,2,2,1,5,3,1,NA,NA,NA
"Q9H0W9",-23.1623412052,-23.1223621539,-23.307649836,-21.8508459926,-21.7372187377,-21.9688580821,5,3,5,7,5,6,0.00292150661299597,0.0454545454545455,-1.3451434609
"Q9H0Z9",NA,-22.1944949099,NA,NA,-21.8876765152,-22.2079422595,2,1,1,2,1,1,NA,NA,NA
"Q9H1A4",-24.9459918826,-25.5996194079,-23.739622923,-25.3897693143,-24.8233887033,-24.5570551314,6,8,6,10,7,9,0.719087694077056,0.888968481375358,0.161659645166669
"Q9H1B7",NA,NA,NA,-25.2197135615,NA,NA,5,3,2,1,NA,3,NA,NA,NA
"Q9H1C7",NA,-21.3952285016,-21.7381756201,NA,NA,-21.570742524,NA,1,1,NA,NA,1,NA,NA,NA
"Q9H1E3",-20.8601283001,-20.760355954,-21.402950198,-21.1996155641,-21.1338581853,-21.3959587824,5,5,4,5,5,3,0.454296866014951,0.768922305764411,0.235332693233335
"Q9H1I8",NA,NA,NA,NA,NA,-24.5808176184,NA,NA,NA,NA,NA,1,NA,NA,NA
"Q9H1K1",NA,-22.3970232984,NA,-22.5348108716,NA,NA,NA,1,1,1,NA,NA,NA,NA,NA
"Q9H1Y0",NA,NA,NA,-21.2811180049,-22.3829110491,-22.1333343713,3,1,1,8,4,5,NA,NA,NA
"Q9H223",-23.5514005233,-23.5625509345,NA,-22.8040235361,-23.4266713975,-23.7100963283,2,4,2,5,2,5,0.508108395629672,0.802960222016651,-0.2433786416
"Q9H267",-23.2247751715,-23.0611373404,-23.8315441481,-22.9583277421,NA,NA,5,5,4,4,5,5,NA,NA,NA
"Q9H269",NA,NA,NA,-24.7267912854,NA,NA,NA,1,NA,1,NA,NA,NA,NA,NA
"Q9H299",-19.7450649063,-20.6147103946,-19.9455501995,-20.5192228922,-20.4389260239,-19.6312053499,5,4,4,3,3,4,0.789086543990799,0.915459750757831,0.0946762551999996
"Q9H2G2",-22.6232281261,-22.0878511854,-22.8866505893,-22.8130158644,-22.19286133,-22.5490723658,12,14,8,10,14,16,0.946963628522139,0.966166519564578,-0.0142601135333358
"Q9H2J4",-19.9358517942,-20.0830865714,-20.1576254626,-19.7788206883,-19.9381359407,-19.8765940735,7,8,9,8,9,10,0.446744249568718,0.765632943568887,-0.194337708566668
"Q9H2K8",NA,-24.590339887,-24.3304428567,-23.937351056,-25.2432711758,-25.318007044,5,5,6,5,7,6,0.437268545140886,0.761609907120743,0.372485053416668
"Q9H2M9",-25.4244169547,-24.111070847,-24.1700826704,-24.8654214329,-23.0219988593,-23.2362787289,15,12,16,9,12,11,0.142425531914894,0.46096256684492,-0.860623817
"Q9H2P0",-24.1046302566,-23.6154519116,-22.6525087908,-22.7040646032,-23.1076071528,-22.2574286545,10,8,11,11,14,12,0.113978579643473,0.418491484184915,-0.767830182833332
"Q9H2P9",-22.7172611914,NA,-21.7072233391,-21.6705235855,-23.5654550441,-22.2587147985,5,2,5,3,4,5,0.610886716503738,0.856156034132466,0.285988877450002
"Q9H2U1",-23.6146906941,-23.591400143,-23.963380494,-23.1004704764,-23.7383256629,-23.2433639646,3,4,4,4,7,6,0.273555491661875,0.631130063965885,-0.362437075733332
"Q9H2U2",-21.3915483005,-21.6305207947,-22.3238755926,-21.457869913,-21.0036908983,-21.8354215764,5,5,7,5,6,5,0.367944508338125,0.712784588441331,-0.34965410003333
"Q9H2W6",NA,-22.8780538539,NA,-21.7305345902,-22.7413870261,-22.7566149898,1,3,1,5,5,5,NA,NA,NA
"Q9H307",-21.8715645715,-21.2391245104,-21.4329345574,-21.6443296922,-21.6376689657,-20.8922137436,18,21,19,18,20,20,0.711875503162737,0.882882882882883,-0.123137079266666
"Q9H3H1",NA,NA,NA,NA,-23.6465591506,NA,NA,NA,2,4,2,7,NA,NA,NA
"Q9H3H3",NA,NA,NA,-22.8851422138,NA,NA,2,NA,1,2,3,2,NA,NA,NA
"Q9H3K2",NA,NA,NA,-23.5482331192,NA,NA,1,1,1,2,1,NA,NA,NA,NA
"Q9H3K6",-19.8808291846,-18.8720485376,-19.9134974965,-19.0950592889,-19.1957553197,-18.8668855126,4,6,3,5,7,7,0.205367883841288,0.541737649063032,-0.502891699166668
"Q9H3P2",-22.081341398,-21.9168207726,-22.1015057475,-21.9183672888,-21.9974989111,-21.7767804672,6,6,9,6,6,8,0.590869896492237,0.84438881935753,-0.135673750333336
"Q9H3P7",-21.3952218166,-20.8887591912,-21.2189334392,-21.8536226687,-20.9540929823,-20.7988872122,6,8,8,7,11,10,0.905793847038528,0.954089388871998,0.0345628054000038
"Q9H3R5",NA,-23.3884236511,-21.6899214844,-22.8737453627,-22.0773490356,-22.5251939765,NA,3,3,2,3,5,0.908062248418631,0.95658773527626,-0.0470764428166675
"Q9H3S7",-24.0627104562,-23.7445880842,-23.3905888186,-23.4445076022,-23.1960143663,-23.8769124211,5,5,7,5,10,5,0.502752875215641,0.800843486410497,-0.226817656466668
"Q9H3U1",-21.6002033415,-22.0107132784,-21.7772702382,-21.9948122622,-22.5687706161,-22.6899383931,14,14,17,20,13,15,0.092794134560092,0.384291725105189,0.621778137766668
"Q9H3Z4",-22.2886842786,NA,NA,NA,NA,NA,2,2,NA,NA,NA,NA,NA,NA,NA
"Q9H444",-20.2071176469,-20.9827495609,-20.8940116952,-20.2864903783,-20.6756651501,-20.7493706815,8,8,5,8,8,7,0.70064591719379,0.878457059679767,-0.124117564366667
"Q9H446",-23.1392807555,NA,-23.0841168531,-22.8353728217,-22.7459065652,NA,2,1,3,2,2,1,0.210711328349626,0.544472152950956,-0.321059110850001
"Q9H479",-23.3359219688,-21.4083060406,-22.1465288438,-22.0612443857,-23.0701279569,-21.9844524777,3,3,2,2,4,3,0.863061529614721,0.940738442444927,0.0750226556999998
"Q9H4A3",NA,NA,NA,NA,-26.0828061568,-26.3186612328,NA,4,2,NA,4,3,NA,NA,NA
"Q9H4A4",-20.8944555897,-19.9999680439,-20.4524569919,-20.766050567,-20.6417101185,-20.3107124393,17,24,21,22,20,25,0.703358395629672,0.878457059679767,0.123864166433332
"Q9H4A5",NA,NA,NA,-22.9074693178,NA,NA,NA,2,2,1,2,2,NA,NA,NA
"Q9H4A6",-22.7500599052,NA,NA,-22.7216191434,-22.656323332,-22.8965209089,2,1,2,3,3,5,NA,NA,NA
"Q9H4B7",NA,NA,NA,NA,NA,-24.4677108365,32,33,35,34,33,32,NA,NA,NA
"Q9H4E7",NA,-24.0195114558,-23.3519860983,NA,NA,NA,NA,1,2,NA,1,1,NA,NA,NA
"Q9H4H8",NA,NA,NA,-24.2932325383,-24.0732056416,NA,2,1,1,1,1,1,NA,NA,NA
"Q9H4L4",-23.0764043038,-22.9477246376,-23.0867886447,-24.0319733894,-22.3904518726,-23.1462710206,3,4,3,2,4,4,0.703505462909718,0.878457059679767,0.152592898833333
"Q9H4L5",-24.608766254,-23.1813904775,-24.7940002908,-24.558400709,NA,-22.955373055,4,9,2,5,4,6,0.471933438757907,0.782032400589102,-0.437832125433331
"Q9H4L7",-24.3740099616,-23.9801723132,NA,-23.4273742889,-25.0017447353,-24.7003102298,6,3,4,7,2,6,0.674904255319149,0.870086110071134,0.199385280600001
"Q9H4M9",-20.8020172731,-21.2511115729,-20.5637020994,-20.6523886202,-20.6445575175,-20.6790708792,18,18,21,25,18,26,0.485630103507763,0.790206433029285,-0.213604642833332
"Q9H501",-23.0148616025,-22.5468085599,-22.0227541328,-22.9788580314,-22.9335438019,-21.6624620271,6,14,14,9,11,14,0.972666331224842,0.973517559009787,-0.00318681160000267
"Q9H583",-21.9237129977,-22.4107211261,-21.3694256674,-21.8038911708,-22.2677739763,-21.4930145425,30,31,50,41,37,40,0.882202846463485,0.94288360605125,-0.0463933672000039
"Q9H5Q4",-22.6948941484,-24.3817459179,-23.3394918943,-23.1673071361,-22.8301775351,-22.694985489,7,6,8,2,7,6,0.220204859114434,0.552142279708973,-0.574553933466667
"Q9H5X1",NA,NA,-22.5384280196,-21.4968378883,-22.4069122039,-20.5392477836,1,NA,2,3,3,3,NA,NA,NA
"Q9H6D7",NA,NA,NA,-23.4064721744,NA,NA,1,1,2,2,NA,NA,NA,NA,NA
"Q9H6E5",-24.738032748,-24.6315136092,-24.1839791104,NA,NA,-24.0817574166,1,1,1,NA,1,1,NA,NA,NA
"Q9H6F5",-21.2680440783,-20.0418506701,-21.0973508104,-20.8540396342,-21.8307042964,-21.3968586152,10,13,10,13,8,14,0.217516532489937,0.549593495934959,0.558118995666664
"Q9H6R4",-22.3112905631,-21.818922161,-21.4871465121,-21.8895213059,-22.0361890149,-22.0123461231,17,15,22,18,14,19,0.725330074755607,0.891940085592011,0.106899069233332
"Q9H6R7",-25.1091644245,NA,NA,NA,NA,NA,2,NA,NA,1,NA,NA,NA,NA,NA
"Q9H6T3",-21.3603937553,-21.3753314206,-21.7180794679,-22.3691655833,-21.3108096195,-21.3823256641,13,15,9,9,12,13,0.584051035077631,0.842016806722689,0.202832074366665
"Q9H6V9",-21.8438519752,-23.0326211212,-21.9699252112,-23.8674549802,-22.9072172072,-22.3667135438,4,1,4,2,3,6,0.140196664749856,0.46096256684492,0.764995807866665
"Q9H6W3",-24.0104132416,NA,-24.512340278,-23.5962393992,-24.3978601588,NA,1,NA,2,3,2,2,0.531774726854514,0.81781557743957,-0.2643269808
"Q9H6Y2",-21.4872888009,-21.9181436416,-22.1892931288,-22.2332822068,-22.6305448802,-22.0592490826,4,5,3,6,4,4,0.2126578493387,0.545153272576636,0.442783532766668
"Q9H6Z4",-21.1755120305,-22.3386257067,-21.7492067783,-21.7316580967,-21.8595111708,-22.7385414521,10,8,7,11,6,8,0.405113283496262,0.747797356828194,0.355455401366669
"Q9H773",-20.1548732497,-20.0026411588,-19.4954006258,-20.4204225967,-20.1623094638,-19.6379919875,10,10,13,11,9,9,0.584721104082806,0.842569269521411,0.189269671233333
"Q9H7B2",NA,NA,NA,-22.4192908193,NA,-22.2916392798,2,1,2,4,4,5,NA,NA,NA
"Q9H7B4",-24.0976750601,NA,NA,-23.8632336211,NA,NA,2,NA,1,1,NA,2,NA,NA,NA
"Q9H7D7",-22.2764967333,-23.2991049694,-22.3863234846,-22.6368627744,-23.906571328,-23.2856905975,6,6,6,5,4,7,0.18054815986199,0.513339466421343,0.622399837533333
"Q9H7E9",NA,-23.1267877234,NA,NA,-22.7401190913,-23.1578034627,0,2,2,2,2,1,NA,NA,NA
"Q9H7L9",NA,NA,NA,NA,NA,-23.5199468818,1,NA,NA,1,NA,1,NA,NA,NA
"Q9H7N4",-23.3792714256,-23.8009920336,-24.6486272576,-25.657155551,-23.40192459,-24.273983162,5,7,5,4,5,5,0.37110264519839,0.713871154962275,0.501390862066668
"Q9H7Z7",-21.0555528264,-20.7343756466,-21.0493976993,-20.7992329874,-21.3792286924,-21.4806384015,4,8,6,6,6,6,0.404333525014376,0.747797356828194,0.273257969666666
"Q9H814",-23.2575489649,NA,NA,-22.3382776813,NA,NA,2,NA,2,2,1,1,NA,NA,NA
"Q9H832",NA,NA,NA,NA,NA,-23.9334542271,3,4,1,4,NA,3,NA,NA,NA
"Q9H845",-22.7236027231,NA,NA,-22.379048201,NA,-24.6011470168,4,NA,NA,6,2,2,NA,NA,NA
"Q9H857",NA,NA,-24.754776705,NA,NA,NA,NA,NA,2,1,2,2,NA,NA,NA
"Q9H871",NA,-23.6171853072,-23.676788514,-22.4076380704,NA,-23.9171365225,NA,3,2,3,NA,1,0.386818717653824,0.73155505107832,-0.48459961415
"Q9H8H0",-21.2284050341,-21.5958932036,-21.3428213117,-20.9902867811,-21.9265679512,-21.0404227623,14,14,14,18,16,18,0.827554916618746,0.931707317073171,-0.0699473515999998
"Q9H8H2",NA,NA,NA,-24.4704004163,NA,-24.6668304175,NA,1,NA,1,NA,2,NA,NA,NA
"Q9H8W4",-21.6206737854,NA,NA,-22.6308793634,-22.6161244315,-23.0028949844,3,1,1,3,3,1,NA,NA,NA
"Q9H8Y5",NA,-24.4159741767,-24.5125559697,-24.5602823728,-24.4048646783,NA,1,1,2,2,2,NA,0.923567280046003,0.961261261261261,0.0183084523500021
"Q9H8Y8",-21.0071807799,-21.2040197472,-21.1017366487,-21.3374605708,-21.2363791054,-21.7909397774,7,8,9,9,8,9,0.258682719953997,0.617067833698031,0.350614092600001
"Q9H900",NA,NA,NA,-24.401565085,NA,-24.1931119167,3,1,2,3,3,3,NA,NA,NA
"Q9H910",-19.9154156286,-19.7360922165,-19.3370644156,-19.5854627916,-20.0091537007,-19.8929181021,7,9,12,8,11,11,0.587720529039678,0.843423799582463,0.166320777900001
"Q9H936",-22.749301793,-22.6893314591,-22.8767069108,-23.342144549,NA,-23.0571638209,3,1,3,2,1,2,0.151978435882691,0.473684210526316,0.42787413065
"Q9H939",-21.7577678654,-23.2496494323,NA,-23.2722377444,-23.1154160105,NA,5,5,4,4,6,NA,0.230512938470385,0.566587864460205,0.690118228599999
"Q9H944",-22.4826771529,NA,NA,NA,NA,NA,3,1,2,2,1,1,NA,NA,NA
"Q9H967",-24.3226214709,NA,-23.6426808682,NA,-24.4618542902,-24.0554895552,4,3,3,NA,6,6,0.480873202990224,0.78460793804453,0.276020753150004
"Q9H974",-21.7895255027,-22.683576812,NA,NA,-22.9779888979,-23.0534383462,3,1,1,1,1,1,0.0970848188614146,0.390896921017403,0.779162464700001
"Q9H993",-22.0256893483,-21.940071312,-21.4615597782,-22.8028069078,-22.2326995847,-23.1190055726,6,7,8,6,7,5,0.0385370902817711,0.229665071770335,0.909063875533331
"Q9H9A5",NA,-24.7647314026,-24.7562484137,NA,-25.2292722096,-23.9969641303,2,2,2,1,2,3,0.74647972972973,0.904210526315789,-0.1473717382
"Q9H9A6",-22.4656065261,NA,-21.7954892755,-22.9503574232,-24.3552147728,-22.7297742532,6,3,7,7,9,10,0.0539591719378953,0.273422562141491,1.21456758226667
"Q9H9A7",NA,-25.641245743,-24.6306542606,-24.1651881821,NA,NA,1,1,1,1,NA,1,NA,NA,NA
"Q9H9B1",-25.6658086517,-24.2888119521,-24.4562558927,-25.250802095,-24.4574583052,-23.7922360033,6,5,6,6,7,10,0.527741518113858,0.81781557743957,-0.303460031
"Q9H9B4",-20.9570389138,-20.9370790968,-20.8809690741,-21.4520620209,-20.9921458109,-20.9896908687,8,9,7,8,8,9,0.446773864289822,0.765632943568887,0.21960387193333
"Q9H9H4",-22.1114303908,-23.0139935612,-23.4367460499,-21.9857838019,NA,-23.4264493743,1,2,2,2,2,1,0.767967078780909,0.906561319134318,-0.147940079200001
"Q9H9J2",-21.0978149427,-22.6404621112,-22.703684055,-20.8365815157,-22.4278074464,-21.9407147073,5,3,4,6,1,5,0.437844594594595,0.761609907120743,-0.412285813166669
"Q9H9P8",NA,NA,NA,-23.5804610433,NA,NA,NA,NA,1,1,1,2,NA,NA,NA
"Q9H9Q2",-22.5188515533,-21.0668723306,-22.9864615585,NA,NA,-22.6599143063,2,4,2,4,NA,2,NA,NA,NA
"Q9H9T3",-24.1072468531,NA,-24.2654308016,-24.05778689,NA,NA,6,7,6,6,5,5,NA,NA,NA
"Q9H9Y6",-24.1549044279,-25.4153692978,-23.2127247789,-23.0245029714,-24.2247191895,-23.7788309914,5,6,10,8,5,4,0.294153248993675,0.655804480651731,-0.584981784100002
"Q9HA64",NA,-23.3547772756,-22.0511713698,-23.2667124283,-22.6563964026,NA,3,3,3,1,2,1,0.618462478435883,0.85880933226066,0.258580092749998
"Q9HAF1",NA,NA,NA,NA,-22.2878480262,NA,1,NA,NA,1,2,1,NA,NA,NA
"Q9HAN9",-23.7062348496,-22.5402584716,-22.7893497884,NA,-22.311369025,-22.6022971368,3,3,4,2,3,3,0.217154830362277,0.549593495934959,-0.5551146223
"Q9HAU5",-23.4780543572,-24.3029707443,-26.0328426334,-23.9616074068,-23.8301908567,-23.8611215023,5,5,5,4,6,6,0.215596463484761,0.549423393739704,-0.720315989700001
"Q9HAV4",-20.3945359986,-21.334556303,-20.8972645487,-21.0189723288,-20.6138924618,-20.8573377438,30,20,27,24,36,31,0.87539735480161,0.940738442444927,-0.0453847719666669
"Q9HAV7",-20.7462624529,-22.1379395836,-20.6780804445,-19.9478761966,-20.6719470935,-20.8154823511,7,6,8,8,4,6,0.153992380678551,0.473684210526316,-0.708992279933337
"Q9HAW4",NA,NA,NA,NA,NA,-25.2693650586,1,NA,NA,1,1,1,NA,NA,NA
"Q9HB71",-17.7229641771,-17.6958233614,-17.9946735199,-17.6571327919,-17.7224678004,-17.498858308,32,33,35,30,33,38,0.505856958021852,0.801583605030275,-0.178334052699999
"Q9HB90",NA,NA,-23.9116789677,NA,NA,-23.0074129195,1,1,2,2,2,2,NA,NA,NA
"Q9HBI1",-23.4075084274,-22.9349669054,-23.0439762882,-24.2287211111,-23.1533539523,-22.7113016585,4,2,4,3,2,3,0.57393717653824,0.83651804670913,0.2356417003
"Q9HBM1",-21.5792485206,-20.2634531593,-19.9406276615,-20.9641401557,-21.0614195595,-20.5593698695,2,6,6,4,3,4,0.547396923519264,0.82487869430966,0.2672000811
"Q9HBU6",NA,NA,NA,-23.4256106472,NA,NA,1,NA,NA,3,NA,NA,NA,NA,NA
"Q9HC07",NA,-21.5943676738,-21.2281934323,-21.5039571209,-21.3410981006,-21.3578611062,3,3,4,6,5,4,0.950246405980449,0.966783216783217,-0.0103084438166654
"Q9HC35",NA,-24.7905146673,-24.4427275595,NA,-25.8745422855,NA,3,4,6,2,3,6,NA,NA,NA
"Q9HC38",-21.8349067288,-20.9352450402,-21.1627657806,-21.7138605955,-21.088535542,-22.0403910626,8,12,11,9,11,8,0.438624496837263,0.761609907120743,0.3032898835
"Q9HCC0",-23.1813455251,-22.1559828858,-22.8878147162,-22.554297573,-21.8484857742,-21.8578087267,5,6,5,6,8,6,0.127939764232317,0.445080091533181,-0.654850351066667
"Q9HCD5",-24.2320854373,-23.5721590245,-22.525758998,-22.6976559391,-22.8457049539,-21.6170271196,7,5,7,8,9,8,0.0663826912018401,0.32088285229202,-1.0565384824
"Q9HCE1",-22.2328188474,-22.0446551018,-21.7925430478,-21.1635755095,-21.7450563644,-21.5550946221,14,19,18,24,19,24,0.124137147786084,0.439585730724971,-0.535430167000001
"Q9HCG8",-22.6015407837,-23.6650102852,-24.3496501625,-23.5200559866,-22.7699149245,-23.0307754116,8,8,11,7,4,9,0.360813686026452,0.711309523809524,-0.431818302900002
"Q9HCN4",NA,NA,-23.1090610116,-23.4698093893,NA,NA,NA,NA,1,2,1,NA,NA,NA,NA
"Q9HCN8",-20.4314743411,-19.9055779294,-20.3151126458,-19.7499336187,-19.9222157481,-19.9416665058,4,8,4,7,5,5,0.258431857389304,0.617067833698031,-0.346116347899997
"Q9HCS7",-23.8290303814,-23.8821404435,-23.407329135,-22.2135307117,-22.3706387962,-22.1598926618,7,7,9,13,9,10,0.0032924094307073,0.0454545454545455,-1.45814593006666
"Q9HD15",-22.3079454651,NA,NA,NA,NA,-22.7561088622,3,3,2,3,2,3,NA,NA,NA
"Q9HD26",-23.0158928054,-22.7812271989,-23.455170035,-22.3860355521,-21.9538159538,-23.0893296974,2,3,1,3,3,1,0.150017682576193,0.473684210526316,-0.607702945333333
"Q9HD33",-21.7231446331,-21.9432469465,-21.7102242087,-21.6469887673,-21.3118946782,-22.4512521909,4,5,6,6,6,6,0.954618315123634,0.966783216783217,0.0111732826999997
"Q9HD42",NA,NA,NA,-22.8588706745,NA,NA,3,1,2,3,3,2,NA,NA,NA
"Q9HD45",-23.4722507697,NA,NA,NA,NA,NA,4,1,1,NA,2,3,NA,NA,NA
"Q9NNW5",-24.0148234783,-23.548957149,-23.6813458182,-23.0352475875,-24.3316158341,-23.1163541992,5,3,3,5,5,6,0.534857820586544,0.81781557743957,-0.253969608233334
"Q9NNW7",-23.3297854171,-22.0532400994,-22.9238165839,-22.6942234887,-23.7402668308,-22.3812576808,2,4,4,4,2,5,0.697486917768833,0.878457059679767,0.169635299966668
"Q9NP58",NA,NA,-24.3218015035,NA,NA,-23.6127235891,NA,NA,1,3,NA,2,NA,NA,NA
"Q9NP61",NA,NA,NA,NA,NA,-24.4384675188,1,1,2,2,3,2,NA,NA,NA
"Q9NP66",NA,-22.5793667132,NA,NA,-21.6729925079,-21.9799573054,NA,2,2,1,3,2,NA,NA,NA
"Q9NP73",-24.8004143863,NA,NA,NA,NA,NA,1,NA,NA,1,NA,NA,NA,NA,NA
"Q9NP77",-20.154124002,-20.6741204862,-20.6539402915,-21.05112185,-20.3655375181,-20.6570879613,5,4,4,5,4,4,0.550120040253019,0.826730518067044,0.197187516566668
"Q9NP79",-21.129988612,-20.5748355885,-20.566619201,-20.9820414768,-20.9731994507,-21.2319852704,7,6,7,4,3,4,0.33561170212766,0.690431519699812,0.305260932133333
"Q9NP81",-21.801063623,-23.8261486212,-21.1745157683,-21.4877534193,-21.6517058724,-21.2282557898,5,3,7,5,7,9,0.18671578493387,0.517953321364452,-0.811337643666668
"Q9NP92",NA,-21.6837087424,NA,-22.3971360715,-23.479169093,-23.2405548062,NA,4,NA,3,3,3,NA,NA,NA
"Q9NP97",-20.7818985442,NA,-21.4108721076,-20.6643886886,-20.7670562113,-20.3127450607,2,NA,2,1,2,4,0.169050747556067,0.498564593301435,-0.51498867236667
"Q9NPA8",-19.7895833054,NA,-19.9843732689,-19.6996067076,-19.7327239643,-19.9611603129,3,3,4,6,3,4,0.728896492236918,0.89498042007832,-0.0891479588833342
"Q9NPD3",-20.9211233103,-20.4956922165,-20.2618897078,-21.3660962758,-20.3511588059,-20.8645203479,6,5,8,5,8,5,0.424383841288097,0.75462718138551,0.301023398333331
"Q9NPD8",-20.6993794254,NA,-22.4296016275,-21.1782409471,NA,NA,5,3,2,5,3,3,NA,NA,NA
"Q9NPE3",-20.2729644999,-20.4170199616,-19.7829353885,-19.4940965354,-20.4958467151,-19.2905021183,1,1,2,2,2,3,0.3361089706728,0.692067457838851,-0.397491493733334
"Q9NPF4",-23.4217102681,-23.0194698631,-23.630176587,-22.8734009826,-22.1562036193,-22.5636230143,3,1,2,5,4,6,0.0450681426106958,0.257019438444924,-0.826043034000001
"Q9NPF5",NA,NA,-23.8425704365,NA,-24.1555040626,-24.0288659743,NA,1,1,NA,3,2,NA,NA,NA
"Q9NPH2",-20.8110816277,-20.9272917186,-21.1884406819,-20.9237597612,-20.8202454172,-21.782284881,11,9,16,11,11,9,0.573851351351351,0.83651804670913,0.199825343733334
"Q9NPI1",-24.5518104432,NA,-24.6211899844,-24.6863339659,NA,-23.7860234807,2,1,1,1,1,1,0.407061673375503,0.748087431693989,-0.350321490500001
"Q9NPI6",NA,NA,NA,NA,NA,-24.9417785499,1,NA,1,NA,1,2,NA,NA,NA
"Q9NPJ3",-19.9839372556,-21.6754557652,-20.781523169,-20.5008412444,-20.5282069681,-20.2799902272,5,3,2,4,4,5,0.394124496837263,0.738789237668161,-0.377292583366668
"Q9NPJ6",-21.8238446647,-22.3432307378,-22.4429066927,-21.6121849884,-22.4957239494,-23.0077312239,2,2,1,2,2,3,0.670739936745256,0.869532428355958,0.168552688833334
"Q9NPL8",NA,NA,NA,-22.0046252823,NA,NA,NA,NA,1,2,1,2,NA,NA,NA
"Q9NPQ8",-22.3111206201,-22.3748910293,-22.7988440816,-22.4082028035,-21.8593526314,-22.5060796428,8,11,13,8,13,11,0.472450977573318,0.782352941176471,-0.237073551099996
"Q9NQ29",-23.205353345,-22.0844088807,-22.6620329414,-22.0288871534,-21.186165334,-22.9879513253,4,5,4,6,4,5,0.251508913168488,0.60119940029985,-0.58293045146667
"Q9NQ50",-21.8448601149,NA,-22.0877494876,-22.0322137905,NA,NA,3,4,3,3,2,4,NA,NA,NA
"Q9NQ55",NA,NA,NA,-23.5001655646,NA,-23.6914190732,NA,1,2,2,4,3,NA,NA,NA
"Q9NQC3",-22.3990999545,-21.8160311754,-21.8193240082,-21.7704151771,-21.779016435,-21.584769689,9,10,9,11,11,11,0.343108826912018,0.700183936235438,-0.300084612333333
"Q9NQE9",NA,NA,-22.9665427467,-22.8146034386,-22.5410169743,NA,NA,1,2,2,1,NA,NA,NA,NA
"Q9NQG5",-20.2340891069,-23.4270782412,-20.3768017688,-20.8072474198,-20.6487507895,-20.5253234952,10,5,11,11,13,11,0.324169206440483,0.684782608695652,-0.685549137466666
"Q9NQP4",-20.7226083786,-21.7095806948,NA,-20.4692302978,-21.4038094751,-21.6930974408,5,2,1,2,2,2,0.934600201265095,0.962841854934602,-0.027382132133333
"Q9NQR4",-21.3736014362,-22.015432662,-21.0757099827,-22.7839363856,-21.2024375036,-20.7846435898,7,5,5,3,7,7,0.823324468085106,0.928827946457721,0.1020911327
"Q9NQS7",NA,-23.40318091,-24.5568927657,-24.1899802888,-23.18606862,-23.4106926985,1,4,2,3,7,5,0.422796290971823,0.75462718138551,-0.384456302083333
"Q9NQT4",-20.7757566078,-21.6515615497,-21.8954499549,-20.2592203714,-19.8867907467,-21.8083770074,6,7,5,7,7,4,0.158471247843588,0.482517482517482,-0.789459995633329
"Q9NQT5",-20.477462291,-20.4286746611,-20.5811424123,-20.7904932346,-20.2323498556,-21.1741414483,9,9,6,5,9,3,0.485484330074756,0.790206433029285,0.236568391366664
"Q9NQW7",-23.509789778,-24.0135638771,-23.4021929779,-22.4847097583,-22.4969845713,-22.7020270324,7,7,5,9,6,9,0.0130402530189764,0.125628140703518,-1.08060842366667
"Q9NQX3",-24.6452306173,NA,NA,-24.8830275049,NA,NA,4,2,1,5,2,NA,NA,NA,NA
"Q9NQZ2",-22.1250165997,-22.3780282592,-21.7666347109,-23.5341953296,-22.7530946935,-22.2422608209,3,5,5,2,3,5,0.0965406843013226,0.390896921017403,0.753290424733333
"Q9NQZ5",NA,NA,-23.7247597075,NA,NA,NA,1,1,1,2,1,2,NA,NA,NA
"Q9NR09",-27.1794569876,-27.3145953688,-26.089596148,NA,-27.0655810135,-26.0695104502,2,7,7,9,3,7,0.546871765382404,0.82487869430966,-0.293670436283332
"Q9NR12",-21.7719317488,-22.6245517543,-23.2518134433,-21.0451854951,-21.3900102412,-21.2581331595,9,8,11,8,12,15,0.0179054054054054,0.14828897338403,-1.31832268353334
"Q9NR19",-24.0633777288,-23.487825466,-24.4669771922,-23.1704536489,-23.4331985549,-23.6360031577,6,5,4,5,5,5,0.132730736055204,0.450719822812846,-0.592841675166667
"Q9NR28",-21.4715310132,-22.4195446626,-22.769216403,-22.2973386209,-21.480846811,-21.1324475147,3,6,6,7,6,6,0.217095600920069,0.549593495934959,-0.583219710733335
"Q9NR30",-19.6817317642,-19.5494539132,-19.4444951732,-19.4791926096,-19.0669084893,-19.2805832776,51,55,59,60,71,66,0.323999856239218,0.684580934101088,-0.282998824699998
"Q9NR31",-22.3051168692,-22.0414508685,-22.6332906044,-19.9937893174,-21.9281062274,-20.0888206534,5,6,4,5,3,5,0.0164120184013801,0.144,-1.65638071463333
"Q9NR45",-19.9061221853,-20.0428986181,-19.5517664892,-19.237942592,-20.1149287776,-19.6756775971,13,15,16,15,13,14,0.639007331799885,0.863582908663269,-0.157412775299999
"Q9NR46",-21.9372411801,-21.7907404746,-21.8903606191,-21.7722273455,-21.2911203173,-20.6938585679,5,4,10,6,8,10,0.119375790684301,0.43211334120425,-0.620378681033333
"Q9NR50",-20.7902402462,-20.2116734476,-20.3572090674,-20.5861886758,-20.4509651808,-20.4589835614,10,10,16,15,13,15,0.858450977573318,0.940738442444927,0.0456715522666684
"Q9NR56",-22.3451330936,-21.9082922202,-21.8092137486,-21.6588157284,-22.0941730334,-21.7013739168,3,6,7,7,5,7,0.513752875215641,0.80950184501845,-0.202758794600001
"Q9NRD1",-23.2234575065,NA,NA,NA,NA,NA,4,1,NA,1,1,NA,NA,NA,NA
"Q9NRF8",NA,-24.2091950347,-23.3040514858,-24.2953037911,-23.9413655554,-23.0643683249,3,8,8,7,5,6,0.961323030477286,0.968595521954056,0.0103892968833357
"Q9NRG9",-22.5278049463,-23.7917736972,-22.474834246,-23.2670893961,NA,-24.6583700408,3,6,4,6,2,5,0.0979075618171363,0.391711229946524,1.03125875528333
"Q9NRK6",-25.1564663284,NA,-23.035908322,-24.8965780693,NA,NA,3,NA,5,1,3,3,NA,NA,NA
"Q9NRL3",NA,NA,-24.4057867661,NA,NA,-24.483808388,NA,1,1,1,NA,1,NA,NA,NA
"Q9NRN7",-20.7759609683,-20.3989093753,-21.7976344457,-21.6467854398,-21.2942345261,-22.394885484,12,11,11,12,8,12,0.117435595169638,0.42874251497006,0.787800220199998
"Q9NRN9",-22.7896653095,NA,NA,NA,NA,NA,3,NA,2,1,3,3,NA,NA,NA
"Q9NRP0",NA,-22.1454721775,-21.4592473434,-22.1100447486,NA,NA,1,1,2,1,1,1,NA,NA,NA
"Q9NRR5",-22.1280623074,-24.1115620063,-23.5214171661,-21.6793229376,-21.6497415956,-22.9164554687,4,4,3,6,6,4,0.062017251293847,0.303030303030303,-1.17184049263334
"Q9NRW3",-20.6757567365,-21.9662853812,-22.160457099,-20.7171969138,-20.685822024,-21.591583499,4,5,6,6,8,8,0.216864002300173,0.549593495934959,-0.602632259966665
"Q9NRW7",-24.0393730416,-23.7199629585,-24.0019442131,-22.364998686,-24.0071901076,-22.7853509662,3,2,3,3,2,5,0.0831978148361127,0.361319340329835,-0.867913484466666
"Q9NRX1",-19.540432233,-20.3633023084,-20.1672266525,-19.7272010362,-19.7504696921,-20.5213904244,9,8,10,9,10,14,0.92907820586544,0.962089552238806,-0.0239666804000009
"Q9NRX2",-22.7371772027,NA,NA,NA,NA,NA,2,3,1,2,1,1,NA,NA,NA
"Q9NRX4",-21.9236621757,-21.6920313266,-20.6946750719,NA,-21.1639933748,-21.4302411486,1,3,2,2,2,2,0.732069292696952,0.897654584221748,-0.139672263033329
"Q9NRY4",NA,NA,NA,NA,-25.461432297,NA,NA,1,2,1,2,5,NA,NA,NA
"Q9NRY5",-21.3099617496,-21.5010894923,-21.4388439294,-20.918023372,-20.9977074455,-20.9598607519,10,7,13,13,11,14,0.0983865727429557,0.392572944297082,-0.458101200633333
"Q9NS69",-20.008265825,-19.8677762284,-19.6057701249,-19.8162983095,-19.8002755442,-20.0344218707,5,7,6,7,7,6,0.821595600920069,0.928781443972558,0.0563945153666658
"Q9NS86",-23.7975494553,-23.7313298414,-24.3305153636,-22.3453336725,-23.2574187212,-22.7026131283,4,4,4,4,4,4,0.016585681426107,0.144,-1.18467637943333
"Q9NS91",-23.8214718286,-23.8137554854,-23.0015771459,NA,-23.6900731576,-23.0228343023,2,5,8,3,6,5,0.631270557791834,0.863582908663269,-0.189147756683333
"Q9NSD9",-21.0396054085,-20.5808246822,-20.6386663389,-20.5633349985,-20.9680750675,-20.7082937705,24,29,32,28,29,37,0.961706152961472,0.968595521954056,-0.00646419769999795
"Q9NSE4",-22.0906950932,-21.8662531523,-22.0450806617,-22.0024724021,-21.5262695748,-22.0459900875,17,16,16,18,15,16,0.622182144910868,0.86115569823435,-0.142432280933331
"Q9NSI2",-20.2994458028,-22.5882645743,-20.2829704106,-21.5028532722,-20.6877148812,-21.0029942583,5,2,6,5,6,5,0.96791058079356,0.971643518518518,0.00762720799999883
"Q9NSI8",-20.6355946671,-20.5850302293,-20.4076786492,-20.8051303149,-19.9157596162,-20.7447948734,11,13,13,9,13,10,0.856670500287522,0.940506329113924,-0.0542062470333349
"Q9NSY1",-22.9601409868,-23.0656450356,-23.2789850961,-23.0092954098,-23.5682437443,-22.7123163161,6,6,5,6,5,9,0.96683381253594,0.971643518518518,-0.00497188276666449
"Q9NT62",-22.1622460531,-20.4910733068,-21.0657660623,-21.1209191324,-21.3085684088,-20.6821273929,6,9,7,6,7,8,0.640124640598045,0.864241001564945,-0.202490162699998
"Q9NTI5",NA,NA,NA,-25.4908022373,NA,-25.6820307143,3,3,1,3,1,3,NA,NA,NA
"Q9NTJ3",-22.2678067795,-22.1094124581,-21.8277975358,-21.4935275251,-21.6747423662,-21.3327710778,20,23,32,27,27,32,0.0858985048878666,0.365638766519824,-0.567991934766667
"Q9NTK5",-19.7642957618,-20.1991328869,-19.0935238416,-19.691906979,-19.6657938347,-19.7184665239,27,29,34,25,31,34,0.964602070155262,0.969811320754717,0.006404949100002
"Q9NTM9",NA,NA,NA,-22.7588423953,-22.681789003,NA,1,NA,NA,1,2,NA,NA,NA,NA
"Q9NTX5",NA,NA,-23.2717958498,-23.2045432431,NA,NA,NA,1,3,3,NA,1,NA,NA,NA
"Q9NTZ6",-21.097466432,-22.0758299487,-22.0969446526,-21.8192083435,-21.7469743739,-21.7000419546,16,19,20,16,23,20,0.97558941920644,0.973517559009787,-0.00133878709999991
"Q9NU22",-23.1896127477,-24.3695517755,-23.5632279004,-23.451436005,-23.7819655381,-23.4222118995,38,29,37,44,35,42,0.667529614721104,0.86885865457294,-0.155592993666666
"Q9NUD5",-22.9228474949,-23.5517717246,-23.1649588665,-24.132616241,-23.4505968908,-23.9667145682,2,2,6,3,3,3,0.0969394767107533,0.390896921017403,0.636783204666667
"Q9NUJ1",-21.8791069872,-22.8811818976,NA,-23.4923293234,-23.2981296207,-22.2191778766,3,3,1,2,4,3,0.232599482461185,0.56953125,0.623067831166665
"Q9NUL3",NA,NA,-22.431515039,-24.5459887766,-23.7846552023,-23.8145740749,4,3,5,6,4,3,NA,NA,NA
"Q9NUM4",NA,NA,-23.5836184658,NA,NA,NA,NA,NA,2,NA,1,1,NA,NA,NA
"Q9NUP1",NA,NA,NA,NA,-22.7377455025,NA,NA,NA,NA,NA,2,NA,NA,NA,NA
"Q9NUP9",-22.5057409829,-22.5275032779,NA,NA,NA,NA,2,2,1,1,NA,2,NA,NA,NA
"Q9NUQ3",-21.3311841456,-22.5680042971,-22.0557789835,-23.1330275313,-22.0924780036,-22.1422826162,8,3,6,4,4,10,0.296166618746406,0.657627118644068,0.470940241633333
"Q9NUQ6",-25.3139058039,NA,-24.9622390539,-24.5860836312,NA,-24.2965183262,3,1,2,4,2,2,0.0624301322599195,0.306878306878307,-0.6967714502
"Q9NUQ7",NA,NA,-24.3061556058,NA,NA,NA,2,NA,2,NA,NA,NA,NA,NA,NA
"Q9NUQ8",-22.5866684849,-22.7413044522,-22.2469209053,-22.5881468563,-21.421883876,-22.1369749944,7,5,6,9,8,8,0.233995687176538,0.569767441860465,-0.475962705233336
"Q9NUQ9",-20.8862288364,-19.9693877234,-20.3618667613,-19.9054911388,-19.4981760107,-19.3951036203,10,13,12,14,13,16,0.0553803910293272,0.283302063789869,-0.806237517100001
"Q9NUU7",-22.6350908036,-22.6333828055,-22.7078377781,-21.6486846849,-23.0100272033,-22.2562207126,18,20,19,19,16,15,0.375388872915469,0.721613832853026,-0.353792928799997
"Q9NUY8",-24.1891585694,-24.2955373417,NA,NA,NA,-23.4295450104,1,3,1,3,5,5,NA,NA,NA
"Q9NV06",-22.379232704,-22.5473415121,-24.0639141203,-23.538061912,NA,-23.9840223323,5,3,3,4,3,2,0.179526308223117,0.513339466421343,0.764212676683336
"Q9NV31",-20.4913461759,-20.2309466914,-21.1977752109,-20.0453226452,-20.2413131777,-22.0054923737,3,4,4,6,5,3,0.793079930994825,0.916358750419886,0.124020039466668
"Q9NV35",-22.3490715487,NA,NA,NA,NA,NA,2,NA,NA,1,NA,NA,NA,NA,NA
"Q9NV56",-22.5795587543,-22.6291715891,-21.9720393306,-21.6030331462,-21.4569052065,NA,2,2,2,2,2,2,0.0395411155836688,0.235849056603774,-0.863620714983334
"Q9NV70",NA,-25.1985394256,NA,NA,NA,NA,NA,1,1,2,3,2,NA,NA,NA
"Q9NV88",-24.5406630489,NA,-24.2795201496,-23.2189542076,-22.9914777829,-23.899328539,7,4,3,5,4,4,0.0303516388729155,0.198347107438017,-1.04017142275
"Q9NV96",NA,-23.5679498056,-23.7306844124,NA,-23.3026928385,NA,2,2,2,2,2,1,NA,NA,NA
"Q9NVA1",NA,NA,-23.5966469046,-23.4097511879,NA,-23.5907926366,1,1,2,1,1,1,NA,NA,NA
"Q9NVA2",-20.893231959,-20.2508792754,-20.5374597426,-21.5301291539,-20.7529260199,-20.6159620846,20,20,19,13,18,21,0.287669493962047,0.647382920110193,0.40581542713333
"Q9NVC6",NA,NA,NA,NA,NA,-24.4281506754,NA,1,1,NA,1,1,NA,NA,NA
"Q9NVE7",-24.0384125083,-24.375175138,-24.6910853378,-22.514472253,-23.2746707291,-22.55106952,5,4,7,7,8,8,0.00517452558941921,0.0642201834862385,-1.588153494
"Q9NVG8",-24.0721955481,-23.6716560205,NA,-24.0379271584,NA,NA,2,3,1,3,NA,NA,NA,NA,NA
"Q9NVH1",-22.3494503629,-22.4018030725,-23.3396683604,-21.5404112012,-21.7335076861,-22.3434187345,7,5,9,10,8,8,0.0710562104657849,0.332786885245902,-0.824528058000002
"Q9NVH2",-23.6155434835,NA,NA,-24.8885282155,NA,NA,3,1,2,1,1,3,NA,NA,NA
"Q9NVI1",-22.7344602935,-25.1534193081,-23.3771128541,-22.7501115841,-23.2767103013,-22.10237583,12,11,18,16,17,20,0.102760063254744,0.406779661016949,-1.04526491343333
"Q9NVI7",-21.6463610265,-21.3856198489,-21.8270783692,-21.9607646344,-22.1479873235,-21.9196795013,23,23,20,16,22,22,0.195761357101783,0.529155787641427,0.389790738199999
"Q9NVM4",NA,NA,NA,-24.4311806599,NA,NA,NA,2,NA,2,1,NA,NA,NA,NA
"Q9NVM6",-21.9909690724,-23.0575734435,-21.9361529935,-23.1971189824,-21.6793613369,-21.3991988368,5,1,5,4,5,6,0.63261313973548,0.863582908663269,-0.236338784433332
"Q9NVM9",NA,-23.3204574548,-22.9433875126,-22.7785625663,-22.997638384,-22.8607853089,5,7,7,8,6,7,0.391210465784934,0.736664795058956,-0.25292706396667
"Q9NVN8",-23.0644805597,-24.0252214093,-24.4030870818,-23.0315366468,NA,-24.3933826109,3,2,4,4,2,5,0.806234473835538,0.921698739216987,-0.118470054750002
"Q9NVP1",-20.8595304149,-20.3974302475,-20.2478316336,-20.1737914988,-20.5135468075,-20.3839233138,20,25,25,26,22,24,0.630690770557792,0.863582908663269,-0.144510225299999
"Q9NVP2",NA,NA,-22.5619063728,NA,NA,-22.3248460799,1,NA,1,1,1,1,NA,NA,NA
"Q9NVR2",NA,NA,-24.8656900067,NA,-24.5602875404,-24.7098962083,NA,NA,1,NA,2,1,NA,NA,NA
"Q9NVS2",NA,-23.0588524378,-21.9383718223,NA,NA,-22.1572816185,4,5,4,5,4,5,NA,NA,NA
"Q9NVS9",-22.4166706391,-22.7598493353,-20.7964830549,NA,-21.6206938814,-21.1751724632,4,4,6,1,4,4,0.312786227717079,0.672067401166559,-0.593067837466666
"Q9NVT9",-20.9129642207,-23.212448938,-21.3667823743,-23.4603636087,-20.5520543927,-21.6692556986,6,4,4,4,6,5,0.907575905692927,0.955967203158214,0.0631593889999991
"Q9NVU0",NA,-24.8148883635,-24.8587894077,-23.537137856,-24.5721022081,-23.8736077484,5,4,4,6,6,4,0.0649752731454859,0.313356164383562,-0.842556281433335
"Q9NVU7",NA,NA,NA,-24.1328532317,-24.64694467,-24.3116846688,1,6,2,1,4,5,NA,NA,NA
"Q9NVV4",-23.643144389,-23.8634319796,NA,-23.427245668,-23.564870076,-24.1446635601,1,1,3,2,2,3,0.884975991949396,0.944034440344403,-0.0410284162666663
"Q9NVX2",-20.8372580976,-21.5579909956,-20.98548516,-21.3256218235,-21.0081184439,-21.1794508978,10,5,7,6,8,10,0.870976854514089,0.940738442444927,0.0441523040000007
"Q9NVZ3",-20.3398048499,-20.308146392,-20.7308591863,-19.9693514264,-21.0854506056,-20.6027705715,5,5,6,6,6,5,0.784537952846463,0.915087956698241,0.0929207251000008
"Q9NW13",-22.2795544468,-22.4951364825,-23.2797426105,-21.6797489586,NA,-24.9447666093,11,10,11,12,11,10,0.42561874640598,0.756871035940803,0.627446604016669
"Q9NW64",-21.8051006326,-22.6193268012,-22.4117267423,-21.8991305705,-23.0435641477,-22.5337989263,4,4,5,7,6,3,0.586310379528465,0.843030556718292,0.213446489466666
"Q9NW68",NA,NA,NA,NA,NA,-22.9450818129,NA,1,1,NA,1,3,NA,NA,NA
"Q9NW82",-24.3415501735,-24.3520726449,NA,-24.7479623892,NA,NA,4,8,4,3,5,2,NA,NA,NA
"Q9NWA0",NA,NA,NA,-21.5873235307,NA,NA,NA,NA,1,1,1,NA,NA,NA,NA
"Q9NWH9",-22.7857721522,-22.827389764,-23.0821161809,-22.9736221673,-24.3855685645,-21.8112204317,7,8,8,5,9,12,0.75594695227142,0.90426638917794,0.158377688799998
"Q9NWS0",-22.1038731552,-22.7165450927,NA,-23.006541058,-22.747525055,-22.765813314,3,3,1,2,2,2,0.217746837262795,0.549593495934959,0.429750685050003
"Q9NWT1",-22.9989333099,NA,NA,NA,NA,NA,4,NA,2,3,1,5,NA,NA,NA
"Q9NWU1",NA,NA,-22.0510252233,-22.3797146794,-22.3168698349,-21.5372204696,NA,NA,4,3,2,5,NA,NA,NA
"Q9NWU2",-21.4164541769,-20.9849372985,-21.3679683547,-20.7985261836,-21.2076085535,-20.8525580628,3,3,4,3,3,4,0.326787377803335,0.688295165394402,-0.303555676733335
"Q9NWU5",-22.8145669081,-23.5038160187,NA,-22.7876296734,NA,-22.5897354407,1,3,NA,3,1,2,0.233726854514089,0.569649805447471,-0.470508906349998
"Q9NWV4",-20.5051343811,-19.7258266044,-19.3169781818,-20.4792278403,-19.2633129104,-19.7592717139,4,6,7,7,7,4,0.950847613571018,0.966783216783217,-0.015375567566668
"Q9NWV8",-22.4936313659,-22.3400449229,-22.6717948338,-21.0925563574,-21.8326502314,-22.6074177436,3,3,3,4,5,1,0.146759631972398,0.467436974789916,-0.657615596733333
"Q9NWX6",NA,-23.0446937409,-23.3879487087,-22.8117905713,-23.2162716065,NA,1,2,2,1,2,NA,0.542616877515814,0.821539830885625,-0.2022901359
"Q9NWY4",-22.3410249526,-22.1322683578,-21.4708407974,-23.3069710211,-23.2193476374,-22.2696820186,4,5,4,5,5,5,0.0504849051178838,0.266129032258065,0.950622189766666
"Q9NWZ8",NA,NA,NA,-23.2370693532,NA,NA,1,2,NA,1,NA,1,NA,NA,NA
"Q9NX02",-23.7304473591,-25.3071427398,-25.5117093883,-23.0261857383,-23.5389038092,-25.3497183173,5,4,4,9,4,6,0.182628378378378,0.516453382084095,-0.878163874133335
"Q9NX08",NA,-22.1262281122,-22.1965230008,-21.7012685639,NA,-22.4577555003,1,1,1,3,2,1,0.813335825186889,0.925767073573078,-0.0818635243999992
"Q9NX14",-20.6648679729,-20.4898271533,-20.4953457728,-21.5668563605,-20.9987603543,-21.1524405867,3,3,3,2,3,3,0.0527221104082806,0.273422562141491,0.689338800833333
"Q9NX20",-21.6875938067,NA,-21.9214386819,-21.9435704249,-22.2620345258,-21.7815384521,3,2,3,2,3,3,0.530566848763657,0.81781557743957,0.191198223299999
"Q9NX24",-19.567215656,-19.4497463538,-19.7510148999,-19.9168343432,-19.2713043254,-18.9577915391,7,8,8,6,9,11,0.547850201265095,0.82487869430966,-0.207348900666666
"Q9NX40",-20.9893785343,-21.665971027,-20.7862442304,-21.7787870804,-20.2806093526,-20.8716319879,8,7,11,7,8,8,0.685387722829212,0.875744047619048,-0.170188456933332
"Q9NX46",-21.7025686638,NA,-23.3087629193,-22.1719919058,-22.9201532861,-22.5737036295,4,1,2,4,2,3,0.901394192064405,0.952468007312614,0.0496171489166635
"Q9NX47",-23.5962045324,NA,-24.0570158943,NA,NA,-23.9016586606,2,1,2,NA,2,2,NA,NA,NA
"Q9NX55",-19.8784343403,-19.5411505884,-20.0613492592,-19.8294423927,-19.7374349851,-19.8136086024,3,5,3,5,6,8,0.885898217366302,0.944034440344403,-0.0334827359000016
"Q9NX58",-20.4000173957,-20.5389716527,-20.06289535,-20.4714039714,-20.1275711469,-19.8312833892,10,10,11,9,11,12,0.548500575043128,0.825473776994271,-0.190541963633336
"Q9NX63",-20.8860950448,-22.7483014322,-20.3549054653,-22.1542512786,-20.313553227,-20.0771923559,6,6,10,4,9,9,0.458550172512938,0.771457085828343,-0.481435026933333
"Q9NXF1",-23.7370433396,-24.745312336,-25.2324428341,NA,-22.7440993955,-23.2732605185,4,6,4,5,5,5,0.0172372052903968,0.144,-1.56291954623333
"Q9NXF7",-22.3554038704,-21.4017380745,NA,-21.7348054537,-22.3679579383,-22.669890521,1,2,1,2,2,2,0.395830362277171,0.740637227501397,0.378980331883334
"Q9NXG2",-22.1957517327,-22.8294582411,-21.5605070613,-21.4276055447,-22.0131467583,-22.3686863805,6,6,7,6,6,4,0.534021420356527,0.81781557743957,-0.258759450533333
"Q9NXH9",-22.4323305614,-20.8774287706,-21.734874368,-21.6685380616,-21.3598872541,-21.4873087889,9,12,8,11,11,10,0.660992524439333,0.868089973313,-0.176299865133334
"Q9NXJ5",NA,NA,-22.4108718799,NA,NA,NA,NA,1,1,1,1,NA,NA,NA,NA
"Q9NXR1",NA,NA,NA,NA,NA,-23.1936078908,2,NA,3,NA,2,4,NA,NA,NA
"Q9NXR7",NA,NA,NA,NA,-23.0006109702,NA,NA,1,1,1,2,1,NA,NA,NA
"Q9NXU5",-22.9606897634,-23.1154796873,NA,NA,-22.8336261903,-22.579586385,1,1,1,1,2,3,0.2626955146636,0.617067833698031,-0.331478437700003
"Q9NXV2",-22.6081389845,NA,NA,-23.1512745776,NA,-22.6703253197,2,1,NA,3,1,1,NA,NA,NA
"Q9NXV6",-23.7525743548,-23.1424454918,-22.0352744254,-22.2242368396,-22.6919262343,-22.5129506619,5,4,7,10,6,6,0.281258194364577,0.639747191011236,-0.500393512066669
"Q9NXX6",NA,NA,NA,-22.3113198246,NA,-23.1218197332,2,1,NA,4,1,4,NA,NA,NA
"Q9NY12",-19.4566076252,-21.6893386583,-20.5492983134,-20.6162322553,-20.214322902,-20.8435863542,9,6,6,8,8,8,0.967702990224267,0.971643518518518,-0.00703436179999883
"Q9NY27",-21.1922594046,-21.4836156176,-22.1994884204,-22.4166671093,-22.4916411837,-23.5256451525,4,3,7,4,5,3,0.0282653824036803,0.190058479532164,1.18619666763333
"Q9NY33",-21.4238511906,-22.0000250631,-20.5148773955,-20.3762657937,-21.1603463707,-20.7768689948,11,10,22,15,10,18,0.23349928119609,0.569649805447471,-0.541757496666666
"Q9NY61",-20.9999763582,-22.5190892946,-22.016616124,-21.7130892881,-21.0885875009,-22.4866380525,10,8,6,10,9,8,0.844456152961472,0.940127388535032,-0.0824556451000014
"Q9NY93",-22.684133748,-22.4407911946,-22.6689136324,-21.9828622325,-22.8674700714,-21.942778655,6,9,11,12,11,10,0.359514088556642,0.711297071129707,-0.333575872033332
"Q9NYB0",-23.5584189897,-21.8458782067,-21.954434291,-22.1189570328,-21.7229599019,-21.3425148818,4,7,8,5,5,9,0.162863714778608,0.49169110459433,-0.724766556966667
"Q9NYF8",-22.1375957857,-21.4094934483,-21.6025860155,-21.3215814936,-21.3247650748,-21.4036483297,15,15,15,17,17,22,0.264087119033928,0.617067833698031,-0.366560117133332
"Q9NYH9",-22.3272638024,-22.5555647127,-22.8249319783,-22.8062078656,-22.2812852774,-22.4655364126,8,8,7,10,9,6,0.848595169637723,0.940127388535032,-0.0515769792666703
"Q9NYJ1",-19.8898358089,-19.9952740212,-20.2311643621,-21.1688431554,-19.7973325937,-19.6437393217,2,2,2,1,2,3,0.690050460034503,0.878039793662491,0.164546959533332
"Q9NYK5",-22.11120186,-23.1647090692,-21.2240490312,-20.8896478308,-21.4207504848,-21.2247433924,4,2,6,8,7,7,0.071085825186889,0.332786885245902,-0.9882727508
"Q9NYL2",-25.1784480202,NA,-24.0468919439,-25.9604753625,-23.7121589761,-24.0141454215,3,4,4,3,4,5,0.918996405980449,0.960878724044538,-0.0504100620166668
"Q9NYL9",-23.1254148357,-21.7824663942,-21.9611523191,-22.1421748729,-21.3672598387,-21.7957472456,8,9,10,4,9,12,0.243710034502588,0.589939024390244,-0.521283863933334
"Q9NYM9",-21.5729099406,NA,-21.7261783009,NA,NA,NA,1,NA,2,NA,1,1,NA,NA,NA
"Q9NYP9",-20.9402326673,-21.3403958911,-21.2181105183,-20.9807069987,-21.8340690225,-21.1713729673,2,5,3,5,3,6,0.625461328349626,0.863363963244107,0.1624699706
"Q9NYU2",NA,-24.5290508026,-25.5806644126,-24.5514607736,NA,-24.8145912457,10,6,6,10,6,9,0.420880247268545,0.75462718138551,-0.371831597949999
"Q9NYV4",NA,-23.7669514607,-24.522379429,-25.3542149225,-23.9427122915,-24.7127088687,6,6,5,8,6,4,0.292254025301898,0.652559726962457,0.525213249383334
"Q9NYY8",NA,-24.1453029645,-24.4265147708,-24.4355550112,-23.3527450521,-22.821627352,3,5,2,4,6,6,0.159232892466935,0.48605577689243,-0.749266395883332
"Q9NZ01",NA,NA,-22.4539628481,NA,-23.6837494995,-22.2463265198,2,1,3,1,1,3,NA,NA,NA
"Q9NZ45",-20.0338305738,-19.0938274428,-19.754538516,-19.5548851084,-18.8426809242,-19.2456402932,5,6,5,6,7,6,0.283207015526164,0.645949720670391,-0.412996735599997
"Q9NZ63",-20.4617082683,-20.975355623,-22.4303857847,-20.3731457349,-20.4223755559,-21.9198966552,7,6,8,6,8,9,0.490548591144336,0.79377990430622,-0.384010576666668
"Q9NZB2",-22.7807919689,-23.2655081708,-25.5772150312,-22.7835211136,-22.5789466092,-23.1465506982,6,4,1,8,10,6,0.123054916618746,0.437426900584795,-1.0381655833
"Q9NZD4",NA,NA,NA,NA,NA,-22.2003594289,1,1,3,2,4,2,NA,NA,NA
"Q9NZI7",NA,-23.9734571231,-23.9654999569,NA,NA,-22.6443459362,1,2,3,1,1,5,NA,NA,NA
"Q9NZI8",-19.599769179,-19.5161505069,-19.6825423243,-19.3385282386,-19.4802918506,-19.2925034088,30,30,32,33,29,38,0.371523864289822,0.714037122969838,-0.229046170733334
"Q9NZJ9",-22.1105085302,-22.4533408477,-22.452955713,-22.217902416,-22.111701131,-22.5222512111,5,1,4,2,3,4,0.83203004600345,0.933937823834197,-0.0549834442666679
"Q9NZL4",-21.3310897315,-20.5901496957,-20.7860137718,-21.1867959275,-20.651332584,-20.2889376416,7,10,10,8,9,15,0.593094594594595,0.845099667774086,-0.193395681966667
"Q9NZL9",-21.0529127465,-21.8698072589,-21.8332125911,-22.4391224453,-21.3042142576,-22.356959465,6,7,7,8,7,4,0.299673231742381,0.664199192462988,0.448121190466669
"Q9NZM5",-22.447531688,-22.7000030342,-22.889635241,-22.1553055935,NA,-22.0144790947,5,6,2,4,4,5,0.0789013801035078,0.350387596899225,-0.594164310300002
"Q9NZN4",NA,-24.1411718086,NA,-24.1000149167,-23.9935611827,-24.336460426,NA,3,1,2,2,5,NA,NA,NA
"Q9NZN8",-23.7124911618,-24.1870997443,-22.8530235458,-23.5925892258,-23.6124554057,-23.4959920486,2,3,3,3,2,2,0.944095025876941,0.966166519564578,-0.017192590599997
"Q9NZQ3",NA,NA,-25.0332663228,NA,NA,NA,NA,NA,2,1,1,2,NA,NA,NA
"Q9NZT2",-21.4731135044,-21.3898745676,-21.5197513964,-22.9431088106,-21.2087248039,-21.3991524772,8,8,11,8,10,10,0.404163168487637,0.747797356828194,0.3894155411
"Q9NZW5",NA,NA,NA,-24.0679340017,NA,NA,1,2,NA,3,1,3,NA,NA,NA
"Q9NZZ3",-21.2607906714,-21.6539951604,-20.6269012532,-22.2349492074,-22.2401382287,-21.7239419684,4,2,4,4,3,3,0.0480363714778608,0.259713701431493,0.885780773166665
"Q9P013",-20.6486419668,-21.2600759975,-21.2268767932,-20.4195887172,-21.0113676074,-21.1080125824,5,5,5,6,6,5,0.561454427832087,0.827720207253886,-0.198875283500001
"Q9P015",-21.6227196041,NA,-21.9680631938,-21.1215808737,-21.6135308832,-21.029574208,7,7,4,10,5,8,0.142166043703278,0.46096256684492,-0.540496077316664
"Q9P016",-22.8484201299,NA,NA,-22.9283707966,-21.3103973277,NA,4,1,5,3,4,4,NA,NA,NA
"Q9P031",-23.3449631026,NA,NA,NA,NA,NA,2,NA,NA,NA,1,NA,NA,NA,NA
"Q9P032",-22.4526458763,-22.0804645881,-22.7566598075,-22.7148922765,-22.309655926,-22.77181092,3,2,6,3,4,5,0.597238355376653,0.848347107438017,0.168862950200001
"Q9P035",NA,-23.5940898265,NA,-23.6916290781,-23.7643223935,NA,NA,2,1,3,2,NA,NA,NA,NA
"Q9P0J0",-21.3770137433,-21.5180575276,-22.4075108298,NA,-21.4456083135,-20.6175314703,1,4,3,3,3,4,0.134794278320874,0.450719822812846,-0.735957475000003
"Q9P0J7",-23.5892840318,-22.5055107706,-23.5855734983,-22.3417334362,-22.3150852591,-23.2764093083,2,3,2,3,4,2,0.200834675100633,0.532188841201717,-0.582380099033333
"Q9P0L0",-21.2246107747,-20.2114903275,-20.2755634372,-20.5790760785,-20.9103668463,-20.6196135881,11,13,10,9,8,10,0.702400517538815,0.878457059679767,0.132463991166667
"Q9P0P0",NA,NA,NA,NA,-22.0654793045,-22.2450199254,NA,1,NA,NA,2,2,NA,NA,NA
"Q9P1U0",NA,NA,NA,NA,NA,-21.9621582147,NA,NA,NA,NA,NA,1,NA,NA,NA
"Q9P253",NA,NA,NA,NA,NA,-24.6077236687,NA,NA,1,NA,1,2,NA,NA,NA
"Q9P258",-19.2682185486,-18.8489529253,-19.3619619331,-18.8197089575,-18.7174402104,-19.2110172634,36,37,37,37,41,39,0.441171219091432,0.761929194458697,-0.24365565856667
"Q9P265",NA,-25.7409709283,-25.9947764159,NA,NA,-25.953748227,NA,3,2,4,2,7,NA,NA,NA
"Q9P275",-26.0875394951,-26.5095661157,-26.4137278342,-26.5065268652,-25.8480012979,-26.9958781487,1,2,2,1,4,3,0.746105664174813,0.904210526315789,0.1131909556
"Q9P287",-20.1862134805,-19.8973899961,-20.423069747,-19.9092143087,-20.3869758503,-19.6989321479,11,12,15,11,12,18,0.598503306497987,0.849235852953325,-0.170516972233333
"Q9P289",-22.4260867213,-22.1253461788,-23.4004149041,NA,-23.6124665029,-23.8039692468,8,5,6,4,8,10,0.0468388441633123,0.259713701431493,1.05760194011667
"Q9P2E9",-23.9397892104,-25.3843946421,-24.5731744078,-25.6405758677,-25.2598775266,-24.6173356616,6,4,3,4,4,10,0.244462047153537,0.592846270928463,0.540143598533334
"Q9P2I0",-22.422635202,-21.6884290598,-22.3119406274,-22.5699932246,-21.4546587533,-22.2257125662,8,11,9,15,9,15,0.864389304197815,0.940738442444927,-0.0575467816999975
"Q9P2J5",-20.7739258534,-20.631834881,-21.3464007286,-20.390916971,-20.6619616005,-20.5828083128,32,36,36,47,39,46,0.265532489936745,0.618353969410051,-0.372158192899999
"Q9P2N5",-23.4807728911,-23.2739033011,-22.9074091882,-23.4752113601,-23.179202107,-22.711134359,9,10,10,9,10,14,0.755230592294422,0.90426638917794,-0.0988458514333317
"Q9P2R3",-24.5965174359,NA,-23.6851016193,-23.7877870439,-24.5148281436,-23.4325467898,1,3,4,4,5,4,0.60504470960322,0.852124183006536,-0.2290888685
"Q9P2R7",-21.8115526668,-22.6586734494,-23.917147103,-21.7639893757,-21.6839399287,-21.787046989,8,5,6,6,5,7,0.0646367165037378,0.313253012048193,-1.05079897526667
"Q9P305",-22.5145455105,-22.0722309247,-22.655199294,NA,NA,NA,1,2,3,NA,NA,NA,NA,NA,NA
"Q9UBB4",-21.3529820288,-21.3323122012,-20.9939608906,-21.2781216713,-20.3682317211,-21.2726516334,12,14,17,12,19,18,0.481493387004025,0.785507246376812,-0.253416698266669
"Q9UBB5",NA,NA,NA,NA,NA,-23.7484453749,NA,2,NA,1,2,1,NA,NA,NA
"Q9UBB6",-24.3016691695,NA,-24.2507413207,-22.941015161,-24.3883465575,-22.6312403562,5,6,6,7,4,8,0.1050977573318,0.41025641025641,-0.956004553533337
"Q9UBB9",NA,NA,-23.7774920429,-23.7497796811,-23.8840479533,-23.2370903949,2,2,2,3,4,7,NA,NA,NA
"Q9UBC2",-22.6518141868,-22.5986055232,-23.5175268141,-21.8843663068,-23.5221165914,-23.2740090247,10,10,7,10,10,10,0.931130534790109,0.962157330154946,-0.0291515337333337
"Q9UBD5",-22.3527135737,-22.7212940289,-23.7273831549,-23.9797915344,-22.9752952509,-21.7892521347,5,7,6,6,6,14,0.951415756181714,0.966783216783217,-0.0190172791666683
"Q9UBE0",-19.7621220152,-19.9213691417,-19.7467238173,-20.2732386503,-20.1781720149,-19.8569790953,19,17,19,21,15,19,0.310489936745256,0.671710526315789,0.292724928766667
"Q9UBF1",-22.0256758448,-23.1857658212,-23.1568265889,-23.2126411056,-23.0404143492,-22.6001229778,6,4,5,5,4,6,0.674591575618171,0.870086110071134,0.161636725900003
"Q9UBF2",-23.3810023436,-22.7758083805,-23.2356208704,-22.4215796858,-22.4121968289,-22.0513270258,5,9,8,9,8,20,0.0339943933294997,0.205194805194805,-0.835776018000001
"Q9UBI1",-20.9157634943,-21.3407875838,-21.419774359,-20.5160871952,-20.632772995,NA,3,4,4,3,3,2,0.0692814836112708,0.327841845140033,-0.65101171726667
"Q9UBK8",NA,NA,NA,-24.5180307551,NA,NA,NA,1,1,1,NA,1,NA,NA,NA
"Q9UBL3",-21.4054613979,-21.0237397376,-21.3520911874,-20.9194430379,-20.6570445221,-20.6222021365,12,15,17,14,20,16,0.101131684876366,0.39501312335958,-0.527534208800002
"Q9UBM7",NA,NA,NA,NA,NA,-22.9768342737,NA,NA,NA,NA,NA,2,NA,NA,NA
"Q9UBN7",NA,NA,NA,NA,NA,-25.734840013,1,2,NA,NA,NA,2,NA,NA,NA
"Q9UBP6",-21.1446379854,NA,-22.230192687,-20.4238582205,-22.616292415,NA,5,1,3,5,2,1,0.805823605520414,0.921340856289413,-0.167340018449998
"Q9UBQ0",-20.7795708791,-20.5377497139,-20.6329864893,-22.0355463981,-19.7429197356,-21.8598102859,6,5,6,5,8,6,0.315090856814261,0.672067401166559,0.562656445766667
"Q9UBQ5",-19.8709409212,-20.2626708262,-19.7899179004,-20.4225827517,-20.0316944656,-19.7927441269,8,9,10,7,8,11,0.71996089706728,0.888968481375358,0.107830565466667
"Q9UBQ7",-20.1268087386,-20.2727960991,-20.5182280098,-21.023411503,-20.2961882719,-19.9195999807,11,8,6,5,7,10,0.755150230017251,0.90426638917794,0.107122302699999
"Q9UBR2",-22.4583707202,-22.0035867487,-21.6155366781,-23.4612108408,-23.3540979027,-22.2031148638,3,4,5,2,2,5,0.0538458884416331,0.273422562141491,0.9803098201
"Q9UBS4",-21.2906266732,-21.5560593639,-21.1193126428,-20.3160294328,-22.7320402344,-21.3753536553,7,8,13,8,7,8,0.757384847613571,0.904646324549237,0.152474880866666
"Q9UBS8",-23.7848145794,-23.7779089708,-24.0594955001,NA,NA,-24.0744539593,1,2,1,1,1,1,NA,NA,NA
"Q9UBT2",-19.8821309036,-20.0307741539,-20.2339796227,-19.6793382221,-19.6934019259,-19.7184968257,22,20,21,22,28,27,0.208308941920644,0.544472152950956,-0.351882568833336
"Q9UBU8",-23.4590334786,NA,-22.8077510583,-22.3632623547,-23.073203275,-23.3765080737,2,1,2,2,1,2,0.629689189189189,0.863582908663269,-0.195734367316664
"Q9UBU9",-21.372835325,-21.2293399692,-20.6585525837,-21.423919232,-20.9227134759,-20.6809186355,10,10,17,13,15,17,0.807418487636573,0.923076923076923,-0.0777255114999988
"Q9UBV8",-23.4514573274,-21.9607439493,-22.4050605644,-23.3021210172,-22.2826776508,-23.6995292552,4,6,5,3,3,4,0.328343156986774,0.689308176100629,0.489022027366669
"Q9UBW7",NA,NA,NA,NA,NA,-25.6328041827,NA,NA,NA,NA,NA,1,NA,NA,NA
"Q9UBX3",-21.5090274874,-21.6681602722,-21.2851837884,-21.0173089185,-20.9263113794,-21.7034512819,6,5,6,8,8,8,0.425022282921219,0.75462718138551,-0.271766656066667
"Q9UDW1",NA,-20.3820954631,-21.0208587344,-20.0017364033,-19.019069839,-20.8677959248,3,3,4,3,2,2,0.197258194364577,0.529565217391304,-0.738609709716666
"Q9UDY2",NA,-25.0705302963,NA,NA,NA,-25.1364683983,NA,1,NA,NA,1,3,NA,NA,NA
"Q9UDY4",NA,-23.1067076502,-23.7015028211,NA,-23.661362301,NA,2,3,4,2,5,3,NA,NA,NA
"Q9UEE9",NA,NA,-22.400160444,-22.8434940674,NA,NA,NA,1,1,1,1,1,NA,NA,NA
"Q9UER7",-23.8135715678,-23.6755022133,-24.3040973018,NA,-22.9231717603,NA,3,3,2,2,5,NA,NA,NA,NA
"Q9UET6",-22.6720478517,-23.5090178711,NA,NA,NA,-23.5574134468,2,2,1,2,1,2,NA,NA,NA
"Q9UEY8",NA,-24.4485305628,-24.2436486958,-24.4916013946,-24.4413308035,-24.4213641219,1,3,4,3,3,4,0.665032202415181,0.86885865457294,0.105342477366669
"Q9UFC0",-23.449944492,-24.3688154867,-23.3644230449,-24.3132091657,-23.9838880417,-22.7920621258,6,3,5,3,7,6,0.926408855664175,0.962089552238806,-0.0313412301333358
"Q9UFG5",NA,-22.1124503573,-21.4365284054,-21.1611882793,-21.3904106103,-21.1669998841,NA,3,1,2,1,2,0.146505894192064,0.467436974789916,-0.534956456783334
"Q9UG63",-21.009017391,-20.2786250352,-20.4941531641,-19.9048571471,-20.5114637481,-20.524735867,21,23,21,28,33,24,0.427378665899943,0.759747102212856,-0.280246276033335
"Q9UGI8",-20.8338467605,-21.2220679239,-22.1070642878,-21.2099992849,-23.4094499058,-21.4701257528,13,13,8,12,8,11,0.273708309373203,0.631130063965885,0.6421986571
"Q9UGL1",NA,NA,-26.5521906358,NA,NA,NA,3,NA,3,1,1,1,NA,NA,NA
"Q9UGP4",NA,-23.477501307,-24.0620845953,NA,-23.6939701137,NA,1,2,1,NA,2,NA,NA,NA,NA
"Q9UGR2",NA,NA,-24.9595065754,-25.6997311429,NA,-25.0986818121,1,1,2,2,NA,2,NA,NA,NA
"Q9UGV2",-21.6979917256,-21.4207627797,-22.9391864288,-22.5935263067,-21.6857748937,-22.5848200368,5,3,4,5,7,8,0.556515813686026,0.826730518067044,0.268726767700002
"Q9UHA3",-21.126247854,NA,NA,-22.0537215072,NA,-21.516211827,2,2,NA,1,1,2,NA,NA,NA
"Q9UHA4",-19.9555153737,-20.9109401941,-20.5674692455,-20.5707359588,-19.4395176668,-20.4410943551,4,4,5,5,5,3,0.436311385853939,0.761609907120743,-0.327525610866669
"Q9UHB6",NA,-22.7313998703,NA,-22.1621971682,-23.9888338918,-22.8007794563,5,8,4,6,4,8,NA,NA,NA
"Q9UHB9",-21.3028339726,-21.2572864002,-20.8494118897,-21.1745376808,-21.0353252206,-20.5048123974,16,13,16,11,11,17,0.479806641748131,0.784503631961259,-0.231618987900003
"Q9UHD1",-19.3933094363,-19.028962877,-19.0560609321,-18.8419954174,-18.7972616093,-19.1405442965,18,16,24,22,23,23,0.425080649798735,0.75462718138551,-0.232843974066665
"Q9UHD2",NA,-24.0999754748,-24.3749910437,NA,-24.2091239978,-24.2483944367,1,2,4,2,3,3,0.95387219666475,0.966783216783217,-0.00872404199999721
"Q9UHD8",-20.9224153171,-20.7082011773,-21.992537349,-20.8633872184,-21.3422374467,-21.5024764992,13,15,14,16,14,15,0.925337837837838,0.961319340329835,0.0283157736333344
"Q9UHD9",-21.9199315994,-21.7211058515,-21.7348493688,-21.7596016363,-21.6886645258,-22.0891043346,6,9,6,7,10,5,0.828909861989649,0.9322528363047,0.0538278923333309
"Q9UHI6",-22.5311890329,-21.8268020194,-24.3360820593,-22.643808249,-24.6643321381,-22.612405796,7,11,5,8,6,8,0.532886428982174,0.81781557743957,0.408824357166669
"Q9UHJ6",-23.4554149508,-23.1796081877,NA,-23.6820622291,NA,NA,1,2,3,2,2,NA,NA,NA,NA
"Q9UHL4",-23.9909787233,NA,NA,-22.8179764113,NA,-24.0052130205,2,2,1,6,2,2,NA,NA,NA
"Q9UHQ1",NA,-23.548039533,-23.7900684964,-23.5336996351,-22.5725854989,NA,1,4,2,6,6,3,0.187199683726279,0.517953321364452,-0.6159114477
"Q9UHQ9",NA,NA,-23.6942173435,NA,NA,NA,2,3,2,NA,2,2,NA,NA,NA
"Q9UHR4",NA,-22.5984660273,-22.9451547393,NA,-22.9446791811,-24.099423122,NA,3,3,1,1,2,0.152673231742381,0.473684210526316,0.750240768250002
"Q9UHR5",-21.2985451362,-21.2936936303,-21.8140668585,-22.8774749197,-21.1281133313,-21.9706689482,4,6,4,4,4,3,0.266986917768833,0.619636363636364,0.5233171914
"Q9UHR6",-23.751897255,-22.3361213222,NA,NA,-22.3760488827,-23.1760659697,2,2,1,3,3,2,0.630235048878666,0.863582908663269,-0.2679518624
"Q9UHV9",-20.1306559471,-21.6370498684,-20.1051444951,-20.2315271037,-20.4826402313,-19.9607292892,4,5,9,10,6,12,0.384291546866015,0.730834752981261,-0.399317895466666
"Q9UHX1",-19.8232940402,-19.7306404123,-19.5288444316,-19.2458681273,-19.6438480079,-19.4604615961,24,20,26,31,26,27,0.394301322599195,0.738935574229692,-0.244200384266666
"Q9UHY1",-21.5349043274,-22.121695382,-23.7103014259,-22.3677642142,-23.4480643371,-22.5550751486,6,5,6,6,5,4,0.531216072455434,0.81781557743957,0.334667521533333
"Q9UHY7",-20.3722278668,-20.8200756812,-20.6388744906,-19.8526157298,-20.4817244579,-20.2506701269,6,6,8,10,7,9,0.216603076480736,0.549593495934959,-0.415389241333333
"Q9UI09",-20.7621958189,-20.6801896916,-21.9330041238,-20.7560694247,-21.8079927406,-21.1054998456,3,2,3,2,3,3,0.805700833812536,0.921340856289413,0.0980574588666663
"Q9UI10",-22.1327633971,-22.7173835748,-21.2970755134,-21.8797470186,-23.2665710677,-22.1049222153,5,5,9,8,6,8,0.445696377228292,0.764915859255482,0.368005938766668
"Q9UI12",-22.2161920724,-22.4964170163,-22.3816048568,-22.4003064445,-21.7727026756,-22.7064382486,5,4,4,6,6,6,0.816883266244968,0.927445830597505,-0.0715888589333318
"Q9UI26",-22.5042114027,-22.8127067231,-22.2070946397,-22.016824864,-23.2745847173,-21.771113999,10,11,19,13,14,20,0.706823461759632,0.880580762250454,-0.153829728400002
"Q9UI30",-20.2215156982,-20.9957200968,-20.4109580309,-20.2782954087,-19.8993816487,-19.6619092129,5,5,4,6,6,6,0.123938470385279,0.439585730724971,-0.596202518533332
"Q9UIA9",-21.7303230314,-21.7092984468,-21.5235401097,-22.5898984575,-21.9064484489,-22.2108176513,15,21,20,22,15,20,0.0974189189189189,0.390896921017403,0.581334323266667
"Q9UIC8",NA,NA,NA,NA,NA,-23.6205993229,NA,NA,1,NA,2,1,NA,NA,NA
"Q9UID3",-24.3858057191,NA,-23.8950494501,NA,NA,-23.8018677559,3,2,3,3,5,3,NA,NA,NA
"Q9UIF9",-26.0058391958,-25.1211747027,NA,NA,NA,NA,3,5,3,2,NA,1,NA,NA,NA
"Q9UIG0",NA,-25.6557917962,NA,NA,NA,-25.8291744053,1,2,1,NA,1,3,NA,NA,NA
"Q9UIJ7",-21.3161588139,-21.4330398071,-22.4172044942,-22.097571995,-21.2784558572,-23.2329972325,3,3,1,2,6,3,0.357792840713054,0.709483793517407,0.480873989833334
"Q9UIL1",-22.48656036,NA,-21.5379191132,-21.3046592056,NA,-21.7762113196,1,NA,1,1,1,1,0.311242955721679,0.672067401166559,-0.471804474000002
"Q9UIV1",NA,NA,NA,NA,NA,-22.908288268,1,NA,NA,1,NA,1,NA,NA,NA
"Q9UJA5",NA,NA,NA,NA,-24.0045693459,-23.0857023715,2,1,5,4,3,4,NA,NA,NA
"Q9UJC5",-21.5823821888,NA,-20.845524961,-21.2145021797,-21.264491411,-20.6713902426,2,1,3,2,2,3,0.653176106958022,0.867720786733513,-0.163825630466665
"Q9UJS0",-22.7450178479,-23.5941823838,-23.8215164249,-23.0645857262,NA,-23.7146300233,8,7,3,7,7,5,0.973411443358252,0.973517559009787,0.00270232254999669
"Q9UJU6",-22.0767200833,-23.4374215218,-21.1130467996,-22.3331646683,-21.7868280896,-22.5592538382,6,8,9,7,9,8,0.952929413456009,0.966783216783217,0.0173527304666656
"Q9UJV9",-21.9591817371,-22.7650550189,-21.8806103114,-22.1731976977,-22.6745781009,-22.1652654666,10,8,9,4,7,9,0.692295859689477,0.878039793662491,0.136064732600001
"Q9UJW0",-23.3615135425,-23.4303948487,NA,-23.7792137184,NA,-23.4855438132,2,1,NA,2,1,1,0.41309430707303,0.750406063887385,0.236424570200001
"Q9UJX2",NA,NA,NA,NA,-24.1673204394,-24.5884308737,3,1,3,3,2,1,NA,NA,NA
"Q9UJX3",-22.1545678314,-20.9313098406,-21.1510806813,-21.0763466878,-21.207259508,-21.1663982197,8,9,9,11,9,12,0.492927832087407,0.795908658420552,-0.262317979266665
"Q9UJX4",-24.4162428865,-25.3658485302,-25.5137290885,-22.6248001845,NA,-25.1249883822,5,3,3,10,3,2,0.104644048303623,0.410090556274256,-1.22371255171667
"Q9UJX5",NA,NA,-24.5885411458,-24.3869051996,-24.1982325515,-24.5678622636,3,2,1,3,3,2,NA,NA,NA
"Q9UJY4",-24.5032204306,NA,NA,-23.3539629574,NA,-22.8507698337,1,NA,NA,2,1,2,NA,NA,NA
"Q9UJZ1",-20.1166784029,-20.0381608329,-20.1442907173,-19.7961223073,-20.229576014,-20.290231657,12,8,13,12,11,9,0.963252587694077,0.969811320754717,0.00560000840000185
"Q9UK41",-20.9278834978,-21.5503326285,-21.4284147542,-21.7365547583,-22.5189674903,-21.498120611,3,3,3,3,2,3,0.138345888441633,0.460612691466083,0.615670659700001
"Q9UK45",-21.6143627748,NA,-21.7910750969,NA,NA,NA,1,NA,2,1,2,1,NA,NA,NA
"Q9UK53",NA,NA,NA,-24.176675875,NA,NA,NA,NA,NA,1,NA,NA,NA,NA,NA
"Q9UK76",-19.2936760143,-19.2480450456,-18.8913573224,-18.8275296791,-19.0175452354,-18.8111682599,7,7,6,7,8,6,0.367974123059229,0.712784588441331,-0.258945069300001
"Q9UK99",NA,NA,NA,-23.5884076344,NA,-24.127112369,NA,NA,NA,1,NA,1,NA,NA,NA
"Q9UKD2",-20.3900037624,-20.4422365527,-21.1405455309,-20.7314542842,-21.4896101938,-20.74233655,10,13,12,10,14,13,0.383239936745256,0.730834752981261,0.330205060666668
"Q9UKE5",-24.7194753168,NA,NA,-25.0657080866,NA,NA,3,1,4,2,NA,3,NA,NA,NA
"Q9UKF6",-22.6705525566,-21.72160414,-22.0627242662,-21.3439244114,-21.7384180245,-21.2547219522,7,12,14,12,11,18,0.0829686601495112,0.361319340329835,-0.705938858233335
"Q9UKI8",-25.4735420689,NA,NA,-24.9168990806,NA,NA,4,4,3,4,4,1,NA,NA,NA
"Q9UKJ3",NA,NA,-25.856556071,NA,NA,NA,NA,1,2,NA,NA,NA,NA,NA,NA
"Q9UKK9",-19.1748318955,-19.4110815583,-19.2084928995,-18.9074309173,-19.5903077244,-19.7678704776,9,11,9,12,14,11,0.63124094307073,0.863582908663269,0.157067588666667
"Q9UKL0",-21.2351610686,-21.4925729701,-21.883100337,-21.2578123575,-22.2451258322,-21.3650557938,7,7,7,9,6,8,0.802564979873491,0.920465890183028,0.0857198692666685
"Q9UKM9",-20.3420124385,-20.8984928379,-20.5917776762,-20.7902315514,-20.1892705363,-20.7375619941,14,14,14,13,13,11,0.885746981023577,0.944034440344403,-0.0384062902666642
"Q9UKN8",-22.8925099505,-23.1466385339,-23.0465684701,-23.0812640521,-21.5767642442,-22.6704917536,7,6,7,9,10,9,0.190340713053479,0.520462633451957,-0.585732301533334
"Q9UKT4",NA,NA,NA,-24.3611591697,NA,NA,1,3,NA,1,NA,NA,NA,NA,NA
"Q9UKV3",-20.9146520256,-21.3208640475,-21.063056605,-21.4614393991,-21.2327969956,-21.0718660872,26,27,29,23,28,29,0.585445083381254,0.843030556718292,0.155843267933335
"Q9UKV8",NA,NA,-24.9455742051,-24.8762545713,-24.8987615019,-24.8255804343,6,3,5,6,4,6,NA,NA,NA
"Q9UKX7",-20.3881764624,-19.9240775559,-20.6824034659,-20.6550037081,-20.001415801,-20.2839835462,12,13,14,10,16,12,0.938094019551466,0.963851851851852,-0.0180848096333328
"Q9UKY7",-19.3424931402,-19.8919808413,-20.0150851451,-19.53824999,-19.941636791,-20.760114709,10,9,12,11,9,11,0.415587119033928,0.752150537634409,0.330147454466669
"Q9UKZ1",-23.1927328113,-22.6365425088,-23.3354974846,-21.9758217173,NA,-22.3942099888,3,3,1,3,1,3,0.0453296434732605,0.257019438444924,-0.869908415183335
"Q9UL15",NA,-23.5865459974,-22.7047213166,NA,NA,-22.8900708943,1,1,2,1,1,2,NA,NA,NA
"Q9UL25",-21.6253425597,-23.0843132667,-22.5323040712,-22.3600627118,-22.0404070449,-22.7982046604,2,2,2,4,1,1,0.952153680276021,0.966783216783217,-0.0144284934999988
"Q9UL40",NA,-23.0753352089,NA,-22.4460925573,NA,NA,NA,2,2,2,NA,NA,NA,NA,NA
"Q9UL46",-20.1050086136,-20.2053983542,-20.7289040075,-19.6635928297,-21.5049607086,-19.9783019912,10,10,7,11,8,12,0.921008913168488,0.960878724044538,0.0358481847333323
"Q9UL63",-23.3166376812,-23.6835861151,-24.0747627483,-22.5386459524,-23.7857777302,-24.1839918745,3,3,3,5,1,3,0.665174525589419,0.86885865457294,-0.188856995833333
"Q9ULA0",-23.5715405747,-23.557019347,-22.3391568922,-23.0448447733,-21.5680699945,-22.6550871055,7,5,5,6,5,6,0.160413168487637,0.487128712871287,-0.733238313533331
"Q9ULC4",NA,NA,-22.5785544074,NA,NA,NA,NA,5,6,NA,NA,6,NA,NA,NA
"Q9ULH0",-25.3528350527,-26.2105884795,-25.0574869362,-24.5540849278,-25.0585309379,NA,4,3,5,6,5,2,0.125880966072455,0.439585730724971,-0.733995556616666
"Q9ULH1",NA,NA,NA,NA,-25.4438088654,NA,NA,NA,NA,1,1,NA,NA,NA,NA
"Q9ULI0",NA,NA,-25.5734931244,NA,NA,NA,2,1,1,1,1,NA,NA,NA,NA
"Q9ULK4",NA,-25.907250748,-26.2568932596,-24.5694061826,-26.0868045757,-25.6493139785,6,4,4,7,6,3,0.204088412880966,0.539249146757679,-0.646897091533333
"Q9ULR0",-20.9520121603,-21.1745028131,-21.2572016364,-20.6007324522,-20.9373189664,-21.2549435869,3,4,4,4,4,4,0.523110264519839,0.816978548607942,-0.196907201433334
"Q9ULU4",-22.4680174729,-22.7423555202,-23.0317620367,-22.6453520955,-22.8145514476,-22.6675517041,17,14,10,9,9,13,0.875541259344451,0.940738442444927,-0.0382265942000011
"Q9ULV3",NA,-24.7604522912,NA,-24.7489058859,-24.4042255693,-23.5942880285,2,2,1,4,2,5,NA,NA,NA
"Q9ULV4",-20.5699744191,-20.9823453969,-20.2376634986,-20.491393566,-19.7656313983,-20.1276247772,17,18,19,17,19,25,0.207301753881541,0.544472152950956,-0.468444524366667
"Q9ULW0",-21.0689123794,-22.3072483783,-21.6073140981,-21.1862707628,-21.8188635001,-21.5786031633,10,13,12,11,12,15,0.718590281771133,0.888968481375358,-0.133245809866665
"Q9ULW3",NA,-22.8901599732,NA,NA,NA,NA,2,3,1,NA,NA,NA,NA,NA,NA
"Q9ULX3",-22.6645209256,-21.2901264474,-21.4722570615,-20.895317204,-21.3556146022,-21.5729733247,5,7,12,8,7,11,0.233756469235193,0.569649805447471,-0.534333101199998
"Q9ULX6",-21.889044558,-21.676033525,-21.4217570537,-21.7236844604,-21.4199362136,-21.7945396094,8,9,9,7,9,9,0.936259344450834,0.962919015129042,-0.0162249510999963
"Q9UM54",NA,NA,NA,NA,NA,-25.5912748304,NA,NA,NA,NA,NA,1,NA,NA,NA
"Q9UMR5",NA,-22.7683871683,NA,-22.6283792695,NA,NA,2,1,NA,1,1,NA,NA,NA,NA
"Q9UMS0",NA,-21.7583174901,NA,-21.9080694386,-21.6062850321,-21.9736964482,1,2,1,3,3,2,NA,NA,NA
"Q9UMS4",-19.0635808244,-19.0039826173,-18.72438425,-18.7365943629,-18.6132761976,-19.0501649037,26,33,36,31,39,32,0.642759200690052,0.864433190494741,-0.130637409166663
"Q9UMX0",-22.355686866,-21.5441334969,-22.2319728397,-21.6061832502,NA,-22.102378699,2,6,7,5,1,9,0.61180520414031,0.856156034132466,-0.189650092933331
"Q9UMX5",NA,NA,NA,NA,NA,-21.7319214021,NA,NA,2,NA,NA,1,NA,NA,NA
"Q9UMY1",-22.5985230882,NA,-22.0753519193,NA,NA,-21.6071558136,4,1,1,3,3,4,NA,NA,NA
"Q9UMY4",-21.1705569491,-21.108044648,-21.5172916113,-21.3537967728,-22.6401898403,-22.7729994988,5,4,4,4,4,3,0.0518010350776308,0.271287128712871,0.990364301166665
"Q9UN36",-21.2023052627,-23.3138790786,NA,-21.8093936785,NA,-21.9054181445,3,2,2,2,2,3,0.552562392179413,0.826730518067044,-0.40068625915
"Q9UN37",-21.4280531876,-22.272838017,-22.5855570478,NA,NA,-23.8804448932,4,7,6,4,4,6,NA,NA,NA
"Q9UN86",-20.9435357591,-20.4441175795,-20.3455626395,-20.6366982829,-21.0030902802,-20.2783854868,12,15,17,13,10,16,0.837000287521564,0.937056165267915,0.061652690599999
"Q9UNE7",-22.4951803264,-23.2141087626,-22.2448593213,-23.2400213573,-22.8920352228,-21.8109437526,2,4,5,2,4,8,0.971750862564692,0.97298468650679,-0.00371602586666597
"Q9UNF0",-22.507454865,-21.6789410842,-22.1471752463,-21.7656374758,-21.8513964675,-21.6680219228,6,9,6,10,6,9,0.301530333525014,0.665565102445473,-0.349505109799999
"Q9UNF1",-23.2386569459,-24.1923367818,-23.098388907,-23.5451180327,-22.5297479816,-22.5972506792,2,2,5,6,6,3,0.176963772282921,0.506046511627907,-0.619088647066668
"Q9UNH7",-23.3715997509,-23.2516836836,-21.8638847621,-21.796649577,-21.8802462159,-21.0841346348,6,5,8,6,6,12,0.0316799884991374,0.198347107438017,-1.24204592296666
"Q9UNI6",-23.543549539,-22.0649812134,-23.0400624747,-23.1571676901,-22.7137017908,-22.2497934378,4,3,1,2,2,3,0.675141173087982,0.870086110071134,-0.175976769466669
"Q9UNL2",NA,NA,NA,NA,NA,-22.4006329322,NA,NA,NA,NA,NA,1,NA,NA,NA
"Q9UNM6",-19.8518923179,-21.0067980787,-20.1979777561,-20.2642751413,-20.1399739969,-20.5512035268,17,17,17,19,15,16,0.90848116733755,0.95660091047041,-0.0337384958999998
"Q9UNN5",-21.3903967082,-22.8001005441,-21.2619016504,-21.3190921828,-21.7474173085,-22.6875968281,10,8,11,10,7,12,0.821046434732605,0.928781443972558,0.100569138899999
"Q9UNP9",-21.7796128597,-22.7007737015,-20.8421416883,-20.5184489253,-21.0300535109,-20.8386656941,6,5,6,10,9,9,0.0684506900517539,0.327841845140033,-0.978453373066664
"Q9UNQ2",-20.5440070751,-20.9385249822,-21.6659278963,-21.4682824112,-20.9913497266,-21.1598418225,8,7,6,8,8,7,0.662222110408281,0.868089973313,0.157004668899997
"Q9UNS1",NA,NA,NA,-24.973159294,NA,NA,1,3,2,4,6,2,NA,NA,NA
"Q9UNS2",-21.4582041888,-22.6905646894,-21.7421254736,-20.6811252197,-22.64866237,-23.4606948571,7,6,8,9,7,8,0.616617596319724,0.857603872529246,0.299862698333332
"Q9UNW1",NA,NA,-24.1412113876,-24.1283936891,NA,-23.6572713328,NA,NA,3,2,1,1,NA,NA,NA
"Q9UNX3",NA,-21.891969259,NA,NA,-21.9394757717,NA,11,13,11,12,15,14,NA,NA,NA
"Q9UNX4",-21.6470884877,-21.5607574086,-23.0366377785,-21.3437164051,-22.6167522282,-21.8786975649,21,17,17,23,18,22,0.763384272570443,0.904712762297902,-0.135105825533334
"Q9UNZ2",-19.0792298661,-19.2168487311,-19.5154193136,-19.6929744925,-19.6014748659,-19.5356011917,16,17,20,20,20,20,0.24391129959747,0.59025133282559,0.339517546433331
"Q9UPN3",-26.2297479168,-26.1474347781,-26.2808486766,-25.2523119562,-25.5459181283,-24.9458260892,28,35,28,40,33,37,0.016615296147211,0.144,-0.971325065933335
"Q9UPN6",-24.8596783347,-23.3770154671,-24.2007877089,-24.1121083623,-23.9767150679,-24.4869445635,6,7,6,8,4,6,0.89213341000575,0.945722171113155,0.0460954943333327
"Q9UPN7",-22.4543992118,-22.532057854,-21.7868905365,-21.8451879344,-21.9604455248,-22.1436616202,7,9,7,9,10,8,0.410677257044278,0.748913043478261,-0.274684174299999
"Q9UPN9",-23.1830936059,-23.3172609179,NA,-24.0689941916,-22.7394282813,-24.9510863776,11,8,7,6,8,11,0.269330074755607,0.623282718727404,0.669659021600001
"Q9UPT5",NA,-25.3658427322,NA,-24.652518838,NA,NA,3,1,3,3,3,NA,NA,NA,NA
"Q9UPT8",-22.5714681804,-22.5652705668,-23.2090644019,-23.1416654109,-24.1487105277,-23.0655488868,9,8,8,7,6,9,0.12951394479586,0.449258836944128,0.670040558766665
"Q9UPU5",-26.7218232302,-24.4528441561,-24.4013745901,-24.2521424978,-24.6117229436,-24.0073713405,12,9,12,11,9,15,0.143358108108108,0.462845010615711,-0.901601731499998
"Q9UPW6",-23.3957976868,-23.6165222914,-23.7327709912,-24.1801976197,-23.5888678424,-23.9121958069,2,5,6,6,3,5,0.320616446233468,0.677813504823151,0.312056766533331
"Q9UPY8",NA,NA,NA,NA,NA,-22.5037460728,1,NA,1,3,2,5,NA,NA,NA
"Q9UQ35",-21.6713291188,-21.5234347665,-21.5470672361,-21.5841246577,-21.3791578877,-21.4269186187,39,36,37,34,40,40,0.631637291546866,0.863582908663269,-0.117209985766667
"Q9UQ80",-17.9776229391,-18.1583123374,-18.3545862232,-18.0797987518,-17.991385275,-18.1056562465,59,57,61,65,64,64,0.682478579643473,0.874534623976173,-0.104560408800001
"Q9UQB8",-24.1825808759,-23.7431963768,-23.1726186187,-22.9241183773,NA,-23.1036017279,7,5,6,5,5,4,0.113052903967798,0.418491484184915,-0.685605237866664
"Q9UQE7",-21.4098557556,-20.979529407,-21.4110977936,-21.7749122044,-21.5757569101,-21.8024041956,22,27,26,25,22,29,0.15151538240368,0.473684210526316,0.450863451300002
"Q9UQR0",-23.116593678,-23.3790115519,-23.5814129629,-22.5805217373,-24.233582457,-22.0567570298,6,4,5,7,6,7,0.435894767107533,0.761609907120743,-0.402052322899998
"Q9Y221",-20.6179669778,-21.0821658913,-21.3476515106,-20.1039326954,-20.0670974601,-20.3458062909,3,3,4,3,4,4,0.0346410293271995,0.20671834625323,-0.843649311099998
"Q9Y223",-24.3627412625,-24.1407357457,NA,-24.0333600899,-23.3712349394,-24.0801228684,4,3,1,2,4,6,0.250556929269695,0.601051840721262,-0.423499204866662
"Q9Y224",-20.1971843933,-20.0467935471,-20.3505183423,-20.5219146268,-20.6127438842,-19.6885541388,10,9,12,9,10,15,0.810039677975848,0.924422442244224,0.0762387890333365
"Q9Y230",-19.3474604405,-20.007553876,-19.5082462949,-18.9933376698,-19.2609948428,-19.1628286817,26,28,34,34,32,33,0.15515713053479,0.475227502527806,-0.482033139033334
"Q9Y232",NA,-23.8050183198,NA,-23.0444395933,NA,-23.4131535612,1,2,NA,2,NA,1,NA,NA,NA
"Q9Y237",-21.5052566924,-20.6894807023,-20.3352707025,-21.261692646,-21.5960783366,-20.9413397138,4,4,4,2,6,3,0.297549022426682,0.659244264507422,0.423034199733333
"Q9Y244",-20.1096858279,-21.2232646617,-19.6873251214,-20.2397461864,-21.1619202842,-20.0058435876,4,5,6,6,6,5,0.767738930419781,0.906561319134318,0.129078149066665
"Q9Y248",NA,-22.7300027925,NA,NA,NA,-22.7097323675,1,1,1,1,NA,2,NA,NA,NA
"Q9Y262",-20.5303842692,-21.6964940932,-20.7986534218,-20.5200988448,-21.230237584,-20.9929399033,18,22,16,22,18,20,0.795447958596895,0.917252931323283,-0.0940851506999998
"Q9Y263",-23.4359324262,-23.3745734718,-22.7324728227,-23.4214389934,-23.1908884888,-24.3303114661,6,5,11,3,7,7,0.263270557791834,0.617067833698031,0.466553409199996
"Q9Y265",-18.2857241266,-18.5522911923,-18.7466929166,-18.5126694052,-18.657091234,-18.4793272794,37,37,40,41,37,44,0.919555635422657,0.960878724044538,0.0214598943666644
"Q9Y266",-18.4364887824,-18.638402224,-18.7542858172,-18.5187620763,-18.7495438966,-18.8863629218,44,48,48,49,44,51,0.684248274870615,0.874534623976173,0.108497357033333
"Q9Y276",NA,NA,NA,NA,-23.1144410664,NA,1,1,NA,NA,1,NA,NA,NA,NA
"Q9Y277",-19.3183784756,-19.3382985502,-19.7476118865,-19.6603213059,-19.0850180365,-19.3208961797,14,13,14,10,15,13,0.702461184588844,0.878457059679767,-0.112684463400001
"Q9Y285",-20.0020547138,-19.7294920218,-19.6371829741,-19.676204027,-19.4181181962,-19.6283327502,22,20,22,22,29,21,0.441708740655549,0.761929194458697,-0.215358245433332
"Q9Y289",NA,NA,-24.296703579,NA,-24.0938837021,-23.4667696514,1,NA,2,2,3,3,NA,NA,NA
"Q9Y294",-20.4827365966,-20.9427739863,-22.6905559358,-21.2886860346,-20.6322843093,-20.6589180626,6,4,2,5,5,4,0.344916474985624,0.700183936235438,-0.512059370733333
"Q9Y295",-21.0281991048,-20.1778364843,-20.1387118591,-20.5171014215,-20.436126326,-21.0050578755,9,9,14,9,15,18,0.572097326049454,0.836456558773424,0.204512724933334
"Q9Y296",NA,NA,-22.864932014,NA,NA,NA,1,1,3,1,2,4,NA,NA,NA
"Q9Y2A7",-23.2397073387,-24.9601155313,-25.2604981777,-23.4586206514,-23.93372602,-23.0697685481,5,8,7,6,6,8,0.0883376940770558,0.369942196531792,-0.999401942733332
"Q9Y2B0",-21.6528881787,-20.3429101193,-19.79869124,-21.54087711,-20.8847621157,-20.2602301481,5,6,8,3,5,7,0.554937320299022,0.826730518067044,0.297126611933333
"Q9Y2K7",NA,-24.1928341369,-24.4919110246,NA,NA,NA,NA,2,3,NA,1,NA,NA,NA,NA
"Q9Y2L1",-23.9355685501,-23.8564092924,-24.9188576596,-23.3231517459,-22.8138701128,-21.8369578485,8,7,5,8,12,13,0.0141469235192639,0.136792452830189,-1.57895193163333
"Q9Y2P8",-22.2284186599,-23.2217860055,-23.4575822527,-23.8905888249,-22.9932148034,-23.7145572611,5,4,3,4,3,3,0.208715497412306,0.544472152950956,0.5635246571
"Q9Y2Q3",-22.2773262184,-20.2784259556,-20.0803289221,-20.2595688346,-20.7062681272,-21.0531813659,5,7,9,5,7,9,0.688926250718804,0.877922077922078,-0.205687589466667
"Q9Y2Q5",-20.6361967582,-20.2880968306,-21.0886637807,-21.9265548718,-21.4328553068,-20.9038024095,3,3,3,3,1,2,0.0861612995974698,0.365638766519824,0.750085072866664
"Q9Y2Q9",NA,-21.6418482084,NA,NA,NA,-22.574898781,2,2,4,5,4,2,NA,NA,NA
"Q9Y2R4",-24.1503575687,NA,-24.423808913,-23.7520701708,NA,NA,2,NA,5,3,2,NA,NA,NA,NA
"Q9Y2R5",-20.216603425,-20.4761480138,-19.480039464,-20.3997150437,NA,-20.1166011592,3,4,5,2,1,3,0.603158568142611,0.851623510069873,0.200561133850002
"Q9Y2R9",-20.7100975303,-20.8299881145,-21.1856681229,NA,-21.4345592908,-21.3075516437,6,4,10,1,4,7,0.158011213341001,0.481444332998997,0.462470878016664
"Q9Y2S7",-21.908524425,-22.0015072479,-21.6734993641,-22.4880494193,-21.4375748961,-21.2462840192,4,5,6,6,8,9,0.709833381253594,0.882097649186257,-0.137207567466664
"Q9Y2T2",-23.543414831,-23.3585807367,NA,-21.6969123157,-21.6447487746,-22.1578514632,4,3,4,5,7,5,0.00309516963772283,0.0454545454545455,-1.61782693268333
"Q9Y2V2",-21.1851496695,-21.080301186,-22.2788665858,NA,-20.9375554785,-21.644079778,2,2,4,2,2,3,0.619696664749856,0.859324758842444,-0.223954852183336
"Q9Y2W1",-21.2040828765,-20.8309149879,-21.52880906,-21.4538636832,-21.0411588245,-21.1255855027,22,22,23,21,26,30,0.933338987924094,0.962224866151101,0.0189336953333346
"Q9Y2W2",-21.1133724869,-21.470608829,-21.5436984541,-21.5497752659,-22.3272292002,-21.159111588,9,15,10,10,14,12,0.430436170212766,0.760083813514929,0.302812094699998
"Q9Y2X3",-20.6761346225,-20.6070710188,-20.6189336447,-20.2911155703,-20.593195355,-20.6716556444,13,12,13,20,14,15,0.6564511213341,0.867794004611837,-0.115390905433333
"Q9Y2Y0",NA,NA,NA,NA,NA,-22.1926594955,1,1,2,1,3,1,NA,NA,NA
"Q9Y2Z0",-20.551077305,-19.6547290658,-20.0835908257,-20.2709983762,-20.1894724219,-20.0254864989,13,15,14,15,15,16,0.827031627372053,0.931707317073171,0.0655200335000004
"Q9Y2Z4",NA,NA,NA,-22.9727055695,NA,NA,NA,1,NA,2,1,NA,NA,NA,NA
"Q9Y305",-23.7100686902,NA,NA,NA,NA,NA,2,1,6,3,4,1,NA,NA,NA
"Q9Y312",NA,NA,-22.4370096207,-22.1794134028,-22.296005391,-22.4993630761,1,NA,3,2,3,2,NA,NA,NA
"Q9Y314",-19.8043959541,-20.4998152157,-20.0478780377,-19.8977297891,-20.6993362751,-20.789523326,11,10,10,9,11,9,0.364001150086256,0.712609970674487,0.344833394233337
"Q9Y316",-21.4657909768,-20.9759548298,NA,-21.8083286101,-22.3750161056,-21.7804623237,6,4,2,4,6,4,0.0640449971247844,0.311418685121107,0.767062776500001
"Q9Y324",NA,-22.6110232186,NA,NA,NA,-22.6289145441,1,1,1,NA,1,2,NA,NA,NA
"Q9Y333",-20.0175295641,-20.0367561001,-19.9115322824,-18.6827596928,-19.9923239534,-19.1272144112,4,4,6,8,6,7,0.0997464059804485,0.392904073587385,-0.7211732964
"Q9Y371",-23.4167533038,NA,-21.7868241082,-23.8617069537,-21.6160085631,-21.9143507902,3,2,5,2,4,6,0.825106095457159,0.930224975546136,-0.137766603666666
"Q9Y376",-22.432357825,-23.3542569375,-22.6863558476,-23.6978781469,NA,-21.2030290404,7,9,8,9,9,13,0.56263125359402,0.828226154510142,-0.37386994305
"Q9Y383",-20.1653813518,-20.1982077876,-20.748656464,-20.3276952701,-19.7303739471,-20.5241802269,20,22,24,26,27,30,0.60809358826912,0.8531211750306,-0.176665386433335
"Q9Y399",NA,NA,NA,-23.9260826228,NA,NA,1,NA,1,3,3,NA,NA,NA,NA
"Q9Y3A4",-21.9898389014,-21.8690208899,-23.4343592249,-22.052156109,-21.8823880524,-22.0866777393,9,6,3,3,4,7,0.348870327774583,0.703477730323368,-0.4239990385
"Q9Y3A5",-20.5570489234,-20.7236587803,-20.9295857906,-20.4286864618,-20.7950253862,-20.416601097,6,7,11,9,8,9,0.510877372052904,0.803051317614424,-0.189993516433333
"Q9Y3B2",-20.1962958462,NA,-21.3131314837,-22.3518851636,-21.9876717691,-21.1961706248,5,5,4,5,5,4,0.0575159574468085,0.285451197053407,1.09052885421666
"Q9Y3B4",-19.417937204,-19.2913481932,-19.3963535895,-19.7571133704,-19.3836340457,-20.537149866,6,8,8,5,5,2,0.185089275445658,0.516772438803264,0.524086098466668
"Q9Y3B7",-21.2159438108,NA,-21.8249412951,-22.0827059944,-22.6342035922,-21.316249321,10,7,7,6,5,5,0.299895054629097,0.664425016812374,0.49061041625
"Q9Y3B8",-21.6237469567,-22.6160181778,-21.9179748232,-20.9778836893,NA,NA,5,5,6,5,2,5,NA,NA,NA
"Q9Y3B9",NA,NA,-23.0725868825,NA,NA,NA,2,3,4,3,2,2,NA,NA,NA
"Q9Y3C1",-19.6945064845,-20.4216651611,-21.5830368298,-20.006173374,-20.4919418592,-20.84829521,9,5,7,8,5,8,0.789116158711903,0.915459750757831,-0.117599344066669
"Q9Y3C4",-21.6487462869,NA,-22.6722032399,-22.3485679113,-21.2065667349,-21.2153165648,2,2,2,2,5,3,0.264665181138585,0.617067833698031,-0.570324359733334
"Q9Y3C6",-21.4114268364,-21.1408448289,-20.2282490432,-20.7059516095,-20.6779059731,-20.0989995066,3,3,8,4,4,7,0.294698964922369,0.655804480651731,-0.43255453976667
"Q9Y3C8",-22.366475119,-22.2377861803,-22.5205355987,-22.2682856623,-22.3790268952,-22.3800081043,4,5,4,6,4,3,0.878755894192064,0.942539388322521,-0.032492078733334
"Q9Y3D0",-19.8186718815,-19.7416392302,-19.8180238179,-19.3364737641,-19.7184394252,-19.6538867732,4,4,4,5,4,4,0.417550747556067,0.752676659528908,-0.223178322366667
"Q9Y3D3",NA,NA,-21.5145784848,NA,NA,NA,NA,NA,2,4,NA,3,NA,NA,NA
"Q9Y3D6",NA,NA,-20.6511865516,-21.9699102134,-22.1378115016,-20.7053370556,1,1,4,2,2,4,NA,NA,NA
"Q9Y3D7",-20.5112113762,-21.6080484011,-21.6431169251,-20.4879491743,-20.4508338625,-20.6545497414,3,3,1,2,2,4,0.0959732604945371,0.390773405698779,-0.723014641399999
"Q9Y3D8",NA,NA,-21.8840266243,-21.0424595356,-22.3168306742,-21.458040636,1,3,2,5,3,2,NA,NA,NA
"Q9Y3D9",-20.9450697385,-22.5848507161,-21.7888358498,-20.7893600065,-22.1138968634,-21.7294300899,7,1,5,5,4,6,0.62881843013226,0.863582908663269,-0.228689781533333
"Q9Y3E1",-22.7829839323,-22.4839781134,NA,NA,NA,NA,1,3,0,1,2,1,NA,NA,NA
"Q9Y3E5",-19.2354120299,-19.7972545658,-20.3346440171,-20.8488646766,-19.4357707119,-20.0301870671,7,4,5,6,5,5,0.477912305922944,0.784503631961259,0.315837280933334
"Q9Y3F4",-19.3209216941,-19.6082796908,-19.4152239894,-19.3847545844,-19.2939065573,-19.6820060895,17,20,22,18,20,21,0.963426538240368,0.969811320754717,0.00541395229999964
"Q9Y3I0",-19.9714381353,-19.7388182851,-19.8701680313,-19.6709137591,-19.4330697526,-19.766993603,22,23,21,21,25,25,0.391414031052329,0.736664795058956,-0.236482445666667
"Q9Y3I1",-23.9780723273,NA,-24.145579132,-22.7376300844,-24.0798600402,-23.7926995501,1,1,4,4,2,2,0.263997699827487,0.617067833698031,-0.525095838083338
"Q9Y3L3",NA,-23.8200634043,NA,NA,NA,NA,NA,3,NA,6,5,2,NA,NA,NA
"Q9Y3Q8",-21.4061762228,-22.3836378854,-22.5175519698,-21.8150377384,-22.1943560369,-23.5045941524,6,5,4,3,5,1,0.41798044853364,0.752676659528908,0.402207283233334
"Q9Y3S2",-23.6218139653,-23.5491058058,NA,NA,NA,NA,2,2,1,2,3,3,NA,NA,NA
"Q9Y3T6",NA,NA,-23.8753706548,-23.862113633,NA,-23.9642561624,NA,NA,1,1,NA,1,NA,NA,NA
"Q9Y3T9",-22.2171813551,-22.0643209138,-23.000205714,-23.3996270542,-24.3496983889,-22.4074503938,10,13,10,10,7,13,0.0887839275445658,0.370851370851371,0.958355951333335
"Q9Y3U8",-19.6997939476,-20.6023106168,-20.0555887032,-20.5528665043,-19.9510236524,-19.0856470097,5,7,6,6,6,8,0.554367596319724,0.826730518067044,-0.256052033733333
"Q9Y3X0",-23.4588225817,NA,-23.9696258496,NA,NA,NA,2,2,4,3,1,4,NA,NA,NA
"Q9Y3Y2",-21.3720128433,-21.69898883,-21.5371685026,NA,-22.5109310496,NA,3,3,5,4,3,7,NA,NA,NA
"Q9Y3Z3",NA,NA,NA,-24.8643800444,NA,NA,4,3,1,2,2,1,NA,NA,NA
"Q9Y446",-22.2119700027,-21.6028250826,-22.1325845667,-21.7265127253,-20.8915584273,-21.5566894663,13,15,17,14,20,16,0.135196808510638,0.450719822812846,-0.590873011033334
"Q9Y448",NA,NA,-22.9496697461,NA,NA,-23.1144088727,1,2,4,NA,1,3,NA,NA,NA
"Q9Y450",-20.3082723015,-20.7370497331,-20.594873784,-20.5513465884,-20.3989958825,-20.3938053316,19,17,17,19,16,18,0.70532748706153,0.878545454545455,-0.098682672033334
"Q9Y478",-21.9246281843,-22.8490638752,-22.0396224414,-21.3957453281,-22.956849948,-21.5563294328,4,3,3,4,1,4,0.518427113283496,0.8132170720514,-0.301463264000002
"Q9Y490",-19.8551936385,-19.9257826183,-20.0170407138,-19.8056147427,-19.9265577774,-19.6935432229,88,108,102,99,107,122,0.616985623921794,0.858467741935484,-0.1241004092
"Q9Y4A5",NA,NA,-25.271939237,-25.0538397663,-27.2795060269,-25.4623217381,3,5,7,8,6,10,NA,NA,NA
"Q9Y4B6",-25.8011920105,NA,NA,-26.1085692436,NA,NA,2,2,2,3,1,4,NA,NA,NA
"Q9Y4C2",NA,-23.8605070686,-23.5325163576,-23.7253810712,-24.905672726,-23.7229715622,8,7,6,7,5,4,0.358206584243818,0.710431654676259,0.421496740033334
"Q9Y4C8",-22.5685460805,-24.6620219862,-22.68222053,-23.910227253,-23.5721947158,-22.7785491409,6,6,7,9,6,8,0.814861989649224,0.926243002963451,0.116060837666666
"Q9Y4E5",-24.0571485251,NA,NA,NA,-23.9973214705,NA,5,3,2,5,2,NA,NA,NA,NA
"Q9Y4E8",-20.2536667404,-20.4509634477,-20.492935586,-20.3091934004,-20.0678824018,-20.2866674249,33,34,39,35,39,42,0.499957590569293,0.798212605832549,-0.177940848999999
"Q9Y4L1",-20.392354287,-20.7992737806,-20.5921799823,-20.2688096949,-20.6513196126,-20.8207677022,33,31,30,35,31,36,0.942303479010926,0.966166519564578,-0.0143036800666678
"Q9Y4P1",NA,NA,-23.3293423565,-23.155228331,NA,-23.2505976017,NA,NA,1,4,1,1,NA,NA,NA
"Q9Y4P3",NA,NA,NA,-23.4683364376,-23.6043764126,NA,1,1,1,2,2,1,NA,NA,NA
"Q9Y4R8",-24.1503536114,-23.1577115741,-23.5127244384,-21.6826620959,-23.2435812475,-22.2042526211,8,8,10,14,11,16,0.0324535652673951,0.201086956521739,-1.23009788646667
"Q9Y4W2",-21.2355796192,-20.8162282689,-21.3072013813,-21.0411502956,-20.9807300932,-20.9923920296,14,16,16,17,15,18,0.673671362852214,0.870086110071134,-0.114912283666666
"Q9Y4W6",-21.8948120815,-22.6125859667,-22.451085426,-22.3803802865,-21.8565145526,-22.6001556705,12,11,14,16,15,18,0.888612133410006,0.944410319410319,-0.0404776548666668
"Q9Y4X5",-23.7757649717,NA,-23.8642676705,NA,-23.5083419661,-23.8544510518,1,NA,2,3,1,2,0.629947958596895,0.863582908663269,-0.138619812149997
"Q9Y4Z0",NA,-21.7174562876,-21.0420038834,-21.7370374593,NA,NA,4,3,3,1,1,6,NA,NA,NA
"Q9Y508",-21.539536178,-20.8174854437,-20.5170947042,-20.1841642703,-20.2975241695,-20.8348545829,8,6,6,9,9,6,0.197106958021852,0.529155787641427,-0.519191101066667
"Q9Y512",-21.9813488353,-22.2294243373,-22.4756028701,-21.2151044402,-23.2560966918,-21.9174484704,5,4,4,7,1,3,0.820338412880966,0.928010471204188,-0.0992421467666667
"Q9Y520",-22.7960731162,-24.7096186191,-23.9115355342,-23.3956050755,-22.9521056589,-23.3526322973,28,20,26,25,27,21,0.24379399079931,0.589939024390244,-0.572294745933334
"Q9Y530",NA,-21.0106013502,-22.0643400989,NA,-22.0482039247,-21.9850554534,2,4,3,NA,3,3,0.303983323749281,0.665565102445473,0.479158964499998
"Q9Y535",-22.300424538,NA,NA,NA,NA,NA,2,NA,NA,1,NA,NA,NA,NA,NA
"Q9Y547",NA,-21.0705479276,-20.6687494241,-20.431853608,-21.3169811648,-19.4632161219,NA,3,5,5,3,6,0.387124784358827,0.731596828992072,-0.465631710949999
"Q9Y570",-22.8730055064,-21.0254479624,-20.7331611305,-21.7802843015,-21.2829984126,-21.828339454,3,10,8,5,7,6,0.848508913168488,0.940127388535032,0.086669189600002
"Q9Y580",NA,NA,-22.9462819083,-22.7490491343,-22.1280644479,NA,2,1,2,1,4,NA,NA,NA,NA
"Q9Y5A7",-24.301639705,-23.8366154887,-22.5679009303,-22.2606115715,-22.5041027289,-23.3059444304,6,5,5,8,6,6,0.10643156986774,0.411543287327478,-0.878499131066665
"Q9Y5A9",-21.7328642151,-21.2830877009,-21.2837212551,-22.1550609578,-20.6702146222,-21.237202705,8,10,12,14,13,13,0.831639735480161,0.933895009721322,-0.0790649620333355
"Q9Y5B6",-23.2100394302,-23.0347381305,NA,-23.1812433612,-23.8437542476,-23.9649286745,6,6,4,7,4,3,0.163964634847614,0.495136186770428,0.540919980750001
"Q9Y5B8",NA,NA,NA,-23.771979715,NA,NA,NA,2,NA,1,NA,NA,NA,NA,NA
"Q9Y5B9",-21.4339798475,-21.4265055666,-20.9066961153,-20.6168387292,-20.6802111437,-21.0046845233,20,21,26,28,23,22,0.150076049453709,0.473684210526316,-0.488482377733334
"Q9Y5J1",-21.048051996,-21.0818751783,-21.3405212422,-20.9892977317,-21.2148932984,-21.2631317718,7,12,11,11,9,11,0.975440483036228,0.973517559009787,-0.00104187153333513
"Q9Y5J6",-20.8161710717,-20.8246249728,-21.4948844808,-20.9264420665,-20.7067923627,-21.0298593373,2,1,1,1,1,2,0.618986917768833,0.85880933226066,-0.157528919600001
"Q9Y5J7",-18.6491908439,-19.5081740418,-19.4488862984,-19.8205453881,-19.0291883452,-19.4317543059,5,7,6,6,6,8,0.546111127084531,0.82487869430966,0.225078951700002
"Q9Y5J9",-19.9913453001,-21.1113159771,NA,-20.1259589628,-19.3960858354,-21.5457943776,3,2,3,2,3,3,0.735860552041403,0.901028733593473,-0.195384246666666
"Q9Y5K5",-19.7603567548,-19.2912340926,-19.6104913885,-19.3671123941,-18.9718617508,-19.2411975632,18,21,21,23,24,22,0.247075474410581,0.596530920060332,-0.360636842600002
"Q9Y5K6",-22.3608324456,-22.3957460098,-21.1958829772,-21.615110908,-21.5506171902,-20.7215209838,20,19,20,13,24,21,0.145495974698102,0.465116279069767,-0.688404116866664
"Q9Y5K8",-22.1465892411,-21.8417352361,-22.9631961397,NA,-22.0421398161,-21.1409247053,4,6,5,3,4,5,0.14710825186889,0.467505241090147,-0.725641278266668
"Q9Y5L0",-20.4339157043,-20.5347882412,-20.8398036609,-20.5166764011,-20.4785620892,-20.1046341648,33,28,26,30,31,35,0.43182892466935,0.76138147566719,-0.236211650433333
"Q9Y5L4",-20.0039431741,-19.301219728,-19.8823071178,-19.389246933,-19.5551054674,-19.2733116661,7,5,4,4,6,7,0.326644192064405,0.688295165394402,-0.323268651133333
"Q9Y5M8",NA,-22.8071649387,NA,NA,NA,NA,1,3,NA,3,4,2,NA,NA,NA
"Q9Y5P4",-22.5382385338,-24.1777522659,-23.0299483113,-23.681040092,-22.8391051902,-23.3682476021,5,4,4,5,6,4,0.896723691776883,0.950413223140496,0.0474845911000017
"Q9Y5P6",NA,-23.7670063554,-23.8229786714,-22.6151954176,NA,-23.7970529697,2,2,2,3,2,2,0.239418343875791,0.579754601226994,-0.588868319750002
"Q9Y5Q8",-21.6798028182,-22.0776264544,-21.9130992689,-22.6658767732,-23.3201484754,-22.3153303437,8,10,12,8,6,14,0.0442363427257044,0.257019438444924,0.876942350266667
"Q9Y5Q9",NA,-23.8834845269,-25.0284582623,-24.806661466,NA,-23.4284022977,3,3,3,2,2,5,0.573498131109833,0.83651804670913,-0.33843951275
"Q9Y5S9",-19.2397319632,-19.6750722309,-19.4877553844,-19.5142154407,-19.0772319593,-19.5904137625,8,7,9,7,8,7,0.79301883266245,0.91633064516129,-0.0735661386666671
"Q9Y5T5",NA,NA,-24.8970608827,-24.907193285,NA,NA,1,3,1,2,2,1,NA,NA,NA
"Q9Y5U2",-22.6343255839,NA,NA,NA,NA,-22.7705593397,3,1,NA,1,NA,1,NA,NA,NA
"Q9Y5X1",-21.873486306,-22.0485046731,-21.4461208227,-21.8584531555,-22.1234816779,-21.7008371442,8,10,12,9,11,10,0.721086256469235,0.889445438282648,0.10488672526667
"Q9Y5X3",-23.696369393,-22.510373282,-23.4732830137,-22.8092264488,-23.6766226234,-21.5247593952,10,9,9,6,8,9,0.314088556641748,0.672067401166559,-0.556472407099999
"Q9Y5Y2",-22.7341548202,NA,-22.5979556231,NA,NA,-21.3221712994,2,1,4,1,1,5,NA,NA,NA
"Q9Y5Z4",-20.8012293362,-22.0122299211,-21.2818864567,-23.0745791902,NA,-22.789973924,5,3,3,4,3,3,0.0111781196089707,0.125628140703518,1.5671613191
"Q9Y605",-21.1021721363,NA,-21.2475065568,NA,-20.7503103562,-21.056814067,1,NA,1,1,1,1,0.365131109833237,0.712609970674487,-0.271277134950001
"Q9Y606",-22.2454643954,-22.2808144643,-21.8126198289,-22.4769304183,-21.761313544,-21.5380000435,8,6,6,8,8,6,0.595055779183439,0.846185737976783,-0.187551560933336
"Q9Y608",NA,NA,-24.7601059478,NA,NA,-24.704122504,2,1,2,1,NA,1,NA,NA,NA
"Q9Y613",-22.0398776386,-21.958154903,-22.8230773177,-21.91875514,-23.0724246046,-22.3458866641,9,12,9,12,11,16,0.661078493387004,0.868089973313,0.171985516466663
"Q9Y617",-20.1776215829,-19.462098669,-19.3816103534,-20.5301356085,-19.7818824812,-19.4781377708,19,19,23,15,19,27,0.513086400230017,0.808029533917859,0.256275085066669
"Q9Y624",-22.9098964859,-22.8543378882,-22.0673229268,-22.7100136896,NA,-23.125034237,2,4,4,3,4,3,0.432283352501438,0.761506276150628,0.307004863
"Q9Y676",-20.9091261775,-20.8700395713,-21.4748956031,-20.7537663913,-20.5951643741,-20.9652676736,3,3,3,6,6,4,0.335413599769983,0.690431519699812,-0.313287637633334
"Q9Y678",-21.2056372046,-21.6569653542,-21.7062663575,-20.6479838289,-21.563236317,-21.3573045683,20,18,21,26,27,29,0.363248993674526,0.712609970674487,-0.333448067366668
"Q9Y679",NA,NA,-23.9487627393,NA,NA,NA,1,1,1,NA,NA,NA,NA,NA,NA
"Q9Y696",-20.1604394953,-20.2284443455,-20.6295345202,-20.3605203899,-19.6076306412,-19.9263012836,10,9,9,11,15,10,0.280443933294997,0.639747191011236,-0.37465534876667
"Q9Y697",-22.6672524869,-23.1230679533,-23.601156846,-24.1706872099,-23.9878733309,-22.9516033304,4,3,5,5,6,4,0.201623202990224,0.533847472150814,0.572895528333333
"Q9Y6A5",-22.2400807149,-21.5855551199,-21.2939563908,-21.7455646248,-21.2004034653,-21.1178908303,17,12,13,14,15,14,0.352403967797585,0.704918032786885,-0.351911101733332
"Q9Y6B6",NA,NA,-22.9188494459,-22.432880462,NA,-22.0265526211,1,2,1,2,1,2,NA,NA,NA
"Q9Y6C9",-19.9883275511,-20.1214957848,-20.5883224285,-19.7561409346,-20.3014053317,-20.3805676256,11,10,12,12,14,12,0.778296147211041,0.914314858891534,-0.0866772908333324
"Q9Y6D5",NA,NA,NA,NA,NA,-25.922256107,2,1,3,2,0,2,NA,NA,NA
"Q9Y6D6",NA,NA,NA,-25.4997630932,NA,NA,NA,NA,2,1,0,NA,NA,NA,NA
"Q9Y6D9",-23.1370436541,-23.0540462069,-23.3969831098,-22.8354429859,-22.8652601404,-23.2557729684,3,5,5,5,2,2,0.473375071880391,0.783162016642193,-0.210532292033335
"Q9Y6E0",-21.6596245777,-21.8375727163,-22.0156318355,-21.9461897702,-22.2208539434,-21.6548038525,5,6,6,4,10,9,0.716975416906268,0.887769784172662,0.103006145533332
"Q9Y6E2",-21.5946243188,-20.3258206358,-21.3602521398,-20.9859912443,-20.7496150647,-21.5725666246,22,20,18,18,21,26,0.961443645773433,0.968595521954056,0.00915861306666699
"Q9Y6G3",-20.6111481465,NA,NA,-21.5175314207,-21.4296327711,NA,2,NA,NA,1,1,1,NA,NA,NA
"Q9Y6G5",-22.4550472054,NA,-22.7221675022,-22.4092950875,-22.4315007756,-21.934133598,2,NA,1,2,1,2,0.317378378378378,0.673139158576052,-0.330297533433335
"Q9Y6G9",-20.564765948,-20.7429153875,-20.644304306,-21.2520911132,-20.4037505575,-20.85755909,20,15,19,19,19,17,0.563695802185164,0.828387096774194,0.187138373066666
"Q9Y6H1",NA,NA,NA,-22.2169799742,-22.0125274317,-22.3281637584,3,3,2,3,3,3,NA,NA,NA
"Q9Y6I3",NA,NA,NA,-23.3340005571,-23.6132129838,-23.8129084783,3,4,2,3,3,3,NA,NA,NA
"Q9Y6I4",-24.0802551474,-23.8358280316,-24.0945086257,-24.1320318867,NA,-24.1934168194,3,3,2,2,4,3,0.547737924094307,0.82487869430966,0.159193751483333
"Q9Y6J9",-24.2505492925,NA,NA,NA,NA,-24.8287937343,2,NA,NA,NA,1,3,NA,NA,NA
"Q9Y6K9",-23.1456965465,NA,NA,-23.1497576973,NA,NA,2,1,1,2,3,1,NA,NA,NA
"Q9Y6M1",-22.058840369,-23.110273688,-21.5707359354,-21.2711979444,-21.2866169715,-21.6912455468,10,9,15,16,14,8,0.0875812248418631,0.367732558139535,-0.830263176566664
"Q9Y6R4",NA,NA,-25.8602412052,-25.8867157451,-25.483038495,-24.9632649554,NA,1,2,2,1,4,NA,NA,NA
"Q9Y6V7",-23.9964885487,NA,-22.9411835047,-22.8574244294,NA,-24.0448148657,4,NA,5,3,2,3,0.953783064979874,0.966783216783217,-0.0177163791499986
"Q9Y6W3",-24.6635907453,NA,-24.9549626949,NA,NA,-23.7459860881,2,1,4,2,1,2,NA,NA,NA
"Q9Y6W5",NA,-21.9299116359,-23.7194031668,-21.5265327607,-22.4654192644,-22.5548398201,2,9,4,7,4,5,0.273853220241518,0.631130063965885,-0.642393452950003
"Q9Y6Y8",NA,NA,NA,-23.387278583,NA,NA,1,1,3,2,4,4,NA,NA,NA
