"protein_group","number_of_peptides_A_1","number_of_peptides_A_2","number_of_peptides_A_3","number_of_peptides_B_1","number_of_peptides_B_2","number_of_peptides_B_3","abundance_A_1","abundance_B_1","abundance_A_2","abundance_B_2","abundance_A_3","abundance_B_3","log_ratios_B..vs.A.","differential_abundance_qvalue_B..vs.A."
"P00925",98,98,106,76,75,76,32.780622363711,31.6886092091655,32.9932713344561,31.6841045937109,33.0495449765719,32.0508458857339,-1.13329299537623,0.0531322978535179
"P49327",88,83,85,84,89,94,29.4012248419293,29.5290054677067,29.7266079610824,29.4541785344352,29.8449146108616,29.8376139790143,-0.0506498109056999,1
"P63261",69,74,79,75,81,86,32.5267999682524,32.459471142836,32.7956136325577,32.5519026620193,32.821258597216,32.8229736596876,-0.1031082444944,1
"Cont_P60712,P60709",68,73,77,76,80,85,32.54791873756,32.4907752415924,32.8188175570082,32.5710853067854,32.8415833502356,32.8429804042003,-0.101159564075237,1
"P08238",84,85,94,88,85,90,32.4318103859941,32.5459298868849,32.907017169287,32.6824541539916,32.9523480999415,32.9743463148387,-0.0294817665024686,1
"P06169",84,81,93,65,66,70,32.2211301062509,31.0764736091483,32.6112558390371,31.3158441595711,32.6089568357115,31.590250893751,-1.15292470617637,0.0561284181598124
"P21333",72,67,77,76,77,78,28.928095612615,29.0028433371504,29.3791073010817,29.22097576829,29.5293774102955,29.5865107746981,-0.00875014795123263,1
"Cont_Q2KJD0,P07437",78,77,80,84,84,91,31.7348033566071,31.9521037508032,31.95893541681,31.7777357000492,32.0736766071483,32.10453796946,0.0223206799156657,1
"P78527",78,75,80,76,77,86,28.710006255262,28.6887143116597,29.3119846796383,28.7588644713591,29.1697135619435,29.1044019957442,-0.213241239360266,1
"P68371",75,76,78,82,81,87,31.4897438581443,31.6989218742336,31.7170721463992,31.5106420081489,31.8029390269286,31.8170680638844,0.00562563826493327,1
"Q14204",74,65,71,68,76,81,28.1352550850229,27.9686276863506,28.5030219808751,28.1489571977143,28.5432882904463,28.4891563354462,-0.191608045611067,1
"Q9BQE3",62,63,68,68,69,70,31.1783669979498,31.29824412189,31.3390462761029,31.258913755784,31.514866201506,31.5784872909185,0.0344552310112671,1
"P00359",76,75,77,62,56,61,33.3484946272064,32.2219997560815,33.6477305811269,32.3795150707914,33.5875852584281,32.6794593741887,-1.10094542189993,0.0561284181598124
"P00924",73,73,76,57,58,59,32.5733510977804,31.4883893539173,32.802673534451,31.5309455218289,32.8830255347102,31.8758869339092,-1.1212761190954,0.0535112006627348
"Q9Y490",60,70,62,69,65,73,28.3460521477192,28.5887770733143,28.8293511139856,28.4230353563853,28.8906318533462,28.8961232925016,-0.0526997976165996,1
"P07900",69,72,75,71,69,71,32.0175455183978,32.1579221860601,32.5067457015326,32.2834625740686,32.5546808850747,32.577420990648,-0.0200554514094691,1
"Cont_P81948,P68366",61,60,63,65,71,65,30.6347293061244,30.7623367177482,30.9072519432289,30.6804361471385,30.9878568525411,31.0111707693488,-0.0252981558862982,1
"Q9BVA1",66,68,68,74,71,78,31.2526839094713,31.4976066502102,31.5098114821174,31.2793714026789,31.5768975181252,31.5987348511438,0.0121066647730004,1
"Cont_P68103,P68104",62,65,72,64,66,65,32.6336454828855,32.3746498940048,32.9768837084262,32.5530126005501,33.0253227593742,32.8727362122912,-0.278484414613267,1
"Q13885",63,66,69,72,74,72,31.2529162955461,31.4976978845211,31.5113765008229,31.2813942411665,31.5786115549253,31.6001698358432,0.0121192034121655,1
"P00549",61,62,71,55,44,59,32.2161340784167,31.2028951837299,32.5620413743235,31.2202940344164,32.6103250285934,31.6120329125614,-1.11775945020863,0.0561284181598124
"P11142",65,67,64,63,57,67,31.9269151436799,31.9160501920046,32.297533020793,31.9487406153896,32.3006156542453,32.2467321915603,-0.137846939921232,1
"P04406",49,49,56,53,56,60,31.8357891526143,31.4687723059485,32.0825043048804,31.4444979190026,32.0631060340435,31.8084296589025,-0.4198998692282,0.951248179141054
"P06733",55,56,56,58,54,54,31.8487562585032,31.8371571704949,32.1606593072174,31.9395137543413,32.213920742402,32.2575799109225,-0.0630284907879677,1
"P14540",57,57,55,40,39,46,31.2682769896663,30.1066209238739,31.5125695257008,30.1780602666106,31.5395515734116,30.5303198868888,-1.16846567046847,0.0165762914140767
"Q00610",56,52,61,57,61,67,29.1024013814668,29.2102336025807,29.4936763967961,29.2006781885623,29.5411723762195,29.5275922605937,-0.0662487009152339,1
"P10591",69,63,66,55,47,55,31.6735625959437,31.0427858838743,32.0099270034362,31.0726852864762,32.0373126798439,31.3262359449033,-0.759698387989999,0.163451902701955
"P13639",61,61,64,58,65,69,30.8393353841206,30.6688648634235,31.1607136182298,30.9290874361096,31.2046703893999,31.2146766336424,-0.130696819524932,0.980262500853008
"Q15149",48,40,50,52,49,52,29.2242527125144,27.2538014734717,29.5959292077884,28.6406032914876,29.7217076214086,29.069264221029,-1.19274018524103,0.222987158400933
"P10592",61,59,64,51,43,55,31.5547848546742,30.9577537148334,31.8951498741607,31.013045743964,31.9511157103989,31.2517499462344,-0.726167011400666,0.201894462180771
"P04075",49,55,60,54,56,57,31.139293252879,31.1922598498708,31.6316696582984,31.2769984425585,31.6008991534709,31.6210483350272,-0.0938518123972649,1
"P49792",37,44,46,45,45,48,27.4770679863323,27.4384100184109,27.8417383360698,27.4772503472521,27.9965620152441,27.8694442688585,-0.176754567708233,1
"Cont_Q2HJ86",51,48,65,48,53,53,31.0870446807141,31.2449136936929,31.2418861476502,31.1636886746165,31.4221321537193,31.4807783699889,0.0461059187382335,1
"P00560",66,54,64,52,53,53,32.8165708180427,31.9578154305152,33.1735899171699,31.8972691983316,33.20786050365,32.227519439416,-1.03847239019993,0.0606861827534746
"P52272",53,56,63,52,57,66,29.5552752138519,29.463681267484,29.8306126880966,29.5521697585276,29.8809423223579,29.791991223525,-0.152995991589934,1
"O75369",43,50,47,49,46,49,27.2841850208845,27.3859823032997,27.7757436883912,27.592398408706,27.7762029864266,27.7993076128656,-0.0194811236103334,1
"Q14315",52,49,50,53,54,49,28.3141987513848,28.3877534901542,28.7649912192803,28.5568243277019,28.7782887271122,28.8267974057783,-0.0287011580476341,1
"O75643",49,43,48,54,55,53,28.0488862679793,28.1836561268977,28.3405959684041,28.1595256944361,28.5045147320915,28.4605607587063,-0.0300847961449335,1
"P02994",61,59,56,45,47,47,32.5174634710231,31.8132684236427,32.9029344366794,32.1211414053678,32.9235316935449,32.4113781880596,-0.666047194725767,0.39835328915175
"P32324",51,52,58,44,41,39,30.3770009042566,29.3651552789609,30.7335571055476,29.5439641241547,30.7609079214752,29.8884595497739,-1.02462899279663,0.0690556871676902
"P16521",53,56,55,37,38,36,29.5515869387431,28.5491955946616,29.912153925133,28.6238405309681,29.9296662945252,28.9234424693937,-1.09897618779263,0.0314017673249535
"P07814",47,40,43,43,48,51,28.2130153457753,28.1419923473153,28.6854059417303,28.4932672775035,28.7453968493389,28.8101801383885,-0.0661261245457337,1
"Q13263",39,42,44,44,48,43,28.5457575359536,28.5567413168909,28.8234041721834,28.5149360105924,28.7844448456453,28.8223139847146,-0.0865384138614663,1
"P35579",39,39,44,48,47,56,27.7961894631304,27.741295700801,28.1382113244941,28.1024928519749,28.1446632212045,28.450274404532,0.0716663161596335,1
"P0DMV8,P0DMV9",51,49,46,47,43,45,31.2384115912799,31.0081408326648,31.5067323867625,31.1562539285989,31.5820035452502,31.3444011638086,-0.272783866073432,1
"Q5T4S7",39,44,51,42,44,54,27.4227941812914,27.5693183720992,27.936689063976,27.641197448703,27.9631663215736,28.0294468127751,-0.0275623110879006,1
"Q08211",53,49,51,48,50,59,28.8662924493142,28.9337740257933,29.3298651659867,29.0115407044132,29.3301460532199,29.3620324952362,-0.072985481026033,1
"Q9BUF5",47,47,50,55,54,54,30.2242859846959,30.4202196921431,30.388272096979,30.1916762969383,30.4594480038004,30.4517799615203,-0.00277671162453312,1
"Q6P2Q9",41,39,46,44,45,51,27.4683425124999,27.5095638498562,27.9343393078566,27.5552245351284,27.9973156066927,27.9410528914295,-0.131385383545033,1
"Cont_P00330,P00330",48,49,49,34,32,34,32.1345045022724,30.9980967029481,32.4084889957581,31.1188482634457,32.4150372843005,31.4367346675382,-1.134783716133,0.0531322978535179
"O43707",51,43,48,42,48,49,28.6786397875336,28.7282512463583,29.0248320971601,28.814377005634,29.1160442253885,29.0941431011652,-0.0609149189748995,1
"P35580",44,37,44,41,49,47,27.5353976042877,27.8794539654474,28.1125907913813,28.0530140614505,28.5652638814624,28.3698499751224,0.0296885749629669,1
"P00358",54,49,52,45,40,43,33.1265529281707,32.0485816610896,33.4486865024507,32.1977068383282,33.3834869065037,32.4961536760043,-1.07209472056767,0.0565415321125402
"P10809",40,40,44,47,42,45,30.0622242138799,30.1238747995634,30.5310666886324,30.0954144083417,30.3839165055164,30.3748910296239,-0.127675723499901,1
"P19097",49,47,47,35,28,35,27.9952730606861,27.2778801780584,28.2455426966607,27.4784317987694,28.5523472090154,27.8069756258879,-0.743291787882166,0.169566788928069
"P27708",36,38,40,48,41,52,27.3751924587809,27.4916647439231,27.6184338981525,27.3478105766732,27.7866909941101,27.8525402721853,-0.029433919420633,1
"Q09666",28,34,30,30,31,32,26.7826600416381,27.0536771851561,27.3616901580599,27.0345914431251,27.3325188922649,27.2341859267729,-0.0514715123029331,0.999069349868874
"P60010",41,40,47,32,35,38,31.7618428601819,31.5382057494751,31.9678789154079,31.647747815495,31.9989587853572,31.8939922879549,-0.216244902674,1
"Q92616",36,35,38,39,38,46,27.2636984499847,27.5053627300414,27.7040959304329,27.5336770388216,27.8944259018207,27.8976536418568,0.0248243761605001,1
"P07259",47,38,47,34,28,34,28.0773126966822,27.1922613551201,28.3612064917798,27.2357745394136,28.4850764068187,27.57172753427,-0.974610722158999,0.0717267682307436
"P12270",39,44,44,40,41,47,27.5255359826922,27.7326192779844,27.9706196441918,27.7761775797066,28.0574540403034,28.1343069238226,0.0298313714420667,1
"P42704",46,45,44,45,45,42,28.2658864109818,28.3589524212244,28.5565866234391,28.4408771495634,28.6992111861643,28.747997374465,0.00871424155586809,1
"P14618",34,37,35,44,38,44,29.4749641040047,29.5335020296013,29.7766383459017,29.5129216243803,29.7919220896072,29.8510496723665,-0.0486837377218331,1
"P18206",40,41,42,43,40,44,29.1168809181863,28.3837286787899,29.6124477281549,29.261708297595,29.5800381540538,29.5521018453949,-0.370609326205066,1
"P22102",42,40,39,38,36,38,28.6482212958772,28.7040573977448,28.9534105240638,28.6998983739575,29.1178998729389,29.1516704922568,-0.0546351429735985,1
"Q13509",38,42,44,47,44,50,30.8246034667172,31.0513259556935,31.055964701309,30.7786742362747,31.0872566091957,31.1283990501906,-0.00314184502103387,1
"P05030",43,40,43,27,28,28,29.4585380327988,28.501115559772,29.8942145706684,28.6679778612436,29.9208105058594,28.9437810838098,-1.05356286816707,0.0451328391258042
"P50990",41,42,43,44,46,47,29.6396681592348,29.6827691792534,30.0161591176439,29.8785899039882,30.1153161268299,30.1583942722135,-0.0171300160845019,1
"P07149",41,40,45,22,26,29,27.6286264228221,26.6372558022435,28.0260044740685,26.9790708379119,27.9907760392775,27.0615692927709,-0.989170334413932,0.072016727536421
"P78371",34,35,40,39,38,34,28.8826584402695,29.052372691197,29.409757483741,29.0515926475297,29.4257620618345,29.3744721334748,-0.0799135045478335,1
"P00360",44,40,42,33,29,34,32.5100652308894,31.4391551927805,32.8829139986158,31.6637426715714,32.8222817906136,31.9527288074594,-1.05321144943583,0.0641347676904687
"P06748",26,35,38,26,28,34,30.8470526612838,30.8787917516777,31.2176274718672,30.8848887582334,31.1316448907209,31.1668250684418,-0.0886064818396667,1
"P06576",32,33,35,39,35,40,29.3572848614665,29.3261522651746,29.6467099834417,29.2090707511108,29.7880635199476,29.6207716588288,-0.212021229913866,1
"P53396",38,35,36,43,39,42,27.8960846640995,28.0548775237658,28.2251755101735,28.1026477458967,28.3703513748873,28.3943881140543,0.0201006115188337,1
"P14866",33,32,36,38,37,39,28.6002837380358,28.6721448548424,29.0815096065206,28.6947031580037,29.0118515266839,29.0465000673774,-0.093432263672265,1
"Q14980",32,32,33,35,34,35,26.3571079022351,26.3254657710097,26.7879528614944,26.5995214204083,26.9521737087497,26.8567117031191,-0.1051785259807,1
"P38646",38,37,35,42,37,37,29.9675789639903,29.8159069381444,30.3528173217075,29.8808055947451,30.5687200615747,30.1519431046492,-0.346820236577933,1
"P00558",28,32,31,35,36,38,29.7637758500404,29.9111329197792,30.1178566053794,29.8326995051545,30.20884041942,30.1615538705932,-0.0616955264376339,1
"Q7KZF4",34,30,33,37,42,42,28.5146390578789,28.5365555238939,28.9542137082688,28.6429297726965,29.7097970194456,28.9317386169801,-0.3558086240076,1
"P49368",37,40,34,41,38,41,29.13079441438,29.4165230941911,29.5189951315388,29.2070984990097,29.6470974870806,29.6656182732047,-0.00254905553130058,1
"P0A853",21,22,23,44,41,40,28.4977701126673,30.4038206813509,28.8840530143203,30.274560864043,28.8125371210421,30.5982466628314,1.6940893200652,0.0157008836624768
"Q14974",32,33,37,34,36,36,28.0820895785548,28.26948042611,28.5159822606596,28.3150733932604,28.6448617588943,28.5826587318579,-0.0252403489601344,1
"P48643",33,30,31,39,35,31,28.975818237075,29.4718344489429,29.9773671024204,29.1045179741291,29.3480089482383,29.9324786228033,0.0692122527138667,1
"P34932",34,34,34,35,34,37,28.2410310259319,28.4636543297863,28.5868149399449,28.4336459260441,28.6271288408726,28.6369566695925,0.0264273728911668,1
"P11484",44,35,34,30,30,35,30.0394683084543,29.1726914972345,30.3338693074477,29.0903776916096,30.3756709294472,29.3885939967915,-1.03244845323787,0.0314017673249535
"P40926",34,32,35,38,38,32,29.690692757251,29.8035333242397,30.0143915485077,29.8427536331934,30.1568090974797,30.2165426511522,0.000312068448966585,1
"Q12906",32,36,29,32,38,34,27.9746740052161,28.1214188988553,28.4141446761082,28.1857767940348,28.4749972656446,28.4929471331332,-0.0212243736485339,1
"P22314",30,33,31,29,32,35,27.7042005441305,27.6668594853001,27.9749702103735,27.7291930579651,28.0405109707644,28.0755620609138,-0.0826890403631329,1
"P49321",32,30,36,32,37,34,28.2566914349111,28.0407201484947,28.7641448011622,28.5789774899827,28.778781298305,28.8685655239496,-0.103784790650433,1
"P04806",38,35,44,27,27,30,29.8076773289313,28.795963338602,30.0171820485389,28.8073468634195,30.1078506459,29.1219274193102,-1.06915746734617,0.0314017673249535
"P35658",30,27,31,35,35,32,27.0415258096431,26.9858355977157,27.4212970961568,27.1681821088003,27.8242047839826,27.4685667469192,-0.221481078782434,1
"P15108",44,43,42,37,37,37,31.0775956523054,30.6921767023439,31.4721381116051,30.7534119265197,31.5689975109675,31.0564979776905,-0.538881556107967,0.226089051904092
"P02549",27,31,32,29,29,33,26.4785864630792,26.3668831230235,27.0799383347291,26.327206549387,26.7282758502502,26.6212572049443,-0.3238179235679,0.883187851964707
"Q3ZCM7",33,29,37,39,36,37,30.0425758365952,30.2547403082325,30.2699058349931,30.0902419922015,30.3870440137918,30.3765343999861,0.00733033834666467,1
"P55072",36,36,37,37,35,47,28.621493656604,28.7218092973748,28.9714064656168,28.5769919439682,29.0318951759432,29.0147715535361,-0.103740834428298,1
"P09651",30,30,34,33,33,34,30.0960041051042,30.0911456066539,30.3016904334485,30.0484088778331,30.3541303109068,30.3904429377606,-0.0739424757372996,1
"Q00955",39,33,41,31,23,23,27.3881536986146,26.9049947896588,27.7831213409012,26.4834675731842,27.7859844923608,26.7259729980466,-0.947608056995667,0.0819706099131648
"P16861",34,32,37,20,24,28,28.658874250391,28.1057323875869,28.8546431880206,27.9104118017382,28.9048896236537,28.2227554064757,-0.726502488754833,0.0848996953129595
"Q00839",32,31,37,33,37,36,29.6915459938694,29.7588669105992,30.0105562764197,29.8059750598008,30.1210199555292,30.15307356338,-0.0350688973460992,1
"P33991",28,31,31,33,34,33,27.584103134155,27.7412203904255,27.9855337980277,27.9023674775016,28.0721793916362,28.1433154776941,0.0483623406007657,1
"P31539",31,35,37,28,26,30,28.2879675054976,27.6248798836922,29.0218058442089,27.9988476000684,28.624575161833,28.3763287829215,-0.644764081619133,0.530376568437997
"Cont_Q1WEI2",28,25,34,28,28,28,30.2450180386478,29.9617193987033,30.5277281441217,30.0893083897718,30.490481475256,30.3528734786746,-0.286442130291933,1
"P40150",41,33,33,30,29,35,30.048195489393,29.2163200229649,30.3485725637938,29.124531388399,30.3850719256431,29.4091549809262,-1.01061119551327,0.0314017673249535
"P17987",33,29,32,36,38,38,29.0736123815754,29.0603095257512,29.4398197264864,29.1848694422956,29.5082817640119,29.504053377687,-0.0908271754466341,1
"Q15029",31,28,34,30,32,33,27.9738026257681,27.9536373361675,28.3687619452613,28.1103730674476,28.4293319023014,28.4246176448769,-0.0944228082796007,1
"P16157",28,26,28,25,31,33,26.1638259290234,26.3379935365415,26.5604863102,26.3445089855636,26.5848759335231,26.6155833918569,-0.00370075292816689,1
"P12709",29,31,32,27,23,24,29.6259656290586,28.6141707427555,29.9529827343496,28.7436825039899,29.8730481856661,28.9937807923057,-1.03345417000773,0.0314017673249535
"Q15365",30,23,29,30,30,31,29.022465686358,28.9873006217159,29.2738815179657,29.0317649661068,29.4825954027222,29.3670066137123,-0.130956801836968,1
"P00338",29,32,33,36,31,38,30.5309664708447,30.446236361812,30.855351464414,30.4793166052372,30.8353847784726,30.8044401659257,-0.163903193585465,0.953764735150512
"P41252",33,34,35,36,38,31,27.2233496539649,27.3713568427977,28.1289702301327,27.8243581514768,28.0851505135282,27.4297914763851,-0.270654642322067,0.964475913381023
"Q99832",31,31,35,32,36,38,28.9629432084606,29.0272638272794,29.622654111404,29.2376805812659,29.4188330177865,29.5463122133273,-0.0643912385928343,1
"Q13200",30,34,34,35,28,38,27.7032013900309,27.3038505496748,27.6024637302004,27.4289724667335,28.1504888861598,27.7846280567116,-0.312900977757067,0.902595126663741
"P31939",28,29,30,31,28,34,27.9022497892207,27.9815590947571,28.123944401724,27.9795268978058,28.1250824966375,28.3148519135516,0.0415537395107665,1
"P46940",28,28,27,31,30,31,26.9198916055073,27.0075702140572,26.8228408543378,26.7259297421985,26.9644721071378,26.9567512844305,-0.00565110876556811,1
"Q04637",28,31,32,37,32,36,27.5493514351709,27.566139186583,27.8271756951545,27.7081242503094,27.9212607459938,27.9018844251083,-0.0405466714395004,1
"P22626",29,30,31,31,30,31,30.0391021189204,30.041565245401,30.2556698893285,30.1028581955803,30.3671351608245,30.4115014195829,-0.0353274361697338,1
"P43243",25,28,27,28,28,34,27.8306722566496,27.7788124731142,28.3465467365494,28.0280793973758,28.3364395464709,28.3961660066259,-0.103533554184665,1
"P02829",37,39,38,31,31,32,30.9920178277029,30.6389955133811,31.3954634020009,30.6950037281595,31.4838440628487,30.9947567937641,-0.514189752415933,0.226089051904092
"P55060",22,32,30,29,30,36,27.6732651821411,27.7090865478322,28.1310576508083,27.8647446007734,28.19248321169,28.1276527620409,-0.0984407113309681,1
"O75533",28,26,26,24,28,32,27.2530953949216,27.1070743282307,27.5192773896097,27.3618443402903,27.6337240738734,27.7994994204326,-0.0458929231503677,1
"A6NHR9",20,26,24,26,26,31,26.1214453014376,26.3931852646091,26.7630257062632,26.4527472329183,26.6702122317467,26.8897418829231,0.060330380334334,1
"Q7Z6Z7",29,22,27,30,27,25,26.1178375862613,26.2165315501614,26.1877297696362,26.1088541472334,26.4671471677974,26.166030955602,-0.0937659568993657,1
"P09972",28,28,26,26,27,26,28.8796551314581,28.8626655424875,29.2309584565824,28.9583603088075,29.2383381133023,29.2722594361355,-0.0852221379707684,1
"O14980",25,25,28,30,29,33,27.5755679827531,27.7631772051366,27.9642390587344,27.7099479036008,28.0954050716839,28.159460097721,-0.000875635571000307,1
"Q9UPN3",15,21,16,23,19,27,25.7233823279888,25.8305440264857,26.2354008883618,25.6039778435438,26.2116180157506,25.9744190538254,-0.253820102748766,1
"P49588",26,27,28,29,26,34,27.5511001366447,27.6513930286573,28.0259090365092,27.7516082091868,28.0077582215559,28.0496322166985,-0.0440446467224002,1
"Q9UQ35",25,29,24,26,24,26,26.7155487735422,26.5484382475058,27.0913495078329,26.8466164294865,27.1298326277591,27.1299758128992,-0.1372334730809,1
"P26599",24,27,27,32,25,26,28.0069574372393,28.0997876175996,28.3958772938794,28.3630793447741,28.6175059153295,28.641326681616,0.0279509991804995,1
"P68032",29,25,31,31,35,31,31.9854856779399,31.7713689679921,32.1440554216344,31.8660114717712,32.1708819776319,32.1256102212318,-0.179144138737032,1
"P26038",28,28,30,28,34,35,28.7924642450532,28.5866649266968,29.1454839510488,28.919231238894,29.2185817117575,29.2163500738549,-0.1447612228046,1
"P50991",27,20,26,30,24,30,28.7613662845548,28.7710960895837,29.1296969738426,28.9670095794745,29.2619898637887,29.3045579874358,-0.0367964885640326,1
"Q9NU22",21,18,20,22,19,26,26.4407989752056,26.2945952295077,26.7013117505446,26.1025505186666,26.7677975170796,26.3372869270275,-0.391825189209334,0.679374994188194
"Q14008",24,21,27,26,26,26,26.4324746150249,26.6607646732257,27.0031342444539,26.5571837912262,26.8763960999067,26.748844617379,-0.115070625851533,0.989259596430947
"P11940",28,27,29,28,28,33,28.2230608858566,28.4084720214903,28.5568764700787,28.3261563806846,28.7143417461207,28.6391347719565,-0.0401719759748656,1
"P63244",25,25,24,29,26,24,28.9726372504274,28.9651460080552,29.3632549046102,29.0110572785562,29.1696782425642,29.3141925267362,-0.0717248614180666,1
"P19414",31,28,31,24,26,27,28.3544464666445,27.4968262332407,28.7296799643304,27.5517053284026,28.9635950712165,28.1139997916827,-0.961730049621799,0.12507686679035
"P02545",35,36,36,34,36,36,29.0331317516863,28.9296902204906,29.4577717507566,29.1893014106122,29.3920072310079,29.4782693401875,-0.0952165873868343,1
"P38972",26,25,26,16,15,18,29.092263722113,28.580126162417,29.4593251730844,28.6767145601516,29.5386326331822,28.9523530771584,-0.627009242884201,0.0601771188344056
"P17255",31,31,29,15,19,17,28.3381093210825,27.1992249614707,28.7834554033951,27.656790240287,28.6732986145974,27.5500343022852,-1.12960461167737,0.0565415321125402
"Cont_P02769",23,24,29,29,32,32,27.940230603371,27.8865440038445,28.3849158596504,28.0398610053566,28.4610582200465,28.3691225825335,-0.163559030444433,1
"P09874",25,28,32,27,30,27,27.9284957852613,27.9525590833248,28.0989003214811,27.9780933304249,28.1285206670717,28.113923351122,-0.0371136696474667,1
"P26640",26,22,24,29,30,23,27.8158770431757,27.3737653850846,27.6664663101364,27.45118456926,27.6766591500653,27.7733175198914,-0.186911676380467,0.963609599123618
"P13796",25,25,28,31,29,31,27.5477241525162,27.7191878365449,27.8727412840415,27.5957585174175,28.5625047021303,28.4943368020404,-0.0578956608950657,1
"Q92598",29,33,26,25,27,27,27.054090882249,27.4341640821546,27.5071552522506,27.3151795587426,27.533029529379,27.6171575856207,0.0907418542130986,1
"P12814",23,24,25,27,26,26,27.4648787384747,27.624131571655,27.736662150464,27.5717172358866,27.8568025870236,27.8895395192305,0.0090149502699326,1
"P22137",25,29,23,12,16,21,26.9043728670642,26.0108044947948,27.2728601193445,26.1183074435474,27.1840585593903,26.3029435637214,-0.976412014578467,0.0641347676904687
"Q92945",25,24,27,28,26,23,27.7907054462333,27.5935328019328,27.9936698981839,27.8154303033844,28.1010764112946,28.2277344714552,-0.0829180596464667,1
"P08243",28,27,31,32,32,33,28.1186722895325,28.164773457171,28.5703385561505,28.2231366194112,28.4894607843939,28.5076590434607,-0.0943008366780008,1
"Q15393",22,18,20,17,26,26,27.1091037176204,27.1756680185454,27.5422843385149,27.3155445812098,27.6226835994885,27.6637860957528,-0.0396909867052659,1
"P04807",26,29,27,14,22,18,29.1358263750909,28.3136881026113,29.4527174513908,28.3980136281651,29.4810097984044,28.7100854204996,-0.8825888245367,0.0486457628477956
"Q9NR30",28,29,30,30,30,34,27.8947250804701,28.0957586956417,28.3573294335108,28.1860874826313,28.5081847877262,28.5119252555965,0.0111773773874665,1
"P62937",25,24,23,28,23,29,30.155601741216,30.462985714656,30.3941449808405,30.0853299754809,30.3991189536065,30.4059467218974,0.00179891212376641,1
"P25205",27,23,25,24,28,26,27.5161465405761,27.6226166919442,27.8933167158902,27.6645167286869,27.9571855763426,28.043183353891,-0.0121106860956009,1
"P11021",27,28,27,26,26,31,30.0012069851579,29.7943112475246,30.2521303623131,29.8649510387818,30.3130434115826,30.1235107934324,-0.261202559771601,1
"P37291",33,33,33,22,26,18,29.3875723412588,28.2720257299868,29.7045473724144,28.4219991726046,29.7587249196333,28.653443732916,-1.16779199926637,0.0392058261651951
"P25705",21,22,28,28,22,29,28.8380412999391,28.8453932827822,29.2665463703853,29.0631043878227,29.344985553297,29.3894483252921,-0.0505424092414657,1
"P50395",27,26,28,26,26,28,27.88860567944,27.990278072172,28.2882921588153,28.0337199049388,28.3463459993825,28.3838293833177,-0.0384721590697671,1
"O00410",25,23,25,24,21,31,26.7738143056974,27.2897421360276,27.302613127521,26.6250019997536,27.1864410268433,27.1542130280776,-0.0646370987343007,1
"P54115",31,29,31,22,22,18,28.8358807860053,27.7514472156402,29.2331588496482,27.9607004573036,29.2486155696006,28.3141204571822,-1.0971290250427,0.0475244483321941
"Q16658",27,27,30,28,27,31,28.6692494907273,28.5065828897722,29.0666932929191,28.8123727961778,29.0416907308308,29.0878671259278,-0.123603567533133,1
"P25694",31,33,34,23,21,19,28.1193523075238,27.2907627630416,28.5289450373469,27.4306064484879,28.5634703635625,27.6683469255918,-0.940683857103969,0.0837953901038851
"P51610",22,26,23,23,22,22,25.9658632679402,26.1174149801796,26.513353764994,26.0636226899259,26.4235831102253,26.5058104638283,-0.0719840030752342,1
"P56192",19,19,26,23,26,30,26.9319283866943,27.0689833973912,27.2267626066562,27.0113849269007,27.2834307803588,27.2911222084583,-0.0235437469863662,1
"P12277",28,22,25,29,23,25,28.4732165954546,28.6272837239125,28.7981140977386,28.4937896201271,28.7680848554185,28.8331125485857,-0.0284098853287998,1
"P31943",24,25,28,28,29,28,28.2203482129737,28.2523920026193,28.6495611032995,28.5220087899471,28.7355930014224,28.7438624411725,-0.0290796946522344,1
"P0A6Y8",11,11,9,23,19,23,28.944528076216,28.9116596030295,29.0440430235688,28.7311703656088,29.1464766946359,29.0233264485571,-0.156297125741767,1
"P49915",28,26,28,28,29,31,27.400305140103,27.5533784058271,27.8445184376131,27.533620368099,27.9117525755728,27.9552697040728,-0.03810255843,1
"P16862",27,23,25,16,18,14,27.6987791567214,26.5290791249589,28.0917523822014,26.9894247319293,28.1574795516857,27.2623987039118,-1.0557028432695,0.0837953901038851
"P23246",22,22,25,27,24,29,28.7285427288003,28.6306310773035,29.1373101397509,28.5267723930838,28.8201364927291,28.8321386465963,-0.232149081432233,0.995970994747504
"P38011",23,25,27,20,17,21,28.2780177675908,27.4091931870503,28.6915095738528,27.4041795494805,28.6880087510567,27.6265476863917,-1.07253855652593,0.0565415321125402
"P30041",25,24,29,26,26,25,29.278739684783,29.3884464573441,29.5139910145036,29.3080445571098,29.6292492155221,29.6196169639664,-0.0352906454628013,1
"Q8WUM4",24,23,26,25,24,29,27.5002141148036,27.4189426217942,27.7177067505196,27.5263461643579,27.9949694321678,28.0511959940157,-0.0721351724410665,1
"Q15233",22,22,29,24,28,30,28.3656131963558,28.234081526514,28.9014896910835,28.6059440216221,28.8409031350347,28.9224345061543,-0.115181989394533,1
"P38009",27,25,31,15,16,20,27.9670116910017,26.9154853558653,28.2568988524983,26.9247973747152,28.4004315361506,27.3824543703365,-1.13386832624453,0.0565415321125402
"Q14566",26,27,26,23,27,26,27.4780530295483,27.3584457019629,27.7981935181161,27.6335030327358,27.8521214169459,27.9154125017932,-0.0736689093728001,1
"P14625",29,25,28,26,29,30,29.1935256612872,28.9306923168773,29.5908831633881,29.2983982431705,29.6816939526858,29.5960947581552,-0.213639153052701,1
"P49411",23,23,24,25,28,25,28.2958211921196,28.3339736894651,28.7570348965041,28.4384425080695,28.7664944342547,28.7646089196653,-0.0941084685594996,1
"Q9UQ80",26,29,24,30,27,28,29.2533255504324,29.1859955681082,29.5536959635159,29.2631592884969,29.4598546964566,29.5166359020761,-0.100361817241232,1
"P02786",28,25,30,23,29,28,28.6175750779739,28.6862322760998,29.0662133822552,28.7939507254967,29.1019195837971,29.1199975056149,-0.0618425122715986,1
"Q9H583",16,19,27,24,23,26,27.0193246721817,26.9034832447598,27.1249946551924,27.0104587869597,27.6287490007778,27.0202193626012,-0.279635644610399,1
"P0CS90",26,30,25,17,18,23,28.8849089680918,28.0204267551959,29.333057598993,28.0939405613059,29.334302204746,28.4086814000217,-1.00974001843577,0.0528033857612024
"Q02790",24,29,27,26,24,26,27.5486637767852,27.4444727692166,27.8409413492452,27.5941622680881,27.9455240303917,27.9649852273947,-0.110502963907567,1
"P20700",29,30,28,30,30,28,28.4034851284404,28.4376833788087,28.787558166999,28.5836119195899,28.8621902028353,28.8928078377447,-0.0463767873771334,1
"Cont_P01966",21,22,20,23,26,27,28.9957012589621,29.1553205536482,30.1642234939312,29.5990985564887,29.4689359616935,29.5228198769473,-0.117207242500868,1
"P60174",25,20,21,23,24,25,29.1094453915874,29.2509799972377,29.6274887986577,29.3726864153682,29.6269871935149,29.653646762731,-0.0288694028077003,1
"P40227",19,22,23,24,22,22,28.6969963825624,28.4119663201487,29.0846546480272,28.9679019521933,29.096189140372,29.2307488877007,-0.089074336972967,1
"P31948",28,27,27,29,30,30,28.7361561199515,28.6773055403891,29.0793205459883,28.9322048378474,29.1577307182641,29.1849835165311,-0.0595711631454326,1
"P46821",19,20,20,22,21,20,25.4486648279924,25.3362625999503,25.4729044856636,26.3057200006781,27.2171375392991,25.6226451755018,-0.291359692274967,1
"Q08J23",25,18,25,23,22,28,26.5466252074199,26.3916137274908,26.8568532022228,26.5664727619621,26.7929266889031,26.8648299748768,-0.124496211405368,1
"P60842",21,23,26,25,23,29,28.8205646390275,28.8280304072984,29.2078054073533,28.9074941055339,29.150793789492,29.2542948308148,-0.0631148307419001,1
"P09436",28,28,31,16,21,21,27.1243223412264,26.3603804170333,27.543750836534,26.4546961460612,28.4817139602509,26.914412962779,-1.14009920404593,0.168409132552917
"P11413",26,22,24,23,27,24,27.970269525139,27.9185808510822,28.2198692453559,28.0676980916791,28.3212318787397,28.3375004978666,-0.062530402868898,1
"P55884",23,22,24,25,26,26,27.3631801639252,27.4780443863261,27.6865627201124,27.3906153305196,27.743558938236,27.728836954227,-0.0652683837336324,1
"Q13435",21,22,22,20,23,25,27.0341652294849,26.7345146869266,27.4439322588202,27.151471070219,27.4307168204279,27.4646467017133,-0.1860606166247,1
"P04083",21,19,23,22,17,24,29.1361035626061,29.1619834206929,29.5897349135844,29.2992479920613,29.5791670994889,29.6541733918685,-0.0632002570188999,1
"P07244",24,27,27,19,20,21,27.120906719647,26.3121877615744,27.7056307000767,26.3514099905805,27.6259506957083,26.7777573677762,-1.0037109985003,0.0897698832545308
"P14868",26,20,27,24,20,31,27.8961078597473,27.8469292254654,28.2791630811489,28.0386018890619,28.277946704945,28.3674704761948,-0.0667386850396999,1
"Q6P2E9",20,20,22,17,22,23,26.1385024283265,26.4350044487824,26.443489309011,26.0121569952886,26.4965502752351,26.4972782076465,-0.0447007869517009,1
"P29401",23,22,21,25,17,22,28.303259429009,28.226623274422,28.6375828419404,28.3619154031146,28.6418555117443,28.6535509913218,-0.113536037945099,1
"Q09028",20,17,22,23,20,23,27.6245912249142,27.9252462819633,28.0360161110896,27.7577713785219,28.1350832936757,28.0577120008715,-0.0183203227742676,1
"P26639",24,23,25,22,20,28,27.8868104081357,27.5192143903634,28.1925479259714,27.4731759593369,28.3071805153168,28.1281036971814,-0.422014934180735,0.809754860524091
"P10664",21,28,31,18,23,19,28.462188585046,27.6697482934812,29.0037126238746,27.6837991744816,29.0732882684633,28.0202570108961,-1.05512833284167,0.0680877415015776
"P00950",23,23,24,21,18,21,30.54599184808,29.5637819846406,30.6546506678901,29.4584541759842,30.8525548446725,29.850261343898,-1.06023328537327,0.0565415321125402
"P26637",28,21,25,19,17,14,27.1308539451975,26.0652606430667,27.3537228386986,26.2082584746708,27.7740923023182,26.3872386417387,-1.19930377557937,0.054119395654641
"O60506",28,24,25,27,27,24,28.2452505019386,28.3631881863667,28.6013199029557,28.3035773153678,28.661676885192,28.6063226339513,-0.0783863848001675,1
"Q92922",22,22,26,20,22,22,26.2201443315852,26.4996112570641,26.6854853990196,26.4830228173646,27.1716508274578,27.2159772801136,0.0404435988265656,1
"P52597",20,20,20,22,23,21,28.27464901195,28.0277543381192,28.3800423296584,28.0857961155919,28.475124708137,28.6367480694212,-0.126505842204368,0.98318259100746
"O00299",22,22,22,21,20,21,29.971254539335,30.0964956031077,30.246285974034,30.0406460786341,30.3271972276688,30.4082207530546,0.000208231252867582,1
"Q92900",22,19,24,28,26,23,26.5000793845196,26.6418681871775,27.1455907655619,26.6513795606626,27.0608319654832,26.9740060297416,-0.146416112661,0.974886804341942
"P07954",18,17,23,21,24,23,27.0359736716522,27.3804230152642,27.5236842230631,27.2709994529535,27.7024235096507,27.6703498063756,0.0198969567424333,1
"P27816",22,20,20,22,22,24,26.8346343236731,26.875948879234,27.2718043792025,26.955300482374,27.0872708553718,27.2528919039835,-0.0365227642186336,1
"P49626",23,27,29,18,22,20,28.4910811845978,27.6722100440951,29.0264859573999,27.6622198276663,29.0585463798833,27.9957888842004,-1.08196492197307,0.0641347676904687
"Q96AE4",23,23,22,26,25,25,27.499866441239,27.3621886478833,27.7945565691861,27.673716023688,27.9340448127377,27.7476183291543,-0.148314940812399,1
"P12268",20,21,21,20,22,21,27.7261869706419,27.9721515674278,28.1520952560038,27.897213148176,28.1722425352592,28.2188766975663,0.0125722170883999,1
"P09211",22,23,22,24,24,26,29.3697430990873,29.4163670432743,29.5261295393744,29.269005651805,29.6309630647891,29.5605553457459,-0.0936358874752005,1
"P38013",23,24,26,20,19,24,29.2669167591877,28.0114408927185,29.6721782053414,28.2499081175603,29.7208304077683,28.6250357889476,-1.25784685769033,0.0398492233901384
"O00571",28,26,22,25,25,25,27.8762798339939,27.7592900563318,28.3446865488055,27.7862476884943,28.385012793764,28.1661374858924,-0.298101315281636,1
"O15067",19,22,26,19,22,23,26.1210876397734,26.5209412535051,26.8662556555034,26.3178536500357,26.6276561100394,26.9149356225336,0.0462437069194005,1
"P49736",20,21,23,23,20,23,27.0487848503381,27.3222215362381,27.5915177811653,27.0586130961515,27.5207919031646,27.5533336374614,-0.0756420882723342,1
"P06738",19,25,28,15,16,14,26.8409047673207,25.7848925983958,27.1948029849492,26.1722271197397,27.3123426165818,26.4158040372561,-0.991708871153368,0.0916367983859741
"Q15181",23,23,23,27,21,23,28.0776150464246,28.1740236735232,28.3806016293509,28.023690234892,28.3179707862584,28.3288474666955,-0.0832086956410656,1
"P30153",20,21,20,21,26,29,27.4589706314908,27.3556445388256,27.8062268646181,27.3658611853932,27.6546245572822,27.6434862007744,-0.184943376132633,1
"Q9P2J5",15,18,18,23,21,26,28.0331129268224,27.9616911412848,27.799307118738,27.793957371422,28.2618303689534,28.11474618535,-0.0746185721523342,1
"Q05639",23,26,27,23,25,26,32.1270541305753,31.6280339642162,32.5452885618005,32.0032583127335,32.5972502370454,32.3082152754477,-0.443361792341266,1
"Cont_Q29443",21,20,22,20,17,23,26.2758677443857,26.2210704977527,26.4662300905646,26.3509753201006,26.7959002392748,26.7277149433733,-0.0794124376661678,1
"P61978",23,24,23,24,22,25,29.5932300498772,29.7289530711349,30.0565761992409,29.8019449290668,29.9742368930892,30.0451453940892,-0.0159999159721333,1
"O75694",20,18,21,16,18,20,26.4615436449078,25.9950728921991,26.5808936208601,26.152418079486,26.4712702280364,26.3648577550225,-0.333786255698899,0.828182291905016
"P22515",20,25,24,16,12,19,27.3635293662504,26.4399901224605,27.6626693533038,26.7159334060873,27.740402011171,27.0281950987717,-0.860827367801901,0.134986969973226
"P0C2I9,P0CX57,P0CX58",19,23,20,14,12,15,27.3994182320972,26.4469934021477,27.8106978284823,26.4761463157505,27.7933117801819,26.8090253311905,-1.09042093055757,0.0565415321125402
"P67809",15,19,16,20,15,18,27.9836616643475,27.8190437347868,28.3384454653745,28.0593758203192,28.4029199334527,28.4316668182886,-0.138313563260034,1
"Q92621",15,21,21,22,21,22,26.4459563619651,26.485311938185,27.0945258673509,26.457696239745,26.9164759519511,26.8730679047745,-0.213627366187532,1
"P17844",26,28,22,26,24,28,28.6780361322778,28.8683128751942,29.0350046057251,28.7230877172269,29.055488489622,29.0728663056431,-0.0347541098535669,1
"P33176",22,20,21,22,25,22,25.889205742779,25.9453329148161,26.2575734371289,26.063976128038,26.3139783824694,26.4692598633182,0.00593711459833202,1
"P06744",18,19,25,19,19,23,28.2296386908326,28.3203502202262,28.7106870604873,28.4354360216677,28.714742628941,28.7225795077108,-0.0589008768853994,1
"P08670",23,25,29,28,26,25,28.9313705458401,28.7838201556565,29.2786132229357,28.935217935671,29.3638079188288,29.1659141464439,-0.2296131499444,1
"P53621",18,23,18,25,17,20,26.3098614134826,26.5188650246171,27.2980944602445,26.5930752296602,27.0150937643215,26.9416138069714,-0.189831858933299,0.992220954930712
"Q9UMS4",18,18,17,20,18,19,26.817191543305,27.1047444650283,27.3307742600605,26.9300155742329,27.3016089457821,27.3204328598678,-0.0314606166728666,1
"O60841",17,23,21,19,20,19,27.1063830651738,27.0803683196687,27.6015182736445,27.3690839661607,27.6796418111817,27.7358000786247,-0.0674302618486339,1
"P32589",21,23,20,16,16,14,28.2566554468671,27.1967278819084,28.5638613336998,27.3001818867069,28.439506140228,27.6445021495632,-1.03953700087213,0.0606861827534746
"O43390",21,20,19,24,23,23,28.1702498209917,28.2925047533535,28.5964943901345,28.279369843922,28.6979351713986,28.6713838438587,-0.0738069804635326,1
"Q13310",20,20,23,19,24,25,27.6048942114885,27.625924617696,27.9735784366404,27.7860216957892,28.0471315690604,28.1290369133508,-0.0282069967844336,1
"P63010",20,17,19,24,19,20,26.7081877286779,26.8196066854772,27.131251749054,26.8384190574531,27.0281542838867,27.1480139665091,-0.0205180173930669,1
"Q7L014",17,18,15,19,23,25,26.1400749043098,26.0329801373234,27.2512532613056,26.8566063769914,26.4676484576588,26.6687676087272,-0.100207500077399,1
"P22202",27,28,23,19,13,24,30.978582166958,30.7855552370429,31.2491283576114,30.7575654984934,31.2462469705571,31.0057985931683,-0.308346055473966,0.870597373595165
"P54577",23,22,20,28,23,23,28.0162016337879,27.8921318960133,28.4453350681784,28.147144356659,28.4260346155611,28.4060269375092,-0.147422709115302,1
"P0CE47,P0CE48",13,10,14,27,28,27,27.1954072037242,28.7270792206768,27.3861437810333,28.9288283646378,28.164297622295,29.0227440302598,1.31093433617397,0.0350736436440175
"P41250",17,16,21,18,24,22,28.1953912827562,28.0095682718639,28.0539618320906,28.1067932630638,28.5420360761632,28.3108424000378,-0.121395085348168,1
"P33892",19,25,24,13,6,10,26.2450798583849,25.8949847068908,26.667463394708,25.859537061217,26.8820336240253,26.1981902211634,-0.613954962615667,0.478096143185338
"P02925",14,14,13,24,22,22,27.2026043841952,28.9049112085682,27.6026717970174,28.9233351029375,27.648319726042,29.2277275686022,1.5341259909511,0.0247458301249536
"P11586",19,20,20,17,20,17,26.4166684344458,26.5511209124137,26.9061134833876,26.6602315213065,26.8638346372049,26.998174625729,0.00763683480363397,1
"P06105",16,22,20,9,13,12,26.8336695547553,25.8103999268504,27.2436978598848,25.9992333556561,27.3859779601282,26.1485519895238,-1.16838670091267,0.054119395654641
"P33993",17,18,21,16,21,25,27.0430731883756,27.1377974590593,27.5244302818536,27.115786329732,27.6116045834167,27.5222419612987,-0.134427434518634,1
"Q14697",22,19,23,22,27,18,26.658821092034,26.7274024147207,27.0489532662152,26.7440238725582,27.0283676216656,27.0402771775072,-0.0748128383762333,1
"Q15366",24,23,22,25,22,24,28.5446943482412,28.5082638686292,29.0197676760557,28.6694858839622,29.0339700494528,29.0376711138751,-0.127670402427735,1
"P23381",14,19,19,21,23,22,27.8482931258132,28.0490470252718,28.1456319655532,27.9024308724483,28.2676489657151,28.2483222591867,-0.0205913000582333,1
"P07195",16,21,20,20,20,23,29.8835519507379,29.9319682306559,30.3242603572397,30.0139962847609,30.3698537016657,30.3930469688655,-0.0795515084536665,1
"O60610",21,21,21,20,20,24,26.6413770704938,27.0030242386184,26.9415663485103,26.8092844558061,27.1899959847708,27.1495291356169,0.0629661420888337,1
"P36776",16,17,23,18,25,25,26.8310242991226,26.942538666602,27.1012885332018,26.7669816491144,27.1203839164429,27.1436469659507,-0.0665098223667329,1
"P36578",24,25,24,24,27,27,28.7201430983586,28.8121492921573,29.1761512302947,28.8606745976428,29.163864462309,29.1238301324623,-0.0878349228999677,1
"Q8TEQ6",15,20,15,16,10,19,25.9491962087681,26.2469293067478,26.3500012852788,26.3278332967503,26.4035933043502,26.4351988188338,0.102390207978266,1
"P34760",20,21,19,15,15,15,29.438329679512,28.5544157755207,29.7708387828636,28.4697584327732,29.8295160326632,28.7820028728109,-1.07750247131133,0.0420963136198593
"P18754",19,15,18,21,17,17,26.9583465012736,27.0855719786976,27.4487827734348,27.1390219878314,27.436674439071,27.4714334766425,-0.0492587568692997,1
"Q13085",15,19,16,20,19,23,26.1755830515456,26.0010593680535,26.6893508450629,25.9944016937092,26.6659998647992,26.3314764118241,-0.401332095940301,0.853896043307744
"Q5VYK3",17,9,13,18,15,8,25.6670323661132,25.8198387801993,26.0073033005516,25.7626553537475,25.9949667571228,25.9026610582519,-0.0613824105296328,1
"Q13838",19,22,21,20,23,25,28.1535940872705,28.3978007375083,28.6456871242403,28.3880885162337,28.7162960584457,28.7277420488494,-0.000648655788365223,1
"P52948",18,16,14,19,18,18,25.9500345913313,26.3248570798676,26.4249294876092,26.2402177683084,26.4752324686835,26.3968909972426,0.0372564325981995,0.999069349868874
"P42285",21,14,25,23,24,23,26.4437013804563,26.4100911928251,26.4708576824869,26.220252402644,26.6320538981029,26.6192337635944,-0.0990118673275333,1
"Q9NTJ3",13,16,16,16,16,25,26.1871528404055,26.1706370631743,26.8451930257739,26.5841226370041,26.8708687846918,27.0756661830809,-0.0242629225372989,1
"Q9Y4E8",23,23,22,19,26,25,26.4769557907905,26.4454713463687,26.7148833569356,26.4897857449121,26.8783073820417,26.8195263887694,-0.105121016572535,1
"Q9Y4L1",19,18,20,18,19,23,26.1276157680863,26.2356026252065,26.5600036687954,26.2448032452618,26.5230328104859,26.7632917054347,0.0110151095117992,1
"Q92841",23,22,25,22,23,23,28.0075247053746,28.3716785509254,28.4553005024789,28.1378437278573,28.4101406342308,28.5504478366407,0.0623347577797008,1
"Q99460",21,20,20,20,20,21,26.8995705444959,26.662156685098,27.0893331234008,26.613618851107,27.2474532702853,27.1660133275292,-0.264856024815933,0.941809071416961
"P0A9B2",18,16,18,22,27,26,30.9473913435877,30.0606586644338,31.3312600334872,30.4156328233655,31.1693386125408,30.6432091698036,-0.776163110670933,0.0165762914140767
"O00267",16,20,18,18,15,20,25.7524715063634,25.4263735396263,26.2559536445416,25.552112519346,25.8743060066036,25.9521609974564,-0.317361367026632,1
"P49790",16,15,20,13,20,20,25.8476439740984,25.5978855834515,26.4181656944879,25.9593912519955,26.198399027236,26.1556401859984,-0.250430558125634,1
"P07355",19,21,23,22,24,23,28.3221955375156,28.3103082313475,28.7078847338021,28.5181041923527,28.8526010375315,28.9010091997101,-0.051086561812968,1
"P24928",17,16,18,18,20,15,25.534227116251,25.3016855498996,25.9933227375669,25.5430047896778,25.8827613219381,25.7125611095874,-0.284353242197067,1
"Q8N163",17,19,24,19,20,19,26.1791285283721,26.1571601724044,26.5197981979883,26.3160360615415,26.6798677047168,26.6314824957867,-0.0913719004482007,1
"P51991",20,20,18,23,25,21,28.7815279090063,28.6717510663912,29.0397044079017,28.722845878924,29.0808637090544,29.0160839460354,-0.1638050448706,0.789349417058655
"P38720",21,24,24,16,19,19,28.0237274543673,27.2299652993913,28.4741458342295,27.327625005071,28.4514845599516,27.6688875804836,-0.907626654534167,0.104347947716939
"O60763",17,20,20,16,18,24,25.893264400938,25.7440152469105,26.2806323102637,25.9993406398473,26.3069465597309,26.3110385727809,-0.142149603797967,1
"P13667",23,16,21,21,17,22,26.7873133463684,26.666708793458,27.1605331377671,26.8946077846706,27.2675649608882,27.0945017058219,-0.186531053691066,0.984783734783735
"P18583",19,18,18,19,18,19,26.3890149858965,26.3929264731305,26.9378349918421,26.1356931621439,26.9699948297838,26.6242084510514,-0.381338907065533,0.842034377809797
"P11717",19,20,18,18,20,21,25.3412796464006,25.2945437687179,25.8277774381285,25.5031463650351,26.2342115139189,25.9636381067274,-0.213980119322533,1
"P62258",26,22,23,24,23,24,29.3301790227573,29.38136366141,29.813633055337,29.4371358723569,29.7937435953439,29.7762230704737,-0.114277689732533,1
"Q86UX7",18,16,20,18,22,19,26.5705613828123,27.4207216214976,27.7184408986528,26.8416038880152,28.2382566125171,27.1378462288311,-0.375695718546101,0.918572246611949
"O00148",20,23,22,21,24,25,28.1731563354286,28.387619010965,28.6028029418461,28.3626701124918,28.6988882886803,28.6860151806412,-0.0128477539523348,1
"O94788",14,19,22,20,20,17,27.1361192124867,26.8440526009779,27.4162968084108,26.9437360212828,27.2593261985097,27.3424282019291,-0.227175131739134,0.983119247994488
"P0CG38",17,20,19,17,24,17,30.9007215465677,30.9009939112329,31.2776829907998,30.9185198906233,31.2470819075838,31.1858839929403,-0.1400295500516,1
"P30043",20,18,19,17,21,19,28.5660445123882,28.7774870997862,28.906339228538,28.7426927564719,29.0625921573251,29.0005077753984,-0.00476275553159885,1
"Q12931",15,16,17,17,20,21,28.937115514033,29.4922061296922,29.3853347631952,29.1530649018575,29.4989085983945,29.5435349214844,0.122482359137134,1
"P17066",25,23,19,18,18,19,30.7272629026759,30.5338161518479,31.0598309513972,30.556020675904,31.0512014715641,30.8099976914753,-0.312820268803332,0.880931899177926
"Cont_P05787,P05787",21,19,20,19,23,23,28.3237238515493,28.2199721688893,28.7263052761685,28.5608200291327,28.7590750438947,28.7938340696432,-0.078159301315767,1
"P40825",22,19,23,8,13,13,26.6882155136006,26.5565658092975,27.2331475831422,26.7628314198775,27.3047360806154,26.7616355315973,-0.381688805528633,0.842034377809797
"P38427",15,19,23,14,11,14,26.3749304192369,25.232143779465,26.7595462816683,25.4659055079298,27.0531103750141,25.7842088834396,-1.2351096350283,0.0565415321125402
"P07245",22,25,22,14,19,14,27.1920557235207,26.4587081094884,27.5240477327299,26.4392911680949,27.6248834525274,26.6704807764717,-0.924168951574334,0.0785118915998103
"P08865",17,14,21,17,18,19,28.6465004816406,28.8047728730744,29.0547563261208,28.7922908648667,29.157376235367,29.1237347959319,-0.0459448364184674,1
"O75153",13,16,16,11,17,17,25.31848447287,25.2419377762367,25.5423171692526,25.517176411494,25.6702795617392,25.6694110555271,-0.0341853202013335,1
"Q92499",11,19,21,19,21,22,26.4978722977461,26.7627591512333,26.9463345612564,26.6942139734309,27.0493212854009,26.995500459802,-0.0136848533123993,1
"Cont_Q7SIH1",15,17,16,18,19,23,25.5057268877118,25.5629586842548,26.5044122889945,25.6377558400596,26.468351214042,25.833018904878,-0.481585653851967,0.969687931162732
"P30101",19,18,19,19,18,22,27.8712907884717,28.0088100298369,28.1515130316489,28.0070274380409,28.2095845498898,28.1576083012199,-0.019647533637567,1
"A0AVT1",15,16,16,18,18,19,25.9912053146215,26.019725604169,26.3107041619501,25.9273072334055,26.7061959354856,26.5447665014855,-0.172102024332399,1
"P55786",22,17,20,17,18,16,26.2015841797607,26.4051669183734,26.4654439693735,26.3039374833447,26.5920563992976,26.461352792239,-0.0295424514915664,1
"Q14152",20,22,24,24,23,23,26.7707911060348,26.6672424815654,27.211689897032,26.696312905429,27.2426243334785,26.9673427226417,-0.2980690756364,0.917635169277413
"O75534",16,16,18,22,18,26,26.8647756722431,26.874444102041,27.2463112024872,27.0581909481611,27.2588861595884,27.435102018698,-0.000745321806198499,1
"P32905",18,16,19,11,10,13,27.7404453499825,26.7629252724886,28.2588431832119,26.9669759705844,28.359022822074,27.3778795941132,-1.08351017269407,0.0798742502732134
"Q86VP6",20,18,22,20,19,22,26.6729819457995,26.8819202380331,27.1319647887815,27.0062277890567,27.3311372725356,27.2055510588572,-0.014128307056532,1
"P30613",19,20,18,21,23,17,27.4162776059905,27.6560402937696,27.9096063727178,27.5938589644108,27.8418754582598,27.9216327670216,0.00125752941129894,1
"Q93009",20,19,20,21,23,22,26.3920143083697,26.1795671527308,26.5940205368156,26.4308168496664,26.4984365603125,26.6261550685922,-0.0826441115027983,1
"O95782",16,15,23,19,20,25,26.4525064498819,27.4101653542983,26.8080570300548,26.539197985635,26.8786881188568,27.0154861753466,0.275199305495466,0.787508507885363
"Q9HAV4",18,17,14,19,18,19,26.0708350380659,26.075727869472,26.2768776479529,26.0358840918242,26.6622736216503,26.4175104239705,-0.160287974134133,1
"Q9BWD1",15,15,15,16,13,17,26.6699012625871,26.7074065293917,26.9170178121924,26.4870048628299,26.946815272377,26.9820585997874,-0.1190881183825,1
"P0A9Q7",6,6,10,19,21,19,24.9687530002703,26.1402186371101,24.973385308309,26.0838469207562,24.5372149636591,26.3010896328579,1.34860063949527,0.0363823479681813
"P54136",17,18,20,17,19,22,27.0083106404875,27.1146643836863,27.4827448214876,27.2059856008434,27.3464053847824,27.4662593454806,-0.0168505055824006,1
"P0A6M8",7,6,10,17,19,22,25.2454713218832,27.184310893006,25.5026104052272,26.8987948281602,25.5625859846277,27.1530808328319,1.64183961408667,0.0196732258455127
"P53618",19,16,18,19,21,20,25.841580087197,26.1845389694611,26.2792257224859,26.0589332582792,26.6857486569094,26.5035236991606,-0.0198528465637994,1
"Q03690",21,22,21,12,12,10,25.9454783078477,24.8524003497677,26.2731625730906,24.9610197765305,26.3160793015862,25.4096189549726,-1.1038937004179,0.0610126124908737
"Q9UKV3",19,16,18,14,18,19,26.2316502573948,26.0884032999858,26.5951552496495,26.3999704628649,26.5719901760582,26.4551168510764,-0.151768356391801,0.951521328322339
"P58107",9,13,14,16,14,17,25.8358939861299,25.6956852772166,26.368416538578,25.7103958366805,25.9169425761154,25.9110649672945,-0.268035673210566,1
"P0A6F3",11,11,11,19,20,19,25.625532276177,27.5860106407788,26.3759923397436,27.7969919537319,26.2334042035471,27.913557176519,1.68721031718733,0.0209391424803768
"P19882",26,22,24,17,17,22,28.6722291470101,27.6521429865512,29.0887295341111,27.7934212345341,29.1230641053517,28.1498619896531,-1.09619885857816,0.0467648581920234
"P05387",16,15,17,14,17,16,29.1196698772853,28.9767492239358,29.4333698396276,28.998945791234,29.0347610203119,29.2888557975128,-0.1077499748474,0.789349417058655
"P13489",17,16,14,20,19,20,26.7517232227615,26.8048488758976,27.2304083832744,27.0660376050079,27.256414735747,27.4223214637929,0.0182205343051673,1
"Q15021",19,18,20,17,21,24,25.0655744033219,25.6606448944143,26.1146391274783,25.6191804679551,25.6935283257958,25.7554367229349,0.0538400762361005,1
"Q16531",18,20,19,15,20,21,26.3423015040268,26.4109824311947,26.8105399620072,26.4717423083508,26.7079191634571,26.7731436346274,-0.0682974184393998,1
"P05455",21,24,21,20,23,20,29.061631255274,28.7160228213426,29.3968578194679,28.7097152094526,29.1334152123201,29.1396529869062,-0.342171089786866,0.789349417058655
"P16474",27,17,20,18,16,10,28.9653453511928,29.0726864312036,29.4754896510508,28.8674521054818,29.5331224729865,29.0947996697357,-0.313006422936333,1
"P16140",20,22,22,16,19,19,27.5030843563212,26.7047879711712,28.0389661967767,26.9115581217334,28.1363135698571,27.2516122842664,-0.936801915261333,0.128750703990515
"P47897",18,20,18,18,17,20,26.645152548975,27.2178407299022,27.4525379952499,26.7996788525443,27.1115336945162,27.3789761133004,0.0624238190019331,1
"P37012",20,24,17,14,17,13,27.9607480857681,26.839356915125,28.3215739047384,27.0169400243665,28.3791032016441,27.3778521969236,-1.14242535191183,0.0565415321125402
"Q00341",14,13,13,16,17,15,25.7332341494758,25.6475365979573,26.1593589251087,26.0012848260466,26.2049321250651,26.2901175890683,-0.0528620621924674,1
"P25553",13,12,11,21,21,23,25.7095147658785,27.623644536444,26.2817568768648,27.6925479291158,26.2423351817847,28.0529250361392,1.71183689239033,0.0203716275547608
"P10081",21,19,18,16,15,16,28.2872988134477,27.3786516632523,28.6257061679698,27.4712797803254,28.7009109265615,27.7627591512333,-1.00040843772267,0.0670637946065949
"P02400",17,19,16,13,12,14,27.9121078638092,27.2526803006967,28.3347990647421,27.1596711976303,28.4043673315208,27.4566879205673,-0.927411613725933,0.0875265313476637
"P52292",19,18,21,18,24,20,26.971385326717,27.059617760661,27.2815123942943,27.1104367923874,27.4198060410222,27.3581482668811,-0.0481669807013342,1
"Q01813",20,18,14,19,19,17,26.1330441958061,26.6266276674962,27.1294525130886,26.7966765553963,27.0801581425123,27.1850239093566,0.0885577602807004,1
"Q99798",16,16,18,18,14,19,26.3965897568626,26.3983481071673,26.8699914718926,26.5899238001905,26.9378910120005,27.6268781645751,0.136892610392401,1
"O14497",12,12,18,15,12,19,25.9340535440506,25.736498757729,26.4512680949471,26.1962238939123,26.6557282195032,26.4677629959807,-0.2135214036263,1
"Q562R1",16,14,18,18,23,20,31.0846262660026,30.9266375864733,31.312595639934,31.0505582984527,31.3253911055373,31.3551042521097,-0.130104291479399,1
"Q06830",20,21,22,20,23,22,29.7619207528503,29.8851872206765,30.2369278941744,29.9951103396227,30.150700063366,30.261074106248,-0.00272568128116764,1
"P52701",14,14,17,15,20,23,26.0876507554659,25.9675341989616,26.4826280201652,26.1140498493147,26.6451639858135,26.4558267399885,-0.226010657726601,1
"P29311",22,22,21,16,20,19,29.5376134685955,29.1066161319433,30.0346290540431,29.1843249691065,29.9899230802078,29.4998378599369,-0.590462213953233,0.041869023099938
"Q9H4A4",16,17,14,16,18,18,26.4002952364397,26.0625544449677,26.363752854158,26.2502426052089,26.4324799673846,26.5254475673623,-0.119427813481135,1
"P12956",18,18,20,21,20,23,27.4895041493585,27.7134869960147,27.7699334604507,27.5774170719382,27.8959141507792,27.9314572070028,0.022336504789101,1
"P06168",15,19,19,14,15,14,27.80158058701,26.7622315716886,28.1619445296898,26.8795613758828,28.2329993545518,27.3687466281673,-1.06199496517097,0.0716949281707164
"P33992",14,13,21,15,18,17,26.6967781422572,26.6717683400684,26.8822310716915,26.7620963002023,27.3642952564645,26.9787071428543,-0.176910895762735,1
"Q10567",17,13,17,16,14,21,26.3020848300949,26.2931255612438,26.6191101505279,26.3144416300369,26.3727185597721,26.7740341728669,0.0292292745842353,1
"Q9UBT2",14,18,16,18,17,19,26.3107874946198,26.3308394859824,26.6161303810739,26.3292072681308,26.6190222489239,26.6458550864268,-0.0800127613592009,1
"Q8WWM7",16,20,14,18,15,19,25.9796134177659,26.3350000514374,26.4284955079662,25.9891167508221,26.3626258389044,26.2934448461551,-0.0510577054073001,1
"Q99497",19,17,20,18,20,19,28.4822219112089,28.5673542979656,28.8615703706604,28.5872821713297,28.8379233446841,28.9239031295101,-0.0343920092493318,1
"Q15459",18,21,18,20,17,20,26.9540411404044,26.92284423491,27.3011260648275,27.0526453249769,27.3710470312214,27.3751123667239,-0.0918707699475002,1
"Q16222",19,17,16,19,19,18,26.6871992420194,26.8636489273255,27.1701656042159,26.8534238797342,27.1805825544474,27.2256791939906,-0.0317317998774662,1
"P46777",17,17,20,16,22,23,27.1146389686329,27.4381416969304,27.8143540227749,27.5829110096189,27.8475362634836,27.8768990926275,0.0404741814284672,1
"P27797",21,17,19,15,17,20,26.880480814722,26.9535928468628,27.3219842289325,27.1806974233476,27.4841080758829,27.5069474657807,-0.0151117945154328,1
"Q8N1F7",17,14,18,18,16,18,26.5230738615118,26.385388746945,26.6887497353436,26.4963465638871,26.8741393738592,26.9520617032895,-0.0840553188643334,0.999069349868874
"A5YKK6",13,15,20,14,17,20,26.1731471835128,26.0348917993992,27.3396821720276,25.9718961698455,26.2742058009217,26.5856995447153,-0.398182547500699,1
"P15531",18,19,19,19,19,19,28.7996241162591,28.7272314248988,29.2852218639358,28.9141145540139,29.1760955184799,29.1911200759808,-0.142825147927101,1
"P26641",19,20,21,22,20,23,28.6183158182819,28.7155750612525,29.2516482538762,28.9674868819595,29.2436470205371,29.2663276090613,-0.0547405134739674,1
"Q00013",14,16,16,17,16,18,26.4771890686473,26.6703616935911,26.7864870066905,26.6238464461065,26.8819457156618,26.9296672876864,0.0260845454614677,1
"P13010",18,17,22,19,16,21,27.1159910629792,27.3226252128943,27.5847921131804,27.2957367102309,27.6074849663712,27.6862844340015,-0.00120726180136543,1
"Q14683",15,15,14,16,14,16,26.8388270052705,26.7771485412753,27.4625900130155,27.152201891692,27.3484785531058,27.4740176861334,-0.082175817430367,1
"P26263",20,25,18,17,16,16,29.3643699394045,28.4637570894141,29.8369899458789,28.5508801533695,29.8276567995228,28.8055211099428,-1.0696194440266,0.0451328391258042
"O00231",17,17,20,20,18,20,27.9742115060572,28.0078302361368,28.3631310923538,28.3800458978135,28.65738027767,28.7361411489856,0.0430981356182999,1
"Cont_P05783,P05783",18,16,16,19,17,15,27.579870865841,27.4952461960982,27.5862885652718,27.26594762902,27.628447876405,27.6008066197437,-0.144202287551966,1
"P50851",15,14,13,13,20,16,25.7430647748683,25.4765291703721,26.1604081883643,25.9080128617372,26.7061038006682,25.87976477008,-0.448423320570501,1
"P61221",18,15,16,15,17,18,26.8177821460942,26.7549532362569,27.3122995414104,26.9085375699908,27.213286549719,27.2066176451376,-0.157753261946101,1
"P23921",15,13,15,17,17,18,26.3044797253093,26.6961223739677,26.8500801753919,26.7150092984225,26.7975049969182,27.1220698108501,0.193712195206968,0.898825643978727
"Q9Y265",16,14,16,14,17,19,27.0957775252561,27.2198293734344,27.3511712346391,27.2979838125417,27.3650489893022,27.4844132231142,0.0634095532976329,1
"P00942",15,17,21,12,13,14,29.227433211966,28.2251468196161,29.5188030876797,28.4144266595886,29.6145191202984,28.7896868626878,-0.9771650260172,0.0451328391258042
"P09104",13,10,13,15,14,12,28.5327734875043,28.5661130501562,28.3610140779079,28.4870771374775,28.8457288328322,28.8935686344329,0.0690808079407326,1
"P54578",22,18,19,19,19,22,26.7423404837889,26.8309957792418,27.0642511838193,26.7202011435195,26.9886289579002,26.9757511653403,-0.0894241791356016,1
"P55209",15,16,16,16,14,19,27.2289234722802,27.3482660609773,27.1082530874996,27.0607754099599,27.2826883040135,27.3373575763303,0.0421780611580651,0.977734407889635
"P05023",14,15,21,15,19,19,26.1728873974237,26.34207602478,26.7074283316318,26.570851098656,26.8345955562834,26.8632619313118,0.0204259231362999,1
"P28838",14,19,14,18,19,18,26.2341799320045,26.5149487684397,26.8915774541227,26.4249378144492,26.7934990284085,26.7201637693851,-0.0864020207539002,0.999069349868874
"P23526",17,19,17,21,21,21,28.7333630509269,28.175359951285,29.2078217875532,28.544824150749,29.2024360941751,28.8408801868189,-0.527518881267433,0.592012062793992
"P05694",24,19,18,10,13,8,27.0756084108943,26.2635580552882,27.5555691855565,26.3768442275678,27.5439106872412,26.6093241739626,-0.9751206089578,0.0780040675308423
"P07806",20,17,19,13,10,13,26.1151800537145,25.4837122226977,26.8191488173968,25.6929196987218,27.1392132998012,26.4866234283159,-0.803428940392366,0.647541230761262
"P00815",21,19,16,19,14,15,27.2649855761818,26.2914139723581,27.6870248086808,26.4343532200569,27.6525644819847,26.6672603507976,-1.0705157745449,0.0585166039655538
"P15311",15,15,19,16,17,21,27.4162354628701,27.6267914032805,28.0286949031282,27.7415388894305,28.1249933935169,28.0855356726988,-0.0386859313684672,1
"Q14103",20,17,23,20,19,21,28.8316258888754,28.8646673441884,29.12863755436,28.9419176832069,29.3684302605134,29.3344354722158,-0.0625577347125663,1
"P04147",19,22,17,13,16,18,27.4264299765728,26.5607252384174,28.0393279021565,26.9845588359935,28.1065094274991,27.3357378988181,-0.897081777666466,0.221969588618905
"P46367",20,17,18,17,13,13,27.8297679231034,26.7673668569098,28.3401517775173,26.9222804194872,28.0300686414026,27.2038542870732,-1.1021622595177,0.0587388861430634
"P52209",15,19,18,14,18,22,28.0419333161872,28.0275790422499,28.4630276369479,28.2355417127093,28.5013541976553,28.5404294879375,-0.0675883026312327,1
"P34730",22,20,18,15,17,16,29.5044362940651,29.0912316587263,30.0034983537035,29.15755865306,29.9494585061326,29.4786580498836,-0.5766482640771,0.041869023099938
"Q13428",18,18,17,20,14,17,26.3554290667881,26.2740487888031,27.2192449018221,26.6106014625872,27.2667736754418,27.2575215018669,-0.233091963598267,1
"Cont_P63103,P63104",19,18,20,20,23,22,29.2202371964134,29.301437722967,29.7032129039902,29.4170966392189,29.7247823650133,29.7100769049256,-0.073207066101799,1
"P22392",14,16,18,16,16,20,28.780655701217,28.7931946756695,29.3082705566331,29.027470884703,29.3207487751237,29.3244794359911,-0.0881766788700666,1
"P17709",16,20,21,13,10,18,27.6532707469024,26.7656744906735,28.0459086059641,26.5070272196304,28.138204292274,27.3293958952805,-1.07842867985203,0.0914223931241937
"Q14157",16,18,13,17,14,17,26.5674559656145,26.1784721653377,29.1349506385938,27.7740727920023,28.9754576570326,28.2822795174632,-0.814346595479234,0.865702420972344
"Q8NC51",17,21,15,16,18,18,27.0894821628295,26.8653969611492,27.4300166768054,27.2332656576069,27.6886540253786,27.7152121228306,-0.131426041142267,1
"Q14166",12,11,13,15,19,15,26.0127353493745,26.1954964179736,26.2591802043925,26.0794901550162,26.1035128917525,26.6206494078595,0.1734025117766,1
"P19338",20,20,20,19,20,25,29.7363100537687,29.7354073812823,30.2028579778098,29.9355518466334,30.1285082383912,30.0374537851209,-0.1197544189777,1
"P42229",16,17,21,15,18,14,26.4682290147231,26.375070860316,26.8314320234292,26.4759279553507,27.0584618241403,26.7680073958487,-0.246372216925734,1
"O43143",16,15,15,14,13,18,26.7731221994025,26.6282236887105,26.8620120401862,26.5273839366744,27.140876722339,26.8778671175462,-0.247512072998868,0.97189939205646
"Q16576",18,14,17,18,15,17,27.2989923371138,27.5553098569434,27.6792198839066,27.4207731409727,27.7356199592896,27.6777783438582,-0.0199902795119004,1
"Cont_P12763",16,13,15,15,16,17,27.5937944671284,27.4704941724248,28.0394278112581,27.7889873013154,28.0327664718556,28.1019288783902,-0.101526132703899,1
"P62195",22,17,19,22,22,21,27.1886190270942,26.8874843847731,27.5630428514427,27.0660520622627,27.5471424761776,27.2535242194237,-0.363914562751668,0.800730243208119
"P35232",17,20,20,18,18,18,27.7314556653778,27.84494793157,28.139356337727,27.8291471655826,28.0656527916418,28.2094483084005,-0.0176404630645,1
"Q15424",18,18,15,14,15,16,26.9163241435755,26.6930208707167,27.3959817285638,27.0473725756454,27.1525738941196,27.2229811697857,-0.167168383370367,1
"P78347",17,16,12,19,17,15,26.0067797671435,26.2630864869732,26.7360201365791,26.2037842542286,26.4820934934709,26.306361574266,-0.150553693908565,0.969687931162732
"O75083",17,15,16,17,18,15,26.6893122364909,26.7859161672121,27.2039813529151,26.9073073296359,27.1814465023565,27.1214979470606,-0.0866728826179669,0.999069349868874
"Q1KMD3",16,12,13,15,17,19,26.8127462703157,26.6614237683041,26.9768074234411,26.6017259101982,27.0916295626343,26.8654541667049,-0.250859803727966,0.934244873900046
"Q14839",13,14,13,13,13,9,25.1319241383499,25.2652521937459,25.648770860662,25.3304237398787,25.7248229496726,26.0290399773482,0.0397326540961013,1
"O95373",18,20,17,15,18,15,26.0760821071747,26.0628482129817,26.3288592424398,25.9859221743463,26.3852325835437,26.2012576636353,-0.180048627398301,1
"Q9UQE7",14,17,15,13,13,16,25.8739442877626,25.7544371685661,26.2861366712092,26.0505448475288,26.3237388297034,26.2749496695353,-0.134629367681667,1
"Q16891",15,18,18,15,18,16,26.6248147508994,26.4073423303478,27.0090308617477,26.5587235023396,27.0671062299129,26.8404290218226,-0.29815232935,0.983119247994488
"P39023",17,18,18,18,18,18,28.1491166435457,28.0598286414497,28.5533603580144,28.3437764246774,28.6478924882498,28.6294168787625,-0.105782514973434,1
"P29144",15,16,13,16,16,13,25.6571945673423,25.7535855540036,26.0156517183227,25.8923628042688,26.088897717234,26.122442554111,0.00221563649479843,1
"P08566",19,14,19,7,6,8,25.4875353652887,24.7173485321354,25.6724621390451,24.7321784001571,26.0039428130494,25.0699341736274,-0.881493070487766,0.111712630771776
"P26321",18,18,15,13,12,10,28.4904971443041,27.3928062293108,28.7812234217806,27.6535248608037,28.8973019778913,27.9070978771389,-1.0718645255742,0.0621136846476584
"P22234",20,18,17,23,17,21,28.1786739679872,28.3893283164433,28.5737647050878,28.2927246358179,28.633715871347,28.6255339483133,-0.0261892146158331,1
"P05388",17,15,15,18,14,17,28.511968794795,28.6697741318043,28.8957788348109,28.7479454549333,29.092936142965,29.0862446089476,0.00109347437143252,1
"P19367",18,12,17,17,18,11,25.6624528117857,25.6517826700956,26.1859037989184,25.834397363426,26.4598634493433,25.9711856760223,-0.283618116834499,1
"Q13283",13,17,19,15,16,19,26.9560629005108,27.0984247424886,27.3377081852613,27.3196265079508,27.2484298325662,27.6212538507413,0.165701394280801,1
"P31930",12,14,14,14,15,15,25.8566100811065,26.3348758356926,26.2791866073998,26.5202664170847,26.4991603781335,26.5147884446504,0.244991210262633,0.781765833155892
"P29692",16,12,17,15,17,18,27.9768852812701,28.3807975245522,28.3827347013459,28.4810765828763,28.7803452221294,28.8265355892921,0.1828148306584,1
"P78344",13,18,18,15,20,24,25.8807417093696,26.0481387689954,26.2684219233882,26.1050569512964,26.4347741728838,26.3233762872258,-0.0357885993746668,1
"P52789",15,18,16,20,15,20,26.2841087530066,25.9900371200764,26.6728473189338,26.2102619966156,26.6877361891202,26.5207493486724,-0.307881265232067,0.905782079192484
"Q99459",14,11,14,17,17,17,25.6452690025437,25.6871980670951,25.9067332802338,25.803019365004,26.3331669544267,26.4364188848439,0.0138223599129326,1
"P32582",17,17,18,14,16,13,27.0514716714683,25.9240676477105,27.4731314812986,26.2414102050464,27.3194552051813,26.5286288988247,-1.04998386878887,0.0690556871676902
"Q03640",15,14,15,6,7,5,25.2900887548128,24.7161466743038,25.5308536282338,24.6257923258171,25.5219757333312,24.6002116993476,-0.800255805636433,0.102443071189313
"Q9P258",16,19,16,19,16,14,27.0224533255599,26.974023015259,27.444638193686,27.2120786473507,27.3132320875732,27.5211392447277,-0.0243608998272341,1
"P00331",17,16,20,11,13,15,30.7854248290638,29.6007315451287,31.0816578311354,29.7913551857296,31.0956109470608,30.0510952366126,-1.17317054659637,0.0165762914140767
"Q9NTK5",17,17,21,16,16,20,27.1282484701967,27.4133584448692,27.3806767939049,27.1834121600042,27.448876140072,27.4760380052098,0.0383357353032008,1
"P34897",16,19,17,17,20,17,27.3924497614535,27.3323013042332,27.9272432038862,27.3787549714095,27.7739155935926,27.6943048512394,-0.229415810683399,1
"Q9Y520",19,12,16,17,18,16,26.0783098032181,26.2610047874432,27.1990797979224,26.7463031374153,27.0676244094233,26.8982050157415,-0.146500356654601,0.994725697058759
"Q8WUM0",14,10,13,11,14,13,25.0820785305517,25.1444173935389,25.235416812136,25.0276387700875,25.3742804194006,26.1101570189541,0.196812473497401,1
"P04802",20,14,18,15,16,13,27.3243920831854,26.4415047981818,27.7584703782994,26.5914078646695,27.849521357654,26.970907645353,-0.976187836978167,0.0944890344514587
"P48634",14,15,15,16,15,21,24.6944692670654,24.6673470946525,25.2173541242132,24.9164061548859,25.0884859572549,25.0872418772065,-0.109771407262868,1
"Q13347",15,16,16,16,19,16,26.6946475844456,27.2883570807129,27.0212838199399,26.8554275104765,27.1684159628712,27.1613676514821,0.140268291804932,1
"P40939",12,13,13,14,13,14,26.7573112612201,26.342259992444,26.7741862297343,26.520032206598,26.8411696532631,26.9836207875388,-0.175584719212234,0.98019518678008
"A0A2R8Y4L2",15,17,17,18,16,15,28.8303213856602,28.9376864919864,28.9187440668533,28.6714404287822,28.9613040472388,29.0515438600506,-0.0165662396443658,1
"Q9BXJ9",18,16,17,13,12,18,26.1761130237901,26.0339063834729,26.5118432391331,26.3213874177173,26.6633643916701,26.6790880935968,-0.105646253268767,1
"P34216",18,15,13,12,8,6,25.5832996170673,25.7483626016772,27.2874648177647,26.1644409570235,27.3990716110602,26.4560607010275,-0.633657262054667,0.832695660405639
"O95757",17,16,16,20,17,17,26.222380284224,26.4633156949912,26.3301378449192,26.4938118484754,26.0749864790109,26.1997301485682,0.176451027960233,0.969687931162732
"Q01082",8,12,15,13,14,16,25.0881158228625,24.871221591322,25.4176985389498,25.2193596878661,25.3322892833477,26.5287023368756,0.260393323634568,1
"Q99613",14,15,14,16,15,14,26.1929456293119,26.128419975947,26.713110837798,26.5689273710498,26.9483122406507,26.8882977029523,-0.089574552603833,1
"P00830",16,17,18,16,14,19,27.9239943193259,27.6114509346455,28.3795732386585,27.5155770130084,28.4408929866402,27.9104527933714,-0.568993267866433,0.567996791222726
"P09622",13,12,15,14,14,15,27.093143660779,27.0212378944525,27.3843273983044,27.1469244258208,27.3937370059975,27.3980166300773,-0.101676371576766,1
"P13929",10,11,12,14,13,13,29.1253210766587,29.1432097404297,29.3395816000539,29.3229743330513,29.682788892833,29.7624418561452,0.026978120026867,1
"Q15046",14,15,12,16,15,19,26.5235923443236,26.5632053512353,26.9486089172889,26.7449814095073,26.9680723426411,27.0627775757996,-0.0231030892371334,1
"O75390",14,13,17,17,15,16,27.0248446066404,27.032089291269,27.4849477513841,26.9521190405043,27.3860748229083,27.3647830973313,-0.182291917276067,1
"P38088",19,16,18,13,17,11,27.4657496026222,26.7552682087771,27.8627849912915,26.9560199043936,27.5901850925527,27.1548111573156,-0.684206805326702,0.200660658418324
"Q96PK6",16,17,15,16,17,20,26.535532754671,26.3358554996937,27.1148795994713,26.8801275556287,27.1313134592872,27.1655573754112,-0.1333951275653,1
"P38919",15,13,14,15,13,15,27.1032982148883,26.9583278254888,27.5114885848732,27.180932291915,27.4918766998,27.4656997890683,-0.1672345310298,0.964475913381023
"Q58FF8",18,20,19,17,14,16,30.7373821791849,30.8526247524661,31.212277139866,31.0040350842393,31.2307393611191,31.2532248348587,-0.0235046695352992,0.999069349868874
"Q14C86",14,13,15,13,19,16,27.2299861223959,26.962991733426,27.5417973402433,27.3234667252275,27.493876211047,27.6467997292314,-0.110800495267098,1
"P53992",12,10,13,15,18,13,25.5164417404119,25.6150825701141,25.6834517122741,25.5727536483008,25.9301152239635,25.7890183558993,-0.0510513674450988,1
"P42166",18,16,13,13,15,14,26.520770206524,26.129368239202,26.8928909189211,26.7244504645331,27.0523045247011,27.0325312519529,-0.193205231486066,1
"P40069",15,16,19,10,11,10,26.1602213595879,25.2823813360835,26.5675449769543,26.1429417030125,26.7491092532032,25.9832659803706,-0.6894288567596,0.608178917593774
"P11412",16,10,14,10,11,10,25.7193994752586,25.0380505647823,26.1057247157668,25.42168399949,26.145763175798,25.7175118070783,-0.597880331824268,0.650110654829547
"P62826",11,14,18,13,16,17,29.5427078921473,29.3619096486282,30.0021459505623,29.6440650854161,30.0074097296765,29.8888434684884,-0.219148456617801,1
"P0A6F5",11,7,6,16,17,14,25.1573085360354,26.8326160710881,25.4182230969393,26.9787273893269,25.5890112479126,27.255409563255,1.63407004759423,0.0203716275547608
"Q14151",17,17,13,14,15,15,26.7386275024381,26.5662752045201,27.2655618261631,26.9215305320904,26.9081663719368,27.0778692645523,-0.115560233125066,1
"Q99661",12,14,14,17,17,20,26.7049251367137,26.8418358294627,26.1164312204264,26.6340591183019,26.947170415626,26.983546597521,0.230304924173165,1
"O94906",14,15,19,13,18,18,26.4136271543455,26.3219150241467,26.8980718524993,26.7417742207819,26.9592219560688,27.0324113574333,-0.0582734535172331,1
"P22061",16,15,17,15,17,14,27.0927639143745,27.4261870644473,27.4730173684158,27.2442595880332,27.7899583364614,27.6005283023985,-0.028254888124233,1
"P07237",19,18,18,19,18,18,27.2492227034883,27.2381772942733,27.5768593540345,27.3873477797052,27.7386656381263,27.7034123238632,-0.0786034326024669,1
"P23588",12,12,16,12,15,18,26.5995188098167,26.4963276664035,26.9788808867442,26.8172094054608,27.0353699906577,27.1381664739691,-0.0540220471283999,1
"P61981",16,14,19,19,18,17,29.2915665767904,29.3067601187595,29.6611414601492,29.4157932080638,29.7384627859129,29.7180940492391,-0.0835078155967016,1
"P35241",9,11,14,11,19,19,27.1154326599959,27.3089774967737,27.5507276479442,27.434214360127,27.6896542383459,27.7653501465858,0.0509091524001673,1
"Q01581",15,13,14,14,14,16,26.1459879466603,26.2799569509932,27.1195231326486,26.2827488132456,27.0835215282455,26.7109414522327,-0.358461797027633,0.905782079192484
"P36683",6,5,5,20,17,16,25.2491182280861,26.5287475184943,25.3007083680565,26.5748711196486,25.1716657910689,26.9395095396933,1.44054526354157,0.0279188566405024
"O00151",13,14,14,14,14,16,25.9484491347787,26.2919891758985,26.0743056378131,26.1926544724641,26.5925450896982,26.5277205092146,0.132354765095734,1
"P11171",10,11,13,13,16,16,25.3880752428477,25.2707956209415,25.6518587468293,25.2735672637579,26.4032517164852,26.3271082570632,-0.190571521466535,1
"Q92973",13,16,14,14,15,13,26.3006192847175,26.5364911403539,26.5421230082792,26.3994231869485,26.7245887916989,26.755890818478,0.0414913536949335,1
"P51114",13,16,15,15,15,17,25.6556712332825,25.5953517377585,26.1130178342219,25.815901467216,26.0228327368608,26.0754177789073,-0.101616940161133,1
"O43847",11,15,14,15,11,18,25.7827965975904,26.1714874391553,26.2190845997217,26.1380269127191,26.6055252969534,26.4300945440551,0.0440674672213319,1
"P21980",18,11,10,16,15,18,26.0678029470204,25.9234227015078,26.3546186414792,26.1450454155866,26.4184969498402,26.5250186761272,-0.082477248372733,1
"Cont_P00761",14,16,16,12,14,17,30.275141830119,30.2093962476655,30.5888874191081,30.2030445954321,30.5495084339249,30.5079731584845,-0.164374560523301,1
"Q03558",20,16,13,13,12,13,27.2971683108703,26.1870153703515,27.6838678004169,26.382096258938,27.7545565441059,26.7283597287199,-1.14604043246123,0.0565415321125402
"P25789",12,13,13,17,15,16,27.322124692058,27.3432760047058,27.6435980551203,27.258301197296,27.8414781615102,27.5934074228702,-0.2040720946055,1
"P07737",17,16,15,20,16,17,29.0588010080657,29.0935924550267,29.2948031572761,29.1230560513811,29.4603541512522,29.501591095408,-0.0319062382594003,1
"O95163",9,12,11,12,16,12,25.8634020332099,24.8524239727482,25.7273530728366,25.5992571591742,26.290743501999,25.3159763798623,-0.704613698753601,0.45160640395188
"Q13451",13,14,15,14,15,15,26.2201111113954,26.2908177329241,26.7081163547946,26.6278055940825,26.9668746992732,26.5307752997976,-0.148567846219667,1
"Cont_A0A3Q1M3L6",11,15,14,14,15,13,27.1433374339452,27.1977176352466,27.32107054095,27.0180965808381,27.3314572767031,27.3515519312004,-0.0761663681043991,1
"P22147",16,16,16,10,9,11,26.2215188289964,26.1508204344857,26.8405445634633,26.5678858848465,26.8523393854504,26.524416292316,-0.223760055420633,0.992226730223419
"O43242",12,11,15,12,16,16,26.2901294039139,26.1079867737236,26.9528805648024,26.6834913346883,26.9318096595873,26.9914972803918,-0.130614746499968,1
"P00931",13,12,16,11,7,8,26.1870176364475,25.7047581095592,26.7109682442913,25.7679269021632,26.7418703787961,26.2422970891067,-0.6416247195686,0.535450808139438
"P38968",13,14,16,9,9,9,25.3601321539703,24.4877489098421,25.7158415769248,24.8119722860974,26.0286080737062,25.0030156574673,-0.933948317064832,0.124081920399453
"O13535,P0C2I2,P0C2I4,P0C2J0,P0CX59,P0CX60,P0CX65,P0CX66,P0CX67,P0CX68,P0CX69,Q03619,Q03855,Q03856,Q04670,Q12088,Q12193,Q12217,Q12316,Q92393",18,15,15,11,11,12,27.2072357074276,26.1947140283456,27.5913973633822,26.2356836918073,27.58186061439,26.5563116888507,-1.13126142539873,0.054119395654641
"P31946",17,18,20,20,20,18,29.221386217713,29.2534139954172,29.7258392750544,29.3582376245944,29.6513446308872,29.6303508999551,-0.118855867895967,1
"P46379",15,15,11,15,15,15,25.6032098905702,25.5275674446604,25.8877852850773,25.5946233680361,25.7461253500636,25.8487030664508,-0.0887422155212671,1
"P25398",11,11,13,15,14,16,27.8499535633576,28.3047204861566,28.4085583160761,28.0475438189785,28.3729203093243,28.3448055892682,0.0218792352151003,0.999069349868874
"P46109",16,16,15,15,14,13,26.3511175731509,26.6997954595947,26.7686289749818,26.5991841609629,26.9061676287373,26.8795238906428,0.0508631114434657,1
"Cont_Q2UVX4",10,12,11,11,15,11,25.3600473354807,25.3069047134071,25.7902827646701,25.7182369596258,26.0766345835101,25.7476919747708,-0.151377011952401,1
"Q7KZ85",11,7,13,13,10,11,24.2064223968593,24.2484390982694,24.5567869149698,24.1103222447904,24.9733994982093,24.9492302344118,-0.142872410855599,1
"P51692",14,17,19,14,16,13,26.0138460527313,25.8312684835646,26.3183882050425,25.9825420040264,26.6527628223487,26.3680044200327,-0.267727390832932,1
"O60814,P57053,P58876,P62807,Q5QNW6,Q93079,Q99877,Q99879,Q99880",18,15,17,19,17,18,31.7260344482355,31.9911233805723,32.1947335632049,32.0814284991065,32.1227561274063,32.2833592772785,0.104129006036869,1
"Q86XP3",15,9,15,14,11,16,25.7747004091554,25.9468808479827,25.9668914170082,25.8353656941467,26.0848379013723,26.2296433844293,0.061820066340933,1
"Q8IY81",11,12,12,11,12,10,25.074340104035,25.1351238551913,26.2137890620848,25.6613762495731,25.4868784655243,25.4541310815942,-0.1747921484285,1
"Q9NZI8",14,18,14,15,16,18,27.2756145896969,27.3008133620458,27.6479760142434,27.5097675153949,27.7908620187647,27.814834141756,-0.0296792011694341,1
"P33302",16,17,18,7,14,12,25.5886242904904,24.3501699438359,25.9996554776168,24.8215313964857,25.9688567758588,25.1514399467466,-1.07799841896593,0.082557294904483
"O95831",12,16,13,15,14,15,26.0511574846035,26.1767789811284,26.4864893868393,26.2225900404358,26.4781977340921,26.4300990117206,-0.0621255240833657,1
"Q9UHX1",12,12,15,16,14,17,26.2526398818047,26.4262538757585,26.5245732782357,26.4587003507234,26.7159224120258,26.7485107344945,0.0467764629700665,1
"P17967",12,15,17,13,12,9,27.5402697240764,27.5068071899676,27.8487780313449,27.6927457429014,27.9067802473197,27.9328287539113,-0.0544821053202327,1
"P04040",15,17,15,16,18,18,26.5341973074532,26.6044868327486,26.9375661725507,26.660287565928,26.9951674580143,27.0429960675091,-0.0530534906108334,1
"P15891",14,13,15,9,12,12,26.9524080920377,26.1403241256889,27.370845285516,26.4156694400923,27.3884249098041,26.7261799011116,-0.809834940155001,0.190213774634703
"P00491",15,14,14,16,17,18,26.60234444919,26.7607074623633,26.9073201672412,26.7315438130475,27.2243940403821,27.1097071327633,-0.0440334162130658,1
"O94979",14,12,13,16,11,15,25.5567718326878,25.6563736878348,26.0064815471462,25.8474135381287,26.0244469549478,26.2983912507285,0.0714927139700663,1
"Q9Y3I0",14,14,13,12,15,15,26.2515071149617,26.3924605052488,26.6523075726312,26.3978123552828,26.7529084723176,26.6716285253055,-0.0649405913578013,1
"Q93008",11,10,11,10,10,13,24.9361208370105,24.9225028326072,26.1147908169234,25.616742776346,25.3555579775075,25.3231258350867,-0.181366062467166,1
"Q8NE71",14,13,13,11,13,17,25.8437617959218,26.1525557913966,26.3592799906467,26.2458995175907,26.5297098250776,26.4781177285956,0.0479404753122665,1
"Q92878",14,10,13,7,20,12,25.6180702170468,25.4988734260497,27.7634414540565,25.8599937563527,26.2194016408464,26.3318182043343,-0.636742641737667,1
"P04840",19,17,14,15,12,11,28.5612951713774,27.7287897369044,28.8067476463694,27.6332506896195,28.8683972847709,27.9921725978701,-0.960742359374566,0.0679413533439325
"Q7L2E3",10,11,15,10,12,17,26.2529782107376,26.0893636761218,26.6531366739421,25.7007892503778,26.0896499350006,26.2369147598807,-0.322899044433334,1
"P38249",17,15,16,11,8,11,25.6712129957572,24.8276842226781,25.9724409283148,24.7428616153847,26.125622359622,25.1095810502197,-1.02971646513717,0.0641347676904687
"P45880",17,14,12,12,13,14,27.721113899262,27.8422719741493,28.1819447627425,27.8792307056423,28.1498717555192,28.1758426572204,-0.0518616935039008,1
"P15880",14,15,16,15,18,19,28.1107939185818,27.9693789674671,28.5598846748625,28.3226033471036,28.5565944578978,28.5431347442811,-0.130718664163432,1
"P17980",9,11,15,11,14,17,27.8864038055743,27.2876153043223,28.1319384210645,27.131486642102,28.0037558514684,27.5278260820818,-0.691723349867034,0.167346649111801
"Q06210",13,13,13,17,13,15,26.2073106376775,25.925162416845,26.5648157400408,26.272973422387,26.7079520130041,26.5703970456897,-0.2371818352669,1
"P06634",17,18,18,15,15,16,27.3828630417896,26.8374385300607,27.7326734079563,26.9461943422647,27.8127952240998,27.3036085288399,-0.613696757560135,0.288267648793078
"Q9BQG0",13,11,13,16,13,14,26.0360548590509,25.4499681188146,25.5473549099556,26.1395677455456,25.5298156098451,25.6419941639071,0.0394348831385661,1
"P53622",15,13,17,14,11,9,25.395002307439,24.4586049895912,26.835102536034,24.6271604646414,25.6471397678859,24.8955192588246,-1.2986532994339,0.12857025733106
"Q16881",11,15,14,13,14,14,26.2466659490139,26.3085202678528,26.6380467396437,26.3490311832678,26.8201953265477,26.793468963161,-0.0846292003078991,1
"P31040",13,14,15,15,14,14,26.0561079642669,26.0467809724133,26.4282708368078,26.0806301848909,26.3817413585922,26.4538778478512,-0.0949437181705015,1
"P28066",15,13,13,16,14,12,27.5728915876879,27.5019067771302,27.8533894215642,27.6016570035633,27.8849047771306,27.8923223146024,-0.105099897028933,1
"P63241",13,16,12,15,17,16,28.3729100830673,28.2655943022378,28.8518940772948,28.5739855013441,28.8017642987299,28.9374829307702,-0.0831685749132992,1
"Q9Y230",15,16,16,14,17,17,27.1427801712367,27.0716793742741,27.4034456006039,27.1343460969584,27.4000519237806,27.4746568276337,-0.0885317989183333,1
"Q92888",15,11,12,12,12,17,25.1365393483204,24.8098930193093,25.2424285191331,25.3253802622521,25.2175989266174,25.4343163108388,-0.00899240055690006,1
"P07384",14,15,12,15,14,19,26.1789486659851,26.3639205810111,26.7410546320212,26.2094374501737,26.6346705981922,26.4442134101729,-0.179034151613601,0.983897015147015
"O43290",9,13,12,13,7,14,25.090938608602,25.1709684440472,25.5522526809368,25.369969485894,25.6376189908657,26.0166025844281,0.0922434113216006,1
"P28482",14,13,15,12,12,17,26.4848209279218,26.9271606305509,27.0477017309178,26.6760986892319,27.4275037774549,27.4099506250175,0.0177278361686012,1
"Q6PKG0",16,12,10,13,8,8,25.7010668686826,25.5489234798115,25.9483367506452,25.7656576986023,25.9955244398654,25.9404467715632,-0.129966703072067,1
"Q99714",10,10,14,15,15,14,26.4685130531587,26.4544989885534,26.4354543349028,26.4458154578102,26.6024725654385,26.7711097951957,0.0549947626864326,1
"Q14694",14,11,12,12,17,13,25.6729317858155,25.804291067748,25.8236103916335,25.6467591960226,25.9106102526322,25.9256314011623,-0.0101569217161005,1
"P27694",16,15,20,14,17,15,26.7450327175172,26.811343136406,26.9986390615173,26.7830673720084,27.1072946705798,27.0099147055446,-0.0822137452184345,1
"P28331",14,13,15,18,15,14,25.2908878832616,25.2863826277508,25.576825685781,25.2838882596686,25.5638083960291,25.6367565865617,-0.0748314970301998,1
"P22087",11,15,14,12,13,13,26.858891243371,26.9242527195919,27.458287073619,27.1025550037571,27.2634291093472,27.6764422233122,0.0408808401079999,1
"Q13177",14,14,16,16,19,13,26.203704959207,26.1503712766478,26.7403224331937,26.2534313086459,26.7269000874259,26.4701959984999,-0.265642965344333,0.962596135441156
"P43246",12,15,11,11,11,15,25.7904136292193,25.9490665120448,26.2893221149177,25.9998773711584,26.9766795736939,26.4130633361985,-0.231469366143066,1
"Q01105",12,13,10,12,13,10,28.4718663185451,28.3818972404145,28.8555705612687,28.6594241283716,28.8391468779904,28.9524070255334,-0.0576184544949001,1
"P15705",15,17,16,13,11,14,26.7260719825116,25.8326007163766,27.156273065267,25.9427036682604,27.1647153096977,26.2423210788876,-1.00981163131723,0.0701530030181738
"Q9BY44",10,13,11,11,14,14,25.6125604401815,25.504063685507,26.1597632650868,25.7497326849216,26.0435323227397,25.9332357218283,-0.2096079785837,1
"P49090",12,14,20,10,8,10,26.5860064016148,25.7972857091161,26.958750051594,25.7140481139402,27.0482823121926,26.0413780830697,-1.01344228642513,0.0644642647512675
"P14832",15,14,14,12,13,12,28.8101763131255,27.7497157062677,29.1807113830134,27.95861227309,29.1694536155403,28.2069667904904,-1.08168218061036,0.0467648581920234
"Q8TEX9",8,6,12,13,13,13,25.2563921310252,25.1609859117462,25.5874486024149,25.2553608639538,25.7223423792816,25.657019303787,-0.164272344411567,1
"Q9Y5L0",13,15,13,13,14,15,25.5574566898926,26.0383858727555,26.5775906375276,26.3567494865823,26.4811648026421,26.5718102658067,0.116911165027401,1
"P32327",13,19,18,6,15,7,26.3612068934521,25.5192985087414,26.5918956337094,25.4720588852478,26.6811253621677,25.773872041675,-0.956332817888332,0.0661666492582507
"P33442",17,19,16,15,13,13,28.5859747793496,27.5926917557786,28.9976587072232,27.7362557503534,28.9512216518936,27.988949174552,-1.07231948592747,0.0583016080768192
"P18669",14,12,14,12,15,15,27.2452992535327,27.4152874973958,27.9435958177526,27.6076682703435,27.7991850640264,27.9027526807507,-0.0207905622738996,1
"O43175",16,16,13,18,15,17,26.8786938244674,26.7131160832885,27.2496727873016,26.9563387543899,27.384930742621,27.2959604433404,-0.182627357790398,1
"Q02878",14,15,15,16,17,12,28.6815549893507,28.5442875344882,29.102981344056,28.7545392143671,28.89562437054,29.0570998271098,-0.108078042660535,1
"P06899,P23527,P33778,Q16778",15,15,16,19,16,17,31.533269839323,31.8516861435327,32.0364592183093,31.9276694712058,31.9716065242639,32.1202942062005,0.119438079680933,1
"Q15154",12,10,12,11,15,17,24.8891569928847,24.5742114618952,25.0946159057517,24.9689069474926,25.1061966166007,25.0947241376798,-0.150708989389833,1
"P48147",12,11,13,16,14,14,24.8138386215782,24.9014135487519,24.9595008326543,24.7621766128393,25.1442880838229,25.1182942927943,-0.0452476945566325,1
"Q8IZL8",13,12,12,11,10,14,25.4846755342096,25.8559887965372,25.9403998124047,24.9879098363689,25.3777287045823,25.3932606930638,-0.188548241742232,1
"P28340",13,13,13,15,10,9,24.9634790100378,25.1861491588308,25.2706365264384,24.6256778562474,25.2689361421245,25.0810011063755,-0.203407852382333,1
"P23254",16,16,15,10,12,13,27.8862989503187,27.7694909272967,28.2466079661707,27.5294058889701,28.3707761242655,26.6186248892486,-0.862053778413166,0.1974026045169
"P20042",15,17,15,16,15,18,26.4064689519554,26.4341028552197,26.75606099109,26.5663530228501,26.814486633723,26.8360849408438,-0.046825252618266,1
"P23396",15,16,18,16,20,18,28.684347234402,28.5742326005658,29.1506523459082,28.8294508997807,29.1732310739012,29.1148659409734,-0.163227070963834,1
"P41091",15,17,15,17,16,13,26.8235046616863,26.7404229086702,27.3223989753249,27.0264783589461,27.2771914658219,27.374900180842,-0.0937645514582665,1
"Biognosys|iRT-Kit_WR_fusion",15,14,16,19,17,17,31.1471205945611,31.1300930538147,31.2648517479359,31.0032162714273,31.3345451324257,31.2947591346121,-0.106149671689533,1
"P38764",17,12,17,9,11,11,26.1488262776512,25.0099615052947,26.2302847967895,25.1633000233571,26.4192140231093,25.6345197189242,-0.996847949991334,0.0781773508976
"P12004",12,13,13,12,16,13,27.1640604902201,27.0277575435239,27.5936399354073,27.6257929945513,27.6392596625438,27.6943687280038,-0.0163469406973995,1
"Q96FV9",12,13,10,9,9,10,29.2734059133653,27.8848309210833,29.5767197178961,25.1124775282733,29.5302755880795,28.5774019732802,-2.26856359890137,0.0458059102542336
"P0AG67",7,5,10,13,14,15,25.0226053729484,26.9142226088421,25.7479909230272,27.0082383078767,26.1746393987947,27.3849531326414,1.45405945152997,0.0418768404670278
"P05141",11,14,15,17,13,17,28.201798177496,28.333523769562,28.5686791295048,28.3470020791198,28.4014808471999,28.3586957307448,-0.0442455249246999,0.961444226999353
"Q12888",10,6,11,9,12,14,24.1355350438574,25.2380129574908,24.5759817626766,24.5576475129792,24.700943618674,24.5477261526169,0.3103087326263,1
"Q14240",11,13,16,16,13,12,28.066780651675,27.9690990948634,28.4053592467443,28.1795958530696,28.4070216039044,28.441433116915,-0.0963444791585673,1
"Q01518",15,17,18,17,17,20,27.4827035913314,27.4756240999648,27.9715863530143,27.6158377216262,27.9328770411893,27.9292928174571,-0.122137448828967,1
"P07284",15,11,15,7,12,13,26.6135253311366,25.5746555399038,26.9237486556765,25.6438768825789,27.0029317311191,26.0793187553835,-1.08078484668867,0.0621136846476584
"P49748",9,11,17,15,10,11,25.6501502684498,25.6583001890165,25.7571003293111,25.5170743828599,26.0354330886525,25.7578763416156,-0.169810924307133,1
"P55265",10,9,15,15,11,10,24.89461333516,25.1605368306883,25.4723435343338,25.0578825170642,25.4118393794124,25.4448145918549,-0.0385207697662651,1
"P0AEX9",4,6,5,19,20,15,25.1924416726216,27.2686382259504,25.93276154542,27.2468840885853,25.7133413066581,27.6596857614112,1.77888785041573,0.0203716275547608
"P23528",14,12,13,11,14,16,29.2567639840787,29.0458461310824,29.5441966047734,29.3771316096587,30.1365772093018,29.7978764039122,-0.238894551166868,1
"P54886",12,14,16,15,10,18,25.6885939499943,25.6140782698344,25.9205839247971,25.5390584437198,25.993426834055,25.8264292006479,-0.207679598214766,1
"P26368",10,15,12,14,13,15,26.7948552817217,26.8281536301382,26.8286858280247,26.7522502680419,26.9396488855714,27.0523939200076,0.0232026076233005,1
"P17812",9,8,10,18,15,15,26.0000643200776,26.6269182578908,26.4462327012088,26.3147200049861,26.5476167312703,26.5714274624704,0.173050657596868,1
"Q92974",9,13,14,12,11,14,25.0151242284956,25.1237010162457,26.5258195920592,26.3488795416659,26.6216375209908,26.6692029861263,-0.00693259916923239,1
"P02008",14,17,16,14,15,18,29.6739235510686,29.6362160356212,30.1733639157923,29.8322371772325,30.1296773241876,30.1228463164736,-0.128555087240401,1
"O00425",11,12,16,14,15,17,28.483189293897,27.7430575820519,28.7663878719825,27.6984062445601,26.8030491333143,26.76415928181,-0.615667730257266,0.85797235255719
"P04792",15,13,14,14,16,14,27.3406274776695,27.6962956047249,27.8494877606193,27.6417555372511,27.8713147622535,27.8988309858821,0.058484042438599,1
"P31942",11,12,13,13,12,14,27.1387578575386,26.938675873429,27.7622244737999,27.3236419499022,27.7913935427198,27.8169422308992,-0.204371939942633,1
"Q12363",14,14,16,9,12,14,27.0495281926282,26.2145339059309,27.5393543180938,26.6063768585584,27.7349593981543,26.8818646149797,-0.873688843135766,0.204144279111096
"Q7Z2W4",11,9,11,12,12,15,25.5053519468596,26.0711727991083,26.1823696492617,26.2642659064561,26.9359561594433,26.3233061870021,0.0116890456672986,1
"P55036",11,11,9,11,10,11,25.7611128177248,25.9019591620211,26.2890195113743,26.0140790589905,26.0905665187134,26.3464129599652,0.0405841110547674,1
"P04181",10,12,14,14,12,15,26.4644378117859,26.5998676791907,26.8254015694115,26.6181390164989,27.2813097592848,26.9674094827743,-0.128577654006098,1
"Q8NI27",8,12,13,11,13,13,25.1066116594604,24.8591630871427,25.1753329941734,25.5098048388798,25.2639289255289,25.7916144233641,0.204902923407966,1
"P35998",16,13,13,11,13,13,27.1192012552997,27.1883801241364,27.6119675347547,27.2313729615811,27.4696796965882,27.5436243590701,-0.0791570139516663,1
"Q9HB71",12,14,13,12,11,16,27.7557392654664,27.9335780156352,28.0427974038659,27.7670145958809,28.0961579273908,28.1731561828971,-0.00698193410329987,1
"P32454",17,16,16,15,16,14,26.3111114895585,24.8167057640565,26.0812031948692,24.9836251361905,26.1783028603171,25.3348924711327,-1.1451313911217,0.0531322978535179
"P05198",14,15,18,18,14,16,26.885240481116,26.8089847896824,27.228017019477,26.9440116495953,27.3456686435145,27.3762324560853,-0.109899082914834,1
"P11154",11,15,19,5,12,6,26.2371262074751,25.2856813152968,26.5845809927628,25.3598329221192,26.6848927325954,25.4228983533527,-1.14606244735487,0.0522744348869269
"P02100",15,12,14,15,18,16,29.0179905975067,28.9042279582567,29.3979312689207,29.1823482790791,29.5031197901983,29.4675004522238,-0.121654989022034,1
"P35520",11,11,14,11,12,13,27.3326997125904,26.7483234928945,27.151188301974,26.8112094520743,27.2465369340117,27.2367819508609,-0.311370017582133,0.898565739437674
"Q14498",10,13,14,14,15,13,26.50127376506,26.6207900011729,26.8053587394886,26.5692335270349,26.847505869859,26.8519254267608,-0.0373964731463327,1
"P05386",9,8,11,8,9,10,27.4309546336894,27.4600203670865,27.2554481757337,27.2598004337434,27.5163130864023,27.4620470101098,-0.00694936162856644,1
"Q9Y678",13,10,10,12,14,18,25.9002215402252,25.8545202097339,26.2780210298638,25.8890330214469,26.3669285997659,26.2600593943263,-0.1805195147826,1
"O14776",9,13,13,14,11,12,26.7937316904085,25.8827413617891,26.3750050841378,26.0712620150708,26.4547189849731,26.2997306636088,-0.456573906350233,0.678247859324542
"P53978",15,17,17,10,11,12,27.7229390347121,26.7290927311027,28.0077647218319,26.6465954038977,28.0549250397362,27.0255888945185,-1.1281172555871,0.0531322978535179
"P23248",17,17,15,15,13,12,28.6083996741171,27.5994982654309,28.9849391330537,27.7602815846248,28.9362228521656,27.897997006224,-1.09059493435223,0.0550820044612563
"P02557",14,14,12,11,8,8,27.197127285144,27.2185002696799,27.6531090048064,27.1761462071865,27.6783824293636,27.4338548659234,-0.2333724588414,0.978870202673566
"Q02725",14,15,14,10,7,12,26.4630040558086,26.2887893494416,27.2310866742787,25.926466122078,26.2160449468162,26.0822755947262,-0.537534870219233,0.969687931162732
"O00429",12,12,12,9,14,15,24.7436237525156,24.858176164443,24.9905598389702,24.9857089798074,25.233920963473,25.3685846565955,0.0814550819623676,1
"Q9Y5B9",13,8,12,15,13,15,25.9015717214322,25.9717134271785,26.1621644883187,25.9812695534682,26.3799512726401,26.2889875583652,-0.067238981126368,1
"O60341",13,14,12,9,8,11,25.636404023398,25.5061246182689,25.9952117188986,25.7644326653663,26.0733158936497,26.0978106426976,-0.1121879032045,1
"P21796",14,13,15,14,11,15,27.1107219270165,27.2621368645455,27.3092953749994,27.0903618606696,27.43314707273,27.4604472720069,-0.013406125841301,1
"P41940",14,16,15,12,9,9,28.7596933722438,27.7098843974893,28.9962580544032,27.7662833241158,29.0050325397488,28.1097345474837,-1.058360565769,0.0467648581920234
"P50579",14,13,12,8,13,12,25.1177787839021,25.1948874285419,25.5002282194126,25.4392224209836,25.7683051935385,25.867169279464,0.0383223107121005,1
"P54113",17,18,18,11,12,15,26.7487460572942,26.4830770812271,26.8774096803328,26.0462059493183,27.055147036129,26.3614945959552,-0.596841715751799,0.327640626426765
"P16120",13,16,16,8,11,12,28.2912450488139,25.8951120519703,27.1305510821484,25.9365111520332,27.2468949584653,26.246447486502,-1.5302067996407,0.0561284181598124
"P15170",12,14,15,14,14,14,26.5677131202881,26.5716496581533,27.3322304068824,27.0277906093882,26.9880528222904,27.0108599710545,-0.0925653702882983,1
"P26196",9,11,13,13,14,13,25.5568964613871,25.7477682795455,25.8832796294806,25.7628351700449,26.0617634110834,26.0509717286479,0.0198785587624002,1
"Cont_Q3T052",12,12,14,12,10,13,26.0436803294637,25.9850738120411,26.3951651327586,26.4956298711656,26.4668400883833,26.3931984910642,-0.0105944587782325,1
"Q9Y285",12,11,12,15,11,13,26.1827254693304,26.0557577224218,26.3230906418402,26.1262567242227,26.6179157985133,26.4330884776666,-0.169542995124267,1
"Q8IWZ3",8,10,11,11,11,8,24.3368210178276,24.7372365101958,25.399781977257,24.990313479994,25.2569143968207,24.9686815568519,-0.0990952816211994,1
"P62191",14,14,14,15,13,15,26.9309428450124,26.9089888167172,27.4287500418828,26.9738348500915,27.364685996486,27.285169785431,-0.1854618103805,0.983897015147015
"Q14444",12,14,14,16,14,12,26.4242783080098,26.464461369502,26.9056766671728,26.6718983178563,26.8931952311773,26.9708077026523,-0.0386609387830994,1
"O76094",14,11,13,10,13,13,25.6562635835529,25.9641551379878,25.815420335171,25.6625674426792,26.0370599294818,26.0808067950887,0.066261842516667,1
"Q9BXL5",12,13,10,11,15,13,26.4406841766558,26.434549713929,26.9164788676819,26.5563775329131,26.6408461898501,26.762091534034,-0.0816634844372335,1
"Q9UNX4",13,11,9,16,12,13,24.9067590572808,25.0496072914863,25.123671655689,24.8673285173326,25.2011162949785,24.9814001329822,-0.111070355382402,1
"O60664",12,13,9,12,12,13,25.887328657934,25.9649102490263,26.1910777444031,25.9854511069221,25.9943929747913,26.085075771659,-0.0124540831736664,1
"P11766",12,13,11,11,14,15,26.5521610789617,26.7762156394088,26.9687635451246,26.647041367007,27.0016703600519,27.0521547461235,-0.0157277438663002,1
"P45974",15,17,15,13,13,15,25.2799891046385,25.2377820961245,25.6097396563115,25.4820896764696,25.8195814470664,25.7005162351621,-0.096307400086733,1
"P51659",12,9,12,8,12,13,26.8565171904257,26.3301669841754,27.1794812001527,26.4405999092137,26.3575879779065,26.2264039605674,-0.465471838176134,0.792762977455157
"P38788",14,10,11,10,11,10,27.2248715083917,26.1481711886754,27.5872090225716,26.4059503563581,27.7540406403956,26.7995680933978,-1.07081051097587,0.0757336207591135
"P22695",9,10,13,13,13,12,26.0023918427043,26.2402991583822,26.546304205063,26.3341746547479,26.651867503606,26.5667934883882,-0.0197654166183317,1
"Q8N1G4",13,11,13,14,14,15,26.0067996234618,26.0092456789333,26.4499575430539,25.9952069736446,26.3363974572334,26.2782193054748,-0.170160888565466,1
"P39954",13,18,17,9,10,14,28.3210613171694,27.3677401385336,28.7725541002046,27.8293534369148,28.7282084740367,27.978308875376,-0.882140480195433,0.10961937004265
"Q9UHB9",12,12,10,10,11,11,25.4627718421002,25.499821440635,26.0592878469578,25.7452644017655,26.1957158255116,26.1737083936255,-0.0996604261812,1
"P10768",12,15,10,12,14,13,26.4904866166812,26.2098398936586,26.6480466947495,26.4818248011688,26.8215853078964,26.933866394339,-0.111529176720233,1
"P54819",13,12,12,16,13,11,27.6632264750714,27.5261854303006,28.0313019025996,27.7399316859061,27.8153861299932,28.0433160420935,-0.0668271164546669,1
"P62495",13,14,13,15,14,14,26.9103791356966,26.995196620309,27.1743559539598,27.0498016967217,27.364046463576,27.2873324949853,-0.0388169137388002,1
"P43686",7,8,16,13,11,15,25.994449689977,25.9975027155661,26.5087914473852,26.213006294874,26.5627839314386,26.5340481354516,-0.107155974303033,1
"Q29RF7",5,7,10,9,11,11,25.4948769421232,24.4211500379734,24.7394133062389,24.5731455790303,24.5916646658387,24.9073551032887,-0.308101397969466,1
"P38708",13,11,15,7,6,9,25.9156378907113,25.3800786715661,26.1478258361299,25.2297860918157,26.3734517093092,25.7874644086951,-0.6798620880245,0.35986939500829
"Q14203",12,12,14,11,12,10,25.3537895923587,25.4228107312963,25.4705186244213,25.320011899272,25.2945603148941,25.5445001532029,0.0561514173656998,1
"P30154",11,12,13,10,14,17,25.9942323991597,25.8082687940476,26.4557587763481,25.8729016924226,26.2007176954179,26.2718773119125,-0.232553690847666,1
"O76087,P0CL80,P0CL81,P0CL82",12,9,11,10,10,12,25.4634966842859,25.6668407444687,25.8821134088263,25.466117795974,25.8427837435315,25.8219328616267,-0.0778341448580993,1
"P0AC33",2,2,1,12,11,14,24.3611730186982,25.7654480847374,24.5720886254824,25.4302765583129,24.2915934143907,25.7126866243065,1.22785206959517,0.0446704713703273
"Q9UG63",14,12,13,15,13,15,25.8428475101665,25.8924716667299,26.3034916141929,26.0224098079347,26.0508877239102,26.2616692784842,-0.00689203170693394,1
"O43776",11,13,13,15,17,14,26.7793518610495,26.6332964827512,26.6264545551729,26.3391521875875,26.6291465844422,26.5957618176228,-0.155580837567699,0.930244818750448
"Q07551",13,12,14,7,10,11,26.288249204544,25.9064897974328,26.6897152292224,25.6828371042569,26.7669821544386,26.0125681074733,-0.714350526347334,0.240767387504934
"Q9NVP1",11,14,15,12,13,13,25.6381710614299,25.90179348384,25.911271741421,26.0059044482302,26.3004788067091,26.3407812112839,0.132852511264699,1
"Q03701",12,14,7,8,14,15,26.3221193269205,25.8402796587743,26.6913726178422,25.2869207934735,26.5631966214108,26.1149874335362,-0.778166893463168,0.292174627316535
"P28074",13,11,11,14,11,15,26.2818782538612,26.2326404992873,26.6600570616844,26.5108059316322,26.7567578681357,26.818955607662,-0.0454303816999347,1
"Q12874",13,11,14,10,13,12,26.6707258271897,26.3935816127664,26.9547818645878,26.4900424278971,26.5820979821491,26.6216568583111,-0.234108258317333,0.967425691449517
"P52910",11,17,14,10,13,9,26.5958534237565,25.8550803275793,27.0811604383615,26.2416608508724,27.0903922300749,26.4896733092601,-0.726997201493699,0.337606058706822
"P42566",13,10,8,12,8,11,24.4892367113096,24.6780547282431,25.1678384520738,24.5358072881088,24.948305466906,25.305197154862,-0.0287738196918331,1
"P11277",8,5,10,8,7,10,24.8401234593934,25.0582015198847,25.5161251347362,25.5253183995526,25.864354781133,25.828353941664,0.0637568286129001,1
"Q9NSD9",12,16,13,11,16,17,26.2060893705084,26.2130956143984,26.6764525538973,26.4304683759766,26.7029259783147,26.7514749004543,-0.0634763372970326,1
"Q5SRE5",15,14,12,14,12,11,24.6990076886577,24.7877140852235,24.9761067761191,24.7275414978123,25.2077456925043,25.132205999632,-0.0784661915377676,1
"Q13356",5,12,14,11,12,11,25.0674872092718,24.9732215012077,25.333827143158,25.2574334522203,25.649195316221,25.2241761541384,-0.198559520361466,1
"Q08379",8,8,10,13,13,10,24.5180317741156,24.4753367573917,24.6839629720132,24.4318506741861,24.700392303068,24.7740554939757,-0.0737147078811008,1
"P37837",10,14,13,13,14,15,28.473977072574,28.0921869278102,28.5990961722065,28.3088773992175,29.4816678971869,28.5530755476997,-0.533533755746667,0.801343733986221
"P52907",11,9,12,13,12,11,26.3349016069075,26.6799876157627,26.7016329429088,26.4621746029546,26.7143874471473,26.7742866870869,0.0551756362801991,1
"P35606",12,12,11,14,10,12,25.5598338077948,25.4466956307098,25.8781104259054,25.5834723616579,25.890219088914,25.8210924398125,-0.158967630144667,1
"P55795",13,10,10,14,13,13,27.4001436758481,27.3668981931878,27.8338306999325,27.7546990478279,28.0248366614425,28.0228247805754,-0.0381296718773321,1
"P37802",15,13,16,15,15,17,28.1413943361563,28.1323475372561,28.4655041296908,28.1413865397964,28.4960410038937,28.5394102906997,-0.0965983673295341,1
"O60264",14,12,10,13,11,13,25.228359703572,25.1864786585556,25.5971424618147,25.3213333250898,25.6941400977778,26.2907335198976,0.0929677467928336,1
"P38606",12,11,11,11,13,17,25.5566304724739,25.6552699734682,25.9798044933664,25.7008171839049,25.9811545570512,26.1350425744049,-0.00881993037116757,1
"P00390",11,12,14,15,13,12,26.1258354741981,26.053279281211,26.5224797644438,26.1377563473621,26.5728691575371,26.4531012969717,-0.192349156878067,0.984783734783735
"Q15003",14,12,7,10,10,13,24.9975541404111,25.1044942992989,25.3849296889644,25.0484955214945,25.3662917948846,25.3717786380373,-0.074669055143134,1
"Q12213",15,14,16,12,10,12,28.250816534285,27.1856042611578,28.899355355449,27.6105057192371,28.9381242263966,27.9690578033486,-1.10770944412903,0.0894008616608071
"Q9BXP5",13,15,13,14,13,13,26.3196156212521,26.1236577644647,26.6121638843145,26.4947165690917,26.649844151825,26.7394361753133,-0.0746043828406341,1
"P50570",9,8,11,11,9,15,25.5597863224685,25.6220947289261,25.7772385570267,25.5922683679839,25.9773163506034,26.0712366422851,-0.0095804969678331,1
"P49089",10,13,15,9,8,11,26.4618463593972,25.5095077945082,26.8638201782099,25.5376607415383,26.9769196212667,25.8810157240503,-1.12480063292567,0.0565415321125402
"P68036",12,7,10,9,10,8,28.1898247096593,28.2057295739275,28.3454420656052,28.2929739638884,28.6057628717214,28.5031184553763,-0.0464025512645681,1
"O75179",9,4,9,13,12,6,24.4397955093537,24.6971817070599,25.1513724328269,24.9550451001635,24.9199526898284,24.8649857884786,0.00203065456433293,1
"P00958",12,15,13,10,7,10,26.3000983582145,25.8582938035856,26.7844152900732,25.8990189545389,26.6114907835908,26.0867613052274,-0.617310122842198,0.389778535584826
"P05750",17,14,13,12,11,8,29.0639109755662,28.106517414632,29.5048332897007,28.4041773401345,29.5404434413059,28.6680791739381,-0.976804592622733,0.0461043177268426
"Q5UIP0",7,14,13,11,8,9,24.7820434795616,24.4383584903426,25.0840424455415,24.9120743221976,25.3878217108739,25.2946528578048,-0.202940655210667,1
"Q9NUU7",11,14,13,12,13,11,25.8000420947236,25.6142059101235,26.2740604515226,25.8600651996211,26.1177234662874,26.0533841953198,-0.221390235823068,1
"Q9Y6A5",12,10,12,9,12,13,24.8100514470494,24.594014725992,25.3671736960572,24.9490263357632,25.3953030948517,25.4312600080348,-0.199409056056099,1
"P51665",10,9,11,8,10,8,26.087769544763,26.2454331668444,26.6887250882339,26.1719896083446,26.5563018646122,26.4744600274764,-0.146971231647901,0.967984736283819
"P07251",13,16,20,9,12,14,27.9417851816988,27.3655548633552,28.3059000373292,27.5272695008281,28.3112997253418,27.9336108809329,-0.577516566417867,0.541566633030007
"P12829",9,12,9,13,12,12,27.2426705574864,26.6638377688256,27.7502884720738,27.471264521444,27.7438706569464,27.7505487543077,-0.283726213976433,1
"Q8TAQ2",12,11,13,13,18,13,25.5838429179787,25.7950432217992,25.8987129164996,25.7041166215339,26.0104804708243,26.1003354234093,0.0354863204799329,1
"O15294",12,9,14,10,13,13,24.7163903708106,27.50208201808,25.2720368393627,24.9954409392173,27.6855278528704,27.7657672481712,0.8631117141416,1
"P14126",17,14,15,13,11,11,28.6798598677482,27.4917491386264,29.1286948146629,27.7883884740642,29.0779083710578,28.0605968250523,-1.18190953857533,0.0467648581920234
"P46655",13,16,14,12,11,12,27.2975607271416,26.0524942550803,27.5601209032191,26.292892122769,27.6867142373664,26.6539514178426,-1.18168602401173,0.0559227292956589
"Q16401",12,14,16,14,16,18,26.3811711443425,26.467020262836,26.956906872,26.4722980388824,27.0980915350081,26.8648323358145,-0.210672971272565,1
"P50095",10,12,11,4,4,4,27.1304888679662,26.3301245747342,27.1031094457494,25.9918521446995,27.2839457522108,26.2106273527104,-0.994979997927434,0.05860499793896
"P21264",11,14,17,8,8,4,26.703253254939,25.7971039995666,26.2897867341026,25.8857798650462,26.3857215582281,25.432458940143,-0.7544729141713,0.206462041153734
"O75821",11,11,13,12,12,15,26.2428353819867,26.2142684215091,26.9344098625525,26.6733251443179,26.9445698077122,26.9298051498803,-0.101472112181367,1
"P19623",12,13,13,12,16,13,26.4772437994609,26.6727198001732,26.713423540616,26.4850537977165,27.3920036923139,27.4358265264648,0.00364303065456776,1
"O95347",9,10,11,10,11,13,25.4360889229292,25.4920820214708,25.9621538751325,25.5427110798409,26.5678818241305,26.6468380644705,-0.0948311521366669,1
"P05317",14,17,17,12,11,13,28.4382852563991,27.4347791350171,28.5219176428775,27.3626464376609,28.6640393412512,27.6931012926039,-1.04457179174864,0.0561284181598124
"P43487",16,14,15,13,14,14,28.5857197135654,28.6801598966402,28.9629474434316,28.6312351287171,28.9301754256738,28.8624098717869,-0.101679228508865,1
"Q13066",11,8,11,10,11,11,25.6818121038817,25.8317458095416,26.1160202628734,25.3810229758545,25.4564847683963,25.6986236029229,-0.114308248944133,1
"Q9Y4W2",12,11,12,13,11,10,24.7173446618453,24.9979500589434,24.9396031557823,24.6449930836092,24.9824814241503,24.9420579603929,-0.0181427129441332,1
"O95602",7,5,8,10,6,8,24.0748267902507,24.4236776091096,24.284257047956,24.068271667152,24.6378227123672,24.3016429925587,-0.0677714272511996,1
"P21281",8,8,16,13,12,16,25.7518217839379,25.6865598349327,26.1477887349165,25.573379646157,26.0631539382453,26.0661348601129,-0.212230038632365,1
"Cont_P08727,P08727",11,9,8,12,10,13,26.1206995192556,26.49812937265,26.7857837967318,26.9913074877346,26.6131316265178,27.3604309218817,0.4434176132537,0.612217272352792
"P31373",11,11,13,8,10,10,26.6370581936521,27.0600774345413,27.9814906344633,26.0603900149065,27.1878641519538,26.2974073560273,-0.796179391531367,0.715575297320533
"P49593",10,11,12,11,11,14,25.0409319706509,25.2359677541257,25.463212903918,25.4182586183887,25.4861693308606,25.7352694677184,0.133060544934433,1
"P16989",11,9,10,14,9,11,26.6725920543439,26.6353822431143,27.0591917798619,26.8937362780003,27.2472065268722,27.2810567085721,-0.0562717104637684,1
"P28241",11,11,13,7,7,8,26.7832935281493,26.0180872396715,27.3299669648533,25.9181231297785,27.3870257331965,26.3323064950392,-1.0772564539033,0.0690556871676902
"P00817",14,16,14,13,10,12,28.3042227673029,27.3236569289065,28.6170520723227,27.4496475381031,28.6295560644752,27.7493862194533,-1.00938007254597,0.0641347676904687
"P62333",9,8,10,11,12,14,25.9224477542985,25.8565174753756,26.4025288751708,26.6355102266475,26.459793674857,26.5646635379165,0.0906403118711007,0.999069349868874
"Q08972",13,12,15,9,8,9,26.4106308149154,25.5499528968688,26.5602480422237,25.2696708912695,26.6822938290124,25.8146783895024,-1.0062901695036,0.0669938421649728
"P12236",12,12,15,15,13,16,27.9718015569303,27.9612100621276,28.3058071000396,28.0714970604384,28.0991037719371,28.048528780635,-0.0984921752353335,1
"Q01780",14,7,9,10,11,10,25.6508546489227,25.8295829045248,26.050390069849,26.2219440174576,26.2969363656206,26.4711965368242,0.174847458138098,1
"Q8IY67",6,12,15,10,11,11,25.1606265349942,25.2547841277058,25.5117999373842,25.1745359326448,25.5191938700149,25.4839995006844,-0.0927669271194323,1
"Q12788",12,10,12,11,12,12,24.9527758112937,25.2319354078007,25.4911484833531,25.1069472169033,26.1638636947237,25.8022034544964,-0.155567303390034,1
"Q15942",10,10,8,10,10,11,24.680446663789,24.7085959026021,25.2907744320153,25.0432624675713,25.8185534105721,25.9748161212769,-0.0210333383087011,1
"P07910",13,14,13,13,13,15,29.4083118574981,29.5547815764679,29.7342013534607,29.6182732444212,29.850438197366,29.9487042614994,0.042935891354567,1
"Q14690",10,8,13,9,11,11,24.5516436121114,24.3931259405018,24.7240611205016,24.4922050292721,24.8687350620644,24.8701704396041,-0.129646128433132,1
"P27550",4,6,5,12,14,11,24.0024898787927,25.8696383642753,24.5468618508728,25.9646519799545,24.5175508151839,26.1356869003631,1.63435823324783,0.0203716275547608
"Q9Y450",8,11,10,13,10,14,25.2609305853631,25.3057284882273,25.3442495766333,25.078646144728,25.4793075994811,25.4168369489634,-0.0944253931862657,1
"Q96QK1",11,12,12,12,12,13,25.9482587628537,25.8557429637729,26.3293404595262,26.1176136172862,26.3539109792044,26.4800233200748,-0.0593767668168006,1
"Q8NI36",11,10,10,15,14,12,25.7267063823632,25.4081372895961,26.2019468057403,25.3623897347491,25.5797560309295,25.6319470271137,-0.368645055858032,1
"Q9Y2W1",17,13,16,18,14,16,26.1524358744612,25.9707036285307,26.5304645630401,26.2774132687555,26.4058751990389,26.5262099117551,-0.104816275832967,1
"Q9UIA9",11,11,14,12,10,14,25.3043552212915,25.3977996932094,25.8765529175687,25.8241519417535,25.8965151552117,25.7853106749907,-0.0233869947060998,1
"Q16643",11,11,8,10,12,11,25.2784677497472,25.5271975412106,25.6478560470108,25.6274850136116,25.7177180447186,25.8892578337027,0.133299515682767,1
"P39730",12,13,14,6,5,9,25.8847849104867,24.763380462245,26.0951466798535,24.7540094355591,26.1716893050015,25.3564214763654,-1.09260317372407,0.0641347676904687
"Q8WVV9",9,10,7,10,12,9,25.0951953029104,24.8499076673292,25.2436858038586,25.0362734049016,25.3493904413795,25.2623072232694,-0.179927750882767,1
"O43684",10,10,13,14,10,12,26.1642609422764,26.2078773299375,26.6034091335583,26.3778674176488,26.6856910265719,26.7050841269115,-0.0541774093029327,1
"P51532",11,10,9,8,8,10,25.9561750389934,25.7096057366393,25.305462011013,25.9633011960804,25.3102347191362,26.4619356380514,0.520990267209501,0.655451225068195
"Q13423",10,11,12,15,12,14,24.6653160721146,24.8156803657327,25.0633236478922,24.7316919221507,25.9089974262245,25.5118489080681,-0.192805316759934,1
"P46060",11,16,15,12,15,14,25.982555668963,26.2123546291579,26.3799403031194,26.170701236921,26.5176528101311,26.5417779655805,0.0148950164819676,1
"Q99623",11,10,11,15,12,13,27.2838357091984,27.340427137644,27.5998031095368,27.3573514505186,27.6790846563616,27.5927166168244,-0.0907427567032665,1
"Q15020",10,12,13,9,13,7,24.9055075592814,24.8840691356864,25.2570272320662,25.0495692381652,26.5946876005034,26.6110544114482,-0.0708432021837323,1
"O94776",8,9,12,10,9,14,25.9936319814937,25.9501035814747,26.4148351474999,25.9676771079938,26.4637059599317,26.5419291755515,-0.137487741301767,1
"Q9Y266",15,13,14,14,15,12,27.9500479445197,27.7752932876996,28.3635522245576,28.1131221502443,28.3861691789015,28.4361437099665,-0.125070066689466,1
"P62136",13,12,12,16,12,13,26.6187084469033,26.6154686706424,27.6230781680196,27.228187490763,27.5468744472222,27.5032237811757,-0.147260373188002,1
"O14979",10,10,13,14,12,15,28.0324458302302,28.0921475610785,28.3105754790882,28.1359207594283,28.6077820335098,28.5366980348813,-0.0620123291466991,1
"P39676",14,15,11,9,10,10,26.4837874911253,25.4791643633926,26.8276621291521,25.4687863485135,26.7181706810751,25.7790923145473,-1.10085909163303,0.0538800868171015
"P15624",16,15,13,7,8,8,25.9151471323289,25.3513695491013,26.4879095687093,25.2717083645055,26.4511366404397,25.4504492339322,-0.926888731312966,0.0948213627484441
"P35237",10,8,14,12,9,9,25.684547031805,25.9919956916179,26.0192949753682,25.7398642339639,25.9732329770704,25.9809323789209,0.0119057734196997,1
"Q9H0A0",12,9,16,12,13,12,25.3633634655777,25.3506311580266,25.9628180065117,25.7848761283485,26.6590084447423,25.95482906776,-0.298284520898867,1
"Q9HCE1",10,12,9,15,12,14,26.5230590210425,25.8760827882518,26.6150723520349,25.7234973223711,26.7590816491961,26.0221249636707,-0.758502649326634,0.139030655432218
"P09429",10,10,12,12,11,13,26.9056396707776,26.82274284665,27.4560213340328,27.103724975852,27.3589827275351,27.4748434535475,-0.106444152098666,1
"P49591",15,14,14,10,13,14,26.7448067433629,26.8728135075867,27.0729645730229,26.7623179603339,27.0200612968763,27.071263160928,-0.0438126614711673,1
"P25443",14,15,15,9,11,10,28.2465359192412,27.118407258608,28.7094471388098,27.305446285232,28.5870933964692,27.5455363829669,-1.1912288425711,0.0531322978535179
"P32119",15,13,12,15,14,12,28.7127524207205,28.6424142272681,29.1147398319889,28.8284948598481,29.0476191995419,29.0986183016589,-0.101861354492065,1
"P30085",11,12,16,12,13,18,25.5902296457755,25.877448718389,26.1830854432568,25.9078773926031,26.2654085921774,26.2102649697806,-0.0143775334790005,1
"Q04182",14,12,12,4,6,6,25.8172512781723,24.7055223933633,26.2846961940559,25.0858565601447,26.0929032469576,25.5692625047354,-0.944736420314135,0.152209076421561
"O43396",8,10,13,10,13,11,25.8871352543395,25.976525492266,26.2342754066964,25.8932414373156,25.9771045888178,26.2017290915501,-0.00900640957400138,1
"P27635",14,11,13,10,13,13,27.4618160158833,27.3400561295365,27.7464328242869,27.4435931355993,27.8780955478414,27.8080128267845,-0.164894098697101,1
"Q9UNZ2",11,11,12,11,15,13,25.6459562060615,25.4516252888046,25.8778234112743,25.8690588245063,26.0640991857911,25.8877840767679,-0.126470204349366,1
"P40763",10,9,9,12,10,12,24.6972791864654,24.8474195599434,25.15257930942,24.6809359252207,25.8142820400472,25.491317328229,-0.214822574179832,1
"P47068",12,10,11,3,NA,5,24.7207875192205,23.8758909637162,25.4527574112741,25.4756833425653,25.4649452770406,24.446821560199,-0.613364780351566,1
"P08575",11,9,9,8,13,10,25.4473724671041,25.0116297613266,26.0143190092899,24.697465429126,25.9621100008068,25.2080589817836,-0.835549101654865,0.182482726090309
"O43615",11,10,10,14,14,14,25.9545344663145,26.1026133086651,26.3622552785725,25.9062021338661,26.1515254185535,26.2993388372016,-0.0533869612359013,1
"Q9NY33",9,9,12,12,7,11,24.9770439549259,24.953588939553,25.2586068621339,25.1423683936872,25.4275275624213,25.2862435771974,-0.0936591563478331,1
"Q9H4M9",11,11,12,14,13,11,25.5333464876357,25.6759258150196,25.8559349202694,25.5350866747435,26.373768570608,25.7053754755468,-0.282220671067735,1
"P38879",10,10,11,8,8,5,26.8755545766615,25.9033301549226,26.9616664155896,25.572984426304,27.2013168997158,26.1736315451414,-1.12953058853297,0.0565415321125402
"O00116",12,10,13,9,10,9,24.6548573510885,25.0781315837327,25.0598994231615,24.9203115988673,25.3681255495317,25.3147379806577,0.0767662798253331,1
"Q9NVI1",8,8,9,9,9,16,24.7178667434261,24.6685216841243,25.0125508877873,24.984199651755,25.3921770781095,25.6577683056467,0.0626316440677002,1
"Q9NR45",12,12,11,11,8,11,26.3339674131128,26.2198853414861,26.4421495161926,26.1669476250772,26.4580563529276,26.4405351529926,-0.135601720892366,1
"P38219",10,12,12,8,5,9,26.9720781879935,26.1876994186384,27.3976280262995,26.4510978936678,27.2993103264197,26.7059912068843,-0.774742673840734,0.198085694961254
"P50454",9,9,11,7,9,7,27.0756994744767,27.1927942651781,27.0549401054488,26.9022514455728,27.1700110666373,27.240482305656,0.0116257899480334,1
"P04801",15,11,14,10,13,11,27.3867301866835,26.8557026686709,27.7725127220869,26.3796047012093,27.2683006941083,26.5802823784193,-0.870651284859734,0.128918827130159
"O15042",12,8,10,11,9,11,25.7284327031739,25.7319051518402,26.2773987951319,25.914239947968,26.0561924926644,26.5630805679254,0.0490672255877982,1
"P69891",15,12,14,14,14,14,28.8890561450176,29.0313027440561,29.4296262559899,29.1502304115312,29.4743650834615,29.4703278382017,-0.0470621635599997,1
"P60900",12,10,11,12,10,11,27.1356588785611,27.1923948644845,27.5682760083356,27.2760079405797,27.3292230108173,27.2566665312803,-0.102696187123168,0.994725697058759
"P27348",14,13,17,14,16,14,29.1014243197425,29.1765699133699,29.5967175352325,29.243014719883,29.5405744544873,29.5268807807542,-0.0974169651517324,1
"P13804",11,10,13,10,11,13,26.3811324529701,26.558709024093,26.8134547633227,26.689016345344,26.8917380992158,26.9262990717295,0.0292330418859675,1
"Q9BUJ2",10,9,7,10,11,7,25.6221008747093,25.8210735548661,26.4114199560615,26.1080507637253,26.5085865560027,26.1988255392591,-0.138052509641001,0.989259596430947
"P43490",9,8,11,11,11,12,25.7619456005381,25.8815930951667,26.0082114600983,26.2300996171519,26.3265606037373,26.6151801435112,0.210051730485368,1
"Q96I24",11,12,10,10,14,12,26.3148495630852,25.9221920254786,26.8473652671184,26.6129789274517,26.7827457155143,26.892706133203,-0.172361153194866,1
"Q15654",11,11,13,9,9,10,25.0607660113054,25.2758538234527,25.5119286326451,25.4056790446556,25.4869986045831,25.7652863010911,0.129041973555266,1
"O14744",11,9,14,11,15,12,26.9088611335253,26.4992478640437,27.377603083628,27.1188191207343,27.4037136925206,26.9670095794745,-0.368367115140466,0.880150893882237
"P11908",13,9,9,12,10,11,26.3980690972727,26.4977079942432,26.4837096398878,26.1097004383919,26.4878705707202,26.7678265060032,0.00186187691920026,1
"Q96SB4",10,10,8,13,11,14,25.6487511155034,25.4263418008723,25.7169273418191,25.6376375624385,25.8465643061694,25.7608373833436,-0.129142005612502,1
"P51858",12,12,14,13,13,12,26.7770080372391,26.8682344904506,27.4407543746466,27.2219186541963,27.4881902495499,27.5214390562175,-0.0314534868570651,1
"P61247",14,9,12,14,14,12,27.9870185646658,28.0550415879631,28.3526183980308,28.2127301409031,28.4667889436063,28.1828910745523,-0.118587700961466,1
"P32599",15,13,11,8,9,7,25.8816922258887,24.8732590722526,26.1941532651201,24.9918812876089,26.1475411103351,26.393043170784,-0.655067690232799,1
"P49756",11,10,10,9,9,14,25.2972830798819,25.2968719686541,25.6551310624352,25.566303777111,25.7791041404611,25.8744130504825,0.00202350448979871,1
"Q9Y262",11,12,10,14,10,11,25.9519749375275,25.9638330732566,26.3357906364334,26.1528257614333,26.4431828442143,26.4097152791888,-0.0681914347655012,1
"P16603",12,12,10,4,7,7,24.9786075644726,24.209914986167,25.3479436832205,24.1258778726779,25.4741051004649,24.3747073298523,-1.0300520531536,0.0627175601442803
"Q15084",11,11,11,10,10,15,26.2627813398327,26.5865822409713,26.7738123945366,26.4742742185399,26.6935690548621,26.8974465684123,0.0760467462307008,1
"P62263",10,8,10,9,12,9,27.6436015779509,27.3587237623863,28.0671865049337,27.6003539581138,27.982122244648,27.9072744098258,-0.2755193990689,1
"P26358",9,5,12,8,11,10,24.4376073169238,24.361699393397,24.8042472413771,24.4887208066403,24.8741076589158,24.8526879903857,-0.137618008931234,1
"P23542",12,12,10,6,6,6,26.1610634367717,25.1099444440966,26.69111816038,25.4709227050152,26.7106240072693,25.3554511128162,-1.20882911416433,0.0535112006627348
"Q8WVM8",10,9,11,10,9,10,25.3767492597033,25.7356633387082,25.7895930436402,25.5062970471393,25.7584084642919,25.7005677733855,0.00592579719920039,1
"Q5QJE6",12,13,10,12,10,9,24.7972566133743,24.8603832403103,25.312699218521,25.2003252725176,25.3462659131497,25.4490880510967,0.0178582729598655,1
"P62701",12,11,13,12,14,17,28.100483651436,28.1850841182856,28.555056451607,28.3463704843196,28.442682596323,28.6448927763625,0.0260415598672334,1
"Q14247",8,12,9,9,10,10,25.4647569923679,25.4963936236415,26.0085842062182,25.7995606828035,25.9816683109431,26.1461065357065,-0.00431622245923317,1
"P25787",11,8,12,12,13,12,25.9852174268123,26.1309791246812,26.7148997027079,26.36147384688,26.5567887856295,26.7918989448974,0.00914866710296636,1
"P15992",9,12,10,7,8,9,28.4987694861512,27.5525385918174,28.6441186802122,27.3719669637506,28.7074679329257,27.6719440879771,-1.084635485248,0.0531322978535179
"Q9H307",11,15,10,7,12,11,25.733761579428,25.8243229920351,26.2879479253695,25.9720931797942,26.3067852848312,26.2733495645324,-0.0862430177556668,1
"P00350",4,5,4,12,12,12,23.7453272927955,25.4473387904888,24.4625465803033,25.5424830829551,24.5988142314403,25.9146950711229,1.3659429466759,0.0416986738194973
"O60271",11,10,14,11,9,15,24.4104089084426,24.724843553755,24.9679546188819,24.6359330672816,24.9658373809207,25.0037963332786,0.00679068202333255,1
"P49589",9,7,10,8,10,10,25.0015255391718,25.0735146486276,25.5527410875184,25.1269545970025,25.5334976333054,25.5650681346023,-0.107408959921068,1
"Q07478",11,10,11,9,10,8,26.6839489482467,25.9565347984112,27.2311024992158,26.324374227401,27.2210476275018,26.5340391086254,-0.773716980175567,0.264678833396241
"Q0VDF9",9,12,10,14,13,11,24.9487844526858,25.2467314668225,25.2665888319745,25.1722936647632,25.3629749079593,25.469457622493,0.103378187153034,1
"P17174",12,12,13,11,11,13,26.7008499839471,26.3540657258938,27.0006466817921,26.6228260050491,26.7772622391674,26.7123967485524,-0.263156808470434,0.930542759970158
"Q07653",14,13,12,6,2,4,24.3117600925886,23.308933210362,24.4724009284561,23.532679689206,24.6458726729593,23.737500601773,-0.950306730887667,0.0741030103302578
"P52732",8,8,10,11,16,11,24.7190646623104,24.8605764747614,25.8183459793051,24.9859990208645,25.8884276835517,25.4267668886447,-0.3841653136322,1
"P18858",9,10,14,12,11,14,24.7898358861293,25.3974580363496,26.0164347700477,25.779426309208,26.0290178964185,26.0891019363403,0.143565909767466,1
"O00232",11,10,10,11,11,11,26.8635664134341,26.2307169367633,26.723243468389,26.1671276112621,26.1546738150303,26.6867891352938,-0.2189500045114,1
"Q9H2G2",8,7,9,6,9,8,24.2208180196032,23.9406738387526,24.3656369560325,24.3621735284431,24.793054733235,24.6573385140134,-0.139774609220533,1
"P69892",15,12,12,14,14,12,28.9220356437562,29.0508281207445,29.4551983931776,29.1795424001282,29.5028416351352,29.4960052737786,-0.0512332924725669,1
"Q04409",10,10,14,6,7,7,25.7682391562219,25.2130482846415,26.1688783558631,25.1269199476284,26.2820342747896,25.4804400332176,-0.799581173795699,0.16528584292351
"Q99536",10,9,8,9,5,12,25.6026152810192,25.2495836786719,25.8214826409301,25.2435617516661,26.052389276232,25.9093095319645,-0.358010745292933,1
"P30876",9,10,15,10,11,15,25.2790702479213,25.9499128935777,25.5833419729707,25.6853172823347,25.40426454175,25.3838276698177,0.2507936943627,1
"P31689",9,10,10,8,7,11,25.9501692748288,25.882593704072,26.302749215055,25.9423312245106,26.2587849690215,26.2618079923683,-0.1416568459848,1
"P17655",8,8,9,10,8,11,24.8247193117103,25.1867322314094,26.7271109095687,24.5093494022169,24.952126151938,24.983488669251,-0.608128690113234,1
"Q06203",10,11,11,13,13,7,25.4380237669274,25.4853320861878,25.8414867995595,25.5559821894918,25.8917835178391,25.839397957712,-0.0968606169781351,1
"P57740",7,6,8,15,8,10,25.0488546796424,25.137535605975,25.0794064924023,24.9597052017822,25.4846275990048,25.2865784886044,-0.0763564915626335,1
"Q9UHD8",8,12,8,11,10,14,25.5255424344095,25.3782764641173,25.7930124500845,25.4658178443988,25.9065404423044,25.5802148556102,-0.2669287208907,1
"P00367",11,11,13,12,15,13,27.0467042160056,25.630425671081,27.4808934726805,25.5942494190714,27.792736288799,27.1048466622027,-1.33027074171,0.186938052136003
"P10659",14,8,11,5,7,8,26.6642262346212,25.9594536052069,27.1588665120386,26.0012069851579,27.1345265930263,26.2831433334219,-0.904605138633134,0.101926579275148
"P77581",5,6,6,12,10,13,23.8142675648259,25.747887388865,24.1707606714878,25.7310375379725,24.3075311691253,26.1076508195459,1.76467211364813,0.0164828483405032
"Q12118",11,10,12,10,7,7,25.9310668750707,24.9142717966618,26.5882960271569,25.088584298678,26.5980571585538,25.2708286921481,-1.28124509109783,0.0531322978535179
"P53252",12,12,15,7,10,10,26.8612982227998,25.9504933360676,27.2603801939448,25.8700741837046,27.2294720582534,26.2240205219931,-1.10218747774423,0.0561284181598124
"P06493",14,9,14,13,12,13,28.5705374109098,28.430538817578,28.708887805588,28.2839360054792,28.7378480767585,28.7796373082814,-0.174387053972565,1
"Q12905",12,10,10,10,10,15,26.7080433981938,26.8805412553108,27.2039250630827,28.2871907171767,29.2444329418508,27.212794398534,-0.258625010701934,1
"Q14692",7,10,12,12,11,14,24.7191479288267,24.9835005856166,24.9200713060108,25.2564583604189,25.2212882633986,25.3149087383675,0.231453395388967,0.668397244159312
"Q5H9R7",9,8,15,11,11,14,25.019958002084,24.8902109233555,25.3854844643839,24.9082363854935,25.4272559301189,25.1554440914546,-0.292935665427733,1
"Q13409",13,12,7,12,9,10,24.7334868723742,24.7040155912533,25.1861902748323,24.9868346035675,25.1329478978187,25.0385339060223,-0.107746981394033,1
"Q9BVP2",13,10,11,11,9,9,25.5232536105577,25.6113762993377,25.5797159861456,25.4214969171401,25.7940981189789,26.012019192781,0.0492748978588663,1
"P04050",11,8,17,1,2,3,24.5812310445355,23.8239184997026,25.074118427742,24.0272380062991,25.2319264748219,24.5565759825391,-0.826514486186199,0.272245691878207
"P07262",12,13,11,10,6,8,25.3714035082181,24.5792474486409,25.745136764559,24.4651812523805,25.7527034281582,24.92699899743,-0.965938667494633,0.0798742502732134
"Q70J99",8,9,10,8,8,12,24.2717388505764,24.8189740329152,24.7231867956647,24.533087887254,24.870325959759,24.9931460587005,0.159985457623199,1
"Q58FF6",11,7,14,9,11,12,30.2303811159922,30.0757048597774,30.6406773125325,30.4759467509773,30.686185567526,30.7288524162671,-0.0922466563429663,1
"P32481",12,12,14,9,7,10,25.5035497813135,24.5472990093625,25.8601357866437,24.6832988880682,26.0007173332545,25.1179800650575,-1.0052749795745,0.0842675257476522
"P39004",10,11,12,8,8,10,27.7858239979433,26.7278180660885,27.9958942689236,26.8347613229743,28.152339005246,27.168473196248,-1.06766822893403,0.0582058811277395
"P07267",9,12,10,10,11,10,25.9808952587681,25.188981456231,26.5434860706464,25.206814357137,26.6114075948539,25.438591240446,-1.10046729015147,0.0635762341403464
"P55196",4,11,8,8,6,12,23.9141111771702,24.2169835134404,24.6720150072065,24.3705344328592,24.6786131404676,24.6522561414982,-0.00832174568216715,1
"P14314",12,15,10,13,12,11,26.2366362847132,25.9595362964439,26.6336797353374,26.0609793621713,26.5867140548904,26.4673542975041,-0.323053372940566,0.916111629337422
"P48735",12,11,13,10,12,14,26.5193552648758,26.5864693134746,26.3214867887096,26.4616622905809,26.7887921995354,26.6937236659671,0.037407005633933,1
"Q9NVA2",10,10,11,7,12,14,26.4726599793431,25.920851293939,26.6729020126132,26.032077853655,26.5836073290832,26.2930741883689,-0.4943886616922,0.500459952554767
"Q09161",10,11,10,8,12,12,25.556732664785,25.2609163760187,25.5943771170817,25.3372169549437,25.6081799083125,25.4524604502207,-0.236231969665367,0.91853637244594
"P31153",12,12,9,10,9,7,26.5705107749955,26.6296060880085,26.9512220076874,26.4742222224137,26.9035658973242,26.7576029334112,-0.187955812057899,0.98019518678008
"P25786",10,12,10,13,12,13,27.1954205711938,27.0451208912988,27.737264881726,27.5112283289939,27.6768834670887,27.7441254254143,-0.103031424767166,1
"P31116",10,12,12,9,11,9,26.9992595967126,26.0069228634633,27.4383588710986,26.1779687513706,27.5347549031129,26.5141745479703,-1.09110240270664,0.0644642647512675
"O95202",13,11,12,13,14,10,25.4150936505216,25.8326881105086,25.7908885598523,25.5854202459123,26.0278469545743,25.8080002531624,-0.00257351845496719,1
"O75822",8,13,14,8,10,13,26.3198972709229,26.1503201390868,26.7535832078255,26.5923392074097,26.8132505126261,26.8443784054793,-0.0998977464662332,1
"Q9NSE4",11,9,11,11,10,10,25.001908089027,24.9745878886731,25.5351464923501,24.9493793320889,25.4822071369791,25.5526705045195,-0.180874664358234,1
"Q96PZ0",5,7,6,9,8,10,24.809391527427,25.0558553420637,25.2177978442028,25.1851729143062,25.5198868402616,25.4437836967509,0.0459119137431342,1
"Q96EP5",8,12,10,9,10,11,25.4986094235365,25.4483913490049,25.787496691732,25.6023354998846,25.7604039294793,25.8490552243744,-0.048909323827966,1
"O60306",7,5,9,7,8,14,24.9040916737257,24.2931045070081,24.5832773481533,24.06720095068,26.2873447554335,24.4958352692325,-0.972857683463966,0.566564467230445
"P15303",10,11,11,8,8,7,25.4085267012414,24.754113449056,25.8908667117403,24.9312416716962,26.210116750042,25.30867412844,-0.838493637943834,0.242610823899753
"O96019",9,8,9,14,11,8,25.6461677649786,26.6695750890917,26.3511596396122,25.8537812633187,26.3271304659562,27.0718371209758,0.423578534279735,0.853896043307744
"Q9BVJ6",14,13,11,11,13,12,26.7030609968418,26.0924856927429,27.1845130913317,26.3157819828315,27.118542869276,26.5160313301195,-0.693939317251865,0.297617364009069
"Q96RP9",9,11,11,10,9,12,26.1928943237654,25.4773105114144,26.6493199968756,25.5435117942407,26.0688735449016,26.165092229377,-0.575057776836833,0.904893006482776
"O60313",11,12,12,11,8,12,24.5000765876386,24.6938256321745,25.453109588417,24.698638544445,25.0374273079854,25.3715824448132,-0.0755222875360992,1
"O75400",13,11,10,12,12,10,25.9173934784418,26.0326222171635,26.1119729858255,26.008051218063,26.3631308249292,26.3715341899527,0.0065701119942337,1
"P40482",8,11,11,3,4,4,28.999935333074,24.8595287201401,28.6570967408395,24.3443441342201,29.1703509968964,24.4879743177591,-4.3785119662302,9.82780655070224e-05
"O14818",12,10,11,11,14,10,27.024523382914,27.242526647684,27.4983373372045,27.2567298691507,27.4962832868236,27.600566185748,0.0268928985468655,1
"P15019",12,14,14,11,14,14,27.9654071833697,26.8314011919768,28.4872874373329,27.1855424104312,28.518073928457,27.4962209824175,-1.15253465477803,0.0653592796101069
"Q9NYF8",8,11,10,12,8,10,25.234971902945,25.6178964109839,25.7613046976313,25.8022538521887,25.9827271224529,25.719211237416,0.0534525925198004,1
"P17505",10,11,12,8,9,9,25.6703274365318,24.7723434722242,26.1273712692928,25.5405505702995,26.3151606209414,25.4947144941336,-0.768416930036232,0.40971299955704
"Q9Y383",11,8,12,8,11,8,26.5744138259661,26.3699145228155,26.9502585524646,26.8298959320079,27.0632708112383,27.0769401733565,-0.1037308538297,1
"P49959",7,11,10,10,10,10,24.8255778089411,24.9647127844089,25.3616279183767,25.1027204618155,25.5673057827952,25.2927588929035,-0.131439790328367,1
"P38707",12,14,14,8,10,9,26.3476661050101,25.0269532698132,26.4305301401752,25.3078175496093,26.4252867298951,25.3867701751562,-1.1606473268339,0.0477762388638028
"O60716",8,8,8,10,8,7,24.3849601129885,24.718752448441,25.1815916312528,24.4585128762662,24.7051458403499,24.7315986048304,-0.120944551684534,1
"P69905",11,12,12,12,12,13,28.3963611066079,28.5379629437232,28.853939987474,28.3796627332741,28.6800565305825,28.6933656107431,-0.106455445641333,1
"O43592",11,10,10,13,9,9,25.4837737168046,25.6028911577831,26.0145665811787,24.5907575538341,25.7881881126016,25.9436655635587,-0.383071378469666,1
"P15180",12,12,10,4,8,6,25.8743278663408,24.9997779533109,26.0583572786457,24.921085371597,26.2288288167988,25.2301387663725,-1.00350395683497,0.0616420024663829
"Q92797",6,7,7,10,7,11,25.083983547503,25.5245207920796,25.4798279905931,25.0846598378227,25.4926296068325,25.5800682960847,0.0442692603527988,1
"Q08945",9,9,12,9,11,10,26.220328431393,26.2409645210878,26.3920975302975,26.2654087352606,26.6625529920825,26.4873966241173,-0.0937363577691007,1
"P0A9G6",6,3,2,9,14,10,24.1665946337785,25.8852989535999,24.7380974150631,25.9811432311507,24.5636159425033,26.5058615761107,1.63466525650547,0.022715064860768
"Q96DI7",12,14,10,10,12,11,25.6305187684929,25.6819492200443,25.8213134921172,25.5274087557644,25.8335180425731,25.8586153648711,-0.0724589875011337,1
"O75874",9,10,12,10,10,11,25.8448817681459,26.005851179097,25.7665728849389,25.8777037971905,26.3465470070659,26.2075190216283,0.0443574459216999,1
"P39986",6,12,12,5,3,6,26.7271943363394,27.0412243244171,27.2179949600018,26.7867093376063,27.5085158345227,27.1129515196582,-0.170939983060767,0.980214110910585
"P09960",11,9,11,10,11,11,24.5566007722067,24.7736230764917,24.6602605777218,24.8449326117996,25.0745137293987,24.9827666321957,0.103315747053266,1
"P62140",10,8,9,13,11,11,26.3236996663118,26.208050048621,26.6345300217551,26.2272595662664,26.5540626498205,26.5662515097473,-0.1702437377509,1
"Q96KP4",9,7,9,12,9,10,24.9255627699994,25.2286500550909,25.561247967238,25.3354550996508,25.2788387766231,25.4367657973004,0.0784071460605335,1
"P0CX45,P0CX46",11,9,11,4,5,7,27.5564678150903,26.2912935355488,28.0158456499597,26.6733063794441,28.1275124948355,27.2143730794932,-1.17361765513313,0.0821883597260501
"Q9UBF2",7,10,8,10,11,11,25.0393203710393,25.3215110110718,25.9022541141359,25.2036570216847,25.2492516427048,25.3659389901754,-0.0999063683160332,1
"Q05022",12,9,10,3,2,4,26.280206795712,25.2263888190374,26.9033361317074,25.5428496786696,26.976819832041,26.0959656469698,-1.09838620492787,0.115231045398955
"Q02218",10,9,11,13,9,12,24.5323965929805,24.659995130519,24.7462356751289,24.6040499207218,24.83599987181,24.9878789655045,0.0457639589419661,1
"P30624",14,10,11,5,5,4,25.0825629385054,23.7557800070879,25.1887067004419,23.9822314182119,25.4449021511305,24.4398166835182,-1.17944789375327,0.0565415321125402
"P28834",13,13,10,7,7,8,27.2763886884422,26.4985284725631,27.6195172274805,26.3188712723704,27.4033179078896,26.2722407809107,-1.0698610993227,0.0539572167583884
"Q15008",10,9,15,11,10,13,26.077004577045,25.9660789750402,26.3901445472727,26.2474024182251,26.4496445157936,26.5050124171526,-0.0660999432311336,1
"P0A8V2",1,1,1,10,11,11,22.8272676833945,24.6442522733572,23.62004482353,24.8280893075789,23.4795564090749,25.2446482258431,1.59670696359327,0.0305979180903121
"Q9Y6M1",7,5,8,9,11,8,25.0734308022104,25.2996912621994,25.5742861966814,25.4752452113617,25.8014097792432,25.7061297339463,0.0106464764574667,1
"Q2NL82",11,7,9,11,11,11,24.9649906898262,24.8120207763588,25.0445380356008,24.8111861246532,25.0889871373916,24.8704195648372,-0.201629798989802,0.983897015147015
"P0A7D4",1,1,3,13,10,14,24.5174340347294,25.6287578989535,24.8568306962465,25.5716524353828,25.3195788263587,25.9568969489203,0.821154575307331,0.146188046356474
"P41338",7,8,12,4,5,6,27.8161205812108,27.5414796338103,28.3265470263146,27.7836569226869,28.1598727222603,28.0775511589289,-0.299950871453198,0.916323056236564
"Q7L2H7",10,11,11,7,9,11,25.6155931573315,25.7583213328545,25.8778199484082,24.8872870039659,25.8741933251936,25.9156409904752,-0.268785701212566,1
"Q9Y3F4",11,11,13,10,11,14,26.1904162463232,26.2946821618223,26.4489907925885,26.3729727675551,26.6622923132317,26.6675860735253,0.0111805502531013,1
"Q15717",10,8,9,12,12,11,26.3697365771302,26.4140144417911,26.5118286445384,26.530249865566,26.5385316371547,26.8320347957499,0.118734081427899,1
"Q9BQ39",12,10,7,9,8,11,25.2622134424204,25.5672101404562,25.6967583005923,25.5069046219834,25.7767911323574,25.8297871783809,0.0560463551501336,1
"P47143",11,12,13,8,6,8,26.0761560113067,25.0441107475075,26.5452994041305,24.9667596056084,26.4772933395582,25.3374881118938,-1.2501300966619,0.0494868666257586
"Q86Y56",7,4,13,7,6,12,24.003906623295,24.1307897020732,24.083974623348,24.1058220489597,24.508353464231,24.561228968593,0.0672020029173007,1
"O00629",7,9,10,11,10,11,25.479586135066,25.5255096976196,25.753778539587,25.4893546939856,25.7838148613641,25.812166923005,-0.0633827404689657,1
"P41277",14,13,10,11,10,13,28.5911778461504,27.4448775137763,28.993518830093,27.5401858734904,28.9634402033056,27.8991070275982,-1.2213221548947,0.0522744348869269
"Q15691",12,7,9,12,12,10,26.6749689272132,26.4814977959645,26.9930504962241,26.7264914473816,27.2006813311927,27.0710015544827,-0.1965699856004,1
"O43852",10,10,10,9,10,11,26.1343583187591,26.1876017173098,26.4372382519175,26.0910220895491,26.4968692555056,26.5253412228283,-0.0881669321650011,1
"P33195",NA,1,2,11,6,9,23.0744678342271,24.8347110838887,23.5615768489106,25.5002735720915,23.8681691037647,25.8462925649478,1.89235447800853,0.0194917968234617
"P53090",11,11,12,9,10,10,26.0385884936425,25.1725257851863,26.33722689282,25.313335620478,26.3930053203908,25.5448328745677,-0.912708808873766,0.0826521060508043
"Cont_G5E513",10,9,10,9,11,10,24.3955772798635,24.4636121762686,24.8412108363063,24.6737286378925,25.0562725502198,25.1503833634429,-0.00177882959519948,1
"Q00055",8,8,12,6,6,8,25.5671569772883,24.8055064481494,25.9972854533607,24.7718154582507,26.0653681411685,25.1620350687839,-0.963484532211165,0.0852330200442887
"P62244",12,11,10,10,14,13,27.4641215527124,27.2066370194798,27.9190678053724,27.4125194548823,27.8206179049408,27.7272957302532,-0.2857850194701,1
"Q9ULU4",8,8,7,5,5,9,24.2960916970247,24.2095333864723,24.4352442274348,24.532626546019,24.4922061296922,24.5377862028155,0.0188013603850337,1
"Q05506",15,12,13,8,10,7,25.8701054228822,25.6076789924534,26.3509901528272,24.9318328288182,26.6391519988872,25.3903678866838,-0.9767892888804,0.147958836362391
"P09373",3,3,2,9,12,11,23.9678707381398,25.9011967006266,24.062040371705,25.7380025519697,24.461526409251,26.0684698061352,1.73874384654523,0.0168747118236893
"P39516",9,7,13,8,7,8,28.5812636905438,27.7988234842886,29.0287739723663,28.1295065967209,28.9780213003282,28.3626936531814,-0.765678409682466,0.114744419565603
"P12235",9,8,14,14,9,13,27.2428237547733,27.2170515768467,27.5333340102809,27.2588042302729,27.6700586470841,27.6551209056793,-0.1050798997798,1
"O60832",14,9,10,14,12,10,25.8116498578841,25.8901822507445,26.3185920424991,25.9875970215131,26.5224052905345,26.2087320853416,-0.188711944439499,1
"Q9NTZ6",13,10,12,10,12,11,25.3521322192714,25.3408849586345,25.7040146410917,25.3834063506857,25.9945050218223,25.837286354365,-0.163024739500067,1
"Q12460",8,10,14,7,4,9,24.9857909613949,24.5070740532962,25.4238642807087,24.3161275133986,25.9044621758328,24.8100044600793,-0.893637130387434,0.212242536266307
"O75717",8,12,8,10,8,9,24.1897977199131,23.9706304386909,24.6083020923042,24.1366765505414,24.4250308155807,24.1105113469941,-0.335104097190533,1
"Q15637",10,9,10,11,11,11,26.1785686633493,26.1855112572273,26.4908319071324,26.1490127265698,26.4910903618857,26.3663593036518,-0.153202548306165,0.969687931162732
"Q9Y2Z0",10,12,11,8,12,13,25.7160261716894,25.6963760565447,26.1047737335034,25.7584433357264,26.2423737096152,26.1013518590938,-0.169000787814367,1
"Q9BQ52",11,7,10,10,11,9,24.3663478300525,24.6535841184531,25.0049502731935,24.5251662749897,25.0511176461987,24.8826162781191,-0.1203496926276,1
"P10080",12,11,10,7,9,8,26.8984341237244,26.3418089857257,27.3021841446928,26.4929679080149,27.2435268873031,25.4712572020859,-1.0460370199646,0.147594401657285
"P54838",9,10,11,8,7,8,25.4326951922528,24.5325549720112,25.6517244331081,24.348747736908,25.7801687769567,24.8895901128148,-1.03123186019453,0.0653592796101069
"P06132",9,9,12,11,8,12,25.4744065526068,25.5159315056877,25.8342058958084,25.6897085118222,25.8951403493504,25.9440728832486,-0.0180132990023658,1
"P38934",11,10,14,11,9,10,26.227069736734,25.2758460106253,26.5674221932519,25.4120548618095,26.6745002665088,25.6711301563035,-1.03665372258547,0.0641347676904687
"O15371",10,8,6,9,8,10,25.5673682254643,25.7772124660826,26.010368291723,25.7665786472566,26.0367692453444,25.6786656819932,-0.130682989066434,1
"O43172",9,9,9,8,9,10,25.1866862954138,25.1443996549858,25.4234069180292,25.1636923594691,25.4377594366838,25.3463292249315,-0.131143803580133,1
"O00566",7,8,5,6,7,11,25.2584622329401,24.7740406094612,25.7639316251576,24.9924019557437,25.7968608926146,25.3316965841329,-0.573705200458168,0.737367576081189
"P55084",12,10,10,12,10,14,25.9169254516176,25.8807242431386,26.2811696527972,25.8365063583946,26.2505919051098,26.4375487757472,-0.0979692107480664,1
"Q9H3U1",12,9,13,9,8,10,25.2324661617641,24.7225459472855,24.84611099301,24.6250239683955,24.8829104546855,24.8541569203045,-0.253253591158034,1
"Q03252",7,8,7,13,11,13,26.6538786212868,26.6720484686461,27.0802141059846,26.8282766487323,27.0342099055373,27.083994743183,-0.0613275907491004,1
"Q7Z3B4",9,9,6,9,10,9,24.4425010016384,24.7429940782026,25.1378270024833,24.890146989147,24.8472368870474,25.0616230157328,0.0890663973044319,1
"Q9UKY7",10,9,9,10,7,11,25.10095293974,25.1326586515366,25.5047267480094,25.0980192281416,25.36881535403,25.3809080753751,-0.120969695575367,1
"Q9H0D6",13,6,10,6,11,10,24.6981138029769,24.8549084164028,25.115049366984,24.9950272464443,25.2746444625124,25.0365204241648,-0.0671171818204653,1
"Q8NB90",7,4,9,7,5,11,24.9882527533704,24.4709668789543,25.2032524013813,24.3970836483752,25.2129505044584,25.3042595380837,-0.4107151979323,1
"Q9Y6G9",11,9,8,12,12,10,25.6434985316,25.2620082217749,26.1387769152754,25.5364569910118,26.0601328627015,25.9891896152997,-0.351584493830167,1
"P17076",13,9,12,9,8,11,28.517438119802,27.3773038790341,29.0301789622961,27.7920778349079,29.0105386912423,28.0169374747384,-1.12394552822,0.0671354662602138
"Q9BZZ5",11,8,11,8,9,11,28.7066524114919,27.5018992472431,28.9872326068515,27.8295719691068,29.005637397646,26.3567259830071,-1.67044173887747,0.0467648581920234
"Q12769",7,8,10,10,11,11,25.6748846872482,25.9716464274269,26.0285085927994,25.521270345027,25.2945007197261,24.9733106776475,-0.177222183224099,1
"P52294",8,5,9,7,9,10,24.5195795077621,24.7350175735643,25.302980227715,24.8376610376663,25.5194030198935,25.0561216942652,-0.237720816624932,1
"Cont_P02081",9,11,10,10,11,13,28.1238276070726,28.3134653029528,28.6072455299852,28.3399178091669,28.6406339593858,28.622617362152,-0.0319022073906332,1
"Q9UBE0",11,12,14,8,9,11,26.0979940002265,25.9104127167427,26.666635987734,26.2896332377737,26.6599068549657,26.5829432731877,-0.213849205074034,0.998406682170818
"P63151",12,9,9,10,9,7,24.9972300557398,25.106464858486,25.3215695008948,25.0928679312913,25.38980330397,25.3658776008166,-0.0477974900035676,1
"P05738",9,11,12,8,6,10,27.9665743629604,27.1459520416321,28.3299387793271,26.9998997306302,28.2811185600763,27.2996641556405,-1.044038591487,0.0565415321125402
"P43616",7,10,11,7,8,8,26.1555347305919,25.5666284892371,26.5804228203405,25.5326015787451,26.622970406687,25.8842168288342,-0.791827020267666,0.169436592960114
"P47756",11,11,12,12,12,13,26.5777296132439,26.5127350384534,26.8327427653635,26.5724456941035,26.9217242820226,26.8440186847258,-0.134332414449099,1
"Q8IZ69",12,9,9,6,9,12,24.7439439806568,25.0329603018934,25.1026722518911,24.6395095216897,25.8515947461148,25.9174881764336,-0.0360843262153322,1
"O75955",9,9,11,10,9,13,24.9734005493074,24.9341206923819,25.331665152526,25.0312276841996,25.4671266398105,25.4955568038754,-0.103762387062333,1
"P80210",12,14,14,10,7,8,27.2534438606067,27.0163215225657,26.7370249957509,27.0630061050389,27.7804147127725,27.4071820408843,-0.0947913002137331,1
"P0AEE5",5,5,4,10,12,13,24.5386696909127,26.3977252849657,24.9972857979738,26.3639911407443,25.0216967447206,26.6923027258108,1.63212230597123,0.0203716275547608
"P52888",11,7,10,11,9,11,26.0382713207537,25.4214641720242,26.9614535804764,25.4371925249719,25.1680457274424,25.212955401044,-0.698719510210801,1
"Q6NZY4",4,11,11,7,9,10,24.9608937890625,24.8488145096679,25.3530140635095,24.9337350419717,25.5622399782435,25.2493290522558,-0.281423075640034,1
"Q8IYB3",8,7,7,10,9,10,24.5983166413312,24.7923664357686,25.0922396839998,24.5765301324247,25.2250667773013,24.9559098816901,-0.196938884249633,1
"O15355",8,9,10,9,9,10,25.587112515484,25.6225431905977,25.9593245620323,25.7814656759618,26.0663344425399,26.1044642253058,-0.0347661427303005,1
"O60216",8,10,9,8,7,6,25.0654240238675,25.1670669545968,25.2101023286527,25.0443314120789,25.3311520372116,25.3241029296459,-0.0237256978033985,1
"Cont_P32503",10,11,8,6,5,8,26.4395601635859,25.7393640643888,26.6954068337069,25.5765062594952,26.5061950937946,25.8904480768902,-0.811614563437734,0.109025524290194
"P25087",9,10,12,5,9,8,25.7857037899952,26.2187401485074,26.1727235388047,25.1058636013605,26.720841051444,26.1209293359036,-0.411245098157467,1
"Q04760",10,12,12,11,11,13,27.0789586358831,27.1530047337752,27.3062959276272,27.0562920677106,27.3367217442028,27.2985866068046,-0.0713642998075663,1
"P61889",4,5,6,11,11,13,25.1377736988297,27.4661756872924,26.7737022470492,27.1118868889016,25.4383595056917,27.1819776606739,1.47006826176577,0.0687088653813504
"P62280",9,8,8,10,10,9,27.9158571369991,27.6892148572435,28.2877166061889,27.9663990425476,28.2785580696229,28.1849233034035,-0.213864869872101,1
"P36873",11,10,11,12,10,11,26.5248248026948,26.4799430458183,26.9035357420985,26.3830275066337,26.7310606438144,26.7729454724544,-0.174501721233767,0.961575403529684
"P60891",10,7,8,9,7,11,25.9437619502898,26.1230551038522,25.8556579055753,25.623985277483,25.9994151404539,26.3653110939917,0.104505493002634,1
"P54114",10,12,11,3,9,7,24.7921923486278,23.6064572879722,25.2025006624719,24.1050100986617,25.1809944923019,24.4109886399837,-1.01774382559467,0.102615753794892
"Q2TAY7",9,9,8,11,6,7,24.6234984161403,25.0985135741121,25.0323134838331,24.8676734253054,25.0913440191842,25.2828028170057,0.167277965755201,0.906388642413487
"P21576",8,8,11,2,2,6,25.8877821248812,24.8876594295639,26.3674026194537,24.9317521405887,26.2021588062543,25.374944742466,-1.08766241265687,0.0640618450443471
"P29509",12,11,10,7,8,7,26.2962348437793,25.3077108409645,26.5289315683024,25.2628955804917,26.4649759286059,25.6136601013788,-1.0352919392842,0.0565415321125402
"P0A870",4,4,3,11,12,11,24.6272873981465,26.4304850934071,24.9937210279969,26.5079721909652,24.819407689576,26.644646268073,1.7142291455753,0.0168677691239584
"P06103",15,8,5,6,8,8,25.4846320238597,24.3122674073259,25.8033766427426,24.6323791234027,25.8526384669491,25.0323518268593,-1.05454959198783,0.076813248628119
"Q9H6R4",10,10,11,10,6,9,24.5234085692887,24.2538652257128,25.1885517217355,24.3115788457152,25.063753676159,24.9275365587624,-0.4275777789976,1
"P32861",14,9,11,6,7,7,26.6872916308043,25.5895526311317,27.2008689787135,26.0587060644195,27.3037538576771,26.5045647992664,-1.01303032412577,0.150208865074067
"P32074",7,9,10,5,6,5,25.2533085245112,24.3408089141861,27.0717044119873,24.2479331617049,25.5888057754676,24.7208527385269,-1.53474129918273,0.126588698509859
"Q9UBU9",10,7,11,6,8,9,25.2740473665138,25.7421607679461,25.718056934131,25.3960840646067,24.9541607150869,24.2663720789185,-0.180549368086799,1
"P32471",13,11,14,12,8,9,27.5643139587292,26.4414232382987,27.9819481941082,26.666921339149,28.0457806545029,26.9811565608551,-1.16751388967917,0.0565415321125402
"P78406",9,13,11,11,11,12,25.3753631036822,25.7280114142932,25.7091354664196,25.5727432416091,25.6866681854979,25.8503718083144,0.126653236205666,1
"Q9BUQ8",5,11,13,12,9,9,25.3662840565237,25.3493116039693,25.5434109032037,26.0316924539847,25.6747971026317,25.7302919428408,0.175601312811901,1
"Q9Y2X3",7,9,10,13,12,9,25.4649127557654,25.2921662991455,25.6310981037475,25.3401775905164,25.6693259496849,25.7110944229443,-0.140632832197201,1
"Q10713",6,7,10,10,8,11,25.235397382186,24.9169477680773,25.3669667404445,25.147638923242,25.2910945187415,25.3776083787257,-0.150421190442334,1
"P32322",8,9,10,9,8,8,27.6264493191484,27.1856680750207,28.2235172897464,27.3503218545857,28.2225610036222,27.7230510429356,-0.604495546658332,0.524284428779506
"P22059",9,9,11,9,9,10,25.0226878240181,24.7179319903415,25.9157600528365,25.3359752710332,25.7145158425139,25.4216092721818,-0.392482395270666,1
"P0AC38",2,4,4,13,12,13,24.7861827665885,26.1357604745711,25.6671332036879,26.1715645546318,25.7955153429648,26.6511436861295,0.903212467363733,0.14411070674793
"Q96HC4",12,10,10,10,11,10,25.519686997611,25.2423263129686,25.8596851073088,25.5989819491195,25.5837857742795,25.6819522216597,-0.1466324651505,1
"Q96C36",9,9,11,11,12,10,26.0153260586732,26.1245566297815,26.4660293982966,26.2219814716909,26.4356799247149,26.7176737040222,0.0490588079366331,1
"Q6UB35",6,8,9,9,11,11,24.4402670997529,24.4992538260336,24.7770024167931,24.6787691477468,24.9227351002006,24.886213627686,-0.0252560050934013,1
"Q9BSJ8",9,9,9,6,11,13,24.4128119619095,24.4280320693805,24.8495713699724,24.6366365676709,24.7726843680861,25.0346322442098,0.0214110604310669,1
"P0ABB0",1,NA,4,11,11,12,25.6268441957552,25.9423090287672,26.2044932357538,26.2497200878606,26.1169457836491,26.675256835635,0.306334245701565,0.733156565473395
"Q92599",12,9,6,12,11,11,26.3763295778893,25.9067716245709,26.4927552568498,25.9186004124746,26.5889180628675,26.2476977987485,-0.461644353937533,0.583131154559726
"O95071",7,5,11,11,6,9,23.7563904843386,24.1068628956734,24.4138392716475,24.0026976040065,24.5275886813989,24.5878417110283,-0.000138742225599249,1
"P37769",5,4,5,12,11,14,24.2041036301558,25.9243680829492,24.540994491438,26.0989828612732,24.5511049491376,26.3426247380057,1.68992420383223,0.016891965348629
"P39935",11,13,9,8,6,6,24.4998984273014,23.3866270534016,24.8420336747385,23.6462267761401,24.8912248621049,24.0302527294237,-1.05668346839313,0.0712964314027341
"Q12849",10,9,7,10,6,7,24.7592455526066,25.0625928160474,25.2045184594629,24.9488787161809,25.2528133863309,25.3502784146011,0.0483908494763329,1
"Q9Y617",9,11,13,6,11,13,26.6911578923587,26.9934928299296,26.9263975306135,26.9813653768142,26.9149645370865,27.2544929338738,0.2322770601863,0.582749822343102
"P16104",10,11,9,10,10,9,31.1234144885035,30.8423856417654,31.4729804439651,31.2049831535117,31.4190864322626,31.4861732598647,-0.160646436529799,1
"Q00764",11,12,10,5,6,7,26.4226536910453,25.2343153199704,26.7833509859485,25.4810419588404,26.8350255074173,25.6638395057035,-1.22061113329893,0.0517437768092971
"P33734",13,9,7,6,2,3,24.8877293299934,24.5345180462775,24.7811515682331,23.8469711049516,24.7878830357265,24.4007059207946,-0.558189620643101,0.651566905659941
"Q3E7Y3",12,8,8,7,9,8,27.5227728334279,26.5255715862542,27.9306898808483,26.8515154477307,27.9610317032453,27.1387472350843,-0.9662200494841,0.0972689474933895
"P20618",8,9,8,6,9,8,26.2197763568394,25.9164952685579,26.8170050023328,26.4145371149809,26.267513955571,26.6967226485729,-0.0921800942105004,1
"Q14137",11,11,10,9,10,10,24.9605617160804,25.1022906799782,25.3617649759744,25.1700815353806,25.4674209707703,25.6193153827214,0.0339799784183678,1
"Q13162",12,9,7,11,6,9,27.1397246419558,27.551081121272,27.6297718202555,27.2909951406096,27.6229831374606,27.5978269478113,0.0158078700069986,1
"P32969",7,7,11,8,8,10,26.52190434762,26.7974051538527,26.4931969007112,26.7141743380238,26.937739824407,26.9830485645891,0.180595661242466,0.906294960798395
"P60228",11,9,9,12,10,14,26.0313130097868,25.9245191379064,26.2036056476184,25.9020607685596,26.2171387229116,26.2444407814809,-0.127012230789965,1
"P37302",9,9,8,5,5,5,25.867286470438,24.9381061845959,26.3492435627409,25.1912250710097,26.4375466169165,25.4017099893791,-1.04101180170357,0.074112677339809
"Q13492",9,10,12,10,10,12,25.8445084768159,25.7752743965322,26.2193168472962,25.8868048275447,26.1785286972393,26.1418572084958,-0.146139196259566,1
"Q12230",11,12,10,5,8,9,26.8220355938408,25.9383591082557,27.2292166447347,26.0339013438295,27.4414488212428,26.3354042580665,-1.0616787832222,0.0682064789861274
"Q9Y5K6",5,12,7,8,7,11,24.8962564509071,24.8970168169497,25.0967693536065,25.0048690303663,25.3286762967692,25.3426975675578,-0.0257062288029992,1
"Q86UK7",6,6,8,8,9,7,23.6907988800671,23.5192111503278,24.0015006278279,23.6608709536351,24.0812872410405,24.1152014896543,-0.1594343851061,1
"Q8IWX8",10,8,7,8,7,7,24.5696579342234,24.60505636191,25.2925371902303,24.7145947606893,25.3574577718268,25.2285454002323,-0.223818791149634,1
"Q9H6T3",10,11,8,7,6,11,24.5802100242148,24.6848844949451,24.8374271727832,24.6643523359799,25.0061693944072,25.0148341970842,-0.0199118544653345,1
"P22259",1,3,2,11,11,9,24.1407956090387,25.170610934474,24.0527821199616,24.8062088659666,24.1680128164295,24.982513890406,0.8659143818056,0.0836432899819719
"Q99733",10,8,9,7,8,10,25.7329173298786,25.8869125291394,26.16291019204,26.2127371158883,26.5044359303549,26.483006082519,0.0607974250910672,1
"P10155",5,6,8,6,9,12,24.8163458148558,24.8203053899973,25.0686844806588,25.0445363680557,25.3907026998055,25.4060715863382,-0.00160655030963378,1
"Q05911",11,12,11,10,10,9,26.5479515579643,25.440162019434,26.8893013806429,25.6903715709666,26.9699819233465,25.8287249482029,-1.14932544111673,0.0535112006627348
"P27695",8,6,7,8,8,9,25.4490200212231,25.6073777272644,25.9898560548491,25.6107113906449,26.0748372407714,26.0428825487771,-0.0842472167190659,1
"Q8IX12",6,10,10,10,10,10,25.4619795885902,25.5386108480017,25.8686689445695,25.5477565067459,26.0159478788644,25.7581501047573,-0.167359650839734,1
"P36008",13,11,14,9,9,9,27.8573758688546,26.7905774914907,28.1724449059121,26.8606550872539,28.1710095366929,27.164976878174,-1.12820695151367,0.0531322978535179
"P09938",12,12,11,7,7,10,26.6291751617602,25.564551788778,27.1561522222084,25.5418117529334,27.2727045266725,25.8106854743377,-1.38032763153067,0.0435555496929892
"Q15833",9,5,10,6,7,10,23.6376692883221,23.731053908966,24.1413732858879,23.8657636604007,24.4428319044449,24.4646438352901,-0.0534710246660346,1
"Q99567",7,6,9,10,6,10,24.5986273003411,24.8273573396279,25.0621573349395,24.9481526035534,25.1668866544524,25.2559320407776,0.0679235647419662,1
"P47079",10,11,12,8,7,9,25.4768722562846,24.6962990011985,25.8288908098482,24.6508876189571,25.8695378370284,24.9298917245762,-0.966074186143133,0.0690556871676902
"Q9UKF6",4,4,3,10,9,10,24.9025196574949,24.8670081381165,25.3294321669051,24.9031572771988,25.2357913353701,25.2463551337406,-0.150407536904732,1
"P07213",9,9,12,7,6,7,24.8584775481171,23.8619918855114,25.6421726947605,24.3417834733107,25.702372249067,24.4762873792739,-1.17431991794953,0.0867864024145288
"Q07866",8,11,10,10,11,11,24.6283870209571,24.6894432028136,25.1172668960992,24.9594836752961,25.2592440067887,25.3181694407942,-0.012600534980366,1
"P46654",11,11,11,9,8,13,28.2746197246944,26.8210710238751,28.6579529611522,27.6355004843556,28.6526226850727,27.9711210204682,-1.0525009474068,0.123473000320896
"P08397",9,10,11,12,11,10,26.4090789542051,26.1593827944771,26.7296543472347,26.4346363714396,26.7050737883337,26.7771734291351,-0.157538164907233,1
"P33316",8,13,8,9,9,13,27.1130178342219,27.1314499033328,27.1901291009414,27.2000966841294,27.4422086304659,27.476457107019,0.0208827096173335,1
"Q92688",9,11,11,10,9,9,28.0222079502666,27.9854590982863,28.015020409397,27.8095855315587,28.1310675447971,28.1761720836173,-0.065693063666135,1
"P32558",11,10,13,4,7,2,24.5533444194985,24.2792292654667,25.2880858257967,23.7817757139711,25.2017696163914,24.4497767359145,-0.844139382111432,0.272135918305886
"Q86V81",7,9,11,9,8,10,25.5841017574733,25.7281095322297,25.9219965229846,25.7163381386422,26.0676805329976,26.115952023067,-0.00445970650553325,1
"P17858",9,10,8,9,12,8,24.6849837715453,24.7249742475458,25.1519047160147,24.9959561853263,24.9813138072226,24.9763914988384,-0.0402934543573679,1
"P0CX35,P0CX36",14,15,15,10,11,7,28.8399979881103,27.8659827859617,29.3556551570147,28.3412068809924,29.4937618952786,28.6970791291264,-0.928382081441033,0.195479180344533
"P0A836",5,5,5,11,13,11,24.0101999213287,25.799120919395,24.5157021238659,25.9346978950976,24.4488884877039,26.154237137281,1.63775513962503,0.0203716275547608
"Q9C0C9",7,7,8,7,8,9,24.4435936414352,24.0414001427496,24.3016288995232,23.862788679577,24.2779790452658,24.4204336695584,-0.232859698113067,1
"Q9H853",5,11,8,7,9,12,27.1971040321644,27.7404688203393,27.7966914062056,28.0048743438556,28.3392708699103,28.3636185249672,0.258631793627266,1
"P47120",5,7,10,5,2,3,24.2085177741906,23.5960196654976,24.7817121911196,23.8842264260361,24.9073366725659,23.9733788264563,-0.814647239962033,0.212428127590818
"P35249",8,9,11,8,10,10,25.5423331119672,25.5478439183634,25.8718623841588,25.7253374433522,26.0727420311523,26.0511070224384,-0.0542163810414316,1
"P23301",6,8,10,7,6,7,27.3425991043836,26.7357150824516,28.1076279941675,27.0993157024371,28.0920717286908,27.4394968825012,-0.755923719950668,0.461167969930097
"Q8TCS8",8,9,7,7,11,9,24.7452760978579,24.8500494536736,25.5035571812803,25.315976656172,25.3968574275999,25.4618588462546,-0.00593525021263375,1
"Q08752",5,7,10,7,7,9,25.6042270998592,25.6305572055288,26.0629960623673,25.7205520790807,26.0444066271334,26.0491775131079,-0.103780997214168,1
"P13188",6,10,14,3,10,6,25.2653291788072,24.3044667740498,25.7566200465542,24.6847310734872,25.6773111327843,25.0290210990171,-0.893680470530533,0.161919337220359
"P35637",9,11,8,12,11,9,27.502817724889,27.4342195787528,27.854744092768,27.547209799298,27.8413465688299,27.8407350957159,-0.125581304240067,1
"Q06124",8,9,7,8,7,10,25.0212833115477,24.8367249654057,25.4599908603517,25.2151394011536,25.3015615022126,25.4522936577282,-0.0928925499414982,1
"Q14978",11,7,10,12,13,14,27.103170770409,26.9273288472486,27.5410285335451,27.3057112347961,27.3435427723818,27.3600332655808,-0.131556242903467,1
"P54920",7,9,10,9,11,7,24.852761796199,25.1069044181071,25.2391257655178,25.0421434570273,25.414876041531,25.3106988928342,-0.0156722784264005,1
"P24752",10,10,9,9,9,10,25.7076924601332,25.6011154959372,26.1742192404959,25.7447560431191,26.1136506112533,25.813107705912,-0.278861022304699,1
"Q12904",8,8,9,9,9,11,26.0012270901606,26.2672338942468,26.4146128546204,25.7192854073116,25.8918873264663,26.4710172554475,0.0499364285861989,1
"O43264",4,6,6,5,7,10,24.0845247348751,24.3337770629346,24.9171270159335,24.7281151387674,24.7768150226005,24.507753152095,-0.0696071398706989,1
"P39976",10,9,10,8,8,9,25.5907650907157,24.6882496687322,26.0769095194519,24.7677530729996,25.8544872996131,25.0217645093487,-1.01479821956673,0.0644642647512675
"Q13895",7,11,10,10,12,13,25.1052235616501,25.2709512770769,25.3544521164573,25.242701372669,25.4372631470896,25.5258093190621,0.0475077145370004,1
"P08195",7,11,10,9,10,9,25.8430411900315,25.6971504146682,26.0504435464184,25.8440820135792,26.1351288665735,26.0935597351646,-0.131273813203799,1
"O75312",7,6,8,7,5,9,24.3057052517033,24.3164758614811,24.8345359566226,24.2094187083844,24.8903299689111,24.5544066410195,-0.316756655450667,1
"P39748",8,8,9,8,10,11,25.9131030641472,25.6021256850708,26.2077608820519,25.9904930163081,26.1300312913564,26.3867959566101,-0.0904935265221667,1
"Q969Z0",7,6,7,6,8,9,24.7172218531946,24.9839693338795,25.06949926429,24.7349174442713,25.0711027320626,25.1261520929747,-0.00426165947389971,1
"Q9Y446",8,9,8,10,10,6,24.6300613335966,24.5951728959674,25.0468963490916,24.5760891691274,24.9799504647011,24.8396279476077,-0.215339378228934,1
"Q13616",8,6,9,11,8,7,25.2123179632876,25.1177714928765,25.4610376052367,25.143441916207,25.4370343747775,25.5282472230424,-0.106976437058634,1
"Q9NQC3",8,8,7,9,7,9,24.473800613195,24.3399039492241,24.9342385994498,24.7189048022037,24.8637634748701,24.876050272649,-0.112314554479366,1
"P38159",13,13,11,14,12,11,27.7605006811749,27.7737856380208,28.0549513632412,27.9158246851796,28.0780644606324,27.9061421164359,-0.0992546884707342,1
"Q12122",7,10,11,5,6,8,25.1140156831826,24.6472877958509,25.6316191512345,24.4897588003472,25.6897961554436,24.817669157853,-0.826905078603199,0.159977261601758
"P46459",8,10,10,10,9,8,25.6589674906468,25.3525779904118,26.0678170584251,25.8429871156954,26.2204598114372,26.2377987228775,-0.171293510508132,1
"Q96GA3",10,9,12,10,9,13,26.2539785881238,25.9332448182942,25.3092474895292,26.0804607098444,25.8625823102377,25.8548890180591,0.147595386102334,1
"P41810",7,6,9,2,7,5,24.7653898082912,24.0662892719799,24.8513928697774,24.0959141533018,25.0224907462813,24.2227655754264,-0.751434807880599,0.132999091683271
"P27824",8,10,9,10,11,11,24.8506478369868,25.2784860410421,25.3847823011677,25.5064824094059,25.2461025470156,25.3186514781744,0.207362414484101,1
"P31688",11,13,9,10,7,7,25.3523520909734,24.307771282377,25.9319721068197,24.5659918871124,25.7618715633081,25.1774335294081,-0.998333020734568,0.144431060737199
"P10515",7,5,6,5,7,8,25.3521667111661,27.2029150563785,25.881170453043,26.9116103260665,26.1472161065011,27.3639165718318,1.3659628945222,0.0393463949242776
"Q9BQ67",6,6,6,7,8,8,24.9891434364562,24.7490728251666,25.6645424438715,25.2778545026826,25.2036558269597,25.5560501541637,-0.0914547417581666,1
"P49723",12,8,9,8,6,7,26.7854616478129,25.5811843732549,27.2004125367239,25.9173604237369,27.197446788133,26.1442407762898,-1.18017846646273,0.0561284181598124
"Q13561",8,8,8,8,8,10,25.0645168129188,25.410571945096,25.5939978630773,25.3166453089046,25.6453690637294,25.6829028834677,0.0354121325809338,1
"P31150",6,6,10,8,6,8,25.4817698744005,25.66947928797,25.7949670971229,25.5986972603808,25.9735392875441,25.8987820067095,-0.0277725680024001,1
"P19358",13,8,11,8,8,7,26.6469287908061,25.8001984474114,27.0490732900143,25.9143430658333,26.9791329570745,26.1569573429632,-0.934545393895667,0.0798742502732134
"Q8TDN6",12,9,13,12,8,11,25.8517057755906,26.2047936528179,26.2843479946506,25.8741380602363,26.1518180282434,26.3312652280409,0.0407750475368343,1
"Q9UHD1",8,8,12,10,10,8,25.6364200659526,25.8433122981678,26.0899737867824,25.6414550209359,26.0368663142082,25.9645865021473,-0.104635448564068,1
"Q15437",8,9,6,9,7,9,24.5044851516365,24.261733975037,24.6545239341606,24.4855619255013,24.9229348567114,24.7408346203188,-0.197937807217134,1
"Q99615",8,11,11,11,8,10,25.2469703207143,25.6857534682434,25.7424895445905,25.3025668325238,25.7850340334252,25.810414538997,0.00808031367806687,1
"Q9UBL3",8,7,8,9,10,10,24.3484584264583,24.1030769410216,24.7040646820852,24.2842057819975,24.7507208869078,24.6155629627192,-0.266799436571,1
"Q04917",12,10,13,13,14,12,28.9647741150016,29.0446157410678,29.5124851346142,29.1231729085087,29.4335682502443,29.4101342923651,-0.110968185972832,1
"P47075",6,11,10,5,6,4,25.5542253443383,24.7373813539063,26.0795111512919,25.2034949780805,26.2400775453009,25.3118957357099,-0.873680657744799,0.192214265277386
"P41811",8,7,9,3,2,7,25.137595171957,24.623296346112,25.3761610349254,24.6120583427151,25.8271308136208,25.0480863713386,-0.685815320112501,0.422917705101997
"O00487",5,8,11,8,8,12,25.5844352202244,25.6895769297707,25.9878218179758,25.6434365461151,26.4674703517816,26.2170067441378,-0.163235723319399,1
"O75122",6,4,11,3,5,9,23.7169646952586,23.8391197679949,24.0108843799329,24.2777706644337,24.2954561892731,24.3224633431806,0.138682837048201,1
"Q13867",6,8,10,8,9,9,25.5959965680306,25.732123216244,25.6568067122571,25.5355353650016,25.731206316072,25.8121513491007,0.0319334446621985,1
"O60684",7,5,10,6,8,9,24.8437439720251,24.7111843487043,25.0974526989398,24.896108783869,25.4319692373377,25.4654548058891,-0.100139323280067,1
"P0A825",3,4,2,7,11,9,24.617357378185,26.0522207634042,24.9365114216133,26.2822696180474,25.0106122743915,26.6023088782048,1.45743939515553,0.0280554649297182
"Q9ULV4",9,8,10,8,9,12,26.4054315742778,26.4076527432771,26.7709085313262,26.5053655166932,26.7971115217668,26.7619016857629,-0.0995105605458662,1
"Q9NVI7",12,9,7,8,8,7,25.7087591187968,25.7098669433332,27.0714036033915,25.7829365390356,26.9427799885661,26.0335407956544,-0.732199477577067,0.743835277293339
"P33416",6,10,11,7,3,8,24.8775971844175,24.9383320050025,25.832663679312,25.1282366685926,26.1622962015063,25.6357018485834,-0.390095514352434,1
"P18124",10,8,10,13,13,10,27.6671975367606,27.6849779948613,28.0602602074313,27.8638788638197,28.1217703140019,28.1089039052866,-0.0638224314087334,1
"P40185",10,11,11,8,7,8,27.3963732586475,26.5271947964111,27.7918025873937,26.6525732344788,27.8095589397178,26.8759674341994,-0.980666440223234,0.0702450325522231
"P38117",9,11,8,10,9,9,26.2479438788578,26.3050958202586,26.7123775403896,26.4361776489205,26.7364889515119,26.8082948204082,-0.0490806937240009,1
"Q13823",6,10,8,9,6,7,23.667201868851,23.775221138186,24.4478357876083,23.7524921276809,24.1822580964532,24.2764464806205,-0.164378668808367,1
"Q99436",9,7,9,9,6,9,25.4394628947208,25.4137880203546,25.9138263986613,25.5718565471144,25.8745735545094,25.8511765695885,-0.130347236944668,1
"P08621",8,7,8,8,7,7,26.3677999826088,26.2341822714293,26.6883987677588,26.4009706147353,26.587063629834,26.7080416084473,-0.1000226285299,1
"P24534",8,9,10,9,10,10,27.5426910090601,27.9612239306165,27.7786396499322,28.0758972486955,28.4077248262811,28.412338675527,0.240134789855201,0.872031707181297
"Q9BZK7",9,8,7,8,6,8,23.9519959182516,24.3982914743505,24.1868763763204,25.336410397421,24.387665547704,24.5939431711871,0.600702400227534,0.377625285922229
"Q9UNM6",11,11,9,11,10,12,26.144042347863,26.18854296879,26.6123368073246,26.3353581855928,26.6286235306575,26.5772681530764,-0.0946111261286333,1
"P30086",8,10,7,10,9,7,27.1875539967906,27.2353336851766,27.4946502910119,27.3155313143089,27.5614648604162,27.5837930034268,-0.0363370484354692,1
"P28070",6,7,9,7,8,9,25.1257858238368,24.9950992090384,25.3063226317051,25.282350084188,25.5386824773848,25.4989354943149,-0.0648020484618002,1
"Q86UP2",7,6,7,5,8,9,24.5683555745424,24.1951682205316,24.65155879514,24.510430980545,24.8472390857598,24.4907918865607,-0.290254122601635,0.887684387684388
"P07263",10,8,8,8,6,7,25.1299918437207,24.4833401274408,25.5157402564602,24.3468200675232,25.4674659983599,24.7785572408705,-0.834826887568765,0.128918827130159
"Q6UN15",9,8,9,8,7,8,24.5345461861927,24.7008590831815,24.695277682242,24.5711385569124,24.8515286008892,24.5633037036076,-0.0820170418741348,1
"Q96SI9",10,10,11,11,12,12,25.9300434660196,25.8674827416387,26.4117535394277,26.202064022851,26.4842787302343,26.4499345027354,-0.102198156152167,1
"P22203",9,9,9,6,6,9,27.1052664103388,26.4472869496679,27.6705749984279,26.554048710416,27.5978803563401,26.8535811203831,-0.839601661546598,0.159204639569482
"Q96T88",7,7,9,10,5,8,24.3256528294804,24.7070443744337,24.6423536275649,24.25229382087,25.1554121270617,25.1275183198954,-0.0121873563026339,1
"P53041",10,10,9,9,11,8,26.0417553908324,25.7862041083668,26.1862127974393,26.0707921369176,26.4060771673447,26.3687699367241,-0.136093057869301,1
"P61011",4,7,7,9,7,7,25.472615981156,25.1067742572493,25.8962010082343,24.5614811756182,25.048567692856,25.2969139670018,-0.484071760792334,1
"Q96RS6",9,9,7,8,9,10,25.0684317550642,24.6715815574606,25.3272261522154,24.7953277616801,25.5422859918793,25.2388576272548,-0.410725650921134,1
"Q16181",10,10,8,7,9,9,25.1082747861566,25.6336682070949,25.8325862306498,25.6857654430497,25.7578108422863,25.8761339496474,0.165631913566434,1
"P35611",5,7,7,7,6,8,25.4454630109083,25.3357989489049,25.8410242072349,25.5903910540066,25.9501950884717,25.9139038055627,-0.132196166046899,1
"Q9UKK9",9,7,8,11,10,6,26.0926482774644,26.2244140607105,26.4577009984329,26.1806018263545,26.44531182761,26.4830943074233,-0.0358503030063323,1
"P25719",9,8,10,8,7,6,25.6889753808645,24.6657295089043,26.0447206201364,24.9408249879791,25.8634722681103,25.1956901470927,-0.931641208378366,0.0893963753333461
"Q07021",9,8,7,10,8,9,26.6157190923571,26.7440846613754,26.7036702190707,26.670256110076,27.0041921717966,27.0478188641198,0.0461927174489342,1
"P48444",11,13,12,11,11,9,25.4790717026714,25.5511207950373,25.9689517578096,25.7216123002001,26.0943364301134,26.1203090791838,-0.0497725720577336,1
"P00445",10,10,10,9,7,7,27.8903954722525,26.6950628998475,28.3527901177865,27.1989461566452,28.4011041156458,27.450417265272,-1.0999544613067,0.0803096108600223
"Q9ULW0",8,6,9,9,7,8,24.7208828949373,24.6681379450289,24.7666710433822,24.8305643351898,25.1391890943824,25.3404060833479,0.0707884436215664,1
"P61204,P84077",10,8,10,8,8,12,29.8993702924863,29.3230885797092,27.2154404241123,26.9704125145805,27.3641442755654,27.445859523402,-0.246531458157434,1
"Q32MZ4",7,10,9,11,9,10,24.2971498350056,24.1504038177884,24.699896256452,24.6487366355487,24.6987396340827,24.5944784928237,-0.100722259793166,1
"P14678",9,11,10,12,10,9,26.4549688090215,26.6895283032205,27.053910142525,26.808370736129,27.0852168214028,27.1172691158872,0.0070241274291322,1
"P0A9P0",1,2,3,12,10,13,25.12841777325,25.1408338264503,25.2260125818428,25.6724788646774,26.089227072957,26.0605851164977,0.143413459858534,1
"Cont_P15497",10,9,12,10,13,11,26.5009953753428,26.4985647488993,27.0690783228802,27.6093789622604,27.2448932301671,27.2101784481724,0.167718410314001,1
"P21954",10,12,10,8,11,9,25.8073272080157,25.4094322437557,25.9179092340591,25.3682200208165,26.375334863146,25.571489379811,-0.583809886945867,0.537416818769689
"Q14687",3,9,9,5,7,10,24.1890461769156,24.1292726389831,24.4881777433092,24.416952114994,24.778356712542,24.8247416445455,-0.0282047447480664,1
"P16659",2,1,1,8,9,15,24.2387357827506,24.5298356223069,24.4901834861226,25.0705602521415,25.010780255267,25.4300150172937,0.430237122533968,0.719030710106134
"P39015",7,9,9,6,7,9,27.1084103953693,26.6241927184459,27.3623346159216,26.3464237815858,27.4480868063284,26.7643384045176,-0.727958971023335,0.205796480015821
"Q86YP4",11,10,10,13,10,10,24.494698992881,24.4085256646777,24.8924233050166,24.6955113359691,24.9887671060876,24.9302025020858,-0.113883300417533,1
"Q16698",6,7,7,8,7,7,25.3451186499467,25.7147633774902,25.5578803694228,25.694314629563,25.4286535747242,25.5786296350798,0.2186850160131,0.86202022513248
"Q9UBC2",8,8,4,9,7,7,25.5395382030274,24.9030540004617,25.9396671770811,25.0394077295822,25.9754887073686,25.2746485854408,-0.745861257330799,0.205060085787707
"O00507",6,4,4,5,9,7,24.0828167734964,23.9024472497901,25.6817759733724,24.8744315313999,24.1799827204323,24.1002706089672,-0.3558086923813,1
"Q99543",10,9,8,10,9,8,24.6935557622123,24.2160941031307,24.9223998426262,24.6197432197969,24.9107303712386,24.8311656333981,-0.286561006583799,1
"P20290",7,7,7,8,8,8,24.9539671003323,25.2393070220675,25.2748186104333,24.4820399314006,25.6129554252029,24.8021085718718,-0.439428536876201,1
"P05771",10,9,6,10,9,7,24.4497790024395,24.5357636320061,25.0298424150787,24.5616056312297,24.9876237352724,24.9552005170217,-0.1382251241777,1
"P78417",11,14,12,11,12,11,28.0604452661331,27.9798834104082,28.4610942015542,28.1564073234617,28.4194892310705,28.4513092270551,-0.117809579277601,1
"Q8IYD1",9,9,9,11,9,9,26.1810272602077,26.1945703638702,26.641854189084,26.4384978403351,26.5057425131798,26.5168192196018,-0.0595788462214675,1
"Q15042",6,5,5,8,9,7,24.2354720326704,24.1526899318212,24.666106410562,24.2458591983475,24.6559441353729,24.6372406535781,-0.1739109316195,1
"O14929",10,9,10,10,8,9,25.3005609167885,25.3858054071902,25.3345807292839,25.3331737803337,25.5457404528875,25.4852887184913,0.00779526901843397,1
"Q07666",11,10,10,7,10,11,26.3940371411532,26.425992756499,26.6949295742157,26.5308069649967,26.766902311022,26.8208357196645,-0.0260778617435662,1
"P62979",9,10,9,10,9,10,28.6781566255784,28.4224083455913,29.0758189255147,28.6061306850597,29.0538823089148,28.454367451566,-0.441650459263633,0.0935297163840468
"Q8IWA0",7,8,10,11,9,9,23.8393295207111,24.5397389823929,24.4956423129731,23.9395710543979,24.644714361811,24.6506012693286,0.0500750368747328,1
"P50552",7,9,9,9,9,8,25.015210681978,24.9227126916369,25.2029879702179,25.1713507590253,25.604334686533,25.5576373472909,-0.0569441802586006,1
"Q13069",5,5,7,5,8,9,23.8208199469713,23.8424182536052,23.6592488087761,23.5239075549226,23.6591856449436,23.8428477019416,0.0233063699261334,1
"Q13148",10,11,13,11,11,12,25.626877050856,25.7309893564392,26.0059262006547,25.9136952173419,26.1199335685378,26.1633999985784,0.0184492507703335,1
"O94826",6,5,6,7,4,9,24.6189109365327,24.4838449237056,24.901032040025,24.2921691082209,24.8546907406187,25.0902133967694,-0.169468762826834,1
"P32263",10,10,7,5,6,9,25.875603225949,24.7705516901044,26.1966459470664,24.9811529017328,25.9458807415018,25.2360257280965,-1.0101331981945,0.0641347676904687
"Q9H8H0",8,6,9,12,8,9,24.8476342259975,24.981835341717,24.8928862879893,24.8415178961089,25.021665741342,24.9627845645472,0.00798384901476723,0.991194236227349
"Q9UN86",9,8,8,7,9,9,25.8951667042543,25.7917634465284,26.2120854770158,26.0806806006883,26.2374229698365,26.453123156134,-0.00636931591863406,1
"O75152",10,7,6,9,8,8,23.8572744834831,23.8693712174572,25.3261952030843,24.4466091897786,24.6895252106871,24.464264420146,-0.3642500232909,1
"P47176",10,9,7,7,4,6,25.3830544100844,24.8586202968165,25.8185267884812,24.7826595417756,25.9483153601277,25.1768755924552,-0.777247042548667,0.208773159636054
"O75521",7,3,5,7,6,7,24.4788026937588,24.915438944873,24.7664065765562,24.6280941668901,24.6627292142911,24.7709624530432,0.135519026733399,0.975295381310419
"Q16822",7,3,4,5,5,5,24.1827339545979,23.5308927908573,24.4973237749915,24.1260075822226,25.4650009726941,24.833521999463,-0.551545443246867,1
"Q9Y5K5",7,7,8,11,8,10,26.154935356628,26.0254381751195,26.3061146884543,25.9519383983347,26.3852616844134,26.2632485656655,-0.201895530125333,1
"Q9NR50",7,9,7,11,10,9,24.8804327033244,25.072840143482,25.3237117589812,25.1154752065445,24.9510723886718,25.4548793491284,0.162659282725834,1
"P46680",9,10,9,3,5,5,24.5449802283998,23.1314481762737,25.1418988269898,24.0292774523958,24.8091560771547,24.3287992672985,-1.00217007885877,0.245552906424601
"P32614",10,9,8,8,5,9,25.1027637052276,24.3963002142013,25.3581089531009,24.2117216781097,25.3991518185928,24.4394702503531,-0.937510778085732,0.066267181458189
"P77674",3,3,4,9,8,10,23.9127018872266,25.5455958867045,24.3039164469915,25.5738529814288,24.3361171034116,25.8135621130201,1.46009184784123,0.0283000683195093
"Cont_Q28107",5,6,9,10,4,7,23.8968117765187,24.337966595915,24.3767019721173,24.1577395059899,24.3977229351691,24.5107618744997,0.111743764199833,1
"P40212,Q12690",11,10,11,7,10,9,28.4483989113328,27.5331823720874,28.8708973735159,27.7673595821646,28.9594897776788,28.0928310021128,-0.961804368720899,0.0736145550945425
"P16152",5,8,9,9,9,5,24.5661725243603,25.0266499054003,24.3553244779911,24.568664402952,24.8131498936023,25.0738668157359,0.311511409378166,0.930786280180294
"Q9Y277",10,9,7,10,10,8,26.036428698255,26.0588090986267,26.1536370692624,25.9826803011364,26.2319362864514,26.301075674005,-0.0264789934002335,1
"O00303",10,10,9,10,10,11,25.5734605494183,26.0398685336521,26.1986861799092,25.8600851917324,26.1657126974096,26.2106719382504,0.0575887456326001,1
"P46672",13,12,11,10,7,7,26.3257803117817,25.2246195474324,26.6649085913898,25.6954054530369,26.766709253617,25.8338389014512,-1.001178084956,0.0863708714143283
"Q03104",10,7,7,4,7,5,25.5925097325028,25.2263863199347,26.0955225803844,25.1385486745212,25.8073684840543,25.7445312574198,-0.4619781816886,1
"Q13573",10,9,6,8,8,7,24.4560069159157,24.4235934964299,24.9402123190034,24.8215158260283,25.1629707164962,24.9252982650211,-0.129594121312001,1
"Q9Y613",5,7,9,6,5,7,23.4958984439925,23.7180637299265,23.8687844127494,23.6016634637002,24.2359652715611,24.1383255542024,-0.0475317934912998,1
"Q96HS1",7,9,9,8,10,11,25.5845808780774,26.5237826751658,26.1256729614209,26.3593810756468,26.8711872735696,26.8889101538484,0.396877597197701,1
"O95433",6,5,8,9,9,9,25.5339535885221,25.9029293779932,25.8238276579007,25.6771289386042,25.7520723951906,26.0373540743901,0.169186249791367,0.926922112523296
"P04908,Q7L7L0,Q93077",10,9,8,11,12,7,31.3317497429878,31.1731151513503,31.7063774470525,31.5559290788965,31.7747827372545,31.8673765020895,-0.0721630649861673,1
"Cont_Q3SX14",10,8,7,6,5,7,24.8721478622006,24.4188427950081,25.0207168513142,24.942135926052,25.1216726282329,25.1586845677882,-0.164958017633134,1
"P30050",9,7,8,8,8,7,28.1012415580229,27.7131910917157,28.5306627993905,28.0653717571734,28.5037402273932,28.2077226100425,-0.383119708625002,0.835047681529558
"Q99729",8,8,9,8,8,10,26.9625966927698,26.9400023010474,27.6472339892231,27.2337972387765,27.8737735775171,27.689042054228,-0.206920888486033,1
"O43491",9,7,8,7,9,11,24.0499070301545,23.7990199031148,24.2802730737838,23.9490024610792,24.460086630012,24.5059996428921,-0.178748242288067,1
"Q9P2I0",5,6,8,6,7,7,23.5830409780285,24.0700409964064,24.4798943365268,23.7850996058656,24.5877728246249,24.6294929211834,-0.0553582052415997,1
"Q9Y2L1",6,4,3,7,6,10,24.0936022869585,24.2504844928287,24.3304565662957,24.2376696417384,24.3169721329247,24.558649708469,0.101924285619067,1
"Q15019",8,8,9,8,6,11,25.0224302969412,25.1340572876156,25.2821174413366,25.0441422730841,25.6133948201795,25.6445171121546,-0.0317419618676666,1
"Q9UKX7",9,9,9,8,9,8,24.0401887007923,24.34990520855,24.8742186581676,24.4858758531246,25.0663791189389,25.1216979196815,-0.00776916551423431,1
"P50995",12,10,8,10,9,11,25.426302126448,25.7133450828099,25.712760710646,25.6120032059735,25.9646547999278,26.019460760616,0.0803638041258677,1
"P61158",6,9,10,10,7,11,25.2400829331449,25.4064913994573,25.6334092407559,25.6073041227591,25.7893413038538,25.9135175512503,0.0881598652373666,1
"O95239",5,5,5,8,6,8,23.9380072648434,24.0302938218043,24.1256753259475,23.9456127922873,24.2966999026582,24.1711421250554,-0.071111251434034,1
"P61160",8,8,9,11,7,9,25.2470539392179,25.3498077758948,25.6838146985748,25.4013734242737,25.516718247584,25.7202982282272,0.00796418100633408,1
"Q06323",8,6,10,6,10,12,25.1266526469864,25.0725923970021,25.5381327936023,25.2229188378854,25.7166606080595,25.7347556107219,-0.117059734346267,1
"Q9UNN5",7,5,7,6,5,6,24.6478812925454,25.1042301706266,24.6813990685638,25.4422221745086,26.0173691475465,26.2971844070748,0.498995747851434,1
"Q9GZL7",7,8,10,8,9,10,25.1321027405874,24.7737624016965,25.2277893993642,25.6597850454261,25.2988983945541,25.52993067771,0.101562530108967,1
"Q5JTH9",8,8,11,7,7,10,24.1798122261343,23.988427692011,24.5894930843494,24.4675577905848,24.4523651784984,24.5172557220554,-0.0828097614436333,1
"P46087",11,5,9,8,7,9,24.7165581499326,24.9856660765689,25.4335252084102,25.2476718702657,25.2836868058036,25.0284952719538,-0.0573123151193317,1
"Q14160",11,7,8,10,6,11,24.1741062935143,24.2972850392735,24.3331078407209,24.0775563743408,24.4115678800644,24.7736977202603,0.0765857065250017,1
"Q8NFH3",7,7,7,9,11,9,24.4760695348021,25.2673133457381,24.5990086322605,24.9853502555769,24.7711126169231,25.3728036991332,0.593092172154166,0.221233446276073
"O14950,P19105",5,5,6,7,8,11,25.3254270662288,25.4787936847941,25.8199761486534,25.5917728510458,25.9058972488147,25.8598030025485,-0.0403103084361677,1
"O43395",9,4,5,7,7,9,24.4031042378777,24.2155755084863,24.6071968702083,24.5936881428755,24.8188914586481,24.7072253579377,-0.104234519144866,1
"P20073",8,6,7,8,8,9,25.5685499481612,25.5445776221172,26.0025868781727,25.7357526755443,25.909264936482,25.8759084885599,-0.108054325531499,1
"P0CX41,P0CX42",10,9,10,9,7,6,27.0676688817918,26.0495732263333,27.4252059130115,26.2753677850425,27.5390900459973,26.6520304794107,-1.01833111667136,0.0803096108600223
"Q13151",7,8,7,7,7,6,25.8833457334078,26.0966635267289,26.0115064109173,25.7637445511898,26.1182792405805,26.2167443782766,0.0213403570965672,1
"Q99614",5,6,9,7,6,9,24.0964616621469,24.0262882157157,24.6359952653165,24.3704382504981,24.8497812310095,24.9407806393734,-0.081577017628567,1
"Q9Y6E2",7,7,7,7,12,9,26.4146589157958,25.9375925718534,26.4715226601376,26.2463461446161,26.4600618755393,26.4914989979273,-0.223601912358633,0.9934915937796
"Q9H2M9",7,5,10,4,6,8,24.3276661176529,24.1858582901205,24.5289310915198,24.4855820700132,24.8722775208646,24.6963297813759,-0.1203681961759,1
"P39687",9,10,10,10,10,8,27.9702345875655,27.8354787506379,28.0401922132039,27.8943222757018,28.1820096482657,28.2622611939814,-0.0667914095713336,1
"P07170",9,10,10,8,7,9,27.6879476879935,26.5178214643999,28.2614992748228,26.9690818755668,28.1614411578507,27.3980238085376,-1.07532032405423,0.105935798177224
"P62829",4,8,9,7,8,8,27.1553611678692,27.1947305578592,27.5083973531634,27.0662151891998,27.6332727547724,27.5071478707164,-0.176312552676534,1
"P40510",8,6,12,3,7,3,24.7183861274966,24.3221230412486,25.2662455292619,24.5212621965439,25.4166005335073,24.5349536191493,-0.674297777774668,0.393893037010138
"Q9Y4W6",2,4,6,5,8,8,24.3519398040403,24.5538326909997,24.1655678022881,24.6912875196507,23.9866928854621,24.9620305469218,0.5676500885939,0.367855745461523
"O75367",9,8,10,10,9,8,25.3916571203855,25.5270629205469,25.9053018856211,25.5467004430546,25.9064525466281,25.754794552101,-0.124951212310733,1
"Q99700",9,8,4,8,4,6,25.1412767625757,23.5572358037332,24.3654248403538,24.2164119500706,25.1335719953523,24.8607204365473,-0.668635135976899,1
"P13798",7,8,6,7,7,10,24.64963883207,25.3119047411858,24.8920566482607,25.2499137580727,25.0164337498398,25.5499151880413,0.517868152376434,0.314622314622315
"P08708",8,7,7,8,9,8,26.5094791619491,26.2920268216756,26.9200671250698,26.6218484290879,26.8489585040931,26.9197904289109,-0.148279703812533,1
"Q5JRX3",6,6,7,7,7,6,23.7324396926905,23.9473049208119,23.8832660167303,23.7667110731267,24.1812004929709,24.0177809857498,-0.0217030742344342,1
"Cont_P34955",6,11,7,8,9,7,26.5616894113111,26.6754376510935,27.0927792351665,26.9493677539681,27.0118784773811,27.0681757043039,0.00887799516893395,1
"Q9H501",4,7,10,5,7,11,25.4723041132899,23.4492800292172,25.9556655143932,24.9673297044957,24.0335184474385,25.256451593642,-0.596142249255566,1
"O14579",5,7,7,8,5,8,25.9657203552306,25.7486521989088,26.3591964628159,25.5878934308836,26.4255046951775,25.8651825617325,-0.516231107233034,0.568717467692905
"Q9Y5A9",8,7,7,7,8,9,25.1725941475274,25.0586533886409,25.242055860593,25.1948862265326,25.6543150177121,25.6882259736955,-0.042399812321167,1
"P07602",10,8,8,8,9,8,25.9043266485245,25.7916763195207,26.4212689700304,25.8634760491654,26.2655892949612,26.4382638058921,-0.1659229129793,1
"P31323",7,7,8,7,5,8,24.2629233867612,24.6359837555621,24.985700555588,24.4180649129102,25.0346710293563,25.0613675666139,-0.0559595788731002,1
"P62241",10,7,11,10,10,12,27.517116084481,27.6395385568661,27.8827604824982,27.534317963967,28.4140455493716,27.8828441442791,-0.252407150412867,1
"P54105",8,7,9,9,6,8,25.469535749772,25.1281856845534,25.5030631198476,25.4224096288873,25.7875423251629,25.7188004133979,-0.163581822647965,1
"P25491",9,9,9,6,6,6,25.736065672302,24.9179165161369,25.9574798141048,24.9454277613177,26.1974088414809,25.2393093531931,-0.929433565746668,0.0826521060508043
"P32590",7,8,10,5,8,4,26.2170252396486,25.5521651841683,26.5553155916992,25.5481985693084,26.6297445885644,25.8390864085424,-0.820878419297699,0.126642195302663
"O95793",4,5,5,8,6,10,24.9898869700332,25.2551347796921,25.5616884791534,25.6349158264184,25.768123937091,26.0045325266523,0.191627915495066,1
"P0CX47,P0CX48",10,11,9,9,9,8,27.8844067111194,26.9167453588178,28.468391861979,27.1110017501791,28.3308379818539,27.3392928923601,-1.10553218453177,0.0624853425774444
"P61313",11,10,9,11,10,8,27.1991582989097,27.0798734109981,27.583006535244,27.467131367494,27.6674872166537,27.0864360835079,-0.272070396269134,0.931073272454248
"Q9BPX3",6,9,9,8,9,10,24.0949972583507,24.4004588987852,24.4565866613706,24.1103623932449,24.5865533800179,24.6423920811263,0.00502535780573273,1
"Q9NRY5",8,4,6,9,8,10,23.4297055488192,23.7846955444068,23.9899669827278,23.6901014804408,24.0011734761975,24.1548554933719,0.0696021701583334,1
"P52788",9,8,8,8,8,10,25.4303593888959,25.3166324663983,25.8120844479643,25.4176014587174,25.70997387301,25.9662822384596,-0.0839671820983009,1
"P50502",8,9,9,9,9,9,26.4797993795091,26.6390235649604,27.0194259761402,26.6647830810636,26.9754231947505,26.9457040488243,-0.0750459518505006,1
"Q96KB5",5,4,9,6,9,9,24.6372650903977,24.86126584562,24.961385660921,24.9799350311543,25.3995396210542,25.4634099968642,0.102140167088534,1
"P18899",7,6,5,5,1,3,23.7072283074226,22.5061749928788,23.920641436512,22.3817169386606,23.5600422813841,22.5425020939118,-1.25250599995583,0.0380794506506508
"P05319",9,10,9,8,6,6,27.5215540752639,26.5716715286908,28.0033581773739,26.6740684252175,27.9959684303168,26.9008590708995,-1.1247605527156,0.0561284181598124
"P57678",6,6,6,8,6,5,26.4571239557053,25.927789443556,27.0089510448263,26.1269854657438,27.0538813148474,26.522337757814,-0.647614549421732,0.553422723156494
"P0DP23,P0DP24,P0DP25",8,8,8,9,11,11,27.9708322721757,27.9927759565027,28.1121182726799,27.8498797091576,28.1308570865972,28.153587593477,-0.072521457438499,1
"Q10570",5,8,9,7,10,7,23.72061918761,23.745978305216,24.5087207359486,23.9864844052378,24.391817308833,24.5357439388752,-0.117650194354201,1
"P29453",12,11,9,8,8,9,28.5818360251778,27.3352962989486,29.0966320023286,27.7864271808631,29.0728785689928,28.0224501083485,-1.20239100277967,0.0610126124908737
"P53691",6,10,10,5,4,5,24.8235214740434,24.5083940887433,25.6366295985254,24.5878683721587,25.6362132692851,24.3192842955847,-0.893605861789066,0.188144810508319
"P54727",4,9,8,9,9,9,26.3613069063652,26.2622213294238,26.7285742817713,26.4337957903178,26.7158030425364,26.7873262012323,-0.107446969899668,1
"Q9UPN7",5,5,5,7,5,7,23.9115513560598,23.6267171118636,22.9885124663378,23.0643628691331,23.7176314536002,23.334835746221,-0.197259849593368,1
"O75439",5,8,8,6,8,7,25.2052839161034,24.5556389248289,25.6602994275202,25.3987504754276,25.3182960687847,25.3653755780655,-0.288038144695433,1
"P40222",6,8,6,7,7,7,24.8408265115329,24.2745484944703,25.1478810980929,24.6620444127424,24.8815028261454,25.2080787834302,-0.2418462483761,1
"P23180",8,9,10,5,5,6,25.5242335788906,24.5999780877381,26.0344552632511,24.8459215521948,25.3116042050194,25.0254319229657,-0.799653828087499,0.232812342948999
"P39940",9,7,9,4,5,4,24.1011912143244,23.1835172631531,24.5872798819099,23.4313589793325,24.6961933883563,23.9712332227627,-0.9328516731141,0.171790724969958
"Q9UI26",9,8,10,5,7,11,24.8713298984361,23.9273403322971,24.5948097937385,24.4901109995905,24.7382428940587,24.7737467094216,-0.337728181641367,1
"Q00534",9,8,8,8,9,9,25.4702640302836,25.2431366394828,25.9509377894625,25.4868475394488,25.8302489377742,25.8452659715547,-0.225400202344668,1
"P09624",11,11,5,6,5,6,25.7445234560087,24.468599931647,26.1186084521054,24.9062577441187,25.8522030637265,25.3207896710388,-1.0065625416787,0.106922208943852
"P32563",9,8,11,6,6,7,26.05487818602,25.0195523840015,26.4700694856132,25.0645898317912,26.5690000614457,25.6483251027472,-1.120493471513,0.0690556871676902
"P62424",8,7,8,10,11,10,27.3210961469574,27.215043985099,27.8088509848044,27.6820588821537,27.8585247847985,27.8717418048711,-0.0732090814788341,1
"P00890",9,9,12,6,9,8,25.8672936354663,25.5567145419627,26.3525677536353,25.6107618466209,26.0772600438611,25.6530699608939,-0.492191694495065,0.563639072354372
"P0A6P9",3,3,3,7,10,10,28.3794657584671,28.3614312768756,28.6748644344516,28.5234797609635,28.5945434151188,28.7767836038375,0.00427367787970094,1
"Q9NR12",7,8,7,6,9,10,24.1002921071494,24.2683134029561,24.5963394648291,24.3337765170915,24.6849775669579,24.6159057298449,-0.0545378296813001,1
"P0AFG8",NA,NA,1,10,8,11,24.3060238516622,25.1571263951837,24.7377116339607,25.0467751450635,24.575827849484,25.5078618895175,0.697400031552599,0.182934281234841
"P0ABT2",4,3,4,7,6,8,24.2571961805892,26.1997181687104,24.2452937400422,26.2301572409166,24.5501975691455,26.4867322971629,1.95464007233767,0.0164828483405032
"Q99873",8,8,8,7,8,12,26.2368048649381,26.2210796457515,26.458232745535,26.2311345881387,26.5006250374105,26.5142608873327,-0.0763958422202329,1
"O00505",5,4,10,8,8,7,24.7712267914803,24.9208924442182,25.0393193668874,24.8819188381503,25.1242828949666,25.2517798458909,0.0399206916416996,1
"Q16512",9,6,5,5,5,6,24.8653354107243,23.6477271781382,25.2905241610412,24.9566300633511,25.3908925064313,25.3089976265115,-0.544465736732,1
"P0C2H9",7,8,10,4,7,5,27.3667084043165,26.345547373265,27.5445901205173,26.513724343571,27.8991369066607,26.9765060889003,-0.9915525419194,0.0976363831481711
"P40925",10,10,8,10,10,11,27.5229393342583,27.4488626583532,27.9965009006385,27.8069845713095,28.0208670476576,28.0470438446533,-0.079138736079468,1
"P05748",10,7,10,6,7,6,27.4900108348416,26.3351577941086,27.9236814761553,26.4821374498223,27.8453361377036,26.7731407162352,-1.2228641628448,0.0519472872287817
"P61086",7,7,6,6,9,7,26.2337555560814,26.2083742869893,27.018771023055,26.4842535267916,26.804686725137,26.6533873124501,-0.237066059347466,0.983119247994488
"P16387",9,10,11,3,4,5,26.1128902912755,25.0564477019815,26.3892157826659,24.899002077098,26.4202838244407,25.3249536035118,-1.2139955052636,0.0488677360848123
"Q8NBS9",9,9,10,10,9,10,25.3274680812803,25.3492214216492,25.8655031577787,25.5458282223532,25.7016451038752,25.7993572224195,-0.0667364921707675,1
"P32835",6,7,11,6,7,11,29.1018753535336,28.7366341799314,29.4732693711427,29.0248513684765,29.4561844367835,29.2620221335306,-0.335940493173766,1
"P28777",7,7,9,3,5,6,25.0558480621827,24.1664138148549,25.4443010059416,24.8941496106529,25.496865964896,24.7331132033724,-0.734446134713367,0.354731299261174
"P20810",3,7,8,7,5,9,23.7913391867872,24.1085747047472,24.093876909257,24.1434142003385,24.1778559455289,24.4704595417307,0.2197921350811,0.731899019732891
"Q96T37",6,6,9,8,8,12,25.2037228793671,24.1311042933043,24.4270659873212,24.2559657425081,24.5908798520039,24.6407275034798,-0.397957059800001,1
"P27692",7,6,10,4,4,4,24.442725618892,24.105459053831,24.5584007430707,24.1903892676412,24.7270815064562,24.2190076188344,-0.404450642704099,0.622075070080177
"O00273",5,6,11,4,7,7,24.4465877364825,24.360478343923,24.7400493845668,24.4014003784142,24.9034519844913,24.9115534589077,-0.1388856414319,1
"Q14258",8,7,8,9,10,7,25.2684003627416,23.9868935257368,24.6378219386557,24.3309934457499,24.6757544273581,24.6368945129931,-0.542398414758534,0.997959604679908
"Q03048",8,7,9,8,7,6,26.9804552337773,26.341268650371,27.2391241626654,26.0577886695603,27.3270240795129,26.3378997864331,-0.936548789863734,0.0722987018076465
"Q7Z417",7,6,10,10,7,9,24.4389353473692,24.5370203518164,24.692575703425,24.5465341894283,24.6480930083585,24.7655607863246,0.0231704228055326,1
"Q9UBB4",6,3,10,4,7,10,24.0458094778926,24.378762246353,24.7318930361846,24.2885383114165,24.6785384615916,24.7564716242488,-0.010822931216835,1
"P21964",7,6,8,6,6,4,25.1612939875773,25.4466707715857,25.1598185335302,24.9925651554257,25.3105582835261,25.3008316514407,0.0361322579395017,1
"Q04828",7,6,10,7,9,9,24.8156180252094,24.9410108789168,25.5553172301967,25.0501970727003,25.7908501894335,25.8939871978164,-0.0921967651353661,1
"Q7L0Y3",8,10,6,10,6,6,24.6898933888516,24.7005263947933,25.254359714725,24.8787823988406,24.8052148541543,25.0696955960421,-0.0334878560183007,1
"Q15758",7,7,5,9,7,7,25.6885904286242,25.615675880597,25.7720207248647,25.7063514128241,25.9352823317341,25.9316257349826,-0.0474134856064327,1
"P35573",8,2,7,7,8,6,23.9013393360346,24.1047297505979,24.327406814696,24.0734004005514,24.6038485029385,24.763833482717,0.0364563267323999,1
"P32929",7,8,11,8,8,9,24.5913367511976,24.8382354336746,24.9311843104324,24.7428043720638,25.117021905656,25.0953297323037,0.0122755235853684,1
"O95758",7,8,6,9,7,8,25.4563191926314,25.1503243231372,25.9772091631883,25.4677023079699,25.7887947877929,25.7939621326631,-0.270111459947466,1
"O15381",7,4,8,5,8,8,23.5720042902542,23.4571911034297,23.6083008513369,23.4357042110299,23.9983983827831,23.7932337777248,-0.164191477396599,1
"P36551",5,5,8,7,9,8,25.2200662260128,25.3299038887139,25.4618040281464,25.2293407628678,25.5797407265888,25.6217820416289,-0.0268614291791328,1
"Q9BQA1",6,6,9,8,8,8,25.9246074800566,25.5114370683125,26.3637495127876,25.4721519974668,26.3759023520782,26.397061184619,-0.4278696981747,1
"P54839",10,7,5,8,4,4,26.7558162661635,25.0007689014807,27.0630523662787,25.2093505814169,26.3219049802339,25.1668762371031,-1.58792596422513,0.0284368776941743
"P0CX43,P0CX44",8,11,10,8,6,6,27.161936997319,26.0990835405797,27.9624130330642,26.2161921146382,27.581435759583,26.9599127248791,-1.1435324699564,0.110769031343596
"P41921",9,3,6,5,4,5,24.960527868267,24.120090557486,25.3074237444141,23.9424774572837,25.3182705509662,24.3758367463397,-1.04927246751263,0.0613921638278625
"Q8IYB8",5,5,7,7,7,9,24.9390561689581,24.9821333887397,25.3057141567627,23.9815236456212,25.2620608562682,25.4539394968468,-0.3630782169271,1
"O15226",9,8,6,8,7,10,24.5193310267998,24.5893211735146,24.8474784385851,24.5101117245174,24.8761442566687,24.7955109831906,-0.116003280277,1
"P32521",7,8,10,5,4,3,23.7963551464285,22.8124040369701,24.1216098719113,22.9448732407067,24.2293623284049,23.270323560873,-1.03990883606497,0.0641347676904687
"Q14676",2,NA,5,6,4,5,23.0527952184373,24.2500414591566,23.6043665876638,23.123520739313,23.7339444126593,23.4186772165391,0.133711065416099,1
"Q99590",6,6,4,5,5,5,23.7275145963035,24.5478134484278,24.0593157415313,23.8806694146117,23.9162016646722,24.1894256924713,0.304958851001266,0.914708479682731
"Q14232",7,8,6,8,6,8,25.1180407608712,25.1733909097214,25.3706154445617,24.8608541566,25.2714691547037,25.3248806964911,-0.133666532441366,1
"P38426",9,8,9,5,5,3,24.6886490103001,23.091447331423,25.0426798622418,23.8795960558734,25.1299011572172,23.791375556797,-1.36627036188857,0.0531322978535179
"Q7LBC6",6,5,4,4,7,6,23.4021340667812,23.5376780390201,23.8223295465603,23.2112138396373,23.3553001445488,23.7157795863178,-0.0383640976383669,1
"Q9NUQ9",5,6,6,6,6,7,24.7202886244398,25.0527665342787,24.9663148952648,24.7307769240416,25.0445720531014,25.0070128904767,0.0197935919969995,1
"Q92925",3,5,7,5,4,8,23.5246030474391,23.6711322084465,24.6013537979369,23.8101337441299,24.1751284387732,24.3313527124524,-0.162822206373466,1
"Q15369",5,5,6,8,5,7,25.3092138993524,25.0861731639596,25.8083413720484,25.5142088675824,25.8525101742949,25.8659850506516,-0.1678994545007,1
"Q13185",8,8,8,8,8,9,26.9741213347117,27.0167793889996,27.3613303354295,27.0769659351769,27.4222837321062,27.4658217046948,-0.0660561244587008,1
"P55735",6,5,7,8,7,5,25.4042703896579,25.4230445920767,25.6611037206282,25.4533487635397,25.8816468618273,25.7374181815053,-0.111069811663899,1
"Q9UJZ1",8,8,8,9,7,8,24.450653992763,24.6956240072649,25.3040436356263,25.085582027518,25.357849025831,25.4135713763889,0.0274102523171666,1
"O96008",5,5,8,4,7,7,23.9337028097485,24.0834480004708,24.3223505600026,23.9183939581756,24.2591059084069,24.3596219618767,-0.0512317858783007,1
"P61289",10,9,9,11,10,10,26.7904828354586,26.0437554116244,27.2043090445341,26.0181935555587,27.2512249401999,26.96133452042,-0.740911110863167,0.549943760759128
"Q9Y696",4,5,9,5,8,7,24.3876780361214,24.0835885602359,24.9300850770357,24.5226442639241,24.891044036032,25.1916430170695,-0.1369771026532,1
"P0AD61",3,2,4,7,9,6,23.5656850423685,24.8350131670314,23.8494426133718,25.1598410097846,24.1305911428912,25.5428291376053,1.3306548385966,0.0398492233901384
"P0CX82,P0CX83",7,9,8,7,7,7,28.0856134701489,26.8661621572647,28.334316664248,27.043255123868,28.2155267788493,27.1792831556401,-1.18225215882447,0.0462545908300633
"P40413",8,8,8,7,3,6,26.263902857426,26.1353745595599,26.6463299574548,25.9670970293048,26.4021819596478,26.2309777998676,-0.326321795265433,1
"P14742",9,7,9,6,4,6,24.8057704360206,23.7501239568437,25.1704361197672,24.0411733464641,25.2289626534295,24.3377114514036,-1.02538681816863,0.0754281157911562
"Q5T9A4",10,4,6,6,5,5,25.2652383131025,25.0145990995012,25.6178212118007,25.4847274007653,25.7753959789738,25.7741264950191,-0.128334169530466,1
"P49773",5,7,7,6,6,7,26.5544910743977,26.6187558239597,26.981123802668,26.6640459621617,26.9214030460587,27.0876753556874,-0.0288469271052006,1
"Q6RFH5",7,6,6,5,8,7,24.8711069762415,24.3766055377268,24.7262789753391,24.2937984331291,24.7075834655951,24.911858065185,-0.240902460378265,1
"Q9UBQ7",8,6,7,7,5,8,24.7406868293553,25.2754448005834,25.3143290478641,24.7455864200598,25.5679183701624,25.0483210647442,-0.184527320664799,1
"Q9H0U4",7,8,10,7,8,10,26.0413937922702,26.0271353928688,26.5238866227673,26.1821929189454,26.8988620697298,26.8085438640258,-0.148756769642433,1
"P09733",6,5,11,7,6,8,25.30577704718,24.5989363027723,25.4408934934238,24.3218038492705,25.6942501126602,24.7154149187281,-0.934921860831034,0.0798742502732134
"P10964",9,8,6,3,3,2,26.6834481783303,26.4537992447002,27.1789662886288,26.8004261803912,27.2703332574085,27.1408336704629,-0.245896209604433,0.976627530113888
"O43660",6,6,7,9,4,8,24.2004878221836,23.9447050916719,24.8028525722475,24.0613970691772,24.7901627287685,24.6577202302946,-0.376560244018633,1
"P76558",2,3,3,8,8,11,23.0414654842159,24.295904128067,23.6740396455736,24.5501657394306,23.8436120108432,24.9598901790771,1.08228096864733,0.078260960787704
"Q8N6R0",8,6,7,6,8,7,23.430476926137,23.6943383310943,23.3889246247988,23.3919310816408,23.6566204916806,23.7701258852222,0.126791085113633,1
"P11387",5,3,7,7,6,8,24.2324753841759,24.55503397656,24.4149637598328,24.6485145913756,24.7281511654434,24.8475278527333,0.225162037072267,0.70950831346871
"Q15061",6,7,9,7,9,7,23.824326585719,23.9705841007578,24.6723975007467,24.3172052966972,24.4529221398616,24.4215491793737,-0.0801025498328668,1
"Q96R06",7,5,8,5,2,4,23.8602930553749,23.5360056220279,24.1862756774877,24.016590683342,24.1711167692372,24.1211123089419,-0.181325629262667,1
"P16930",7,11,9,6,10,10,25.2495653065655,25.0487830214299,25.6938333936449,25.6235800176151,25.7529498042211,25.9341584956975,-0.0299423232296666,1
"P00492",6,6,8,7,8,11,25.2618689534036,25.6286680248566,25.8989025607407,25.6724646209254,26.2302600195772,26.0891721047205,-0.000242261073000331,1
"Q9H2P0",7,5,7,8,8,6,24.1792093376169,23.6807864820375,24.6222917161808,23.8555030772803,24.5685857814885,24.3534524278625,-0.493448282701967,0.997183764190955
"P23258",4,5,5,8,7,9,23.5636217607009,23.9136205381662,23.7991627273906,23.6024503639681,23.7044186144931,23.9314539606847,0.126773920078133,1
"Q9H0S4",7,5,5,9,9,7,25.1843163418354,25.1680389922264,25.451789392247,25.1477888901537,25.4774774013269,25.2407303472464,-0.185674968594268,1
"P35659",6,8,8,8,11,13,26.5697130910363,26.6380916072305,27.0115093113938,26.755074810959,26.6387527450404,26.8048012269274,-0.00733583411786635,1
"P26786",7,8,12,6,7,8,27.7008388743389,26.7870472548591,28.1820198053147,26.9530449209664,28.23434850709,27.2297574928024,-1.04911917270523,0.0690556871676902
"Q9Y295",7,6,8,8,10,7,24.5974647403644,24.6647709308241,25.1523721210129,25.1062953558645,25.4252157752192,25.4266306233934,0.00754809116183353,1
"Q9NQT5",8,6,6,7,6,5,25.3688378623702,25.5229746428922,24.9750860507365,24.958130962701,25.2167830036573,25.2774301544662,0.0659429477651325,1
"P47755",8,7,9,10,8,8,25.6557490702207,25.9686177556798,25.7966595262801,25.5857495079418,25.6025141356403,25.6400996048557,0.0465147121120673,1
"Q96BP3",6,5,7,4,8,5,23.43168696453,23.3860904835352,23.8089572050994,24.0773741497119,24.2327166098194,23.9380181265996,-0.0239593398673665,1
"O43399",6,8,9,7,9,9,25.4486095062418,25.8144889807097,25.8532244488126,26.0133257406541,25.938721184007,26.353923224982,0.313727602428133,0.553986517038581
"Q5BKZ1",9,8,9,8,8,8,24.3834030545253,24.4048683105661,24.70122818862,24.5413526025487,24.8760057616299,24.9386861020799,-0.0252433298601673,1
"Q14254",5,8,7,8,7,9,25.2053107668574,24.9799413092271,25.5851506374735,25.0300014341585,25.5142094696736,25.4156748551632,-0.293017758485233,1
"P38737",6,10,6,1,2,1,25.0415707596372,24.2264146918467,25.5249766046981,24.7917847059119,25.8465967280504,25.1290737136183,-0.755290327002933,0.541806850315693
"P02992",8,7,6,3,3,6,26.2316490856282,25.1143654107767,26.0796228007727,26.44128518389,26.6522530774579,25.6020563443095,-0.601939341627534,1
"P20839",6,6,7,10,8,7,25.2954524056506,25.3507592843791,25.7321182464822,25.5268602497942,25.6576708451015,25.7419620057638,-0.0218866524324,1
"Q8TED0",10,6,7,8,10,8,24.1615085097707,24.247430669591,24.540567951406,24.3171260611342,24.6543390577559,24.7342281305731,-0.0192102192114341,1
"Q12154",8,10,8,6,4,4,25.2625125447607,24.5223160844092,25.6830768518105,24.2947376835917,25.688276138403,24.8202682810468,-0.998847828642167,0.0787430357785013
"Q15185",7,8,10,6,6,8,27.6140160186249,27.6494523417704,27.9663842555144,27.6815731111001,28.0462990543294,27.9964096118009,-0.0997547545990993,1
"Q15269",8,8,11,7,5,9,24.4583845836431,24.7339053246963,25.0523801544863,24.815037484111,25.1141564742263,25.1286586339666,0.0175600768060669,1
"P35269",7,7,6,6,7,8,23.8301174776471,23.7415674850614,24.0529122704207,23.8284621254423,24.2078436771664,24.1458519380473,-0.124997292227733,1
"P00505",7,6,7,6,9,9,25.1478753546729,25.1103596848526,25.1742992583096,25.0603144739846,25.3631203953319,25.3334945615399,-0.0603754293124332,1
"Q9NUQ8",8,5,7,5,8,7,23.7939810782794,23.8461550966198,24.1476403205212,24.0608444964361,24.6389546498684,24.3728570913017,-0.1002397881038,1
"P0C2H8",7,8,9,5,7,5,27.4355227531273,26.3360759584706,27.6177463449348,26.5815357501974,27.9836374862899,27.0354681605468,-1.02794223837907,0.0948213627484441
"P49750",5,6,5,9,7,6,24.6013499436982,24.6428615946736,24.9748968866662,24.8903232885166,25.2930013368116,25.0164645257942,-0.1065329193972,1
"P05318",6,7,5,3,2,4,26.3782592629461,23.2417524864729,26.6557441577751,25.2717982538266,26.5868899407199,25.4649421620077,-1.88080015304463,0.0572689292204847
"P15639",1,1,2,7,9,9,24.2402103425096,24.8358832911477,24.4343239473062,25.1456966393927,23.845709597759,25.5506495692584,1.00399520407467,0.0809915256049328
"P15625",10,4,8,2,3,3,26.6066268302358,24.3944642646858,26.0844592062001,25.3331395139546,26.0219516925939,25.7063431913912,-1.0930302529994,0.21480355296816
"P09012",5,5,5,9,7,4,26.4508706757441,26.3291567534811,26.9116355590074,26.5211711221306,26.8022181498958,26.7989305442669,-0.171821988256234,1
"P34223",4,8,10,1,5,4,23.7618591895923,22.2400864279518,24.0787321313267,22.6719506727099,24.2893339362796,22.8714275747021,-1.44882019394493,0.0311028979260174
"Q86U42",6,6,8,6,8,9,26.2823469731025,26.4006509438167,26.4316052302492,26.3192046227409,26.8041067910483,26.2640115668954,-0.178063953648999,0.969687931162732
"O60885",5,6,9,5,7,9,24.3616873472934,24.242886831281,24.8829905640367,24.0787645378249,24.8951397945052,24.8624124258803,-0.3185846369497,1
"Q13620",6,6,9,6,8,7,25.1003248351103,24.7904491276619,25.3210906403275,25.4165486071038,25.4303084658803,25.5015620623392,-0.0477213814044006,1
"Q5VT52",6,8,7,9,9,8,23.0626608275138,23.389947029738,23.7927934710323,23.3974551638435,23.8461751867543,23.8724392959872,-0.0139293319105676,1
"P05740",7,6,7,6,3,5,26.2719976713101,25.5489791999466,26.878230848362,25.8156686404481,27.0891674161563,25.9408386058633,-0.977969829856801,0.121143034003412
"P38625",10,6,7,7,5,6,25.8086289964434,24.4133306801051,25.9467064192133,24.6206039945221,26.040918095329,24.9700355677129,-1.26409442288187,0.0467974053587379
"Q86VM9",9,7,7,7,6,6,24.056261633542,23.7973936749206,24.2847427837085,23.9448353597439,24.3435429079219,24.3592687287494,-0.1943498539195,1
"P25788",9,8,9,9,7,9,26.2720419667382,26.3970212191647,26.75553391018,26.5617922945186,26.7681043458939,26.7862285413236,-0.0168793892684,1
"Q52LJ0",9,7,6,7,8,9,24.7321803672745,24.9889350501196,25.1088381987763,25.2025849556216,25.0909058284954,24.6877400328897,-0.0175547853051003,1
"P30048",6,7,8,7,6,6,26.1668599981437,26.2630763116644,26.4338021563399,26.2177626474004,26.363358652703,26.45448016243,-0.00956722856393455,1
"Q01844",6,5,6,7,6,8,25.2235025597905,25.1443607538864,25.6537418718796,25.3455246339583,25.5824017007715,25.6667455199513,-0.101005074881867,1
"Q01855",8,9,11,8,8,8,27.6057322446307,26.4210655208983,28.1522701405864,26.5640014055508,27.8596442587204,26.9330121649077,-1.23318918419357,0.0531322978535179
"P0C2H6,P0C2H7",9,9,9,9,7,8,28.0729606489962,26.899844232602,28.5477788601534,27.1430670840638,28.4461859961456,27.4821950712459,-1.18060637246117,0.0565415321125402
"P17555",8,8,6,6,3,3,24.6297239143658,23.7675918507088,25.0216865797518,23.718629968593,25.0662360510326,23.9553383556361,-1.09202879007077,0.0561284181598124
"Q04336",9,7,5,4,4,5,24.303991674921,23.4957425753883,24.563819332762,23.6237207721025,24.5865899142229,23.6670038790338,-0.889311231793767,0.0754281157911562
"P43585",9,11,6,5,5,3,25.3580822513218,23.8114621089635,25.5702003724343,24.0820513975967,24.9973846123752,24.6394263873256,-1.13090911408183,0.081660773183055
"Q9BW27",8,6,10,5,9,7,25.1059623634181,25.5468963434183,25.4544521738056,24.9001140904094,25.5429902708617,25.60003164362,-0.0187875768792338,1
"A0A0B4J2D5,P0DPI2",8,4,5,8,6,9,25.0632194541314,25.0944288966345,25.5279470340403,25.301189574299,25.4621121812506,25.7869457883177,0.0430951966096333,1
"Q7Z2T5",6,4,7,4,6,7,23.5216838201191,23.589098481954,23.8571254302531,23.494646140902,24.3560520061901,23.8656816449022,-0.261811662934701,1
"P12081",6,7,8,6,5,7,25.7424525378286,25.8561679895419,26.0319993017094,25.7537718079663,26.0634145026603,26.0619833692836,-0.0553143918021692,1
"Q14966",6,5,5,6,6,8,24.6676293821785,23.796544574488,25.0160060491504,24.1475052439409,25.1719981569908,24.6753530077263,-0.745410254054833,0.411807749298345
"O95104",8,6,6,6,9,8,24.5558461335491,24.3471527013675,24.8208696985225,24.5120927717966,24.8212483771899,24.795816432762,-0.180967434445134,1
"Q8WXI9",7,7,7,7,4,8,23.6967585128041,23.6899063954553,24.0926784374962,24.0231193031665,24.1239178870111,24.1987816350239,-0.000515834555233852,1
"P11172",4,7,4,6,5,7,24.1529075933749,24.6286671349861,24.4938384731891,24.2629084803741,24.5603274692549,24.5130817942112,0.0658612912508332,1
"P35719",8,9,9,6,10,8,25.6923960654884,24.8775475726273,26.1743148041128,24.9550843107902,26.156753250798,25.3088503258696,-0.960660637037368,0.0896761447354691
"P30566",10,7,7,7,9,6,25.1993530348259,24.8885577453385,25.2381774400829,25.0257487209834,25.2057386705952,25.2489227143134,-0.160013321622899,1
"P0A6P1",4,1,4,8,8,8,25.1354702260073,26.4703166658129,25.3118375451259,26.8743509453605,25.5673366562742,27.2044515932809,1.51149159234897,0.0281946962616878
"P36114",9,5,10,3,4,4,24.4047577619444,23.44911904142,24.8641153775938,23.3598003553024,25.005456652236,24.0032819926034,-1.15404280081613,0.0682064789861274
"P31350",5,7,11,7,10,11,26.1600632903212,25.6850335142553,24.6739302345711,24.5879727234331,25.1417671089164,25.1342545868533,-0.189499936422334,1
"P51116",8,7,8,6,7,8,24.4191385246468,24.3110729522531,24.9299312637415,24.6866097370421,24.9246607545539,24.9620986126853,-0.104649746987235,1
"P0A862",4,4,4,7,7,6,23.6779772255566,25.7563421240033,24.0853696907823,25.6563327679977,24.2394079854949,26.0288805151039,1.81293350175703,0.0164828483405032
"Q58FG1",5,7,8,6,5,6,28.2688552097965,28.4368582932019,28.5899926982232,28.2671671573288,28.5356519944961,28.6217105096345,-0.0229213141168655,1
"P0CX37,P0CX38",9,8,8,8,6,6,28.6422952290789,27.5347645190352,28.8269348888912,27.1091796167291,28.7595366308646,27.969341636689,-1.20516032546047,0.0585166039655538
"P62277",8,6,9,8,9,7,27.7734111959157,27.6267491901861,28.3500448685392,27.7314688205423,28.3663203464088,28.0063171745284,-0.375080408535632,0.84747608306759
"P35250",9,4,4,7,6,8,24.3380965321773,24.3219463937254,24.7150580165977,24.479261706262,24.8446745449679,24.7851790473258,-0.103813982143232,1
"P26583",7,11,10,9,8,10,27.0912529691408,26.9954190281228,27.4809558264065,27.0607317139413,27.418509431558,27.3865879818527,-0.182659834396167,1
"P52895",6,5,9,7,8,10,24.7885752671421,24.5764336003227,24.7802448853531,24.6878290773504,25.0959078773853,25.2023178609377,-0.0660491637565658,1
"P40054",5,5,11,4,5,2,24.7838239515523,24.1454520761904,25.098996831549,24.1826484935519,25.1952998088843,24.3799561626405,-0.790021286534268,0.136842964345209
"P29590",6,7,4,7,8,6,23.6459000415742,23.839718953125,24.3333916463195,24.2046945653799,24.2170064482077,24.0809116776532,-0.0236576466477677,1
"Q12972",4,4,6,5,7,9,24.0483882555424,24.3210618678445,24.6160393802208,24.6042160126587,24.9368863588371,24.995091529748,0.106351805216966,1
"P62879",5,6,7,9,9,10,24.9627929471705,24.8072818030092,25.2052598991722,24.8783209481016,25.3284723726452,25.3019369614254,-0.1696618354839,1
"P35176",6,4,8,6,5,5,25.430503341984,24.2526120209806,25.7944587033387,24.6697054808477,25.965729425281,25.1458842703993,-1.0408298994587,0.114778044374336
"P22943",10,7,6,7,6,7,28.6566094726038,27.2537783950429,29.0615061739745,27.8507498798281,29.2000676401824,28.2001221345302,-1.20451095911983,0.0571089811992013
"Q9NXG2",8,7,9,5,8,6,25.216886739504,25.328324033632,25.56553769652,25.3615081161597,25.6402532120555,25.6274231155661,-0.0351407942405674,1
"P22803",10,12,10,7,8,10,28.7198233905297,27.3785136870441,29.0596133051005,27.7158715241355,29.0070070714099,27.9960437088554,-1.2320049490017,0.0467648581920234
"P0A799",4,6,4,7,10,8,24.1542051461352,26.0652849705555,24.5128679894244,26.0909847901484,24.7559160757655,26.383457506129,1.70557935183593,0.0203716275547608
"P50094",8,11,6,2,3,4,25.6045108126958,24.5634250926162,25.8276878079991,24.9086132456539,25.904775080427,24.9828043133874,-0.960710349821467,0.0715148672700035
"P55010",5,3,8,7,7,8,24.3721260313157,25.6382327210614,24.988192326126,24.9095406371869,25.8320468718138,25.2329545756941,0.196120901562299,1
"P0CX39,P0CX40",7,8,10,4,5,6,27.7949725488934,26.8217093743385,28.232807937158,26.8678127225028,28.2409086371854,27.1609705293014,-1.1393988323647,0.0555982317593297
"P30837",6,7,4,4,4,5,25.1556767770687,24.6577487922616,25.6049463413314,26.2160012673604,25.560824109774,26.7455325672744,0.432611799574101,1
"Q9P287",7,7,11,8,7,10,24.7985133312722,25.4533424831873,25.2417824485971,25.1043819985286,25.4373561191387,25.5007920476431,0.193621543450333,1
"P67775",6,5,8,7,8,8,25.4914489645826,26.0249529612489,25.3354762263238,25.3619903431672,25.5113565926266,25.6323795671947,0.227013696025934,1
"Q9NS69",6,6,8,8,6,7,24.463553807826,24.5780223864262,24.7138162899519,24.4993680724689,24.9580585486769,24.7904675228698,-0.0891902215632996,1
"P0A850",2,3,1,11,6,6,24.8034969638236,26.1161034158559,25.3253694188855,25.9083215152015,25.4088461865055,26.4284719945354,0.971728118792733,0.0778305976364821
"P05091",3,7,7,9,9,7,25.3933769708723,25.0358132963398,25.8799252405761,25.5616868478759,25.9361421394494,25.2775032290029,-0.4448136592264,1
"P11076",9,9,11,8,8,6,29.849376942126,29.160519904722,27.1082877094664,25.9242316940114,27.0996576155622,26.5501180522705,-0.807484205383567,0.882194373092957
"P42167",6,9,7,6,5,7,25.2835822534395,25.4502186409509,25.589869639228,25.5169541985348,25.7889922780565,25.8076166067799,0.0374484251805332,1
"Q5TDH0",3,6,7,5,7,7,24.2910020284237,24.6291832789496,24.605438485376,24.8406072767056,24.8049996882973,24.5775983587519,0.1153162374367,1
"Q15813",6,7,8,4,8,6,24.348281597063,24.3333751300634,24.475059627261,24.2098406371679,24.6170146194133,24.5323226292492,-0.121605815752267,1
"Q13547",7,5,7,7,6,8,25.2335990524071,25.3654738339694,25.6581042433264,25.2707220632981,25.5249960867908,25.5931583421368,-0.0624483810400006,1
"Q96A65",7,8,5,6,7,6,23.3191175013774,23.4375925866128,23.8938278211231,23.5392190518593,23.7838887799156,23.8172938328763,-0.0675762103559,1
"P11075",9,8,7,2,5,1,23.4085452296916,22.6685895258503,24.0247583904518,23.3357580674361,23.8212639505341,23.2397326814286,-0.670162431987501,0.538235718476187
"Q9BWF3",9,9,7,8,9,8,25.4634499111442,26.5427774294935,25.7493916416087,25.7317830586573,25.8001759289279,26.0536481871185,0.438397064529501,0.5353551360976
"P30520",9,5,10,9,8,10,24.7509311184042,25.0630413361533,25.1835817751265,25.3980811044223,25.3910454354146,25.8157333237476,0.317099145125968,0.691248243951917
"P42345",4,6,6,4,7,4,23.5560951892309,23.4116801059898,23.9407801018062,23.7959823570101,24.1598697973524,24.0673785558751,-0.127234689838167,1
"P53278",7,11,7,4,3,4,24.306146820774,23.1320983464215,24.4313203354199,23.2372263022915,24.7104331494015,23.9345336849014,-1.04801399066033,0.0972689474933895
"O43447",6,6,5,8,6,9,26.2747562039217,26.2903409295372,26.8001024451158,26.2252047886669,26.7295272921629,26.5273325072971,-0.253835905233066,0.969080578836676
"P42224",7,4,7,7,6,10,23.6819169522841,23.9332150068898,24.1611898674596,23.7200111308852,24.0660330049419,24.0597212248058,-0.065397487368268,1
"Q13155",7,7,7,6,9,10,25.7577808377184,25.5682812278277,25.9667700770478,25.6769384382659,26.2091397839382,26.1775615750031,-0.1703031525359,1
"Q5T6F2",7,8,7,8,9,7,23.9109520109278,23.9296404720947,24.670201640226,24.3914524675324,24.9577724865971,24.5186296260978,-0.233067857342001,1
"Q9Y2W2",6,9,9,10,7,10,24.3606376116297,24.6518452831816,24.6323605949645,24.6159856297948,24.7835285410675,25.0872239072138,0.192842690842834,0.879170285525736
"Q9Y5S9",6,7,7,6,7,6,24.7687203314056,24.8087203093695,25.2880713179963,25.0080033301159,25.381352438555,25.4085774919497,-0.0709476521739324,1
"Q96GQ7",7,3,3,5,5,5,24.7706715542461,25.075216347539,24.7677886283732,24.9371565622957,24.8982647183465,24.7853343247844,0.120327444551101,0.975295381310419
"P33338",4,5,5,3,NA,2,23.3734041807497,22.7581774578778,23.8000541452491,22.9095261713059,23.5942538619216,22.9384674264389,-0.720513710765933,0.190213774634703
"Q12499",7,5,7,5,4,7,24.9813991748033,23.8268253300661,25.2511344823326,24.0369192885881,25.3360615165906,24.466479796428,-1.0794569195481,0.0644642647512675
"O94973",3,1,7,5,9,10,25.0572188445103,24.7283913894982,24.4684394695745,24.396618498902,25.0952917391582,24.5870113077599,-0.302976285694298,1
"P33299",12,8,7,6,6,6,26.0494248258191,25.927063761392,26.4983985763215,25.9604907496475,26.5529080342236,26.2841639770024,-0.309670982774099,0.969687931162732
"P38791",7,7,9,3,5,7,25.2224828813747,24.1427039942395,25.3685914501765,24.2248990271627,25.5449267112285,24.5838275421859,-1.06152349306387,0.0580001514267406
"P37292",4,7,5,3,5,2,24.5019604567998,24.4371127533861,25.0128389921169,24.670437337213,25.3403205046593,24.1736658530062,-0.524634669990235,1
"P18621",6,6,6,8,5,8,26.1111950624276,26.9123288350981,26.2616362835597,26.0461629757481,26.4041457591138,27.238401094655,0.473305266800034,0.743835277293339
"Q9NY61",8,7,6,7,8,6,24.7770397522031,24.6523676462501,25.2002980294372,24.7267358970458,25.2264324791339,25.3755654117341,-0.149700435248067,1
"O43765",8,8,9,10,10,9,25.4701685614166,25.3950204872414,25.9492614090353,25.6444992890501,25.9990118793336,25.9468656811008,-0.144018797464401,1
"Q9Y5X1",6,5,6,6,6,7,23.8790926001008,24.1432383945923,24.2107400028508,24.0180688968409,24.2158047674861,24.2408227696795,0.0321642302249986,1
"O75150",4,5,5,6,4,5,25.511161115745,25.450326389857,25.8192961930973,25.369191024186,25.8009514290126,26.1588925462148,-0.050999592532366,1
"Q86WB0",5,4,9,7,3,6,23.2302993110534,23.7453398091171,24.0646169662412,23.7694797285492,24.1000236777689,23.9846457500089,0.0348417775372347,1
"Q06523",7,7,5,4,4,4,24.1837713570002,23.1631808426129,24.7445265355181,23.8918788922942,24.8435218256342,24.2993579838321,-0.8058006664711,0.516259966018337
"Q9BTW9",5,6,5,9,7,7,23.4699002464178,23.5580390127483,23.8308134320342,23.716118512561,23.9087286754606,23.8972006820298,-0.012694715524501,1
"P13663",10,7,9,3,8,6,26.2289337445945,25.3375661009164,26.6893617235347,25.2504840591156,26.6064838332131,25.457000175217,-1.15990965536443,0.0522744348869269
"P29547",8,9,8,8,6,6,26.5445770325673,25.6847181271365,26.9202778839401,25.7215361638575,26.9164520791835,26.1747983168822,-0.933418129271567,0.0967926108333451
"Q96I99",7,6,7,8,5,8,24.3340674221742,24.6084475037167,24.7991060935737,24.4856642419683,24.9550254944505,24.7123785900226,-0.0939028914969337,1
"E9PAV3",6,8,8,7,8,7,26.9920493883305,27.253603131177,27.4099989062967,27.122577312095,27.3911436634065,27.7594553583776,0.114147947871968,1
"Q96KR1",6,4,6,7,5,6,23.7610670509529,23.2362552646241,24.1563009981736,24.5309415938545,24.2223652478217,24.1120574863129,-0.0868263173855664,1
"Q8IXI1",3,5,7,6,8,7,23.9508899249852,23.8156366885639,24.3697979356011,24.182299323496,24.5124457102292,24.5810909112007,-0.0847022158516341,1
"Q13523",7,10,5,9,8,6,25.0913897034772,25.0747425301615,25.1252775580635,25.3129573017931,24.8790451904788,25.7869443928538,0.359643924262967,0.750910296273272
"Q05048",8,7,6,5,5,6,24.4243109893158,24.3270214745918,24.5738225937168,24.3636804115114,25.3770859237063,25.4648640347821,-0.0732178619511998,1
"P38715",6,7,11,5,4,3,25.7192085212629,24.521166688098,26.0057723851331,24.6405698649424,26.03914446643,25.0612249898584,-1.18038794330907,0.0535112006627348
"P21399",4,5,7,7,8,6,24.3989531826806,25.4516230251784,26.0386286795275,25.6739874742685,26.0080652420895,26.035775380742,0.238579591963767,1
"P04046",11,7,6,4,6,5,25.0394060560966,24.6969768621683,25.5145404613587,23.9210732008582,26.0602313414117,24.4711078294466,-1.17500665546463,0.111711777819235
"O00567",6,5,7,6,7,7,23.888045698624,24.3490225416102,24.6551035407375,24.237905187894,24.8103586393812,24.445092539468,-0.107162536590167,1
"Q9Y5J1",5,9,7,6,6,8,24.2956205570704,24.238152798052,24.5294394907001,24.4190793578432,24.585214719894,24.6117283910335,-0.0471047402452681,1
"Q9BT78",5,6,6,5,5,5,24.201746438116,24.6055595453966,25.1155852184821,24.3594943521448,24.8717326881785,24.9420709400429,-0.0939798357307673,1
"P43593",8,5,7,1,3,6,24.3173641688353,23.2632382482012,24.8357138951823,23.5574097105887,25.128026741263,24.0635953722027,-1.132287158096,0.10044587810539
"Q9BTY7",7,8,6,11,7,7,24.2257961164554,24.4075925849196,24.6784515283618,24.3718097393911,24.7340924823218,24.8506631915579,-0.00275820375680051,1
"P33330",11,8,8,6,6,6,25.0879595225722,24.3050894170089,25.5068295817585,24.3317489230718,25.5368273733499,25.079712797636,-0.805021779987966,0.300533260616752
"Q969X6",6,5,5,7,4,7,23.5790519782919,25.1433243536657,23.9635020289926,23.9382226893627,23.9376974459441,24.1471278940707,0.582807827956833,0.455706933982668
"Q99598",7,6,6,7,5,9,25.1901229202812,25.5289312107154,24.726750446315,24.3199930247976,24.6358665500457,24.7027823884113,-0.000344430905866962,1
"P62820",9,7,8,8,7,8,25.8623620999471,25.9166324819154,26.3484735552397,26.1047852488063,26.7393591195076,26.647803578791,-0.0936578217272329,1
"O60566",3,2,5,5,6,7,23.9666793513813,23.3927260611962,24.3167267802056,23.8613371312565,24.2246388287101,23.7934572544132,-0.486841504477031,0.659191739937082
"Q9NSY1",4,4,4,4,6,6,23.2863202964014,23.183187692196,23.3644812218367,23.2395613839324,23.7739927366032,23.7143357713381,-0.0959031357916006,1
"Q8N7H5",5,7,7,9,6,5,23.8940649361562,24.0065068862588,24.0279849403771,23.7017752726678,24.177659198332,24.0655906729461,-0.108612080997534,1
"P09382",8,7,7,6,7,7,26.3479767890333,26.4391914710302,26.7941083347928,26.5158554901627,26.8634968447914,26.8153526081322,-0.0783941330974661,1
"P57721",7,7,7,7,6,9,27.5627910337312,27.4303476474076,28.1054915049333,27.7568450940467,28.055668535314,28.1584155378848,-0.1261142648798,1
"Q96T76",7,8,9,9,8,6,23.5422667418768,24.0367902020422,24.0908081296711,23.814788776859,24.1447256049797,23.9482325580095,0.0073370201277001,1
"Q07955",10,7,8,9,8,7,27.6012419074661,27.4411035398917,27.7722067288039,27.6722587182554,27.9244589715403,27.9595257723679,-0.0750065257651009,1
"P08417",7,3,6,1,NA,2,25.3250173083253,24.8548554507013,25.772721916072,24.8004844410769,25.8734043088003,25.0934104716014,-0.740797723272667,0.226589808891557
"P0ABK5",4,4,4,7,8,9,23.2952639126372,25.4265761136889,23.75232643421,25.4380618508671,23.9198272460138,25.8854035091563,1.9275412936171,0.0159043695034715
"P22146",8,8,6,4,6,6,25.8553175275651,24.5409543018055,26.1209530588687,24.7759943970679,26.1058562498691,25.0522330376409,-1.2376483665962,0.0484824403067303
"P61088",7,8,7,7,9,7,27.0794055157673,26.9449958109685,27.4964216636979,27.0949035399853,27.3187663434339,27.396496471935,-0.152732566670101,1
"Q6IBS0",6,5,8,8,8,8,24.5397516410865,24.6795656822455,24.9392983431599,24.7110749873179,25.5467417680014,25.053069927416,-0.194027051756134,1
"P0CX55,P0CX56",8,9,8,7,7,7,28.0144387140704,26.8801516633367,28.4527836736136,27.2568880577315,28.4867731668864,27.5202796075325,-1.09889207532323,0.0682064789861274
"Cont_P00735",6,6,5,5,9,9,24.6391766242065,24.9625308568516,25.045874286764,24.7780766280824,25.3128040358038,25.3946047795262,0.0457857725619668,1
"P43034",8,9,7,7,7,7,24.8607515948059,24.4573489383848,25.0801506588602,24.8953042967762,25.1741954629188,25.1811947289929,-0.193749917477001,1
"O95721",9,7,8,7,8,8,25.3210109295058,25.2790146868574,25.7230742770409,25.4146901385014,25.7072302035169,25.965788159082,-0.0306074752076005,1
"P36507",9,3,9,9,7,7,24.9352118196944,24.3909179520004,24.9450323477563,24.7623788956918,25.1543133258972,25.1201517975345,-0.253702949373732,1
"P23847",2,3,2,6,7,11,23.8635241622264,25.6053391204016,24.5148103518047,25.6624874736516,24.6975903552054,26.6565206623188,1.61614079571183,0.0327902554244382
"Q9BU89",6,6,7,5,9,9,24.0216862409183,24.1948348396964,24.2583433271069,23.9080141448752,24.3913929410093,24.3808837734117,-0.0625632503503996,1
"P37198",7,7,7,7,6,7,24.9445308464384,24.9466631433379,25.1244864260924,25.1095781809565,25.2918742659216,25.3817286866793,0.0256928241737668,1
"Q14141",6,4,7,4,10,8,26.2502790427586,25.7731609435906,26.3652933370015,25.9254334665379,26.5494757664302,25.997581617927,-0.489624039378266,0.504979556525948
"P53184",9,7,8,5,6,7,26.0311083545501,25.1072106889867,26.5638798323399,25.2351780831789,26.5156129834911,25.5291259632943,-1.07969547830706,0.0641347676904687
"Q9UMX0",7,8,7,6,5,5,25.0156551208568,25.377173189239,25.4816372287165,25.0260168044785,25.5047300207382,25.3691398929859,-0.0765641612027016,1
"P11310",5,8,4,8,4,5,25.0400751282094,25.0306306004871,25.5504124894303,25.1654894455303,25.4890101526196,25.286445943491,-0.198977260250299,1
"Q9UGI8",7,6,6,6,5,6,24.8476176923032,24.5491986505197,25.0436397834722,24.8642729689222,24.5323478391784,24.5234907684383,-0.162214309024533,1
"P38631",8,6,5,4,3,1,24.1395585341813,23.9942260102972,23.9680520340001,23.5898181044413,24.5148190182793,24.0375141109566,-0.333623786921867,1
"Q05050",9,10,8,3,5,2,24.453406918304,23.550642876603,24.9097874503756,24.0118276458986,24.8196770388706,23.8392878994306,-0.927037661872667,0.0955663274302235
"P05055",NA,NA,NA,8,8,8,22.920771351852,23.8123133486637,23.7991752794365,23.7677588306053,23.1963956118005,24.2003203328764,0.621350089685466,0.353778421810289
"P26783",10,8,8,7,8,8,28.2072678847115,27.356838796676,28.5037134208985,27.5584589011231,28.5139648795584,27.7926284702977,-0.839006672357199,0.0894008616608071
"P32473",9,9,5,4,2,5,25.0994722220229,24.2663502016359,25.5396562840822,24.3993832868736,25.8250404828751,25.0071349143234,-0.930433528715766,0.191421756533803
"O95394",7,8,10,4,8,5,25.1856467536412,24.3474617387188,24.8786565972894,24.6334431662185,24.8702124966174,24.8872030415312,-0.355469300359834,1
"P28272",9,7,6,6,4,5,25.350519206741,24.3933558896678,25.6075946806602,24.3270136598003,25.9274018254894,24.7022547127707,-1.15429715021727,0.0561284181598124
"Q92917",6,5,4,5,7,7,23.8547041501681,23.9429030946418,23.9719650869324,24.0241802707979,23.944157801532,23.936823112421,0.0443598130760658,1
"P42943",8,7,5,4,7,4,26.4288424143214,25.9859048941701,26.8827960183624,26.428744164598,26.7578415581805,26.5219626781546,-0.377622751313865,0.84747608306759
"Q13596",5,5,7,6,6,8,24.999698998963,24.807097514774,25.2223195479899,25.0004687485471,25.2568455975316,24.9628645063192,-0.236144458281402,1
"Cont_Q1RMN8",5,8,7,6,4,8,25.0834721855166,25.231626528935,25.5833986751331,25.3649445614336,25.9962595200515,25.8280353480394,-0.0795079807644008,1
"O76003",9,9,9,9,9,8,25.8604494544415,26.2049261567079,26.4320046769044,26.1798813068397,26.5466024828965,26.5219274645206,0.0225594379419339,1
"Q92879",7,5,6,8,4,7,24.0730961852336,23.6582568173474,23.9724680118376,23.7644492692172,24.17322893857,24.2175119562608,-0.192858364271932,1
"Q12443",8,7,8,5,4,3,25.294389655809,23.9438130022482,25.8102774339755,24.2861863171916,25.8368903913362,25.1085054737566,-1.20101756264143,0.111711777819235
"Q12112,Q12391",4,7,5,3,3,4,25.5382303830925,24.5675318635034,26.1290691529524,24.7243506400774,26.0614536003363,25.0723709426876,-1.12149989670427,0.0641347676904687
"O95747",8,9,4,8,7,6,24.3551925885065,24.8853744615339,24.6888424516517,24.9964446970517,24.7855991360824,24.8711196699105,0.3077682174185,0.554623246056736
"Q9BS26",6,6,7,8,9,11,24.7819466615802,25.0351979674792,24.947487660086,24.7908618199532,25.0859837609174,25.1998231388314,0.0701549478933986,1
"Q9NYB0",4,8,6,5,7,7,23.3568154288547,23.5704412876867,26.2289265539822,25.2228983547109,23.8884209943428,23.8907097726913,-0.263371187363598,1
"O76021",6,5,9,7,9,7,25.2969668831791,25.2689548401297,25.8057027463822,25.5089455500473,25.872995693964,25.6819148082213,-0.171950041708998,1
"P51003",5,4,5,6,7,9,23.2620145322786,23.5304537277158,23.6659828470971,23.3326569678369,23.5938554319488,23.5614911977222,-0.0324169726831999,1
"P23193",9,8,7,7,8,8,26.2921251455643,26.4068791800601,25.6300953378768,26.2717075097466,25.6880883853643,26.6380423191163,0.5687733800392,0.498455554538591
"Q9BR76",9,11,7,8,8,10,25.0134419497372,24.9440403448134,25.3956217303213,25.0708754818733,25.4754855691491,25.3846595323666,-0.161657963384766,1
"P48570",6,9,9,5,7,6,24.895923023514,24.3311088364376,25.4205071727942,24.2436695353264,25.5531190347222,24.5583348744933,-0.9121453282577,0.117150132665723
"P27616",7,9,9,9,7,8,26.1800120197387,25.3390368946081,26.240079583947,25.0663897950794,26.5344403915124,25.5853005789974,-0.987934908837734,0.0741030103302578
"Q13228",8,5,6,8,6,8,25.2207550038471,25.2220438441026,25.178318059066,24.9085394023782,25.4393203402333,25.1352503872636,-0.190853256467334,1
"P00441",8,7,4,8,7,6,27.1261588690232,27.3059499816927,27.3427427281707,27.3045513032919,27.5562410464086,27.6330866872794,0.0728151095538318,1
"O14974",3,3,3,8,2,2,25.1379050004682,24.0154060341533,24.3789827258732,24.2507104396637,24.535695653977,24.5675005299965,-0.406322125501634,1
"O94822",6,6,3,7,6,7,23.5757215774949,23.5487698268552,24.1250265121335,23.8559200968163,24.4483005979779,24.4868471712772,-0.0858371975525335,1
"Q13123",5,4,7,6,4,9,23.9556968162894,24.1847555103495,24.3652065515742,23.7780778315692,24.3828927180675,24.4566503251604,-0.094770806284,1
"Q9BZE4",7,8,6,7,3,7,24.463169614709,24.5753037984759,24.9138211041695,24.3228255651183,24.8695435789418,24.6747436658629,-0.224553756121067,1
"P56537",7,6,5,6,6,6,26.6246989767934,26.5803757778454,27.0517567538453,26.7618471200459,27.0342142722953,26.6927610646233,-0.2252286801398,0.977540066328141
"P47912",7,7,7,2,2,3,24.0500625241309,23.1633020198579,24.4408274833633,23.241401039574,24.4880790382913,23.9371015016672,-0.879054828228801,0.201387909937921
"P0AFG3",1,1,1,9,10,7,23.2315878594977,24.4128660898784,23.3978301081058,24.4356186349188,23.7386271932257,24.712527525202,1.06432236305667,0.0604680642900886
"P51812",6,4,2,5,5,4,24.0656169669004,24.1520254510164,24.278910929346,23.9800593667878,24.1785902415491,24.2356758044462,-0.051785838515034,1
"P04818",7,8,6,8,9,7,25.4826382360428,25.5252788463194,25.7128163253697,25.4057775795425,25.7174177771929,25.7948347614649,-0.0623270504261993,1
"P45973",5,7,7,7,5,5,25.2733445841004,25.1562685897787,25.3065680913503,24.9469308975617,25.5200873748056,25.3708498074823,-0.208650251811199,1
"P76108",2,NA,NA,6,5,9,22.9917924734044,24.4061928061322,23.1551228711519,24.4323977682429,23.4113781880596,24.8203270120953,1.36687468461817,0.0344890062328403
"P04183",7,9,9,7,9,9,25.5494488563195,25.6921946911643,25.797921116686,25.6926042220826,25.8971241282966,25.9517960555744,0.0307002891730666,1
"Q6P3X3",4,5,2,7,9,5,23.8533882792903,24.0092494383765,24.1175118449466,25.6161718962026,24.1785867465105,24.4686252857561,0.648186583195934,0.605194856544124
"Q04491",9,8,6,5,4,4,25.1127991595458,23.9813144170089,25.1883956698784,24.6406633028795,25.8883662717329,24.8465706184512,-0.907004254272501,0.285137792900456
"P07257",10,6,8,8,6,5,26.0905377681917,25.1014781819373,25.3409733552678,25.0031194859679,25.4714993414806,24.2481215692358,-0.850097075933035,0.360317216284948
"P14324",7,8,9,7,6,8,25.6093657726751,25.3876940737199,26.3763363350976,25.558214341225,26.4110899170817,26.284434840568,-0.388816256447168,1
"P0CX53,P0CX54",7,6,7,5,5,7,28.1750105358881,27.1743548871267,28.572812386886,27.6144209404944,28.6441682013547,27.9279329994662,-0.891760765680498,0.124667375978357
"P04825",NA,NA,NA,6,7,6,22.2324411292062,23.6045498358143,22.4771888215509,24.3672272969876,22.5876601047277,24.5561714532033,1.7435528435068,0.0238633593494195
"P08524",9,9,7,4,6,5,26.1451584834043,25.1322362854577,26.5037345265062,25.4757269999604,26.4495078756038,25.7016862389059,-0.929583787063432,0.0972689474933895
"Q9NZT2",7,8,7,6,8,8,23.8234618038665,23.2626088866726,24.1314407969975,23.6332884995495,24.2424359335234,23.7518313843558,-0.5165365879365,0.626712135312216
"O14745",5,6,6,5,9,7,25.0965586571805,24.7979779948714,24.9846181988328,24.6678859592804,25.477793586858,25.6916760122179,-0.133810158833865,1
"P48449",5,4,5,3,6,4,25.3152163277783,25.1969086923376,25.5988016262772,25.3715513385591,25.5627949923709,25.5860604786649,-0.107430812288266,1
"P40531",6,11,5,3,7,7,25.8711648020511,24.6138603788484,26.3639454376745,25.1285762015133,26.417402127632,25.4035172440102,-1.1688528476619,0.0715148672700035
"Q9HCS7",3,6,4,6,7,5,23.6252887924495,23.6717290421527,23.9568544206624,23.8225268756555,24.0390852130457,24.0410837546148,-0.028629584578199,1
"Q9Y224",7,7,9,5,5,9,25.2173019041861,25.025656814482,25.5007134069508,25.1537500841452,25.723846311695,25.5131718141433,-0.249760970020467,1
"Q16630",7,7,6,5,7,7,24.9756552307254,25.1238348675563,25.4087644433618,25.19555994597,25.4557619112728,25.8502316754161,0.109814967860801,1
"P07278",7,5,7,4,6,3,24.4614073776809,23.9272201417107,24.9431041930173,23.9991993706277,25.1422505877961,24.1262953287155,-0.831349105813467,0.160631398548449
"P33240",8,9,9,10,8,7,25.0426907152078,24.963877600586,25.4362767918536,25.2348029622371,25.4931333631582,25.5021245196074,-0.0904319292630345,1
"Q13564",6,5,6,6,5,5,23.8542650890936,23.4725566124612,24.4077748673996,24.412867769234,24.2494735871965,24.5014690068087,-0.0415400517285995,1
"Q9NYU2",4,4,3,6,5,6,23.1549446248046,23.8157965386112,23.9480408203307,23.7101755142963,24.0263309410223,24.1074472938113,0.168034320187066,1
"Q9Y570",3,6,6,6,6,5,24.9166501565252,24.7696888583789,25.6040461868277,25.5466638265144,25.2835463648002,25.2361853270188,-0.0839015654136664,1
"P99999",6,6,6,8,5,8,27.6979719596508,27.6876741535346,28.0376548614309,27.7518655980916,27.9222363139135,28.0057763249335,-0.0708490194785002,1
"P05759",8,8,9,7,7,7,28.461870583802,27.8061921457066,28.8910065697446,28.1885517217355,28.8295127422167,28.3758513256505,-0.6039315675569,0.508581326325189
"P23638",9,7,7,5,4,4,25.7826166529269,25.253031175704,26.1976431048716,25.6452062133548,26.1954372428081,25.7282589286312,-0.516400227638867,0.647500854314759
"P14550",6,5,6,7,7,6,24.5243971611047,24.5134114783838,24.635368956976,24.4237721018045,24.9301756964404,24.9270056005928,-0.0752508779133336,1
"P25623",7,7,6,3,NA,2,23.8838194672723,22.7047010225665,24.1732542572937,23.7436759305173,24.4114628866175,23.5012918688599,-0.839622596413266,0.36373547170348
"P08574",7,7,7,5,7,6,24.507096561959,25.0032691231571,25.0748849203117,24.7154382761356,24.8680265429783,24.8925770933517,0.0537588224651344,1
"Q9UJX3",5,6,7,8,7,7,24.1071016333485,24.1339253218359,24.4288755034242,23.873990739226,24.2303831683863,24.1803706982473,-0.192691181949934,1
"P27472",3,6,10,3,2,8,24.9662589997438,23.9517658248229,25.8561735949026,24.30157196784,25.8980901251063,25.1854342787078,-1.093916882794,0.276937630467669
"O15027",8,5,3,7,7,5,23.636662563393,23.7369531769654,24.0074437784945,23.7796785827439,24.3913126943201,24.1972199932981,-0.107189094400066,1
"O14646",7,4,4,6,6,6,23.4316085456143,23.5010229615319,23.5451730623588,23.6388649669668,24.1356598178482,23.962008122478,-0.00351512494820009,1
"Q8WXF1",5,4,8,5,9,8,26.2309375010641,26.0386725478408,26.5801609041099,26.1064990441603,26.5735181035481,26.5610691602704,-0.2261252521502,1
"O75475",6,6,9,4,6,5,24.2509464678855,24.4273239708825,24.9398246179387,24.6793358751962,25.0857210830398,25.0858938303225,-0.0279794974875986,1
"Q7L2J0",2,5,3,5,3,3,23.4639174496461,23.3818975043829,23.8267393254071,23.2423327101529,23.6470872736094,23.7194925405012,-0.198007097875201,1
"Q96CW1",5,5,6,7,9,8,24.0163905603768,24.008312521429,24.287890028616,24.1296960306653,24.5716031387646,24.4227791706576,-0.1050320016685,1
"P51149",7,6,8,6,7,6,25.380969752977,25.4380992990941,25.8618312057806,25.405397423668,25.9483815805759,25.8079143959702,-0.179923806867066,1
"P07246",6,6,10,1,3,5,25.2982385273415,24.3633725565196,26.6587734874987,24.5622159841486,26.6573768973668,24.8254992996072,-1.62110035731053,0.0641347676904687
"P09394",1,1,1,8,9,8,23.5796576430487,24.8170131048227,23.3709935720219,24.9264706464663,23.6750151386085,25.380467538744,1.49942831211797,0.0253697808927942
"P09734",6,5,7,3,2,5,24.5094354267325,23.6732857809397,24.7199312554664,23.5820344504633,25.0368773786381,24.0113641097925,-0.9998532398805,0.0761898535112749
"P25293",7,7,9,3,5,4,24.5034112372227,23.4833551361151,24.4181498633651,23.4202973188497,24.7520297106123,23.7930882809563,-0.992283358426334,0.0641347676904687
"P30040",7,6,9,8,9,8,25.5786314776306,25.7529231682412,25.8983826398803,25.7154054918647,25.7323719930661,25.8550209026364,0.0379878173884336,1
"O43809",8,7,8,6,6,7,25.557666091466,26.3706558821988,26.0332967948856,26.2937257584378,26.290810984816,26.7709188118838,0.517842193784266,0.323037642819779
"Q96I25",6,6,10,6,6,9,24.7320866673873,24.9901392027907,25.0208311104523,24.7402894888912,25.0890896484387,25.1070912542711,-0.00149582677509959,1
"P62873",3,5,6,7,8,9,24.959094926853,24.8055603713272,25.2278604794363,25.0827615604725,25.0447396276093,25.3154716117451,-0.00930049678459947,1
"Q01130",6,6,6,6,7,7,26.7286223364507,26.5606318407357,27.0906861987172,26.8350326416547,27.1108050673968,27.1384613367137,-0.131995927820202,1
"P14735",6,6,5,5,9,8,24.2982230023557,24.1912579086323,25.822234713958,24.5889608258318,25.9534117674537,24.8764208321397,-0.805743305721201,0.946438540362591
"Q13011",6,4,7,9,7,9,24.4687124060388,24.7246012810837,24.8146614737759,24.6421182562119,24.989318267134,24.9327741585123,0.00893384961973354,1
"P53350",5,6,6,6,4,6,24.1134325094109,23.5005387290583,24.6771236681822,24.0849256276994,24.2366673750153,24.314703135306,-0.375685353514901,1
"P30046",6,6,6,5,5,6,25.3431740560627,25.5583213266826,25.762992161552,25.4342871646167,25.9319234286583,25.805860454384,-0.0798735668632347,1
"Q9H6F5",5,7,7,8,7,7,24.166736514794,23.9512348162043,24.5463038517562,24.1805373327413,24.5705564031745,24.5929133232967,-0.186303765827468,1
"P54885",7,7,7,8,4,5,24.9263095695041,23.5656793486838,25.1553352243162,24.0343162155425,25.2618286476899,24.1135852795395,-1.20996419924813,0.0531322978535179
"P41805",8,9,9,6,6,4,27.0827274572551,26.2177237524562,27.2923286547241,26.3175606988617,27.4632382281269,26.5590912477884,-0.914639546999933,0.0803096108600223
"Q6FI81",4,7,6,4,6,7,25.2501004610491,25.0700647519309,25.6931835182845,25.4920982845352,25.683466276315,25.7740532814224,-0.0968446459200329,1
"P35732",6,6,4,4,4,5,24.4642266476716,23.6754419585112,24.5526021459316,23.3949774569787,24.6577000621528,23.7409198299543,-0.9543965367706,0.0641347676904687
"Q9ULA0",6,7,4,5,6,6,25.1515565401821,25.277048120131,25.9046077960727,24.1100188647951,25.7318898260366,25.8126780259687,-0.529436383798866,1
"P62269",8,8,9,10,9,11,27.8738536327203,27.8843067418637,28.3626180808549,28.098872700107,28.3722575777062,28.3565646709964,-0.0896617261047676,1
"Q8TAT6",4,7,5,5,5,7,23.9996690674272,24.0333853591642,25.5914966659775,24.2840266899166,24.6256396233941,24.5652655087003,-0.444709266339232,1
"P53634",5,5,5,7,6,5,22.8678097067384,23.0316047952542,23.0083415902131,23.060763867744,23.3806234261538,23.3477773319032,0.0611237572653671,1
"Q6IA86",6,6,8,4,5,6,23.7870817398976,23.6187853918305,24.3688417247128,23.7921858931958,24.2060151222836,24.1495438652955,-0.267141145524068,1
"P02407,P14127",4,8,7,4,6,7,28.4307358316206,27.3089316832201,28.7251658964867,27.2530310313879,28.6726736230876,27.5236617324542,-1.24765030137757,0.039110507625323
"P36060",4,7,8,2,5,4,26.4568788901059,25.9074301074831,26.834279688605,26.3842121018451,26.8536809573961,26.6545189082832,-0.399559472831867,0.850152860196382
"Q15645",8,8,8,6,7,9,24.0937557208842,24.2818827805446,24.9434196498695,24.406507878037,24.8124430135619,25.2684012194622,0.0357244979093991,1
"P0AEQ3",1,3,2,6,5,8,23.1279480499851,25.4596343563021,24.3327451872477,25.0228500035421,24.2907235377272,25.5807136676236,1.4372604175026,0.0456288789760428
"P55809",5,5,6,3,5,5,24.2279607786219,24.1068360651576,24.6660963307811,24.1883814825089,24.5855760043553,24.5078298376253,-0.2255285761555,1
"Q12335",6,7,5,5,4,5,25.5130562453625,24.5352591183741,25.943749343486,24.4332280828545,25.9419101631768,24.8426279109475,-1.19586687994973,0.0531322978535179
"Q14CX7",5,3,8,7,5,8,22.9831401807555,23.3416130170895,23.5951051557001,23.4266773260794,23.9890801005915,24.0123340044437,0.0710996368551674,1
"Q05086",4,5,8,6,3,6,25.3188527966066,24.688904223652,25.7301522952419,25.5170552742216,24.2049870327934,26.1507643554967,0.367577242909467,1
"Q9H910",6,8,7,7,8,7,25.2589778574094,25.1523838815697,25.6859036807143,25.3324917126284,25.6490644831574,25.5003106556623,-0.202919923806899,1
"Q08257",6,8,7,6,10,6,24.9602344283516,25.1601143915307,25.4176735613709,25.1660467440408,25.5246325769255,25.4642866094554,-0.0373642738737014,1
"P38115",6,6,7,5,5,5,26.4705002544322,25.4242952254841,26.3716680500158,25.3734272814183,26.698618516412,25.6616341585236,-1.02714338514467,0.0565415321125402
"Q13501",6,3,3,4,2,5,23.4228428044088,23.2488807426916,23.6582094121473,23.4882022652477,23.8808515456344,23.8213529100398,-0.1344892814038,1
"Q92552",8,6,4,4,4,6,25.9009870037352,24.4590146724476,24.3263052170721,24.770765200628,24.6031755863019,24.6287786982251,-0.3239697452695,1
"P39079",7,7,7,3,3,3,24.1359900958945,23.0979494887528,24.2143595900093,23.1321447983548,24.4678989129401,23.7114172261658,-0.958912361856832,0.0975145541745159
"P23284",10,9,9,10,10,9,27.2905972783991,27.1140946613404,27.6089280806121,27.1942560855245,27.6305418752731,27.4491582192906,-0.2575194227096,0.936770199928095
"O95218",7,6,6,10,9,4,25.1330421569902,24.9485596387924,25.6258070378977,25.2643052849807,25.7278929370766,25.6631474114222,-0.203576598923066,1
"P55263",1,7,7,4,4,6,24.9727793043677,25.2927065241611,25.4967585894084,24.99961995428,25.5256539011928,25.5592153261333,-0.0478833301315002,1
"Q9NWH9",5,5,7,4,5,8,24.4735682730552,24.2533965377013,24.8682821624487,24.5281594507574,24.7451446652605,24.7625856106171,-0.180951167229534,1
"P49189",9,5,9,6,6,5,24.7886435660352,24.6116744797499,25.0603763254696,24.5590035811135,25.059000782115,25.0664617337821,-0.223626959658101,1
"P49095",9,8,6,4,2,1,25.3943682252549,24.7945200809736,25.8824027433515,25.1659300894585,25.8639696753317,25.4427103080659,-0.579193388480032,0.745467671656692
"P12695",7,6,5,4,4,3,25.3488567197778,24.447898830068,25.4076038648027,24.715506879787,25.6911111299428,24.7128344783908,-0.857110508759167,0.0972689474933895
"Q9UHD9",7,7,4,6,6,5,24.0297831153419,24.2455263039855,24.2053689417768,24.1051223505527,24.4907824625949,24.4144458866608,0.0130533404951336,1
"P62081",8,6,6,6,8,7,27.8094739602911,27.7047601144218,28.2742911264282,28.1325866446673,28.4725522743606,28.5140673691888,-0.0683010776006666,1
"P61163",4,3,6,4,5,5,24.3372436373059,25.0020824101643,24.0655066934201,24.803018872146,25.5571647389848,24.6530731325677,0.166086448389067,1
"P63220",6,7,7,5,5,8,26.6378296757516,26.3381825149761,27.1410372196412,26.7868183968388,27.0770132183338,27.1428555653673,-0.196007878848133,1
"Q8IU81",3,3,2,3,6,7,23.318389308435,23.2000851564472,24.342508230202,23.6796428849038,24.3952582422726,24.1697809874483,-0.3355489173701,1
"P18031",6,8,8,5,8,8,23.6252118591026,23.7672120585832,24.2139449121457,23.9660424391675,24.3614006203397,24.4256523345013,-0.0138835197786662,1
"P13693",6,6,8,6,6,8,26.062070519474,26.1715740219904,26.2764172298319,26.137595015619,26.328882245942,26.3824157133638,0.00807158524176662,1
"P12385",6,6,7,NA,3,3,28.0368765404267,23.902853035666,27.9054150097628,26.5572592964081,24.9950857486822,26.876553011242,-1.20023731851854,0.823753957559399
"Q13643",4,7,7,6,5,8,24.4651413859725,24.3384745733361,24.941572258517,24.721015095706,25.0510681786485,25.1027601817388,-0.0985106574523655,1
"P38250",8,7,5,1,3,3,23.3195533312193,22.3549742250769,24.0197496938672,22.4847393224352,23.8395786465512,22.9798255964678,-1.1197808425526,0.0798128092069552
"P08200",2,2,1,8,10,9,24.7912387173234,26.3800281891051,25.0724824918719,26.5744551731228,25.2551014908716,26.7706434289035,1.5354346970215,0.0232933469811827
"P35844",9,9,6,2,6,4,24.4978682786843,23.3429222716999,24.9722515047402,24.2346771207052,24.8738624544757,23.9785291012919,-0.929284581401066,0.182589184612647
"P38431",5,6,7,3,6,5,24.8475060610158,23.6242538626453,25.1746916623794,24.2822368080693,25.7630759711981,24.8813033181075,-0.999159901923733,0.322341493302033
"P49821",4,4,7,5,5,8,23.6652281215491,24.1400524301344,24.3290023237462,23.9095137195453,24.2972465507358,24.4489925564022,0.0690272366836003,1
"Q5JSH3",4,6,5,3,5,6,23.5719440147315,23.4581418603412,24.1096161185314,23.7140449686808,23.8958460322368,24.0801060815193,-0.108371084986133,1
"P11177",5,7,6,5,8,9,24.4370451727318,24.4236319632029,24.6601821131743,25.0711980093157,25.5106401974026,25.3525429695598,0.079835152923233,1
"Q15907",6,7,7,6,8,8,25.2163462250074,25.4980149062991,25.6292854626745,25.4220659214144,25.7357068201021,25.6575913673672,-0.00122210423443173,1
"Q9NPH2",4,6,6,7,8,5,23.9651112985689,23.9258626225015,24.4675309251723,24.1148124174737,24.3820888688205,24.5812847261366,-0.0642571088166323,1
"P23639",6,4,6,3,4,5,25.7379729575325,24.2344332989066,26.213155256583,24.4498443523789,26.219157882892,24.8254047721941,-1.55353455784263,0.0238370758746554
"Q96P70",1,4,4,2,4,8,23.8496520159561,23.744733976667,24.3329067267672,25.4154690681805,25.6584471853018,25.6062255894105,0.308474235410967,1
"Q86UV5",5,6,4,5,3,4,26.1099447628229,23.8607915597331,24.1156869680879,23.5574801789709,24.1200918234564,24.0124644452681,-0.971662456798365,0.715575297320533
"Q15785",5,6,6,7,8,5,24.6117675570491,24.6647073573663,25.9809796926607,23.7395365065177,25.8733283595141,23.7561567107282,-1.43522501153723,0.131162217315469
"P41807",6,6,7,4,6,6,25.1009474875056,24.2439727970839,25.3522253185493,23.9033944270489,25.2339932044295,24.2771667716391,-1.08754400490417,0.054119395654641
"P05739",7,4,9,4,3,4,27.9519270185431,26.8602114862032,28.2353845261354,26.9606507947811,28.2355212618938,27.0402084370892,-1.1872540294996,0.0448495691112646
"Q96TA2",3,3,4,3,2,4,22.8697356845433,23.3968064838483,23.1744987500657,23.193210403126,23.1545040116111,24.2206701422154,0.537316194323201,0.378132695341996
"Q92614",2,4,4,6,3,5,25.8641586507881,25.622838066992,26.2117392019559,25.9664338970975,26.3256253829472,26.3225437989618,-0.163235824213301,1
"P12688",8,8,7,5,2,3,23.7483377236999,23.3103189111119,23.8500532700717,22.9850221141747,24.3832316438086,23.1855979098606,-0.833561234144334,0.165833908193894
"P17891",4,5,9,1,4,4,25.3646153371549,24.1601745716582,25.5043731283504,24.7541764653503,25.6716616718067,24.5859588533812,-1.0134467489741,0.0717120287189232
"P00729",8,7,5,6,3,5,24.9361776428151,23.8618160642473,25.0161762943169,24.095463344318,24.83578404564,24.0433694477368,-0.929163042156633,0.0641347676904687
"P50213",7,6,4,6,8,10,24.9046816571247,24.9945649262951,25.319816391836,25.0852912317456,25.4038431700958,25.3164297329823,-0.0773517760111666,1
"P40075",7,8,7,6,7,7,25.3983667668021,24.3127915744385,25.7589969974276,24.3972988647757,25.8487180597413,24.925929066885,-1.12335410595727,0.0641347676904687
"Q02750",5,6,7,5,6,5,24.6747064959755,23.9417258206573,25.3769360106509,24.5097479473568,24.782749814137,25.026403723117,-0.452171609877433,1
"P63279",8,5,5,5,6,5,25.5881614976784,25.6501443505915,25.7115893653569,25.4890035354438,26.0057739267954,25.8705102477843,-0.0986222186703666,1
"P13861",6,8,5,8,4,6,24.5443956755982,24.6189415091013,25.1440453050359,24.3911262215411,25.0190113824337,25.1870573680873,-0.170109088112699,1
"Q9NXH9",8,8,6,8,7,8,23.3487810943732,23.364391715634,23.8099874894613,23.4484895301454,23.7706709494057,23.6584444612667,-0.152704608731367,1
"Q06252",7,6,7,5,5,3,24.3058571867479,23.5697824975588,24.5833053564225,23.5176213354278,24.8050153395951,23.4873114836714,-1.03982085536917,0.057579266909726
"P30419",7,9,6,6,7,6,24.5563037359009,24.6728644716126,24.9566694967644,24.6843595419512,24.9650701570557,24.8907514207106,-0.0766893184822,1
"P13029",2,1,NA,5,4,6,22.8461994858765,24.3281251285816,23.5151046217112,24.4853712757045,23.6199951387928,24.8290662364418,1.22042113144913,0.0480463837832603
"Q9UHI6",4,5,4,7,4,5,23.6583802815109,23.7468437470253,24.2864463665267,23.6104299085244,24.4535474597731,24.1874670084921,-0.284544481256302,1
"Q9H3S7",3,3,4,4,4,4,23.2930455535135,23.1198672545658,23.7616710351814,23.6326685577502,23.5586216844913,23.5124703053848,-0.116110718495134,1
"P57737",3,5,5,6,5,9,23.9803492382029,23.9743708241729,24.0823071095006,23.8184363867257,24.1868576413182,24.5184274480111,0.0205735566293335,1
"Q9NSI8",6,6,7,5,7,5,24.9503220136659,25.0650868868437,25.3911448436755,25.3168405561539,24.4791379600117,25.697710816969,0.4196778142045,0.751060469580838
"Q9BVS4",8,8,8,7,8,8,23.5750760464213,23.8199850138277,24.0658141562838,23.8630282087984,24.2540132008253,24.0724833096493,-0.0464689570850005,1
"Q96PU8",8,7,6,7,6,7,25.8187166429825,24.616802218356,26.2688485009165,26.0223229380881,26.5720185200006,26.2691693502851,-0.583763052390135,1
"Q9NVX2",7,3,4,5,5,7,23.7251575735001,23.8311809067247,24.0375583482996,23.5663460542155,24.0383235736722,24.1001071160399,-0.101135139497266,1
"Q9BWU0",6,5,3,5,2,4,23.3970513892669,23.2563384253931,23.4734690588557,23.2885345096076,23.7397665002878,23.6246240198163,-0.146929997864466,1
"P54687",9,7,8,4,7,6,25.4100447267135,25.4199406384779,25.5489165440322,25.2504062777782,25.5808679803325,25.5191599087969,-0.116774142008399,1
"P22830",3,6,7,9,5,7,24.0237286386076,24.9730880766536,24.4138222311174,24.2411587881243,24.6819655144529,25.2490933380932,0.447941272897732,0.776081311348559
"Q04947",8,9,9,9,7,9,25.9680038547818,24.8914896618535,26.4325555354867,25.1607100796142,26.465316789928,25.4767858745416,-1.11229685472906,0.0641347676904687
"Q07157",6,5,6,6,6,6,23.5539296928732,23.3502587177796,23.7910600214043,23.4348801552522,23.8891556928649,23.5435397592793,-0.3018222582771,0.864504324330075
"Q96GD0",4,6,5,5,6,6,23.2772913736032,23.285481099415,23.4124229300537,23.2922285188838,23.6097420230684,23.5909287226963,-0.0436059952434,1
"O76031",6,3,7,5,9,7,24.0264020344789,24.3070620826496,24.5198386214596,24.3002716953928,24.3697304544498,24.5352543714062,0.0755390130201015,1
"P0ABH7",3,3,4,6,3,7,23.1149143804111,24.7032968791716,23.6453168348554,24.6224764999656,23.4850491284013,25.4457653299847,1.5087527884847,0.036907962442199
"P19524",5,5,6,1,1,1,22.4187044926214,22.176911648883,22.9801478600274,21.9605262774886,23.2183886673522,22.4292694481779,-0.683511215150501,0.496148030457395
"Q3ZCQ8",5,7,5,6,4,7,24.316192161667,24.3464002444572,24.608220524638,24.9161382340104,24.8643006495544,24.9619971749852,0.145274105864466,1
"P19262",4,4,6,2,2,3,24.2021167973439,24.0353923102106,25.1788420140138,24.406518258148,25.1792135906096,24.4929259913288,-0.5417786140933,1
"Q12265",8,4,5,2,3,3,26.4578248440268,26.0894495112566,26.9207398280158,26.4407033103818,26.8218234087477,26.8815264441288,-0.262902938341034,1
"P48510",5,5,8,1,1,4,23.7944933091438,22.9688000121518,24.2244805968647,22.9255531722415,24.2715272867611,23.3819588757433,-1.00472971087767,0.0783567035253567
"P39077",8,7,8,4,4,3,24.7897800787529,23.806040179166,25.2271533412081,24.1408945042607,25.2018156727625,24.3978453805802,-0.957989676238867,0.0975525424626232
"O95861",6,5,5,6,9,6,24.3577897070052,24.5107242136377,24.9122092150578,24.7032958229103,25.0153503921076,25.0155853673039,-0.0185813034395667,1
"P98175",4,4,4,7,5,4,24.1840699130807,23.8768709970999,24.4727437580964,24.5491494034032,24.7498619616127,24.8342674382975,-0.0487959313297353,1
"Q99986",6,3,5,5,7,6,24.5633315203994,24.3265809010603,24.3050310904473,24.7424073060528,24.4269358908548,24.5826588466962,0.1187828507026,1
"P34167",8,8,8,5,7,8,24.9838952487405,24.913733559671,25.7371752257866,25.1761023684092,25.7039738891269,24.8274216948295,-0.502595580248099,1
"P00509",NA,2,2,6,7,8,23.3313127983477,24.9907241126164,24.3395633876225,25.301851720806,23.9871324873013,25.5283966383045,1.38765459948513,0.0424061490844052
"Q9NZL4",6,8,7,8,7,10,23.8026930561711,24.1240255210933,24.2868589082864,24.1002155785784,24.4205865829209,24.4225036913807,0.0455354145579996,1
"P50453",6,6,6,6,6,5,25.1311226672069,24.8940547563739,25.4409080633757,24.8100510546802,25.1110958617663,25.2684694699004,-0.236850437131467,1
"P05756",7,6,9,8,10,8,27.8704088405433,27.3446789645525,28.4048393427099,27.3652076197343,28.4206772952899,27.6168209476894,-0.789739315522298,0.140203539102002
"Q9UKM9",6,7,7,7,7,6,25.3297229913013,25.2953915860609,25.8042347333821,25.6874855746016,25.8829353552746,25.8831195316793,-0.0502987958720666,1
"Q00796",4,4,7,6,4,6,24.2608494897503,24.5654902823527,25.0517303719861,24.3099026191835,25.1007688352527,24.7554397792372,-0.260838672071899,1
"P04080",7,5,5,7,8,8,24.8982129516243,25.2626752613598,26.1175422822867,25.9206733259061,26.208055855183,26.2809589013537,0.0801654665085335,1
"Q04697",6,4,7,2,3,4,25.263223345067,24.4461892781724,25.0850812842068,24.6895839676883,25.9924883985528,25.6582941955218,-0.515575195481367,1
"Q14677",8,7,5,7,6,7,24.5602620384938,24.1683541360308,24.9400564443246,24.8141731789094,25.0969705319323,24.9562895619487,-0.2194907126206,1
"P24783",7,10,8,5,4,8,25.177723516635,25.4376529037436,25.6159735104242,24.7967597179597,25.5692689956605,25.2278250866977,-0.300242771439568,1
"P53582",5,6,6,5,8,8,24.4387452866567,24.5334787409627,24.7630524603981,24.3610491615428,24.771263369767,24.8279666605353,-0.0835221845936663,1
"Q71RC2",5,5,7,7,2,7,24.9566509764866,24.402680315505,25.0103447278808,24.781800122008,25.4676779325585,24.9189345528796,-0.443752882177768,0.793283734898642
"Q5SW79",3,6,3,7,6,7,23.7602519360112,23.930264595405,24.2041067653334,23.8359623935998,24.450298194659,24.2278410943094,-0.140196270896466,1
"P53912",5,6,6,3,5,6,25.4300802474324,24.5706163892953,25.7725108092012,24.5577790762308,25.7349781013395,24.8437032445531,-0.988490149297967,0.0641347676904687
"P62316",9,8,9,7,8,9,27.8263271687988,27.7427759037139,28.1897271521573,27.8614255470592,28.1477749187397,28.1788009919254,-0.126942265665768,1
"Q96J01",4,8,6,6,7,8,24.66136178704,24.625833229488,24.9210100748564,24.7983078441331,24.8696986019658,24.9612631503348,-0.0222220799687681,1
"Q16543",8,9,4,7,7,7,26.1033697773925,26.0842183140793,26.5188219331146,26.1661857668148,26.5523955261871,26.4710639079709,-0.151039749276401,0.958512466270943
"P24941",6,6,6,7,8,5,25.6435177983041,25.3890731659918,26.1553954497059,25.8671625852432,26.1438706657996,26.1648156471422,-0.173910838477467,1
"Q13907",6,7,8,7,7,7,24.2251343132971,24.1652268963728,25.0752191227165,24.6818865062938,25.0654424318121,24.8959189568507,-0.207587836102801,1
"P78316",4,7,5,6,6,9,23.8146350731127,24.0297303836991,23.9089829548956,23.9820871576097,24.0987029455163,24.2556216309858,0.148372732923333,0.993528786990087
"P62888",7,8,7,8,7,7,26.9421972393685,27.2443721106808,27.3329433198513,27.1842403590789,27.3419586585195,27.4023586809795,0.0712906443333002,1
"Q96G03",6,11,9,6,5,8,24.5756554564438,24.5389311990808,25.1135960888838,24.8363498462452,25.0932281427766,25.290238124082,-0.038986839565401,1
"P20449",5,7,5,4,4,6,25.2293152358971,24.9265444824779,25.5144323465622,25.3892124997518,26.1583577500031,25.8434935517458,-0.247618266162299,1
"Q8IWS0",6,5,6,4,7,4,24.9272564079463,24.5418272286945,24.9646611448478,24.6054425547854,25.2419099988324,24.9849631155225,-0.333864884208032,1
"Q02326",7,5,9,3,3,4,28.1834744050126,27.1097151022125,28.4629261978812,27.0657891804526,28.261845286484,26.8866016793367,-1.28204664245867,0.0357204664670706
"Q9P289",6,5,5,5,6,6,24.8774049058217,25.1551753832069,25.190257230614,24.9877602452674,25.2427282627386,25.0238282804855,-0.0478754967381671,1
"P07395",2,3,3,5,7,8,24.4967917413765,24.6041566154907,24.0875123714036,24.5615583207172,24.0942164081074,25.0309127604915,0.506035725270633,0.424923350422834
"Q00402",7,6,8,3,3,2,24.3052533869282,23.776925133439,24.6001519101771,23.7703778744492,24.4772975398873,24.1586790212864,-0.558906935939333,0.481493265457631
"Q08378",3,1,5,6,4,4,23.2531072282633,23.3101305473049,23.4336698646279,23.5970478676361,23.8524705507981,23.8820269051037,0.0833192254518013,1
"Q14149",4,6,4,4,6,5,23.5095110564092,23.3217311957129,23.8486730794025,23.3937034937929,23.6390424497715,23.7770426627186,-0.168249744452934,1
"P17536",9,8,8,4,4,7,26.8330720025718,25.5882158372007,27.1146756614729,25.9909236738726,27.2705572577542,26.2107746283694,-1.14279692745207,0.0594964518177584
"Q9UK76",5,6,5,7,5,6,24.9952428646328,25.1689713673886,25.5795063082401,25.4009798625137,25.5150428841665,25.4540703195931,-0.0219235025146662,1
"Q15631",7,7,7,6,6,7,25.448920238272,25.5326395050527,25.79232413244,25.6217361050838,25.8509874114209,25.9306232042335,-0.00241098925429976,1
"P07256",7,8,8,1,4,4,24.0127607493538,23.0475972347512,24.7272772388617,23.4942110454986,24.8456020297367,23.8681738147201,-1.0585526409941,0.149630617479413
"P39078",7,7,6,3,2,2,25.1504868718483,23.9268083972274,25.2537613744651,24.4278424844417,25.5197179474441,24.9028934148218,-0.888807299088866,0.217549503399875
"Q15819",8,5,5,8,7,7,26.1610851245748,26.1309500689309,26.655450253929,26.4049139045338,26.596239926211,26.6990340676216,-0.0592924212094997,1
"P16649",9,7,8,5,5,4,24.281909091611,23.5536700693625,24.5974492817321,23.6685864963038,25.0871044253546,24.5945980842592,-0.716536049590733,0.792823434739671
"P42126",7,4,5,9,6,6,25.1776690819456,25.3746684647368,25.5764578204535,25.3920034301881,25.731872014763,25.7091420939716,-0.0033949760885316,1
"P20674",6,6,5,7,5,8,26.0111180356398,25.9215269001657,26.6737618439892,26.2951827619649,26.6784012357951,26.6134694635503,-0.177700663247735,0.982392125249268
"O14545",8,4,7,6,6,7,23.9795234962094,23.8191903414389,24.5868479178652,23.5186185814707,24.8511516867906,23.8850746410045,-0.731546512317032,0.406360167298604
"O43837",5,5,5,6,6,6,24.1152083173312,23.9328142493946,24.622817405269,23.8349849187194,25.3490869477201,24.6275783009721,-0.563911733744733,1
"Q5VTR2",3,2,3,4,3,6,22.8501444789827,24.3635801619968,23.2731299822998,22.8499920156627,23.2614618282861,23.6147443244697,0.481193404186867,1
"Q7L5N1",5,5,7,5,8,4,23.8572505600531,24.5251447635449,24.3746111599944,24.3524726558979,24.6051618516666,24.8988603172458,0.313151388324832,0.667253777087873
"Q969G3",7,7,5,10,8,7,24.4201235526175,24.5046935354527,24.7145905685973,24.6808975199078,24.9043157139019,24.8577845657076,0.00144859531713237,1
"Q13045",4,5,7,5,5,9,22.8089309943486,23.0781201795427,23.3360027938723,23.1963295688776,23.5127662583225,23.6158249276426,0.0775248765065003,1
"P07342",4,5,6,3,2,5,23.4913224666763,23.50844994558,24.4121586489841,23.7273060146886,25.1388579859487,24.7443591033192,-0.354074679340433,1
"P46782",8,5,9,8,7,7,27.0542957815702,26.5413006051318,27.3555438637567,26.5909699417831,27.3565923411158,26.9295441304865,-0.568205769680433,0.378920548244062
"Q9NX58",7,6,8,7,5,6,23.9786148956308,23.7360574119601,24.0858380867431,24.0989252123826,24.2079121731299,24.0032452714798,-0.144712419893766,1
"P38845",6,7,8,5,3,5,24.6107961962199,23.4954597003809,24.881301730895,23.8051120982514,24.8948165608741,23.9325719753795,-1.05125690465907,0.0583016080768192
"P32368",6,6,8,2,1,2,24.3374904257649,23.7611907498178,24.43295102469,23.336387377428,24.7557474138828,23.7118546232498,-0.905585371280701,0.097832482951227
"Q9H6Z4",6,4,5,6,3,4,24.1128091795464,23.909265760641,24.4438954674265,24.5192001101518,24.4070933293512,24.5171771325188,-0.0060516576708333,1
"O95232",4,6,8,5,6,6,24.5954931106773,24.9722024135922,25.0028599865255,24.9814909828699,25.3057447674852,25.0941704910081,0.0479220075940662,1
"O15446",5,3,2,7,6,5,22.6674431457448,23.8650924874798,23.0279974225494,22.9933831230835,23.3213302969438,23.3019597007069,0.381221482010732,0.894037986763552
"P62910",7,8,7,6,8,7,26.5018606255914,26.2893202854126,26.9197695200144,27.0372858649291,27.1282413892458,27.3325417009115,0.0364254388005326,1
"P35197",5,8,8,3,3,3,23.2845459674747,22.5560349472002,23.5453765944508,22.8683774075138,23.950838233125,23.0349389709746,-0.773803156453966,0.251703157710411
"P40302",8,8,7,5,5,5,25.7595575577888,25.3255659594139,25.9672434123283,25.2293803727902,26.1174327365648,25.5540959164265,-0.578397152683767,0.425776240303109
"Q9NXV6",2,3,9,6,4,6,22.9209333208169,22.9197172464473,23.1850248170476,23.0056387681408,23.5031979358101,23.5369843184853,-0.0489385802004018,1
"P09551",NA,1,1,7,5,5,22.7807211726355,24.3406444543591,23.253146623933,24.6118063843771,23.5281945126096,24.9905173394229,1.460301956327,0.0372767498254268
"O00161",4,4,6,5,3,7,23.8985428058066,23.787217479353,24.1400291752372,23.7826759371757,24.3397403374827,24.063425859104,-0.248331014297932,1
"P62306",5,7,5,3,6,6,25.8695609928017,25.7906513626297,26.2353989891843,25.9432927420091,26.2329133076731,26.3100500898769,-0.0979596983811343,1
"O94888",3,5,7,5,7,6,23.4021198808171,23.3563174968727,23.0934614099311,23.4256419631081,23.7494997735469,23.8348959281004,0.123924774595366,1
"P24280",4,9,8,2,4,3,25.2439402663079,24.3676562993403,25.6625831969242,24.5157320766826,25.6882421973662,24.8026644636629,-0.969570940304166,0.0803096108600223
"Q7Z460",2,1,5,8,5,3,23.3635319060802,23.4984305949442,23.5632070971938,23.9308907041027,23.7432499261706,23.4521616680877,0.0704980125633341,1
"Q9BSL1",7,8,6,8,7,8,24.9236574503309,24.9143365869632,25.2480787054262,25.0974245675793,25.3882907559902,25.2599308534244,-0.0961116345934675,1
"P32598",10,6,9,7,6,7,25.8536665866216,25.5985114499581,26.2134679667855,25.5952177507974,26.1972444444559,25.890350102691,-0.393433231472168,1
"P07339",5,2,8,5,2,6,23.8341733871958,24.0997253464805,24.3077878164833,24.014104946252,24.5718362992249,24.4990738604236,-0.0336311165826331,1
"Q16851",7,6,7,4,7,5,25.526941417,25.2383295114689,25.9345858742776,25.0582081271726,25.9014487201953,25.6216352854457,-0.481601029128568,1
"P54783",8,8,5,4,3,5,24.196973808552,23.4955796149293,24.4644087692043,23.5552669040678,24.5065907584211,23.7683250849207,-0.7829339107532,0.130704176914523
"Q9BW19",5,7,5,5,6,6,22.7740444311755,22.6305512067525,23.2201106684544,23.1110211781162,23.3260480016723,23.495563269077,-0.0276891491188339,1
"P56182",4,6,8,7,6,4,23.8373460330215,23.7881476784352,24.1858539054761,24.3737976381847,24.3194412850764,24.2520604680197,0.0237881870218667,1
"P62753",6,7,5,6,4,8,26.4704173383274,26.6787552882787,27.1174141874787,26.7214047409907,27.0699066474579,26.9822297641287,-0.0917827932886333,0.999069349868874
"Q92620",7,5,7,6,8,6,23.2147654052313,22.9966563111221,24.5833470234561,23.2719919740503,24.8163875173144,24.6087998597227,-0.579017267035566,1
"O75436",5,3,6,7,4,6,24.1609569926142,24.0867990378615,24.4643602805012,24.260535972862,24.6369090016924,24.5476057886791,-0.122428491801732,1
"Q02642",5,6,6,1,3,3,24.2438477529045,23.4029196733028,24.680453746388,23.9822572738986,25.0746574486054,24.210565525148,-0.801072158516167,0.408917662035245
"Q06440",6,6,6,2,3,5,24.581793739945,23.9792751580088,25.0043984518561,24.1312376165681,24.8838895539962,24.4385784236692,-0.640330182517068,0.387931232102519
"Q8IX01",6,5,3,6,8,4,22.9759211559548,23.3259295985848,23.4967950321553,23.4891130825568,23.5546935304262,23.7051641956325,0.164265719412599,1
"P18085",5,4,5,5,4,9,25.3030393342448,25.3937889745565,25.2180101898842,25.0442179983742,25.5216743562075,25.6882571400594,0.0278467442178657,1
"Q7Z3K3",3,5,6,4,4,5,22.5770219191339,22.8352795223801,22.9696645818273,22.9094742577411,23.1807789034031,23.2399575513457,0.0857486423675328,1
"P19784",3,7,7,3,5,5,23.2775001074479,23.4489697526445,23.640645432101,23.7785992480242,23.7469088238268,23.2389481294902,-0.0661790777389323,1
"Q14671",5,6,5,3,5,5,23.8754987076333,23.6164574206014,24.0677274650705,23.8503535889457,24.0628536464678,23.9995356581161,-0.179911050502801,1
"O60884",9,7,6,8,6,8,25.5097276542962,25.2481663142189,25.5440507042678,25.239025656681,25.8546925475865,25.5458185620829,-0.291820124389233,1
"P25294",6,5,8,3,4,5,24.9528431600545,23.9764021628286,25.3603104843243,23.7480058739342,25.4136009441391,24.4757224240348,-1.17554137590677,0.0638821123369294
"Q99856",4,5,4,5,3,5,23.4622395186618,23.1492858415903,23.6976979865731,23.6729353456138,24.0630739323996,23.6506560460331,-0.250044734799101,1
"Q12377",7,3,5,4,7,5,24.8742453042231,24.2671920232651,25.4539854493742,24.492137290687,25.3275455174238,24.8255044431183,-0.690314171316899,0.394884256235743
"Q14684",4,6,3,6,4,4,23.3310008288428,23.3315798737606,23.7875999128912,23.3149956995064,23.5260410409795,23.8159055704142,-0.0607202130107668,1
"P62906",4,7,6,7,7,9,27.145227688357,27.2765849168412,27.5542575531003,27.2513354760597,27.4915294574757,27.5259804863181,-0.0457046065713331,1
"Q9NX40",5,6,7,6,8,7,24.7200803526712,24.5799814347081,24.8371256910033,25.0380890906398,25.0088638735505,25.2579147822247,0.103305130115866,1
"P24276",9,4,5,3,4,5,23.5987435956823,23.035277855916,24.0542399630547,22.9589869963074,24.1171262497141,23.3195892999071,-0.818751885440201,0.158033846161216
"Q14847",6,5,4,7,7,6,24.9910901557247,24.9918324275011,25.4500058887557,25.2676821091312,25.551521110359,25.5191735893837,-0.0713096762744657,1
"P0AE08",3,3,3,6,6,9,24.5163341287307,25.8977146596142,24.2266247442415,26.1063688467226,24.9497127421019,26.4055693371605,1.57232707614106,0.0266113539485378
"P30405",5,3,6,5,5,6,25.298571644891,25.5688815753791,25.3931377269425,24.8599002304408,25.4736093935449,25.5055470009496,-0.0769966528696327,1
"P0CX23,P0CX24",10,9,9,6,8,7,28.0471132589036,26.8628908129674,28.4381748273065,27.1662544302326,28.3888095638144,27.4342289976883,-1.1369078030454,0.0565415321125402
"P39683",9,7,7,1,NA,3,24.6860488534215,23.1051971802947,25.1161608584378,23.6271365241759,24.8206078751293,23.5273951530468,-1.45436290982373,0.0354075008581669
"P61970",6,5,7,7,4,8,25.0401562523952,25.1148676879977,25.3911162546662,25.262009512562,25.3111098260989,25.3196586163431,-0.0152821720858327,1
"Q6Y7W6",4,5,6,1,7,6,25.9865933360075,24.0791465213766,24.5752036058534,24.7670705834454,24.8266964666055,24.529591761071,-0.670894847524466,1
"P03965",7,5,8,3,2,1,24.7093368041743,24.3798234659406,25.0429980707006,24.3635174690934,25.1933343487127,24.7645781450498,-0.479250047834601,0.933676092544987
"P14020",8,6,6,5,4,6,25.5907625784262,25.0340172511756,25.8910138961496,23.8859394817835,26.126335350242,24.5044449018466,-1.39457006333737,0.0635762341403464
"Cont_P02070",6,5,5,5,7,9,27.5939653900175,27.906755754909,28.1604274238909,27.9906301206067,28.3417975866173,28.2934372683429,0.0315442477776315,1
"P62995",6,5,5,6,6,7,26.3704248137242,26.352328246214,26.5317625460459,26.3508740489558,26.6702212020556,26.6872404705782,-0.0606552653592338,1
"P16550",5,5,3,6,5,3,24.7977501718775,23.7256978437846,24.9943334948268,23.8355980623727,25.0355280660689,24.0295740306299,-1.07891393199533,0.0531322978535179
"P30740",7,3,4,7,7,7,24.8318936432191,25.1801369525901,25.1872289720301,25.1378815546234,25.295064882132,25.4058636460123,0.136564885281535,0.920931090267475
"Q12074",6,5,7,3,6,4,25.4552702718541,24.5267250007618,25.6662387417998,24.3753499778679,25.660255789439,24.4967535921706,-1.1276454107642,0.0478823641959537
"Q7Z6E9",4,7,5,3,4,4,24.0553486408372,24.4294301120085,24.513759517085,24.2090865218323,24.6512029321528,23.8885528217844,-0.231080544816598,1
"P38432",4,4,6,5,5,5,23.9809306362121,24.1300672804894,24.3390620477538,24.2146226863023,24.4429978966915,24.3568065650993,-0.0204980162554674,1
"P22217",8,8,9,7,7,6,28.1641694683763,26.8483373538127,28.4474109356842,27.0416050142686,28.3866973005958,27.335858633769,-1.25749223426867,0.0462096551062434
"Q6PJT7",5,5,5,5,8,6,23.9888020310439,23.8122031635151,24.0197742920876,23.888443663203,24.031090681478,24.1170828003698,-0.0739791258405328,1
"Q9H0L4",5,6,7,6,4,5,24.2911025305416,24.1753936088924,24.5585620149586,24.3974915920201,24.7075625082135,24.7180303779466,-0.0887704916182,1
"Q9UBS4",5,7,7,6,5,6,23.7382685652998,23.5266532527477,24.1678555985812,23.7657606734086,24.2125698553552,24.253762384166,-0.190839236304633,1
"Q92734",7,5,6,5,5,6,24.303033061261,24.5577115434848,24.5242389601795,24.5388544917742,24.8603020551753,24.6518204353066,0.0202707979832664,1
"O75116",6,3,1,7,4,6,23.7279856637187,23.9833542771447,23.9569385013614,24.2028827818632,24.6487391585816,24.6214411151397,0.158004950161966,1
"Q96S59",5,6,5,5,5,3,23.501975030121,23.832271081807,23.7194819913197,23.7053052281452,24.0651792744986,23.6707555373002,-0.0261014828956334,1
"Q93050",5,5,5,3,3,7,24.7764863464736,25.3865985062798,25.3617461045586,25.1112523823327,25.4504327462471,25.5248844496389,0.144690046990701,1
"P20606",5,7,6,3,5,5,25.8068424210145,25.2540512738379,26.5423642883223,25.1388873514655,26.3132622623687,25.275542414005,-0.997995977465701,0.083926527002883
"Q9NY93",4,5,5,5,7,5,23.7558278770231,23.4589488607485,24.2871456159468,24.0625330357672,24.3092535967501,24.2399482310092,-0.196932320731701,1
"P0AGE9",2,3,6,5,6,7,25.0255133678193,26.0897612874516,24.5892001149642,26.1874760700179,24.61114347541,26.1682558809967,1.40654542675757,0.0291622494832463
"Q96SB3",2,6,4,3,2,8,23.1555177458379,23.1699208738528,23.6426542872582,23.2218578985244,23.700570524861,23.8434168740054,-0.0878489705248337,1
"Q03940",7,4,5,4,3,4,23.9552951605245,23.1505796822023,24.2146441765559,23.0901988565019,24.6102915690521,25.4448658898529,-0.364862159191802,1
"Q9UI10",3,3,7,5,3,6,23.5949295854468,23.0201640754865,23.8619890468022,23.7047284583717,24.2575038060459,23.992374379398,-0.3323851750129,1
"P62750",7,6,9,9,7,9,27.3122028599763,27.046364840473,27.8289613896682,27.3934294761356,27.8248477693379,27.67087772045,-0.285113327307933,0.94345719731414
"P32381",8,6,6,1,5,4,24.4555715462932,23.4799372501154,24.5647572563265,23.5939366763874,26.0422486829894,24.1334511171386,-1.28508414732257,0.221969588618905
"Q9NW13",5,5,6,8,5,3,23.8277369356894,23.8940445765197,23.490920266665,23.5585868872947,24.2891920735442,24.3746217721555,0.0731346533571001,1
"Q8NF50",4,2,3,3,7,5,23.2184146840308,23.3097076794716,23.8980777588218,23.4465852125443,23.6897290904257,23.9136425406233,-0.0454287002130336,1
"P83916",5,5,6,6,6,6,24.9543915806974,25.3103362482234,25.2218048089495,24.8256594191833,25.3523516868282,25.3137074748687,-0.0262816447332336,1
"P09661",7,9,7,7,8,7,25.6631054885537,25.8343934089363,26.2130427948827,25.9510200806229,26.4127381947489,26.4202775270067,-0.0277318205398001,1
"O14787",4,5,4,8,5,7,24.3290172471992,24.5034779632705,24.6918554204278,24.4389565341618,24.6853246619133,24.7740529797104,0.00343004920080148,1
"Q9NQG5",8,3,6,7,6,7,24.1798602034147,24.4931972672659,24.4118300717091,24.1048271509383,24.647053228183,24.4718356890184,-0.0562944653614027,1
"P46990",5,3,5,4,3,5,26.030660233248,25.3650501911134,26.7380613265779,25.6695211341634,26.9300928394785,25.8100673379122,-0.951391912038466,0.166126626807682
"P07741",7,5,5,6,7,6,26.3078181053628,26.2391792414822,26.5252055923015,26.3032073006681,26.5538622139995,26.6152919686561,-0.0764024669524671,1
"Q96GM8",4,6,6,5,6,6,23.1314528864302,23.3946223102127,23.8442913335035,23.5247922886927,24.5597877225497,24.4883229071156,-0.0425981454874661,1
"O95487",4,5,3,2,6,3,23.1921029942865,22.9702462627784,23.107859263986,23.3544753880721,23.6539496690195,23.7786410534521,0.0498169256701999,1
"Q7Z4H3",6,6,7,5,6,6,24.3371611382024,24.3663255496631,24.6673160147448,24.4412160250638,24.7495237108368,24.7521017018134,-0.064785862414567,1
"P26784",8,8,9,7,7,7,28.0205291686694,26.7800296684724,28.4896546916181,26.9796909498944,28.4061913785493,27.3222219489124,-1.27814422385253,0.0517437768092971
"P40024",6,6,4,4,5,4,24.6341437814554,24.0487948261599,25.8045109673921,24.050897187139,24.8697924359825,23.9503893880713,-1.08612192781993,0.140628732138394
"P30084",7,7,5,7,6,6,25.1014336175269,25.3405451718463,25.1834054961459,25.0952999496261,25.7175013479947,25.8742119965768,0.1025722187939,1
"Q92890",7,6,6,6,7,6,25.5274988407007,25.2195678158413,25.9491693974208,25.2921832939679,26.0379892562964,25.8150648549317,-0.395947176559,1
"O60232",3,3,6,5,4,5,23.4708623979596,23.2590962798269,23.969622428283,23.6968580366809,23.9043388694752,23.8703687648449,-0.1728335381217,1
"P32449",4,4,7,3,2,4,24.7299115346793,23.7317785019687,25.0406748375869,23.656393874527,25.3954347676913,24.2441887305597,-1.17788667763403,0.0641347676904687
"P84085",8,5,6,6,6,6,26.4084691708303,26.4327773744507,26.3903409880573,26.3071115697822,26.5080515253888,26.5159336706282,-0.0170130231384332,1
"P49006",4,5,6,6,6,5,25.9551738170289,25.8605882195506,26.2247996922282,26.1040850472546,26.2171036579802,26.2977582943638,-0.0448818686894334,1
"Q13404",8,5,5,7,7,6,26.1645032586858,26.0501419259154,26.7580745505068,26.440458100708,26.7056752015496,26.726835972267,-0.1369390039506,1
"P0A6K6",NA,NA,NA,5,6,7,23.6008073001604,24.3138174766836,24.2598303106586,24.3654999988156,23.8748172313384,24.5411970774216,0.495019903587799,0.384862870504007
"Q9H8Y8",5,7,7,7,7,8,24.6480367074968,24.374287451578,24.3653076227176,24.0606527279682,24.3202153697135,24.260846762562,-0.212590919273235,1
"O43148",5,5,5,7,7,6,23.4088575861322,23.6586045168432,24.021016380889,23.9035909036187,24.0609148985823,24.2179674570884,0.0964580039822659,1
"Q13526",3,5,6,4,6,6,23.8216307515099,23.9299145635413,23.9569837735543,23.9921674103122,24.2455363136943,24.3436120317356,0.080514388943533,1
"Q9NYH9",7,5,4,5,6,4,23.9110670708515,23.62497110927,23.8988899247158,23.724644680855,23.784757937766,24.3803926275307,0.0450978281074666,1
"P68400",4,7,7,8,7,9,24.4775907914516,24.8715258083573,25.0454020649743,24.7309713268066,25.0248770631647,25.1561813921493,0.0702695359075338,1
"P0CX51,P0CX52",6,8,8,8,5,5,28.167918059135,27.2543290033713,28.2868164752231,27.1150936715884,28.5835483397721,27.4387995922724,-1.07668686896603,0.0561284181598124
"O15084",4,3,1,6,5,6,23.646042262081,23.6030872745319,23.6090056616851,23.8345049985457,23.8734931146375,24.0969846825091,0.1353453057277,1
"Q8WWY3",6,6,5,7,5,6,23.5992536399051,23.7167490364454,23.7061245684118,23.6712217438442,23.7543880290523,24.0148146212676,0.114339721396,0.85849864421293
"Q9H7D7",6,4,6,3,4,4,23.5027884737443,23.4106353432636,23.7139916030682,23.3019560736063,23.7868847853511,23.4984722302653,-0.264200405009467,1
"Q86X55",4,5,3,4,4,6,24.0114724578472,23.9574579387684,24.4941904106114,24.1805576675093,24.5561347253517,24.5354132676673,-0.1294562399551,1
"Q8WU90",4,5,6,5,7,5,24.7099576816114,24.9635671150841,25.5784465198578,24.8973307863541,25.2504158199523,24.9834526586134,-0.231489820456633,1
"A6NDG6",7,6,5,6,6,6,24.1046347429454,24.0198026219321,24.4081855019965,24.2394847595912,24.4514893391727,24.4642535746853,-0.0802562093019989,1
"Q92769",7,5,5,7,6,6,25.2294274631719,25.3277321694146,25.6522163084672,25.2152091812604,25.5529148336098,25.5238739437141,-0.122581103619934,1
"P39076",7,6,3,2,3,5,24.4065226696725,23.3098822245898,24.9107022865196,23.6316613330799,24.7748019364164,23.8804410178359,-1.09001410570097,0.0644642647512675
"P51580",3,4,8,6,4,7,23.9343809751413,23.9863352739225,24.3129671313055,23.8921708157246,24.4459390653322,24.2895247534333,-0.175085442899532,1
"Q96D46",5,7,8,6,8,7,23.8919481251937,23.8305806786536,24.2222981717652,24.2582721514539,24.3058544041986,24.3384525383911,0.00240155578036649,1
"P15104",5,6,5,6,5,7,24.3524796604777,24.5718764476203,24.6642252578895,24.7025134490775,24.5405419387878,24.7966883370509,0.171277125531233,0.807131906780207
"P48047",5,6,7,5,5,5,25.5847464743388,25.5268595335926,25.7851710634572,25.5384858136476,25.8874894979067,25.9289822052263,-0.0876931610787324,1
"P32527",8,6,7,5,2,3,25.758626625647,24.6719512124407,26.2239828261569,24.8494325910639,25.8320227195848,24.9888062774449,-1.10148069681307,0.0561284181598124
"Q96P11",7,5,4,5,7,4,24.4164662683548,24.9184183447969,25.3919213824656,25.1182538891286,25.6464418112892,25.3943513457298,-0.00793529415143368,1
"Q46938",2,2,3,7,8,6,24.2628998804653,26.3229565971993,24.7888534205366,26.3014805654635,24.8214186041841,26.6269417565107,1.79273567132917,0.0164828483405032
"Q96KG9",6,5,6,6,4,6,23.034730296419,23.8035772708365,23.4706105949714,23.6708202492052,23.6057758682608,24.0226238274986,0.461968195963033,0.349475982846743
"Q8IZ73",4,4,5,7,7,4,23.4964631132179,23.4750018438708,23.933359644987,23.6457100992802,23.9888701452754,23.804575660548,-0.164468433260433,1
"P21127",5,6,6,7,7,5,24.319691413019,24.2644446047319,24.6900207845503,24.43251513954,24.6299709849976,24.6804238060733,-0.0874332107405659,1
"P05453",4,6,7,2,3,3,24.7631291731024,24.4619914500119,25.1870925666867,23.2832778781544,25.6254590347067,23.6103135375253,-1.40669930293473,0.0801929911134032
"Q99439",5,7,7,5,9,9,25.0787213832822,25.0321390774733,25.8873465092665,25.2541744273833,25.854923820784,25.5829676139079,-0.317236864856066,1
"P33322",5,6,7,3,2,4,24.1988126528303,23.5265774419008,24.803059285942,23.5104277207232,24.7867397434314,23.9665283346133,-0.928359394988799,0.129302381975023
"P15646",9,9,7,3,5,4,25.9114078980261,25.2720234511298,26.4184113763926,25.5982696107005,26.3023319880308,25.6018166851326,-0.720013838495534,0.248303945565109
"Q00325",7,6,8,8,7,7,26.3840534388533,26.2632608892067,26.5188113700986,26.3256666897812,26.6495073813915,26.6478434240778,-0.105200395759235,1
"P0AFH8",5,4,3,7,7,8,24.3781916471242,24.7449107040798,24.470509439456,25.1880646452202,24.1634261046382,25.8237613932137,0.914869850431767,0.168516433632948
"P35612",1,3,6,6,4,4,22.8223012433285,23.1596131520837,23.6012846467958,23.0342643211158,23.8372660438075,24.2612586531219,0.0647613974631997,1
"Q9UPU5",5,6,5,4,5,7,22.8989563317844,23.258621525517,23.504482848215,23.1514868639632,23.5671772909571,23.4399678098471,-0.0401800905430676,1
"Q9NP81",4,3,7,5,6,6,23.2013125618026,23.5505288618616,23.6541246501294,23.4828749041374,23.7689177626552,24.089299013514,0.166115934975268,1
"P40106",7,8,7,5,4,5,27.763813124161,26.5810791849066,28.2124598713584,26.6001218444777,28.1154178954152,26.9781012753426,-1.31079619540257,0.0448495691112646
"Q9H2J4",6,8,6,7,5,6,23.2953708451537,23.4048824695308,23.9755053255837,23.407294867848,23.957920969724,24.0249235491022,-0.130565417993465,1
"P36139",8,7,6,3,3,4,26.6406142128643,22.8586217194899,27.1246295117951,23.8056017963412,25.277901739347,24.4820474425234,-2.63229150188397,0.0449998776215119
"Q04837",3,4,6,5,4,7,25.6210628719212,25.506308186498,26.1709389604984,25.998558925811,26.2133932073237,26.3355623654268,-0.0549885206691674,1
"Q9H2U2",7,6,6,8,7,4,25.5108054488216,25.8022074982118,26.0932958537832,25.7091858560904,26.1373790967539,25.9126768556431,-0.105803396471134,1
"O00541",6,4,7,6,6,7,24.0378193880296,24.2309042353854,24.4366799029386,24.2481907858071,24.5069759065819,24.5549553111381,0.0175250449268335,1
"Q12996",5,5,7,4,8,5,23.9668394154177,23.9235164605438,24.3246552243477,24.2557946332662,24.4959812499614,24.0686766092771,-0.179829395546566,1
"Q9BX40",6,2,5,4,5,8,22.5116530153585,22.7995187875279,23.0725230530733,22.6526148081005,22.9290473318541,23.196243558448,0.0450512512634991,1
"Q8TF05",5,7,4,6,3,4,24.0786511933253,23.7547559230658,23.7904437582057,24.0758934958067,24.0609261098481,24.138905938904,0.0131780987991329,1
"Q15418",3,5,3,5,5,6,23.6646278323568,23.7703792860295,23.6894178210186,23.5594299576403,23.9073266776974,23.948603927138,0.00568027991166531,1
"P53860",6,8,5,5,4,4,24.8382441873554,23.7113344576077,25.170439940245,23.9491896173203,25.1795987382573,24.1016533804656,-1.14203513682137,0.0531322978535179
"P52565",5,6,5,7,6,5,26.2305555590606,26.2600647080612,26.4356505517143,26.3469367685361,26.6483673475909,26.2192234799918,-0.162782833925566,0.969687931162732
"P18239",8,8,7,7,9,7,26.7592786765144,26.2891656134746,26.7728439151141,26.128425797344,27.026094500528,26.5541500315903,-0.528825216582533,0.484289302990795
"Q01085",5,6,4,5,6,4,24.5991212637408,24.7133202229624,24.987875930412,24.5929805964569,24.6046480110499,24.6467507377297,-0.0795312160178992,1
"Q12068",7,6,7,3,5,4,24.4526245843681,23.5662412883526,24.4260876096957,23.111844713857,25.0383731452045,23.7687722152407,-1.15674237393933,0.0701293863681338
"Q96ST3",4,2,4,3,3,5,22.9495481839689,23.202249248333,23.4502966841864,23.2251446126265,23.1656605675075,23.3948194503551,0.0855692918839329,1
"O75832",5,5,5,5,4,5,24.5883500184539,24.4763038213638,24.8061412952546,24.7065778000292,24.7113131344815,24.7212690291016,-0.0672179325651344,1
"P00498",6,6,9,6,4,7,25.1252461797112,24.1302651261079,25.5328753629041,24.2313073285699,25.6657324360438,24.7488303915728,-1.0711503774695,0.0781588917644067
"Q8N684",8,7,5,7,6,7,24.6314908220372,24.3960192395525,24.8905208110076,25.0667000256429,24.747212340147,25.0359496835919,0.0764816585318329,1
"O95155",3,4,4,6,2,6,23.3579834906992,24.1302626119573,24.2669473466789,23.9169170714701,24.3658308897718,24.4185379975573,0.158318651278266,1
"Q96FW1",6,7,4,5,6,7,24.5072472157409,24.6630318490634,24.9011585761861,24.6794566895404,24.9370131128383,24.9641443830855,-0.0129286610253322,1
"Q96C90",4,5,3,5,6,5,23.3022213859045,23.9864554135117,24.0281758720689,23.8343045747363,23.3244983892035,23.5089673043914,0.224943881820834,1
"Q05905",6,4,6,4,4,5,24.6046550233111,23.8585997153173,25.0583206116067,24.1335285681585,25.1487124109698,24.2845835255866,-0.844992078941733,0.150169249808272
"O95684",6,7,4,5,6,4,24.028792179594,24.1512149396825,24.2817297141806,24.327761631362,24.7481036654293,24.7765516057857,0.0656342058754333,1
"P53235",5,6,6,2,1,2,23.2359787065657,23.0793259177892,23.8190860416931,22.5546951696303,24.0033343271689,22.7357667210639,-0.896203755648101,0.181175620604686
"O00154",6,4,3,5,7,3,25.393034526837,25.1723618854885,25.0363980098571,24.8455965745611,25.5838122809757,24.8241803058377,-0.390368683927499,1
"P61421",5,4,5,6,5,5,23.8270787570478,23.9179211584424,24.0203146685424,23.9047854604205,24.1873967797371,24.1448164533337,-0.0224223777102341,1
"P32499",4,6,7,1,1,1,23.6269413110428,22.4905672856912,23.7966665557652,22.5412176417361,23.8126229973294,22.8339190809013,-1.12350895193627,0.0522744348869269
"Q13098",8,9,5,7,7,6,24.0510646926162,24.1578227554729,24.2876944866387,23.9493153840763,24.4499786944978,24.335123847488,-0.115491962238501,1
"Q53GS9",10,6,7,5,6,6,24.468941677504,24.9613285141627,24.3991392986863,24.188166692839,24.6715430102938,24.7052086060111,0.105026608842902,1
"P07264",6,4,7,4,1,NA,23.5174912246928,23.4498689050593,24.3629371965217,23.1085518939813,24.5914217901717,23.8784624953106,-0.678322305678333,0.907958457667738
"Q9UPN9",6,4,4,3,4,7,27.0594697296762,26.9566017060731,27.6744177233623,27.5071608186286,27.7189908989982,27.8074021919432,-0.060571211797266,1
"Q8WXX5",7,7,6,8,7,6,24.9398485553342,25.1030593273164,25.183126798145,25.0487881756197,25.323266187113,25.30651274489,0.00403956907796636,1
"P18759",5,3,7,1,3,2,25.0433035248599,25.1362278179809,25.195217492462,24.9468839705562,25.4362021810755,25.1203956242465,-0.157071928537935,1
"P47985",6,7,5,8,8,7,25.0518448558039,25.0294545641176,25.4109830779448,25.2701317557106,25.540023362147,25.5628025603284,-0.0468208052463659,1
"P38081",7,3,5,2,2,2,23.9540715010621,23.6645064207838,24.4160324627049,23.5906433538394,24.4707745387252,24.0235797550671,-0.5207163242673,0.880180782128098
"Q6PI48",6,4,7,6,7,8,23.8737004634329,24.0700239577203,24.2617711276217,23.9391305297322,24.2117834561454,24.1146418278487,-0.0744862439662673,1
"P32565",5,6,9,2,6,4,24.8627552955213,24.0404240134631,25.3080384447686,24.4592498684318,25.1055653564453,24.8728927708792,-0.634597481320366,0.635387372135826
"P41227",4,5,5,5,5,5,25.1159037771632,25.1572985119463,25.4324446669316,25.0250841253623,25.3324365322937,25.4443023963077,-0.0846999809240655,1
"Q8N3X1",6,6,4,6,7,3,23.6504165469488,23.5100575019333,24.3508319741663,23.1687319423494,22.852860832906,22.9738515749321,-0.400489444935433,1
"Q9BV44",7,6,5,7,6,8,24.1801800617802,24.4505884277939,24.5997351323848,24.2835190944892,24.6005923859258,24.5658780333687,-0.0268406748129995,1
"A0MZ66",1,1,5,4,4,4,23.7760026327516,23.1623241717205,23.9098864018174,23.4775189046287,24.6318212798729,23.7574809611788,-0.6401287589713,0.772855532016027
"Q02046",6,3,6,3,2,3,23.7326736149504,23.2727607583485,24.1187426183158,22.940242255053,24.6600227767456,23.4164617582719,-0.960658079446132,0.161186911154056
"O00170",4,5,5,8,8,7,24.3661627723067,24.271502637915,24.6146056118439,24.4834202129049,24.5745714700839,24.5457889918291,-0.0848760038618342,1
"Q92804",6,5,5,6,6,7,26.6529428694692,26.6892960248488,26.9378149712899,26.7795869157711,27.0337429220618,27.0364759872951,-0.0397139449686333,1
"Q96E39",8,8,8,8,7,9,26.6799264269487,26.9340322107496,27.0751628018927,26.9608654271125,27.2142865074258,27.2316279936661,0.0523832984203321,1
"P21243",8,8,6,6,8,5,25.7868962485237,25.3956073494407,26.2971613124646,25.594376547535,26.3116700262699,25.6789475899345,-0.575598700116001,0.552080628944727
"Q9NR09",2,3,7,6,2,5,24.8022377764037,22.7210553691445,25.4594618872663,24.2997020208471,25.4481712679002,23.1996145387884,-1.82983300093007,0.0565415321125402
"P41240",6,6,5,6,6,6,23.584231733374,23.6473395142079,23.9696522871708,23.6100537248319,24.2033508410554,24.1224356025958,-0.125802006654866,1
"P54132",4,4,3,4,4,5,25.1061061795658,24.3041467156688,24.8528963511455,24.1597052232443,25.0256236996753,24.4571644201,-0.6878699571245,0.208613064513956
"P62318",7,5,5,7,5,5,25.9752808760491,25.9944646237419,26.3566362629825,26.0334707252773,26.3976435620163,26.4074213013746,-0.0980680168846995,1
"Q15397",4,3,4,7,2,5,23.3038409364954,23.0354983653227,23.4182075238543,23.3735089273694,23.5050951863986,23.5145181889285,-0.101206055042567,1
"O15372",6,5,6,7,7,7,24.7923857002536,24.5650281450408,25.3527156410613,25.0947054553673,25.6278341979752,25.4751206252026,-0.212693771226468,1
"Q5RKV6",6,8,6,7,6,7,24.8777557434921,24.8895990245284,25.6723370683324,25.7360994359578,26.0964849865897,26.082565374754,0.0205620122753345,1
"Q13111",3,4,2,7,4,7,23.2724946706362,23.8528599758867,24.0195237099009,23.4013008929989,23.9627184724747,23.8120137233311,-0.0628540869316995,1
"P54725",2,7,7,5,4,6,25.2966986425386,25.0864161596748,25.6792035584579,25.2678402441714,25.6001844711901,25.598509405456,-0.207773620961467,1
"Q96JB3",5,5,2,5,3,4,23.6527947643037,23.4879810622847,24.8691250182931,23.500828510188,24.7332500817396,25.1496903786479,-0.372223304405267,1
"Q15056",6,6,6,7,6,7,26.2790455858764,26.5628434266127,26.4556523102614,26.182828501346,26.4132524193364,26.4695516479688,0.0224244201511006,1
"P32356",6,6,8,1,2,1,23.6052723080216,22.867280059593,24.1411106774646,23.0618658976533,24.0759796466188,22.977338014248,-0.971959553536901,0.0754281157911562
"P49247",5,4,6,4,4,7,24.333270431711,25.1138861623578,25.347671240827,24.2785769269054,25.4239382503402,25.3600727949508,-0.117448012888066,1
"O43719",3,5,5,3,4,6,22.552393884368,22.8049189682166,23.1419493287185,23.097347725982,23.248405509812,23.2834369978505,0.0809849897168675,1
"Q9HCC0",3,7,5,4,6,5,23.0991286593288,23.4871897756349,23.3378192299498,23.6349244651351,24.2289629469172,23.6620562598989,0.039419888157699,1
"Q6NZI2",6,7,7,8,7,6,24.0005584915353,24.3816988544449,24.5931740748238,24.2875418947697,24.7233429528058,24.5580580534476,-0.0299255721675683,1
"Q99541",3,4,2,6,5,5,23.2305472038652,23.0596289820115,23.8321731330844,23.2954004148701,23.5942830249068,23.6905826838741,-0.203797093700233,1
"P15454",6,7,6,5,6,6,25.3800813145783,24.4424899913303,25.8843533267217,24.683097203879,25.8922656086285,24.5586564808486,-1.15748552462353,0.0538800868171015
"Q9BTE3",2,1,5,1,3,4,22.5509151369444,21.9550938027953,25.8359447621255,26.0588728308469,26.2384669888679,23.3912855510473,-1.0733582344161,1
"Q9Y314",6,6,6,4,6,6,23.633980656389,23.751968132309,23.5074478210134,23.3881367462223,24.1447497176861,24.1208872662196,-0.0083953501125329,1
"Q9HC38",6,9,7,6,7,6,24.5809391517949,24.6791208543336,25.0822335198048,24.6797920171444,25.064278818104,25.0864700991724,-0.0940228396844335,1
"P26785",9,6,7,6,6,7,28.1769087583166,26.7795269033086,28.5848156200606,27.1760305186435,28.4880655501247,27.5024376565495,-1.26393161666677,0.0538800868171015
"Q04323",2,4,5,3,5,3,23.9944448558929,24.4337300913292,24.441346106776,24.5554004400146,24.6736127340007,24.722096558432,0.200607797702067,0.965099944465656
"P63284",1,1,1,8,8,7,25.1583654551877,25.093249262503,25.3975499535254,24.8641696106051,25.4331717838476,25.1714010038408,-0.2867557718706,1
"O95336",4,7,5,6,6,9,24.084677028887,24.4525822330104,24.6908925301647,24.4071898223375,24.735912125466,24.6693764514701,0.00588894076676638,1
"P32377",4,4,7,4,3,2,23.8550822291371,23.6364403125083,24.3605956866802,23.2624682425258,24.4456573661584,23.5993796470962,-0.721015693281801,0.296487008846005
"Q13618",3,4,9,5,4,5,23.5640865588663,23.5264550616556,23.486637420939,23.6477519868397,23.7188847400766,23.7358701992797,0.0468228426310328,1
"P36915",5,6,7,4,6,6,23.7746249124711,24.0035978586214,23.9100831860872,23.6602325007458,24.2115447941516,24.0928561592104,-0.0465221247107668,1
"Q9UJV9",6,4,6,5,5,6,23.9818614657409,23.3932098840521,23.9124889221842,23.6365689766013,24.2412084056977,24.3152295975761,-0.263516778464433,1
"O94925",6,7,8,6,8,8,23.6984262755402,23.6012855537175,24.7755002704576,24.4663911719764,24.6848857787379,24.7368632952586,-0.118090767927733,1
"Q15102",4,5,7,5,7,7,25.1569098320216,25.3146687039534,25.6311333050832,25.3611748932113,25.6603062832583,25.6650401648225,-0.0358218861253003,1
"O94874",3,3,3,3,5,5,24.0783834304362,23.7221431612763,24.6056350473433,23.9087473632273,24.7751167260247,24.0920449443843,-0.5787332449721,0.709281877616048
"Q46851",1,1,1,5,5,6,23.127681884274,24.4387636848162,23.193358264172,24.373824448855,23.3521672500955,24.1895759023698,1.10965221249983,0.0517437768092971
"P16615",4,4,6,3,2,4,22.2082129212627,22.9488603629019,22.7022170822205,22.6379600948373,22.9009187558803,22.8372058805258,0.204225859633834,1
"P37898",7,7,7,3,2,4,23.057519485019,22.8568377234667,23.3609716282471,22.3738114417604,23.7444644308077,22.9048797036698,-0.675808891725634,0.483231029965014
"P62841",3,4,6,6,4,7,25.0609358371994,25.0507705075447,25.4394221844224,25.2429093579369,25.8774827002974,25.6373031269766,-0.148952576486999,1
"P08758",4,6,7,5,7,7,24.8942743461043,24.9512364172609,25.2720606245339,25.051932620579,25.5284952462859,25.3705131482419,-0.107049343614099,1
"O95801",5,3,7,4,7,3,23.7570237024141,23.612251417225,24.1547992620443,24.2618069882826,24.2271855180889,24.4000301578743,0.045026693611535,1
"P08559",7,8,6,6,7,5,24.537839393208,25.2111208378556,24.9780026155702,24.9944160236974,25.1039381489753,25.4307434870636,0.338833396954367,0.494085986250598
"Q8WUA2",4,5,4,5,5,4,24.2905780151471,24.4495461613492,24.570544475135,23.7766511958457,24.2598241342316,24.2119380381476,-0.227603743057067,1
"P14174",6,6,5,8,4,6,26.8662161246968,27.3474872860885,27.379660221684,26.9507388478734,27.3797691413602,27.3600082074193,0.0108629512134009,1
"P22138",6,4,4,NA,2,NA,23.1287734652204,21.909352203148,23.1190704572647,22.4352602536586,23.2114185412876,22.3746675362059,-0.9133274902534,0.0887197164546688
"P16949",7,8,7,7,9,8,28.7518739726735,28.664307735124,28.9467631666415,28.8636921200008,28.915714744658,29.069196684084,-0.00571844825473278,1
"P32497",6,6,6,2,4,3,24.4588359979564,23.4255638551595,24.671423259164,23.4197448445211,25.0113415860258,24.039314848195,-1.08565909842353,0.0784083419983316
"P35268",4,6,6,4,3,7,27.3342064409896,27.1655909558188,27.7275924950486,27.5195110027983,27.6950593942316,27.8062578453775,-0.0884995087584007,1
"P31412",6,6,4,4,4,NA,24.272838055531,23.2484752918525,24.5992179926305,23.4465419263177,24.7731718119032,23.7351425962586,-1.0716893485453,0.0641347676904687
"P07280,P07281",8,7,9,5,6,6,28.4713472648248,27.3721290875801,28.554488615243,27.3136959899189,28.6120809594221,27.61863082581,-1.11115364539363,0.0517437768092971
"O60749",7,7,7,8,6,4,24.4291528343671,24.5013048694352,24.7887020058155,24.6949038637924,24.8917504272692,24.5297689130211,-0.127875873734367,1
"P25373",5,5,7,1,3,3,24.9047339271514,24.5428096587397,25.696933470781,24.4768941289525,25.5382972944014,24.8613333445915,-0.752975853350033,0.338881627432829
"Q9UJU6",3,3,7,3,4,4,23.6326793175091,23.52631284874,24.2849843198776,23.8388981583267,24.2528392225743,24.1875367807729,-0.2059183573738,1
"P30049",4,4,5,5,5,7,25.8110290958105,25.5974515550708,26.3058352044623,26.0854397167321,26.312441227566,26.3036872562496,-0.147575666595434,1
"Q9NRX1",5,8,6,7,6,7,23.9662156022003,24.2648093783317,24.5258550691728,24.3587865298286,24.5231871945776,24.6243997948957,0.0775792790351015,1
"P0A6Z3",NA,NA,NA,7,6,6,22.7173305404284,23.5821769045964,22.9754652666134,23.5312605581544,22.7868022478198,24.0374675262276,0.8904356447056,0.0844916232034418
"Q96C86",6,4,4,5,7,5,23.6618626716895,24.1298029201707,23.9535075940626,23.5402021945789,24.0186623729063,23.9171087096279,-0.0156396047603001,1
"P38999",5,4,7,1,1,3,24.019326369124,23.4432584862325,24.0727567484271,23.3387150315999,24.3554353848915,23.5024391134063,-0.721035290401299,0.172930552653351
"O95816",7,5,7,4,8,6,25.6472936156312,25.5880626516997,26.1500882927399,25.5118859365209,26.2750360881127,25.8973731669894,-0.358365413757931,1
"P43366",4,2,6,5,5,7,23.6372262787849,23.5838146906512,24.0645196087545,23.8686744073833,24.179739042526,24.1433165677287,-0.0952264214340678,1
"P40016",7,7,7,2,4,2,24.179019307181,22.9487693058031,24.4773955029162,23.3091996024696,24.6459774183029,23.7466262564793,-1.0992656878827,0.0781773508976
"P52489",4,5,6,3,3,5,28.7956911101581,27.6177647257827,29.2244911952608,27.9941118693631,29.1328095562357,28.2473956088388,-1.09790655255667,0.0481010757678516
"Q9P2N5",5,7,6,7,6,4,23.6795012540553,23.6193459467205,24.3485393365781,24.0741836109685,24.1872777606216,24.2390632529539,-0.0942418468706994,1
"P38205",5,7,6,4,3,4,23.9355719885344,23.1842993898541,24.2562095525185,23.2544522773859,24.2342018639628,23.6042389789081,-0.794330919622531,0.150208865074067
"Q99848",6,4,5,4,6,4,26.1098630071989,25.6221961868667,26.6047906246921,26.2761418741675,26.4680636624425,26.5780607501734,-0.235439494375301,1
"Q6KC79",4,2,3,4,5,5,22.9722694751892,22.5593775573529,23.4974637576457,23.0103242372704,23.1302725114,22.8294986125667,-0.400268445681635,1
"P10599",7,6,8,6,7,7,27.3712682940045,27.2344907498397,27.7223566602064,27.5861688558032,27.6913605829834,27.7487515842061,-0.0718581157817665,1
"O14841",3,5,6,4,4,5,23.0574556929842,23.3902381125855,23.5000802357432,23.1833712676611,23.6163625138491,23.7335723102173,0.0444277492958006,1
"A3KN83",3,4,4,4,4,8,22.7333207402436,23.0725475855046,23.359440463133,23.1001976090173,23.5029748941217,24.4323526523047,0.336453916442768,1
"O75131",5,4,4,6,4,2,24.1080450191029,24.2790037728256,24.6863312462501,24.2182344793381,24.7596713299292,24.7988055907565,-0.0860012507873324,1
"P61224",5,5,5,4,3,5,24.8301722299724,25.00973022459,25.3185582554668,25.12162046322,25.164165938227,25.7165224605617,0.178325574901833,1
"Q92615",3,6,5,5,5,7,23.3745140550957,23.2634203692608,23.8052502855273,23.3384630118329,23.3714747664606,23.7498352685614,-0.0665068191428328,1
"P12612",7,6,5,4,3,4,25.9192150509795,25.3729355821706,26.3549287733602,26.1936847683027,26.3739740220151,26.1158906044814,-0.321868963800033,1
"Q12789",3,2,6,4,5,5,23.1577607813147,22.8219424930825,23.2137017134423,22.6766734600584,23.3007960497333,22.9900656069888,-0.394525661453534,0.635816868019557
"Q9Y6E0",6,5,5,5,6,4,24.6184304253531,24.9171466881225,24.9418941382199,24.8628567693073,25.0410026825681,24.8060887708558,-0.00507833928516632,1
"Q96A49",5,5,4,6,4,5,23.4224513353881,23.5577719492217,23.8695282357451,23.7593132221112,24.0735764270801,24.0033103049811,-0.0150535072997672,1
"Q6NXE6",6,5,4,4,4,4,25.1443963873338,25.1121104756189,25.8241524274446,25.3314903529667,25.8242550988651,25.5940239549361,-0.251726376707265,1
"P04456",6,7,7,5,3,6,28.0114990743919,27.2569790191061,28.2840152487364,27.096232579995,28.208005084196,27.3011460252484,-0.949720594324932,0.0641347676904687
"P27476",6,4,7,2,NA,1,24.8736271579162,23.9164332175953,25.2099044288425,23.5723427582158,25.1194268777906,24.0906437223355,-1.20784625546757,0.0522744348869269
"P19926",3,2,2,7,6,6,22.4803022106535,23.8398942210718,23.1468360402137,24.0044181695194,23.0378135243694,24.2951013263907,1.15815398058177,0.0512153919941178
"Q92785",6,3,4,3,3,3,23.8331491355583,23.4773118703296,24.3861439126296,23.4543517617164,23.8244316727334,23.8275150241554,-0.4281820215733,1
"Q9NYL9",4,7,4,5,7,6,24.6029020286934,24.2584222632698,24.7310378488159,24.370691131188,24.7128630190952,24.6953726351845,-0.2407722889874,1
"Q13610",4,5,4,5,3,3,23.9873642959915,24.1896734700998,24.8020092441855,23.9188424968706,24.9465379482898,24.9285897573222,-0.232935254724733,1
"Q9NVE7",1,1,3,3,6,5,23.0975780777616,23.3502402349012,23.4487427033083,23.5270074216698,23.6876795991059,23.6768235450438,0.106690273813,1
"P61106",5,5,7,6,6,8,25.2240292095656,24.8474847468685,25.5623135887048,25.3452747486821,25.8487624657064,25.412707317357,-0.343212817023067,1
"O00422",3,7,6,4,4,5,25.2089227062163,24.9965608946893,25.6369348819078,25.3819462057408,25.6207820603087,25.6021376947333,-0.161998284423132,1
"P04632",3,3,5,6,5,6,24.8516556466021,24.0878967388067,24.5837669553771,24.539149697848,24.8611009189998,24.8755605758916,-0.264638836144234,1
"P46783",7,6,4,6,7,7,26.5601660446806,26.6522968488441,26.8549456909193,26.676779758421,26.9337751061614,26.9855158183271,-0.0114314720563667,1
"P61353",5,5,7,5,6,8,25.5710093640736,25.2563293542713,26.3211152823328,26.043656802916,27.0223325905516,27.0800504392561,-0.178140213504866,1
"P41567",5,5,4,4,5,6,25.5405077669539,25.5881316386696,25.6890520816353,25.4648838473498,25.7480685431735,25.8467626516398,-0.0259500847011663,1
"Q9NQW7",5,4,4,5,6,6,22.9153876083821,23.2940519241004,23.4909593046794,23.0641738708061,23.5897175434594,23.5198675289449,-0.0393237108898331,1
"O95810",5,5,7,4,4,6,23.9045239169343,23.715460795251,24.4155098153022,23.9549412134643,24.3933873149531,24.3944781336122,-0.2161803016207,1
"P48589",9,8,7,6,5,4,27.4590922413182,26.3711284130653,28.068437331577,26.7361175048679,27.965736381883,26.940185698701,-1.148611446048,0.0641347676904687
"Q9BY77",5,6,6,6,7,6,23.4419835528997,23.7662559220195,23.8924107047637,23.5638779708523,24.104390317404,23.8268229061042,-0.0939425920304669,1
"P49721",3,3,7,8,6,6,25.6095116405258,25.6125020605005,25.8699789564955,25.7378725175295,25.9288596218927,25.5883596268627,-0.156538671340433,1
"Q8WW33",7,7,5,7,6,5,25.4088766284895,25.3612931165095,25.7136827986343,25.5969859005392,25.4794487243193,26.16619450319,0.174155122931866,1
"O00203",5,6,5,7,6,4,24.3836547276644,24.424753716018,24.7718899941569,24.345984223211,25.0369685731315,24.5943954563673,-0.275793299785499,1
"P25349",6,6,5,5,5,1,25.0135658162684,23.8437360182798,25.0010803343832,23.5976751204286,24.9516361810643,24.3771346553374,-1.0492455125567,0.0754281157911562
"Q03161",8,9,6,3,4,4,24.9311315468787,23.7483344475557,25.1887542319574,23.9534708272377,25.5672391588262,24.3246386077713,-1.22022701836587,0.0565415321125402
"Q12449",4,3,6,6,3,4,24.5647063282188,23.4998410221514,25.1625268627279,24.1793905343749,25.1318506821554,24.3194000752655,-0.953484080436767,0.183735292707308
"O15247",6,4,6,3,6,6,23.6660385603554,23.8621920004345,24.0177120144448,23.8996896499112,24.237505830626,24.292027243078,0.0442174959991668,1
"Q9BV38",4,4,7,4,4,6,24.0730074096194,23.543913754314,24.8468450803569,24.1737195241181,24.7120613561722,24.6530629613133,-0.420405868801033,1
"O15164",4,3,3,5,3,8,23.1157379195621,23.0902626710308,23.261200105815,23.1958422587803,23.4130210990789,23.7451619030047,0.0804359027865994,1
"P38061",5,4,6,3,4,5,25.824282683886,24.7655987224906,26.4677615036832,25.8242469398142,27.09078439028,26.0382249279548,-0.918252662529866,0.532113727240136
"P06208",7,6,7,3,4,4,24.1488169700853,23.4792386357322,24.7481480022164,23.3513524285335,24.6747202866542,23.746511040851,-0.998194384613066,0.0839661377044146
"Q8IXT5",5,6,5,7,7,4,23.6768362396884,23.9391891904129,24.1212364390616,24.042943816614,24.4123133465172,24.1809307747989,-0.0157740811471344,1
"O43314",3,4,3,NA,4,5,23.4461477473595,23.1453183495974,23.5996480851779,23.2734836028439,23.7221594250018,23.6475749136216,-0.233859463825433,1
"Q12109",5,6,7,NA,1,6,24.7579863819305,24.2213382740377,25.2452055213282,24.3752241496089,25.3061612870392,24.7115768678399,-0.6670712996038,0.413956067077999
"P06959",1,NA,NA,5,7,7,22.72684802655,23.2062861545465,22.4407276389915,24.2395428837512,22.3644179001127,23.6959773621324,1.2032709449253,0.0715270312491385
"P15374",5,6,6,5,6,6,24.1766951446397,24.2698968487785,24.5630669481982,24.3060865894757,24.5126991166871,24.7065266868425,0.0100163051905682,1
"Q9HCN8",4,5,3,6,4,4,24.2383557541898,24.3559387278362,24.7647964888997,24.5380446731485,24.6463716014968,24.9212002619453,0.0552199394479006,1
"Q06625",8,5,6,1,NA,NA,23.0375833149891,23.5001079610373,23.6971051190548,22.7543904758726,23.7263625541813,22.9575421614218,-0.416336796631166,1
"Q9Y6C9",6,7,4,7,6,5,24.7899389400667,24.9784798741592,25.8146476868231,24.809319394807,25.1342494157323,26.0888209052593,0.0459280438678,1
"Q69YN4",4,2,5,6,7,7,23.6485661560632,23.0790244148708,23.9079612603125,23.9052386167099,23.3524428860545,24.6990938157805,0.258128848310334,1
"Q9BXY0",3,3,6,3,5,5,23.9480777257973,23.8882779121697,24.6862309935047,24.6364429677732,25.4428315248675,24.9306915950914,-0.207242589711735,1
"Q9Y4C2",3,6,4,6,5,2,23.3860603465475,23.1363636415883,23.7792043561783,23.2429994610431,23.9007306661355,23.3045014497416,-0.460710272162766,0.685026522173941
"Q9BTD8",3,3,4,3,3,3,23.5622498786033,23.8115766622286,23.8657032581845,23.4490329975392,23.8916750669204,23.6308486715724,-0.142723290789333,1
"P08237",5,6,8,3,5,7,23.7062610798947,23.7112446462498,24.1555012241126,23.9183665682327,24.1642943994019,24.0863939677644,-0.1033505070541,1
"P15927",5,7,5,7,4,4,25.604964659831,25.5775231038636,25.8595044549147,25.5850478015942,25.4252987687899,25.739712738794,0.00417192023873388,1
"Q96QC0",6,6,4,4,6,6,23.9641451764826,24.0634837920343,23.9116841037502,23.8290520056092,24.2591669837233,24.1786370438594,-0.0212744741510669,1
"O95453",5,4,5,5,4,6,25.8930942021809,26.4670098113416,26.3727022220034,26.0731318247353,26.3765969271999,26.3835969877868,0.0937817574931662,1
"P38911",4,7,5,4,3,4,23.8404888587568,23.2318397781215,24.6240167470469,23.0779914688625,24.7504505150382,23.7468677284244,-1.05275238181117,0.14993381770954
"Q49A26",5,1,2,3,5,5,24.788107442327,24.4494801681808,25.1894290105296,24.4434818473728,24.7966070515767,24.4945196788854,-0.462220603331434,0.630794575675285
"P0A9C5",NA,1,1,3,5,6,23.9154797939194,24.2457868239295,24.069069142104,24.6353998470592,24.4193475183871,25.0003659326686,0.492552049748935,0.412365035109298
"P31383",6,7,4,2,5,4,23.660729969943,22.977217899217,24.0563062921561,22.8825552714105,24.1688450048753,23.3208462624638,-0.901753944627701,0.110782813763805
"Q8NFW8",4,6,4,6,7,5,23.9821501047158,23.8243596083412,24.0750318678865,24.1854666434581,24.0990405078603,24.3024513674434,0.0520183795933669,1
"P22570",4,4,7,5,6,7,24.0976497638328,23.8854101192708,24.4699805847401,24.39525994225,25.0727909246306,24.7607660297535,-0.199661727309731,1
"O76070",4,5,5,4,5,6,24.7206927633588,24.7427899837983,25.3218154074537,25.1379326660749,25.2568409916043,25.2699290847808,-0.0495658092542672,1
"Cont_P41361",5,5,7,6,5,7,22.9821408761279,23.5132444767385,23.5303639461832,23.771214094668,24.2847118652888,24.153006899251,0.2134162610192,1
"Q9Y3T9",6,7,7,6,3,8,24.2131039229102,24.5048303808171,26.3452719057512,24.3278490544367,25.0372737980548,24.8421133041218,-0.640285629113534,1
"Q8NCA5",6,5,7,4,4,7,25.1869569038419,25.016415556011,25.7051940488404,25.1571706601476,24.2977648701447,23.9847923620864,-0.343845748194,1
"Q9ULH0",2,1,5,4,2,3,22.8263039875534,22.9055227081907,23.2073069136019,23.6539485760039,24.4287586022329,23.895664212997,-0.00241133539886699,1
"P51401",6,6,6,6,6,6,27.2538845527588,26.3994563057803,27.6271553425287,26.3030016959328,27.5295860422865,26.5209721764429,-1.06239858647267,0.0559227292956589
"P32836",9,6,6,5,5,6,29.1170851790174,28.7240402970052,29.4769664176146,29.0328737288153,29.4616503015666,29.2798977410843,-0.3396300437646,1
"Q9Y3A5",6,5,6,7,7,6,25.2182877004575,25.1652275098611,25.7473806709279,25.437340497205,25.6658610074942,25.769612998095,-0.0864494579061663,1
"Q9UBB6",4,2,1,5,3,6,23.1621056207773,23.0363639667722,23.4616135845904,23.2648742204979,23.5364811802126,23.4999966918329,-0.119655168825766,1
"Q14807",4,5,5,3,2,3,22.7000708343461,22.586616369449,23.069382075261,22.9244422984888,22.9108061149209,23.0344866646829,-0.0449045639691003,1
"P53852",4,4,7,3,3,3,24.0202934711462,22.8172206301996,23.129353459319,23.7122761422425,24.5822743167439,23.0468222626743,-0.718534070697565,1
"P53602",4,5,5,5,5,4,22.9358178049704,23.4661845264075,23.3286857458788,23.1459647872423,23.5250523801938,23.5422223359833,0.121605239530033,1
"P78346",5,5,6,6,4,6,23.4805624352425,23.702466102111,24.1131948171623,23.7446540214392,23.8837267276106,24.2334372653426,0.067691136292467,1
"P02406",8,7,8,4,6,5,28.2049824074948,27.5840133029226,28.423564645677,27.54661472828,28.7683832429218,27.7120221957345,-0.851426689718833,0.0894008616608071
"Q6YN16",4,2,5,4,5,4,24.0661645938955,24.9131544819936,24.5380465682687,24.6008745464291,24.3570609063789,24.8778871452456,0.476881368375067,0.346459096459097
"Q6NVY1",3,6,7,2,5,8,23.7681700864366,23.7657078719212,24.1132445847339,23.9509531804904,24.4055000029147,24.4157984937511,-0.051485042640832,1
"Q9Y4R8",3,3,4,7,6,6,22.8342805567331,23.2287869903054,23.7997600639282,22.7801295194773,23.5785637623432,23.1298599770616,-0.3579426320534,1
"O14617",4,2,4,7,5,4,23.9357494768796,24.4691933992179,24.0118910996864,24.1913014399248,24.7617760192401,24.2715348380574,0.0742043604646661,1
"P15873",7,4,4,5,5,2,24.4445975027949,23.7120380490156,24.6866900897022,23.6451138390028,24.8119179162903,23.8268269783578,-0.919742214137067,0.071511753918279
"P0AG55",1,1,1,6,5,8,23.7388199227704,24.9394098193229,24.2847940305887,25.4561603674375,25.1221372878372,26.2772734928893,1.17569747948447,0.165932621046594
"P48415",6,7,5,NA,NA,NA,23.0433978186807,23.8820815887504,24.9003638113727,24.5591249822799,25.0040306251725,24.8683970021578,0.120603772654067,1
"P47117",5,6,6,2,4,4,24.1928779236604,24.0362192327691,24.3205550201337,24.4086955216134,25.1335781095453,25.0589879049525,-0.047702798001468,1
"Q9BYG3",6,5,7,3,6,6,23.7948430885609,23.8924977924984,24.0147243988536,23.9312077602812,24.2301664781,24.2115777666095,-0.00148354870846508,1
"Q12800",3,1,3,1,2,6,23.3603655465686,23.3902692121944,23.5929428554601,23.5564563547125,23.7353929190554,24.0040251370714,0.0873497942980658,1
"Q12250",5,4,5,4,3,2,23.8852966259189,22.8962275285786,24.5051449910795,23.2598474034231,24.6559344209446,23.5075201675788,-1.12759364612083,0.0823832292830206
"Q8NFH4",3,1,5,6,5,4,24.1600956135857,24.2884432631871,24.6804981728066,24.5076070270568,24.6780303277077,24.2656407975481,-0.152311008769332,1
"P43609",5,3,7,1,NA,1,23.0228010807417,22.6938208476857,23.4970134255836,22.6530967558495,23.5456156814632,22.6288870275512,-0.696541852234033,0.252966808006207
"Q04206",7,3,6,5,4,5,23.4345919617063,23.8684742476809,24.1030843066891,23.777777630819,23.9987006020293,24.050087939822,0.0533209826323997,1
"P36775",6,5,5,2,2,2,25.7060321127584,25.2219692328161,26.0781586275944,25.6402467017374,26.1098220479611,25.9523072150095,-0.359829879583633,1
"P24666",6,6,7,5,6,6,25.2823589931683,25.4153976289934,25.4785970778986,25.1415795652761,25.5576362956638,25.5560598631412,-0.0685184364400004,1
"Q96G46",2,3,4,5,3,3,22.9476497783371,22.7797643336773,23.432627531767,23.1549191371755,23.4149807868851,23.3802763555099,-0.160099423542167,1
"Q15007",7,4,5,5,5,6,23.6904812341771,23.6412662567461,24.163552328452,23.9475643519583,24.154004528479,24.2030327924705,-0.0720582299777336,1
"P07283",5,6,4,NA,3,3,24.7022972045153,23.6712489597758,24.7323691980592,23.2820891539334,24.9516566331856,24.1519674066036,-1.0936725051491,0.0779115315756291
"Q9NVZ3",6,6,6,6,6,4,23.4507267273806,23.9665256943194,23.9751412553711,23.8000564170582,23.9524818566773,24.064175351307,0.150802541085201,1
"Q13769",4,4,4,6,4,2,23.358877189091,23.336416526943,23.8783185155761,23.6039319023645,23.8868309631265,23.9420943031188,-0.0805279784557662,1
"A1L429",5,5,5,5,5,5,25.8934259693187,25.6282038828622,26.2691216841179,25.9124354704237,26.2282832160213,26.2592243203143,-0.1969890652859,1
"Q9UPT8",4,4,5,3,3,5,23.9141963259801,23.9684292357318,23.8991982305759,22.6396233406525,24.1727801438395,22.8969058955419,-0.827072076156435,0.559263587769451
"P53981",4,6,8,3,3,3,24.8978087197551,24.5247258239675,25.3867141383663,24.8429635294459,25.492894216936,25.2255062196082,-0.394740500678601,1
"Q08641",5,6,3,2,2,NA,22.5625243826967,21.908585944238,23.0417167956762,22.1896763352039,23.110143793696,22.2078777766504,-0.802748305325536,0.170885792729134
"P84095",4,4,5,4,5,4,23.3407662732237,23.9959327298429,24.6272824991658,24.5718257702101,24.5162367302333,23.65680453055,-0.0865741573399331,1
"P17480",7,5,5,5,6,5,23.8035682057288,23.9593114713327,24.28566650112,24.1074552757536,24.4210400877394,24.5627598299555,0.0397505941511997,1
"Q01662",7,5,4,2,4,3,23.9374340789884,23.8012995476661,24.1354835342576,23.3671812963103,24.32933005653,23.3058032043339,-0.642654540488567,0.397949755181777
"Q16795",2,5,4,5,4,5,23.5700514018183,23.5857452680104,23.8239364730712,23.7475956918464,24.0184588016167,23.9739527954843,-0.0350509737217,1
"P31483",5,4,6,6,5,4,23.9018313153676,24.0894986499766,24.3940302045867,23.9510078039693,23.8420127593042,23.924863777588,-0.0575013492415314,1
"Q00403",3,3,6,2,2,5,23.1116661326472,23.3789810066072,23.3201598555745,23.1648058284954,23.7690971029016,23.8753294937697,0.0727310792496674,1
"Q9ULX3",4,7,7,7,6,6,24.8029989605424,24.7135294728626,25.1564363339358,24.5517921491336,25.4191169161824,25.2211938433066,-0.297345581785933,1
"Q9H773",8,7,9,6,6,7,24.9387293487321,25.1645667851967,25.38614207028,25.2372643831896,25.4316898971872,25.4674983377505,0.0375893966458338,1
"Q9H3P7",4,5,4,4,4,6,23.3070594414347,23.2869580078887,23.5077389999033,23.4060693798878,23.1735522527322,23.6121150525939,0.105597248766734,1
"Q9NZB2",5,3,2,4,6,5,22.5056053908961,22.540295978124,26.369820827898,25.9651678552224,26.3426724777175,26.3737633941288,-0.112957156345466,1
"Q9BXK5",1,4,3,5,5,2,22.4778326112051,23.2526768362646,23.2740116665927,22.9064563084526,23.3521023076638,23.3719502187761,0.142378926010569,1
"O60701",5,6,3,5,6,3,22.9247428369184,23.4835852905721,23.5604611207324,22.9741380562315,23.3652029465281,23.2562259682507,-0.0454858630415333,1
"P06454",4,3,4,4,5,4,27.9490012138833,27.8656875909467,28.4666348761193,28.1746904434253,28.2913938768332,28.362374884981,-0.101425682494268,1
"Q9UNH7",3,3,3,3,2,7,24.1176055328301,24.2378469977147,24.7771149219121,24.6168674895909,24.812860330059,24.8285574211728,-0.00810295877426744,1
"Q9BVI4",4,6,6,5,5,6,23.633928678563,24.1561688908183,24.1488678507121,23.7917716920274,24.3016930845111,24.1533256527687,0.00559220727606657,1
"Q16629",5,5,6,7,6,6,29.1518293289088,28.2257837628314,29.3449327445096,28.390446217876,29.3669053948037,27.7153724973574,-1.1773549967191,0.0420963136198593
"P07260",6,7,7,2,5,3,25.7354842352557,25.0997441243948,25.8887346105539,25.4440641185477,26.247445591884,25.5561175307814,-0.590579554656567,0.460465545133737
"P37685",2,2,1,5,6,7,23.2892676509638,25.004204347083,24.4057326619702,24.9422137979924,23.0630561527202,25.0686872684295,1.41901631595023,0.0551332262540239
"O00139",6,3,6,8,6,8,23.6200950660399,24.2364727941653,24.3996856393492,23.9798910838792,24.3336178044579,24.4994174669547,0.120794278384066,1
"P12758",NA,1,NA,4,4,5,21.5733952492819,23.3643015358588,22.3668896578928,23.6570454801571,22.2970374350633,23.9038198013915,1.56261482505647,0.0330354535723747
"P32790",7,6,4,1,1,4,26.1116825273875,24.937182340367,26.3826530481943,25.1065292355074,26.3236530811037,25.2465407031529,-1.17591212588607,0.0472346918559136
"O43159",NA,4,3,6,3,5,24.1407561426492,23.7517131109232,24.8518565332689,24.3564726573168,24.7552618916605,24.5593253885838,-0.360121136918266,1
"O75934",5,5,6,4,1,4,23.6612357502571,23.59529743868,23.989196459693,23.6828615307635,26.001007810209,24.0174653216087,-0.7852719097023,1
"P51178",4,3,5,5,5,5,22.8756860853132,22.9762573181283,23.4154853155885,23.1439805571255,23.5131289137785,23.1782069525181,-0.1686184956361,1
"Q03154",3,5,4,3,2,4,24.2899237555253,24.4395349275743,25.4270176342522,24.5345416743445,24.8582766326634,24.6309343007465,-0.323402373258534,1
"Q9UKL0",3,4,5,6,4,6,24.1377552531184,24.3506558400931,24.2699454877798,24.1637717350514,24.4797821139253,24.2930817680884,-0.0266578371968661,1
"Q12746",4,6,5,4,5,4,24.1752379549141,23.7348190648645,24.5637405631635,24.024239124805,24.6891792316489,23.5417446500033,-0.709118303351233,0.297473161928559
"Q04894",6,3,3,2,1,2,27.0674570103573,26.0172262339626,26.8217586087301,25.6456232539055,27.1740826665091,25.9478271244686,-1.1508738910866,0.0531322978535179
"Q96B26",7,5,5,6,5,3,24.2544417526474,24.3614326155741,24.5714808157017,24.5544505563613,24.8004419801317,24.8451467865776,0.0448884700107328,1
"P49720",5,5,4,8,4,6,24.8099076365909,24.9281371894661,25.0940451379421,24.5510057615891,24.9848782192664,24.965870752196,-0.1479390968494,1
"P0A8N3",NA,NA,1,2,3,8,21.8472040015576,23.1886520749886,22.9499146741602,23.5758407723625,22.8435013151398,23.9896522751702,1.03784171055457,0.121818689794348
"P28072",4,6,3,5,7,7,25.5954752406304,25.4220007129965,25.961901204294,25.6732476028291,25.9063038090744,25.94402514804,-0.1414689300444,1
"P32457",4,4,6,2,3,3,23.2644967208933,21.8022274207419,23.821521762285,22.7267540836094,23.7557456823481,23.0089759987708,-1.1012688874681,0.17679986711968
"Q5SY16",5,6,4,6,3,7,23.2462739396164,23.481459609733,23.8428215244044,23.6777084599955,23.9340088967814,23.9115380989048,0.0158672692770333,1
"Q96TA1",2,4,5,3,5,4,22.9341010702705,22.9670580558401,23.4884173047939,23.2390622329129,23.8451411382098,23.5815898801558,-0.159983114788467,1
"P08754",5,3,5,4,7,6,23.943251599644,24.0266821525053,24.860947526002,24.573252618883,24.9821947667644,24.889245577184,-0.0990711812793682,1
"P12945",4,6,5,1,2,2,23.6457715474694,23.0389246810567,23.8416751921485,23.0016098909421,23.9900788545102,23.3960996169586,-0.680297135056901,0.267769847708571
"P82979",5,5,4,3,5,4,25.7787572401139,25.6154733853926,26.177079139713,25.9064891551857,26.1751363595518,26.0521884186316,-0.185607260056267,1
"Q9BQ04",6,7,5,6,7,7,24.9168190565657,25.0503116782517,25.1525211325581,25.1881721271252,25.2168965059756,25.567428576405,0.173225228894166,1
"P0A6B7",2,NA,2,5,6,5,22.1770913090428,24.0727672139534,22.9245922584103,24.2868827322832,23.3999699415002,24.4908934656611,1.44962996764813,0.042450102479264
"P48164",7,7,7,5,5,7,27.2312131224001,26.1633212168398,27.7159901550534,26.439145044855,27.6564650167254,26.7185732188586,-1.09420960454183,0.0641347676904687
"Q9NQT4",6,4,2,3,6,NA,24.0022876184011,23.8627979475348,23.9205027866782,24.0111989273361,24.1142619790498,24.3069138891168,0.047952793286201,1
"Q13617",4,5,6,3,3,4,24.1450055986745,24.3767731015959,24.5292519306114,24.2307801051351,23.3761825013971,23.3854864392298,-0.0191334615740667,1
"Q14376",4,4,2,4,4,5,22.6020146476067,22.949286971724,22.9700748997944,22.7528240699134,23.079262431591,23.1422173947168,0.0643254857873655,1
"P0ABB4",1,NA,1,6,5,6,22.4018513623643,23.3355612750905,22.5180470266833,23.6682916260682,23.2226195188365,24.0398170058657,0.967050666380101,0.1216593116699
"P42330",3,2,5,3,3,7,23.9709192273781,24.3004466875494,25.0778223353464,24.2198894762429,25.1156155377579,25.234283886532,-0.136579016719367,1
"Q9BV86",5,4,6,4,5,5,23.3724611187843,23.6358637830393,24.2274020689286,23.862811281941,24.3220918130812,24.2897849051866,-0.0444983435424007,1
"Q03195",2,5,6,2,3,5,24.6959781052756,23.9850501789606,25.1402579621566,24.4122665642176,25.0767790700213,24.6608812875459,-0.6182723689098,0.565764132774442
"P32419",3,4,7,3,2,3,23.0607551285762,22.6810119818873,23.3339581349767,22.4561280236213,23.5171321879544,22.7635124728336,-0.670397657721701,0.285137792900456
"P0AEM9",3,1,2,4,3,8,23.2674233702545,24.6713911870657,23.9505587447089,25.0194692445073,23.4354559881695,25.1607066948434,1.3993763410945,0.0359117731469653
"P33297",3,3,5,3,2,1,24.3450506814725,23.6822030488815,24.6243907582356,24.2016822846895,24.7618479314472,24.2077111431338,-0.546564298150166,0.619150659517633
"P17649",7,5,6,2,4,7,23.7488860658707,23.0769207701627,24.3137507847604,23.2739495096421,24.43213227763,23.5771885005335,-0.855570115974267,0.189374351784892
"P38795",6,5,6,2,2,1,23.4704861044162,23.1581404468512,23.7768321871948,23.1360595855328,23.8251078537265,23.4203599055535,-0.452622069133334,0.897349873865439
"P0AFF6",NA,NA,NA,7,2,3,23.2711201706431,23.5724881385612,23.3692498760845,23.4266951110883,21.5905821389209,24.1469304836869,0.971720515895967,0.377625285922229
"P40217",7,6,5,2,2,1,24.1725737002024,23.5625305546533,24.5298297853676,23.4707902991794,24.1900677454102,23.1998816851815,-0.886422897322001,0.0948213627484441
"Q3MHD2",4,5,6,5,4,6,23.6874480908011,23.8408598307737,24.2120885948957,24.2721187327639,24.5863588971118,24.668283942405,0.0984556410446658,1
"Q9UNF0",6,5,4,5,3,5,23.0545163843599,23.7464425631466,23.2956261617802,24.6172598398173,24.1647456878257,23.3660045137612,0.404939560919768,1
"P32319",3,6,6,1,3,3,22.6534464664096,23.3359654607854,24.1183361212798,22.7589382565466,23.5653380351533,23.2796151148567,-0.320867263551334,1
"Q9BZX2",4,4,5,5,6,7,24.3330069459145,24.8147464415196,24.7514049212085,24.5975228224213,24.747414785485,24.6461478742667,0.0755301618665326,1
"Q9P0L0",5,7,6,4,3,5,24.6917560832083,24.8730730692583,25.2005861513506,25.0726298478794,25.297996402468,25.3038543113362,0.0197395304823331,1
"P53701",4,3,3,8,5,4,24.8794049783987,24.8735510326242,25.3464151242958,25.0913023693455,24.9560410923311,25.1492433500885,-0.0225881476557994,1
"P40495",5,3,6,1,1,5,24.9871770821359,23.8345103993795,25.5100299671906,23.7832000918852,25.4946817826339,24.7667494844636,-1.2024762854107,0.0967926108333451
"P33401",7,6,4,2,2,2,25.7687861448242,24.6278709258775,25.622085901301,24.9313732512621,25.8791850771086,24.6135023998337,-1.0324368487535,0.0565415321125402
"P52434",2,3,5,4,5,7,23.8355125791191,23.9397872317735,24.8789560711344,24.5863710387436,24.9615171693595,24.9357884063069,-0.071346380929666,1
"Q99805",4,4,5,4,4,6,22.6138677959985,22.9729380797562,22.9957568015615,22.766124061112,23.5089258499972,23.3796984238174,7.00390427977501e-05,1
"P02309",5,5,6,3,7,5,26.7229409102702,25.9516519203312,27.2498608231657,26.1185769283639,27.3640900254723,26.4350672911793,-0.9438652063446,0.116621901739369
"Q13112",5,5,4,4,8,5,23.6635185820203,23.4771648529973,23.9764394861734,23.7733796023188,24.0510949046162,24.1691641024489,-0.090448138348299,1
"Q99383",4,5,5,NA,2,1,23.2927833216398,22.4963208388647,23.6611480943721,22.436809886059,23.6772831705914,22.9396322078162,-0.919483884621133,0.10213024707521
"P54709",2,2,5,5,3,6,26.2875699345599,25.6073677931332,26.6125631397627,25.5521344534811,26.7829596280694,25.6740209977824,-0.949856485998434,0.0716949281707164
"O43681",5,5,5,5,3,3,24.1208213124037,24.3546417759067,24.4892325455974,24.181139818363,24.4721470382458,24.5234590618976,-0.0076534133598661,1
"Q05016",5,8,7,1,3,6,24.6179118762018,23.4378375219832,25.1151698913798,23.672099522831,24.9642659440755,24.1325224786554,-1.1516293960625,0.0641347676904687
"P0A7V0",2,6,1,6,5,5,22.9842455544343,24.607098868275,23.444550112888,24.8138749179528,23.5161833386372,25.0589174087058,1.5116373963247,0.0250096676684495
"O14828",5,3,4,5,5,4,23.5215551535241,23.6103970146728,23.5806636446861,23.5395147749758,23.9598698433456,23.9389832396511,0.00893546258129874,1
"P0A7Z4",2,3,2,6,5,6,24.4744861452687,25.4196576735941,25.3471913684563,25.1295348954879,25.140034325683,25.8778564484714,0.488445726048467,0.563410250846377
"P00957",NA,NA,NA,4,5,6,22.168491865468,23.7387678780245,23.4037422929849,23.6881203019025,23.5202954359107,23.762620888087,0.698993157883467,0.294977928368097
"P51398",3,6,4,4,6,4,23.936842248348,24.2805227221754,24.2561667843389,24.0238879946457,24.4007717080265,24.491567867395,0.0673992811675662,1
"A2RRP1",3,2,2,3,4,5,25.2420378286318,24.5766191622816,25.369858226741,24.8674571015764,25.1552938372063,25.1021171611328,-0.406998822529436,1
"Q13619",2,4,6,3,3,7,23.9225566385456,23.2975526111956,24.781608047606,24.2514343009517,24.4439866223923,24.6427307367116,-0.318811219895,1
"Q08412",7,6,5,4,3,6,24.0724049644673,23.2253202784367,24.6236736694333,23.6949165065785,24.5711709690709,23.92279161904,-0.808073732972098,0.256847347863493
"P05743",6,7,7,5,5,6,28.0102159737147,26.7043388210305,28.5334373908208,27.2243731365074,28.4993004260449,27.5286439205483,-1.19519930416473,0.0684208185838654
"P78559",4,5,3,3,2,7,23.8650706762017,23.7163687035875,24.0335702006742,23.9789517396219,24.2778997534523,24.1574852569982,-0.107911643373534,1
"Q04067",3,NA,5,2,1,1,26.4830166648704,25.2819775547178,26.989443355964,25.0704506834448,24.2790078833148,23.4518288748871,-1.3157369303665,0.969687931162732
"P38075",6,6,6,1,4,5,23.927344673079,22.5372155562251,23.6820120382646,22.8869937185498,24.0633048836947,23.1912154304648,-1.0190789632662,0.0782528634914059
"P06787",7,6,6,5,5,4,25.8831553384376,27.0012941048128,27.2674572332546,25.0127532487353,26.213458028747,26.9368086480073,-0.137738199627933,1
"P38264",4,4,6,4,5,3,25.5053281993435,25.450184023648,26.3759059304872,25.4567595997617,26.4244114636745,25.6859192890847,-0.570927560336932,1
"Q9UL46",5,5,6,4,4,6,24.8576855817164,24.351724182255,25.2340728992639,24.9191860395997,25.1552604795671,24.8486633382527,-0.37581513348,1
"Cont_Q95121",5,6,6,7,7,7,23.4382513669904,24.9108985021935,24.9844953854558,24.7460807459926,25.089535179651,25.1448478755767,0.429848397221866,1
"Q9Y376",5,5,6,4,6,6,24.9435277676329,24.4791842272998,24.716830134638,24.4770068235449,24.5303513239283,25.1579394508281,-0.0255262415087998,1
"Q7Z739",7,5,4,3,4,3,24.3858621373974,24.2557882954971,24.8657396885738,24.7813960358033,24.9804405029504,24.9696408706102,-0.0750723756703332,1
"P30822",6,3,4,NA,NA,2,23.5659913062488,22.763271440557,24.1614114789518,23.076042787981,24.9903555527065,23.3212572065835,-1.1857289675952,0.165680619944698
"Q01852",5,5,5,1,2,2,28.1659064814703,26.7782579420954,28.4565830269357,27.0581777333976,28.4306309479598,27.3169387221217,-1.29991535291703,0.0448495691112646
"Q9H9B1",2,3,2,4,1,7,22.8723286294837,22.8023353132289,23.0565090579565,22.6555862956187,23.2204810673087,23.5727723801566,-0.0395415885815661,1
"P06101",5,4,4,5,3,4,23.9548268496004,22.9909247122805,24.0028031718877,22.7922837147209,24.0861509683111,23.0734234470291,-1.06238303858957,0.0531322978535179
"O14802",1,4,3,5,3,3,23.0950613440371,22.9310003060815,22.9787331490473,22.6897263181957,23.1591946007392,22.86274839164,-0.2498380259688,1
"Q9UPN6",3,4,4,5,6,6,23.5483027718863,23.7768639060246,24.343462937025,24.2748878372776,24.3848061423952,24.1583466544649,-0.0221578178464649,1
"P09110",3,4,5,3,3,5,22.9549141537877,22.8828889111324,23.2612593705986,22.9766835063568,23.3968224202921,23.7714384893215,0.00600498737743275,1
"O43252",4,5,2,2,3,2,23.6103150020783,23.6797924465887,23.9860534621917,23.6267484105131,23.8592462324718,23.6347790398432,-0.171431599932267,1
"P62834",4,5,5,4,2,5,24.6121215785877,24.8141143924357,25.093890445624,24.9532241810979,24.9371440772803,25.5811648306446,0.235115767562066,0.999655700394944
"O43583",6,5,5,6,6,5,23.9220872888114,23.8671935103978,23.9878089833182,23.6106375054963,23.7853427068966,23.9719795538417,-0.081809469763467,1
"P06780",6,5,6,4,5,4,25.4199393529837,24.8223120394721,25.8762435751004,25.1655944824829,25.867165413791,25.404221396453,-0.590406807822368,0.635387372135826
"Q96DG6",6,4,5,6,6,6,25.5607919306894,25.5509231196547,26.0955093812541,25.8237798543561,26.1332667230794,26.1288775919623,-0.0953291563499334,1
"P48681",NA,3,2,3,4,3,23.7299798683109,22.5364569910118,24.3050784200571,23.8464326027191,24.2335776963837,24.0224423192807,-0.6211013572467,1
"O60678",2,4,6,4,4,7,23.9242482788698,23.7493358845096,24.4323854061064,23.8747810294551,24.2774843576809,24.2792149517709,-0.243595392307167,1
"O95372",5,5,4,4,5,6,23.6894333914164,23.8066385101755,24.0931646205147,23.7433076655008,24.2436611104786,24.1110519119414,-0.121753678264001,1
"P60660",7,6,5,7,6,7,24.8831894659269,24.8477460384938,25.2261331530965,24.9550756171233,25.133174517211,25.2043935306223,-0.0784273166650008,1
"Q07960",5,2,4,6,6,6,23.2752512592496,23.4646835908255,23.7138527803227,23.470277685912,23.7989722589312,24.2730408875599,0.139975288597967,1
"P62805",5,5,7,5,8,7,26.093928636832,26.2135968584268,26.7116744296134,26.4375683320661,26.9337496272661,26.6890022639354,-0.133061746427733,1
"P52566",3,3,5,3,4,7,24.0451163907411,23.9002305708057,24.5362748475344,24.3579184069737,24.6896763105167,24.6120068068046,-0.133637254736067,1
"Q86W42",4,6,4,5,6,5,23.8612361185636,23.2841853033506,24.5534075865533,24.1484498938607,24.4904890649725,24.1658842528167,-0.435537773353799,1
"P22307",3,3,4,4,3,5,23.3907151619601,23.8849521808485,24.4344375986187,24.6009014213799,24.8614807331915,24.605165695735,0.134795268064367,1
"O75947",4,5,7,5,6,6,25.4166282354147,24.988554418252,25.8318055245762,25.5695468030635,25.8304309694741,25.8260686622816,-0.231564948622633,1
"P38616",5,4,4,5,3,4,25.6856910265719,24.845398355854,26.1785229225768,24.9182418054686,26.2133774836105,25.1791546551644,-1.04493220542407,0.0653592796101069
"Q01939",5,6,6,4,5,4,24.6129048209754,24.3259759731417,25.628652007103,24.6939295048315,25.4198326529764,25.0698237380838,-0.523886754999266,1
"Q15050",6,6,6,6,8,7,24.5569494194792,24.6175079330873,25.0258830223449,24.7161437429956,25.0633275982185,24.9694611796097,-0.11434906145,1
"P32468",4,4,4,2,4,3,23.5227801354488,23.2143650747597,23.8358319348587,23.3476424529855,24.3486808846054,23.7436884611737,-0.467198988664666,1
"Q9H993",6,4,4,5,6,3,23.6841757739704,23.4282195843901,24.2516118508921,23.8192792339618,24.2075595330976,23.7089289450597,-0.395639798182833,1
"Q9Y263",5,1,5,2,4,3,22.4393585167929,22.4032791557266,22.5847547307186,22.617655558044,23.1089694493336,23.0408968641564,-0.0237503729726996,1
"Q9C0J8",4,3,5,4,5,7,23.0114987331573,23.3770043475092,23.5284799845483,23.1530172625545,23.8061766055266,23.8436443074695,0.009170198100333,1
"Q15257",4,8,4,6,5,6,24.1109929915973,24.5416340651255,25.0358406419268,24.5177483112302,24.4220811961886,24.771442317935,0.0873032881926671,1
"O43815",4,2,4,5,3,3,23.3382106759496,23.5186542361039,23.7628082091648,23.2014228005866,23.8744281541941,23.4360276505065,-0.273114117370501,1
"O75081",4,4,5,5,6,3,23.7608016562404,23.4609567673525,24.0749151274242,23.8497483080363,24.6008008361887,24.027608062864,-0.3660681605335,1
"Q96GU1",5,5,5,5,5,5,25.8856631428543,25.8537199766578,26.3848846444259,25.9229451068671,26.2321677922555,26.2951711285929,-0.143626455805965,1
"O15479",5,5,5,3,5,6,24.0570814777204,24.1106145700893,24.715263976767,24.1913273471986,24.6999482403138,24.7224898725349,-0.149287301659466,1
"P38817",3,4,4,3,2,3,23.2119411563461,23.89957801192,23.1435118263415,22.1337279775605,23.5372000309154,23.276346656313,-0.1943334559365,1
"P08518",5,5,4,3,2,2,24.1885680201823,22.8437577711902,24.2611041003092,23.6611512483363,24.2372538782146,23.6695568160053,-0.837486721058099,0.229768522841467
"Q96CN7",4,7,5,5,6,6,24.7957445098161,24.9518229959751,25.1992603138487,24.9800561408233,25.2925425260969,25.3398010825456,-0.00528904347256661,1
"Q9H9B4",4,4,5,5,5,6,25.2135585926051,24.9612961859369,25.5964658405394,24.7527401729084,25.5836457741259,25.531040266091,-0.382864527444699,1
"P53261",6,5,5,1,2,2,23.0765070450175,22.4486463036334,23.4441263147347,22.4403397261878,23.7113813043545,23.9779617527328,-0.4550222938509,1
"P49454",3,1,3,2,2,5,22.4327107371515,22.2541863960783,22.8060250308147,22.492455047597,22.9217014038166,22.7114497860991,-0.234115314002799,1
"P06730",6,5,5,5,6,4,25.223471773697,25.0998548609702,25.5791441911028,25.3706174398664,25.627540563733,25.6374408906098,-0.107414445695466,1
"Q76FK4",2,NA,1,4,3,5,23.4012916472782,23.8765776471135,23.3806343904816,24.3378146032584,23.8974686342735,24.5042055621346,0.679734380157734,0.22499429548329
"Q8TC07",1,3,4,1,3,4,23.3545819215391,23.7527475217461,23.8783494831907,23.270595609514,23.8695058325022,24.0647370095024,-0.0047856988231653,1
"Q15287",6,4,4,4,6,6,24.1183080773156,24.6496616346384,24.7590461834535,24.4919558236423,24.8298700021721,24.9897038939946,0.1413656964447,1
"P21912",5,4,6,6,6,7,24.8278473942089,25.099242654152,25.3458656859311,25.0263728207272,25.1341306315474,25.3121949645014,0.0433222425644016,1
"P38248",4,6,5,3,3,5,25.7366921846387,24.3043389263464,26.3053864421975,24.8125788358178,26.0136583258733,25.0801075457604,-1.2862372149283,0.0565415321125402
"P33331",4,4,8,3,4,4,25.7399268459481,24.8911656092884,26.1375864170062,24.9074790689978,26.1926880299701,25.2129288405771,-1.0195425913537,0.0644642647512675
"Q49AR2",3,2,4,4,4,5,22.1379110963254,22.4181187154458,22.4824050990891,22.3966392712013,22.6344544659538,22.5773510285504,0.0457794512763989,1
"Q9Y5Q8",6,6,7,5,4,6,23.9125773645085,23.5799203409915,23.9599725800637,23.6581072949649,24.6037639669857,23.9697176232872,-0.4228562174381,1
"P29952",5,8,7,4,5,4,24.1980031244395,23.3652312525734,24.541592711765,23.3694764734202,24.588742081072,23.6432699538089,-0.983453412491333,0.0653592796101069
"P43603",5,6,5,2,2,2,24.4497878166695,23.563353517399,24.8940446690642,23.8067782226873,24.787274083517,24.0511083504127,-0.903288826250567,0.104347947716939
"Q9BV20",4,4,4,3,5,5,24.539623511051,24.2713942064868,23.8129202445261,24.4709379675123,25.0406549404655,25.0178667705797,0.122333416178732,1
"Q13144",4,5,6,3,7,5,23.7579570929067,23.8108056776324,23.9163009973177,24.671528757299,24.0492343588947,24.1048263512907,0.287889445701,1
"P60510",4,6,3,6,6,5,23.740619824425,24.0166138053621,24.0931006117517,23.9179862401714,24.3148322801266,24.3150245932239,0.0336906408180321,1
"P41911",3,6,5,3,5,1,24.4626200906505,23.5604776805245,24.6348515881845,23.6289069352387,24.6842787382968,23.8965276272828,-0.898612724695267,0.0779115315756291
"Q01532",4,4,5,6,3,3,23.8689076879059,23.5348533148937,24.3140615262341,22.4457660875971,24.237816953746,23.2234870931749,-1.07222655740677,0.141276604153625
"P00899",6,4,5,3,1,3,24.1974091414584,23.6596421047639,24.5873843902201,24.0251814765815,24.2850773379262,23.7003504960747,-0.561565597394867,0.560425227631856
"Q9NP79",3,4,5,6,3,6,23.4530613466123,23.5679857748595,23.7133538937922,23.7041324563598,24.0012593950482,24.0279512042359,0.0441316000008338,1
"Q99961",4,5,5,6,6,3,23.9621887441177,24.0725048988056,24.1077788265149,23.9679576961749,24.2555985816554,24.2519886928763,-0.0110382881437327,1
"Q9H9Y6",2,3,6,6,5,3,24.1289095205604,23.5451418287785,23.8829603486921,23.5874567288882,24.5173735983339,24.2321443651476,-0.388166848257367,1
"Q9UKN8",3,2,2,5,3,4,23.86112884992,22.7312794574767,22.9604222544496,23.5012673253985,23.2189334414257,23.847865964488,0.0133094005226333,1
"P21599",NA,NA,NA,3,5,7,23.0829473276532,23.6433149895814,23.7331012013241,24.3429705439431,22.7367735111551,24.202144305096,0.878535932829365,0.224207455296641
"Q14997",3,5,4,4,2,7,22.834790636335,23.1169909815751,23.4522017690746,22.9412481574132,23.643307832401,23.7558077107334,-0.0387511293629667,1
"P61019",4,4,4,7,5,4,23.6214583310643,24.0675925722732,24.2263004657763,23.6982905045626,24.1060197318002,24.2298935897025,0.0139993792991658,1
"O75937",2,3,4,4,4,3,23.3475970400114,23.3195061984778,23.3959080107478,23.8622754444144,23.9081598652688,24.1770859849737,0.2357342372793,1
"P62942",4,2,5,4,4,5,24.8736350424271,23.4244956568238,24.1378174673703,24.9617232840551,25.1889823614354,25.3186807124574,-0.1651784059655,1
"P49642",3,2,4,2,6,6,23.8166382926275,23.1175781087495,23.5545239798269,23.6240341554469,23.7602777262781,23.914633672548,-0.158398020662701,1
"Q04869",5,6,6,2,1,5,24.3468752413686,23.4240368278882,24.5945372647108,23.6312517840257,24.7714032252977,25.4987983320494,-0.386242929137933,1
"Q04344",5,4,5,3,2,5,24.9564627473532,23.9181251320567,25.2396371302316,23.8974087140568,25.3384617876683,24.2146646290517,-1.16812106336263,0.0522744348869269
"O14777",3,3,5,2,4,5,23.1265518253965,23.2761604790164,24.1996476352806,23.7295615203446,24.1646301554749,23.9886703864116,-0.165479076793133,1
"Q02543",6,4,8,6,7,5,26.8805396672597,26.6378310021068,27.3343656345038,27.0384634079107,27.3476762414733,27.2604719404307,-0.208605064262867,0.999407671974044
"Q68E01",2,7,4,5,3,3,22.7721883006804,22.8200300207955,22.9012392441027,22.7245373759264,23.0818032779872,23.1421589543409,-0.0228348239025008,1
"Q12285",4,2,3,2,2,2,23.1983760945216,22.7740929057259,23.3899113293313,22.4250817971281,23.8106427242591,23.003187442395,-0.732189334287667,0.329699864244242
"Q9UNS2",6,4,4,6,4,2,23.6027253662504,23.6096217643642,23.9967930895265,23.6306115266455,24.121045732847,24.0859831127891,-0.131449261608367,1
"Q9C0C2",4,3,2,3,2,3,22.2531822667073,22.0946679289568,22.7271205719449,22.4516777284857,22.7604233209476,22.6803466451941,-0.171344618987734,1
"Q12458",2,3,4,3,5,2,24.0377161841285,25.3304189526305,24.5945803170158,23.3896985523352,24.2788953367253,23.783060375893,-0.136004652336966,1
"Q05519",6,5,6,6,6,7,24.4063595640439,24.7329435099676,24.674141395749,24.6494301937606,25.0355896470241,24.930201419039,0.0654948386500678,1
"P53999",6,5,5,7,8,8,26.7605004781351,26.6883805180971,27.1097017135127,26.9660290571224,27.1840599218379,27.1920570784368,-0.069265153276465,1
"P15288",1,NA,NA,7,6,6,21.8933937496763,23.949684337574,22.4530281794357,23.899128791421,22.6849586321039,24.2693033494258,1.6955786390683,0.0212344932662672
"O75190",5,5,5,3,4,4,23.7042336895722,23.7292781280182,24.0112583132892,23.5113711919974,23.842157146376,24.0866092310889,-0.0767968660442987,1
"Q12114",4,7,6,3,2,3,24.7848067524488,24.402219830327,25.0392944302235,24.6668735678456,25.0631565721071,24.8650654829917,-0.317699624538368,1
"P0CT04",4,7,4,3,3,4,24.866493572229,23.8626237377986,25.3326557387358,24.0391742595852,25.3938481405109,24.459745656046,-1.0771512660153,0.0738862962655765
"P62917",4,7,4,6,6,6,26.4836561377867,26.2223530122022,26.8824507890976,26.6397031520861,27.0265963837451,27.0503342660979,-0.160104293414401,1
"P68402",4,4,5,5,5,5,24.4872210624514,24.5594705694715,24.4437572700653,24.3972030138635,24.7135500291103,24.7806661127728,0.0309371114935987,1
"O75746",3,3,6,5,5,7,23.7860435386419,23.8098555434542,23.7276523184293,23.926078057743,24.1976688985155,24.1164604114134,0.0470097523413007,1
"Q06187",3,7,5,4,2,4,23.4034082822116,23.2985770983167,23.8407967444134,23.58146955029,23.838246207428,23.8310737000227,-0.123776961807868,1
"O75663",4,4,5,3,4,5,23.851590838484,23.1801832493804,24.2850897586988,23.640036590275,24.000870657373,24.6544535702837,-0.220959281538901,1
"Q9BRS2",2,4,3,3,4,6,24.5136720635443,24.2606241204838,24.8723223349538,24.646182820197,24.7176117920909,24.9544316078468,-0.0807892140204653,1
"Q12117",4,5,5,2,3,3,26.2341033137464,25.3134554768341,26.7491998076797,25.3904948939114,26.6252344935422,25.5816939970408,-1.107631082394,0.0561284181598124
"Q96DF8",3,1,4,3,3,3,22.1750434399881,22.019584281148,22.6804891588613,22.2870446968379,22.6934378244596,22.70345921733,-0.179627409331034,1
"Q01081",5,5,6,4,6,5,25.6833836020138,25.9031706115903,26.1728745823367,25.8518554850714,26.0582960012245,26.0471577022453,-0.0374567955560003,1
"O96000",6,6,5,7,5,6,24.8971334553258,25.17552290163,25.3351403437367,25.1748324446579,25.1714866756151,25.204518907217,0.0503712596090994,1
"Q8ND56",5,3,3,4,3,3,23.301850883721,23.4887496090314,23.708522128295,23.5222520202317,23.6590715074191,23.7055806079142,0.0157125725807343,1
"Q13546",3,4,3,3,5,4,22.9272998177028,23.1722494035069,23.2119966888476,23.0100771317446,23.2669396284012,23.2084125417151,-0.00516568599500052,1
"Q13868",6,5,6,5,4,3,24.3062998220027,24.6782049920478,24.6011577855111,24.3472004266804,24.626509142382,24.5445298677988,0.0119895122103995,1
"P39522",3,6,5,2,2,2,24.1706796931957,23.2323339673822,24.536285520638,23.1584309475957,24.3849431230282,23.4696462882964,-1.07716571119587,0.0560665670249754
"P40938",5,3,5,3,5,6,23.4254135174677,24.016106225812,24.0124480768706,23.7255982096104,24.4894587018628,24.0984163891432,-0.029066490545168,1
"Q9NQ29",6,6,5,4,7,4,24.9297912468903,24.7094629152369,25.3800168237001,25.3875962678883,25.5481379966308,25.5869533734465,-0.0579778368831659,1
"Q9BZE1",5,5,4,2,3,5,23.3615383688316,23.5678636087785,23.8767640417856,23.2547214250886,24.1391492716807,24.0117363835417,-0.1810434216297,1
"P62847",4,4,4,6,5,5,25.6096977302601,25.6684095813947,25.8123152094962,25.5117249101075,25.9743965585257,25.9206426176132,-0.0985441297221996,1
"O43768",4,5,3,3,6,5,24.8858524626031,24.595893250696,25.2224902515788,24.99237066217,25.2610390884689,25.3824373508413,-0.132893512981166,1
"Q96IU4",5,6,4,6,6,6,24.8976721043855,24.7124440856107,25.1023491557737,24.769972996356,25.2692124482781,25.0177465005094,-0.256356708653734,1
"P11745",4,5,5,5,3,3,24.1800492123017,23.4381017109805,24.3844725928507,23.0350056128847,24.4952987820856,23.451606928178,-1.04503544506493,0.0606861827534746
"Q12466",6,3,4,2,1,NA,22.795912324446,22.4676836533553,23.069592353126,21.7616914239877,23.3307860200882,21.8102135844866,-1.05223401194353,0.0948213627484441
"Q96EK9",3,1,3,4,4,5,21.3505103042177,22.2116552934738,22.4973665387576,22.3139414435192,22.3433817416979,22.5055470009496,0.279961717756468,1
"P25685",5,6,5,7,6,5,24.246438787907,24.6397703757185,24.6100408794519,24.4142258568649,24.6275237542025,24.8961718075701,0.155388206197365,1
"P82650",6,5,4,5,6,5,24.196120913417,24.4140372885028,24.5045490398104,24.2653934252768,24.846144955779,24.8350505735012,-0.0107778739085328,1
"P33775",6,3,1,2,1,NA,24.5700790888119,23.5135512340219,26.0027448101115,25.0308546831395,26.4338460811265,25.3936164369675,-1.02288254197367,0.988554430548678
"Q9NRR5",4,3,3,6,5,4,24.2682330068986,24.3229750204831,24.1399353714771,24.3574230034733,24.2170629697553,24.3752614086459,0.143476028157099,0.943866943866944
"Q9H9A6",3,2,4,2,5,5,24.8004234154189,24.2484388087171,24.7162145114866,24.1993536339728,25.0308233709014,23.5685410186822,-0.843709278811599,0.17984942963335
"Q9UNP9",3,3,4,6,3,6,24.6189499080451,24.4692502976456,25.0536745339312,23.5564910863937,26.583224658993,25.9221041706253,-0.7693345154349,1
"Q9GZS3",5,5,3,5,3,5,23.5339841150297,23.6630887625097,23.8530662171752,23.6532214278739,24.0815689306997,23.92957428872,-0.0742449279336661,1
"O75381",5,3,2,3,5,4,24.3274950816111,23.2766654167196,24.8414269080202,23.2308015026107,24.479032958608,24.5970334278349,-0.847818200358033,0.685185446292844
"Q8N9T8",5,5,5,3,5,3,23.048140765059,23.07161882376,23.3597782416127,22.9435618378049,23.4652596115779,23.5849739661857,-0.0910079968329995,1
"Q13247",5,5,6,4,6,6,26.1256430104147,25.9137444231456,26.6423536275649,26.4029753443154,26.6436364755274,26.7572813480069,-0.112543999346367,1
"Q9UHY7",5,5,7,6,4,6,23.0978434269991,23.3151188739613,23.2132166765543,23.2135839549492,23.8116987509051,23.5442990919402,-0.0165856445359331,1
"Q9BYT8",5,4,7,4,3,3,22.9760304500402,23.2081794251921,23.3372189969787,23.1586207817299,23.4528784151137,23.4862767607109,0.0289830351667675,1
"Q9Y606",5,5,3,4,4,6,23.6415044130956,23.4178229054052,23.3350140949156,23.3342698749578,23.7339284880615,24.0007169894601,0.0141209245834659,1
"P0A7L0",2,NA,4,5,7,7,23.6907749072219,25.4388939878236,24.1962097833169,25.9109686576849,24.7968298083974,26.0965408028631,1.5875296498118,0.0323889457148673
"Q9GZZ1",7,5,2,4,3,5,25.4160395520809,25.7734110953002,25.9072324107604,25.0662781023142,25.353731586834,25.4136625309134,-0.141217273715834,1
"Q9UHV9",4,6,5,5,3,6,25.4538827447109,25.7091714441931,26.0961180252768,25.3809178488754,26.0999318900968,26.0648152789067,-0.165009362703101,1
"O60231",2,4,3,5,3,4,22.5964965512362,22.9324839393767,23.112963924053,23.2103534186383,23.5181413007869,23.6156673503303,0.176967644089732,1
"P39517",4,5,7,3,4,3,23.8910179766629,23.3719714822025,24.2558182556148,23.6486180480264,23.9801266744554,24.005978610661,-0.366798255281066,1
"Q9NRW3",4,4,4,4,7,5,22.8450616757769,22.9078470523729,23.0412574173371,22.829995099655,23.1235194763478,23.2226375003652,-0.0164529723562327,1
"P60981",4,5,4,4,5,5,24.3813443844523,25.1773632667824,24.8088930026398,24.6634528902592,24.8697919654159,25.1325544835755,0.304447096036367,0.745379748082009
"P40518",5,5,3,4,5,3,23.5228174829121,22.8097294722413,23.7952922839772,22.4796672925369,23.9674971722202,22.9607206929658,-1.01182982712183,0.0703622485307497
"Q9NVH1",5,3,5,8,3,4,23.7808881413341,25.0046095025863,24.0335737292363,23.8733003821315,24.0854359885843,24.1525944721528,0.376868832571967,0.970477776757068
"Q13427",4,4,4,5,6,3,23.0597646214328,24.1279567062358,23.3451152651383,24.3158695821772,23.6910293186996,24.1427659954539,0.8302276928654,0.109590939844493
"P38891",4,3,2,3,2,4,24.8385095621992,23.9673379727913,25.0741960264872,23.9866586905216,25.3735989316976,24.7215162425896,-0.870263871493833,0.221969588618905
"P32386",4,4,6,NA,NA,NA,22.9116792584914,22.5384475670739,25.3178032881944,22.5992394492166,23.4277743402753,23.0425910318204,-1.1589929462834,0.591926684647201
"Q5JTZ9",4,3,3,2,5,5,22.8685351933637,22.821617030998,23.5058050133596,22.9722375665305,23.1253972310417,24.44313857029,0.245751910017833,1
"P40991",5,4,4,1,NA,3,24.3208886701544,23.8836205590108,24.23750247544,23.6825067701383,24.3546935580189,23.9559063352909,-0.463683679724433,0.596150910418974
"P48739",5,4,3,5,4,4,23.8122094320516,23.8088638455335,24.1714674342692,23.8818130964133,24.0425519580609,24.2379333341811,-0.0325395160845995,1
"O00764",4,5,5,5,6,6,23.8925528218244,24.13302427802,24.184474954295,24.0071193410269,24.3178031502143,24.2961100463749,0.0138075796960339,1
"P60953",6,5,5,3,3,5,24.2765810834016,24.4960823424108,25.0768359800358,24.87036754186,25.1456475124139,24.4572041317306,-0.225136853283299,1
"Q02821",5,7,6,NA,NA,3,23.8044479453944,23.085720596855,24.265938475086,23.0342972381855,24.3401737865245,23.4360478630664,-0.951498169632667,0.0948213627484441
"O13516",7,8,6,7,6,7,28.0170120919885,27.0633636444462,28.4526786213872,27.0676214554905,28.3255102390505,27.2849543947387,-1.12642048591693,0.0531322978535179
"Q99447",2,3,5,2,3,4,23.5075060131014,23.4643171503624,23.5784540061559,23.7491617447956,24.0030225223923,24.1831051362085,0.102533829905634,1
"P50897",5,4,5,6,5,2,23.1719897609994,23.6509844435395,23.9726598608122,23.4770374670433,23.8200754160117,23.8807038811691,0.0146669179762,1
"P27302",NA,1,NA,4,4,5,24.1255500006952,26.1737981974804,24.6945153894068,26.4696652901334,24.6721065385926,26.6365113391616,1.9292676326936,0.0159043695034715
"O00178",5,1,5,4,4,4,23.8246463877407,24.0819865688897,23.9019096446471,23.753111548558,24.0403569524262,23.7503333551968,-0.0604938373898338,1
"O60732",2,3,4,1,5,6,23.0697788405052,23.3698531693029,23.8739292728283,23.5158528439805,24.2281982087841,23.6554702351735,-0.2102433578869,1
"P40159",4,4,4,2,4,4,23.4454489920709,22.7472601878386,23.6784002686132,22.6761098833609,23.6898892309782,22.8321782528569,-0.852730055868633,0.0826521060508043
"Q13042",6,4,3,4,2,2,24.86714438812,24.1780704515026,25.1770465862512,24.4239037658366,25.3958042243173,24.8704183418954,-0.655867546484634,0.515431091816897
"O75396",5,1,3,6,3,5,23.1025280930049,23.3070707013172,23.6558201350621,23.3151633855994,23.6651403825355,23.66636661795,-0.0449626352452993,1
"Q99747",3,5,3,3,5,7,24.2653726778433,24.3858712192884,24.6451974160523,24.5535739874466,24.6937891633369,24.8453444655193,0.0601434716739343,1
"P38711",6,5,6,3,3,1,27.8219496923106,26.6671471752556,28.2432068221363,26.7538002641486,28.2035938492461,27.0932452320447,-1.25151923074803,0.0497023331005691
"P11388",3,5,4,3,7,3,22.5156196000375,22.885901510423,22.7943495260034,23.1197757711004,23.3013246796544,22.9842004341993,0.126194636675799,1
"P01123",3,4,5,4,3,5,26.494164158701,25.5897517121247,27.1100496199799,25.9298124624382,27.1132852879252,26.3252876106064,-0.957549093812268,0.155337776570844
"P24539",5,3,4,4,4,5,24.7906200449102,24.8295199037672,24.9621354251259,25.0662426216262,25.3605122349917,25.3407517424167,0.0410821875940997,1
"Q9Y3Q8",3,3,2,3,4,NA,22.9502159170745,24.1605931465646,24.5528414454381,24.3526057370986,24.5649958270852,24.5441372791854,0.329760991083599,1
"P14306",5,4,5,3,1,2,22.95419773063,22.3955523085643,23.6602886541515,22.3483630574525,23.699794294884,22.7870859258866,-0.9277597959207,0.159040035019764
"P67936",5,6,6,6,5,7,25.9521486416163,25.5761925301912,26.3791170867889,26.0565069080608,26.4637203013108,26.3362348096103,-0.275350593951233,1
"Q02978",3,3,5,5,4,4,24.2125768311155,23.8336103028411,24.5197676097423,23.9511722846587,24.6668431277093,24.3437644990265,-0.423546827346932,1
"P09232",6,6,3,4,4,4,26.588890506382,25.2767792730758,26.9134108132577,25.5846416600765,26.8442812753459,25.8892116855106,-1.19864999210757,0.0535112006627348
"P20967",4,2,4,NA,NA,NA,22.9808025413506,22.0943512509303,23.2394646559532,21.7011154252368,23.5192987487297,23.1718372507593,-0.924087339702367,0.486506903841259
"P00956",NA,NA,NA,4,6,5,24.0341047634512,23.4233997365226,24.0679904861606,23.6362579726276,24.4267553737692,23.8723429095096,-0.532283334907066,0.578662716593751
"Q8NBJ5",4,5,3,5,6,2,23.309958390682,25.6561650390967,26.6477332156933,24.9656897103664,26.3940360941265,25.2929380273648,-0.145644974557965,1
"O43432",5,4,6,5,3,7,24.8035039600724,24.4260745533505,25.2634349838017,25.1090995717558,25.7375784789259,25.055656786694,-0.404562170333235,1
"Q15274",5,6,7,5,2,6,23.3595482391437,23.513919834809,24.0169565118523,23.2696392201545,24.6521223025309,24.4734935843488,-0.257191471404866,1
"P61604",5,6,6,5,6,7,28.1614514607453,28.1034957636005,28.5585235962822,28.3576902552662,28.5523813361176,28.6446854306155,-0.0554949812209683,1
"P61758",3,5,6,7,6,6,24.9532961276121,25.0009650157988,25.3517309209236,25.2492762405825,25.3090848058574,25.7782380869152,0.138122496301134,1
"P34913",4,2,3,4,4,4,22.6773948010323,23.1614768332319,22.8541338013847,22.8378528170739,23.2343989442021,22.5817088210193,-0.061629691764665,1
"P36542",5,5,5,5,4,7,25.5286919651698,25.5108412970692,26.0298525227452,25.798182045455,25.9103421681916,26.0754492806219,-0.028138010986833,1
"O60828",4,4,6,4,4,3,24.0505152882676,24.04724641838,24.493958400441,24.3269005462349,24.5899804727759,24.5633347792354,-0.0656574725447333,1
"Q92979",4,5,5,6,5,6,23.8407751388613,23.9178263978365,23.9371077892841,23.9501666934391,24.0188098974487,24.3208776552897,0.130725973657067,0.925952343802242
"Q15435",2,3,4,3,2,3,22.8780149790557,24.3426024951005,23.5538117199305,23.9709632733214,23.5737117829114,24.3688688940031,0.892298726842467,0.1242178188365
"P33298",4,5,5,3,4,5,25.0137164181916,24.5469258909842,25.637032979193,24.8534978382758,25.5634079847165,25.3068204609802,-0.502304397286965,1
"Q9Y4A5",1,2,7,7,3,6,23.0984942982751,23.4757571759711,23.535028872438,23.2696239549994,23.8272506238478,23.8210769619623,0.0352280994573005,1
"P0A858",1,2,NA,4,4,2,22.8856081293604,23.4518326470574,23.2957598276573,23.0349654938164,23.3453340428213,23.1349263615501,0.0316741675283012,1
"Q9H3P2",4,4,4,4,4,6,23.1439721521356,23.2122833747906,23.689979208948,23.42446169823,23.7975114285934,23.7975950377613,-0.0657075596316983,1
"Q6UXN9",4,3,4,2,6,4,23.2191741347037,23.2181002351266,23.5922017460908,23.4764053131235,23.7748950135483,23.893114853046,0.000449835651100017,1
"P48637",6,2,5,6,5,3,23.697104164331,24.1693118485598,24.1672862868393,23.9998993866409,24.3228024648396,24.2469048137523,0.0763077109810339,1
"Q12464",6,3,5,4,3,4,24.6871162472802,24.1918530739601,25.1708277425183,24.6350708724407,25.1486025691972,24.8471500830279,-0.444157509855668,1
"Q7Z5L9",3,1,3,3,4,5,23.2427035529635,22.9209081591365,23.6517382262913,23.4901312031285,23.6448391003223,23.761419143722,-0.122274124530035,1
"Q99496",5,5,6,4,4,4,23.495491662303,22.7375009112269,23.7226727849167,22.8873112712677,23.734502593166,24.743403721366,-0.194817045508367,1
"Q3YEC7",4,2,4,3,3,3,22.6113400497257,22.9355731574753,23.1414833675988,22.5411720216537,23.179163920948,23.1837120017762,-0.090510052455766,1
"Q6PD62",5,2,3,4,2,5,23.7344453273161,23.3525715250877,24.280375883742,23.5471178765615,24.0502894222337,23.9151310809264,-0.416763383572065,1
"Q06265",5,5,4,5,3,4,24.1104262779663,23.9700896490485,24.3994646505629,24.0883796827533,24.4696872723385,24.5065861582931,-0.138174236924268,1
"P21965",3,5,4,1,2,4,23.2344167795125,22.9170036943414,23.8299590130953,23.0468560598714,23.9359620924768,23.240976308822,-0.598500607349935,0.643263669881415
"P53254",3,4,8,1,1,1,23.0381173981143,22.640711398443,23.149787735906,22.5501302678508,23.2404259663237,23.3428624715408,-0.298208987503132,1
"P02359",2,2,4,4,2,7,24.1950157372804,25.3428289769447,24.5242705300036,25.6345131826816,24.6000870128652,25.9157400882411,1.19123632257273,0.0481971056699469
"Q9Y2A7",4,4,2,4,5,7,22.7113763676614,22.4818422886247,22.6935348127476,22.5182099909037,23.0257662906773,23.3663524995516,-0.0214242306687673,1
"Q96GM5",2,4,4,2,2,5,22.2057752058141,22.7203135732766,23.1919149558568,22.5370369458109,23.0422144436377,22.9267922941108,-0.0852539307034329,1
"Q9UJS0",7,2,5,6,4,6,23.9925868506033,24.1456482897525,24.1742119243601,24.3050965162623,24.5935421479356,24.6253374032898,0.105247095468534,1
"P40937",5,5,2,4,2,NA,24.0443882823597,24.1224845784672,24.3691197862102,24.0881082185819,24.3814802419046,24.1872004231417,-0.1323983634279,1
"P40429",7,6,7,8,7,6,27.1187389752423,26.8902979584062,27.4764402958391,27.2155589198585,27.5537452900063,27.481374241373,-0.187231147150001,1
"O60287",3,4,6,5,3,5,22.1201024259155,22.4118033117277,22.7990825696245,22.5300400194127,22.8799391652464,23.0061896016208,0.0496362573249319,1
"P41920",4,5,3,4,3,3,24.719742669285,23.5582630462871,25.2337988475581,23.8404387226819,25.1449671805341,24.2121925203681,-1.16253813601337,0.062389798663561
"Q14738",6,4,3,4,7,3,22.8642834555041,22.9634649868164,23.2486019622431,22.9609551938663,23.2282515040626,23.2490272038746,-0.0558965124174999,1
"Q06103",4,5,5,3,4,4,24.4610402289562,23.8641938919721,24.7875961269173,23.941900136409,24.6708544945647,24.7019537466074,-0.4704810251499,1
"P36006",2,3,4,NA,NA,2,21.7377989877142,20.7719946441279,22.0435863878354,21.7675828597123,22.7802611079396,22.4108137488693,-0.537085076926567,1
"P60422",NA,1,NA,5,5,7,23.032934582667,23.5962604032878,23.8304762320273,24.33579567843,23.5326314205315,24.7819583640988,0.772657403530265,0.351408039326404
"P62913",6,6,5,6,6,6,27.2018067008575,27.2590547468577,27.5952844612391,27.3753406969171,27.621375715112,27.6034399232017,-0.0602105034106989,1
"O95817",5,4,4,4,4,5,23.1260736145585,22.8208034925583,23.5262120613264,22.8158609230826,23.1104066827041,23.6464393941074,-0.159862849613566,1
"P32366",3,3,2,NA,1,2,24.1997028942475,23.958068375243,24.652875163012,24.1625737280885,24.8092606065078,24.1649247216767,-0.458757279586366,1
"P62707",4,4,4,5,6,6,22.8364848811171,24.4492469009586,26.0044425161752,25.8240309024423,25.5638721536879,26.0716941023933,0.646724118271333,1
"P32628",5,6,5,4,6,6,23.8081213679502,23.1489165579236,24.3163123334427,23.1290362842782,24.3944914790569,23.4029261770366,-0.946015387070466,0.0940004521273591
"Q9Y2Q3",2,3,5,4,4,3,24.1898405413984,24.6892320297459,24.9251597903209,24.1735212970127,24.4812015182175,24.5464597694167,-0.0623295845871669,1
"Q06505",5,4,6,NA,1,2,22.862088682153,21.8099171524598,23.145443679769,21.8986864418041,23.1901125186227,22.4450009490111,-1.01468011242323,0.0803096108600223
"P39019",7,4,7,6,4,6,26.9120798058931,26.7746563782804,27.4998884545368,26.9204499944774,27.3867213732855,27.4872086704993,-0.205458196819433,1
"Q8WYA6",1,4,2,3,6,5,22.9287399191983,23.2464911236623,23.4140427097033,23.2023111343561,23.5737226448265,23.6111595761462,0.0478188534788337,1
"Q9UHY1",4,4,2,4,3,4,23.3362684576497,23.5847641337603,23.7764213854267,22.8738373967955,23.4346232649843,23.6088190315565,-0.159964181982801,1
"Q9BTT0",5,5,4,5,6,5,25.1968467241785,25.5526440056914,25.4272838118725,25.5050115688342,25.279841220268,25.5788974712081,0.244193763138233,0.551209782325904
"P25567",5,3,6,3,2,4,23.710359784318,22.7375851833849,23.6571838798197,22.7902663560434,24.3090016524253,23.693180008099,-0.818504589678568,0.461167969930097
"P35613",5,4,4,4,4,4,24.0128966060794,24.2634339808477,24.483967775018,24.1012365878633,24.4210548595782,24.5055537849652,-0.0158982956664661,1
"Q6IAA8",2,2,3,4,4,3,23.2538701296146,24.1241441933538,23.8308966803577,23.2707173589026,23.6804152209222,23.4092079511798,0.012962490847233,1
"P15976",5,3,3,5,4,4,27.9391928678379,27.754118751504,28.3396780949218,28.1414810288396,28.471878222963,28.5628449401565,-0.0974348217408677,1
"P25375",4,6,5,3,2,NA,23.1693728697121,22.9069617717392,23.5149172346875,22.749314808788,23.8269039611807,22.9453607799719,-0.636518901693732,0.424528859379369
"O75940",2,2,2,4,5,2,23.4711029907055,23.2400637115554,23.7977372116939,23.6446117249481,23.3297599389096,23.2051630815257,-0.169587207759933,1
"Q9UKD2",6,6,8,6,6,6,25.2367053247108,25.3869601052663,25.5227688831389,25.1910595158323,25.5268148896607,25.4870273186684,-0.0737473859144669,1
"Q9Y333",2,2,3,6,4,4,24.5772364539661,24.9224029278955,25.1476157903119,25.1248404071825,24.9534361909658,25.3939891080181,0.2543146692841,0.775885626379698
"O75306",4,3,4,6,4,4,24.1250411787065,24.0354268796637,24.7221603632881,24.1629449094243,24.4141853315891,24.7095065624528,-0.1178361740143,1
"Q9H7Z7",4,6,4,4,3,5,22.8598919862246,23.3891706091124,23.4312417690264,22.9609228572738,23.3985246463592,23.6444874068582,0.101640823878068,1
"P0AG80",NA,NA,NA,4,5,4,22.6871216949578,24.0985990272211,23.4175316702174,24.3678570254297,23.645619736008,24.3828792648972,1.03302073878827,0.0894820259439871
"P36421",5,5,5,4,3,5,24.5105187514957,23.6276683542888,25.0199184801171,23.8129199508338,25.0727343454046,24.1458808506656,-1.00556747374307,0.0887044317372966
"P32602",6,5,5,5,4,3,23.2625751964082,22.2808288117252,23.696281063482,22.4693658268502,23.7018247569912,22.8206914223037,-1.02993165200077,0.074112677339809
"P38555",6,5,4,4,1,4,24.9666251420526,24.2987787207673,25.2504088801955,24.6158270599811,25.1791756170162,26.7129956420193,0.0771305945011337,1
"Q06151",4,5,2,5,4,4,24.0747771492433,23.3001817470312,24.2090430775413,23.0235577596051,24.0987731302998,23.2800279146919,-0.926275311918733,0.0653592796101069
"Q96K76",2,2,3,3,5,2,22.0393514994026,22.4742981113695,24.7760686169595,21.8707412565897,22.9797988251254,22.939592843963,-0.836862243188434,1
"Q92783",4,2,3,6,3,5,23.1410846323374,23.4364348980244,23.806369960661,23.5181638776197,23.6271328495577,23.7315736432365,0.037194992108167,1
"Q5T8P6",6,7,5,4,5,4,23.1680950160202,23.7383016588765,24.3413984253291,23.3854360139843,23.704525526593,23.682438186594,-0.135947702829166,1
"Q9ULV3",NA,1,2,4,2,4,21.6638705520425,22.3378737965727,22.0226163779838,22.4043759078331,22.7469972620814,22.7068104738782,0.338525328725434,1
"P14120",4,3,7,3,2,3,25.9492171408691,25.2817887074846,26.4034316875879,25.2076655724401,26.609475118584,25.577141121899,-0.9651761817391,0.0972689474933895
"Q15291",3,5,2,5,4,5,23.6512834196175,23.3111570953274,23.8214347596191,23.3623502688125,23.5150514288965,23.3653414005303,-0.316306947820966,0.781359204786537
"P14906",3,5,7,3,2,2,23.5575164051579,22.8752541145566,23.9515636181555,22.798834852992,24.0922958260826,22.7031926224589,-1.07469808646283,0.0565415321125402
"Q9NYV4",5,1,4,3,5,3,24.498801374832,24.3510640445021,25.4118680777861,24.9399493211387,25.098554695037,25.3792187748713,-0.112997335714333,1
"O75489",3,5,4,5,4,5,24.3969457258414,24.3593050614597,24.5811426437132,24.3363787959165,24.6562144758613,24.6107871865682,-0.109277267157168,1
"Q96C19",5,4,3,4,4,2,23.9161353175911,23.8168591497323,24.3608679761931,24.097307535232,24.4231196298778,24.4748054620328,-0.103716925554965,1
"Q9NY12",6,2,3,3,3,3,24.5628890650833,23.6953810255803,25.2801539693417,23.8484011620147,25.5292233297259,24.3624667905509,-1.15533912866833,0.104733901836484
"Cont_Q3ZBS7",1,4,3,2,2,4,24.3146328889435,24.2184755848755,24.3165283412131,24.1306685905065,24.7278113160859,24.1027273488161,-0.302367007348135,0.880931899177926
"Q9P015",4,4,4,6,2,5,23.0336498432606,23.108437675212,23.3346186437455,23.2562500155212,23.582301080958,23.4632147751802,-0.0408890340169007,1
"P37647",3,5,4,3,4,4,22.8252054096856,24.8802791097961,23.1670453565321,24.8736956766306,23.4299117408473,25.1231189027424,1.8183103940347,0.0164828483405032
"Q9NVJ2",4,2,5,5,3,4,23.7732571454388,24.1818730517486,24.1737398027401,24.2041334887135,24.6058646936478,24.6223014363529,0.151815444996098,1
"Cont_Q28178",1,4,6,3,4,3,22.7261943520261,22.8466473200316,22.9981344163776,22.6180605803795,22.9919029930729,23.0626283866089,-0.0629651581522002,1
"P35244",2,4,4,5,4,5,24.495563269077,24.9528001567231,24.8557397326034,24.4529045496051,25.0499148384781,24.7740993420582,-0.0738045972573656,1
"P28274",7,5,3,NA,1,NA,23.4447133803567,22.2097316346089,23.7461877934463,24.5566801664355,23.8664039571326,24.5180186832006,0.0757084511031335,1
"P48556",5,5,5,4,6,4,23.9018464108827,24.1228888028896,24.1021817324487,23.9517985451375,24.2675796763728,24.2902067606312,0.0310954296513669,1
"Q14145",6,5,4,2,6,6,23.2504788545473,22.8513456849742,23.611050020036,23.3885192436054,23.6408113350142,23.6899550092637,-0.190840090584733,1
"Q86U90",4,4,4,4,5,4,23.2287825874461,23.3026656956413,23.6318753314421,23.3011793850556,23.7483750916933,23.4629792265733,-0.180736234437101,1
"P62399",3,1,2,5,6,4,22.5111456695289,24.2852699890129,22.9434210807613,24.057093875982,22.8163277466716,24.411676356647,1.4943819082267,0.0257480295431465
"P49840",4,2,4,2,3,5,22.5839742940046,22.8086190793153,22.8513472101637,22.6479770020383,22.9975681807118,23.177184705232,0.0669637005685004,1
"P43897",7,5,5,2,5,5,23.9678695071493,24.0776106461011,24.7237034351951,24.0382584247102,24.7996387391523,24.5165055822078,-0.286279009492534,1
"P16547",5,6,6,4,5,4,24.1789570215758,23.0886900729233,24.3754541855888,23.4110965134277,24.5609741527682,23.4259273412819,-1.06322381076663,0.0565415321125402
"P07560",7,4,5,4,3,4,25.7258616324051,25.4570233535457,26.1947159818435,25.4347571233724,26.1631163334642,25.831822240478,-0.453363743438899,1
"Q96F86",4,2,5,3,2,6,22.7025388128846,22.7195085207975,23.0281802571289,22.9521889977095,23.2423622240677,23.1897001605859,-0.0372278716627671,1
"P10644",3,4,2,3,2,7,24.5638334107749,23.181434976343,25.1439788450019,24.506427929173,25.0726612469923,24.9490447760136,-0.714521940413167,1
"Q8N6H7",5,7,4,5,4,3,24.7482417910222,24.815272660725,25.1934808434784,23.8589442507635,24.152528095338,24.5246723869769,-0.298453810457733,1
"P0A7V8",4,4,2,4,5,4,23.908784921242,25.1789153950625,24.3182353770171,25.4611769056455,24.5650445362451,25.836723809861,1.22825042535493,0.0458059102542336
"P27614",6,4,6,2,1,2,24.2048984035222,24.5035634894188,24.602804753781,25.103062369699,24.6252077335753,23.6110676982036,-0.0717391111857021,1
"Q9NRF8",2,4,5,5,4,4,23.9220690453387,23.9967508593929,24.221487263011,23.7025425117359,24.2141003005822,24.0335611271891,-0.208267370204666,1
"Q6PJG6",2,2,2,4,2,4,22.3244699592915,23.1215883728962,22.897155987702,22.2966018900694,22.7527229234061,22.7839204438662,0.075920612144067,1
"P38143",3,3,3,4,3,4,24.0024819812109,23.0277232959368,24.3875952161767,23.3642814951432,24.392305236528,23.878016757045,-0.837453628596866,0.235549251514158
"Q08AM6",2,3,2,3,1,4,22.1372554096246,22.4861994120251,22.5658339997665,22.5370676441976,22.8874889401112,22.796009893636,0.0762328667854663,1
"P61201",4,5,6,6,3,5,24.2317557124945,24.1375382638271,24.8088655144747,24.5642067188608,25.0325961556284,24.5242109772579,-0.282420474217267,1
"P21242",6,5,5,3,4,5,24.4187906919445,25.3568058936005,24.8762315822943,23.4949471149735,25.9561245999165,24.0778207058326,-0.773857719916233,1
"P53597",5,3,5,5,3,5,23.7126135836244,23.4887293861361,24.0456771854528,23.7954231903893,24.0003459876028,24.1508359255348,-0.107882751539933,1
"O76071",4,5,2,4,3,2,23.2320506529116,23.5272943218868,23.4217618042235,23.4508548219953,23.7765888524698,23.6535789799711,0.0671089380827669,1
"Q9NPD3",4,4,5,4,5,6,24.3596393866996,24.4172913762386,24.6725849330442,24.6161088376174,25.1320220741249,24.9225493798514,-0.0694322667204332,1
"P16278",4,6,5,7,5,5,24.5667771170427,23.7066769649853,23.7384222738986,24.8796700869186,25.1721459184432,25.0986139649329,0.0692052358174327,1
"O15400",4,5,5,5,2,2,22.7455600580903,23.4744606463869,23.2322465631158,23.3577838018303,23.3641696628393,23.1821839757553,0.224150713309033,1
"P08579",NA,1,3,5,5,4,25.5350130861902,25.8859624688617,26.2657958664574,25.7455368755712,26.1367973152452,26.1589292089325,-0.0490592381758006,1
"P63000",5,5,6,4,3,4,24.5355512641856,24.9275749870877,25.4788310778,25.1895676080545,25.4284360846979,24.9947561896331,-0.110306547302733,1
"O15160",5,6,5,5,5,4,24.0176833037424,24.0251199567833,24.3901110827492,24.0794426274339,24.4342389256889,24.4747649944004,-0.0875685778542999,1
"Q9UKV8",2,2,3,2,3,3,22.410218416887,22.9936978816169,23.593132576641,23.1372923135949,23.1780525138834,23.5281006546506,0.159229114150334,1
"Q12305",4,5,4,2,2,3,24.7604456563473,24.3688720903566,25.1161194428836,23.6836553813204,24.969558668707,23.9928996225036,-0.9335655579191,0.10830318429793
"Q9NRG9",3,3,3,3,2,4,23.7505163493775,24.0788928538962,24.4753403448881,24.0063421740716,24.2253982471936,24.3450751884031,-0.00698157502943175,1
"P39109",3,4,5,2,NA,1,25.4823119076239,23.3876506929193,25.7303977840199,24.5369651161453,25.6324207283101,24.7376561455947,-1.3942861550982,0.0805280631028428
"P49005",4,2,4,6,6,4,23.5772281544476,23.5992243501707,24.1312688648794,23.4568827743946,24.010541593665,24.0329209664203,-0.210003507335466,1
"P38071",6,3,3,4,3,1,23.5026102838369,23.1365116559818,23.7831512228085,23.1548202718077,24.2062658810676,23.2375603877728,-0.654378357383568,0.401096851739983
"Q9NX55",3,4,3,4,4,5,24.1521094951874,24.3758824718664,24.0117391129669,24.1364805210228,24.3502450917389,24.526961708088,0.175077000361334,0.990148873178595
"Q9UBQ0",3,2,3,4,6,3,24.7526171763874,24.4651788853433,25.167105554588,25.0274889396467,25.3016060154892,25.2124704099993,-0.1720635038251,1
"P57081",3,3,5,2,4,5,22.4420207728732,22.4550341752255,22.5949971062374,23.10858810391,23.3943098657477,23.4503005862373,0.194198373504834,1
"P23919",5,4,3,4,4,5,23.5591025705258,23.3951408082158,24.1276546510684,23.9132248931584,24.1397223003438,24.2387091096741,-0.093134903629899,1
"P49903",5,4,4,3,6,4,23.8416769195266,23.3789414629231,23.5312750764929,23.3827738773888,23.6629240983748,23.5821852905706,-0.230658487837266,1
"P54619",4,4,5,5,4,3,23.3875465736755,23.3806876257322,23.5913721371515,23.4083511226462,23.6638093271532,23.810786461465,-0.0143009427122666,1
"P09064",4,4,5,4,4,3,24.771219133099,24.1565380202998,24.9606962157314,24.2037478178861,25.0433233854867,24.3185777003453,-0.698791731928633,0.182175448269269
"P00448",2,1,2,7,4,5,24.0008966108522,25.3903959656906,24.4640694387308,25.5428381096004,24.4073991276804,25.7850430161274,1.28197063805167,0.0410137936137114
"Q14146",2,1,4,3,4,4,23.3315950439095,23.4116092546934,22.4212535582217,22.7148893294508,22.9341834273421,22.3677178796362,-0.0642718552309667,1
"P46784,Q08745",5,3,4,3,4,4,25.8913901822136,24.7887244054444,26.2770217202626,25.0879617879147,26.3865945596286,25.2073720090587,-1.156982753229,0.056057299722218
"Q9NNW7",2,4,3,2,2,4,23.8786604322944,23.7540715386373,24.1421413438434,23.6808842172706,24.2185224412998,23.9882041170066,-0.2720547815077,1
"Q8N543",4,4,5,3,3,5,23.5239400888698,22.7070602825086,23.4992737802697,23.1208103988917,24.23905421828,23.4397938610524,-0.664867848322267,0.566564467230445
"P36013",4,5,6,1,2,3,23.2654636781637,23.1715821150057,23.589727371319,22.280994854416,24.0826366738089,23.1210446258551,-0.788068709338267,0.527419925660821
"P49366",2,2,2,3,2,5,22.2626828591314,23.0532961873176,22.7266463118835,22.9867337621066,22.8665775223745,23.4720633488202,0.552062201618334,0.294977928368097
"P07919",4,4,3,4,3,3,24.0737906699473,24.2678725261594,24.5615845397889,24.1726440438875,24.5778476053336,24.5077439592342,-0.0883207619295649,1
"Q9H4L5",4,4,1,3,1,4,25.0472316049959,24.823695125483,25.4050176871384,25.3315894405398,25.4252836561186,25.2632700601457,-0.152992774028134,1
"Q9BTE6",4,2,4,2,2,3,23.0622877954164,23.3875400002388,23.2704861118272,23.4219699048448,23.3922884638856,23.7547964886218,0.279748007525401,0.594632422402488
"Q9Y2R9",2,3,5,2,4,6,23.2540848753211,23.1396387803625,24.482223757977,23.7077452168507,24.5500209112337,24.4443365230567,-0.331536341420634,1
"Q9Y4C8",4,3,5,5,3,5,22.5034274943987,22.7139778681805,22.8197627835201,22.5398434428678,22.9529814017499,22.9169221724352,-0.0351427320617338,1
"Q6ZN17",5,5,4,4,6,5,23.3754775186018,23.4501472654572,23.7786370433917,23.9752418606034,23.906319591948,23.954186812475,0.106380594864699,1
"P63167",5,4,3,4,5,3,23.8481607202839,23.5175449283296,24.0723552400572,23.9883827023848,24.3647721454309,24.2620182611997,-0.1724474046193,1
"O75419",3,4,3,3,3,4,23.2492455655175,23.2731571650627,23.3617671173961,23.1220803987828,23.4548735773319,23.4370140489973,-0.0778782158009008,1
"Q9UGV2",4,3,3,2,4,6,22.7813741224719,23.3238123440763,23.3081545748218,23.0059623397844,23.4803965182131,23.4182185923452,0.0593560202330335,1
"P82673",3,4,6,4,3,2,22.9220703160358,23.2327343195789,23.4937717883473,22.9856301202407,23.4615919785861,23.2931168588636,-0.121984261428667,1
"P17096",4,4,4,4,4,5,25.973823554147,25.6599202435907,26.3386667527546,26.0173705069419,26.2553651864435,26.2475328045289,-0.214343979427866,1
"P40462",6,4,5,1,1,2,22.5037880169221,21.4443370286321,22.7347643952566,21.539917850077,22.7640989279408,22.596152440315,-0.807414673698468,0.496148030457395
"Q9NPQ8",4,3,5,4,6,5,22.9473922354367,22.6729529287311,22.9936028739277,23.7688767847712,23.2548822842617,23.0512296889082,0.0990606695948012,1
"Q7L576",2,2,4,4,6,5,22.9937195597674,23.1560262753754,24.1662883009382,23.0255324610719,23.4541393671234,23.5904253209463,-0.280721056811799,1
"Q9BUL8",5,4,5,6,6,6,24.4473392950131,24.3745900680926,24.7459181088943,24.4869927144436,24.7734404747142,24.7862179703808,-0.106299041901534,1
"P05749",4,3,3,3,2,3,24.8165297067993,24.2063532338795,25.1192232649414,23.8654065899659,25.3193795388334,24.3666494486502,-0.938907746026166,0.0972915256955912
"Q53FZ2",1,3,2,4,3,4,23.4391323598479,23.813282517401,24.225546964591,23.505929642263,23.8426493928701,24.5319901023548,0.114624514903266,1
"Q9NVM9",3,4,4,4,4,3,23.3503763550766,23.260071601526,23.6572061272266,23.3521223835409,23.5969151752054,23.6785279310218,-0.104591913806633,1
"Q15075",1,3,5,3,5,4,22.6349467262052,22.6381452033808,23.2547365604526,22.6783688885811,23.2246288201401,23.0207766943949,-0.259007106813699,1
"P38626",6,4,4,1,1,1,23.9540338608535,22.9556779288243,24.4182162756914,23.1870161257172,24.3317296549104,23.4049383246418,-1.05211580409067,0.0641347676904687
"Q8N3U4",2,3,4,4,2,4,22.7815881384319,22.9023775987975,23.3195015126825,23.0601960416084,23.3882540947464,23.3875568281771,-0.0464044257592668,1
"P41214",2,1,4,2,4,4,22.7863814124302,23.0998033454468,23.3185366037688,23.2016076597487,23.2015089514929,23.5024755343477,0.165819857283767,1
"P55769",6,5,5,6,6,5,26.1315356256723,26.0483054307928,26.4614844433125,26.5121253320831,26.7719745978164,26.891520440744,0.0289855122729013,1
"P49770",4,3,5,NA,5,5,23.6726050020714,22.673584915681,24.2539271001939,23.6205279295724,24.1559895388112,24.3182275144877,-0.490060427111799,1
"P53004",3,3,3,3,6,4,24.6821014369541,24.3706310078654,25.3871071392461,25.0851302476773,24.6929174645598,24.8020050026325,-0.168119927528268,1
"P00374",2,2,5,4,3,5,23.3796234726565,23.5402550594454,23.6607713091816,23.6312039272549,23.8897268458635,23.7100498860432,-0.0162042516527,1
"P39007",7,4,6,1,1,1,23.4636417337459,22.6377754046753,23.7499656609646,22.3876242694288,23.8021140953557,23.0840625644307,-0.968753083843801,0.0973834725205951
"Q15024",4,4,5,5,3,4,24.095405554616,23.7637764577783,24.3067723542525,23.7290829781711,24.375070329875,24.3928894055705,-0.297166465741202,1
"P19404",4,4,4,2,5,6,24.2604202529872,23.8855554410358,24.3331026527974,23.8996536980743,24.4609796323139,24.2264320381295,-0.347620453619633,1
"O75330",4,3,4,4,4,3,23.5632244402674,22.3239371038218,24.0402805224561,22.864368479029,23.9997689228037,23.2916432944682,-1.0411083360694,0.128157226029831
"P25325",3,4,3,3,4,4,23.1579562529486,23.1850124118885,23.1511893860764,23.2411049489442,23.562563626575,23.5526838710002,0.0356973220776335,1
"O43823",3,3,3,4,3,3,24.5171623514396,24.6781056778104,25.0870352897326,24.9006687624821,24.2169920955251,25.2862385000473,0.347941067880832,0.956042069215083
"Cont_Q2KJF1",1,3,4,2,3,5,22.8879985823111,22.6817663241219,23.1450637683245,24.0926068265524,22.9121403993412,22.9095367002843,0.246235700327266,1
"Q9GZZ9",2,4,4,3,3,6,23.093854348363,22.7779535662663,23.0373525661076,22.5241139895127,22.8634813426259,23.213370660059,-0.159750013752833,1
"P23641",3,5,4,3,4,4,23.5351666683644,22.9515509014856,23.5994293658247,22.6266024928635,23.7761496619251,22.9568261563975,-0.791922048455866,0.127022200955094
"P17423",4,4,6,4,3,3,23.9640678622854,23.3920887496277,24.5449184595056,22.630894652072,24.8943895410034,24.2161081686354,-1.05476143081977,0.420353300003692
"P48015",7,5,5,3,2,2,23.8722681257008,22.8973176748815,24.3008270442104,23.0367528150804,24.3638529580284,23.1719500701965,-1.14364252259373,0.0538800868171015
"Q9UNQ2",5,4,2,5,4,3,24.3275263300942,24.1616585794527,24.8072162482386,23.9846371457549,24.8491468782821,24.3469945070298,-0.496866408125834,0.933676092544987
"P13674",4,4,4,3,3,4,25.3286565766891,25.4338421343163,25.4556692400232,24.9407531335936,25.1095815284297,25.1600432803183,-0.119756265637934,1
"P0C0S5,Q71UI9",5,6,6,7,5,7,31.057447099023,30.7984453002727,31.4028511221655,31.1370602407292,31.3522995511504,31.4174356089377,-0.1532188741331,1
"P61077",4,3,5,4,5,4,25.181182594227,25.2441201929711,25.3657740337166,25.1503390446994,25.4472903553265,25.4604153991366,-0.0464574488210007,1
"P40010",5,4,5,2,1,3,23.2852841016343,22.849082434736,23.455357198872,22.4193426314946,23.7519503629567,22.8110300760686,-0.804378840387932,0.165586442238555
"Q86UE4",4,2,NA,4,2,3,22.6928438416678,22.4527738724136,23.0467629908012,22.8225696640127,22.941449038823,24.7332860838695,0.442524583001269,1
"P39714",3,4,5,3,2,2,23.7936096591556,23.346051471196,24.1664999365246,22.9065877826418,24.8258915124967,23.4192452760015,-1.03803885944587,0.150577816249733
"Q9Y5B6",5,5,4,5,4,3,22.5952608966402,22.8300535328134,23.0430110913779,22.7961525209844,22.8911224895118,22.8562335423977,-0.0156516271114668,1
"P02358",2,2,3,4,5,5,22.3254616535291,24.0878460890871,23.1877047036839,24.4800926162248,22.8541531147465,24.7096222474803,1.63674716027757,0.0288504417805597
"P40121",5,5,5,4,5,4,23.0108816488901,22.8796439147609,23.3000778245503,23.0519561784566,23.43926440531,23.3350423178031,-0.161193822576598,1
"P07703",4,3,4,2,NA,3,24.0385941867109,22.8401140446222,24.014975645743,22.8027435353537,23.7791269902573,23.0747691477369,-1.0383566983328,0.0561284181598124
"Q9HAU5",3,2,3,3,3,4,22.5879768424075,22.6004246285055,22.8757324807295,22.8968340368225,23.0169090885753,22.8270412402523,-0.0521061687106664,1
"Q12824",2,3,2,4,3,2,23.0608365821627,23.304549075237,23.6275709539764,23.3614876350084,23.5757728105711,23.8721435400445,0.0913333011932345,1
"P23615",4,4,4,NA,3,NA,23.6298406196671,22.7340364409828,24.1138561245791,22.812006670269,23.8974851603669,23.3030772503663,-0.930687180998335,0.111711777819235
"Q9ULX6",6,4,5,5,6,5,23.1702820696712,23.3505509046734,23.3364444499916,23.0327689936625,23.4062210979371,23.292840320416,-0.0789291329493314,1
"P34896",4,1,3,3,3,3,22.1363706827861,22.0101024077844,23.4327469229884,22.0812698469736,24.1546197396771,23.0427267798623,-0.863212770277099,1
"P35219",2,3,3,4,1,3,23.5535463334167,24.0672666113402,24.4060757396474,23.1068603404077,24.1313195830595,23.483963840003,-0.4776169547909,1
"Q9Y244",3,2,4,3,4,3,24.3279615456146,24.2999184342652,24.6821283412307,24.2829985990292,24.258211757237,24.6860686291325,0.00022800611486673,1
"P36136",4,5,3,1,3,NA,24.6905416572823,24.2556026153148,25.0390880586028,24.5137091656939,25.0233476014372,24.7230254120536,-0.420213374753333,1
"P18615",5,5,5,4,5,5,22.2223257396648,22.9825695948798,24.3734773315982,23.3494791283166,24.3611124973951,23.6054623364731,-0.339801502996201,1
"Q9UNE7",2,3,4,4,2,6,23.5603588423107,23.857991242885,23.9614647970524,23.6314770559437,24.0427297852095,23.9481445811225,-0.0423135148737993,1
"O43818",3,3,4,4,4,5,23.8892212495429,23.6210846769877,24.6065443771266,24.0082326647545,24.5694852658608,24.60974991223,-0.275394546186032,1
"Q16186",4,3,4,4,5,4,24.2946545403482,24.0091263969674,24.2802498484812,24.1776511393354,24.530407051542,24.5739426387801,-0.114863755096168,1
"Q9UQR0",4,3,5,5,4,5,22.4041439396101,22.381452516933,22.8378941911241,22.1804062121303,22.9545594920283,22.845789024514,-0.2629832897284,1
"Q08170",3,4,6,5,5,5,25.6908865640144,25.6149534352196,26.2656333583991,26.0479532893701,26.3008595737337,26.420439837806,-0.058010977917166,1
"Q9HBM1",2,5,5,4,2,4,23.3421183557009,23.7698376418995,23.875106532405,23.4247169447623,23.6000549035003,23.7661678475505,0.0478142142020322,1
"P16083",4,3,4,5,5,4,23.9503153383553,24.0598636202588,24.4295541097743,24.1206920847954,23.7225709613412,23.955422879495,0.0111793916927994,1
"Q4G0J3",4,4,5,4,3,4,23.4517319267286,23.26425760103,23.6914191587847,23.4037282528278,23.9399754975804,23.7180096763299,-0.232377017635333,1
"Q13206",2,2,4,3,4,6,22.3761627575553,22.5396527346924,23.1369801638003,22.403006040497,23.286717365898,22.8406287887365,-0.338857574442566,1
"P46781",4,5,5,6,7,5,27.4029990168521,27.318724838555,27.879457050454,27.4235590036846,27.8998871846608,27.7042782341575,-0.245260391856601,1
"Q9Y2B0",3,4,4,3,3,5,23.4224486405429,23.660706144949,23.7693189009114,23.674599613746,24.2598014392266,24.322744850033,0.0688272093490336,1
"Q9NR31",2,4,3,3,4,5,24.5266428663002,24.4438500774384,24.8357376966128,24.568198757645,24.8418925376478,24.7230586487601,-0.156388538905766,1
"P38523",4,3,6,4,4,3,23.1216465459622,23.7525187716201,24.5675673739886,23.8586131834283,24.6913237322606,24.1672741876753,-0.200710503162566,1
"Q01970",3,2,5,2,4,4,23.0364270213102,23.41632142322,23.9829326657188,23.7795877172562,23.8212334850223,24.1639536529383,0.173089873787733,1
"P17612",3,NA,2,1,3,4,23.6212248924644,22.3604597235898,24.2370382175206,23.5723791914203,24.6211314169941,24.1338025922315,-0.804251006579167,1
"O43504",3,4,3,3,4,4,23.1110977725979,23.5899185441524,23.7164789204268,23.2487711765318,23.6308474498483,23.6785323366777,0.0195993048296342,1
"Q96Q11",6,5,4,5,4,3,23.7840510877705,24.1563934352623,23.7941921414089,23.8333995238643,24.2596784778024,24.4347599225597,0.1955437249015,1
"Q13363",3,4,2,2,5,4,23.5889013689599,23.5934635028524,23.9190140510697,23.7678876131499,23.9986196950789,24.1254740120331,-0.00656999569103315,1
"O14562",2,2,4,2,NA,3,22.7979493087625,22.8052818777678,22.9531808338116,22.7915489476533,23.4178211030694,23.2111712021845,-0.120316406012634,1
"P0A6T1",1,1,2,5,4,5,26.4495598885564,26.243822771816,26.9779483934773,26.5260794984388,27.063274267901,26.7976833910599,-0.307732296206667,0.905782079192484
"Q06146",4,2,4,1,1,1,22.7159980075943,21.7270643630222,23.2542018254544,22.2029117691924,23.2519481101787,22.8067755681773,-0.828465414278499,0.407103787245174
"P41229",NA,2,NA,3,4,2,22.1167589505312,22.2515280627561,22.7019728826091,22.4220197110288,22.6092411984223,22.6874507606197,-0.0223248323859989,1
"Q9NRN7",5,5,5,4,4,3,24.1014451595207,23.9248558057811,24.4189516264482,24.1895176903495,24.5295105045474,24.5027054506674,-0.144276114572767,1
"Q9Y6D9",3,3,3,3,3,2,22.7548831197841,23.0283365926765,22.9589277195399,23.2022498462783,23.2921193867784,22.893710359782,0.0394555242114656,1
"Q04636",5,2,5,1,NA,1,23.421341660175,22.5317813419153,23.6713487471325,22.8975724039235,23.8035610127224,22.8861464453557,-0.860250409611801,0.107153932226287
"P49573",4,5,4,4,4,3,22.5493758792136,21.4173954312776,23.7405700061465,21.7168470862003,22.9256247011662,21.9235262532058,-1.3859339386142,0.0661666492582507
"Q9H078",4,3,2,2,2,6,23.8175241530692,23.6342922624228,24.1043268047752,23.9577413182518,24.1506115989077,24.2329992082179,-0.0824765892865346,1
"P39743",7,4,4,3,2,3,23.888484168968,23.2051618880473,24.3252358603566,23.296668959403,24.1156076008363,23.5273354904898,-0.766720430740265,0.165586442238555
"P0A8G6",2,1,2,4,4,4,23.3151277211043,23.4088596587819,22.1434331966653,25.2135129095975,23.054520193271,24.1473204635383,1.41887064029237,0.187754568626896
"P32775",5,5,4,3,2,2,23.6324832998316,23.3563560534503,24.3230326260987,24.1405447528969,24.280412276145,23.6961975281008,-0.347609955875767,1
"P0ADG7",1,NA,NA,3,3,4,23.2499583028829,23.1297581218567,21.9996028373963,23.4165764388577,21.8745268403929,23.7306595028596,1.05096869430063,0.3158492642607
"Q15648",5,3,4,4,3,2,22.7077036223941,22.7239017089801,23.1935585969773,23.0100264075449,23.195103773912,23.3371646778647,-0.00842439963123335,1
"Q5TFE4",3,2,4,2,4,2,22.4096095034597,22.8197483631855,22.8513136556225,22.7686223122981,23.2886646102633,23.1459267055118,0.0615698705499668,1
"Q9GZP4",3,4,4,3,3,5,23.8084623600034,23.8621018338837,24.3394716424006,24.0225925054159,24.3162807029919,24.3059542943561,-0.0911886905800673,1
"P62249",3,3,5,4,4,6,25.7181567768287,26.5504739061213,26.8003204164226,26.6288802433045,26.9257037410305,27.0726869218007,0.2692867123149,1
"Q9H074",5,5,5,6,6,4,25.2937528365016,25.4139949508076,25.2255019538215,25.0986554042267,25.3022212464261,25.2116976196013,-0.0323760207045337,1
"Q5JSL3",4,3,4,5,4,3,23.1352076369508,23.5801986358617,23.4951262538322,23.0328130405119,23.9249773710507,23.6687100533608,-0.091196510699767,1
"P11498",4,4,4,5,4,4,22.7336616732011,21.9087370117002,23.0402584456498,22.8657193027698,22.8071362418288,22.7954428104631,-0.337052411915534,1
"Cont_Q03247",3,3,5,3,3,4,23.3669237987699,23.7880419068573,23.3957935053941,23.5499805023949,23.5835566030115,23.651726513041,0.2144916717059,0.821048665620094
"Q7Z4W1",2,3,5,3,4,5,23.1323621295918,23.077780782171,23.0150869565969,22.9155884759283,23.2342027412342,23.1848655085404,-0.0678056869277329,1
"Q9UN36",3,3,3,4,3,5,22.9814200803796,22.9735414771189,23.2151057691961,22.8522852774609,23.0528774542508,23.9896790375094,0.1887008294209,1
"P43304",3,5,4,4,6,4,22.7885779553521,23.2408181123127,22.9824604469048,23.0412502305554,23.1435465465969,23.4784403162298,0.281974570081366,0.62673517907815
"Q96T23",5,1,NA,2,5,4,22.6699280710498,22.4927471901541,22.4263140288899,22.8475126559124,22.9221994674828,23.1251253903368,0.1489812229936,1
"O43156",1,3,4,3,4,5,22.787057720059,22.998654124123,22.7831534214529,22.4893450156039,23.3146977424978,26.2371224136574,0.946737556458199,1
"P40047",3,2,2,NA,1,2,24.7839459143631,23.9479694135953,26.1237021212012,24.3458426809926,26.0737955721577,24.4771185209014,-1.40350433074423,0.0972915256955912
"Q9UFC0",4,3,2,3,3,4,23.1807280737408,22.8727284167885,23.7149633027645,22.8856174380517,23.5490389144956,23.5478486240876,-0.379511937357699,1
"Q8N201",3,3,3,2,2,3,22.6258624297643,22.869440597549,23.092891636423,22.9086115965897,23.542557118002,23.2583024914041,-0.0749854995488342,1
"P14927",5,6,6,6,6,7,24.2810916684438,24.4383336140646,25.0703042512983,24.9792305799603,25.0846489716669,25.0398710430752,0.00713011523036637,1
"Q08723",6,4,5,3,2,2,23.9951077511224,22.9083886807371,24.1482919261508,22.8156911138265,24.0500033852344,23.6868974686398,-0.927475266434734,0.159585380957754
"P00961",NA,NA,NA,2,4,6,22.0275348353088,23.0632634040761,21.7715090147832,23.0815131822937,22.107191529003,23.3614654132997,1.20000220685817,0.0472346918559136
"O75431",3,1,5,1,3,4,22.2884010175195,22.3260803790402,22.4032995722644,22.8445368265964,23.175766988132,23.2380795985312,0.180409742083966,1
"P82933",2,4,4,2,6,3,22.4364065571157,22.9641198757134,23.1127417420096,23.0177269641701,23.2832400033852,23.3416512900644,0.163703275812469,1
"P02293,P02294",6,4,5,5,4,3,31.2842546471116,31.6439140848526,31.7577381182739,31.5759249990025,31.6281097457311,31.7494684703378,0.0997350143587674,1
"P39958",5,6,4,3,1,2,24.7659104694092,24.9291428034411,25.5530808224758,24.6817083200449,25.4735096867186,24.9499444095625,-0.410568481851699,1
"Q00688",3,6,3,5,4,4,24.2601340720487,24.3498906345548,24.7468469240712,24.2571501318459,24.6465488224593,24.8338876271596,-0.0708671416729665,1
"P23337",4,1,5,1,NA,2,23.9961350208484,22.9915741765077,24.1557913304525,22.3937284971131,24.3017268502497,23.4137028126643,-1.2182159050885,0.0690556871676902
"P52594",3,3,4,4,3,4,22.3351888770606,22.6335025892892,22.7362357215817,22.47946698072,22.7313981748654,23.2016677787407,0.170604858414067,1
"P05755",7,7,6,7,6,7,28.0954831436,27.1292657203004,28.517798401732,27.1362858731843,28.3994998545831,27.3580198557909,-1.12973665021317,0.0531322978535179
"P55957",4,4,4,3,5,4,23.1959098254616,23.1459061875913,23.1721759878772,23.373044346722,23.7116885014884,23.6393683118732,0.0261815104530996,1
"Q9NR46",4,3,5,3,4,7,24.0488659850214,23.1456187505898,23.3957714137035,23.1671519651147,23.5209164427618,23.5284091584339,-0.374791322449433,1
"P30260",4,4,3,5,3,3,22.7917446704573,23.0778958245027,23.1194188034892,23.021448360145,23.3585363826449,23.2901139320727,0.0399194200430001,1
"O75569",3,4,4,4,6,6,24.1119018488099,23.9972994101241,24.5584517774716,24.0781323983142,24.6382319475698,24.5415586829679,-0.230531694148367,1
"Q9UNF1",2,2,2,3,5,4,22.0113630859926,22.0807682549285,24.807046696224,22.1249135902985,22.4191696505563,22.4575254175009,-0.858124056681665,1
"Q9HCG8",3,3,4,2,3,3,22.1042722488744,21.236775529016,22.4907478259318,22.1327599884496,22.8059198732645,21.97493442397,-0.685490002211698,0.709484969653514
"P53131",4,4,6,NA,1,NA,22.7796857956356,22.1312872366862,23.2335304487156,22.1782976927059,23.2415203316459,22.4379224587538,-0.835743062617067,0.131152937317114
"P32780",2,3,4,4,3,3,22.9617173677198,22.4879298030995,21.5868986428475,22.325540432618,22.4683170291105,22.3016614109718,0.0327328690038324,1
"Q9BXS5",3,5,3,3,2,5,23.5869375727755,23.1387850381686,24.086178834326,23.3569168209697,23.5327230820792,23.3969851709426,-0.4377174863666,0.773626373626374
"Cont_P01030",2,3,5,3,3,2,23.0764259820845,22.56683029421,23.8227857258327,22.8429445451114,24.0193389264351,23.0345686074465,-0.8247357291948,0.320158216744105
"Q9UBD5",6,4,4,4,5,6,22.4848343235622,22.7180248366338,22.9558428532712,22.7592909707775,23.06752758292,23.0514758203352,0.00686228933103195,1
"P33570",NA,NA,NA,1,5,3,22.162391175083,22.4276402159943,22.0559522933395,24.6096151143402,22.313757979888,23.3080887318961,1.2710808713067,0.183048102781625
"Q12452",4,5,5,3,2,1,23.7027725616482,22.5508648918126,24.1018330450562,23.0021361620888,24.1195972191852,23.0296082343117,-1.11386451255883,0.0597142113147524
"Q9NQR4",4,4,4,2,4,4,22.1151624283698,22.8599899661601,22.8498706441051,22.7894118551253,23.0360132594669,23.1659408202345,0.271432103192701,0.838611428587149
"Q9Y221",4,4,5,4,4,5,23.6003988790205,23.7831173432746,24.0415431882455,23.7343814432345,24.0516021061357,24.0213590600142,-0.0515621089594672,1
"P0AFG6",1,1,1,2,4,4,21.5770120043403,23.2205170834871,22.2224461771978,23.8231410586772,22.5289022458769,24.3150924704463,1.67679672839853,0.0288504417805597
"P09417",3,5,5,3,4,6,23.7369845465298,22.5692841796749,24.0003114269652,23.6576361763402,23.7862115878873,23.8611623663105,-0.478474946352235,1
"P48426",3,5,2,5,3,4,23.2982471988825,23.8826497654145,23.9129754705627,23.8798201003045,23.1460288244574,24.0014038990148,0.468874090277067,0.492139852863886
"P23291",4,1,3,1,1,1,22.6970335130179,21.932275587128,22.9902476848152,22.2278318422252,23.1620698072336,22.5653744132351,-0.707956387492799,0.334889986264111
"Q8NFH5",2,2,4,3,3,5,23.8439410767425,23.6482748462312,24.1379783053514,23.8013077388429,24.9186845689283,24.9595775960677,-0.163814589960133,1
"Q9Y6H1",3,3,3,5,3,4,24.7739396320788,24.2598584633393,25.0694409168165,24.6726329471874,24.9167807961529,24.9673564443441,-0.286771163392467,1
"Q9Y5X3",3,4,4,2,5,5,22.9846139400867,23.2752046462971,23.5212233707866,23.347676511778,23.383196040567,23.7335811019601,0.155809636198301,1
"Q16836",5,5,5,5,5,6,26.8385891939858,26.0873084127983,27.3124881762139,26.1736617361055,27.2531444593637,26.4967070317089,-0.882181549650233,0.114083666860179
"P35997",4,4,5,3,3,2,27.80862281052,26.6898310194915,28.2338583712174,26.746886585313,28.190341488514,27.0819657710933,-1.2380464314512,0.0504837653615589
"P09884",NA,2,3,3,4,4,21.5012088811187,21.9314061668232,22.343516206268,22.2252483374875,22.3796187137212,22.4859916550274,0.139434119410068,1
"Q03655",3,3,2,1,2,2,22.2689840998803,21.0208651830133,22.9686773386797,21.9500971722069,22.8150115791059,22.8668942251236,-0.738272145774034,1
"P0A7K2",4,3,5,6,6,6,25.4212865649773,26.9282215144867,25.7044295910263,27.266340192311,25.8331092663317,27.598877936931,1.6115380737978,0.0212344932662672
"P53731",2,5,4,4,2,1,23.0788273945853,22.8986012028987,23.6784318628874,22.9809276736023,23.3781792086435,22.82360689334,-0.477434232091734,0.667582417582418
"P51553",2,2,2,2,2,3,22.8933400486732,23.3623957548819,23.3218206361252,23.086361570202,23.3423488474786,23.5444968515434,0.145248214783434,1
"Q641Q2,Q9Y4E1",3,2,3,2,4,3,22.2775135868416,22.035558101795,22.1068280797887,22.1162078263632,22.4510717264279,21.8848685480918,-0.266259638936067,1
"O00233",5,5,4,5,6,5,24.2383378217155,24.1666980581434,24.7512220397084,24.4287978258744,24.7340034562249,24.6957683113692,-0.1440997074206,1
"Q8IX90",5,4,3,3,4,4,24.9404237402585,21.7263519511635,22.4424816386267,25.1760405656479,22.6595874504405,22.4738816014424,-0.222072903690633,1
"Q9NWV8",3,1,5,3,3,3,22.8416750002175,22.9323333556236,23.6794349973989,23.0742450340706,23.8181876795299,23.5320781176465,-0.266880389935199,1
"P51570",1,2,3,6,4,1,23.8606019532553,23.976476458933,24.1469158826329,23.927255865316,24.2645044522514,24.2567326041325,-0.037185786586034,1
"Q13595",4,3,3,6,4,6,24.5102021714645,24.9666783833754,24.9300824594583,24.8800699945107,25.0647993293936,24.7299202450642,0.0238615542112986,1
"Q04371",7,4,7,2,3,2,24.4037312428727,23.4386713109988,24.4957113508577,23.5433644083509,24.5746497660344,23.8412980943946,-0.883586182006834,0.0837163533696522
"Q9UBQ5",5,4,4,2,5,5,25.1264461126942,25.4049196199152,25.507403540222,25.2397473922549,25.6131480423919,25.633576642974,0.0104153199453331,1
"Q9BSC4",3,1,2,2,1,4,22.8456756247395,22.5334337072737,23.3246431395838,22.7144902691645,23.2359535888467,23.5096828394428,-0.216221845762999,1
"Q9NS86",4,3,4,3,4,5,23.0179574761189,22.9896060245206,23.2016096039344,23.0813368211085,23.4899169087653,23.4040831148789,-0.0781526761035328,1
"P62314",2,4,5,3,5,4,25.2222722250256,25.0643674745275,25.8263710084622,25.5627997660103,25.822204658017,25.9113831182976,-0.110765844223132,1
"O75223",6,4,3,5,5,4,24.6157885651751,24.4009074417059,25.3333924653025,25.0877889644263,25.5174414839707,25.3997123643121,-0.192737914668,1
"Q9NWU1",1,1,4,3,2,5,21.9002708391349,21.9689292649617,22.1456467350748,21.9826225121378,22.4989103022233,22.5863286571317,-0.00231581406726633,1
"P11441",1,5,2,2,1,6,23.9263160853257,23.4675928641205,24.331477231895,24.064135870764,24.2221968883814,24.2403918996135,-0.235956523701366,1
"Q01469",5,4,3,5,5,6,24.6992795065846,25.0135458824827,25.2295841266495,24.9733964325019,25.2619119831718,25.3050990218728,0.0337552401505003,1
"Q9NNW5",2,2,2,2,2,5,21.1615621737758,22.4093899001948,21.7137293594597,21.7487159659578,22.2358166019625,22.2594274948009,0.435475075251833,0.852795092231712
"Q13330",2,3,3,5,3,4,22.8864646497617,23.4230336888236,23.642758495453,23.2903753838989,23.8012571107044,23.5233270834132,-0.0312480332611322,1
"O14530",5,5,3,5,4,4,23.423000337185,23.273927462483,23.737307076897,23.5184067963979,23.5772280391761,23.6020566842233,-0.114381503384633,1
"Q9Y5L4",3,2,2,3,4,4,24.9416004650335,25.2522660977546,25.0542166080795,25.0190796127565,25.303076971575,25.2532333483383,0.0752283380537998,1
"Q9H444",5,4,3,5,5,4,24.0228698091868,24.0700929303908,24.5782714445799,24.2045359217723,24.5597992731671,24.5613956352928,-0.108305346492634,1
"P36037",5,3,4,2,1,NA,23.4836926670224,23.6570015253982,24.0823621774798,23.8728480684203,24.0474477987381,23.8796935479848,-0.0679865004790005,1
"Q9BVL2",5,4,3,5,3,5,23.2457042923568,23.0640904668038,23.0677716060816,22.7151515718349,23.2587207150769,23.4768979597246,-0.105352205050666,1
"Q8NBN7",3,3,6,4,5,4,23.495105265961,23.4114172405316,23.9769179610821,23.7205321442194,23.8496217623107,23.9573966506344,-0.0774329846561344,1
"P38986",5,4,3,2,1,3,22.606024136189,21.9662485245942,23.177148047188,22.0767671659234,23.2308132271202,22.5490127015235,-0.807319006152034,0.254320944965076
"P84090",4,5,5,4,4,5,26.4708504851566,26.6419890941899,26.7126370913739,26.5578779160385,26.7755178525759,26.8151332797117,0.0186649536112332,1
"P0A763",2,2,3,4,5,4,23.078421871473,25.0864035249063,23.5532571061216,25.1563522328175,23.6579492551939,25.483845784562,1.8123244364991,0.0164828483405032
"Q9BQY4",5,4,3,3,3,5,23.1048034811812,23.3278675523706,23.3704148358408,23.0898441901536,23.5852236614008,23.6150961566788,-0.00921135973993496,1
"Q8NBT2",4,3,3,4,4,4,24.2587414146467,24.0466088059275,24.4947924860973,24.1751601216269,24.4661326113928,24.3904395264327,-0.202486019383233,1
"Q9UHB6",4,4,3,4,4,5,22.9209087041595,22.1718128231969,23.6322555220145,22.8151131436135,23.523616032371,23.6543515147119,-0.478500925674233,1
"O75683",5,4,5,5,5,5,24.0382679711431,23.669758996441,24.3674430139296,24.4081121459308,24.6809138261991,24.749412818511,-0.0864469501296649,1
"P40327",3,3,5,3,2,3,24.8706230290983,24.6724463844012,25.4306534054435,24.8371753647502,25.4223235171897,25.1678585073435,-0.348706565078867,1
"P36957",5,3,3,3,4,2,23.4991726678514,23.8894775048574,23.8765967560169,23.7575847247002,24.1329751881291,24.2585362745475,0.132284630702565,1
"P21283",6,4,4,3,3,4,24.370989449464,23.2468981469479,24.0009806556702,23.4762359501742,24.1942284269549,23.8788379538033,-0.654742160387901,0.41395271415344
"P23292",4,3,6,2,2,3,22.8342189183409,22.1925841947993,23.2074951908208,22.4230207330863,23.4293932043331,22.792875368721,-0.687542338962733,0.415176874814958
"Q9NWV4",4,5,5,1,4,3,24.0254276985222,24.381597869073,24.4140913705195,24.1181661062843,24.3794569005788,24.4858418353169,0.0555432803512339,1
"P43582",4,4,3,1,2,2,23.3827461772666,22.4325210014826,23.8399007547722,22.4964349520561,23.7990579580234,22.6525091212296,-1.14674660509797,0.0531322978535179
"O15143",3,3,5,6,6,4,23.3283203352346,23.3069703323509,23.881066057149,23.5171269002665,24.0485362638359,23.9211905443016,-0.170878293100166,1
"O43488",4,3,3,5,3,5,24.2974427615733,23.9338250722996,24.208903660142,23.9015079204529,24.2591323507436,24.8101522823953,-0.0399978324370321,1
"P39013",4,5,5,2,3,3,23.6053309809878,23.1391619213639,23.5721904227573,23.901902557449,24.6612706588724,24.4337852226591,-0.121314120381834,1
"Q9BWE0",3,4,5,3,4,4,22.8527085611596,22.8129572492775,23.3682309465745,23.1794950197289,23.1623556759827,23.3561975215571,-0.0115484643844326,1
"P0DMU9",2,3,2,3,2,3,22.8635361666103,23.0570930494346,23.417597338457,22.6274444907309,23.3909092953107,23.2756155842186,-0.237296558664634,1
"P22256",3,2,2,6,4,6,25.1997722270304,24.5397232476003,22.380400422706,23.5541274252861,22.3536698104044,23.9481376283131,0.702715280352899,1
"Q9H3K6",4,4,3,3,4,4,23.8936383417168,23.9497912745942,24.5503703299971,24.1181604017991,24.4343313291863,24.3294840405873,-0.160301427973201,1
"P27248",2,2,1,3,4,5,22.7431594084416,24.1522647241255,22.8601869482329,24.3502380763014,23.0629535860327,24.6554750393659,1.4972259656952,0.0250096676684495
"Q96EY1",3,4,4,5,3,5,22.9344958914159,23.1310508977293,23.1553829415626,22.9512534061411,23.3362177809512,23.3152670564508,-0.00950841786949989,1
"P00864",NA,NA,NA,3,5,3,24.1177802104028,24.884802327626,24.6462096334816,24.6579677848905,24.7705355596026,25.0324789569711,0.346907888666867,0.498244892664579
"P35191",2,3,4,NA,1,NA,22.5103854631075,22.5207837519788,23.4884398612469,22.5211923333957,23.5414126335993,22.3371047747162,-0.720385699287667,0.597828324018502
"P61964",4,6,5,6,6,5,22.8807800035747,22.8996043780712,23.3039987795783,23.005447742872,23.2868184488817,23.3281288274795,-0.0794720945373335,1
"P38144",3,5,5,NA,1,3,22.2352590275332,21.0921825717083,22.5979462620119,21.6534209900479,22.8910982862337,22.3483292850465,-0.876790242992033,0.4347840089236
"P40414",4,5,2,2,3,2,24.1976605006356,22.7659895586601,24.3632639962361,23.3816366799738,24.3674724758539,23.5349348645641,-1.08194528984253,0.0717120287189232
"Q96T60",2,4,3,4,5,3,23.023973924567,23.24290354464,23.2812794747927,22.6318738886134,22.9573430656672,22.5152638273985,-0.290851734791667,1
"O75347",6,4,6,7,6,5,26.4805586141883,26.1011998722829,26.9080789418612,26.4696209521243,26.8633808580873,26.8965696619875,-0.2615426425807,1
"P15254",NA,NA,NA,4,2,6,22.5590390686649,22.93793069163,21.9175021984925,22.4942205691932,22.7046673602311,22.9247468231395,0.391896485524734,0.796911234052293
"P10606",4,4,3,4,3,5,25.5526832847537,25.6305835331966,26.1169467351989,25.9546872761398,26.1902780317695,26.2194199579622,-0.0184057614745008,1
"P05373",4,5,3,2,NA,2,22.8413192121706,21.8118973433966,23.3952094651446,22.433885421322,23.6792569376934,22.8048475960904,-0.955051751399867,0.264678833396241
"Cont_Q28085",1,1,1,4,2,4,21.6699697961337,21.8319838819529,21.909739482572,22.0137552586714,22.2976217352052,22.4462584514619,0.1382221927251,1
"Q13257",4,3,4,3,4,3,24.2265938777169,24.3466585907633,24.4836798757454,24.5091674289668,24.320746434245,24.755640462256,0.193482098092935,0.846777158311717
"Q14318",2,3,2,1,3,3,22.9073731670025,22.7543975104581,22.9410802123431,22.9338853894763,23.3745677819744,23.2649061395226,-0.089944040620999,1
"P38197",6,5,5,3,2,3,23.2243747558325,22.2661022359114,23.5626466523897,22.3006875638192,23.6085256746249,22.5949451849658,-1.07793736605023,0.0565415321125402
"P20459",5,5,4,2,2,2,24.3237176678624,23.5263286110637,24.4042848143958,23.0656777698343,24.3192891199236,23.6109300955373,-0.948118375248834,0.0793529768778572
"Q14558",3,4,3,3,2,3,23.4328392946886,22.6277685306075,23.7825639648805,23.6037304681025,23.6878001438418,22.9142577431701,-0.585815553843599,0.965496431503419
"Q9Y3E5",3,2,3,3,4,3,22.1957845993765,22.7986146796461,22.744922608284,22.5036585933943,22.8176312979829,22.9102631057936,0.151399291063534,1
"Q6P1J9",3,4,2,1,5,3,23.0431387879457,23.503643430553,23.9990053395004,23.4972250845395,23.6917623651857,23.7933864045395,0.0201161423334012,1
"P48507",3,4,4,4,4,5,23.5575173400152,23.4003903609224,23.8546450901546,23.6756881060657,23.9763538246027,23.9915586938173,-0.106959697989033,1
"Q9NR28",4,5,4,6,5,6,25.8369731934676,25.7091419887726,26.3223015928536,26.146415008076,26.3312660482319,26.3039037693061,-0.110360022799465,1
"Q8TBN0",2,2,2,3,3,3,22.2428666296582,22.1116104209726,22.5094333728361,22.3311062388815,22.5735438750347,22.5810228513809,-0.100701455431333,1
"P50402",4,4,3,4,3,4,23.3312343338407,23.1661118886845,23.8547240265048,23.5998330683999,23.9151829737365,23.9717796346095,-0.121138914129367,1
"O75607",4,4,3,2,4,6,24.4033362432817,23.7553257747748,24.5951200702169,24.4123845509178,24.5875305517957,24.7992882429353,-0.206329432222134,1
"P08648",NA,3,2,3,5,4,21.9766893616349,22.2234512983715,22.3392162201566,22.2298708588935,22.5864934802442,23.2508399492131,0.267254348147465,1
"O14964",4,3,3,5,5,3,23.3837023151871,23.3386849765086,24.0468788683698,23.8028655851419,23.9556986784205,23.9405712417847,-0.101386019514067,1
"P46108",3,4,5,2,4,5,22.3820833262075,23.352017150502,23.1380476992928,22.8414987967645,23.3898873098106,23.5374674932413,0.273655035065634,1
"Q9Y508",2,4,5,4,4,4,22.6716251782223,22.6421905466308,22.7441503761343,22.7834191329282,23.0141734090076,23.0438967223375,0.0131858128440996,1
"P36959",NA,3,5,4,2,3,23.1077408405945,23.1972045423528,23.3734458678947,23.2531202159656,23.3802406792612,23.3748355905688,-0.0120890129543992,1
"P19387",2,4,5,2,2,3,22.53886621121,22.9438720092664,22.7239546051541,22.7771279683252,22.8977151211608,23.0254577762908,0.195307272119167,0.774240275436124
"P08134",5,4,5,5,4,5,25.2775310389222,25.2601132488417,25.6574218220402,25.3858481853955,25.6848544324719,25.5811605772178,-0.130895093993099,1
"P38137",2,2,8,NA,NA,NA,22.6018902301731,22.3757487371889,24.7570594214342,23.6687859999956,25.1734903406291,24.1544137712704,-0.777830494593835,1
"Q14249",3,3,4,4,1,3,23.242754134873,23.1741011108495,23.4579325272065,22.9847834110944,23.3860565300282,23.2578480443183,-0.223336875281832,1
"P36010",6,4,5,3,5,4,25.1605394465017,24.3183122068477,25.4099573560166,24.0239385721285,25.5411836040911,24.4423311551219,-1.10903282417043,0.0561284181598124
"Q07807",5,2,4,NA,NA,2,23.7386040021065,23.2800480275206,24.1129605844187,23.168038839153,23.5933046039076,23.4503032295562,-0.515493031401,0.599282784771837
"P22768",5,1,3,NA,1,2,22.4961047793401,21.6894724233187,22.5684253943335,22.2854231035786,22.7006641777268,22.2392567562549,-0.517014022749399,0.660645407356914
"Q14139",3,2,4,3,3,2,22.3227825268017,21.9393373563126,22.1604111121809,22.2856632560895,22.4138813557306,22.612733090731,-0.0197804305267001,1
"P53384",3,1,3,5,3,3,22.7334723908823,23.1075266323555,23.4635249968909,23.3430297972694,23.5061226807488,23.4389683326599,0.0621348979209332,1
"O75340",3,3,4,5,5,4,25.0099543317089,25.2841540905089,25.4975319775153,24.9868787737258,25.3639159036341,25.1817109687378,-0.139552793295268,1
"Cont_Q3MHN2",3,3,2,5,1,3,23.2584179499298,24.2153137710233,25.6461444675427,22.8456539964286,23.482119473437,23.2749317597747,-0.683594121227634,1
"Q9UL63",2,2,2,5,2,2,23.9145025646152,23.8677017947698,25.9496529049525,22.9393647994155,23.2169435616846,23.3161424324869,-0.985963334860035,1
"Q02880",1,4,5,3,6,1,21.8407874300595,22.5889988998108,22.4600715023292,22.7043271049521,22.9089119700094,22.5704664193164,0.218007173893734,1
"Q96SU4",4,NA,3,4,1,5,26.5130950505111,25.4462436829906,26.4750956324431,25.0671475991931,26.5285993318006,25.4315279545802,-1.19062359266363,0.0467974053587379
"Q96A72",5,6,6,7,7,5,25.4009881984884,25.4666971024485,25.9255887560612,25.7484046782672,25.8892747326714,25.3780746682383,-0.207558412755667,1
"P00812",5,5,4,NA,1,NA,22.9499209061815,22.0013118030347,23.8246577489744,22.140861279966,23.8179468315846,22.8182882404259,-1.21068805443797,0.105935798177224
"P0A7S9",2,1,2,4,5,3,22.8468399167472,24.7572515359223,23.3886140967238,25.3312302327909,23.9417670065564,25.6130178346391,1.84142619444163,0.0223468732668832
"Q9H2U1",1,2,3,3,2,4,22.0234220571079,22.8678789734866,22.8606942971852,22.0563959360163,23.0642113763597,22.8136913722015,-0.0701204829828003,1
"P38628",2,3,5,2,2,2,23.5633438573823,22.8387438286682,23.8901828074996,23.1027311927091,23.9493764820986,22.2326611373476,-1.07625566275187,0.0916367983859741
"P07702",4,5,NA,NA,2,1,22.7629143267103,22.2805310760825,23.5512096462284,22.4485612397471,24.4404200799723,24.0885108667361,-0.645646956781765,1
"P0AA25",2,2,3,5,4,5,22.6609320857996,27.7584249342872,22.9910558052732,24.8136131918399,23.1764633897609,25.2487965063042,2.9974611171992,0.00908775980211612
"O14455",5,6,5,6,5,5,27.5729439618883,26.0423605815443,28.1604423504828,26.5816661873059,27.8771127880326,26.8470709223865,-1.37980046972233,0.0531322978535179
"Q92538",NA,3,3,3,3,4,24.2034310517262,28.1977984596113,28.4753128817574,28.2321579822003,28.3233519587106,28.5230223979408,1.3169609825194,0.983930392271808
"P07813",1,1,1,5,3,3,21.4812411897016,23.1493235246124,21.9310565922567,22.4946582250125,22.6602211827404,23.5081539522546,1.0265389123936,0.173192856175421
"P55854",1,3,4,2,3,5,25.894005337137,25.540793413859,26.2706070150451,26.1114994687434,26.3093815648406,26.4013764192031,-0.1401082050724,1
"O43402",3,5,3,3,3,2,23.7224687136519,23.4777677758712,24.0987854966012,23.7854368027439,24.1563352576852,23.9310483839929,-0.261112168443434,1
"P0CX31,P0CX32",6,6,3,5,4,5,27.0456635223183,25.897018017551,27.5355161433661,26.1799034726948,27.4996516419323,26.4314309078195,-1.1908263031838,0.0561284181598124
"P53723",5,5,5,1,1,4,24.1589284387169,22.6469684405971,23.8476707332525,22.965819682385,24.5679116411213,24.616914029991,-0.781602886705866,1
"P14922",3,3,4,NA,NA,NA,22.0213760054355,21.3782138773331,22.5312253327256,21.431139983473,22.8997862545119,21.6820303686633,-0.987001121067867,0.116507931011459
"Q5F1R6",5,3,4,5,3,5,22.1299069726407,22.0647582215881,22.5202383570035,22.2271336527171,22.6314086675963,22.4603346513801,-0.1764424905184,1
"P47018",4,6,5,3,3,4,23.7868741195349,23.6716240985164,24.2425398763559,23.6943250455305,24.3342312692405,23.9322327774683,-0.355154447872033,1
"O60869",4,3,3,5,5,3,24.7451683671057,24.4414693379296,25.1626156751365,24.9200504920759,25.3104600984874,25.0331603246709,-0.274521328684399,1
"Q9BW92",1,1,2,4,3,2,22.4471591685956,22.4128350860397,23.0132050914093,21.882919221234,22.8230509456069,22.5668286687362,-0.473610743200634,1
"P62993",5,5,3,3,3,3,25.0710308606929,24.8368626611881,25.4549295376898,25.1757443018573,25.5493996177433,25.4495841942086,-0.204389619624,1
"P37330",NA,NA,NA,5,3,3,20.9423009737758,23.1761545790238,22.9331515993166,23.11741561434,21.2296557050482,23.5545757370261,1.58101255074977,0.076684263836493
"Q04726",3,1,5,3,1,3,22.8523151895228,23.1874152056768,24.1889784388788,24.0137678645673,23.4054593616299,23.0217053848877,-0.0746215116332335,1
"Q99757",4,4,3,4,3,3,23.5770035882411,24.0989830218519,23.8934787413165,23.7932352663608,24.0887240354857,24.1031433907917,0.145385104653699,1
"P08839",NA,NA,2,5,3,4,21.6273411745003,22.691793029361,21.5586058039956,22.917093044346,22.3649879626805,23.1712604972259,1.0764038765855,0.0724974089255114
"P84103",5,5,4,5,5,5,27.1635959360593,27.1031603630133,27.3040639736233,27.1565873950085,27.4832209136542,27.5437845777152,-0.0491161625332666,1
"P46926",3,3,2,3,3,2,22.0808867992231,22.6671740349437,22.5464396329625,22.276461531766,22.8995156900107,22.8347546695299,0.0838493713477663,1
"Q00535",1,2,5,4,4,2,24.5692170674418,24.3967693852152,25.2232530114821,24.8895936403747,25.2162958929795,25.2131600041137,-0.169747647399934,1
"Q9NS91",1,2,5,2,2,5,22.3470425079996,22.2620931244222,23.1145245953514,22.8811035023412,23.2008749638787,23.1664559568837,-0.117596494527534,1
"P61026",6,4,4,4,4,4,25.3159169720352,25.4632883762337,25.8308953267648,25.3352461333771,25.8339862313801,25.8004296365993,-0.127278127989999,1
"Q16539",2,2,2,NA,3,4,22.5479554398982,22.5877841533458,23.2146597382638,22.933272827844,23.0604361951813,23.0253950854016,-0.0921997689173004,1
"P76621",1,NA,NA,2,3,6,22.1421207720167,23.5383567421998,22.4675097807458,23.0553711499593,21.9237506501624,23.623942424207,1.22809637114707,0.0468318787786378
"P32891",4,4,5,1,NA,2,22.9068424396626,22.2018262894447,23.4365049218288,22.2122524968052,23.2416976512653,22.4695738803097,-0.900464115399034,0.0972689474933895
"P25451",2,4,3,1,1,2,22.5017022417153,22.5396300183908,22.8323227581869,22.3277890372846,23.3503851235277,22.7229242385569,-0.364688943065868,1
"Q96EE3",4,5,3,4,2,3,23.6962577122742,23.663018489284,23.7925875646695,23.3689381467425,23.6246533561209,23.7060814512902,-0.1251535152493,1
"Q9Y5P4",4,3,4,1,4,3,22.5197245451909,22.316625976056,22.8274969014877,22.9714300601225,22.5964395653131,23.0403694952511,0.128254839812633,1
"P07991",3,3,2,3,1,3,23.6564620707224,23.0000125546789,24.3730857786801,23.4246929852865,24.4763061702185,23.6540639938719,-0.8090281619279,0.354414087888072
"Q96TC7",4,4,3,1,5,3,22.1686153516836,22.7435482554127,23.2445390635989,22.8815012391524,22.7784597875842,23.1257730563248,0.1864027826744,1
"Q12513",3,5,5,2,2,1,23.2824533118561,22.4882175912477,24.6424422124537,22.6983282376698,24.380506380064,23.3189648884617,-1.26663039566487,0.164464536343969
"P32897",3,3,3,3,4,1,23.1719738848093,22.6914532381566,23.386306688092,22.1456458022674,23.1746124282158,21.9992437660996,-0.965516731531166,0.0958809713846435
"P25342",4,3,4,2,1,1,22.9831734151916,21.9354843152616,23.3088439392622,23.2522499256913,23.7350861824008,23.146635948748,-0.564244449051234,1
"P53303",2,5,4,2,1,3,22.4797026895783,21.7474505383142,22.8045391294573,21.6384531492681,22.7575736366016,21.9801435880647,-0.8919227266634,0.0856435028958686
"P61956",2,4,3,3,4,4,26.6174605150327,26.2951456189427,26.8933893055312,26.7299942812129,26.9107571747112,26.9583762404131,-0.146030284902134,1
"P22336",3,4,4,3,NA,NA,22.7868630549131,21.6913047740076,23.2173345973988,22.1852202598652,23.2415630998159,22.0394820303868,-1.10991789595606,0.0606861827534746
"Q8WW12",4,4,5,2,4,4,24.1742273186861,23.9070255154219,24.6320188301982,24.4730199704388,24.8481569944114,24.821526628051,-0.150943676461334,1
"O95486",2,4,5,5,3,4,24.3288551346329,22.4790816969902,22.6262384141071,24.1873964776706,22.7510444487817,22.6331828288433,-0.1354923313392,1
"Q8WVJ2",3,3,3,2,3,2,24.2596481667759,24.2518433986579,24.9138587128963,24.4628820266121,24.6741441980887,24.5979437621965,-0.1783272967648,1
"P78362",3,2,2,6,3,4,23.5411167083236,23.5492803335576,24.0206176724709,23.6657529258535,23.9757421580772,23.9244999284357,-0.132647783674966,1
"P53163",2,4,4,1,2,3,24.117503284329,22.7721966588203,24.1913490366514,23.0747348550639,24.0218669973012,23.2812000811203,-1.06752924109237,0.0565415321125402
"Q07020",5,6,5,5,5,5,27.2930995943089,27.17755412373,27.6792658519406,27.4121418470837,27.6863000382531,27.7355734798937,-0.111132011265067,1
"P49916",4,3,3,2,4,4,22.9613646396564,23.4114833169756,22.9984078523047,22.9170314744973,23.1643636132858,23.1103867685472,0.104921818257733,1
"Q1ED39",5,3,3,4,2,3,23.0766784528406,22.6497462640969,22.969142669308,22.8377359049141,22.9573145452533,23.3102233452141,-0.0684767177255985,1
"Q06685",3,4,2,2,NA,2,22.4001233449273,21.9579695753702,22.4445704591454,23.0284085991449,22.7578269122728,22.0503425703643,-0.188599990488701,1
"P38687",4,2,3,NA,1,NA,22.5718104972169,22.8083545319444,23.1391392767909,22.2898939326686,22.9128274040194,21.9569810271408,-0.5228492287578,1
"P0AB71",1,1,1,3,5,3,22.3999868857557,24.0515785424757,22.4743215086274,24.4371305372427,22.9614552585523,25.0130996002568,1.88868167567993,0.0194917968234617
"Q08220",2,5,4,2,3,4,23.2317743128026,22.6129134800468,23.4906627606332,22.0964076123337,23.5924212216592,22.6789970040974,-0.975513399539034,0.0878336263186892
"Q13505",5,4,5,3,5,3,23.116068504882,23.0433742875255,23.5922879889139,23.1312139050863,23.4774887654449,23.4542394174082,-0.185672549740267,1
"Q9NQS7",2,2,2,2,3,5,24.0217809417915,24.0144703839441,24.6642965575645,24.0131345375994,25.0796236145128,24.6405930319373,-0.365834386796002,1
"P0CX49,P0CX50",6,6,5,3,2,2,29.0215213889707,27.8824780298584,29.3453987491695,28.0745253254566,29.2622630581244,28.2272810160206,-1.14829960830967,0.0467648581920234
"P31787",3,2,4,2,3,2,25.24086730499,24.1874340844692,25.46316599682,24.1287847905475,25.5905386244983,24.4362914085046,-1.18068721426233,0.0492106165895986
"P30044",5,5,5,4,5,5,25.3554805518042,24.950940280507,26.2033599527341,25.3762792290663,25.9271050061987,26.3052668878654,-0.284486371099433,1
"Q15427",4,2,4,3,2,2,24.6832079569453,24.0939744004924,24.9679728187764,24.0070125481793,24.2720566366284,24.6940446384542,-0.376068608408065,1
"Q8N1G2",NA,3,2,4,1,3,23.2330865668994,23.2355791077366,23.5716938617547,23.4949159952611,23.5426442548645,23.0864237728792,-0.176835269213899,1
"P53297",2,3,4,1,2,2,22.8407920392318,21.5007056277313,23.3224274460768,21.9896661327541,22.5716609984734,22.4315889083405,-0.937639938318701,0.23221269894205
"P98179",5,5,4,4,3,4,25.194184081946,25.1415287387774,25.5008104005726,25.0322495765247,25.3009243513725,25.3952990411773,-0.142280492470568,1
"P0A7R1",4,4,3,6,4,5,24.6085762070995,25.7753294615851,24.8643062234059,25.9357333833453,25.3106749042472,26.1994175914704,1.0423077005494,0.0644999545863714
"Q6NYC1",4,4,3,4,3,3,23.7742637604994,23.6945298421873,24.3479007120938,23.1055597617661,22.9837239340257,22.9603619759854,-0.448478942226701,1
"Q9Y3D0",4,4,3,4,3,3,22.2412300855679,22.6214113780588,22.5332876648754,22.455727802926,22.7139477767863,22.7292202394298,0.105964631061667,1
"Q8WU79",5,4,3,6,5,4,23.6928355428981,23.6791209617446,24.0797850514522,23.6957081067758,24.2005523280706,24.204366065723,-0.131325929392498,1
"Q08686",4,4,6,1,1,NA,23.4694343946483,23.2581368361354,23.7609130975189,23.0716054041129,23.9442924984932,23.3193500430435,-0.5085159024562,0.543523725769859
"P41818",3,5,3,3,NA,2,23.1185420771947,22.173209720447,23.6741274917521,22.2852526302992,23.5278375335893,22.5111496517723,-1.1169650333392,0.0565415321125402
"Q15286",3,4,4,4,5,5,25.4488811799345,25.3978921107371,25.9217668599401,25.3874129955611,25.8277695896586,25.7666529487645,-0.215486524823501,1
"P38886",4,4,3,2,3,1,23.5595271673869,22.9183876794639,23.9180429453544,23.0706678473821,23.9464211314231,23.3337440390569,-0.700397226087167,0.25574870805544
"P0A6A3",NA,NA,NA,3,5,3,21.6598286977483,23.203027264468,21.242731024393,22.9972149782586,21.3632618570352,23.3394527489564,1.75795780416883,0.0172048423715952
"P13995",3,3,1,2,3,NA,23.7321435092605,24.1337463180789,23.8709783407625,24.0345089979057,23.974795119785,24.5343653450157,0.374901230397434,0.424923350422834
"Q9NYY8",3,4,1,3,4,2,22.8879342711718,24.2415325512524,24.7105093484394,21.9728297779089,24.8090904111808,24.8143124571,-0.459619748176899,1
"P40855",2,3,3,4,3,4,22.1052831977243,21.6176862693107,22.4819723295352,22.0815039177725,22.1823687398986,22.2657749817637,-0.268219699437067,1
"P33333",3,3,5,3,3,4,22.8442941114584,22.0058100697397,23.1622776056243,21.8986877332639,23.2582356276344,22.3521312761221,-1.00272608853047,0.0702450325522231
"Q9UQB8",4,2,4,3,4,2,22.5746362550896,22.6771940105956,23.8307572536217,24.2023259327944,23.6262270490931,22.9875995367908,-0.0548336925412016,1
"P04805",NA,NA,NA,4,5,4,23.382328896319,22.4524178426687,23.7633428729839,22.8049917149294,23.8066821656438,23.1845600045575,-0.836794790930365,0.20087194446113
"O75459",5,3,3,2,4,3,23.9527621279159,23.6871105859465,24.1253625442436,23.9829679062253,24.060256248697,24.1076704522748,-0.120210658803301,1
"O95777",5,5,5,4,4,5,25.5172128227931,25.6509223407368,25.7757449942784,25.5647758597532,25.8158085559613,25.8783407823873,-0.00490913005183321,1
"Q9BRX2",2,2,3,2,2,5,23.2574554651358,21.9204964262744,22.7793639854395,22.6178365657527,23.0729407016959,23.1630599623942,-0.469455732616632,1
"Q9UPW6",1,3,2,2,3,4,22.8018512132551,23.3284708660467,22.7905282751063,22.6083432692499,22.9279197112004,22.7738032410476,0.0634393922607993,1
"P53834",2,4,4,1,4,3,23.3893330434578,22.4036745609668,23.9015697881107,22.7628501706172,23.9335090410966,23.0229327791735,-1.0116514539692,0.0954645063986812
"Q9P2E9",5,1,3,3,4,NA,23.2317630354791,22.9158489329564,23.0900804286432,22.6290316022749,23.0823444714857,22.7995680933978,-0.353246435659635,0.733362666914331
"Q3E754",6,5,4,5,4,6,26.9749980339076,26.0307632697016,27.5029126353076,26.1529406960931,27.5123182668501,26.4836920520597,-1.10761097273697,0.0641347676904687
"P0A805",NA,NA,NA,3,3,4,23.0345385511126,23.2660969443675,23.7150050027625,23.712697852934,23.8989871362478,24.4676814147853,0.265981840654633,1
"Q12680",3,4,5,1,NA,NA,22.566257085023,21.4960496619113,22.8901076436103,21.5607594011027,23.0618588128031,22.2165271097412,-1.08162912289373,0.0836432899819719
"Q9NX63",4,2,4,1,3,4,24.7249690449937,24.5529879835993,25.102456809122,24.7855219127892,25.1690051743684,25.32338054811,-0.1115135279952,1
"P06753",5,5,5,5,5,7,27.1559680829901,27.2106359726889,27.6936674166642,27.3835532199472,27.714341431659,27.6680767927384,-0.100570315312934,0.998963746625695
"O95400",2,3,6,5,1,2,28.1883955189497,27.7615300300773,28.8693972000805,28.3574231377156,28.97850117121,28.6366996203146,-0.426880367377566,0.880150893882237
"Q9BSH4",3,1,3,3,1,4,23.0718487385676,23.2676079639702,23.8294806115793,23.43208052485,23.6587987605826,23.6437613072659,-0.0722261048811319,1
"P28495",3,3,5,4,3,4,23.8474412573848,23.1453113519344,24.2608779096166,23.2318415355388,24.3420631353106,23.4829571073703,-0.863424102489501,0.117139127475574
"Cont_A2I7N1",3,3,2,4,4,7,24.8955726938815,24.4757101802706,25.329999254391,25.0822218230835,25.2944076061123,25.3210394276629,-0.213669374455935,1
"Q8NAV1",3,4,4,3,4,4,24.6488696920887,24.0210179063474,25.0689550332957,23.9239896058783,25.1416534631871,24.4008372317329,-0.837877814870967,0.156932161622497
"O15144",2,3,6,3,2,2,23.3926617400926,23.6035768838733,24.0583633897283,23.8255224937858,24.0716767559261,24.062334573825,-0.0104226447542987,1
"Q9BRP1",3,2,3,5,3,2,22.5664621937304,22.4955718079782,22.9730833456813,22.6640306580438,22.9188119315213,23.2237981612291,-0.024985614560632,1
"Q16204",4,6,5,4,4,4,22.9964705578698,23.1104006288295,23.3630210429518,23.1808292761075,23.5150863293808,23.586621523008,0.00109116591419915,1
"P57076",3,3,3,3,4,3,23.1158742574922,23.8996926919486,23.4455954885104,23.0918201625047,23.4677312843263,23.3650038538875,0.109105226003967,1
"Q9Y3B4",5,5,4,4,4,3,24.6432491421823,24.617824349848,24.700601848982,24.5683923405346,24.8183853808624,24.8330020097474,-0.047672557298899,1
"Q9NPF4",3,1,2,5,4,5,22.7305077635418,23.0140330738937,23.3309640497277,23.1442378195175,23.0727811133632,23.3006600570851,0.108226007954533,1
"P62633",3,4,4,3,4,5,24.7399332305701,24.7123216988134,24.4923162897207,24.7285850760503,25.0175196927998,25.0977558398243,0.0962978005324662,1
"Q96T51",4,3,5,4,4,3,21.8340502915675,22.5773155275395,22.2154146499988,22.9457032452205,23.2561044298054,23.2586187941138,0.492022731834034,1
"Q15428",3,3,4,3,3,4,24.8634422083696,24.8442286844087,25.1909706294186,24.8103389268949,25.0747448163529,25.1119815793215,-0.120869487838667,1
"P10622",3,4,2,2,2,2,25.2969316059432,24.5164144474826,25.6605577466315,24.2892273997955,25.7031263885973,24.5501119444415,-1.10162064981747,0.0544598464913887
"Q9H2P9",3,1,3,3,5,4,22.7446271292114,23.0871826239504,22.816263187689,22.7405023781687,23.0530807025017,23.1945212201226,0.136078400946534,1
"P52815",3,NA,NA,3,2,4,24.6592008916391,24.8763898230983,25.0092877157859,25.1499601103504,25.3948831521272,25.3718113343142,0.1115965027369,1
"P53081",2,2,5,2,2,2,24.1893128739503,21.8425579006763,23.1283233687935,21.6565544850621,23.1286795559581,21.5458338771155,-1.80045651194933,0.0380794506506508
"P40471",4,3,3,2,3,4,23.6639358991464,22.8683998282864,24.0731030516281,22.8180356056559,23.9177384587957,23.1057622753303,-0.954193233432533,0.0704009127716215
"O43747",4,5,4,6,4,5,23.0935281428694,23.3607771740886,23.4892177204654,22.8490050986807,23.3895591342267,23.3649876955999,-0.132511676397434,1
"Q05515",5,4,4,2,2,4,23.5660786655135,22.5207123072616,24.1223257958093,22.1681677212519,23.959411771364,24.1252725123444,-0.944554563942966,0.895052072545829
"O95197",2,4,1,4,1,2,23.2932757392125,23.0727732643012,23.6229729751854,23.428126149487,23.9707097713939,23.8322647066487,-0.184598121784967,1
"Q96CT7",4,3,3,6,3,1,23.769737882983,23.8261437454952,23.9461579241546,23.9579546131508,24.139419575957,24.2735590117065,0.0674473290859664,1
"P00519",3,3,2,3,2,4,22.9557573786533,22.6307330474636,23.079522544492,22.7962532430541,23.2052297655627,23.1816343937228,-0.210629668155833,1
"Q96HE7",4,3,3,5,3,2,22.5534861020423,22.4366769804074,22.6951284426724,22.4972695569986,22.6385008766545,22.5312208104799,-0.140649357827765,1
"Q9Y5A7",2,2,3,5,5,4,22.5989817220268,21.8114183038994,22.1057547634958,22.1799705754676,22.8519344789115,23.1955181950251,-0.123254630013998,1
"P0ABP8",1,NA,NA,5,3,2,22.5661755444693,24.3930660900895,24.4532384765766,24.1984264560824,24.3534579469576,24.7294305153644,0.649350364510934,0.730747282012262
"Q92665",4,3,2,3,3,3,22.7978156635438,22.7224275415368,23.1324082592307,22.8918372768107,22.8894913376357,23.1301664424077,-0.0250946665516677,1
"O43324",6,4,5,5,5,3,25.181976599462,25.370242939335,25.28794426287,25.1091502780513,25.6289814476082,25.4426184396972,-0.0589635509522341,1
"P38787",5,6,5,2,2,2,22.8416427554427,22.2645027341754,22.9362313905518,22.2067550483131,23.2749135655045,21.799965937025,-0.9271879973285,0.0968699882778079
"O14773",4,4,4,4,4,4,23.4567925559584,23.2823736999362,23.4922878029725,23.6798917521355,23.8047384145167,23.5983051678163,-0.0644160511865325,1
"O14737",6,5,3,6,4,4,25.5275160218246,25.943104640269,25.9820532015989,25.8085816685453,26.0861404374095,26.1164355039235,0.090804050634933,1
"Q9UK41",4,4,4,3,3,4,22.5739244997913,22.7633840083512,23.1173675759022,22.7144992827738,23.1120791278261,23.0158541551365,-0.103211252419367,1
"P38910",5,5,5,3,4,5,26.2213928559425,25.2182882917922,26.4803483173417,25.1660027505821,26.6105386106103,25.429939571322,-1.16601639006607,0.0511880142477966
"Q8N8A6",5,1,4,3,3,2,22.7574866581932,22.8370463634888,23.2448367725519,23.1007927316741,22.7924044679839,22.8920990914411,0.0117367626249999,1
"O60888",4,4,6,4,4,4,24.6318468075604,24.799084842964,24.738694703028,24.3109463818459,24.9163976805998,24.8615762390227,-0.105110575785201,1
"Q04438",4,4,4,1,1,1,23.7350789496954,22.7746924676129,24.1993534841861,23.1264768347698,24.3358747128307,23.2429722853764,-1.0420551863177,0.0766829391395231
"Q9H1A4",4,3,4,2,2,5,22.7824435849696,23.36493093985,23.3004540889844,22.9118723248874,23.3280100470217,23.3823473684682,0.0827476374099684,1
"P07686",2,4,3,2,4,2,24.2851196810301,24.2211034007679,24.1077382868833,23.6180915071301,24.1524855444915,23.9875503579808,-0.239532748842034,1
"Q12522",2,2,5,2,3,3,23.6747715695839,22.5907859882271,23.9514943420713,22.3090023465472,23.8851797715073,22.9554027467691,-1.21875153387303,0.0531322978535179
"P0CX84,P0CX85",3,4,5,4,4,4,27.9093313255593,26.9816041234846,28.4476100730157,27.0668832750351,28.4399357348608,27.367099024775,-1.12709690338037,0.0594002908006771
"P0A8F0",1,NA,NA,5,3,3,23.1264639158228,24.0615964840906,19.5014464150332,23.7972216779158,23.6413786141078,22.8068235452332,1.4654509207586,1
"Q15910",2,4,4,1,5,3,21.6132348410322,21.4439708192395,21.8875276134223,21.7582641912952,22.4508905555956,22.4371211372316,-0.104098954094599,1
"Q02753",5,4,6,3,4,5,27.9193167226212,26.6985777177068,28.364967931498,27.0490144430281,28.3134805263849,27.3100328880515,-1.18004671057257,0.0565415321125402
"P20020",1,1,2,1,4,1,20.9405564564673,21.5875616821839,21.4607314718814,22.7981824410655,22.1945034858821,21.6799397384204,0.489964149146334,0.853928761663373
"O14467",6,5,6,4,5,5,25.9404833341245,24.7776741057518,26.283898147984,25.1634460677771,26.4352710648995,25.3823592432963,-1.11205771006093,0.0641347676904687
"P21734",3,4,3,1,2,3,23.377217283472,22.547768977637,25.0742215106383,22.9651448628317,23.870021489583,23.2168482648819,-1.19723272611423,0.277534879226544
"Cont_P33433",5,4,4,5,4,2,23.0742845656414,23.9396010037566,23.1709195590781,24.2896778392152,23.6109489012586,24.6345818671418,1.00256922804517,0.0768323033919847
"P23595",4,3,4,4,3,2,23.5449644327892,23.7875407310062,23.039970245439,23.5082259006633,23.1610877393943,23.8386684367145,0.4628042169205,0.557673910924536
"P42677",3,1,4,5,4,4,26.0753722389433,25.8908867452837,26.3933866602666,26.2798007052376,26.5365654835219,26.5642077657093,-0.0901430555003995,1
"P53250",5,4,2,3,1,3,25.8339275713643,25.8147025405139,23.2210746291141,25.7225300005987,25.9677396317402,26.4851504982953,0.999880402396433,0.876074018403039
"Q9NVS9",2,1,4,2,4,3,23.4193082941776,22.9490501209697,23.7491885526304,23.5517551922989,23.7804517597302,23.6312842058082,-0.272286362487134,1
"P01120",3,3,4,3,2,4,24.1080687953079,22.7786807524493,25.0559554367019,23.4154582364735,24.9860594532171,23.7625082607315,-1.39781214519087,0.0780040675308423
"Q69YH5",1,2,1,3,3,5,22.8766753434047,22.7776275571765,23.5410735671817,23.0842814203481,23.2821549212914,23.2518019452387,-0.1953976363715,1
"Q08977",5,4,4,4,1,2,23.4364192661122,22.5071247577992,23.8351448566399,22.6132759898582,24.1279291634397,22.9821980750093,-1.09896482117503,0.0702450325522231
"O14965",4,3,1,6,1,2,22.3131822562538,22.6557335686689,22.3091310309848,22.5046140161516,22.5222932132257,22.5640249046454,0.193255329667199,0.847712014932116
"P62899",3,5,4,4,4,4,26.7366344895713,26.4199378103892,27.1497613818828,26.8706160687053,27.4061473823491,27.2877546453866,-0.238078243107368,1
"P43590",3,4,5,1,NA,2,22.5502878865424,21.190851904785,23.1441019570739,21.5625220536496,23.7653274822645,21.9593605608436,-1.58232760220087,0.0424061490844052
"Q9H6Y2",3,3,3,4,2,2,21.854793353785,22.8921098410441,22.6642496759832,22.6867496033488,23.1953550844297,23.0525962414325,0.305685857209168,1
"Q9NX24",3,2,2,2,4,5,24.0218182105558,24.1964548977583,24.1058600854345,24.032052286896,24.3006705292538,24.4401488363204,0.080102398576867,1
"Q03973",3,3,4,4,3,3,23.7313321874355,22.9135929661487,24.1576799950817,23.0210304489438,24.4386489779793,23.4745669712697,-0.972823591378101,0.121596389555704
"Q9NUQ3",3,1,3,2,3,3,22.2126982336257,22.0692412719363,22.9006155158458,22.4729463685496,22.9551366491064,22.869406613959,-0.218952048044334,1
"P49406",4,3,2,4,2,3,23.1996531762481,23.4693629697879,23.3986831609285,23.182900164865,23.1692240592166,24.0544983332967,0.313067023852133,0.917075896391241
"Q96BR5",4,3,3,4,2,4,22.9053962787806,23.056610430171,23.4818647018146,23.0931641368319,23.4598739527371,23.3435490072152,-0.117937119704736,1
"Q99417",3,2,4,3,3,2,24.2247062375643,24.2434140081481,24.6063407090468,24.533997655764,24.7047224436437,24.8656702246529,0.0357708327700668,1
"P00568",3,2,3,5,3,3,23.4707349506831,24.1421787464133,23.993166189952,24.0898336861762,24.1365484225305,24.363454506101,0.331672458508301,0.499967200555304
"O95140",2,4,2,2,1,4,22.29786336336,22.5835171226626,22.8315525400578,22.5666860843288,23.0177402149335,22.950740093568,-0.0154042725973002,1
"Q69YN2",3,4,3,4,2,5,22.8110653649138,24.601545816675,23.8512592231585,22.6262995830858,23.3416746333663,23.5553209753268,0.259722384549666,1
"P23776",5,4,4,NA,1,1,23.4274445690882,22.9011224767534,23.8241479590806,22.8851435493736,23.9056236968546,23.3273506171073,-0.681199860596368,0.344661822168162
"Q99719",NA,2,2,NA,2,2,22.103781793089,23.08549628614,22.720216385207,23.0178231143829,23.0617732975649,23.0182062925596,0.4119180724072,0.669357944442379
"P38688",4,3,5,1,1,1,22.732093500955,21.888921670228,23.1848470500073,22.4229020736443,23.2797145716023,22.960659101443,-0.6413907590831,0.779350026080673
"Q8IUI8",5,2,2,1,2,3,22.985027153712,23.0033085890952,22.8363203719037,23.0911515804157,23.5401586712661,23.3404670720453,0.0244736815581348,1
"P25343",5,5,4,5,3,2,24.4861606133448,24.30515219547,24.8311589633503,23.8215793719012,25.0881905691897,24.3949255312143,-0.627951015766432,0.572613182632206
"P43555",3,5,4,1,2,2,23.2583439022494,22.5777656802094,23.6455681758386,22.5673827331325,23.5422845747099,22.6403323266242,-0.886905304277267,0.0798128092069552
"Q8NCW5",4,1,2,2,3,4,23.9646297724713,23.4493878482446,24.1272138109176,24.150700063366,24.5446507244314,23.9046837700096,-0.377240875400033,1
"Q9HC07",3,3,3,4,3,4,22.3080751184269,22.4367791384214,22.7435584246405,22.3101018328412,22.8678342096417,22.7649413246551,-0.135881818930465,1
"Q9GZT3",2,2,2,3,3,3,25.3340881598839,25.2824766431138,25.7413992975853,25.6033065721385,25.6245927865931,25.8204016155849,0.00203486225829863,1
"P39926",3,2,3,1,1,1,23.9354704668933,22.7278846298077,24.4231800420918,24.47184188938,24.3213885188185,23.0458692887541,-0.811481073287267,1
"Q7Z4V5",4,3,3,4,4,5,23.4377971466975,23.0839241602693,23.7278181699345,23.6660874431739,23.8880839853032,23.8542242770204,-0.149821140490533,1
"Q9NWU2",3,3,3,3,3,3,21.6255562432784,22.1154386927918,22.0922696912469,21.7636470038144,22.3022614156481,22.1559137473974,0.00497069794339803,1
"Q10471",3,2,4,1,1,4,22.762966521111,22.7252136486938,23.1180179408126,22.9580166743614,23.1267073082467,23.0966807361874,-0.0759269036425678,1
"P14317",3,3,5,3,1,5,22.1094882744845,22.0997211735774,22.56264618662,22.4113710757407,22.8110116471063,22.7220445324494,-0.0833364421477683,1
"Q9UBB9",NA,NA,1,3,5,3,27.2215825488813,26.9509685713541,27.8287980536132,27.497635153939,27.8001505458299,27.8532007437339,-0.182908893099133,1
"Q7Z2Z2",NA,NA,4,4,3,4,25.8742696980679,25.9397772798972,25.9886006159529,25.7683805168179,26.1294059743867,26.2059896265299,-0.0260429550541671,1
"P17106",3,3,5,3,2,2,22.1033271925269,20.8219975565349,22.5873449000179,21.6364543632296,22.8535716978487,21.8531724684921,-1.0775398007123,0.167622125884743
"Q9BVG4",4,3,3,3,3,2,23.4672032761381,23.6677399216218,23.5385859840786,23.195652604722,23.5947642429503,23.4900283458066,-0.0823775436722016,1
"O75616",3,6,5,5,4,4,23.0615671504027,22.5257451709022,23.0908494708076,22.8547095710143,23.1889346865632,23.241198656925,-0.239899302977333,1
"Q9BWJ5",1,3,3,1,5,5,22.7596655399566,23.3587143738589,23.0304943829783,23.3294725436788,24.6733514578676,24.7037552235638,0.309476920099666,1
"P0C0V8",5,4,5,4,4,5,26.9767286875139,26.0318272125852,27.5005196432748,26.1570986324924,27.5123148907135,26.4841156992026,-1.10550722574067,0.0641347676904687
"O00442",5,4,4,5,5,4,22.4575353117164,23.0817229996386,23.1269196326303,22.9321648201576,23.2719594992394,23.3662785862781,0.174583987496066,1
"P14065",5,3,5,3,4,3,23.6104848801366,22.7470135554442,24.0707947568717,22.7992274631493,24.0300585352501,23.51457718002,-0.883506657881631,0.2040887820443
"O75530",2,3,1,4,1,5,22.6634458322887,23.3018884125574,23.1840587107735,23.5096205070356,23.2410506711965,23.7619166960443,0.494956800459532,0.341179282803324
"Q8WX92",2,3,3,2,5,5,22.7470980935233,22.8731538206012,23.4169838033627,23.2204041609015,23.7538159709049,23.6651302960028,-0.0530698634284666,1
"Q9NQZ2",3,3,4,2,2,4,22.8261710034212,22.452756531666,23.2492200989303,23.035339615373,23.4204231320743,23.4863118731901,-0.173802071398901,1
"P51148",2,4,7,1,2,5,24.1506890637024,24.6231314315296,24.6254659465417,24.4129199574638,24.7811774879617,24.6775587896274,0.052092560138334,1
"P40581",3,3,5,2,3,4,24.6558935978005,23.0618757834326,25.0879771597879,23.4645096055301,24.6796903426239,23.7811067330087,-1.37202299274697,0.0504837653615589
"P27361",3,4,5,2,3,4,24.5523001803113,24.4951235693541,25.0234753582393,24.810596246819,25.1448089865615,24.6818828613083,-0.244327282543567,1
"P53007",3,3,4,5,3,3,24.6791173097652,24.9370723088013,25.1741686364639,24.7273235707776,24.9770963763073,25.0228930000661,-0.0476978142971329,1
"P42574",4,1,3,2,3,5,23.1477106484925,24.0447001117926,23.3940419836421,24.3521342403036,23.2440127334175,24.7317086999854,1.11425922884317,0.0606861827534746
"Q9UI12",3,2,3,2,4,3,22.5655417638393,22.0168944703333,22.9970378275915,22.9056826342444,23.2475820585104,22.867442396041,-0.340047383107501,1
"Q9C0E2",5,3,2,3,4,2,22.5816222882036,22.3701886519725,22.8655968875091,22.2956534844288,22.9304712530464,22.5193503452993,-0.397499315686165,0.694999459370252
"P21367",NA,NA,1,1,3,4,22.5687993714022,24.6486643432977,23.1777463238552,24.6821964035945,23.3237084609905,24.9877497516283,1.74945211409087,0.0203716275547608
"P69783",3,3,3,1,5,4,22.9332991257045,24.6064254330384,23.5351430505312,25.0488057994843,24.2494767699852,25.308404861643,1.41523904931493,0.0479634446456469
"A6NHQ2",4,4,6,3,3,4,24.8106702766338,25.0981384521917,25.4186496826121,25.1289376737626,25.4649054041112,25.4325653475806,-0.0115279632740659,1
"P04424",4,2,4,3,5,2,22.9478140181853,22.7698767769818,23.1680099079784,23.0178951379062,23.36894467231,23.3430398307725,-0.117985617604401,1
"P0ACF8",3,4,4,5,4,5,23.6041826374081,25.5640374683608,24.2940742269295,25.8949266256638,24.3733611647258,26.2310353885676,1.80612715117627,0.0194917968234617
"O15382",5,3,5,4,3,3,23.2909994982101,23.1711028691718,23.5271899034949,23.2261353585744,23.6239639626012,23.3729687834526,-0.223982117702466,1
"Q9BYB4",2,3,3,3,1,5,22.5203411213921,22.8888324158817,25.3942477089679,24.2831193062564,23.8662670711194,23.3823436740572,-0.408853501761366,1
"Q9UIJ7",2,2,2,3,3,1,23.3319137168328,23.151326131317,23.857065804649,23.2626931805683,23.2574750318897,22.6786069084215,-0.451276111021568,1
"P39713",4,1,2,3,1,2,25.019907793734,26.3046351313556,25.4179424982301,26.6502719079357,25.3508333227362,26.9813902898416,1.38253790481087,0.0346572413296825
"Q96NA2",3,1,3,3,2,3,22.2085307230596,22.3324288833678,22.673597531032,22.5141048224546,22.8427802914227,22.9579812617295,0.0265354740125332,1
"P83731",3,5,4,4,4,5,25.5860327529729,25.7204433211494,26.0043622735297,25.3064198470635,25.8194646040369,25.8072539892799,-0.191914157682234,1
"O95456",3,4,4,3,5,5,24.281509988878,24.5754776184768,24.6783988715715,24.5672290604997,24.6920898419246,24.8387840232782,0.109830666626867,1
"P13987",1,2,5,2,3,3,23.3474955314392,23.0547343041442,23.642142390154,23.3890468998736,23.6444592412715,23.7266291632773,-0.154562265189867,1
"P53008",5,4,4,NA,2,2,22.924288607375,21.5327004941711,23.1373669005171,21.9548088380181,23.1820625550954,22.649942690545,-1.03542201341777,0.146834021525564
"Q9BU61",2,2,3,4,2,5,23.7369641151146,23.095279342873,23.7772957547531,23.5613440056393,23.4000439733978,23.4712768029954,-0.262134563919267,1
"Q2VPK5",2,3,1,6,4,3,22.8628206443228,22.9244355023528,23.3562594585481,22.9033121324675,23.2612473169415,23.2858243700908,-0.122251804967098,1
"P08997",NA,NA,NA,4,4,3,22.2648840968635,21.9711895359637,22.5145118081149,22.1096338117651,22.8299760406461,22.5515402372757,-0.32566945354,1
"P52553",4,4,5,4,1,2,23.0988635463955,22.410501556928,23.2986910562154,23.1445536930388,23.9454648229926,23.503861760094,-0.428034138514233,1
"P47044",3,3,4,1,2,NA,23.278005002104,22.4175243306402,23.5566674215591,23.0095368358946,23.5341446952038,22.7935804891812,-0.716058487716966,0.263658723073351
"P0A707",NA,1,NA,2,4,3,20.3470723948952,23.0372074284422,21.8840229144089,22.7524551724373,20.5020035691152,23.2357651920139,2.09744297149137,0.023398702679369
"Q96P48",2,2,4,2,4,3,22.6692546818456,22.6166589925996,22.994229291068,22.5970104602942,23.1292782996988,23.0101240970061,-0.189656240904167,1
"Q15555",3,3,2,5,2,3,23.826682018442,23.8329892658608,24.1666582214882,23.919300353789,24.0173378810995,24.1724272034284,-0.0286537659838331,1
"Q9H5Q4",3,3,1,2,3,5,22.6228716835415,22.6215067357774,23.0281792451932,22.5621626366242,22.5536691320089,23.100496484315,0.0264819319909992,1
"Cont_P13645,P13645",3,2,3,5,3,4,23.7142232940606,23.5121155640743,24.1053444300557,23.893160228348,24.1306497395428,24.2063755929641,-0.112855359424233,1
"Q15398",3,3,1,3,1,1,22.6670924795867,22.4442158118594,22.4070575319247,22.7159541375182,22.1747524564123,22.2375361728232,0.0496012180923676,1
"Q9UN37",5,3,3,1,2,5,24.1481475986828,22.8361845509811,24.3826411757842,23.0793399169339,24.4696662836866,23.7884330835645,-1.0988325022247,0.0944890344514587
"P14843",4,2,2,2,4,2,24.4728078282089,22.5542358854668,24.2431110648307,22.7304324061874,24.3049996293182,23.058286090885,-1.55932137993953,0.0253697808927942
"P43123",3,2,2,NA,1,NA,22.8941960638395,22.1543215163202,22.6486424025961,22.0868999232769,23.3117599540294,22.3807954111923,-0.744193856558535,0.25079318730572
"Q16763",1,1,2,NA,3,2,22.4531877266679,22.6017121971335,23.0214303988929,22.9613693208889,23.5143326522426,23.1815068607659,-0.081454133005033,1
"Q9Y676",3,3,2,4,4,4,23.2196000146487,23.1451796340342,23.6932554220245,23.1282149533887,23.8452210749161,23.7706812316565,-0.238000230836634,1
"P13298",5,3,4,3,4,4,24.2116316794104,23.3510811684925,24.710732457098,23.4088438547526,24.7598342522631,23.8805344360202,-1.01391297650207,0.0897339172771506
"P0A8M0",3,1,1,4,3,4,23.2432562240271,22.8904622714639,22.3008465899347,22.9988759996025,23.811781737871,23.7142526459199,0.0825687883844992,1
"Q8WZA0",2,5,2,4,4,4,24.2193785964026,24.776355216531,24.4869519736542,24.8683103315254,24.6825109493427,25.1864688351109,0.480764287922601,0.338346957248167
"Q68CP9",3,3,2,1,2,4,22.8333995238643,22.2538444560613,23.3673300931999,22.6027115494293,23.3331631319046,23.0387825476304,-0.546184731949265,0.898268474073921
"P67870",4,4,4,5,5,4,24.2718573697408,24.6146454860698,24.6325194658209,24.471366616415,24.7828099925733,24.8356081812501,0.0781444851999685,1
"P07274",4,3,4,4,4,4,24.1162359111827,23.094287939203,24.503242467208,23.392672220305,24.7813923335743,23.744334772192,-1.05652526008833,0.0898723408495415
"P0C0W9,Q3E757",5,4,5,4,3,4,27.8530099465074,26.658946250698,28.355755421125,27.1374414835834,28.2527967873829,27.2702881964854,-1.13162874141616,0.0641347676904687
"P0A8N5",NA,NA,NA,2,1,6,21.8839806989242,22.3860424483005,23.6672690145881,23.229825249545,22.8787088834299,24.2208810326068,0.468930044503367,1
"P13586",3,4,4,1,1,2,22.8607645693231,22.7086441011818,23.2528887287202,22.8149090298225,23.3436086433905,22.3411504038175,-0.530852802204,0.666861701803466
"P40582",5,4,5,2,2,3,24.0538084147018,23.0256333300801,24.3923674770515,23.3357011039913,24.5117297351302,23.6117465110751,-0.994941560578998,0.0836432899819719
"Q9Y697",2,1,1,3,2,3,22.1783229226319,22.9790185754773,22.4786423751457,22.1151900571927,22.909111176805,23.2398094382484,0.255980532111934,1
"O75964",4,4,3,3,5,3,24.3344993052921,24.5212379904845,25.2056570967881,24.5184879603382,24.7670095427447,24.853805624995,-0.137878123002399,1
"P05745",3,4,6,4,4,4,27.3957087969554,25.8902356054704,28.0354894717599,26.4465652732777,27.7591206706678,26.7311373152572,-1.37412691512593,0.0561284181598124
"Q9BY32",5,2,2,3,2,2,22.9996805928622,23.1797964357943,23.3086762112776,22.9451545472086,23.2660889355074,23.2872745735282,-0.0540733943720338,1
"P63020",1,1,1,2,4,4,20.7131107370844,22.3050887210018,21.7202905034467,22.6422890585347,21.0185053250274,22.943329411389,1.47960020845567,0.0416986738194973
"Q6PL18",4,2,2,4,2,4,22.7267436913154,22.7906820831606,22.8925585655052,22.8111506427265,23.2011150981477,23.1457397018558,-0.0242816424084668,1
"Q9NZL9",3,3,1,3,2,1,24.2405922119744,24.0695526927718,24.6516761559283,23.9022548502904,24.1647800542297,24.2247415597237,-0.286833106448832,1
"P25045",3,1,5,2,2,NA,22.6744845341062,21.9554021259316,22.9138604472557,21.4274848515026,23.0240804840927,22.1709808177923,-1.01951922340937,0.0887044317372966
"Q99258",3,4,3,3,3,2,23.7606021974893,23.275060392405,24.3536167801609,23.2084970855265,24.2740891812343,23.5541100896418,-0.783546863770399,0.208007634174333
"Cont_Q05B55",3,2,1,3,4,4,22.6915492950535,23.1772379413966,23.1891857162987,22.9478623414428,23.2613730144145,23.3831729639226,0.122055073665102,1
"P0A955",2,2,3,5,5,5,22.7315532386252,25.2027813216241,24.2126857673349,25.5533691475618,24.4262904798776,25.8981301763746,1.76125038657427,0.0370660455831329
"P25440",3,3,1,1,3,3,21.911430665741,21.9909475570649,22.0122229925705,21.7179295854595,22.2162596232238,22.0367967404696,-0.131413132847099,1
"Q9Y6W5",NA,4,3,4,2,3,22.5297504482987,22.883063208834,23.3459135891552,23.3296503249111,23.2800019942246,23.5198694480935,0.192305650053367,1
"P37902",NA,NA,NA,4,2,3,21.0481768600655,22.2783916044231,22.1881792218568,22.7946924994855,22.3014253025917,23.1695851236923,0.901629281028967,0.233510992214131
"Q8TBC4",3,2,4,3,2,4,23.1784616793382,23.2201190843107,22.9008677290591,23.1458556687402,23.2026616222414,23.2741197592593,0.119367827223833,1
"Q96K17",3,2,4,4,4,4,23.9351587535142,23.9516215087116,24.2091426106431,24.1399956188523,24.4599403474218,24.4482017737002,-0.0214742701049992,1
"P49755",4,2,2,3,3,2,23.0600549987282,22.1424062578237,23.0819799071281,22.554289878262,23.2008222935728,22.9189399196001,-0.575740381247767,0.553236862147753
"P47047",3,5,2,1,NA,1,26.1893317279268,22.5417718223404,23.2472311596434,22.5543287611926,23.1150442853653,22.687728074462,-1.58925950498017,0.534469467539627
"P04899",2,2,4,3,4,4,22.9688795334361,23.5117309413833,24.4562645396839,23.9616580264182,24.4922963612822,24.2958548153756,-0.0493988837417009,1
"P69441",2,1,2,5,4,4,24.2504623732907,24.930766027367,24.3041035343852,24.8006101378982,24.3306314911478,25.0956531164994,0.647277294313634,0.178783320689037
"Cont_P00722,P00722",NA,1,1,4,5,4,22.0620402069614,23.2599335823447,21.3524236228872,23.4317857790449,21.6939066471097,23.8165136916511,1.79995419202747,0.0203716275547608
"Q96SB8",3,3,2,3,3,3,21.9297989206351,22.0210743471728,22.0477513140306,22.0965453066757,22.4366337770807,22.6061063930617,0.103180678387934,1
"Q12306",3,4,4,1,3,2,24.7750292913564,23.3793142414241,25.009642758709,23.655966074459,24.9971783608623,23.8681732494063,-1.2927989485461,0.0413752854564306
"Q9NZJ9",4,2,4,3,3,1,25.6250870845612,25.3519597474272,26.2333913297227,25.1211927970777,26.1482200746032,25.2692388487306,-0.754769031883868,0.223707692207448
"P42765",3,4,1,2,2,1,22.7954348831927,22.7646571049155,23.3675587251779,22.7495330196757,23.6039321286793,23.1237924089925,-0.376314401155401,1
"O15397",4,4,4,5,4,5,25.8127730971951,25.9101870590521,23.3978346768117,23.1869621916081,23.4815048171938,23.5116876362637,-0.027758568092235,1
"Q9P2R7",3,3,2,2,2,5,23.9532728564161,22.3619196855082,23.1116658143009,22.7969611692976,23.2104000936648,23.4963559515772,-0.540033985999598,1
"P51809",2,3,4,3,3,4,23.1470112528053,24.211646234036,23.7363284297467,24.8053804883488,24.0843818331159,24.9858857902167,1.0117303323112,0.11013148435473
"P78395",3,4,4,3,4,4,23.2797716640437,23.5424297092408,23.4502676072808,23.1870751940947,23.5256782722038,23.597352206829,0.0237131888787339,1
"P19525",2,3,5,3,2,3,22.9939825217471,25.8598279261123,26.2466127498434,24.0933008513744,23.5425316135344,24.4222234106932,0.530741767685,1
"P53598",3,3,4,3,3,3,23.0926761795477,21.9260318957565,23.6385020919146,22.3914211311888,23.7470258521999,22.6216190776403,-1.17971067302553,0.0690556871676902
"Q9BRP8",4,3,4,2,4,5,22.6972508661417,22.5000489833475,22.4893433004409,22.949379421151,23.3067243849644,23.2153916899122,0.057167180954566,1
"Q92541",4,2,2,4,2,2,23.3697562760126,23.4162059490651,23.9304911952962,23.5367804287385,23.7037274524604,23.6735059863657,-0.125827519866631,1
"P61962",2,2,2,5,4,2,23.1416197886591,23.6393018424218,23.7044944986258,23.6433365710181,23.8445644096318,23.7904731905353,0.127477635686168,1
"Q6UX04",3,2,1,3,3,3,22.7886176805378,22.8425387191871,22.8494313502019,22.511897274033,23.0805776530085,23.0978111248251,-0.0887931885676672,1
"P32895",4,3,4,2,2,1,23.1456038253091,22.4462804145499,23.5676533614446,22.7810980260067,23.4378743412272,22.5554945280356,-0.789419519796233,0.149303655575547
"Q4VC31",2,2,4,2,2,2,23.6588682592807,23.4371663583455,24.0048686875599,23.5552731071506,23.9799853421649,23.891884175243,-0.253132882755465,1
"P29704",5,4,6,3,3,3,24.0916466708486,22.9718458390022,24.5748611900628,22.9094792019706,24.5365292016888,22.9826583694396,-1.44635121739593,0.0284368776941743
"Q9NP92",NA,4,1,4,2,3,22.6912182871312,22.5742655208296,23.2217965503956,24.6256901172978,23.2690588879608,22.5475203630179,0.188467425219233,1
"P30622",1,3,2,3,3,6,24.3436289733414,24.000497116187,24.8157810038396,24.4741361770884,24.6805389494746,24.8253292622748,-0.179995457035133,1
"P38113",5,6,5,4,3,3,29.1263890781834,28.2379939999585,29.3859088624589,28.1118208406438,29.4261156420377,28.4237123554469,-1.05496212887693,0.0420963136198593
"P53741",2,2,4,NA,NA,2,22.3477346261151,21.2773174847238,22.8845580027639,21.0463893221453,23.4741428628083,21.9371742567008,-1.48185147603913,0.0653261579736514
"P22033",1,2,1,5,4,3,22.8216033103556,22.1122756370041,23.0827612356838,22.4561732796887,22.3243628270539,22.784148663458,-0.292043264314167,1
"P32795",3,3,5,NA,NA,NA,21.8361615275856,20.7748107820176,21.8980987998993,21.0325595005436,22.3345264471333,21.5118296094749,-0.9165289608607,0.153564521993806
"Cont_Q28065",NA,1,2,4,2,4,22.6618749551495,22.7034549927559,23.0948183508283,22.9926135585612,23.0970007625415,23.2833197088335,0.0418980638770989,1
"Q08245",5,5,4,3,4,4,27.3699556455098,26.0097244164732,27.7735061737731,26.4234788593635,27.7233388902257,26.6833507237406,-1.25008223664377,0.0538800868171015
"P53315",4,4,4,NA,2,NA,23.090971065018,22.6729952136327,23.1146048164497,23.7527321095572,23.6072894465651,21.2906429748662,-0.6988316766589,1
"P38069",2,2,5,NA,NA,NA,22.2678808108009,22.4134419942148,23.504229449391,23.121057909702,23.661157991271,23.0471144241023,-0.283884641147934,1
"P40893",3,4,3,2,4,3,26.4353622576724,25.3205345001354,26.894734423022,25.6464166504262,26.8049295014589,25.6802364235399,-1.1626128693506,0.0535112006627348
"Q12447",5,4,4,3,4,4,25.1294487397362,23.6932269162368,24.8828572014215,24.2862806680573,24.7750127083215,24.5937952648156,-0.738005266789834,0.400349019600171
"Q9NZI7",1,2,1,3,1,5,22.9890088769133,22.7771841669098,23.1986804853699,22.9684741487799,21.6738143468747,23.3811690315298,0.421774546020535,1
"Q9NX02",3,NA,1,5,2,2,21.9005876020316,22.2218278146719,22.2476271099446,22.3057885953436,22.6065723891224,22.2422095593719,0.00501295609626714,1
"P40818",2,4,3,3,4,3,21.7963227639206,22.1805394572827,22.1037920359585,22.0021936898851,22.2207153039834,22.3638207491297,0.141907930811667,0.953124487452846
"O43929",4,1,4,4,2,3,22.9314420574559,22.5013767957347,23.4565835282376,23.6004779409565,23.6053221632378,24.0897619338848,0.0660896405482335,1
"P40303",3,4,4,2,1,1,22.925811293478,22.614835631656,24.2653929960226,23.0201452502492,24.1074503269545,23.2043406900795,-0.819777681490133,0.666891041760311
"P51970",3,3,3,3,3,5,23.6219909171063,23.7633045734842,24.1357784761996,23.8172722628735,24.0970605786887,24.1733143493531,-0.0336462620946006,1
"P55081",4,4,4,3,4,3,23.1260153045373,23.0544355668327,23.3962876695236,23.1161522898,23.5622622248391,23.5252539905606,-0.129574450568899,1
"P15640",NA,NA,NA,2,5,2,21.612504535217,23.0035716105767,21.8408428351765,22.9271734735925,22.1058441038446,23.3394178158215,1.23699047525087,0.0442643324795997
"P46778",3,4,4,3,4,4,25.3535342698404,25.2883842597287,25.8047714947479,25.7709326199684,26.0958908196283,26.205816959217,0.00364575156583413,1
"P14859",2,2,3,1,4,4,22.6828266050174,22.1405612907766,22.7343149718425,22.9391960967887,22.6823960703955,22.5875084625465,-0.144090599047869,1
"Q12434",3,4,3,1,3,1,23.3261218100358,22.7267848443609,23.7432266037575,22.9300811055371,23.9836489665692,23.1776084106956,-0.7395076732563,0.28898353609978
"P32621",4,4,1,1,1,NA,22.8269976148447,22.196356286606,23.3274521823719,22.0974515736959,23.1970729776006,22.447156771804,-0.870186047570434,0.112673302288754
"P38174",3,3,5,1,1,3,22.5572450372182,22.0215088506417,23.0592629229478,21.2273337575532,23.2203573655536,22.540485537091,-1.01584572681123,0.282862268867388
"O75909",1,3,2,2,2,3,22.3893883221156,22.7189577774172,22.4698920509124,21.9519529785615,22.445791593647,22.7121933179711,0.0260107024249325,1
"Q9NRX4",2,1,2,2,2,1,22.1778142872333,22.157379011126,22.8383692341389,22.5595568074711,24.1848355511296,22.9305595924121,-0.517841220497533,1
"Q06449",4,4,4,2,1,3,23.0994847428563,21.7140909936258,23.7311585545983,22.6747388176711,23.8372717230917,22.9475222611099,-1.11052098271317,0.211002152624653
"Q6WKZ4",2,4,3,2,3,5,22.1435552654536,22.3954877211053,22.9211235180237,22.5581122538172,23.036615665373,23.2466916056783,0.0329990439168348,1
"P14907",2,4,3,1,2,NA,22.5903606699727,21.5846742289998,22.7128933429749,22.1974161909104,23.0805090171406,22.4710640320447,-0.710202859377767,0.481778758145288
"Q06177",5,4,4,3,2,1,25.561790313824,24.9036082790607,26.0322605082387,24.962591044766,26.0664098331607,25.3543555285177,-0.813301934293001,0.181865470131406
"Cont_Q9TTE1",3,4,1,3,3,6,24.7444879385249,24.3378788312943,25.1795454372802,24.9305431701814,25.1519511537495,25.1782589350325,-0.209767864348801,1
"Q00245",2,3,4,1,1,2,23.3794652296395,23.0289771048047,23.7802361731481,23.1059975198003,23.8276116422371,23.362293141629,-0.4966817595969,0.845368164517101
"Q9BVQ7",1,4,2,3,2,2,21.9820782768841,22.2087295554651,22.2289977247917,21.9932208798739,22.439361941219,22.3202306598332,-0.0427522825742,1
"O75531",4,2,3,3,3,4,24.6763312724698,25.0011891138092,24.7460637243054,24.618437482969,25.0246111348112,24.9259735123054,0.0328646591657341,1
"P38230",2,4,4,2,2,1,23.0061904578524,22.4118719559009,23.4160944613406,22.3501121973657,23.5473190161394,22.7583734903448,-0.816415430573668,0.168042664757056
"Q04660",5,4,2,1,NA,1,22.0793721470064,21.72386443059,22.3537484100221,21.74731274675,22.7937197853748,22.1512339884399,-0.534809725541133,0.937428076457624
"Q12532",3,4,4,NA,NA,NA,22.1292427626155,21.533322245819,23.102191025353,22.2545673236303,22.4702122618641,22.728404053615,-0.395117475589432,1
"P49643",2,2,3,5,NA,4,22.5181370976141,23.551491539412,23.3408958217999,22.7831502234237,23.4420167217662,23.5288304868584,0.187474202837966,1
"Q08193",4,4,4,3,2,4,23.0411058187955,22.3559704412967,23.1584548323223,22.2938128834519,23.5441082641924,23.0860260506647,-0.669286513298966,0.60265821890762
"P00387",1,1,1,3,4,4,21.5819095617612,22.1047641373475,21.9722714913719,22.1974107913332,22.2511678628129,22.4399640065263,0.312263339753668,0.538076642940353
"Q9NYK5",3,2,4,5,5,4,22.7943710448059,23.2602931801496,23.2014530138165,22.7980144946473,23.3279298955122,23.3336011543133,0.0227182916585337,1
"P29218",4,3,5,1,4,5,24.2447897470419,24.2700710002076,24.8494490085223,24.5965808316787,24.9867869607608,24.9479723555156,-0.0888005096410325,1
"Q9H6V9",2,1,3,3,3,3,22.2747994196522,22.4634625088596,22.6220462321919,22.3479819237443,22.7935564780795,22.6910648986385,-0.0626309328937324,1
"Q00169",2,1,1,4,2,2,22.2440750318905,21.8436040563703,22.3169703381492,21.9686638931735,22.8644981774876,22.5091188505525,-0.368052249143667,1
"P46779",4,4,4,4,3,4,26.1161330895194,25.9390079983531,26.6250571995124,26.214783633112,26.7242207226212,26.5185557935605,-0.264354528875802,0.960336654975877
"P0AC41",NA,1,1,3,5,4,22.1849004580668,23.3905982758375,22.6625887380315,23.7128729872229,22.4102609949676,23.9284457245685,1.25805559885434,0.0448388929846622
"P18859",2,3,2,3,3,3,24.8309343870768,24.6141311924867,25.4462364880396,25.1650538822611,25.4236354251622,25.4963646077049,-0.141752205941966,1
"P33307",2,3,4,NA,NA,2,21.9448472423228,20.6159870841125,21.8958661816114,20.5052001207963,22.1561306144645,21.12905374094,-1.24886769751663,0.0522744348869269
"O15498",4,2,4,3,4,2,23.6582198741185,23.49144615092,23.8183284238093,23.4846830316232,23.8361186587783,23.8549115543457,-0.1605420732724,1
"O95865",1,1,2,2,1,1,20.984821999033,22.1684533025509,21.4800260327981,21.6071388376093,21.9239570645409,22.0187166990034,0.468501247597199,0.605194856544124
"Q99829",2,2,4,4,3,3,23.0269701496544,23.3103497016783,23.8718040224105,23.0653226116048,23.7749162214284,23.4333931460117,-0.2882083113995,1
"Q8TAF3",1,1,4,3,3,4,21.8489651878354,24.153009528753,22.2218056937918,23.9357650307953,24.3810643113749,22.4221584660973,0.6863659442145,1
"O15116",3,3,3,4,3,3,22.5876294342365,22.8561773951347,22.3673234270009,22.4896152508198,22.7485781928448,22.6477295931633,0.0966637283452,1
"Q96EY7",2,3,4,3,4,3,23.2327347586611,23.8042084366925,23.2468445215304,22.9778475402031,23.1577354975602,23.3821215961963,0.175620931780068,1
"P40525,P87262",5,5,5,4,4,4,27.4876945761158,26.4322255809073,27.9741582793814,26.8215773283562,27.8232877355533,27.0835731415309,-0.982588180085368,0.0972689474933895
"Q12159",5,2,4,4,2,3,25.6022453240384,24.4564000400988,26.0793620548389,24.8498130081233,25.9820815853961,25.0856377809918,-1.0906127116865,0.0682064789861274
"O00193",3,3,2,2,3,3,22.5890556087396,22.6141308554059,23.0891906971525,22.9511877621358,23.3365038357515,23.3905175913395,-0.019637977587467,1
"Q13243",4,3,4,3,3,4,25.521474761028,25.3658878770435,26.0134191176064,25.6710872766476,25.9211926331465,26.1046660929635,-0.104815088375432,1
"Q8NEJ9",1,3,2,3,4,3,22.3776754924049,22.2454228662617,22.7694399773381,22.7547736578964,23.0522320424364,22.9965683937703,-0.0675275314170006,1
"P04843",3,3,2,5,3,4,22.6139356723892,22.5490815830235,23.7282340130026,22.596408398407,23.7415329233641,23.9411651278141,-0.332349166503767,1
"O75368",4,4,5,3,2,3,24.0256338369418,24.2667660991836,24.2770092298339,24.2175335514305,24.4032614698298,24.5827306188639,0.120375244290832,0.964257051301732
"P62266",5,3,6,4,5,4,26.302506730477,26.3250907575822,26.6131869450189,26.6765322906116,26.9465595436494,26.9696811794474,0.0363503361653,1
"O00186",2,3,3,3,4,3,22.5861820300589,22.5016350690692,22.8003825327089,22.7100286490567,23.3748084007799,23.1064424935878,-0.147755583944668,1
"P13984",2,1,2,3,1,3,22.9341711865884,23.0708311082428,22.9506221037216,23.0189514660814,22.2584163683686,23.3043761119775,0.4169830092077,0.424883399583527
"Q6YP21",3,4,4,4,3,4,22.2937033099166,22.4616941359164,22.3402581512751,22.1536018179391,22.4973666605898,22.4532619666478,-0.0209234004260672,1
"O95985",3,3,4,3,4,2,23.0416292426631,23.4633522439354,23.5771098811209,23.3211013782363,23.6693737479932,23.8405496536137,0.112296801336067,1
"Q9GZR2",1,3,3,5,3,3,22.5346269221433,22.6054694578142,22.9100876706252,22.6955239734328,22.8266919091467,22.8054574432214,-0.0549852091489337,1
"O14561",3,4,4,4,4,3,24.3574170967971,24.4698330667354,24.5170633263202,24.2856863944081,24.6293931980674,24.7311328601362,-0.00574043330166774,1
"Q07451",4,3,3,4,3,3,24.3381977518996,23.1430893555829,24.7663489454706,23.5716480381003,24.8373417015892,23.9391855129785,-1.09598849743257,0.082557294904483
"Q9Y5J7",3,3,3,4,3,3,24.2972518692131,24.0932179858515,24.2866009072652,23.9180212829633,24.2816813293826,24.2519018936168,-0.200797647809767,0.993712844532517
"Q05775",3,3,5,2,2,3,24.1844620903847,23.2019326014894,24.243594145715,22.862638492533,24.5835244679256,23.5271422861992,-1.13995577460123,0.0610433930981466
"P40040",3,3,1,3,2,1,22.4439615901182,21.5418239209122,23.1405648791594,21.9274357360551,23.3901878531508,22.4522740486025,-1.0177268722862,0.2164106544681
"Q7RTV0",4,4,3,4,2,4,24.0942697345534,23.8220277140721,24.5603189552597,24.2161040230272,24.5165844487743,24.4889887079583,-0.2146842311766,1
"Q16718",3,3,3,3,3,3,24.0725927240882,24.0352219680417,24.3806820777333,24.0715707088368,24.4209220360456,24.4153161272614,-0.117362677909068,1
"P31382",5,4,4,3,3,1,23.9872289631075,22.7782370841211,24.4991260637133,23.3486334783682,24.6146140360679,23.6534311587784,-1.10688911387367,0.101926579275148
"Q3LXA3",1,1,3,2,3,5,22.7150670266606,22.9103848088437,22.9106643209654,21.8638395513402,22.5371227574227,23.3319861326813,-0.0188812040611666,1
"Q8N0X7",4,2,3,4,3,4,22.1431446435322,21.9811527274887,23.2131184626908,22.1609014601026,22.3329715832773,22.4929583760475,-0.351407375287167,1
"Q9Y2V2",3,2,2,2,3,3,23.581903931749,24.0114379921044,23.6467818244585,23.3605224155525,23.7271217148023,23.8723880034001,0.0961803133490662,1
"Q02892",4,4,4,1,NA,1,22.5038832273814,22.4275760262738,22.8416225061235,21.1663555802074,23.1047435053961,22.1077749960472,-0.916180878790866,0.39102018161255
"Q8NFD5",NA,2,2,NA,1,3,23.7379682141168,22.9460338457506,24.1376161210879,23.6497570068596,24.7035576464066,22.1085794901768,-1.29159054627477,0.191421756533803
"P17695",5,4,5,4,3,2,24.7862574614315,23.1617881865022,25.1195614428284,23.4936138575547,25.2525280021807,24.3308311448864,-1.3907045724991,0.0641347676904687
"Q5JTJ3",4,3,3,3,3,4,23.747662680859,23.5289846093873,24.2215623417225,23.8003102445024,24.2564366202357,24.2314251142556,-0.221647224890634,1
"P50613",3,3,2,3,3,4,22.4669972445636,22.6995283985812,22.6058208466848,22.6864336293902,22.9760461877065,23.3586376538882,0.231911800968233,1
"Q9ULC4",2,4,2,3,2,1,23.4595304271039,23.0191349414449,24.4989605642688,24.1178713450234,23.983265893376,24.0095200925444,-0.265076835245334,1
"O60493",4,5,5,5,4,4,24.1101112877273,24.7136571056435,25.007398950235,24.6660658742409,25.1770080992016,24.9228228259255,0.00267582288199956,1
"Q9NV06",4,1,NA,2,2,3,23.3019355663658,23.5029330244549,23.6016277625822,23.6383881844548,23.4460311012355,23.4576544127077,0.0831270638113004,1
"P37235",NA,3,2,2,4,4,23.2275448512928,23.3881769585497,23.6543240874121,23.5437317240464,23.9159214003864,23.7029145677193,-0.0543223629253002,1
"Q5VVQ6",3,2,4,3,4,4,23.2780841463016,23.156601127049,22.4327898606385,23.0445352007729,23.5686019003973,23.737461610043,0.219707343509165,1
"Q06587",3,3,4,4,4,3,22.5402092906467,22.583142005453,23.1731191172756,22.6541776539602,23.0515651010606,24.6869345394256,0.386453563285299,1
"Q9NT62",4,5,4,4,4,5,23.2583686331595,23.2001734830897,23.4980744542895,23.2331333901457,23.5299165031788,23.6172093863498,-0.0786144436808674,1
"O75608",3,4,3,4,4,3,26.2831464427906,26.3336101617924,26.260450978524,26.3079901007947,24.5174786094546,24.5238621018562,0.0347954445580344,1
"Q5SSJ5",3,3,4,4,5,4,23.0069714719021,22.9800025190059,23.2545023048877,23.0647549329131,23.4723834501423,23.4429488095098,-0.0820503218344335,1
"P04079",NA,NA,NA,3,1,3,20.8958775501711,22.3914107730008,20.9743156775854,22.2174851837181,22.2428215746604,22.2675883912978,0.921156515199933,0.324816177669259
"Q9Y316",3,2,2,4,4,3,22.6525717027961,22.4851040533371,23.0759811150539,22.8538787075555,23.4005667806878,23.2010667752735,-0.196356687457233,1
"Q8IXH7",2,4,2,3,3,4,23.6346265102875,23.6233369856731,24.3704667200808,23.7913958282078,24.1863007682805,24.3352071447989,-0.147151346656333,1
"P46776",4,4,5,4,5,5,27.4779899328354,27.1472631612782,27.1748775408375,27.4878005433832,27.9159326120032,27.5892739630314,-0.114820805994433,1
"P50085",4,3,4,3,4,3,24.7414323194256,24.8944674427016,24.9706237689286,24.5764522844594,25.0837532866419,25.0281251055958,-0.0989215140797661,1
"Q9NVT9",4,3,3,1,3,2,23.8459501612661,22.490328815546,23.8562732526791,23.8519002710123,24.1472338104587,23.7854194408753,-0.573936232323432,1
"P38765",4,4,2,1,2,1,22.4956417030831,21.6203658307341,23.1082114443099,21.9522554850221,22.992546744521,21.8478795331759,-1.0586330143273,0.0670637946065949
"Q9NZ63",5,3,1,5,4,1,23.7261976788349,23.7323777901002,24.0368827431797,23.7298809442204,24.1170393497169,24.1945376015578,-0.0744411452843655,1
"Q9BZD4",2,2,1,5,2,3,24.4987339452641,23.8834903310162,24.0706183905968,23.3500918236435,24.2742720708361,23.5263811508991,-0.6945537003794,0.30607281734557
"Q86W56",3,3,5,4,3,4,21.9914008300877,21.9717243011903,21.9256192687141,21.8954863462822,22.164129408349,22.0996513559093,-0.0380958345896663,1
"Q5VTL8",4,3,4,2,2,NA,22.1359517499537,22.2645134721167,22.3645969037168,22.2117461817337,22.4412877171174,22.3374429226078,-0.0427112647765675,1
"O15270",2,2,2,4,3,3,21.835714666085,22.0289182751984,22.2178451662811,21.8238796375998,22.2547659658488,22.1829559175298,-0.090857322628968,1
"Q8WUD4",3,2,2,3,2,3,23.7483425355232,23.7489161536595,24.0172661696236,23.7991271461945,24.039104127526,24.1487299414393,-0.0359798637931661,1
"Q9BX68",NA,4,3,1,2,3,24.6809667130991,24.5729754086182,25.3037514890598,24.910467707449,25.3005681779992,25.2162738351551,-0.195189809645266,1
"Q9Y3C6",2,1,3,3,3,2,24.023583646537,23.6680065455811,24.4454572013165,23.9370740154774,24.3026057371542,24.2806393893113,-0.295308878212632,1
"P24000",5,4,5,4,4,4,27.5601119214161,26.298003396824,27.9254099226436,26.6426129764295,27.9774909608052,26.8879703303718,-1.21147536707987,0.0539572167583884
"P48606",4,5,3,3,2,1,24.0955138882878,23.5447397391836,24.6626505579625,23.0485430818296,24.4300923740411,23.6524616362017,-0.980837454358833,0.103774130181976
"P53066",NA,2,5,NA,1,2,22.8007545819151,22.5768336417063,23.44526294541,22.4626238347105,23.4738630265581,22.6163190969769,-0.688034660163167,0.366928214959258
"P0A7J3",1,2,1,3,4,4,23.7618994544915,25.7737288039251,24.8422682330376,25.3134068988413,25.0456336962458,26.1095091575157,1.18228115883573,0.0934690260680014
"Q15121",3,4,4,4,3,4,22.7137672152395,23.2094967975668,23.3263827156555,22.9332474301402,23.3094300009938,23.3446944038828,0.045952899900333,1
"P63208",3,3,3,3,3,3,24.7360060935265,24.7628427717058,25.0578836735974,24.8320544072264,25.2000981812242,25.2065942465467,-0.0641655076230651,1
"P36404",2,3,4,3,3,5,21.9188205735756,22.1185466712606,22.1922768590963,22.1980061229757,22.3984330522245,22.4643824683362,0.0904682592253655,1
"P40202",1,2,4,NA,1,1,22.3271401993757,21.7818576393143,22.6564776735587,21.0077544582248,23.1429636649527,22.1094838108967,-1.07582854315043,0.192253876287271
"P32379",2,3,6,1,2,1,24.4039383209059,23.1785116771149,24.5891256914932,23.9390815543094,24.9692447478336,24.2872076297744,-0.852502633011333,0.383770793915924
"P47160",2,4,3,2,3,3,22.3020392156218,22.267556817303,22.9832008199753,22.5739112131262,23.3007279153887,22.7384151609848,-0.335361586523933,1
"P38234",3,5,4,3,3,2,23.2791883080778,21.2921559055191,23.5591182120992,22.8945873401839,23.5502437268571,21.4315603445559,-1.59008221892507,0.0826139936747416
"P53550",2,4,2,NA,NA,NA,22.1426349797039,21.3179252574077,22.6761554124328,21.5050251418698,22.6987685609459,21.8304153980538,-0.9547310519171,0.106701493222103
"Q96P16",4,3,3,4,4,4,22.8674684134248,23.1041626508737,23.0273156366106,22.8140827973844,22.7642611485533,22.8107499892598,0.0233167463097352,1
"Q01080",4,3,3,NA,2,1,23.0102132414063,22.2622322277576,23.0577762772681,23.1760128601024,23.6088199337541,23.2675528169286,-0.323670515879967,1
"Q68CQ4",NA,1,3,1,2,4,22.6607058185765,22.7532283809784,22.6918233734763,22.7048212086345,22.8830440921367,23.0038867271191,0.0754543441808325,1
"P00959",NA,NA,NA,4,3,NA,19.8036627047078,22.4160200884378,21.8258528005294,21.9512156923351,21.9563999988509,22.2370087404154,1.00610967236673,0.253162719027963
"Q6UWP2",2,4,3,2,2,4,22.6539828962967,23.4628941301735,23.0314084270993,22.5283669472777,23.1775471286223,23.723773729702,0.284032118378299,1
"P62487",2,NA,3,1,1,5,22.9395501612136,22.6869529142171,23.3824088526325,23.0579110996862,23.2269842171276,23.3852489117058,-0.1396101017882,1
"P07108",4,3,2,2,3,3,23.7391135024153,24.0472575699284,24.0615587456968,23.9941051345932,24.2622789749396,24.3028098646873,0.0937404487190676,1
"P25655",4,NA,3,1,2,NA,23.4741207007659,22.7216655932494,23.7475439627283,22.734498148425,23.649790330839,22.6599323259017,-0.9184529755857,0.0644642647512675
"P0A9D8",1,NA,NA,1,4,3,20.9900960813012,22.4901594876065,19.9215602227326,23.0974777755759,20.4482036594921,23.265617478549,2.49779825940183,0.0159043695034715
"Q9BYJ9",5,4,3,3,3,3,24.0840697033239,23.7091617660499,24.4663418784928,24.3668473807653,24.560717659555,24.5856656237405,-0.149818156938667,1
"Q9NW64",3,2,4,4,2,3,22.4444204461464,22.2858920833901,22.6617097175481,22.8406929387815,23.0190028958496,23.0872770070862,0.0295763232379009,1
"P30626",4,4,3,4,4,3,24.552138676057,24.8604952057782,25.1778883287014,24.8016204491127,25.2841789478493,25.1399150803439,-0.0707250724576328,1
"Q6NYC8",1,NA,3,1,3,2,22.166543914825,20.793998043818,22.53703753845,21.6074965928691,22.731784922753,21.9177526604944,-1.0387063596155,0.184807851986202
"Q7L9L4,Q9H8S9",2,3,2,2,3,2,22.9505724490009,23.4695880392756,23.9232021533306,23.4427979951428,23.7888635740124,23.7909502883586,0.0135660488110337,1
"Q9Y2S7",5,4,3,3,2,2,22.5203071871701,22.5794931879728,23.1718886999596,22.9471637257171,23.2098129783624,22.8863137440241,-0.163012735926033,1
"P56134",4,3,3,3,4,4,23.4546144500703,23.8344434661898,23.8932506042893,23.2431316989604,23.8171770972467,23.912433368861,-0.0583445391983659,1
"P31937",2,2,3,2,3,4,23.5623457338673,23.8787848305841,23.8782105447362,23.5238998997696,24.0137378827966,23.5193953408013,-0.177404696748367,1
"P40363",4,2,4,2,NA,NA,22.5952128555411,23.3940184254352,22.5805796942493,21.4581958162914,22.8949147871651,21.9031894634508,-0.438434543926032,1
"P47813",2,2,4,2,2,3,25.040654104446,24.6074205109796,25.3935377540238,25.2958570568982,25.6105863693515,25.6051186617234,-0.178793999406699,1
"P58546",3,3,3,2,1,3,25.0128386511991,24.9930209448822,25.3129129989345,25.0353503558782,25.4693775034808,25.3130884025955,-0.151223150086166,1
"Q8N6M0",1,1,2,1,2,4,22.3744804913635,22.343814098245,23.0191731271855,22.7298182058261,22.9757495038106,23.2999230443981,0.00138407536986662,1
"Q92733",3,3,3,3,3,3,21.3657460052592,21.6544819784732,21.6584221239846,21.5296613378001,21.6775108316128,21.8790284517983,0.120497602404999,1
"Q9Y3A4",3,4,3,3,2,5,22.0530637938697,22.5540450791204,22.8120523186438,22.4439585558736,22.9285445792108,22.8317264837582,0.0120231423426323,1
"P32787",3,2,4,1,NA,1,22.1722660397935,20.9218450184688,22.7689717588285,21.4109212473239,22.9043610139417,21.4263307945285,-1.3621672507475,0.0531322978535179
"P43535",3,4,5,1,1,1,26.3441546064005,21.6917527824973,26.7956564339971,26.6792138692891,26.8365512381307,26.8609326592704,-1.58148765582383,1
"P56385",5,5,5,4,4,4,24.1214524158233,24.344442072006,24.5753582781797,24.4564160837087,24.7667950713284,24.7192923017843,0.018848230722534,1
"Q8N183",3,3,2,2,5,4,22.8845567917484,22.9830370795311,23.2731181697353,23.5108005000036,23.9243991651355,23.9380752168002,0.116612889905234,1
"P05937",3,2,2,3,3,2,22.6248449755576,22.9602894086867,22.9481986870974,22.8294178967074,23.0804717702436,23.225804352146,0.120665408213834,1
"P11216",2,2,2,1,2,4,22.3413715482105,21.8186778355166,22.2251694778472,21.7872271460664,22.4213701701504,22.2069252193549,-0.391693665090067,1
"P48729",1,2,3,4,2,3,24.1620034038045,24.2261284480658,24.6919034362886,24.3407783594843,24.5458940753991,24.6075494188833,-0.0751148963529348,1
"P0A7V3",2,2,3,4,3,4,22.3042375314411,24.0933237433452,22.4716234965863,24.0827388250838,22.4973492384693,24.4690208267253,1.7906243762192,0.0164828483405032
"O95639",3,4,2,3,2,4,23.4105608177833,23.1553094347267,23.6485275375769,22.8969044177637,23.5249237746319,23.3783479129408,-0.384483454853633,1
"Q9NXF1",3,3,2,2,3,2,21.8583452202627,21.8210389967209,22.1499429048338,22.0700924389107,22.2646391716733,21.7155267794724,-0.2220896938886,1
"P07858",4,2,NA,5,4,2,23.1762200298948,22.9479060271275,23.7653430640236,23.2598879081574,23.1563648868771,23.7358750528661,-0.0514196642148335,1
"O15213",3,1,2,2,2,1,21.9298030734683,22.1467670677185,22.0606217260287,22.1794459672275,22.3127735744987,22.4214729041278,0.148162521692701,0.953124487452846
"P38077",4,4,5,4,2,2,23.6844283552701,25.2118046917341,23.9765649974113,25.511693547067,26.110274766208,25.727794492865,0.893341537592233,0.938665229531729
"P53990",3,3,3,3,5,5,23.5557542914588,23.4653714747266,24.1880394341196,23.8850593689744,24.0973996507734,24.123336650478,-0.122475294057601,1
"Q04178",3,4,2,2,4,1,24.524703947318,22.9772926774585,24.9190770825621,24.023706307056,25.0180439298358,23.6987290380169,-1.25403231239483,0.0754281157911562
"O43865",2,1,4,2,1,1,24.3994932050007,24.2470816177589,24.8451711987603,24.5935097785944,24.8658133015788,24.9476191930646,-0.107422371973967,1
"P49167",4,5,4,2,2,3,24.9398880018611,24.1666364640813,25.40708930867,24.1668793010372,25.4277288238046,24.4642878560357,-0.992300837727167,0.0738067003893673
"Q9H2K8",1,2,3,3,1,2,21.5297462788125,21.8054899165525,21.8083865473095,21.9124764959687,22.2871430789608,21.8944955676969,-0.00427130828823271,1
"P18074",3,4,1,1,2,2,22.2427724485753,22.3849631421852,22.5076214224819,22.3060173134182,22.5355631291341,22.7386034867441,0.0478756473853998,1
"P0A8L1",NA,NA,NA,4,5,3,20.5251404564371,23.1056160272656,21.181433763073,22.8398738511102,21.3341960730221,23.100019666192,2.00157975067853,0.0159043695034715
"P38695",4,4,4,2,3,4,24.6174049117351,23.2222303554389,25.0375839852298,23.6033609102227,24.9902252618253,23.87597521222,-1.31454922696953,0.0517437768092971
"Q04062",6,5,3,1,1,NA,23.9515709991083,23.0343973283345,24.179762121575,22.9569968853918,24.1733036732817,23.3009459898063,-1.00409886347747,0.0597810074878202
"Q96GX9",3,3,NA,2,4,3,23.6604740754548,22.952446841162,23.2128064186969,23.0217455355737,23.8228109082507,23.8838113586151,-0.279362555683865,1
"Q5T3I0",1,2,1,1,1,3,22.551436972383,22.5314686800432,22.8390582398737,22.5828820751287,22.0756560649554,22.916904865516,0.188368114491933,1
"O15212",3,3,4,3,4,3,25.2627973942734,25.3960413274485,25.87422682092,25.5873220066522,25.7918893094366,25.9912268572261,0.015225555565601,1
"P60624",1,NA,1,4,4,3,22.8609967650379,24.790074013134,23.3507099233634,24.7784523680314,23.0353716688316,25.1541076228546,1.8251852155957,0.0164828483405032
"Q71UM5",3,1,3,4,2,4,25.8650265805329,25.6905952580245,26.0929363042181,25.8980632698313,26.1634227262336,26.1485220442802,-0.128068346282865,1
"P53075",2,2,4,1,1,NA,24.4290277801686,23.7432021507785,24.6767971871623,23.8109678283623,24.9707716373438,24.1949769754219,-0.775816550037333,0.211911591957105
"Q5T3J3",NA,2,NA,3,2,2,21.280702391305,21.5434170394683,22.6764690181143,23.101012592252,22.5896138897479,23.5331692990831,0.543604543878734,1
"Q3E841",3,2,4,3,2,3,26.4757977394502,26.0959133486986,26.6818325810089,26.0218366751778,26.7780688053943,26.5236173483622,-0.431443917871602,0.853896043307744
"Q13464",2,1,3,1,1,4,22.3434388093416,21.8219169063462,21.498381166658,21.5556092041418,21.6925923039062,21.9623174431016,-0.0648562421053995,1
"P22213",2,2,4,NA,NA,1,21.9344266907777,21.5717756695594,22.1396044342943,20.681518856691,22.4718050588414,21.727692822435,-0.854949611742666,0.361706594921615
"P40037",3,2,3,3,2,1,26.0026529713594,24.6438512366659,26.34826295374,23.9329991035008,25.201387052433,24.157269364584,-1.60606109092723,0.0544598464913887
"Q96AG4",2,2,4,4,4,4,23.3497776810992,23.8115156140158,24.8404439092532,23.8331788678236,24.0775909259679,24.1431097578615,-0.160002758873134,1
"Q7L5D6",5,4,1,3,3,4,22.8673231436946,22.9139891491601,23.7207011121429,22.5838379839735,23.1924355018608,23.6289607624706,-0.217890620698033,1
"Q13242",4,4,5,4,4,5,25.1361911997509,25.1250930624833,25.5622900617189,25.266608275248,25.5784153073349,25.5677040695932,-0.105830387160066,1
"P09496",2,2,2,2,2,4,25.443592376845,25.1881878260591,25.7768851853551,25.5464930940421,25.8956374974107,26.2531674036331,-0.0427555786255003,1
"Q15642",2,1,NA,2,2,3,23.4512747616987,22.6858831543811,22.9091860897608,23.2426529692806,22.9805930338138,22.852476170543,-0.186680530356201,1
"P32288",3,4,4,3,3,2,25.4029260469622,24.924356121113,25.0129753528036,23.868633812531,24.9657366460571,25.725474853386,-0.287724419597633,1
"O43137",4,4,2,NA,2,2,24.1217034521267,23.465307696355,24.4319614609134,23.1664162667884,24.494868032978,23.4362143834428,-0.993531533143967,0.0641347676904687
"Q9BSD7",3,4,2,4,4,3,23.1610255976964,23.1609222273586,23.1208858427878,23.1671585513061,23.4369669174926,23.320435338984,-0.0234540801093672,1
"P18238",3,3,2,2,4,3,25.8040487749655,25.4984528736426,25.5403133622981,25.1742192404959,25.9443831236115,25.67738759586,-0.312895183625534,1
"P0CX25,P0CX26",3,4,4,2,4,5,25.3725840001153,24.1120576454428,25.890109499556,24.5697338322334,25.8512854386996,24.8889911380518,-1.18106544088097,0.0661666492582507
"P20081",5,4,2,3,3,2,26.3585539547213,25.2737384120435,26.8383291241591,25.4660117181111,26.8443959341855,25.8581981750766,-1.14777690261157,0.0617035532639299
"Q07812",2,4,2,3,3,3,22.3911022222388,22.3865070727557,22.7610843024564,22.4639437589929,22.8086071001192,22.7058624723255,-0.1348267735801,1
"Q66K74",2,2,4,4,2,3,21.8183153545793,22.3004148469809,22.2780076970495,22.1489947342138,22.4557250441274,22.5306004144313,0.142653966623267,1
"P08679",3,4,4,3,3,2,23.208211432565,22.6864639795721,23.9928960794603,23.3051693163944,23.5682398193379,23.2838704605302,-0.497947858288834,1
"P78318",4,3,3,4,3,4,23.0528001925108,23.5699297581031,23.1509962481245,23.5398348071244,23.8344805016526,24.0201796781998,0.3638891003798,0.789719961370232
"Q9UEY8",NA,2,1,2,3,1,21.8755981642499,22.3961311132249,22.2713517436018,22.3162494862339,22.4530487833776,22.3570528497927,0.156478252674066,1
"Q96C57",1,2,NA,2,1,4,21.756488930791,21.2607421207582,22.1730439153728,21.6039242076397,21.8535238228093,22.1731586233984,-0.248410572392268,0.977095537406821
"P16150",3,5,1,3,4,3,24.2426295664594,24.1370392835249,24.3217307828981,24.3172428423433,24.1370116007808,24.3660614941751,0.039657223301667,1
"Q53EL6",1,3,1,2,2,3,21.9585404142114,22.3226793946207,22.0901883551064,21.9375164256132,21.9381023248779,22.5239866159238,0.265783780654001,0.917075896391241
"Q8WZA9",2,3,3,3,3,3,21.667521324664,22.4508705499214,22.6313468266405,22.7349515448109,23.2183911803473,22.9868931786324,0.2184853139043,1
"P32843",2,3,4,NA,NA,NA,21.7579798733099,21.3187940586515,22.1618140142737,21.3253455357398,22.2533405561625,21.7184605488662,-0.603511433496199,0.452165239549695
"Q9UMY4",4,5,4,4,2,2,23.3951342692903,24.3547141358488,24.8176066104706,24.3677903863986,24.6342636754841,24.3342506404363,0.0699168691462321,1
"Q96GG9",3,3,3,5,4,2,22.6147563418589,22.8598190181199,22.8446651598496,22.1691824568261,22.9737732029312,22.4489634532003,-0.3184099254978,1
"Q99426",4,4,3,3,2,2,22.8811355307494,22.7817433026609,23.3883734046241,23.3618578572176,23.5816636591216,23.7200066412731,0.00414506888549937,1
"P34221",5,1,3,1,1,2,23.2400736136183,23.6588513751086,23.7399604163863,23.8185442440468,23.483308879372,24.1215584950565,0.378537068278434,0.500009844056012
"P0A6A8",1,1,NA,2,3,3,24.588088736713,25.4049892418355,24.4220702856521,26.358970792825,24.7300816887497,26.768499349974,1.59740622450657,0.0375145015026743
"P11353",3,1,5,2,1,3,23.2448611555462,22.51604443908,23.8218484133817,22.6149553442544,23.7069663064376,23.0361024958108,-0.868857865406767,0.159204639569482
"Q6L8Q7",2,2,2,3,2,1,22.5795236866561,22.8406825674106,22.8588553982702,22.8814912503918,23.0444474851092,23.2034455399566,0.147597595907834,1
"Q3B726",3,3,4,4,2,4,22.1971224845595,22.5111036742931,23.0417188006448,22.2308928047109,23.365195736409,23.2343933888965,-0.209215717904267,1
"Q9HAV7",4,3,2,3,2,2,23.8705105299837,24.1156325226235,24.2434031120094,24.0185537145745,24.1421154731653,24.3194575481561,0.0658715567319005,1
"P36018",2,2,3,2,NA,1,23.6778906885113,23.3547897198682,23.9429371795689,23.026695996591,24.0899691008229,23.1421026935025,-0.729069519647133,0.199764523406913
"Q06546",2,1,1,2,1,4,22.7492330607216,21.6454018295105,23.0358934862245,22.6703922757044,23.2358065245885,22.8904487263182,-0.604896746667166,1
"Q92600",1,3,5,NA,2,4,22.4490353912158,22.6423291666,22.9442812369862,22.6408101216978,23.0299402880059,23.1413187096873,0.000400360592400043,1
"Q14651",3,3,3,3,2,2,24.7794512580005,24.9602326604604,25.0654575524479,24.6939249333161,25.0131367531096,25.2122097415805,0.00277392393300128,1
"P0A953",NA,1,1,3,4,1,22.4615432702218,23.8037605314503,22.3913913675877,24.032769329903,22.8085925678462,24.3712967472123,1.5154331343033,0.0250096676684495
"O43813",NA,2,1,2,2,3,22.6305825334205,22.9611619188863,22.3515702624939,22.5748431780815,22.3272805726577,22.9659509633702,0.397507563921967,0.56229737113715
"Q8N9N8",2,3,3,3,3,2,23.8353305127832,22.45910950608,23.1080458169685,22.6089451082107,22.9273671906755,22.6860565499467,-0.705544118729933,0.473481488767036
"P08047",2,3,2,2,1,2,22.1941365786616,22.603819759007,22.591044270179,22.0292739133101,22.4045193585895,22.6126973250827,0.0186969299898993,1
"Q8WVY7",NA,1,2,2,3,3,22.4461044480051,22.62183524125,23.2637941397645,22.9727775517825,23.398987094884,23.4256833201948,-0.0295298564754335,1
"P33399",4,1,2,2,1,2,22.1842344558685,23.3315007403971,21.4754759209718,22.7270783894834,23.2222691290766,22.65906279426,0.6118874727412,0.991534460148876
"Q9NVM6",3,NA,2,2,3,4,21.9636439270053,21.9427311368777,21.8897594259612,21.8904282228079,22.2134636652549,22.2201301577311,-0.00452583360156685,1
"P0DPB6",1,4,2,2,2,3,22.9241747784025,22.7841762271446,23.809352075747,23.4748330585745,23.2991804834291,23.6393651099266,-0.0447776473109667,1
"Q9NR56",2,4,3,3,4,3,23.1214293334665,24.2659379029632,24.4308321596522,24.1273498559634,24.5716848359985,24.4395323912673,0.236291273692231,1
"P36046",3,3,4,2,3,3,23.2325869267743,23.4016175557204,23.9259879047244,23.1269539670213,24.0126086837423,23.5495171294644,-0.364364954344966,1
"Q9UI30",3,2,2,3,2,3,24.6709718084668,24.6353769286737,24.3437422736869,24.6238756866227,24.9275500313977,24.7945307895665,0.0371730971038341,1
"P00352",4,1,1,1,NA,2,23.1112944154824,22.8389450789626,23.2756782377046,22.8265279280201,23.4779385643935,23.2458825488379,-0.317851887253301,1
"Q96HW7",NA,3,3,1,NA,1,22.1966114309964,21.8743266467075,22.5610056283393,21.7103339269668,22.8926267468071,22.2021242723284,-0.621152986713364,0.597844902826174
"P10746",2,4,NA,4,2,2,21.9536551847843,22.0632859546516,22.3268821730125,22.2619689239256,22.671251875738,22.5552062763068,-0.0237760262169324,1
"P50336",1,1,1,3,3,4,21.8032442878179,21.8104731822308,22.6380808877615,22.325355692988,22.000669201247,22.5298347884599,0.0745564289507676,1
"O43663",3,2,3,4,2,3,22.2863465266639,22.2542632529229,22.4821045750302,21.91090627709,22.123214753692,21.9871458485443,-0.246450158942965,1
"Q9Y3Y2",2,2,4,2,3,4,22.7034741088554,22.8617040119615,23.1184058327272,22.7408256668403,23.0449848682424,23.1499024478107,-0.0381442277374984,1
"Q9NPJ3",3,2,2,3,1,3,23.4363136509503,23.5009442118954,23.932827402565,23.5861394137709,23.9622741033679,23.909178763482,-0.111717589244966,1
"Q08985",1,4,1,2,2,2,22.5918232890551,21.3381675499839,23.1088252803968,21.5109895086515,23.2198956783558,21.9200785771837,-1.38376953732953,0.0408566168635158
"Q07878",3,4,2,NA,NA,NA,26.0675185563894,26.2530531115784,25.5243435923636,24.857918842817,25.5245622790171,25.1681764456335,-0.279092009247067,1
"Q5T6V5",3,2,2,3,3,5,22.2749218098116,22.3398131768949,22.8297539894759,22.4287340709444,22.7733526365359,22.7785913279146,-0.110296620023167,1
"P78332",1,3,4,1,1,4,22.6333226496025,22.8687901576622,22.7834789837054,22.7038417012562,23.0443370825301,22.8194623625852,-0.0230148314448009,1
"P39966",6,2,3,3,2,2,23.4556345024458,22.7038949157213,23.8417103150963,22.5617486020935,23.5367146325835,22.8153987371388,-0.917672398390668,0.076813248628119
"Q9Y371",NA,2,2,1,3,4,23.7627930054388,21.8067920850488,23.8715833353925,22.680679620133,23.5778381571037,23.0741999471551,-1.21684761519937,0.103774130181976
"P00937",2,3,5,2,2,4,24.8223207930428,24.7717890675879,23.5985552924717,25.0089536086076,23.5192115103321,22.7624808882189,0.201045322855934,1
"Q9BYD6",2,4,3,3,2,4,22.5077294440715,22.7884647475068,23.0842557888289,22.8996683554698,23.2384578046781,23.2288037210483,0.0288312621488001,1
"P38809",3,2,3,1,1,NA,21.5418776714349,20.3979526749451,21.7595881349331,20.762412657436,22.2780135124411,21.1078255893206,-1.1037627990358,0.0914576882950489
"Q16385",2,3,4,3,4,3,22.8645657143114,22.751254633137,23.2478900026346,23.2209540770238,23.3900466449511,23.451656601937,-0.0262123499330992,1
"P38779",3,2,2,NA,NA,NA,25.4912485691501,24.8645221699521,25.8675521183462,25.4393786827405,26.3978053063072,25.7631154928001,-0.563196549436932,1
"P36015",3,3,5,2,1,1,23.5393138460619,23.3999093315727,24.1853707569935,22.3158214999141,24.1036355041736,23.7075913640268,-0.801665970571799,0.733725392382471
"P45523",1,1,NA,4,3,4,20.9543522589325,23.0510502503927,21.5946800840859,22.6709917919284,21.797252258859,23.128242018665,1.50133315303623,0.0350980540190534
"P20051",4,5,3,2,1,NA,23.4757482716402,22.5317526721683,23.9683723673029,22.7723909970935,23.9182259704731,23.0463461874914,-1.00395225088767,0.0803096108600223
"Q9Y2T2",2,2,1,4,3,3,22.2506008678188,22.8269930583372,22.7445060053311,22.3354736366192,22.8139978883694,22.8776712245013,0.0770110526461328,1
"Q9Y3B7",1,2,2,1,2,2,22.2860149466993,22.2423601886447,22.2784698766539,21.8882740097299,22.5194901267336,22.6680857763347,-0.0950849917925005,1
"P61513",3,2,2,3,2,2,24.3715969342497,24.183419581083,24.7660450803649,24.8563498201359,25.1680991488368,24.1949819333921,-0.356996609613465,1
"P38754",3,5,3,3,2,2,27.2405860982005,25.9471008390572,27.8389601740067,26.3886146222084,27.6925422890567,26.6612817511527,-1.25836378294853,0.0570266244876492
"O43670",1,1,3,3,4,4,24.9303071025171,24.631996301949,24.8488530878331,24.906431902295,25.2136619673177,25.2388701609143,-0.071841264169868,1
"Q7Z7K6",2,2,1,4,2,4,22.0971700744038,22.2883220148013,22.5400471367836,22.2222307977296,22.9577979874696,22.4246687691553,-0.219931205656933,1
"P53367",NA,2,3,2,2,2,22.0008486567071,22.1642388417312,22.5039439889886,22.1852426463616,22.6029639686715,22.5781694995158,-0.0600352089195321,1
"P0ACF0",2,2,3,4,4,4,24.3767789295542,26.5855606470221,24.3609515412215,26.5699721607911,24.5749974272532,26.8868837908993,2.24322956689453,0.00677308925486929
"Q9NVU0",3,1,3,1,3,1,21.6912688804531,21.8106128180612,21.8725354881566,21.834150814019,22.3220940142076,22.1526410424074,-0.029497902776568,1
"Q15370",4,4,4,5,5,4,25.2159279717427,25.1890298838699,25.3344376545898,25.5610402506744,25.7701375831753,25.7950852472434,0.0748840574266332,1
"Q6P2I3,Q96GK7",2,1,2,1,2,3,21.920187913027,21.8713841429537,22.1575913408605,22.2205668256649,22.4924469792225,22.4640453758983,-0.00474329619769875,1
"P23724",4,3,1,1,NA,2,23.648274407302,22.8838083761091,24.1108738696056,22.960081497751,24.1896116427833,23.2536068819024,-0.950421054642802,0.0914576882950489
"Q12955",2,2,1,NA,2,4,23.3046409796434,22.3805190627176,23.716815903543,22.8962409271735,23.7847650254809,23.3643588507688,-0.721701022669134,0.534978740165358
"P37095",NA,NA,NA,3,4,3,21.3030089448692,22.4949876306128,22.1847763909811,22.7314667488708,21.9291388293478,23.1916913554503,1.00040718991193,0.107016376810979
"P43588",3,5,4,2,2,5,25.2702140425356,25.1363858603623,25.7256245228533,25.0757937959265,25.7027910528136,25.4144940177381,-0.357318648058532,1
"Q12164",3,4,NA,2,2,NA,23.4157100526284,22.2862569751466,23.6957844504452,22.6677808439687,23.7840721614818,22.9396999039586,-1.0006096471605,0.0826139936747416
"Q99471",3,3,3,2,3,4,23.6983986136374,23.5346066198515,23.9084974401231,23.8220376367368,24.0400495355094,24.2176064697176,-0.0242316209880009,1
"Q12480",2,2,3,1,1,NA,22.2407856558705,21.285530909063,22.3504724004354,21.7629005430194,22.7053662992787,22.1132898987611,-0.711634334913702,0.422951048651466
"P11274",2,3,3,1,4,3,23.8655073110881,23.2272921815198,24.3167179428632,23.2903578052458,24.1568637078899,23.4339839580737,-0.795818339000633,0.133758999421754
"Q08971",2,4,2,1,2,3,25.0631096557225,23.7657459053712,25.1078193650073,23.709086232223,25.4078075357944,24.0047711558217,-1.36637775436943,0.0315119910640256
"P19388",4,2,3,3,4,3,23.1360935465934,23.1319038911825,23.5375253164144,23.3620458765879,23.6016615369957,23.6717114441127,-0.0365397293734671,1
"O94992",3,1,4,3,2,1,22.5594908749584,22.4686370926647,22.7625317804015,22.5863929163318,22.9337561996037,22.9721613861371,-0.076195819943333,1
"P07275",2,5,2,NA,NA,NA,22.2566948897161,22.1508332920682,22.8140400500372,21.1456161075826,23.2573510087093,22.2400398298298,-0.930532239660666,0.454975800754672
"Q9HC35",3,1,4,2,3,3,23.8196401086389,23.2868146425378,22.5664649809639,23.4734238466266,23.9001425663115,22.8526193237805,-0.224463280989801,1
"P0A9L3",1,2,2,4,3,4,24.0776755087701,23.5914294377264,23.8712249760424,23.7604708340196,23.1585443580044,24.0265469124368,0.0903341137886346,1
"Q9BTA9",NA,2,1,4,3,2,21.5480189609695,22.0655709521659,22.0815887590595,21.9643651069854,22.1327450864088,22.3957116729407,0.2210983085514,0.778931146060534
"Q9Y3B2",3,3,3,2,1,2,23.080123815006,23.140295881722,23.4821165183934,23.2737264621991,23.6969851371502,23.5595682432463,-0.095211627794067,1
"P53228",2,3,4,NA,NA,2,22.1083706711671,21.7331024429199,22.6974959723244,23.2567422485005,23.3068930351466,22.056448198132,-0.355488929695234,1
"P08312",NA,NA,NA,3,4,4,21.9408413831791,22.4236750447711,20.5574490985147,22.9113837583698,21.5008429734089,23.3222595017848,1.55272828327433,0.0565710868433671
"Q5VZL5",3,2,1,4,2,3,21.9685168632192,22.1162075090175,22.4562407223847,22.0343605510499,22.4107727395262,22.4836284635076,-0.0671112671850338,1
"P36148",3,3,3,2,1,1,23.058152129449,22.3709805393794,23.3333127487787,22.3833405579,24.4436191859214,22.5261482893495,-1.1848715591734,0.150577816249733
"Q00059",4,2,3,4,4,4,24.3489621835891,25.0010726009364,24.5023022838542,24.3972403625239,24.6269682616037,25.4114277146903,0.443835983034533,0.632068385871566
"A4D1E9",3,2,2,3,2,2,22.020517978147,22.3098039732691,22.0214237904515,22.2390125414715,22.1537763654072,22.5404662630497,0.297854881261533,0.467233344297916
"P0C0L2",1,1,1,2,4,2,22.5908156781599,24.1984735185709,22.8221611779263,24.3178168101765,23.0257564922206,24.6040631589957,1.56054004647877,0.023117409515699
"Q7Z5K2",2,3,3,2,2,3,21.8477610417335,21.6499158369447,22.2111028607814,21.8237823805994,22.2049824074948,22.1764541066167,-0.204564661949632,1
"Q96G21",2,1,2,3,2,2,22.9043423611564,22.6922828224987,23.3981917743128,23.1742811213275,23.3851298698994,23.2914850773524,-0.176538328063333,1
"Q9UBP6",3,1,1,3,1,2,21.9988337443353,22.2626870163857,23.5728780602676,23.143319214952,22.2550125728102,22.2659948280704,-0.0515744393349991,1
"Q9BW85",2,1,2,4,3,2,22.073833645425,22.3324627568743,22.2810756747614,22.1233780172537,22.5340078706198,22.694840754447,0.0872547792562663,1
"Q96G74",3,1,1,3,2,2,23.902921835919,23.3853317347787,23.2678376730086,23.4701053672351,23.5575983197298,23.7645013068779,-0.0361398065885664,1
"P62308",5,4,4,3,4,4,26.2947404876648,26.6053113105483,26.5571891678869,26.7592982863223,26.6219147017364,26.8436213069789,0.244795515520465,0.578342264243348
"P0A9M8",NA,1,1,5,2,3,20.5365252841448,22.0285386064057,22.6675666924819,22.3338870461009,22.7309614829465,22.5524565067151,0.3266095665495,1
"P40215",3,5,3,1,1,1,23.3045398844744,22.4151531099835,23.4401521321101,22.2967091435017,23.756891402043,23.0772218978925,-0.9041664224166,0.172968649171532
"P49257",2,2,4,2,5,3,22.5701556596971,22.0771173988553,22.9934354724302,22.7394880929473,22.8354743172169,23.0214346350574,-0.187008440828066,1
"P09105",2,1,2,3,2,3,23.2306479027347,21.851094674011,22.3009610667167,22.8008380033476,22.9570105286638,23.0754897584993,-0.253732354085765,1
"P50416",3,3,2,2,1,2,22.138669282622,22.5766279265818,22.7299308218895,22.3781870157875,22.5047349904233,22.6209008331804,0.0674602268716325,1
"O75935",2,4,2,3,3,3,25.0109422426873,24.8345175361646,25.577258470513,25.2784539956751,25.3396231887743,25.3416887477376,-0.157721207465767,1
"Q9GZU8",2,4,3,1,3,2,22.7156930882155,22.7237187440683,23.0647363517583,23.0080223144566,23.1590240963462,23.1753235514502,-0.0107963087816323,1
"Q7L1Q6",3,3,3,3,4,2,24.3547669912822,24.1554128991568,24.6192564920182,24.2148571350747,24.726742963852,24.5713977180554,-0.2530328982885,1
"O14976",1,2,1,NA,2,5,21.7854498738978,21.8145950800767,21.9067558466417,21.6869858173286,22.002609539035,22.0165898332607,-0.0588815096361669,1
"Q9NSI2",4,1,3,4,3,1,22.5075495648956,22.6334990417119,22.7976420348703,22.6758356021931,22.803020449291,22.8767949491271,0.0259725146583989,1
"P40509",3,2,4,2,1,2,21.9315602738038,21.7587098761067,22.3486170006218,21.8078367861023,22.7090569854731,21.9198982412805,-0.500929785469734,0.958341093934314
"P54861",3,3,2,1,2,1,22.2122680843324,20.9500528406579,22.4589140769268,20.8706284845179,22.3517128612209,21.0687863127875,-1.37780912817227,0.0279188566405024
"P42898",NA,1,2,3,2,NA,23.5812195492864,23.0804956799343,23.8764479996342,22.6047412034798,23.4640393912973,24.2828706722677,-0.317866461512033,1
"P62851",4,4,4,4,3,3,27.4372725461756,27.5518929250244,27.806800933295,27.4258011109723,27.8059862739191,27.8248128160141,-0.0825176337929664,1
"P0AB77",NA,NA,NA,2,4,3,21.5962065934588,21.7498232002765,22.0044864076999,22.7954421168287,22.3303411234238,23.2367313050806,0.616987499201099,0.756625110405753
"P23497",2,1,3,1,3,4,22.5544909572952,22.6523459806432,24.1044095146256,23.7967611039618,23.9011797565552,24.5093959189191,0.132807591682699,1
"Q9BV68",3,3,3,2,3,3,22.938528985593,23.0963533996239,23.3629314461095,23.0320643975225,23.2596705768853,23.3725011061825,-0.020070701752965,1
"Q9H9Q2",2,4,2,3,NA,2,21.9913749647393,21.7049222880235,22.5172912902244,22.458086650424,22.7169020204501,22.2809545133202,-0.260534941215366,1
"Q9NX46",1,NA,2,3,1,3,22.4269618599165,23.2854445524321,23.3000086784297,23.2310901909464,23.8094492309264,23.509868250354,0.163327741486634,1
"P0ACE7",NA,NA,NA,3,3,3,22.8197492401019,23.3234072127122,23.6001690416728,23.1707035287877,23.3369070766768,23.4905989889688,0.075961457339068,1
"P13073",2,2,3,3,3,3,25.8395314581919,25.6882471071254,26.3072992162392,25.955836292121,26.2486870784978,26.2917506361662,-0.153227905838767,1
"P01111",3,NA,1,5,2,2,23.0996828144033,23.2612447340019,22.8064820672323,23.2173045670094,23.081106787719,23.1197998295981,0.203692487084933,0.732058102653169
"O15347",3,4,3,4,3,3,25.1407015430971,25.0595169296106,25.6597227759875,25.3447485756647,25.5788172177061,25.6691535598257,-0.101940823896568,1
"Q07864",2,1,NA,1,2,3,21.8785914941869,21.456544175507,22.3300121152768,21.4921969594992,21.3532653045828,22.6050632591179,-0.00268817330746648,1
"P32939",3,4,4,2,1,1,23.0370668019274,22.3462515729158,23.7266048430862,22.1475848940751,23.8169152861801,22.5040760547938,-1.19422480313633,0.0630420423682652
"Q9UPY8",2,1,1,3,2,4,23.9094848786577,23.6416882958231,24.2140672374597,24.0457726571598,24.3423385378621,24.5538775610345,-0.0748507133206999,1
"P40961",5,4,4,1,2,2,23.1547028603832,22.5411838404664,23.5971199507817,22.5007298161045,23.6594158528947,22.7995056455987,-0.856606453963334,0.121997300322743
"Q96JM3",2,2,3,2,2,2,21.6029846902277,21.8919125360057,22.2126792373301,22.2575167542289,21.8070366699157,22.3786720344604,0.301800242407167,0.796251130415719
"P00403",4,4,5,4,3,5,24.4130186448963,24.5439724992973,24.4441298542744,24.1256748530425,24.5762738526087,24.4851216239601,-0.0928844584931667,1
"Q9H267",2,3,1,2,2,3,22.0806157103526,22.1860598181852,22.5285682142378,22.0283804377924,22.2721868075661,22.4552951086794,-0.0705451224998335,1
"Q9NVU7",2,2,1,1,2,3,22.5871221321382,22.6512148686727,22.582059495838,22.2136146561375,22.288730360136,24.3487192406487,0.585212259115566,1
"P38353",3,5,5,3,3,2,23.4806441540761,22.5476388515236,23.8311293827667,22.737041402127,23.7892925428487,22.4473792780094,-1.12300218267717,0.0531322978535179
"Q04792",4,4,1,3,1,2,23.1391990889272,22.1278263848216,23.2857287196402,21.8300713331728,23.3441757415438,22.2584569132996,-1.18424963960573,0.0492106165895986
"Q9NUY8",3,1,1,NA,NA,2,22.3617974984733,22.8444326192585,22.6994685625112,22.6394432795563,22.7250440639787,22.7522360757779,0.149933949876501,1
"P0AA04",1,1,1,3,2,3,22.3952292115801,23.4527987522527,22.5673974727739,23.938859439767,22.6801290915389,24.2200641588892,1.32298885833867,0.0408402414356857
"P38286",2,3,2,1,1,1,22.0682390240961,21.5438198517426,22.688292788431,21.7827483146422,22.4206801219293,21.944299380482,-0.635448129196534,0.462845343910185
"P36405",3,1,2,4,2,3,22.4391617888937,22.9615574408691,22.7470316931222,22.5060598310287,22.6497712573397,22.9214828623502,0.184378464964134,1
"P32485",3,5,4,2,2,2,24.6273913862218,24.1245118260238,24.979232411962,24.4180430309222,25.2759310971393,24.0864754444182,-0.751174864652967,0.243964480807424
"Q9ULK4",NA,1,3,3,2,NA,22.1918444915897,22.4279259662472,21.8638059080793,21.3592219373057,21.4245660062353,21.8344281309152,0.047119876187935,1
"Q02776",1,4,3,NA,1,NA,22.5993661387439,21.5028861775321,23.0453397348147,21.7729673128909,23.0641699227964,22.0937560432072,-1.1130887542416,0.0641347676904687
"P07172",2,5,3,2,1,NA,22.3331246330822,21.9021919997482,23.8025497921525,21.7967241764507,23.8841334329845,22.5222016051124,-1.26623002563597,0.236219999495303
"Q9H4L7",4,2,NA,2,3,3,22.1172378799857,21.9791087902463,22.3354103918647,22.0155054017648,22.3473484597462,22.3702672881502,-0.145038417145101,1
"P32566",3,2,4,NA,1,NA,22.1282870214307,21.2781400268656,22.6300003239084,21.4349848576779,22.5860600203934,21.7893471749657,-0.9472917687411,0.10120973377421
"Q8WXA9",3,4,3,2,3,2,22.409660773937,22.9714565486616,22.6369748073125,22.7482060577966,23.3199818653207,22.5665755368821,-0.0267931010766323,1
"Q86U44",2,NA,4,3,4,3,21.141011329156,22.4040380145443,26.7529243928947,27.6212839264831,22.8918881606126,27.9292032263748,2.38956709491297,0.753936362145317
"O75496",3,2,2,3,1,2,22.8276615477389,22.960353932774,23.4140789795921,22.8567526348234,23.6191808038582,23.2815271096949,-0.254095884632299,1
"Q6P3W7",3,2,2,2,3,3,23.2357111511726,22.0266274501842,22.3750910169316,22.357380045277,22.8125467175058,23.6127159953116,-0.142208464945733,1
"P0A9W3",NA,NA,NA,4,4,4,23.1990772510631,21.7785957391203,23.3251469059875,22.8083778069889,22.8146155167544,22.8502789920624,-0.633862378544466,1
"Q8ND24",3,2,1,3,2,2,21.7585596355253,21.678023448187,21.8615126322744,21.9343327381749,22.3290924097671,22.275160589988,-0.0205493004056348,1
"Q9Y2R5",2,2,3,2,1,3,21.8826862367655,22.0782387787126,21.9508559384629,21.7128726724409,22.5201574114039,22.5672804799777,0.00156411483296518,1
"P32340",3,3,4,NA,1,2,22.3209670109538,22.0398730506106,22.6357287466794,21.4432720204228,22.6098649763839,21.705843071527,-0.792524197152235,0.183608202411644
"P62253",1,2,3,2,2,3,22.5301442317319,22.475163309855,22.7310127739016,22.6625452777949,22.9973956391946,23.1324201836593,0.00385870882703306,1
"P46199",3,2,1,2,NA,2,23.8924922338638,23.8932757900183,23.8690894265633,23.3858217288705,23.5231752274092,23.7602955964288,-0.0817879241728991,1
"Q92896",3,1,1,2,3,2,21.6988957051158,21.9376687140747,21.7850738563129,21.4491922313702,21.5551768978459,22.160837464308,0.169517316826101,1
"P53199",3,3,3,NA,1,1,22.2440487477813,21.6033980400698,22.5079311917408,21.3305488865893,22.6769277884363,21.6360877826994,-0.952957672866634,0.0741030103302578
"Q9H0B6",3,3,4,3,2,3,21.8966740505719,22.1624992037679,22.6718718698368,22.5165476609429,22.7501617898504,22.7965034826932,0.0522808790483017,1
"Q9Y5K8",2,3,2,1,2,4,23.041157133426,23.1306260183968,23.7079065288167,22.8333596615568,23.7578428803732,23.2876054414518,-0.418438473736835,1
"Q9UBU8",3,1,2,3,1,1,21.6009457582846,21.6682848081719,22.2822204028004,21.9651004626953,22.2440107003218,22.294936338685,-0.0662850839515331,1
"Q9H3R5",1,2,3,2,1,2,19.8876051428514,21.9877736006978,22.0367177744025,21.9007738681532,22.0445422044553,22.2222974346484,0.713993260596733,0.616463123756816
"Q15004",3,2,2,3,3,3,22.3691420234887,22.257967278624,22.8082005340033,22.5514649015718,22.7474945878597,22.7409965966449,-0.124802789503665,1
"O95989",2,3,2,2,2,2,23.0056315730285,22.4512016773246,23.0347207265482,22.7640525469096,23.1204261590168,23.0553506269503,-0.296724535803,1
"Q8IUF8",2,1,3,2,3,2,21.6465415714398,21.5543555804347,21.6520455830192,21.1747963362275,22.1605023630566,22.1112406000937,-0.206232333586566,0.999805816673286
"P15274",4,4,3,1,2,2,22.0112241837298,21.454276699115,22.6369447251157,21.5028120203555,22.8512932556051,21.9762954319638,-0.855359337672102,0.250758568804704
"P0A7F3",NA,1,NA,3,3,2,21.8815215898713,23.2834430740097,22.9096182743739,23.2460145227663,22.37754311529,23.269411081988,0.876728566409599,0.161213352649711
"P48059",4,2,1,2,2,3,23.1768103234646,22.9402307826283,23.544552035432,22.5693580111157,23.2212366281764,23.3418249986068,-0.363728398240733,1
"P80217",3,2,2,3,3,4,23.4961358734207,23.38146690758,21.9413435415076,23.8431727241039,24.1454929691736,21.9701346860162,-0.129399355467267,1
"P42940",2,2,3,NA,1,2,22.4097961917388,21.7683761752343,23.8606988431952,22.0184825728899,23.1400642915484,22.6454851699891,-0.992738469456364,0.41787522310194
"Q9BTE7",1,1,3,2,1,4,22.7839314311945,22.6175401047334,23.3078661772331,22.9800455038082,23.2751327343371,22.1621492721348,-0.5357318206961,1
"O15228",3,NA,2,2,2,1,22.7784299086121,22.5929242696517,23.1285617281538,22.8157402609081,22.4224066773047,23.1063322615243,0.0618661593378332,1
"P18562",3,2,5,3,3,2,24.1126292860871,23.2134029974737,24.440518298157,23.5003872514955,24.3919622758435,23.362058588757,-0.956420340787132,0.0657297456599883
"Q93034",2,3,1,4,4,4,22.3722421648101,22.5306332740209,22.8488333214268,22.7908859753484,23.1448733862013,23.1267918952213,0.0274540907174661,1
"Q9HCD5",2,3,2,3,3,3,24.1021387920444,23.016856224232,23.7127309086665,23.23429587518,23.6105196868981,23.150704711086,-0.674510859037001,0.280536457962432
"Q9P013",4,2,3,5,3,3,22.9049885442062,23.1005505415648,23.6080079532002,23.1625831009779,23.8859714030119,23.9047610259805,-0.0770244106317008,1
"Q9BXW9",4,4,1,2,2,2,24.8196476116913,24.3196358787143,25.0121522201743,24.0254942743139,25.1051538498701,24.2016085570655,-0.796738323880665,0.117388590312701
"P20645",4,2,3,3,3,3,22.5385318739649,22.2233035433439,22.5779344800593,22.9201374723334,23.1249116976785,23.0572980187035,-0.0135463391073003,1
"Q9NZ45",2,2,1,3,3,2,23.2378626028302,23.1000032988426,23.776080969832,23.4818951191583,23.7800609164706,23.6169259171778,-0.198393384651368,1
"Q5TA45",1,2,2,3,5,1,22.3051327079917,23.9628337124967,23.4731794283185,25.6360139684716,22.4655611738029,22.6208836106018,1.325285993819,0.785961512052246
"P33767",2,1,3,1,2,2,23.1768579442548,22.3153687848711,23.5320790691338,22.4523595223276,23.8049812805789,22.9471544489921,-0.933011845925565,0.141276604153625
"Q9BSJ2",2,1,3,2,1,3,21.4215338989656,21.5492223919657,21.9775275572632,21.6553081934973,22.3326986200885,22.4659649019257,-0.020421529642866,1
"P53600",4,3,3,NA,NA,NA,23.4335095449389,21.0603202469021,24.0144933697072,21.3095059134122,23.271713777967,22.1675287081945,-2.06078727470143,0.0194917968234617
"Q8N5N7",2,2,3,3,2,3,24.9905141367586,22.827669881305,23.1396643832632,23.8065775476267,25.3740044125363,24.1128150642762,-0.919040146450066,1
"Q96EK5",1,1,2,3,2,1,21.8555715117249,21.6659866408697,22.0836288103947,21.8127869999802,22.1785302168835,22.0515446897834,-0.195804069456599,1
"Q9BXR0",1,2,1,2,2,3,22.2831797974146,22.2627380492899,22.674658766281,22.468005598161,22.4384932716963,22.6094854891059,-0.0187008996116991,1
"P82970",3,2,4,3,3,2,22.0896597938372,22.0008398907233,22.5006426631292,22.3561885196473,22.7231285579541,22.6981863094252,-0.0860720983749002,1
"P39727",2,4,3,1,2,2,22.0213277104601,20.5635457778479,22.2984740390672,21.4939229850801,22.6264069846351,21.5861135226156,-1.10087548287293,0.143451622763912
"Q9BWH6",1,3,1,4,2,4,21.5142717245445,22.095380763895,22.1227275374007,21.8586485603323,22.0675367735113,22.565222851215,0.271572046661934,0.993109667535602
"Q9BRF8",3,1,2,1,3,2,23.1633143059557,22.6037586479582,22.7622720289869,22.6606196536505,23.2110293158726,22.9319387534418,-0.313432865254902,1
"Q13541",1,3,2,3,3,2,22.1797428384476,24.5712089366733,24.2940029688829,22.234784254783,22.5502141297157,22.5217818098839,0.101271688098001,1
"P16403",4,4,1,4,4,2,26.4530401146818,26.2014637827356,26.8766032192652,26.6572412425334,26.813611919784,26.9689300557319,-0.105206724243368,1
"Q8NHP8",NA,3,2,3,2,2,21.6015221274335,26.521648479879,26.4536126392388,21.9323220003765,22.1938310771309,22.225252162659,0.143418933037102,1
"O75380",3,3,2,2,3,3,22.6053070146695,24.2923061844531,24.7289183096806,24.4651040102144,24.6036081226682,24.7605981369739,0.526724961541034,1
"O15511",3,2,1,3,NA,1,23.5921314703489,24.1149915625155,24.0587465194327,23.5343273453007,23.8583944533339,23.9525191819253,0.0308552155419998,1
"P29372",2,1,3,2,NA,2,21.7890081039791,22.1687203143071,22.1331262165471,22.1399492629344,22.3256539273308,22.4594919051142,0.1734577448329,0.932728209687362
"Q6PD74",4,2,1,3,3,3,22.3222106691042,22.8946984399899,22.6665263388474,22.4064326199984,22.5565845186519,22.7565895082328,0.1707996805392,1
"P51784",1,2,4,2,3,2,22.4267254346628,23.2915979106938,22.2807932792213,22.5345489170413,22.8432721336637,21.9842003472611,0.0865187758161336,1
"P0A7W1",1,NA,1,1,2,4,21.6449189537069,23.0962613781352,21.989864974424,23.5716517410759,21.9896082764592,23.9313560266555,1.65829231375883,0.022715064860768
"Q86XI2",NA,NA,2,3,1,4,21.6678223064327,21.6179930098461,21.6319988544284,21.7943212634941,22.1291374041708,22.1870318372353,0.0567958485145326,1
"P29083",2,4,3,1,2,3,21.3667350802969,20.9830836317338,21.7594411352217,21.375112101511,21.8692323531135,21.940085756145,-0.232375693080767,1
"Q9UIG0",NA,2,1,1,2,2,20.5944018351946,21.1026652044583,21.4191884286729,21.7002757696713,21.403679111202,21.7183621905941,0.368011263218068,0.796914231644546
"P36041",2,NA,2,1,NA,2,21.7809754218356,21.998634327523,22.2916671800919,22.3205094350436,22.8611128488827,22.5019021620428,-0.037569842066933,1
"Q96T58",2,2,1,1,NA,1,20.9437453200148,20.9457046702776,22.1444296859171,21.5996468367443,21.8440523135554,21.5537545458582,-0.277707088869067,0.969687931162732
"Q9HD15",1,1,NA,4,1,2,23.5309989650231,24.1046542568122,23.8819166916608,23.4170081488317,24.0578403855773,24.0224597599612,0.0244553744479674,1
"Q8NFF5",1,3,3,2,1,3,21.6081133401951,21.2418772760733,21.5844092984667,21.4020567580931,22.1501337040829,21.987844191633,-0.236959372315101,0.983119247994488
"P46683",2,3,3,1,NA,2,21.9852471384284,21.1606628459575,22.4049588476045,21.2970258166371,22.8115546146167,21.7948622208729,-0.983069905727367,0.150169249808272
"Q9NV70",NA,1,1,2,3,2,23.6627434458482,23.6549354504026,24.239163504892,23.7627173898615,23.5936051748859,23.5184219249342,-0.186479120142601,1
"Q9H967",3,1,2,1,3,5,22.0862877010393,22.1616239848552,22.881697172912,22.4133603819258,22.9085596501041,22.6861690000484,-0.205130385741999,1
"P04449",5,4,4,4,4,4,27.4384138258306,26.1909270881431,27.8977160442535,26.4087447517697,27.7885826348167,26.7216919783162,-1.26778289555727,0.0517437768092971
"P25619",3,3,4,2,2,2,24.6368458475942,23.001503720294,25.1385500806323,23.4043071659572,24.8788561910772,23.8481906224505,-1.466750203534,0.0363618302300478
"Q9BT73",3,1,2,3,3,2,22.8745823718637,23.4107683409785,23.3911809069845,23.1723417401066,23.4902953922992,23.3687122640082,0.0652545579819671,1
"P10869",3,3,2,NA,1,NA,22.0417712629996,20.5786021116973,22.559626004195,21.0373448570838,22.7288584350029,21.7025284560505,-1.3372600924553,0.0759084924562068
"P28707",3,3,4,2,2,3,24.727820662235,23.7138253077731,25.1498505185514,23.9179519247166,25.3813132238938,24.1999020485724,-1.14243504120603,0.0627175601442803
"P23644",3,2,2,1,2,2,23.4539980044549,23.1022150584488,24.0183898627093,22.6161153455705,23.9986935443696,23.0320363074415,-0.906904900024333,0.134531566805725
"P28273",2,3,2,NA,NA,NA,22.8869005316913,20.2367062004613,22.2057919073202,19.4957706281012,22.4209279452827,22.8079130206418,-1.65774351169663,0.513366935601299
"O00584",4,2,3,2,2,2,22.6199020312544,22.6752112781962,22.8348876361705,22.434554931342,25.1511938773491,22.8615896793755,-0.878209218620101,1
"Q969S3",3,1,2,2,1,2,21.7695894927029,21.0221269960525,20.8298849950922,20.4946224606343,21.8960723730273,22.0117629952177,-0.322344802972633,1
"Q53H82",3,4,4,4,1,2,22.4568092217333,22.4906480725918,23.0062640918701,22.6947402412714,23.1286048331665,23.1873886239182,-0.0729670696628339,1
"O43598",2,1,2,3,2,2,23.6690270121262,23.8207551018656,24.1584241673432,23.8706495535312,24.1500941823463,24.2764751628567,-0.00322184785406658,1
"Q8N4Q1",1,3,2,2,2,2,23.5440208618456,23.5322536564368,23.8777933682939,23.6122995693123,23.8217770955183,23.8282244397598,-0.0902712200496332,1
"P0C0X0,Q3E7X9",5,3,4,3,4,3,27.4469156846827,26.1722123145808,27.8014074108824,26.4119382700513,27.7313195489963,26.6148443914513,-1.26021588949267,0.0462096551062434
"Q14320",1,1,3,2,3,2,23.6913828420681,23.6889854087352,24.000750680918,23.8166774479221,23.9995384107217,24.1677741508559,-0.00607830873153385,1
"Q9UDY4",1,1,3,1,3,4,22.9980954113749,23.335661037446,23.5301021904107,23.2682424318903,23.5243703769828,23.5278913306011,0.0264089403896648,1
"Q96CS3",2,2,3,2,2,4,21.814669687217,21.8053577553695,21.7052333950578,21.9727719434954,22.0884670322317,22.2670776935766,0.145612425978333,1
"Q9H1E3",4,3,3,3,2,3,24.0967545576102,23.7905008325143,24.2657266311073,24.0545410593011,23.7359024185263,23.5728726261399,-0.226823029762832,1
"P15153",3,3,3,3,1,4,23.7936533137977,23.7175145264276,24.2912437839207,24.0598712098884,24.3406141678051,24.3145456293482,-0.111193299953101,1
"P09543",4,4,2,4,2,3,22.5788198660278,22.599919764029,22.9794400237545,22.685212787729,23.0371083711443,22.8568455103463,-0.151130066274099,1
"O75251",3,4,3,3,2,1,22.7529709289589,23.0927316595437,23.9746081930366,22.979104864189,23.938834229938,23.7727609729937,-0.273938618402366,1
"Q9Y547",NA,1,4,3,1,4,22.7472007622016,22.7524500680475,22.6455645478682,22.6916087150761,22.80581982384,23.0488195991525,0.0980977494554326,1
"Q8IV38",2,4,5,2,NA,2,21.7574881841754,22.2403753027197,23.9191675775087,22.3699577748083,23.8784523919384,22.6240989887299,-0.7735586957882,1
"Q9UJA5",3,3,2,3,2,3,25.7126772845404,25.8048494665774,25.7295375607027,25.4193678373944,25.6715494888812,25.7529012263557,-0.0455486012655998,1
"Q15738",1,2,2,3,NA,2,22.0914001961317,22.2962973084596,22.4340524460631,21.9610618288042,22.274223577485,22.2097329730259,-0.110861369796699,1
"A0FGR8",NA,NA,1,2,3,2,20.3436990471312,21.3039521110916,21.2631936816398,21.2833783545339,21.501807792412,21.7562012080145,0.411610384152334,0.603625428517635
"Q53F19",2,1,3,2,2,3,22.8761275779974,22.1597560292285,22.6391479130312,22.311931203105,22.7080382395066,23.1413302488275,-0.203432083124733,1
"Q7Z3U7",NA,1,2,3,1,2,21.131291005233,21.413537934404,22.0138532069923,21.4555484700433,21.67121245575,22.0440009864216,0.0322435742978679,1
"Q9ULR0",3,3,4,3,3,2,22.250963232659,22.0677898200085,22.4208765598017,22.6174277810928,23.352607353394,23.2431292286928,-0.0320334386868666,1
"Q9NUL3",NA,1,5,3,2,2,22.0691057009194,22.383470162866,22.5912388074835,22.6853461587313,22.8451943660183,22.7892745307137,0.117517325963266,1
"Q9H0E9",NA,1,2,NA,NA,2,21.9597708130781,21.849039088865,22.6499846688451,22.1338170131095,22.2351422850396,22.2160428739228,-0.215332930355168,1
"O60256",1,2,3,3,2,2,23.5170269112478,22.8546516524977,23.9093815045174,23.6904869888676,23.7335470724464,23.4080985370632,-0.402239436594365,1
"Q96DH6",2,2,3,1,2,2,22.0163199921334,22.2118314214016,22.3465489006794,22.7457896064686,23.0155440239722,22.9664094285874,0.181872513224199,1
"P82930",2,2,4,3,2,3,21.9172593426677,22.8369846505975,22.4188860198253,22.308545958713,22.7551997379093,22.6281306656244,0.227438724844201,1
"Q07505",3,2,3,NA,1,1,22.1722808444011,21.3932579431373,22.7320999203375,21.6247560842573,22.9772877855425,22.2111175693133,-0.884178984524401,0.280576618764387
"Q16890",2,4,1,2,2,2,23.2271180780488,22.8167682528694,23.6018603139988,23.3221124485098,23.1673473937244,23.7205229594786,-0.0456407083047322,1
"P60438",2,1,1,3,2,2,22.0154875365174,23.716797277339,22.5662352484034,24.2386024124362,22.6544944341952,24.4882547407958,1.73581240381833,0.0227827058603024
"Q12123",4,3,2,3,3,2,22.7814737804171,22.0629879952527,23.0931041589111,22.157214615301,22.8830831645307,22.4155487560962,-0.707303245736333,0.208985173796943
"Q9NWT1",2,1,2,2,3,5,22.3946068727537,22.6128023700937,22.8226143959385,22.7737867445031,22.7399102663944,23.0309460907855,0.153467890098565,0.86317809174952
"Q9NV31",3,3,3,4,4,2,22.638151723189,22.9391610264082,22.4920885022628,22.640619177099,22.9409686860149,22.845676198938,0.118082496992834,1
"Q04458",4,2,1,NA,NA,NA,23.0163341060582,22.2643208928985,23.6567596957389,21.5776574766078,23.5577967183478,22.9477646233675,-1.14704917575703,0.189374351784892
"P09234",3,3,3,3,3,3,24.3077753117145,24.2339238882784,24.7582172155781,24.4004707557658,24.7118375079219,24.7970531247096,-0.1154607554869,1
"Q969H8",2,NA,1,2,2,2,23.2324390797377,23.0059280847075,23.6783162287743,23.516118520508,23.4461568362718,23.3617378064112,-0.1577092443857,1
"P38079",2,4,2,1,2,1,24.6462007324055,23.9132771285337,25.2220030000621,23.939402196529,25.1293704404482,24.0386427443228,-1.03541736784343,0.0641347676904687
"Q9NRW7",1,1,2,2,1,2,21.2365317696777,21.7029694011444,21.5526559653997,21.6502093361117,21.7329418543239,21.3462648308729,0.0591046595758999,1
"P53111",3,3,3,2,2,1,23.2444793982963,22.3641053920851,23.7507664720308,22.3666203700814,23.8800056093054,23.0041815397724,-1.04678139256453,0.10303348617671
"Q9Y294",4,3,2,3,3,3,23.5402788302642,23.229739746463,22.198032509826,23.6148320378785,23.6293572871637,24.4530721509067,0.643325102664767,0.921109022005199
"P0DTT0",NA,1,1,1,4,3,21.4705326499988,22.0075876643743,21.1474044716805,22.284201262597,22.0231438440019,22.7299878524542,0.793565271248101,0.201383835314357
"P39101",3,4,5,1,1,2,22.9707055591477,22.2418289904686,23.4933736914452,22.3104685581959,23.679769256417,22.8279946590806,-0.921185433088266,0.16528584292351
"P38328",3,3,3,2,3,2,22.1066480778466,21.5823972212716,22.614828444092,21.4044655662273,22.9088252263165,21.8503325076088,-0.931035484382467,0.146121253125991
"O15269",1,3,3,2,2,3,22.7021774422368,22.1638434303245,22.6796832562761,22.6800042543773,24.0767733625894,22.7848275156578,-0.609986286914232,1
"Q96IJ6",4,2,3,4,3,3,21.6433934960141,21.8080931775004,22.050490876511,21.5975032725575,22.0024344231198,22.117152572403,-0.057856591061333,1
"Q6ZT62",1,3,3,3,2,4,22.9213926033276,22.7566820373585,23.1870825963551,22.6343209595938,24.3330025768325,24.0254133353216,-0.341687148080433,1
"Q03533",2,NA,3,NA,NA,NA,23.0857799101875,21.466168342071,23.3150514127117,22.7884698256216,23.2233565777967,21.4743674354747,-1.2983940991762,0.115235228064202
"P62310",1,4,1,3,3,3,25.1365650062841,25.3515136503952,25.2124238019061,25.0010853181381,25.2900469792836,25.2101283465184,-0.0254361574740341,1
"Q7Z434",1,2,2,4,3,3,22.174303068571,22.5974356416249,22.6600253889601,22.1491023747924,22.4583337640935,23.064461552937,0.172779115909901,1
"P38858",1,2,4,1,NA,1,22.6194990928331,21.8783264680481,22.6857216062213,21.5830555585595,22.9557406200691,22.0904510285955,-0.903042754640133,0.0972689474933895
"Q5MIZ7",4,2,NA,2,2,3,22.4649186121411,21.6633004304145,22.8832896991037,23.297586194124,23.2221905487191,22.9578813048866,-0.2172103101796,1
"P38841",3,1,3,1,1,1,22.5395314586273,22.7729382257849,23.4827491290479,23.2135884044372,23.2803154165135,23.5320755010531,0.072002042362166,1
"Q06489",3,2,2,1,1,2,23.3571561049658,23.12950282351,22.8574345324167,22.6613887546541,22.5424920571025,21.6451676147914,-0.4403411671765,1
"P22141",2,4,4,2,2,2,23.3549539199011,22.3076652650755,23.7941980919894,22.8280841732751,23.9899102642301,23.3205865570116,-0.894242093586133,0.280536457962432
"P53312",2,2,4,1,1,NA,21.140007012503,20.6809560929644,21.7153981598172,21.2506546429039,22.4039047848611,21.7836301483192,-0.514689690997933,1
"P0A705",NA,NA,NA,3,1,3,20.9032873015694,22.066080154923,21.648843476643,22.0556296486708,22.0481662146275,22.4668235380821,0.662745449612,0.283760977585401
"Q92522",4,4,2,3,4,3,22.3605974279963,22.2890835560239,22.8877235670542,22.7119483864433,22.3058435522051,23.1246926101318,0.190520001781133,1
"Q03769",3,2,4,1,1,1,21.9414318445406,20.9796381866378,22.5132612259719,21.4955579017419,22.355948806342,21.529503474809,-0.935314104555265,0.124403555142389
"P00724",3,3,2,2,NA,3,23.5511004887789,22.7428451722935,23.767253791099,22.4069293802327,23.8661292285915,23.3767177348182,-0.885997073708334,0.215721168518452
"Q8TAG9",1,1,3,3,1,2,21.4378742142659,21.5667174355293,21.8870322191473,21.8961946321904,22.2554571083241,21.9846533112806,-0.0442660542456679,1
"O95983",2,3,3,1,2,4,21.5205268461566,22.0596906978792,22.0648111682243,22.0575208071038,22.4786183073032,22.4791353689997,0.177463517432867,1
"P08240",2,2,2,2,2,1,21.5415052750431,22.1045090161309,22.9695857185682,22.2048781105325,22.4798385962818,22.4224753321206,-0.0863557103696996,1
"Q9UJX4",3,NA,1,4,2,1,22.240539661786,22.3045146792036,22.5818591206648,22.0114750171516,21.3864590513898,22.6215327819833,0.242888214832635,1
"P0A6F9",2,3,2,2,2,3,23.5419649674671,25.4263017424967,23.8957481466373,25.6149158154892,24.0475396587885,25.9799423555699,1.84530238022097,0.0164828483405032
"Q13685",3,3,3,2,2,1,22.6403081623835,22.7806893382802,22.5505615055197,22.9231537225304,23.2702231693812,23.2368359516076,0.159862058377933,1
"P33981",1,NA,NA,4,NA,NA,21.4136039137923,21.7736604994568,21.3846575563884,21.3184280645641,21.1983609557326,21.5857316313898,0.227065923165798,0.853928761663373
"Q12907",NA,3,3,1,3,3,25.2171523343853,25.1834598662729,25.915371377282,25.7359858547691,25.9402856343339,25.9855309317136,-0.0559442310818656,1
"P45978",2,3,4,3,1,2,22.0038591121444,22.4368917071588,24.7183086708427,21.3030903535002,24.6145678707162,22.3242798627786,-1.7574912434219,0.401553444745225
"Q7Z478",2,3,NA,2,NA,3,25.078959124352,21.3283349917909,22.1922461520301,21.6398469781413,22.1497446390767,22.823619234504,-1.20971623700753,0.969687931162732
"O94913",NA,1,3,3,2,2,21.5926748773933,21.6831841789573,22.0065537966843,22.1817825361663,22.3887737038923,22.4238729982974,0.100279111817033,1
"P32501",2,2,2,NA,2,NA,23.168211036522,22.987102293907,23.2817315533369,23.114092754474,23.1081820859365,22.8470041869739,-0.203308480146833,1
"Q9Y312",NA,1,3,2,3,2,20.5360873438027,21.306393144785,21.4344276719852,21.1373969218376,21.772956141096,21.7626435949676,0.1543208349021,1
"Q86SX6",1,2,2,3,3,3,21.9220504385743,23.4349816772787,23.5325642459201,23.4064178274396,23.7117053035475,23.5690688067279,0.414716107801433,1
"P35691",4,4,4,3,3,3,27.3272568582085,26.078300518103,27.613599405747,26.2718533812734,27.681231654792,26.6169323093038,-1.21833390335577,0.0522744348869269
"Q9H9A5",2,1,2,1,3,2,22.2893731993933,21.8892271922107,22.7040807286186,22.3809696209079,22.3371058638865,22.4453225637887,-0.205013471663699,1
"P62328",3,3,3,3,3,3,27.6432947291633,27.4000444947357,28.0552471799201,27.8782489997487,28.0602353002143,28.073372776983,-0.135703645943434,1
"Q9Y5Z4",3,3,3,1,2,NA,23.1527662021869,22.6021251185748,24.0375652183714,23.2136806540649,23.3291861863511,23.1931568505248,-0.503518327914968,1
"P39993",1,4,3,2,NA,3,22.1962548166493,21.4469460908778,22.1817258283688,21.5792275344401,22.2576866523971,22.1699312692409,-0.479854134285468,0.969687931162732
"P61960",2,2,3,2,2,2,22.8598840262471,23.3080176070475,23.317786592511,23.180941091157,23.420587610855,22.785886641767,-0.107804296547201,1
"Q969U7",NA,2,2,NA,2,2,23.0038309820614,23.0759886203659,23.4979391586778,23.1295907053183,23.5023656617108,23.4009784297632,-0.132526015667533,1
"Q9UNX3",4,3,3,3,3,3,26.8145601708237,26.4652537565863,27.3324943076912,26.6864344843337,27.2766543429287,26.9736579577087,-0.432787540938301,0.881274828457927
"P07273",2,3,2,2,2,1,21.9052463303396,20.8135148488231,22.2742624007378,21.225112095922,22.3558527217224,20.9510183903652,-1.18190537256317,0.0531322978535179
"Q96KP1",2,3,1,1,4,1,22.7170724602662,21.8894391623022,23.3486762926164,22.7465351302885,23.2713198243688,22.4446122881272,-0.752160665511166,0.46044568485555
"O95182",3,NA,3,2,4,3,22.7390304529489,24.4325745224652,23.1712681338067,24.3554046006795,24.695402691693,23.2811059635319,0.487794602742666,1
"O00560",NA,3,2,4,NA,3,21.4867164644364,21.9277757923448,22.0350017521024,21.5904846008299,22.0488274133639,21.7192816466763,-0.1110011966839,1
"Q9UHR5",2,2,4,2,3,3,22.9629708237774,23.4117015675571,23.5769397165185,23.6707038953337,24.0808425698435,23.9229650627136,0.128205805154999,1
"Q7L4I2",1,2,2,4,3,3,22.2375191054158,21.9824506980396,22.4611676610126,22.0922308107695,22.17693264335,22.6011313688448,-0.0666021773748326,1
"P13517",3,3,3,2,NA,2,24.0316431571199,24.113167150102,24.362751834488,22.3343431274896,23.5560519088031,24.2111712021845,-0.430588473544966,1
"P49954",2,3,2,1,1,1,21.8864319021387,21.7693403927189,22.5571940769943,21.5552088512828,22.600927842257,21.999601977246,-0.573467533380767,0.839324713200244
"P82663",3,3,3,2,3,3,21.5225372336429,21.9190551628316,21.8244866412647,21.9355100333071,22.1436096014263,22.2469765524164,0.203636090740401,0.888613774653002
"P62877",1,2,2,2,2,3,23.1944773349942,23.1014759377193,23.7074227494471,23.230500443194,23.6648783267182,23.4479592221607,-0.2622809360285,1
"P61081",3,3,2,2,2,3,24.0754468323268,24.4944723138096,24.409347555391,24.5660521794867,24.8660769563175,24.8789315693634,0.196194906208132,1
"Q9Y6R4",NA,1,2,NA,1,5,20.5877263599182,20.7672886474344,21.508182127437,21.5160874933599,22.156912300161,22.5361129624481,0.1888894385754,1
"Q5VT25",NA,3,3,1,3,4,20.2343211621284,21.4101349394955,22.0828157991673,21.5956516549664,22.1096567648261,22.3679038041908,0.315632224176967,1
"Q46845",NA,1,NA,2,3,2,20.6324008690506,21.9853387019581,20.6881037608978,22.0692193060342,20.7358881677945,22.5217076593175,1.50662428985563,0.0250096676684495
"Q5JS54",NA,1,3,2,1,2,18.8696489022878,21.5913062729223,21.6175499690666,21.2379684798101,21.7267667621067,22.1438126036883,0.919707240986533,0.766206924213952
"Q9NY27",4,3,3,2,3,2,22.0801122638605,22.0486589827936,22.2578599825757,22.0422896021243,22.2672856239522,22.2658696756921,-0.082813203259466,1
"Q9NP77",3,2,4,2,3,4,22.8758135519663,22.9203035109916,23.5050286562957,23.2459434613819,23.4981304685606,23.4626626475606,-0.0833543522961667,1
"Q86Y82",2,NA,NA,2,1,2,22.8369827250358,22.0422642156956,23.388038181856,22.8851979287899,23.8594915638477,23.3398915838685,-0.605719580795167,1
"P34227",3,3,4,2,1,2,23.7583183843241,22.3861814170928,23.8966454137475,21.5144495636034,24.5912657483755,25.249414704339,-1.0320612871373,1
"Q53H12",1,1,3,1,2,3,22.8211970812987,23.7496591434068,23.7291764583455,23.6152912950366,23.7394773799377,23.7811366566725,0.285412058511334,1
"P41223",3,4,4,3,4,3,22.9694012776356,23.0908828981259,23.3544807687389,23.0708194824534,23.5022786075037,23.3165946286725,-0.1159545482088,1
"Q13555",1,1,2,3,3,2,22.6079651869025,22.666718110592,22.4792876139038,22.3255556664053,22.5302291443188,22.5501253346481,-0.0250276111598993,1
"P26373",3,4,4,4,5,4,26.5451643405969,26.5356710956816,27.0865565925354,26.7904837303452,27.0753609761499,27.0967162803069,-0.0947369343161656,1
"Q9Y3U8",3,3,3,3,4,4,25.9173688013095,25.6485167856552,26.3856619264091,26.0450720511624,26.211755537553,26.2559689110064,-0.188409505815867,1
"Q9H4L4",2,3,2,2,2,2,21.3852421961131,22.8239871859092,21.7307063481133,21.4301364119207,21.9996664010821,21.6877448375872,0.2754178300362,1
"Q15067",1,NA,NA,3,1,2,20.7608500703123,22.2925870376888,22.111708790418,21.8377063626467,22.4033629007058,22.2860101508536,0.380127263250999,1
"P14747",4,1,2,NA,3,NA,22.1857894950263,21.6282627432663,22.2388397010176,21.3305279611739,22.2261022760523,21.9420081890661,-0.583310859529965,0.467248763321271
"Q9Y3B8",3,3,1,4,2,1,24.1552051906701,23.9433680473858,24.5706896894121,24.1949506828708,24.4504439478247,24.4734558050066,-0.188188097547898,1
"Q9H2W6",NA,3,2,3,4,3,22.5942610388047,22.4171048825885,23.1366095937329,22.6341508734312,23.2596458682834,23.1749329950178,-0.254775916594499,1
"Q9Y6Y8",1,NA,1,1,2,2,21.735425975361,21.6434363259132,22.09622936229,21.7273685507882,22.2394586830793,22.1760248862013,-0.174761419275866,1
"P10412",3,4,2,3,4,3,26.3494999156379,26.0597288151845,26.7538286177792,26.5536216776852,26.8208779740544,26.9600525009881,-0.116934504537901,1
"P53044",4,3,2,1,2,1,23.4655814749841,22.095722484154,24.2950821231845,24.0423620846001,24.2541105445965,21.6747776027499,-1.4006373237537,0.468233929040933
"Q96JB5",1,2,4,2,2,2,22.8478390178421,23.0750127655481,23.3524552790051,22.9170944105111,23.4104120140748,23.2602815491952,-0.119439195222534,1
"Q9BQ69",3,2,1,3,3,2,24.8888873994411,22.350671080721,25.439823023028,24.4212859228297,25.3050738263689,22.5605668902191,-2.10042011835607,0.0661666492582507
"P42938",3,2,3,NA,2,NA,21.3645677837476,21.8543970307174,21.9234036587928,21.0283853281266,22.627304210431,21.5560805676099,-0.492137575505833,1
"O95881",2,3,3,2,4,3,23.7835430282812,23.6656413667016,23.9161296670118,23.5738407339869,23.7728515648753,23.6454522961536,-0.1958632877754,0.983897015147015
"P14635",NA,NA,2,2,1,3,22.4008450474834,22.7553368801632,23.3160496000974,23.0061428506034,23.4649769253938,23.2718394215507,-0.0495174735524344,1
"Q15836",1,NA,1,2,2,1,21.8882992824866,21.9365852846757,22.5285615375851,22.4972825938706,22.8475162878716,23.1654106244588,0.111633798353934,1
"Q8WUH6",3,1,2,2,3,1,22.0665463146548,22.4902843734768,22.3763766127022,22.2770750872397,22.6031751334348,22.6657496735222,0.129003691148968,1
"O14925",1,2,2,2,1,2,22.8533024157819,22.7219079422841,22.3615123997624,22.4165424221967,22.7459147246995,22.8601057520509,0.0126088587626327,1
"Q13889",NA,1,1,NA,NA,3,22.2768973789027,21.1293168234242,22.7529625607423,21.2878703065635,21.4409895257001,21.9200393124148,-0.711207674314199,0.77557723315179
"O75792",3,3,1,2,2,2,21.8656604088291,22.2820198474516,22.3216498689249,22.1003062251844,22.2393202802943,22.3952921106755,0.116995875087733,1
"Q9Y6B6",1,2,1,1,4,3,24.107447134172,23.2753672166468,24.1536873163704,23.8004047517167,24.0698987827416,23.9130758475649,-0.447395139118533,0.740537534754402
"Q9NPJ6",2,2,2,2,2,2,22.0780890619371,22.3983345363723,22.462176725245,22.0517758347636,21.5155059115227,22.7502063701741,0.381515014201734,0.933808656463907
"Q03063",2,3,2,NA,NA,1,20.9853230653341,18.8562563312928,21.6551713611169,20.4916887174133,21.7689088808481,21.2599094527655,-1.26718293527583,0.445532243065739
"Q99081",1,1,1,2,2,3,21.6652734530897,21.4190718975087,22.1558651214813,21.688297698018,21.979944099473,22.1378996861101,-0.185271130802398,1
"Q9NVV4",1,1,2,2,1,4,22.214759773807,22.2914919628278,22.3633284381779,22.2781045699059,22.2528480269985,23.0903463526417,0.276335548797333,1
"P38804",4,3,2,1,1,2,25.1487297863033,23.9954144560808,25.7024600779436,23.9181069294255,25.6390900472338,24.5402060974205,-1.34551747618463,0.0531322978535179
"P15703",4,3,3,2,2,2,24.1672738813661,23.5762169850739,24.5729596853389,23.658292125036,24.6007587629632,23.4323012897876,-0.891393976590235,0.0910268711969975
"P38314",3,3,3,3,1,1,23.4016887692178,22.4292064804453,23.7424337256941,22.5667550560705,23.6504630036761,22.7231792946961,-1.0251482224587,0.0570266244876492
"P51159",3,3,3,2,1,2,24.3935841002372,22.3761876692037,23.0561218596861,22.7880113292594,23.0153558372955,22.8605238114669,-0.813446329096266,0.676096914647727
"Q96P47",4,1,4,1,2,1,21.5873871373244,21.3618488905572,21.0641516631108,21.2640254593466,21.8596507983634,21.2802994142232,-0.201671944890532,0.994544732965463
"Q14191",3,1,3,3,4,1,21.8888991946277,23.2484852811215,21.7399799816188,23.069274384082,21.7347775202853,21.7156705727256,0.889924513799101,0.622341855472537
"P14373",2,1,1,4,NA,1,22.4828091874056,22.7590238263769,22.6943605442835,21.6581936100678,21.5856651653435,21.7607317219347,-0.1949619128844,1
"Q6JBY9",2,2,2,2,3,3,21.4820784716656,21.6456620601431,22.0057886581521,21.4204161927135,21.8781478543189,21.9356487769523,-0.121429318109233,1
"P39726",2,1,3,3,2,2,23.3087167565842,22.3704315986455,23.7302207211441,22.4284818344417,23.8815272842871,22.7404709820635,-1.12702678228823,0.0576485834517978
"Q9NYL2",1,2,1,NA,1,4,26.5328003538274,25.3055098831316,26.4699371256158,25.1049162289079,26.4149219653072,25.3021477394331,-1.2350285310926,0.0363823479681813
"P32911",1,3,2,1,2,2,23.2414890548006,22.5666942124833,23.4847581265183,22.4225054878761,23.5491623324032,22.7380404979556,-0.849389771802367,0.0972689474933895
"P62854",3,2,3,3,3,4,27.3780438339886,26.8675012172835,27.8089298163261,26.9938085145043,27.8662298992774,27.3550891927018,-0.6122682083675,0.524028673166417
"P61175",1,1,1,3,3,2,21.9273803031702,23.5539478507118,22.9360591750138,23.6004748783797,22.162061968099,23.2220243806607,1.11698188782307,0.0869861278814888
"P53633",2,2,3,1,1,NA,22.4706593704952,22.4350193327553,23.3848776637136,22.0821552149467,23.331633036916,22.1724204886364,-0.832525011595466,0.303167292706599
"P32337",3,2,3,1,NA,1,23.1537935252671,22.7102563521323,23.8632811228618,23.2428411955582,23.742880524708,23.4358027507837,-0.457018291454233,1
"Q8WTT2",2,1,2,2,NA,1,23.4975014007941,23.5517378281259,21.993802901018,21.7205667952151,21.8212925661158,21.9136412624815,-0.0422169940351331,1
"P56211",4,4,3,2,4,3,23.3795754860063,23.0655080082057,23.5743493774761,23.4878639483155,23.7325712527526,23.7799750830055,-0.117716358902766,1
"Q86U70",3,2,2,2,2,2,22.3915342797152,22.2972451511333,22.7898757756404,22.2604282933778,22.6767353249367,23.2770488297982,-0.00780770199433315,1
"Q9Y478",3,2,2,3,NA,2,21.784748653805,22.4595767021601,22.2073578581223,21.991065409638,22.3884083547682,22.4519123632812,0.1740132027946,1
"Q96MW1",2,1,2,2,1,2,21.7497179564622,21.8482913108123,21.8804067318449,21.6914242707418,21.5247919300783,22.4670293456208,0.2839427695965,1
"Q99816",1,3,2,3,4,2,22.7606192515293,22.568013733543,23.1725144928808,22.8393007800475,23.0497093159618,23.1331958442623,-0.147444234173033,1
"P46976",1,2,4,2,3,3,22.6208040933032,22.7521959486934,23.1397872396421,22.9886389251193,23.1618810413332,23.1783083318851,-0.00110972286023288,1
"Q9NZM5",2,3,1,2,1,2,21.8896242740848,22.4396523537057,22.5628374888484,21.88759212861,23.3573082216856,22.0622545225266,-0.473423659925499,1
"Q9UHL4",2,2,1,3,2,3,23.0574480906366,23.2535901478213,23.6997231398635,23.4030238595909,23.5738789780127,23.3894148446152,-0.0950071188284684,1
"Q96B54",2,3,3,3,2,4,23.0138801203227,22.8539742421948,23.1791030087228,23.1955926850744,23.5466100185294,23.5408346719203,-0.0497305161284676,1
"P61923",3,3,2,3,2,3,23.8068154836263,23.9167474541087,24.1585955130429,23.9570935372201,24.1480212615,24.3308677906536,0.0304255079377344,1
"P82909",3,3,1,3,2,3,22.7993836076825,23.0598004267923,23.048057260707,23.2022426709185,22.9194771273499,23.0361296681876,0.177084923386333,0.958025905838793
"Q92905",3,3,4,5,4,5,23.1090750152363,23.3409407672775,23.6902510277333,23.3190080408147,23.5731431514685,23.5914580871604,-0.0403540997284999,1
"P55145",3,2,2,3,3,2,21.7696071470032,22.3159137943383,22.2957582865071,21.8487753575048,22.1983264806698,23.0461406556368,0.315712631099935,1
"P38701",4,4,3,3,3,3,27.5745052962993,26.4595099155231,27.8897302802674,26.8242768561087,27.987634056365,26.9979366251595,-1.0567154120468,0.0644642647512675
"Q96SY0",2,1,2,3,2,3,22.2488244409091,22.100620476129,23.6896202230832,23.2960701257344,23.4337519913245,24.5096432176043,0.178045721383633,1
"P06782",4,3,2,NA,NA,NA,22.6270218271329,22.3529556228185,22.711239078812,22.7295678472832,23.4091925394973,22.925775443553,-0.246384843929167,1
"Q9Y5J9",4,3,2,2,3,2,23.5648738725961,24.0417358427654,26.8701739208799,25.7989707762031,23.6303501222262,24.0441431070847,-0.0601827298829996,1
"P43638",2,NA,3,NA,NA,2,21.7358970487019,21.2050641686535,21.8105430998942,21.5163035871935,22.4527841762374,22.9874912024117,-0.0967884555249334,0.999069349868874
"P09440",2,1,4,1,1,1,22.7450590891243,22.2361269214103,22.7351595406496,22.1517754564486,24.1498489683955,24.0899311278308,-0.384078030826567,1
"P0AEU7",NA,NA,NA,1,2,2,19.3722680636962,20.4727204641254,19.1944513399406,20.5728255680509,NA,21.1053065398595,1.43359115552687,0.0165762914140767
"Q9Y512",4,4,3,3,1,2,22.6019443950012,22.397487283359,23.0506313630094,22.7330229786324,22.9212936206442,22.6633765537612,-0.259994187634068,1
"Q12872",2,2,2,4,3,3,22.062568772486,22.5318655634372,23.7355989921031,22.5716362348021,22.7118197623675,22.8454478412979,-0.1870126291398,1
"P25605",3,2,NA,3,NA,NA,23.3443293684723,22.4790191388178,23.2706323920283,22.3946712380168,23.6643061073294,22.1769604833676,-1.07620566920927,0.0561284181598124
"P0A910",NA,NA,NA,3,2,4,19.211306995859,21.6160675450933,22.0461364913987,21.9748870865566,20.0840344887679,25.5782196090068,2.60923208821037,0.296006031396996
"P40692",NA,3,3,3,3,3,21.7092800032644,21.471165769009,22.0704750873576,21.8402429640066,21.89492052145,22.0162803703777,-0.115662169559567,1
"Q53R41",2,2,1,2,3,4,24.1173365006811,23.1799570640743,25.0989248912125,23.5726877379859,24.7898118126238,22.080080701104,-1.7244492337844,0.0680362741390213
"P32626",2,2,2,2,NA,3,21.9318298538016,21.1025859184661,22.3574201843809,20.9931122721266,23.629940311862,23.2960132544229,-0.842492968342967,0.815036448699815
"Q96ST2",5,3,3,3,3,3,22.9910485370627,23.1354985646044,23.0963488952121,22.8943403182844,23.1420590547763,23.1565022225794,-0.0143717938609657,1
"Q9GZT8",3,1,3,1,1,NA,23.7166241886395,21.5624953857922,23.48029838891,21.6638720717762,22.7650531550351,21.9923429987771,-1.58108842541303,0.0460976038844778
"P0ACA3",1,NA,1,3,4,4,20.9088929143235,22.887727935736,21.1756357377657,22.7128577726845,21.0215327411475,23.0059830637111,1.83350245963163,0.0164828483405032
"P06115",3,4,3,1,1,1,22.5842287508279,21.8797448618956,22.7733163124271,22.1417763061902,23.0434477168109,22.6439433617071,-0.578509416757666,0.804216230814526
"Q13033",2,1,2,1,2,4,23.296605530656,22.668263596733,23.5143515561634,22.8938076432594,23.2383849122088,23.1835655716861,-0.434568395783234,0.739291701035042
"O14880",3,2,2,2,3,3,22.8205289001002,22.8623727896248,22.9226126199972,22.267884810266,22.7604665700899,22.6316704353164,-0.247226684993366,1
"Q9NWY4",2,1,3,1,3,2,21.3631495445301,21.9992428196987,21.674823604811,21.5732810536211,22.1223605556962,22.0303394599206,0.1475098760677,1
"Q13057",2,2,4,3,2,3,22.8005889094315,22.7901494018802,23.1527753296075,22.9704468334486,23.3170317734265,23.2747239334366,-0.0783586145666995,1
"P28625",2,3,3,1,1,1,21.6924300153671,21.3121040941712,22.2483743818797,21.4332173836648,22.3592188535756,21.7429076550433,-0.6039313726477,0.641013557662774
"Q96FJ2",3,3,3,2,3,2,23.6859290175041,23.4074762802925,24.0186925920503,23.7885879116417,24.1302068281137,24.0566375497515,-0.194042231994134,1
"Q8NBF2",1,2,1,NA,2,2,21.8199522806055,21.8562685977027,22.3231265224463,22.8394756182414,23.2527087375957,22.5564907355729,-0.047850863043499,1
"P40008",2,2,3,NA,1,NA,23.2499963384342,21.9787768698119,23.7125541828719,22.3690129892347,23.6719538031461,22.7658481658721,-1.1736220998445,0.0644642647512675
"P42846",4,3,2,1,NA,2,22.0756054732636,21.098679817517,22.6316124908304,21.5828289122312,22.6178148236119,21.1387555143569,-1.16825618120027,0.0599765196308014
"Q8N122",2,NA,1,2,2,NA,21.2635882842801,21.477791487417,22.0132120784345,21.409848232293,22.2222203301463,22.2973650921431,-0.104671960335933,1
"Q12792",NA,2,2,2,2,1,21.6515640503049,21.6701779711382,22.6173584992773,22.5950252294793,22.9425105679099,23.0466412760341,0.0334704530531684,1
"Q9UBI1",3,4,2,3,2,1,22.0964003733657,22.3820218281682,22.0958230693757,21.9410216285034,22.5383279659818,22.5952384700703,0.0625768393395655,1
"Q8IWV8",2,NA,3,NA,NA,NA,21.9391565416433,21.6490285102103,22.5246354461551,22.5944697223949,22.6768969142434,22.6972712313744,-0.0666398126873986,1
"P38912",4,2,4,2,2,1,24.2956052841257,22.9164335820728,24.7982309025337,23.5809582375675,24.8373355413075,23.8830038063648,-1.18359203398727,0.0867864024145288
"Q9BR61",3,1,3,1,2,2,22.2057297230537,22.0829885699187,22.605720942957,21.9997924020049,22.4196381301267,22.3216421625955,-0.275555220539433,1
"P36105",3,4,2,4,3,2,26.5155167393863,25.0887867832597,27.0457036782352,25.5278572156556,26.9841860893203,25.8960670129781,-1.3442318316828,0.0544598464913887
"P37108",3,3,3,3,4,3,25.7936886334051,25.7034446424968,26.1301614137582,25.9573015248769,26.1097935192446,26.2001324642706,-0.0575883115878663,1
"P0A9Y6",2,2,1,3,2,2,23.2489421076848,25.6547112994871,23.9569546258669,25.5227436249748,22.2097308910434,25.8070168136877,2.5229480378515,0.0138138086027635
"Q9NZZ3",3,2,2,2,2,2,22.9049016561352,22.7270292443212,25.3975285415247,25.0754167995684,25.2318451968179,25.2970363152191,-0.144931011789699,1
"P35207",3,3,3,NA,NA,NA,21.9984941081759,22.1054341155421,22.175405944742,21.6258870600722,22.0802671391322,21.9746050423782,-0.182746991352534,1
"P21165",NA,NA,NA,1,3,3,19.7461906684427,21.905973430227,21.8098723194154,22.7488384767604,22.1105954552585,23.0144102786991,1.33418791418997,0.244064137042167
"Q13442",2,3,3,3,3,3,26.3926008223504,25.6540982021289,26.7742950330788,25.3078542288831,25.5184480993287,25.6275565938312,-0.698611643304899,0.835958219905176
"P53839",2,2,4,NA,NA,1,23.0097247581278,23.8360715497884,22.9897216483647,22.4315325453297,23.499873252019,22.2897286297139,-0.313995644559834,1
"Q9H845",2,NA,NA,3,1,1,21.7267515894656,21.6564759277952,21.6672592678202,21.5618828210124,21.8869857207122,22.1459361871795,0.0277661193297002,1
"P39968",1,4,2,2,1,2,23.4867578255344,22.4904578489477,23.8450098792324,22.5080996560378,23.5532133888483,23.1314937071427,-0.918309960495634,0.126757407094838
"P17442",3,4,2,1,NA,2,20.9834466567531,20.757304236758,21.8179081985246,19.8231182227884,22.0565163345029,21.1705586756537,-1.0356300181935,0.420821515734201
"O95819",1,NA,NA,NA,2,4,22.62712305053,22.8867933872656,23.2563107798916,22.925351061227,23.2779981937982,23.1354442354234,-0.0712811134345988,1
"P30038",1,NA,2,3,1,2,23.3548767307309,21.8950672928894,23.7558227845523,23.7082132034567,24.1191605603296,23.874275608822,-0.584101323481567,1
"Q9NVS2",2,2,3,2,2,2,22.2927904817083,21.6597159174759,22.3507246239518,21.9339931438869,22.2911403400155,22.3934561863093,-0.315830066001164,1
"O60220",1,1,3,2,1,4,20.6283955920515,22.0067997946358,21.9278327468748,21.9494165595708,22.8983982328514,23.0767655352175,0.526118439215467,1
"P11491",3,1,2,1,NA,1,22.3047881537477,21.1769413148885,22.4641613226424,21.36823307842,22.425331042778,21.4820824118264,-1.0556745713444,0.0535124352223572
"P05744",3,3,3,2,2,2,26.5863655406589,25.6717225643715,27.2222101573517,26.086127962242,27.282546069049,26.2737408304523,-1.01984346999793,0.111711777819235
"Q9H7N4",1,2,2,1,3,2,21.5616455992467,21.6241844615488,22.0521243904304,21.7066762273328,22.079552003635,22.2878445266171,-0.0248722592711334,1
"P46992",3,2,2,3,1,NA,22.382932153599,20.9449647227041,22.8590445706939,21.0869567593046,22.7800332740452,21.7854414924081,-1.40154900797377,0.0512153919941178
"P15559",4,3,2,2,3,2,23.5012957568947,23.5186822069669,23.7801891063029,23.4501889330615,23.686226931946,23.7491699304468,-0.0832235748894649,1
"P25526",NA,NA,NA,3,2,3,20.4310214848179,22.2239585294905,20.8747127498555,21.8410794112494,20.4696100226578,22.2742171779474,1.52130362045203,0.0250096676684495
"P43598",1,2,3,NA,NA,NA,21.6264910954108,20.9130043367447,22.6140319749671,21.2277851403231,22.4104588565496,20.9837157591095,-1.17549223025007,0.0800858516665313
"O60563",2,NA,2,3,1,2,21.7840664686138,21.8986002803722,22.1462589930152,22.3155879741794,22.0160123422864,22.0639136080463,0.110588019560834,1
"P82675",1,2,4,NA,3,2,22.5492998427788,22.200422415358,23.5892727055882,23.1285939783758,23.690220437353,23.2947925022323,-0.4016613632513,1
"Q9H9J2",3,2,2,3,1,2,21.6884780603918,22.2162085479401,21.9469687235425,21.7418923862531,22.0177517667817,21.9355160580977,0.0801394805249653,1
"P47818",3,2,2,NA,NA,NA,23.6212650313877,22.8732196389919,24.6752799907558,19.9136933001987,22.6322581849926,24.6638342950636,-1.15935199096063,1
"Q96DB5",1,3,NA,2,2,3,23.2858929297863,23.1442158769651,23.4653904083879,23.0459502543822,22.9907765585346,23.4362375168142,-0.0385520828491011,1
"O43665",NA,1,2,NA,NA,3,21.8339243874465,22.1500941823463,21.3085851190359,21.8142527960382,22.0918779346303,21.9519404431315,0.227299993467767,1
"P38116",3,2,4,1,3,2,24.4421207809708,24.4236265779165,24.4455433324316,24.2007012343596,24.6181880929305,24.4299533586977,-0.150523678453034,1
"Q14919",3,2,NA,1,2,2,22.7775128847747,22.636420619141,23.2789791096443,22.9452051926319,23.5729293944207,23.2640383491302,-0.261252409312201,1
"P53885",2,NA,2,NA,1,NA,21.7990021108652,21.3993199138983,22.3525351571,21.7375687831916,21.8947887196261,21.8972385418441,-0.337399582885767,1
"P07947",1,1,3,3,3,2,24.3739031525484,24.1866909797434,24.9300626920829,24.6608850947576,24.9824777683867,25.0383028067133,-0.1335215772679,1
"P34217",2,3,1,NA,NA,NA,21.7323769619539,21.0128499014462,21.9911226018737,21.1903451059166,21.8462546835427,21.4623295219541,-0.634743239351134,0.335909353451506
"P09493",3,3,3,3,4,4,26.2830479290812,26.1127115213359,26.7871943587036,26.3657621550559,26.7822969958678,26.6577289515658,-0.238778885231666,0.993712844532517
"Q9UHR6",NA,2,2,2,2,2,20.3438096316748,20.6475806180673,21.4707009462938,20.8993749063399,21.0104604943625,21.3288154252303,0.0169332924354653,1
"P53337",4,4,3,NA,2,3,23.805099007175,22.8377034757477,24.0838758049237,23.0925623098497,24.1678043115459,23.1268426135242,-0.999890241507667,0.0627175601442803
"Q9H9T3",3,1,3,3,2,3,22.2520681218987,22.5529602011074,22.4889345434516,21.9944206852291,22.4971347951386,22.7684658313322,0.0259030857266017,1
"Q9Y3C1",3,2,3,4,3,2,23.0726201990564,23.0688586239929,23.4182409864742,23.0934456127934,23.5285413882139,23.5370143068138,-0.1066946767148,1
"O75127",1,2,NA,1,4,3,21.6474476665626,21.7480818549163,22.018546923157,21.7518433337229,22.0858926960269,22.1042428102293,-0.0492397622926658,1
"P41058",3,2,2,2,NA,3,25.2704722814501,24.0076877429986,25.8686771387825,24.8053689742872,26.0734227932334,25.0531226416845,-1.1154642848319,0.159977261601758
"P34160",3,3,3,1,1,1,21.9812033445294,21.1479436533226,22.2982985277431,21.9648847854508,22.5629342364335,21.539133956627,-0.7301579044352,0.428333516337683
"P0A7T3",1,1,NA,3,3,4,21.3672471634932,23.8347222697098,21.9670641262683,23.5343198639889,22.2751519206849,23.9389751660694,1.8995180297739,0.0194917968234617
"P53200",3,2,2,1,2,1,22.7022295553768,21.7492126997192,23.0022915677294,22.3015012187206,23.1381080255478,22.2299345042561,-0.853993575319367,0.14993381770954
"Q8IZQ5",1,1,2,2,2,4,22.69708326633,22.8483467150729,23.576287924959,22.5212843651034,22.9907073225961,23.2451708417711,-0.216425530645901,1
"P36049",3,3,2,1,1,2,22.82394900572,19.8729130555718,21.8569030559832,22.7341869825275,22.1652051173691,23.1755349318137,-0.354474069719766,1
"Q15404",2,2,2,2,3,2,22.2047908175792,22.064599698923,22.6455912627095,22.3481404151796,22.7075287019462,22.7992260795146,-0.115314862872567,1
"P32771",2,2,3,NA,1,1,23.4496461528787,20.6872489041299,23.6041506190693,21.0914103658625,23.7844595233564,21.6622063516875,-2.46579689120817,0.00908775980211612
"Q9HD33",3,3,4,3,2,3,22.7723103448532,22.7487185247693,23.1361185864947,22.8897687079057,23.1359761662624,23.1301950425187,-0.0919076074722002,1
"Q13951",2,2,3,2,3,3,22.3561826079147,22.2300029858766,22.6448610989409,22.5342448112221,22.8276350931928,22.8736365442338,-0.063598152905301,1
"Q9UHA4",3,2,2,3,3,3,22.335502804602,23.3219402024152,23.0909730026914,22.8042734388734,22.9859771395609,22.6779995845953,0.130586759676532,1
"Q08421",2,2,2,2,NA,NA,22.2826915557424,21.8143410152924,23.0272121848566,21.7489840023903,22.3172794208015,22.1569118373852,-0.635648768777535,0.563639072354372
"Q01484",NA,3,NA,NA,2,3,23.1671704982742,22.3703117270048,23.7305876774259,22.9993304021654,23.6568788158197,23.3487997310017,-0.612065043782632,0.80907104013848
"P38689",2,1,2,NA,NA,NA,23.885055271573,22.9182321588828,24.4529600838275,23.2415663001042,24.4769206970014,22.9266415674625,-1.2428320086508,0.0531322978535179
"P24182",NA,NA,NA,3,3,4,20.2786456900954,22.1870693024726,21.2842988502543,21.7904222801808,21.5020004116373,22.1699473207959,1.02749798382077,0.111582993957054
"P49585",1,3,1,NA,1,3,22.1762906526204,22.1542746911991,22.242075201075,21.9898388217278,22.173525719299,22.0960557564667,-0.117240767866933,0.975394885029476
"P02413",1,1,1,4,3,2,23.8274906021113,24.9593392447026,24.6059225515183,25.0367352110185,24.5752894856701,25.3964388517605,0.794603556060633,0.153971177972167
"Q05584",1,3,2,NA,1,NA,22.4591535427977,20.9419787372386,22.6618657153885,21.4897268336426,23.1883078266887,21.7837813969906,-1.36461337233437,0.0576485834517978
"P69849,Q15155,Q5JPE7",NA,NA,NA,3,NA,3,22.3825340558445,23.1848074087528,21.5012170221478,20.7954270510067,20.9227065224165,21.8978568089791,0.357211222776601,1
"Q9UKZ1",4,2,3,1,NA,2,22.0449948703746,22.2774873373797,22.7023612568697,21.7637344219666,22.8861371400772,23.0847203299998,-0.1691837259918,1
"Q06169",3,1,2,NA,NA,NA,23.9699542663063,19.8058907504488,20.8379126685841,18.7457046839794,21.1338422492991,20.1336094639744,-2.41883476192897,0.0601771188344056
"P40970",2,3,2,1,NA,2,22.7170425379743,22.0578306373325,22.8634855017598,22.0427795394919,22.948233003674,22.3803811328733,-0.682589911236801,0.227980499299132
"Q9UHQ1",1,2,1,2,1,2,21.6737382332393,22.2327271478843,22.6861883465681,21.9216767094728,22.4791200695959,22.4141429982383,-0.0901665979359656,1
"P05423",2,3,2,3,3,3,21.4938635097422,22.0415736002961,22.0706816032727,21.953515853148,22.5576635208721,22.5514583300466,0.141446383201233,1
"P40093",3,3,3,2,1,1,22.2535136879126,21.6548234885335,22.7651722625672,21.9392407632001,22.8929772367701,22.1883983865929,-0.709733516307801,0.376786254832641
"P49435",2,3,3,1,2,3,24.1011102438631,23.1283774947708,24.2717065125272,23.5474203403195,24.4260108059683,23.4831148555455,-0.879971623907599,0.0972689474933895
"Q9P016",2,1,1,2,3,3,24.0978569262008,23.7929623240871,24.2112890092201,23.6630118636565,24.1502254523325,23.5196265355564,-0.494590221484466,0.520482062466795
"Q8N5F7",2,3,1,1,1,3,21.8377145421624,21.767486379763,22.653056071068,22.0477774359918,22.5201602895475,22.3759975082314,-0.273223192930567,1
"Q9NRF9",2,2,3,2,1,3,23.0803569331459,23.2592680038066,23.6515150013552,24.7609005125962,23.7136044598005,23.7573352727384,0.4440091316132,1
"P53365",2,2,2,2,1,3,21.2366154115053,21.310289368194,21.8662383903917,21.7455242583799,21.7816047461036,21.8950018163605,0.0221189649779324,1
"Q9BTC8",3,2,1,4,1,2,22.3429324415483,22.6082178169185,22.7539114316677,22.3477489516153,22.6726881884494,22.890510884501,0.0256485304564684,1
"P35723",2,2,3,2,2,2,22.972623841776,21.9537353676372,23.6439821030976,21.9746159821347,23.8702052519844,22.9881684839775,-1.1900971210362,0.156057443007365
"Q9P2R3",1,1,2,2,2,3,21.2796515264552,21.2894667792091,20.8642675838911,21.3436989061847,21.3924839578898,21.7147171644046,0.270493260520766,1
"Q96C23",NA,2,2,1,4,4,22.8731463090391,23.0900915771098,23.4041681128296,23.2115379619265,23.4884005098146,23.526247887043,0.0207208314653329,1
"Q00577",2,2,2,1,2,2,24.7646876753954,22.8766016268734,22.5087915682565,22.8730824591816,22.7139765051693,22.3741742691632,-0.621199131201,1
"Q8IY33",NA,NA,4,2,NA,2,18.0986256965499,22.5130699839506,21.9797601060837,21.2193112336101,23.2748112184589,21.9486354717301,0.775939889399434,0.961096536745796
"Q9H3H3",1,NA,2,2,1,NA,22.3696181119619,21.9594377739376,22.3782466927298,21.7019737283934,22.3661199401305,22.2841523956746,-0.389473615605532,0.815729793726759
"P36954",1,NA,1,NA,NA,3,20.070445933642,20.4735759522718,20.795800483217,20.5156419805813,21.5918754369075,22.3869889082726,0.306028329119734,1
"P50861",2,3,3,1,NA,NA,23.8926862175398,23.2270385858492,24.3896548379376,22.9808892462591,24.0378158698364,23.5446918723306,-0.855845740291633,0.15156481682126
"P27306",NA,NA,NA,2,1,4,20.9302468160503,21.8075102877321,22.2752526803526,21.50160615836,21.8082823474562,22.1615257316746,0.152286777969201,1
"Q9Y3D9",3,1,1,3,2,2,23.2393996814104,23.1880629846223,23.3269453814,23.1571294798942,23.4323416917225,23.4251058782376,-0.0761294705929352,1
"P39990",3,4,4,2,1,NA,23.9438935551669,23.3038658749008,24.3763376600367,23.3972775796327,24.4852367492511,23.7620709480627,-0.780751187286166,0.213751030624272
"P53914",3,1,2,1,1,NA,22.3531421130606,22.1051189927168,23.1105567469504,22.0902634787916,22.5865233731764,22.4252709767215,-0.476522928319168,1
"P55212",3,NA,1,3,2,4,22.6440660758924,22.9081629811417,22.7637388788336,22.5041235906739,22.7734144156065,22.8091217231316,0.0133963082049,1
"O95391",NA,2,1,1,1,3,21.1212723320227,21.4395613049026,21.9575165674657,21.3893400026452,20.797664691877,22.3816917262976,0.444713147493334,0.65786905152827
"Q9BYD2",3,2,4,2,4,3,21.8741068144255,22.0694415724192,22.1295029807273,21.9325481872656,22.2747536450549,22.3098350523159,0.0111537905976675,1
"P50278",3,3,1,1,1,1,21.974512620005,25.3267870124297,22.5456194518627,20.5094210493966,22.492728245464,20.4687266977369,-0.235975185922833,1
"P51948",NA,1,2,NA,3,3,21.5552127137382,21.8848499209825,22.3145261300484,21.8045435605014,22.2098758790711,22.1923116295441,-0.0659698706098991,1
"P32458",3,2,1,NA,NA,2,22.4943465690801,21.9962077041676,23.042047076674,22.3533233288577,23.3688759526076,22.8675901987076,-0.562716122209599,1
"Q03497",3,3,3,2,3,1,21.7761520721146,22.0836098215484,21.8509267687746,21.7990099197129,22.2277639917946,21.9099285982866,-0.0207648310452981,1
"P52286",2,1,2,1,2,3,23.6968680099105,21.2674896666909,22.451893126173,25.1015297979871,24.2113886845833,25.5580596888334,0.522309777614866,1
"P0A867",NA,NA,NA,2,4,3,19.7348750716779,21.5765766085406,22.5705455173948,23.3566118173379,22.9407390669172,23.1891191916384,0.958715987175665,1
"Q15436",2,2,3,3,2,2,22.1328108110943,23.1061739279834,22.8982864026069,22.7223759444426,22.9923370337885,22.9309322004815,0.245349275139268,1
"P89886",3,4,3,3,2,2,24.1171852372406,22.4474731138759,24.5394396369911,24.0412163017767,24.5347284293168,24.2878681934705,-0.8049318981418,0.954648829823388
"P20340",2,2,3,3,4,2,24.5442897752259,24.1517831968684,25.0436311068157,24.4176972514563,25.0799306872234,24.8613224578742,-0.412349554355366,1
"Q7Z7A3",2,2,2,2,2,3,21.8404442934429,21.5038972961648,21.7994997168697,21.5856420161049,21.7580921428997,21.9069320542972,-0.133854928881799,0.969687931162732
"Q9Y6D6",1,NA,2,2,NA,2,21.6767913776052,21.6360312327073,21.4766320058362,21.3473718462292,21.7072200909853,21.6903446068207,-0.0622985962231652,1
"P47116",2,2,2,NA,NA,NA,22.3900934971591,19.7149673889985,22.0502656710299,21.3350038690955,21.9148772443829,22.4954191979969,-0.936615318827001,0.799547141329643
"P47035",2,3,2,NA,1,NA,22.5718298198403,22.2380720158985,23.4095155028521,23.2403007599297,23.7472915389986,23.2465915855953,-0.334557500089166,1
"Q96RN5",2,NA,1,3,1,3,22.5085705986383,22.0951368584412,23.2286615035489,22.179714444712,22.7038663026318,22.2754715135008,-0.630258529388332,0.496419380773677
"Q9H089",2,2,2,3,3,2,21.715789743745,24.265856945299,22.1692730016697,21.5728252211797,22.1943498802037,21.7599571428478,0.506408894569366,1
"Q9Y237",4,4,3,3,3,3,23.0415978292182,22.8933765285378,23.3202783198872,22.685149146057,23.0804945413865,22.972479406048,-0.297121869949701,0.882194373092957
"Q10740",2,2,1,NA,NA,2,22.3187692390785,21.740979514866,22.4057686221036,21.9316228497039,22.7547291165574,22.0702175970888,-0.578815672026933,0.429000977828607
"P61006",5,2,3,2,2,2,25.3842931397472,25.345947282843,25.8565300131148,25.3298045484647,25.8104549422831,25.7564014797254,-0.206374928037333,1
"Q9Y305",2,2,3,NA,3,2,21.7381116439891,21.7092448697303,22.1980660923919,21.7643239256676,22.1265102344379,22.0965240742931,-0.164198367042635,1
"P32568",2,2,3,NA,NA,1,21.7379297506265,21.5107359224084,22.0404852185715,22.9800953750368,22.0382899109512,21.7995921034619,0.157906173585967,1
"P0A9J8",NA,NA,NA,3,3,2,20.9993588782267,22.4965451553741,21.4708355940146,22.7759056093941,21.7587188209252,22.9865265897627,1.34335468712147,0.0398492233901384
"O95478",3,3,2,3,1,2,23.0602501456272,22.8381990716629,23.3821919311488,23.1808672062,23.5622789969147,23.5766561795557,-0.1363328720907,1
"P21889",NA,NA,NA,3,1,3,23.5532814840793,22.5203540713441,23.6897784565525,23.0759714886185,23.0538773385708,23.8101002961807,-0.296837141019766,1
"Q9UBX3",4,3,3,3,2,2,22.5202611408717,22.5713862599264,22.7137143636822,22.6510215725098,22.9158299723236,22.8341849630469,-0.0310708937981327,1
"P0ADU5",NA,NA,NA,NA,2,2,19.7264546557841,20.5456199231619,20.8365111738838,21.2362635868274,20.624134138087,21.4422750836626,0.679019541965667,0.458351005406188
"P40553",2,4,3,1,1,3,22.4134417359554,21.2691144056125,23.1273441876759,22.0426369504843,22.9469221546232,22.0076757681442,-1.05609365133783,0.130298301614522
"P0A8T7",NA,NA,NA,2,2,3,20.2657263450039,22.3456162657622,21.4495146764354,22.1366884397432,21.5767106082151,22.4658868300672,1.21874663530607,0.0695026386805188
"P21291",1,1,1,3,1,2,21.7636265413266,22.5069174510505,22.681323997526,22.4093949504095,23.3479276029802,22.8120170539318,-0.0215162288136668,1
"P0A8M3",NA,NA,NA,2,3,3,20.8257823595482,21.9908000979968,21.8847551984108,22.3045962814134,21.5253124248135,22.6982788452568,0.9192750806315,0.146908415829647
"P32352",3,3,2,2,1,1,23.2817649406883,22.3050881641958,23.6515429200466,22.3299275596925,23.5080390692055,22.8045355846122,-1.00059854047997,0.0741030103302578
"Q96IZ7",2,1,2,2,2,2,22.2834002577383,22.3768092610477,22.5052404755381,22.224946264043,22.7365462395215,22.5617661957358,-0.120555083990466,1
"Q8N3D4",NA,1,2,NA,1,4,21.172378062637,20.6716131934415,21.9814002200893,20.8407052345212,23.5737122451222,22.1631579575546,-1.01733804744373,0.767711325249238
"Q12008",2,3,4,2,1,2,22.0444833391142,21.1524815214374,22.6872450633239,21.3134145108856,22.8828639164772,21.8178410760007,-1.1102850701972,0.101926579275148
"P00045",3,3,2,2,2,2,23.8478237287412,23.1768982609475,24.2780638642418,23.7137010456233,24.2436034425274,23.121688277369,-0.785734483856868,0.229768522841467
"P39744",NA,3,2,NA,NA,NA,21.8871892797801,21.3520100089293,22.1563025414123,21.237599772666,22.1750274450333,21.4991086628266,-0.709933607267931,0.18848341924071
"Q9BZI7",1,1,1,2,NA,3,21.9994944544235,22.244685530727,22.372365861946,22.1089236804466,22.3926758883614,22.4075509652774,-0.00112534275996505,1
"P84098",2,2,2,2,2,2,25.9716033670435,25.8175411328484,26.1468205061556,25.8882157506224,26.2042690387945,26.1201706279313,-0.165588466863832,1
"Q16540",1,1,3,1,2,3,21.6783033322021,22.028394434222,21.8485179772035,21.6167746285955,22.1667771153246,22.2229245849109,0.0581650743327344,1
"P13473",1,3,4,3,4,3,22.405322367396,22.87606423477,22.4669254500795,22.5006736595605,22.82875738616,22.7466698187103,0.140800836468433,1
"O75157",2,1,1,1,2,1,21.2877101253367,21.276386274468,20.0190084902115,20.004978552851,20.5464773102766,21.5291310880072,0.319099996500466,1
"P38853",NA,4,2,NA,NA,1,21.0746729628908,20.5622516303775,21.7142076744349,20.1746617977057,21.9241910920231,20.309107155128,-1.22235038204587,0.0625320252058139
"P39704",3,3,2,2,NA,2,22.1647749913734,21.2052921205535,22.5026031217934,21.2853852850865,22.7193446360251,21.6415198477987,-1.08484183191773,0.0641347676904687
"O00217",1,2,3,2,2,3,22.7736779028169,22.8221548552089,23.1349677105928,22.7604749964151,23.0542455946942,22.9268841156525,-0.151125746942468,1
"Q8N392",3,2,2,1,NA,3,21.5110622812408,21.8354375000206,21.8325433520463,21.4400324647666,21.6969840762578,22.2504467592949,0.161775671512399,1
"Q9BRX5",2,1,1,1,2,2,21.7639708194989,21.6655129925325,22.2667076320033,22.0546939020498,22.3390194910938,22.2300594404426,-0.139810535857035,1
"P21827",3,2,1,NA,NA,2,21.4469944114379,20.9637385473207,21.816753802572,20.0446689318822,21.953399688764,21.033142508641,-1.05853263831,0.14993381770954
"O75410",NA,NA,NA,NA,NA,4,20.9176603469537,22.0112264021757,21.2180650457008,20.7269784391397,21.571781802065,21.3675709889598,0.1327562118519,1
"P63218",NA,2,3,1,2,1,23.4399738951395,22.5630505345099,23.7940184728232,23.6152385271983,23.869970205063,23.5856446519281,-0.446676286463133,1
"Q01650",2,1,1,3,2,2,22.5568728458937,22.7155466788834,22.9614766317703,22.9037172155552,23.0380914356588,23.0128788789514,0.025233953355734,1
"P42356",3,1,NA,2,1,2,22.2086563359404,22.5891363236527,22.8931287435961,22.1218482365799,22.9029933000875,22.5228961248899,-0.256965898167167,1
"P63224",NA,1,1,3,2,3,21.6371233289651,23.2643037098604,22.1532919402977,23.4782039071714,21.860102909628,23.5667115136881,1.55290031727637,0.0232933469811827
"P05042",NA,1,1,1,4,3,21.5939004417051,22.9405632666929,22.320290028041,23.5568788082577,22.7245722430976,23.7976892283213,1.21878953014273,0.0750803359729157
"P60866",2,3,3,3,3,3,27.5927852675792,27.471678438942,28.0411967464039,27.6254105394498,27.9505849073351,27.9631492077524,-0.174776245058,1
"P24279",2,2,1,1,2,1,24.2080473686614,24.047158201601,24.7028414532438,24.3073782984351,24.3698792548462,23.9554803493431,-0.323583742457399,1
"P50109",NA,3,2,NA,NA,NA,21.7799561528842,20.4642072000714,22.3272214914272,22.5374640569552,23.3774305851914,21.5398831902805,-0.981017927398567,0.916111629337422
"Q9H871",NA,2,2,3,NA,1,22.7382750603607,24.5452739480964,24.4904552781862,22.9933750027176,23.3163771115465,23.2710466295458,0.0881960434221334,1
"P27809",3,NA,NA,NA,NA,NA,21.3353453722764,20.3430702020323,21.5375874026512,20.7310019977714,21.9563291819382,21.0625300713914,-0.897553228556901,0.178884188444791
"Q96C01",2,1,1,2,3,1,23.92709514735,23.3716599416663,24.126055491426,23.6080299564742,23.3559387278362,23.4051396448879,-0.341419941194599,1
"P54860",3,2,1,NA,NA,NA,22.3354418782852,21.1218096709619,22.7574800455851,21.4433904075532,22.499608094346,21.7891374918034,-1.0793974826326,0.0682064789861274
"Q12018",2,2,3,1,NA,NA,21.8827767115841,21.4730611065593,21.8932905123548,20.8210007423226,21.7682544036384,21.3851163058844,-0.621714490937001,0.365259191908465
"P40564",2,4,3,NA,1,3,21.2352230852938,19.613841503153,21.6281549234188,20.9508915264246,21.8004635069997,21.1509539618669,-0.982718174755934,0.319836434541836
"P49023",1,1,1,NA,NA,3,20.8424336000983,21.1250132647781,21.379373475112,21.2879376421742,21.1863276723807,21.3244992132505,0.109771790870601,1
"P32472",3,2,2,NA,NA,1,23.1447288718861,22.2396693212045,23.5871750225904,22.4765192819604,23.7181149587387,22.8545853619494,-0.959748296033634,0.113175689599187
"O60613",2,1,2,3,2,2,20.6967273173399,21.7881842285806,21.6844284622867,20.4095111004697,21.8163038181875,21.2072638625902,-0.264166802057866,1
"Q96F44",2,1,2,2,NA,3,22.0999010789397,22.3250406477469,23.4621210452971,23.0769763702137,23.4015196476966,23.3826006769391,-0.0596413590112329,1
"P14854",3,3,3,3,3,3,24.3005641284824,24.8127636001452,24.9182722008924,24.3674431472429,24.7629676359222,24.6560924632938,-0.0485015848717012,1
"Q9BZJ0",1,2,3,2,3,3,21.5724004726124,22.0695738341707,22.9649122755199,22.7506653855872,23.2205561984001,23.2263442755572,0.0962381829275666,1
"Q9NXV2",2,1,1,3,1,2,21.7961024049258,21.5115191078691,22.255155963087,21.8607990411959,22.0965755461964,22.1093419253722,-0.222057946590668,1
"Q15750",1,1,3,1,1,2,22.4256463165415,21.8333464382236,22.9962571922564,21.7840708631104,23.0041182604587,22.2282236087078,-0.8601269530716,0.16528584292351
"P31949",2,1,2,3,3,3,25.6716613479032,25.5636347933782,25.8234469345295,25.7458659093691,25.9589785030693,25.981213711656,-0.0544574570328997,1
"Q9BRT9",1,NA,1,1,3,3,22.0916305310292,22.4755508781909,22.1820804429256,22.3163162008739,22.7544495041564,22.5580805982452,0.107262399732934,1
"P22106",NA,NA,NA,2,2,3,21.463387170389,21.7934305620822,22.0793063838719,21.9633244824886,22.1513050706068,22.5078831764185,0.190213198707199,1
"Q01628",NA,1,1,2,1,2,20.8555156238382,20.8485450066805,21.3121450973459,21.1427332815773,21.2618381146135,21.4611381777338,0.00763921006466598,1
"Q02931",3,4,1,NA,NA,NA,21.4000775993079,20.0814231286269,21.9193185413689,20.8411612053141,21.6822078720546,20.5146500126318,-1.18812322205287,0.0638821123369294
"Q99996",2,NA,2,NA,1,3,22.7723755919578,22.5362244457003,23.1776309156173,23.0373828990406,22.9845949928599,23.1591927525611,-0.0672671343776668,1
"P04844",1,2,3,2,1,2,21.0587318236612,21.0743151120225,21.3256798638051,21.2046777019304,21.6923852098727,21.3695904243179,-0.142737886356067,1
"O75494",NA,NA,2,2,3,1,24.2411471473908,24.5369659458813,24.2809862201009,24.6769763036902,25.20703056037,24.6802569230439,0.055011748251232,1
"O75688",2,1,3,4,3,2,21.4502416767321,21.6654972702486,22.083742251372,21.7455720595136,22.2854365091494,22.2417286326865,-0.0555408249349346,1
"Q8NB37",2,1,2,3,2,2,21.4038683882714,22.0958016654279,21.9110013103811,21.5745124566109,21.9420048768845,22.0113502884319,0.141596611644567,1
"P0AEK2",NA,NA,NA,3,1,1,20.6048669584781,22.0267696043767,23.0858991777038,22.3054389093642,23.0168671032262,22.649942909756,0.0915060613629315,1
"P0AA10",NA,NA,NA,3,2,1,21.1754347279807,22.673468568911,21.8291261592921,24.2867409102661,21.7262749210184,23.3161377357535,1.84850380221313,0.0305979180903121
"Q9H1Y0",2,NA,1,4,3,3,21.4711666374644,22.5931857032214,21.5260552536382,21.5516138090027,22.4647336887175,22.2239605910417,0.302268174481899,1
"P15731",NA,3,2,NA,2,NA,22.8552973742126,23.4426491896786,24.4306065760904,23.1601577953533,24.7808726264721,22.2069866071333,-1.08566099486997,0.811288055308567
"Q9H0W9",2,2,2,3,3,3,22.0626432074174,22.169064372918,22.138213199747,22.1190900935616,22.5076799704615,22.4732917940314,0.0176366276283678,1
"Q03862",2,1,3,2,1,1,22.1010157993064,21.2251584430388,22.6398309736485,21.6371247665534,22.6989590611108,21.3130897869121,-1.08814427918713,0.0661666492582507
"P62330",3,1,2,1,1,3,24.5098575007955,24.2776129048074,24.7895579221092,24.5396704815542,24.764487133382,24.727148727532,-0.173156814131035,1
"P25631",NA,NA,3,NA,NA,NA,21.7761795881592,20.6383395694157,21.9603467733943,20.841822107858,22.2990741124869,21.4514070840539,-1.03467723757093,0.10761060807506
"O43678",1,1,2,2,1,2,21.489670982068,22.1718254950465,21.9800460269419,22.0670453229803,22.4631464101602,22.4231874812129,0.243064960023201,1
"Q13630",4,1,2,3,NA,1,23.0133438030908,23.1087855676168,22.9814707751442,23.055955105822,23.6012054023145,23.6692631173729,0.0793279367540668,1
"P40513",3,2,3,NA,1,2,26.4986998641391,22.5192135503549,23.5393164495601,22.8254639738655,26.9388658094405,26.9918267198407,-1.54679262635953,1
"P0A9J6",NA,NA,NA,2,1,2,21.1802060177487,22.1264116086601,21.7835568159771,22.2486966320497,21.4667699038467,22.6389732042555,0.861182902464267,0.119982946201318
"P32477",3,4,1,1,1,NA,21.7829700230116,21.6263150699021,22.5469144722755,21.0575262606911,22.0068442991788,22.0750785614265,-0.5259363008154,0.969687931162732
"Q14192",2,2,NA,1,1,2,21.6065769071353,20.588702056225,21.182290684103,21.4017532098466,21.430313698654,21.7662049588031,-0.154173688339199,1
"O75506",2,3,3,2,2,2,22.4118768681648,22.5993350349978,22.8053122883364,22.3727319751999,22.918025742894,22.7876521184645,-0.125165256910999,1
"P50750",1,NA,4,1,1,2,24.3450112799546,24.3553176216484,25.1256745377724,24.7822525962297,25.1203397740049,25.1507479341647,-0.100902479896368,1
"P0A7D7",NA,NA,NA,3,2,4,21.3678858125391,22.4959877132612,24.1084939881097,23.6687447815916,24.6018146453091,24.0056456205953,0.0307278898300657,1
"P36969",NA,3,3,NA,2,3,23.4751800122013,23.3403074636515,23.4655833431766,23.3701764104223,23.5401291030492,23.759154711975,-0.00375129079276704,1
"Q9H299",3,3,3,3,2,3,24.7921874822279,24.8768644413981,25.0771904348603,24.8488639735644,25.1360915120823,25.1076271960708,-0.0573712727123983,1
"P50101",3,3,2,NA,NA,NA,21.5165115935308,21.361792814208,21.8169273918408,21.4488646743192,21.9151100131896,21.072784383793,-0.455035708747001,0.54126404482574
"P63165",1,2,2,2,2,3,23.7034827691044,23.4097955444564,24.2053119602127,23.7746087269153,23.7044514383005,24.0368104878358,-0.130677136136699,1
"O94842",2,2,2,NA,1,2,21.7218616446677,21.4185428871761,21.9336175439431,21.5920449899813,22.2091970608243,21.986523378227,-0.289188331350234,0.969687931162732
"Q8WU76",2,3,4,3,1,2,21.234709861022,22.0179005734978,21.7624301970093,21.5692739797439,21.8660059988648,21.7122070698586,0.1454118554014,1
"O95159",1,2,2,3,1,NA,21.8312495380322,21.7432702687606,22.3850021260623,22.1227513887705,22.4604647705383,21.575353892178,-0.411780294974567,1
"P53551",3,3,2,2,1,2,22.7680249685278,21.7872660115801,23.0591714762032,21.8721382782717,23.1438269248551,22.2333126213433,-1.026102152797,0.0641347676904687
"Q96EB6",NA,1,1,1,NA,NA,19.2354226673658,20.2949095631997,20.4963994706478,19.387290981656,20.0072278372027,20.333177739345,0.0921094363281346,1
"P20435",NA,1,2,1,1,2,22.6665541852533,21.1738582668879,22.9625542439495,21.7795718878428,23.1067105300442,22.0417019254054,-1.2468956263703,0.0616420024663829
"Q96EK6",3,1,2,1,1,1,21.2861149505547,21.4083662841501,22.0497460363607,21.5357711058348,21.6530256661004,21.5268262298278,-0.172641011067699,0.974602537835915
"Q6XQN6",NA,1,2,3,1,1,21.3447251466186,22.0690640598634,21.7657435788857,21.912040688409,21.9129498956879,22.2079142577387,0.388533461606301,0.413861581494172
"Q86TP1",1,NA,3,2,1,2,21.4030455803786,21.5850140945938,21.5927867500345,21.2658153204206,22.455940214577,23.3689240301077,0.255993633377333,1
"Q6P1N9",1,2,2,2,1,2,23.3077002808257,22.7297203077411,22.3506055313906,21.9935760979034,22.7303536240018,22.8782713611945,-0.262363889793033,1
"P25490",1,1,1,2,3,2,21.053991983482,21.5095876485586,21.6110506956388,21.6808985926958,21.8786021578273,21.8472462554509,0.164695886585735,1
"Q7Z7C8",2,1,1,3,3,1,21.665253390263,21.7806076469092,22.1162771647284,21.9701941186151,22.1797434457941,22.2395747854903,0.00970085007636712,1
"O43482",2,2,2,3,1,2,20.960227003194,20.9881418670043,21.5798544121011,21.0119434640168,21.5551262156686,21.6234264110059,-0.1572319629789,1
"P60604",2,2,2,3,2,2,22.9365381996569,22.7684128258666,23.5282395908818,22.8710899571472,23.4239223542402,23.1665549474983,-0.3608808047556,1
"P32803",2,2,3,2,2,NA,22.4005330358873,21.9116983651721,22.9861158023686,21.9496078473658,23.2332422483199,22.2771170981522,-0.827155925295234,0.237407137109672
"Q7Z7K0",3,1,3,2,3,3,22.504372279656,22.5195387171071,25.4403056315105,25.1134272631151,25.4505066247102,25.3687764630525,-0.131147364200667,1
"Q5T1M5",1,2,2,2,2,2,20.9032457380077,20.8692739667465,21.7916939043007,21.3492231767481,21.3859559808476,21.7232530525267,-0.0463818090449,1
"Q12402",3,2,2,2,3,2,24.2135043067913,22.9092767493826,24.6453657651196,23.3470553530586,24.7067527304274,23.5650218675089,-1.24808961079607,0.0561284181598124
"Q16740",2,2,3,3,2,3,23.315720079771,22.5540640554673,22.9511797565649,22.1879417558154,23.0880292611293,23.4355734924288,-0.392449931251233,1
"P39325",NA,1,NA,2,2,3,21.4243104766735,22.6665948162043,20.5706955949466,22.5993786254606,21.8443408569329,22.9013278262762,1.4426514464627,0.0472289723720721
"Q12314",2,3,4,NA,2,NA,22.7453556082533,21.0854650030453,22.7231192855435,21.5175052815426,23.0654624830558,21.797595235647,-1.37779061887257,0.0467974053587379
"P38903",3,1,3,1,2,2,22.3747674161785,21.6924866321965,22.6741111085761,21.7636156008675,22.1804628200596,22.1212378621475,-0.5506670832009,0.579972527472527
"Q02455",NA,2,3,NA,NA,1,21.0414883780961,20.0799952764567,21.5258843341486,20.0544635553822,21.5999131826064,20.8581415349648,-1.05822850934913,0.117388590312701
"Q8TAC1",1,1,2,1,2,1,20.7033174761111,21.3605534926096,21.267107563082,21.235495113643,21.4866779251355,21.5338396726222,0.224261771515401,0.995761916873319
"Q9NYJ1",3,3,3,2,3,3,23.2877900068523,23.3854012550866,23.6591929415965,23.3941981124795,23.799916743534,23.6374890937181,-0.109937076899534,1
"Q99287",2,3,3,NA,1,NA,22.1354348411212,21.7820451798193,22.7977951853513,22.2608035574697,22.9193272713259,24.3631202616186,0.184470567036399,1
"Q99575",1,3,2,1,1,2,22.4307599461287,22.1478332873046,22.6351861494326,22.2482182977478,22.874581246247,22.2701671239332,-0.424769544274233,0.662233472049423
"O95429",NA,NA,2,2,2,1,21.1036499096486,23.1878043609177,23.4004140759125,23.0090595742497,23.2505722447787,23.4423469762455,0.6281915603577,1
"Q15633",1,1,2,2,1,3,20.3859983544953,20.2148870682687,21.9830927638078,20.798190155449,22.1665011624188,22.1538680368857,-0.456215673372834,1
"Q9H223",2,2,1,4,3,2,22.9163112947145,22.9951829883038,23.2974206507018,22.9825187646333,23.325238331233,23.251956486772,-0.1031040123134,1
"P19174",2,1,NA,NA,1,1,21.8956214123555,20.0292656554098,22.3783786083857,19.3076694336618,20.9391429975688,20.6662104601335,-1.73666582303497,0.0800429642114505
"Q14739",3,1,3,2,3,2,22.2393319357777,22.3078103247939,22.3504018508866,22.1687353083442,22.3665191240695,22.4148001866993,-0.0216356969654671,1
"O95295",1,1,2,2,2,2,21.5496206493603,22.1371909817868,21.7636761775525,21.4596514895185,21.8366749872522,21.8307262143523,0.0925322904975339,1
"O95551",2,2,NA,4,NA,1,21.949381469578,22.0245597355036,22.3629139272706,22.8511705634352,22.500966330283,22.4328906380557,0.165119736620967,1
"P32321",3,2,2,1,1,2,21.9799592713403,21.7809806264693,22.2988733701322,21.9684244015631,22.2492345686373,22.3199880650407,-0.152891372345564,1
"P0A7M9",NA,NA,NA,2,1,2,20.675243803985,22.0793511487075,20.6966477340187,22.6167123814663,20.7400696734864,23.0316090016489,1.8719037734442,0.0194917968234617
"P10398",2,1,2,2,1,2,21.9699306476522,22.0981027824172,22.5081752348466,21.7637003872554,22.5452441309668,22.5061525909257,-0.218464750955765,1
"P38235",2,2,2,1,1,1,22.7052910938703,22.4317783841284,22.5716685200651,21.3413209147026,22.6867543045017,21.6677101493436,-0.840968156754168,0.311464167792952
"Q13131",2,1,2,2,2,3,23.0191673569606,23.0091269096617,23.333995110723,23.1733916722545,23.2696950007963,22.3257122494358,-0.371542212375967,1
"A6NDU8",2,1,3,NA,NA,1,26.0195252369383,21.9184123391747,22.4154824787527,21.1969393003252,22.7471267841091,22.8715149982826,-1.73175595400587,0.944291320072828
"Q96S55",3,1,3,4,2,2,22.5655191029146,23.1213463287896,23.1439064670092,21.4451186890556,23.1098572697882,22.9199793225099,-0.444279499785633,1
"Q9BRA2",3,3,3,3,3,3,24.1913071636649,24.1459626111705,24.369999029347,23.9548475227156,24.4105722038697,24.4642460950097,-0.1356073893286,1
"P0A7U3",NA,NA,1,1,2,2,21.017903291286,23.0035580574778,21.6244153021189,23.1561925043526,22.68276125089,23.9506843921733,1.59511836990293,0.0507395617855884
"Q08951",NA,2,3,NA,NA,NA,21.2245996771437,21.3066356723395,21.2838919324794,20.3529055289134,22.1300330201125,21.4898954775782,-0.496362650301499,1
"P12962",2,3,2,1,2,1,22.8334012611795,21.8087106874196,22.8638037344708,21.6497201741973,22.992535248391,22.0018611990574,-1.076482727789,0.0531322978535179
"Q9P0J0",1,4,3,2,4,3,22.9397484997605,22.8794073156049,23.6080603091578,23.3554347127542,23.4041878669878,23.5407609030942,-0.0587979148176008,1
"P0AED0",NA,NA,NA,2,1,2,18.6151632028175,21.1033060597209,19.3202411176308,22.3366642740444,19.7434061868869,22.5549770850324,2.77204563715417,0.00763810994102832
"Q9NQ50",2,2,NA,2,1,2,22.5105138016942,23.1390023085898,22.4764490722883,22.1444399554185,22.9136828928054,23.0910075574297,0.157934684883365,1
"Q07362",2,2,3,NA,1,NA,22.819204962296,20.6016533768072,23.3156069063718,20.6993085285438,22.0034348728426,21.001406132613,-1.94529290118213,0.0363823479681813
"P30657",2,2,2,NA,2,3,21.924692374031,21.5693096791868,22.1628080320583,21.1856116709692,22.3928042644593,21.4697014301916,-0.751893963400333,0.199764523406913
"O75794",3,NA,NA,2,3,1,23.8829779743867,23.7736650263626,23.8061593931064,24.2789055428234,24.3857365645228,24.6853682969106,0.221021644693565,1
"Q9Y5Y2",1,NA,NA,NA,NA,2,21.5648853825642,20.9667209714991,20.7541784027009,20.9237480210668,22.0690673387303,22.1879675725171,-0.103231519637467,1
"Q9Y4Z0",2,1,2,2,1,3,23.4529481479193,23.9645664968948,23.9605625114503,23.6096014760594,23.9551833971496,23.9364815877715,0.0473185014021666,1
"Q9BXV9",2,2,2,3,2,1,21.5438387271222,21.449762255254,21.6616093699527,21.3633508985932,21.7877987621823,21.6787698998071,-0.1671212685343,0.929847176575242
"P53849",3,4,3,1,1,1,23.4219575813999,20.3863466883047,24.0264143614915,21.3531242056576,23.8911657020177,21.5183815818183,-2.69389505637617,0.00763810994102832
"Q14019",1,2,2,2,2,2,23.505497815883,23.4960918537604,23.470127094427,23.3685434948033,23.6754688795804,23.3938256263187,-0.130877605002665,1
"Q12515",2,3,4,1,2,3,22.7067181675482,21.5674631609985,23.0819930681395,22.4418637841558,23.1536403160515,22.3069767272579,-0.875349293109,0.233040921872046
"Q5VW32",1,1,NA,2,1,2,22.4745469199123,22.6007114716467,22.6143639841592,22.634778153734,22.9422729599558,23.1914880522762,0.131931271209866,1
"Q96HP4",NA,1,1,4,NA,2,21.0793041048977,22.1809932786615,21.9364506749471,22.3807959395325,23.3306613042143,22.7586190017384,0.3246640452911,1
"P33602",NA,NA,NA,1,2,2,20.4000486654323,21.3599184232671,21.9252573307839,21.7024170625434,22.3076783266055,21.6998358003587,0.0430623211158322,1
"Q6P996",1,NA,1,1,2,4,20.3363828823569,21.4723193611799,21.7180425060285,21.4072630956301,21.7650242115329,21.8733218815778,0.311151579489833,1
"Q9BRT2",1,NA,1,2,1,3,21.8738770008693,22.0119840578577,22.0203752065911,21.7160047083954,22.2889330817796,22.1408516089007,-0.104781638028734,1
"Q05397",3,2,2,2,2,1,21.7522109581916,22.2583460590317,22.4054772802928,21.9269981833394,22.5719038682164,22.2396097454901,-0.101546039613199,1
"P38295",2,3,3,NA,1,NA,22.5285865748733,21.1976174607336,22.4948448445339,21.9313406054981,22.6523385398546,22.0302966847544,-0.838838402758567,0.218734357379988
"P04076",1,2,4,NA,1,1,22.0216487993235,20.6631741284697,22.7235190911091,21.3523429303215,22.8088959477692,21.7688420636826,-1.256568238576,0.105437735518134
"P13807",NA,1,1,3,1,3,22.7213361042903,22.1654411412989,22.7136858398151,21.917938635223,22.5237001337609,22.0516289881511,-0.607904437731101,0.315415597513358
"Q07688",2,2,2,NA,NA,2,24.4249932827877,24.0030396845617,25.0167817689133,24.7898377761809,25.0670587851113,25.1119176042903,-0.2013462572598,1
"Q01477",2,3,3,NA,NA,1,21.6456202856801,20.6836485285707,21.605646914805,20.8537093178423,22.043625266729,21.1095252579669,-0.882669787611399,0.109466334223531
"P87108",2,3,2,1,1,1,21.9685067560073,20.9433388021778,22.3465259066328,21.381085440896,22.4367532184161,21.4575844060606,-0.989925743973933,0.0836902518027061
"Q01476",4,2,2,NA,NA,NA,21.6215040528797,21.7127420320126,22.8056615210492,20.2795660923427,21.6282334802654,21.9754325538781,-0.6958861253203,1
"O00330",2,1,1,4,1,3,22.0812787878753,22.1626104510285,22.6166693116102,22.0312854099518,22.1209831073978,25.1347208517562,0.8365618352844,1
"P26755",1,1,2,1,1,NA,21.449117655688,21.0138342992257,21.9522585959844,20.8592560920334,22.2666365818983,21.3474906653363,-0.8158105923251,0.260565998990228
"Q01658",3,2,3,3,3,3,22.8416626206124,23.112191467524,23.0520087675419,22.7710586000388,23.065125519412,23.1503103762555,0.0249211787506667,1
"Cont_Q9N2I2",1,NA,1,2,1,3,22.0340164113008,21.5179365319946,21.4120684334086,22.2169093798598,22.0752467109555,22.0202736301011,0.0779293287635336,1
"P33201",1,2,3,NA,2,2,22.4440655091422,21.4373439264244,22.5941065570542,21.4180938738545,22.7937797063806,21.8064402741343,-1.05669123272127,0.0582058811277395
"Q99707",3,1,2,2,2,1,22.0485522278682,20.8673700878737,22.4043414723311,20.9725958882808,22.5868791774895,21.1101112877273,-1.363231871269,0.0365855531891683
"P25386",2,2,1,1,1,NA,22.7663168935022,22.5786660250221,21.0627961821994,22.8724853262435,23.0332206622323,22.9347113909949,0.507843001442199,1
"Q9UBR2",1,1,3,1,2,3,23.0251013651193,22.977854438617,23.3342580068791,23.2184213359471,23.4243652002025,23.6329044775578,0.0151518933069994,1
"Q9Y6I4",2,1,2,2,3,2,21.7493113302412,21.5441156949169,22.2985106769844,21.7988121154956,22.2326994852997,22.2270938341268,-0.236833282661999,1
"Q9BVC4",2,1,1,3,3,2,20.4682567323755,20.9132787722736,21.0837419268039,21.1479967377672,21.1784531689058,21.5064376146981,0.279087098884567,0.722698636611715
"Q8N108",NA,1,2,NA,2,2,20.8055575177789,20.5220659186174,21.3749861198843,21.7629363195326,21.6149819581821,21.9834127327254,0.1576297916767,0.998492783729788
"Cont_Q32PJ2",NA,2,2,1,2,2,23.3883170358785,23.260778294092,23.8224595786716,24.0333431783737,24.2614124719791,24.3259197197884,0.0492840352416313,1
"Q13416",NA,2,1,3,1,1,22.3771768969141,22.2530339177066,22.9537544581358,22.5667904695725,22.8259323578322,22.7910240410173,-0.182005094861901,1
"Q9Y3X0",2,1,2,2,1,1,22.4983915150847,22.3099336961053,23.0687989388147,22.4372321550751,22.7488577172779,22.9787615982383,-0.196706907252866,1
"P16965",2,1,2,NA,NA,1,22.7193596778509,21.8130068811443,23.4289858801169,21.0708361842623,23.9380665995562,21.2969934805248,-1.9685252038642,0.0370364421351434
"P60033",2,NA,1,3,2,1,22.1706092536642,22.6546003034909,22.5700465362666,21.9607983634615,22.6770348210276,22.6445950031384,-0.0525656469558674,1
"P52697",NA,NA,NA,NA,2,2,20.1803908835957,21.8820306378418,20.434318983607,22.028804823367,21.2500196220601,22.409883960542,1.485329977496,0.0380546713391913
"Q4KMP7",3,3,NA,2,2,NA,21.5391015268031,21.0190449888169,21.5598483914265,21.1772896546469,21.5639297425819,21.4773405307871,-0.329734828853534,0.721685393100986
"P27298",NA,NA,NA,3,3,3,22.2306077412917,22.3663658408943,22.1732385475356,22.3449102663367,22.2693842566188,22.5453874361192,0.194477665968034,0.576113344732336
"P0A800",NA,NA,NA,2,1,2,20.8678473091001,21.7385258710595,21.1555944844554,21.7903024547758,21.745332012077,22.4743005872878,0.744785035830201,0.259785025556245
"Q06287",2,2,2,1,1,NA,21.5513084676776,21.2337034875847,22.4881854677648,20.8582056700002,22.3015123825203,21.4190212176638,-0.943358647571333,0.205566710160922
"P00447",2,1,3,1,NA,NA,24.2899002630435,23.1649391416028,24.464327247418,23.2066222651967,24.5026252147625,23.5532438621545,-1.11068248542333,0.0531322978535179
"P38221",2,1,2,NA,1,NA,22.4342278521454,21.4269447178297,23.9727028896743,21.9066355801275,24.232931161359,23.9377406324588,-1.1228469909209,1
"P0ACY1",NA,NA,NA,2,1,2,22.7671642617492,20.646627596945,NA,20.7668673402353,19.2650177675371,21.4494537196896,-0.0617747956865167,0.253285682423049
"P25738",NA,NA,NA,1,2,2,20.6409636576815,22.4034060716842,20.3571420068407,21.7626231182429,20.1401958468188,22.2300387651307,1.75258881457227,0.0203716275547608
"O75448",2,2,2,NA,3,3,21.1193895139774,21.1108694103026,21.4894954519701,21.8580346052751,22.0298085538798,22.1594548621739,0.163221785974766,1
"O43169",2,2,1,2,2,2,21.547499653005,21.5368822586732,21.9053036302978,21.322672656395,21.7385058737789,21.7840680666141,-0.182562058466469,1
"P83436",2,2,NA,3,1,NA,21.4136984230409,21.7476041936825,22.1187090383334,21.4318152308362,21.9777166387302,21.8090941411667,-0.1738701781397,1
"O60934",3,2,1,2,1,2,21.736390575983,21.5605839152333,22.1059789829056,21.7282877886964,21.5162212180137,21.5883938277035,-0.160441748423035,1
"Q12125",1,3,3,NA,1,1,22.3287705112094,21.2901333421743,23.1532200280367,21.7258827415857,22.6340474822708,22.0848774680656,-1.00504815656377,0.161919337220359
"Q4J6C6",NA,NA,NA,1,NA,1,20.2967167097482,19.3993139154889,20.6851857269913,20.5475358953326,21.0267449563162,20.4568434298259,-0.534984717469434,0.846138965976475
"Q15545",1,3,1,2,2,2,21.7057181199162,21.9321826660213,22.4026066789775,22.1053415523542,22.2384758814405,21.9919794352142,-0.105765675581498,1
"P20338",2,3,4,3,3,2,25.9132601431122,24.6339909630701,25.4725200480619,25.5591462264338,26.4256346646756,25.8642267703703,-0.584683631991832,1
"P14743",2,NA,2,2,1,2,22.4353856590725,20.646248863496,22.535051423921,21.8221866630601,22.5886297799738,21.8179885853447,-1.09088091702217,0.170885792729134
"P0AC69",NA,NA,NA,2,2,3,20.9365969658356,22.1871076731184,21.219000378578,22.3631309586415,21.9499605234018,22.8586334802032,1.10110474804923,0.0931839433458684
"P12532",1,3,2,2,3,2,23.4054422218311,23.1707557823613,23.9258301233848,23.5484293102701,24.1006264107869,24.0939231579867,-0.206263501794898,1
"Q7Z569",NA,NA,NA,2,2,2,23.1057160849204,22.0121430109807,22.7436096805661,23.3088746224872,22.8820784160358,22.7891509275662,-0.207078540162732,1
"P68919",1,2,1,3,1,2,21.3684386534775,23.271659215044,22.1681297619249,23.5861397574557,22.1733684910701,23.9277559029316,1.6918726563196,0.0256070572096432
"Q9H479",2,2,3,2,2,3,21.2075803841457,23.0809817577219,21.5695180628511,21.3322620993851,22.877570693806,21.5418627868753,0.100145834393167,1
"P04911,P04912",3,2,3,2,2,2,29.9537527710786,29.6694032696866,30.3002628963441,29.9218655378305,30.1611721801346,30.2206415095125,-0.201092510175901,1
"O95299",3,2,2,2,2,1,22.8790889532621,22.6487507864152,22.1114792512776,21.9525714356502,22.1582475613606,22.364007176566,-0.0611621224229684,1
"O75376",1,2,1,1,2,2,20.9653837543951,20.7927140506517,21.1736405415049,21.0072772909542,21.2721157419563,21.3394662054636,-0.0905608302622648,1
"P27466",1,2,3,NA,NA,NA,21.0692629096622,20.83233222394,21.7683680978348,20.1348350386167,21.8160932304122,20.4902106676332,-1.06544876923977,0.112673302288754
"Q14011",3,3,3,3,2,2,24.8827186031514,24.9741321905896,25.0850258335017,24.9644387034942,25.2398570632922,25.398052130478,0.0430071748721671,1
"Q9Y2P8",1,3,1,2,3,2,21.782651843871,22.3684289282924,22.3977258071421,21.9373154448896,22.4624673247143,22.3516205375668,0.00483997834046571,1
"Q9Y608",3,1,3,NA,1,2,22.5586671064146,22.6059650394143,22.8728729554643,22.721227614092,22.7809898346214,22.4455064558095,-0.146610262394833,1
"Q14257",NA,2,NA,2,2,2,20.9359365622803,21.146995254666,21.3343970073317,21.484728629808,21.677934656429,21.7817886182716,0.155081425568201,1
"P32832",3,3,3,NA,NA,NA,21.2285239692686,19.8166991322724,21.3452460483605,20.4726948051258,21.439577283242,19.9538454675052,-1.25670263198923,0.0522744348869269
"P33327",1,2,1,NA,NA,NA,21.8878720948159,20.8528825476998,22.1607566963324,21.3227042845287,21.3453122477703,20.6966220541969,-0.840577384164399,0.27350232396832
"Q9NP97",2,1,1,1,2,3,23.434919594482,23.4782190928339,23.2145204179507,23.2129867091228,23.4440416160147,23.5680484201192,0.0552575312094999,1
"P59998",3,2,2,2,2,2,23.3504038743442,23.7341946332579,23.6177362577846,23.5803303441508,23.8401600611345,23.8591413756577,0.121788719934366,1
"Q13277",1,1,1,1,3,3,22.1266512292317,21.7725344683989,22.510450539321,21.2718183392643,22.5923112599035,22.0267020744403,-0.7194527154509,0.392371925216795
"P52893",2,1,3,NA,NA,1,22.5005176982127,21.777162992343,22.7040086233869,22.209686276411,22.5785416505406,21.7623164394518,-0.677967421311467,0.268201739095004
"P82664",2,2,3,2,2,2,23.1710246597139,23.2789122050984,23.5662512774436,23.2391731217175,23.7342037313711,23.7400409410631,-0.071117800216534,1
"Q9Y6I3",1,1,NA,1,1,1,19.1228925871209,19.4896303217416,19.1311744834926,19.15521570499,19.9510835012191,20.2924853751311,0.2440602766767,0.941717068415723
"P61949",NA,NA,NA,3,2,2,21.1523006271446,21.6429304335339,21.8634498651554,21.8582203751168,21.8470785709472,22.1956402906116,0.277987345338366,0.740216016868782
"Q08208",4,2,NA,NA,1,NA,21.9406836948457,20.8834390569269,22.3811943850776,21.058440519275,22.1505793723279,21.8303961511592,-0.900060574963367,0.226947617683136
"Q16774",2,2,2,2,1,2,21.6043497321897,21.4826255584971,21.7780277857329,21.6606949394505,21.8379537484293,21.7870388826445,-0.0966572952532658,1
"Q06142",1,2,3,NA,NA,NA,26.0916836303549,24.9300695520247,26.662135274684,25.3728933490358,26.7465278522455,25.7594241688451,-1.1459865624596,0.0876306851976749
"P28007",3,2,1,1,NA,1,23.0492245523252,21.7448314770458,22.8521116990517,21.3077530807469,23.1653819472418,21.6655894329195,-1.44951473596883,0.0284368776941743
"Q9NYP9",2,2,3,3,2,2,22.842924601703,22.4786989021404,22.8198513484951,22.1042512899006,22.7594056783153,21.987463358555,-0.617256025972466,0.374569344254592
"P20485",4,3,3,1,1,2,21.8418833263176,20.9068359270208,21.8091634386247,21.1397090311371,21.8407250127343,21.1648655064266,-0.760120437697366,0.124403555142389
"P0AD49",NA,NA,NA,2,1,2,20.8489432268515,22.6138576816934,21.3036879529332,21.3272223139203,21.6315655341087,21.6934797259015,0.616787669207267,0.567226055598149
"Q8WVD3",NA,NA,1,2,3,1,21.1286669713379,20.697362128934,21.0576112017837,21.107245655301,20.3006057346317,21.3208900470066,0.212871307829433,1
"Q9Y6V7",NA,NA,2,3,1,3,24.827865609363,24.1822208092161,25.0276561480617,23.9538016061453,25.1203374007173,24.1777178907986,-0.887372950660665,0.0785118915998103
"P41743",2,1,NA,1,NA,2,22.1557272619586,21.8996206031555,22.1674950197294,21.466988783701,21.6521797574107,22.1545415585831,-0.151417031219699,1
"P32639",3,1,1,3,1,2,24.5595536567824,23.2337636002041,25.0141892469435,23.7911499684461,25.0066041295322,23.9406835156446,-1.20491664965443,0.0606861827534746
"Q9NVH2",2,NA,2,NA,1,1,21.9873282084637,20.7912813506211,21.8287135221219,22.1103880430615,22.1357981994651,21.1929993402019,-0.619057065388733,0.797719828696215
"P32476",1,3,1,NA,3,1,23.0572555395618,21.8692315999145,23.4208882501594,22.1013024811686,23.452906559931,22.5386224510192,-1.14063127251663,0.0621136846476584
"Q15057",NA,NA,2,1,1,4,21.6547706176648,21.8650528303654,21.807120711815,22.1549466329017,22.2568330751323,22.2265189134076,0.175931324020868,1
"Q92696",2,2,1,1,NA,3,22.4718377971443,21.353510579219,22.7258258604777,21.9679397598606,22.8407585263723,22.0403097904285,-0.892220684828734,0.149096742114618
"O15514",2,3,2,2,2,2,22.0476985695206,22.1852978548175,22.0369191209507,21.9642409098723,25.2370744064103,22.1558273001911,-1.0054420106669,1
"P35914",NA,NA,2,NA,1,3,20.6747742586553,22.1289225749068,21.6474320755557,22.5064752665592,21.888361068796,21.8721256875231,0.765652041994032,0.437865326163199
"Q08647",2,2,2,NA,NA,NA,20.9521915790388,20.0172544371509,21.1789456275766,20.2262032915226,21.2468566961244,21.2114148278008,-0.641040448755166,0.728125928125928
"Q12692",2,4,2,2,2,2,31.0194666993451,30.7401068402677,31.3552810539367,31.0860453317855,31.3004559044249,31.36386364962,-0.161729278677833,0.964364973685879
"O43464",2,NA,NA,1,1,3,22.4443662253107,21.8682933736187,22.879744394564,22.5883174180183,22.9960784581043,23.5511064750466,-0.1041572704318,1
"P23368",2,1,3,1,2,2,21.1445952338191,21.4709235736169,21.5504400861637,21.6028664714534,21.8470546690603,21.8012106259953,0.110970227340834,1
"Q9NZN4",NA,2,1,1,3,3,21.2793884071901,21.5414412301899,21.6707759558942,21.6830523218307,21.7353412670616,21.5431434783215,0.0273771333987334,1
"P07277",2,3,3,1,NA,2,21.6505460523055,21.1580191435526,22.3912488346967,20.9373538830467,22.4513143842092,21.9562783937014,-0.8138192836369,0.549943760759128
"Q96FF9",2,2,NA,1,2,1,20.4751389364545,20.9902746958306,20.6860250195882,21.5427119062788,20.9624202669277,21.7422908277022,0.717231068947066,0.202770062699488
"P40517",2,1,2,NA,NA,NA,20.912041697434,19.811799569158,21.2025549155426,21.406872175246,21.4162989992747,20.0752718500747,-0.745650672590866,0.592012062793992
"Q6I9Y2",2,2,2,3,2,3,21.5266453733806,21.019505215652,22.054873715798,21.6155160419561,22.1217040844048,21.9048689569436,-0.387777653010568,1
"Q53HL2",NA,NA,2,2,NA,NA,22.7430974503542,21.5074948829875,22.2673524982809,21.795152346653,22.441008021948,22.3974491576759,-0.583787194422232,0.928674954819008
"Q16637",3,1,2,1,1,2,22.0088619933277,21.9605361756368,22.3782866524066,22.229427023082,22.4681388814311,22.3630797459253,-0.100748194173766,1
"Q99523",1,2,3,2,1,2,20.8979971908066,21.4006250179272,21.4136019770627,20.8972175842512,21.5447510572221,21.3297485810419,-0.0762530139570323,1
"Q9H4A6",2,1,1,2,3,2,22.3664257420023,22.718374315887,22.5760377165515,22.5568139223831,22.8290334181879,22.6731071763406,0.0589328459563336,1
"Cont_A2I7N3",3,3,2,3,1,2,24.0614458542152,23.6477664766804,24.5622172653968,24.3269830857354,24.1502982888489,24.5412985961031,-0.0859710833140011,1
"Q04225",2,1,NA,1,NA,1,21.8606955283976,20.8555461305285,22.3026295814092,20.5274875058194,21.8898927089556,20.8306618129902,-1.2798407898081,0.0462096551062434
"P0A7Z0",NA,NA,NA,1,1,3,21.3092330541772,21.6597370372326,21.4729253033447,22.1677554723459,20.5544080463311,22.5564330828489,1.01578639619147,0.160515412219296
"Q9UL25",2,2,2,1,2,2,20.5816977892358,20.6292827942035,21.1051888660706,21.3099653272848,22.0222724732802,21.9695064118569,0.0665318015862013,1
"Q13362",2,1,2,1,1,3,21.7158457653833,21.1129263924805,21.4084194129491,21.4723152702984,21.8451005458994,21.8566202436299,-0.175834605941,1
"P40693",2,4,2,NA,NA,NA,21.9093422222332,21.0527152993047,22.5513863933581,21.2415593176479,22.4798140550929,21.6057085110136,-1.01351984757267,0.0981527401260567
"P10614",2,2,2,NA,NA,NA,22.1221142164356,21.8439856299841,21.9579435463207,20.4325531143104,22.0372989372623,21.4658182179763,-0.791666579249267,0.508581326325189
"Q9BYC9",2,2,2,2,2,2,21.7499111532601,22.2264048425933,21.6363128540451,21.8869211784006,21.8771365716285,21.9083678808305,0.252777774296899,0.923092976157941
"P47039",2,3,2,1,NA,3,22.0780488198497,21.300708647306,22.5756899597787,21.4105395980188,22.5984131969998,21.8387417131314,-0.900720672723999,0.135574348023396
"Q06494",1,2,4,NA,NA,NA,23.1081867131111,21.907998380529,22.7621887810307,22.4651496085093,23.6081955908625,22.0501407631592,-1.01842744426893,0.121667203463208
"Q9UHR4",NA,3,2,1,1,2,23.0171655636303,22.3103928351055,23.1973717937865,22.5835283700814,23.1560556022131,23.3249740607521,-0.3838992312303,1
"Q7L5Y9",NA,2,1,2,1,1,22.1321827748376,21.4941835729505,22.4259114670834,21.817926149368,22.2847134182846,22.2808480640311,-0.416616624618666,1
"Q06336",NA,3,2,1,NA,1,22.1660199189207,21.3792511707393,22.7824001897479,21.9547321753695,22.6635202107037,21.8387759459824,-0.813060342427035,0.232780933763871
"Q96CW5",2,3,1,2,1,1,20.8892256136919,21.0781379374566,21.4579444219485,20.4195145629965,21.2740275965471,21.0249264227291,-0.3662062363351,0.882770226618807
"Q9Y4E5",3,2,NA,1,3,NA,21.2421569226555,20.8215937739458,21.8803682408786,21.5289366937058,22.8602187811949,22.7058664789797,-0.308782332699233,1
"Q07657",2,3,NA,NA,1,NA,22.4018586519401,21.1505669772979,22.4115121517356,22.424885802938,22.4069001942984,21.8586970243341,-0.595373731134701,1
"P67910",NA,NA,NA,1,2,2,20.4752066068864,22.0252517817102,20.9939844214622,22.0284269796114,20.7682567220393,22.0539238934556,1.29005163479643,0.039110507625323
"Q8NBJ7",2,2,2,2,NA,2,22.4447597540468,21.1227363829878,22.8739278651702,21.5159291001945,22.9718284770845,23.3405716569057,-0.770426318737833,0.916111629337422
"P31142",NA,NA,NA,NA,1,4,21.6469555902302,22.4367840936635,22.2163360107084,22.3309260390993,21.0552049714011,22.7583259081484,0.869179822857168,0.183048102781625
"Q9Y3I1",2,1,2,2,2,1,21.2299556209911,21.2401539925555,20.7842672035464,20.6905146963152,21.7727350022718,21.3678079794018,-0.1628270528456,1
"P63173",3,3,3,3,3,3,24.2917544295094,24.7203389392249,24.813170546523,24.7212158257233,24.9369843673367,25.0423991594819,0.147348193686999,1
"O00483",3,2,3,2,3,2,24.3373988208556,24.1234092783814,24.5905594110791,24.3360011588668,24.6345704568854,24.647474017177,-0.151881411464966,1
"P54198",1,2,1,3,1,2,21.8805726423147,22.57613150653,22.4139083353713,22.0758972486955,22.6284875923788,22.5676525491714,0.0989042447773668,1
"Q8N6T3",NA,1,NA,1,2,3,21.7839053611247,21.821180728525,22.1808992184221,21.8449683257618,22.1902540651944,22.264794920851,-0.0747048898677984,1
"P0AB89",NA,NA,NA,2,2,2,20.776811613748,21.9677879077158,21.1397608584047,21.7180338281871,18.5904980920885,22.2152799949883,1.79801038888333,0.0821735939797845
"P38755",2,3,2,1,2,1,23.0927760097502,22.0182582583579,23.264650481233,22.0729075100848,23.3826117581693,21.983722890422,-1.22171653009593,0.0380794506506508
"P09457",3,3,1,2,1,1,21.7130811479626,20.6299995459904,22.3597609524919,21.8522986141256,21.8643611105218,20.8694636569829,-0.861813797959132,0.500484049684414
"Q96BD8",1,1,1,3,3,2,21.6355241757236,21.5092448851943,21.4771686830506,22.0630922057306,22.391628148235,22.4367112880099,0.168242457308533,1
"P53738",1,2,1,1,NA,1,21.7002780983145,20.7326142064298,21.9820897695775,20.6983598224895,21.8061399182349,20.960356230839,-1.03239250878953,0.0561284181598124
"Q06385",3,2,2,NA,NA,NA,22.3038325771569,20.9604401041696,22.4526146564166,20.968886650597,22.4389844444316,21.5555719939145,-1.23684430977467,0.0523823168943966
"P40506",2,1,2,NA,NA,NA,20.7919871510729,19.1522356172635,20.8043796028043,19.6026344264863,21.3240181643939,20.8534034143457,-1.10403715339187,0.283591738592291
"Q96GX2",2,2,1,2,3,1,20.3514110690044,20.90620323508,23.5084587712459,22.4400230836443,21.2543510637056,21.2194709196818,-0.182841221849933,1
"P62857",3,3,3,3,3,3,26.7584427257377,26.6189587548798,26.6298967459977,26.608620534353,26.9555271749341,26.9920426439256,-0.0414149045037012,1
"P78330",2,2,2,2,3,2,22.2811130402558,22.2182683341107,22.3271123698469,22.3101589837709,22.508556938027,22.5120631051181,-0.0254306417100002,1
"O14757",2,NA,2,3,1,NA,22.0409398277018,21.8018110615656,22.2209152680264,21.6710216045781,22.2188775842062,22.347212323963,-0.220229229942565,1
"P11938",3,3,1,1,1,2,21.656727077811,20.7249263833595,21.7495221764071,20.6748630296726,21.9818748758895,20.4251563499142,-1.1877261223871,0.0477762388638028
"P05114",2,2,3,2,2,3,23.8393004916768,23.8251480417564,24.372869841378,24.1988806798869,24.3580405204162,24.4886123329004,-0.0191899329757668,1
"O60925",1,3,2,2,2,3,23.2401956364031,23.5333279498125,23.8106722376369,23.6156909206811,23.9623834652851,24.0449408580371,0.0602361297351995,1
"P46956",1,2,2,1,2,1,22.7213170147796,21.8530313696092,23.0296995524847,22.1222855048925,23.2138301393295,22.2999933121751,-0.896512173305666,0.106922208943852
"P49458",2,3,2,2,3,3,25.4704926829496,25.6017341833064,25.6676878467982,25.4073576321323,25.7723025915289,25.7221596335099,-0.0597438907760323,1
"O14893",1,NA,3,2,2,3,20.729816131783,20.8905246146042,21.0885705506913,20.7961982776045,21.3191566515018,21.5599271404904,0.0363688995743334,1
"Q04446",3,1,2,2,NA,3,21.6367780451085,21.6185378542133,22.3954028639554,22.0082186423555,22.3991541660632,22.419925469574,-0.128217702994766,1
"P0AAV6",1,1,1,2,2,2,20.6947578793965,21.7162666434502,20.3747090489131,22.0675902747197,20.685840176425,22.359689783464,1.46274653229977,0.0283527580552767
"Cont_P81187",3,1,NA,2,NA,NA,21.6776340568396,22.0288494971441,22.0427576678542,21.8303043621849,20.5355284784648,21.7457002736169,0.449644643262433,1
"Q13948",NA,NA,NA,2,NA,2,23.9674026221917,22.938015254077,24.5510375727765,23.3376061145899,24.5990186241182,23.6163152825122,-1.0751740559691,0.0914223931241937
"Q13510",2,2,2,1,NA,NA,21.0555411155949,21.6455234302323,21.4856943336659,21.5697214339001,21.9420934975017,22.2728652437948,0.334927053721567,0.916111629337422
"P28496",3,2,2,1,1,1,21.6485454206976,20.8954232926291,22.2066812814239,21.2197556813161,22.0938453239066,21.2693157640517,-0.8548590960104,0.141021037877208
"P37262",2,2,3,1,1,2,21.7490276981491,20.7396215868561,22.3326760870525,20.7214240379551,22.2399288619922,21.2063669474925,-1.2180733582967,0.0561284181598124
"Q05209",2,3,2,NA,2,1,21.328208967938,21.2225962309499,21.7717180521475,21.9814085823501,22.0410732238641,22.3419775191752,0.134994029508533,1
"Q15386",NA,2,NA,1,2,2,21.3643627251211,21.6216396447554,22.3519497757682,21.6734381597748,20.9030571273815,21.9600707124378,0.2119262962324,0.968667237900535
"Q15751",1,NA,2,1,2,3,22.8156043451103,22.8909501830027,23.2197649853382,22.753275723475,23.1331089659181,23.2203116020734,-0.101313595938501,1
"P52758",2,1,1,NA,2,3,22.1704257280162,22.3600431815245,22.6145525942648,22.5289459909028,22.9758692165032,22.8931467085093,0.00709611405079968,1
"P06704",2,1,2,NA,NA,NA,21.175157684509,20.3673238269737,21.2277275686022,20.5611006291061,21.5489973026497,20.172891974213,-0.950188708489366,0.0754281157911562
"Q12176",NA,3,3,NA,NA,1,20.80877902151,20.4603336513795,20.9956083703985,20.4906386476865,21.4882784032107,20.852413395797,-0.4964267000854,0.7754373472412
"Q16595",NA,1,1,3,NA,3,22.275871011524,22.0753035182119,21.9471305433105,22.3454865989597,22.3183946874618,22.4019863437134,0.0937934061962326,1
"Q99504",2,NA,3,NA,NA,3,20.6530816632419,20.6213453103563,21.1196618043438,20.887364457071,21.3181306777168,21.3122959402124,-0.0899561458875979,1
"P51571",3,2,2,2,2,3,22.4854690605773,22.5829477509925,22.4918200752828,22.0649801898238,22.6879189703796,22.6193413565641,-0.132646269619767,1
"Q6PJ69",1,2,1,3,2,2,21.2894237191756,21.253153550533,21.8458013687616,21.0028768073485,21.6221836726166,21.4623533637718,-0.346341679633499,0.918468539236034
"O75629",2,2,2,NA,2,1,21.2320469921538,19.2150033809868,21.8212304676362,20.9572673347577,21.9612218989354,23.4556242189592,-0.4622014746739,1
"P0AEP3",NA,1,NA,2,2,2,21.5147181469201,23.0003722943988,21.4560773752587,22.6207622638793,22.0371289876906,23.1659733186692,1.25972778902597,0.0432182379679051
"P32857",3,1,2,NA,NA,1,22.3614683583651,20.1040397632142,22.3368837922732,19.8002385531453,22.2478568358946,22.2073131700434,-1.61153916671,0.25079318730572
"P49334",1,NA,1,NA,2,2,23.7106423980759,22.3043106534835,23.1447714965585,23.464985148868,24.107028658867,25.0551503467787,-0.0459988014570681,1
"P0A786",NA,1,NA,2,2,2,20.9666305982785,22.5912228253607,21.1400945689261,22.5780895511151,22.1731043212678,22.6761518605711,1.1885449161915,0.080316807230343
"Q96E11",2,2,3,1,1,2,22.9486682631173,23.474138900904,22.2700255032142,22.2229568562442,23.0961138419268,23.2666884759815,0.216325541623799,1
"P00452",NA,NA,NA,1,1,3,18.8928234984956,20.9275313143469,21.0445958982242,20.2851676683789,20.1921522204759,21.3563221989495,0.813149854826534,0.766206924213952
"Q96M27",1,NA,NA,2,2,2,24.4544599554507,21.9732805439858,21.938679013812,22.1301694281601,22.3447603577579,22.3976070071221,-0.745614115917532,1
"P53192",2,3,2,1,2,2,22.1058282818962,21.2157027309962,22.7093454293021,21.4939892965803,22.7216535998777,22.0957802611625,-0.910451674112335,0.233040921872046
"Q9H0C8",1,3,1,1,3,NA,22.3708238724832,21.9913136300028,22.7081760438148,22.4733367626419,22.3780241156036,22.2973028136335,-0.2316902752078,1
"P32793",3,3,1,2,1,1,21.8192299148832,21.1805881691241,22.3294888309388,20.9254050327097,22.382138091568,21.9072554278669,-0.839202735896432,0.354731299261174
"P41236,Q6NXS1",3,3,2,1,3,3,22.4582048296177,22.3266840289924,22.7869876516062,22.5469834540259,22.8978107504266,22.6458870717733,-0.207816225619634,1
"Q8IWJ2",3,NA,1,2,2,NA,21.9403047243893,22.9936573745582,22.1402823056958,21.2180035360718,23.3143383147875,22.0646462379846,-0.372872732085998,1
"Q6P2H3",2,NA,1,1,2,2,21.5301096936258,21.4526326272154,21.4040166986218,21.3901410040069,22.0656981464605,22.0591899640992,-0.0326203144621999,1
"O94742",1,1,2,1,NA,2,22.2300950716679,21.9829611192317,22.3510320881656,22.2068846900696,23.0431049035529,22.7946716794825,-0.2132381915342,1
"Q9Y4P1",NA,NA,3,2,2,2,21.0393916640403,22.0836723052715,22.6937517366325,22.4594778968629,22.7494967046349,22.5056850978379,0.188731731554867,1
"P36161",NA,1,4,NA,NA,NA,21.1177535821573,20.3189035354501,21.819214027153,20.4851403051066,22.9597132486111,21.5201596899347,-1.19082577581,0.481778758145288
"P0A7X3",NA,NA,NA,1,2,3,21.8667966186743,23.6229068628127,22.0622558402794,23.6602095381615,21.9999722245345,23.8216735664529,1.7252550946463,0.0168481550130907
"Q96CP2",3,3,3,3,2,3,21.3195738651777,21.2027394802723,21.9733773373779,21.7151709526204,21.8520831166305,21.9846738221171,-0.0808166880587666,1
"P40019",2,1,2,3,2,2,22.2840971712355,21.0574041284491,22.5557396663825,22.0814122445672,22.422165012029,21.5757291933376,-0.849152094431034,0.264636810948358
"Q01196",NA,1,2,2,NA,1,21.7226521498085,21.4373996818489,21.8949451231236,21.3468521172932,22.0873946940446,21.6309793900717,-0.4299202592543,0.621136718928762
"Q6DD87",NA,NA,1,1,NA,2,21.148822089254,21.0997627415729,21.6110813226308,20.0836831787858,20.6453908343649,24.3541942203131,0.710781964807367,1
"P38810",NA,2,2,NA,NA,NA,21.3133641322459,20.3024647607509,22.3754515340862,20.7289150929067,22.51285087403,21.4948104273141,-1.22515875313013,0.216970428056894
"P18887",2,2,3,1,2,2,23.0980984441412,23.1434615349832,23.4081438994559,23.1951356220185,22.5755949870705,23.427118943585,0.227959589973034,1
"Q12962",2,1,2,2,2,2,21.5106774983178,21.3021545742071,21.7988924859973,21.6634094560472,22.1134655765338,21.8829735912976,-0.191499313099,1
"P60520",2,1,1,2,2,1,23.7646258251779,22.8380879598371,23.9643703954825,23.362036375841,23.7662134527975,23.7604643365979,-0.511540333727301,1
"P80303",1,1,1,NA,2,3,21.0393553485622,21.8597876501771,21.412839349107,21.6508411759011,21.9181794655448,21.8239824255845,0.321412362816234,0.853928761663373
"Q8IUR7",1,1,1,1,2,4,21.2680089310098,20.8003735423073,21.6969834397219,21.6477695502643,21.83466817196,21.9597555158325,-0.130587311429199,1
"P32445",3,2,2,1,1,NA,23.7835387320882,22.6777989858285,24.2889112624152,22.9251855119374,24.1839112560814,23.0738815215411,-1.1931650770926,0.0531322978535179
"P0C018",NA,NA,NA,1,4,3,21.9219669320908,21.9892254830251,21.8094676798576,24.8249139841463,22.5741251713218,22.9907615000008,1.16644706130067,0.698943417274001
"Q8IZP0",1,2,3,2,NA,1,23.030045397146,22.2506617260319,23.5224802433633,22.3221061203431,21.9307928220462,21.6151765505917,-0.765124688529601,1
"P39931",2,2,2,3,1,1,22.2985923398332,21.368471825191,22.8503123798911,21.4606090003481,22.7243204519684,21.7840229224245,-1.08670714124303,0.0640618450443471
"P63092,Q5JWF2",2,2,1,3,3,2,21.9338059863393,23.0342120889179,23.7513585389329,23.4017667485219,23.8076398937323,23.5060198673549,0.149731428596733,1
"P40165",3,2,3,1,2,2,22.5707281328503,21.5046401998201,21.4073504999648,21.2997305238894,22.6988613772942,21.7387804513826,-0.711262945005733,0.959874127283073
"Q96B36",3,3,3,3,2,3,21.9540818874562,21.8449310798136,22.2012539239021,21.8048397203292,22.0299210845472,21.8827841731716,-0.217567307530369,0.987582233819692
"Q9UNW1",1,NA,2,2,1,1,20.8519498236064,20.8168254668151,20.458519639787,20.6260776198021,20.9315604541417,20.9284069615795,0.0430933768872007,1
"P05161",1,1,2,1,1,3,20.9425656050381,20.8509733990007,20.6731551687923,21.3233464606842,21.7919192089554,22.005053277036,0.257244384645034,1
"Q9BQ61",3,3,2,2,3,3,26.592952661373,26.6184342342294,23.1597337056074,26.960527868267,23.374138972479,27.1901794497229,2.54743873758663,0.165586442238555
"Q9NW82",3,2,2,NA,2,1,22.4678747895471,22.1086892316726,22.7728207642738,22.672264761939,22.7744251438649,23.2061196352548,-0.00934902293979907,1
"Q2TAL8",NA,NA,1,2,1,2,20.1943718248734,20.8302919813494,21.2233998878203,20.7189483736751,20.9251705644735,21.0455197183108,0.0839392653893671,1
"Q96KQ7",1,1,NA,4,1,1,21.8717953760248,22.777995290112,22.0266017866522,21.9010989011261,21.3943274000181,22.3736716744557,0.5866804343329,0.484121994941263
"Q9BRJ2",3,3,3,3,3,2,21.9215450596981,22.4078269809163,22.4470413426519,22.264363133664,22.5511252553332,22.4996568724198,0.0840451097722988,1
"P39729",NA,NA,2,NA,NA,NA,20.9693540218307,19.9717826230799,20.5396840920661,19.7269865355041,21.7950119001531,19.9489208530005,-1.21878666748847,0.0491416502655619
"P53985",1,1,2,2,2,2,23.8437935142471,23.7571783766943,24.3317616317182,23.9916434573496,24.0824758805204,24.14980385813,-0.119801778103934,1
"Q8IWZ8",1,NA,NA,NA,2,2,20.007921061753,20.5595467719202,18.9393836218537,20.3708039221666,19.3379728603359,21.8278435186145,1.49097222291957,0.0451328391258042
"Q15058",NA,NA,1,NA,3,2,20.4284814459583,21.2143289046695,20.8119108627598,21.8502515180696,21.4246624908328,21.1702438602563,0.5232564944815,0.439283986453798
"P37268",1,2,2,2,2,2,21.5425690435474,21.0530313022167,21.7275110647941,21.372251598585,21.7907527677235,21.718881082888,-0.305556297458434,0.903584545622422
"Q96AX1",1,1,2,3,1,2,21.492093026572,21.8648087262635,22.3150098008188,21.5208218703636,22.0423273469094,22.0867779854406,-0.125673864077498,1
"P35180",1,3,3,2,2,3,22.8166053857351,22.3711324022533,23.3869555019929,22.2709966023547,23.5333765516759,22.4024186676149,-0.897463255727002,0.126588698509859
"P0AE52",NA,NA,NA,1,2,2,20.3515802421679,20.3411933049503,20.4665874528762,20.5560333095177,20.245362227707,20.6168397889292,0.150178826882035,0.762591317386006
"P54003",1,1,1,NA,NA,NA,22.4270419389074,20.5774687058492,21.5344616460608,19.2022024703049,21.2659669379091,20.23968723131,-1.7360373718044,0.0690556871676902
"P61024",2,2,3,1,4,3,23.3362744515501,23.1856593045623,23.7119076479769,23.5216393751345,23.9003728410627,23.8678788792484,-0.124459127214833,1
"Q9NP66",NA,2,1,1,2,2,22.8284747156863,22.5960745062779,23.3639574649385,22.8546390033169,23.1169461008324,22.5637132196828,-0.4316505173932,1
"P41057",2,2,2,1,1,2,25.0880763448844,23.777359271676,25.4828413077553,23.9286925774298,25.2316646114588,24.2404026729336,-1.2853759140197,0.0460976038844778
"P42025",1,2,3,2,NA,NA,23.1219402209003,23.134348760693,21.6253779853975,22.3114219684178,24.4801791700856,21.9517871642427,-0.609979827676632,1
"Q5RI15",NA,1,2,2,1,NA,22.1471392315337,22.0766035969337,22.2349714645432,22.1766435622377,22.5990000028731,22.5312566310377,-0.0655356362469668,1
"Q05567",1,2,1,NA,NA,1,21.3844254259889,21.0309689838746,21.780858913197,21.2226466384332,22.0164182765981,21.4740532220601,-0.484677923805367,0.721930481254201
"P39936",3,2,2,NA,NA,NA,22.0711587204892,21.0576748216998,22.0215030897512,20.7778458409506,21.9768124917554,20.8799214089319,-1.11801074347117,0.0492914437491762
"P49207",1,3,1,3,2,3,26.3748834698782,25.8255995462462,26.9815978526436,26.3518352314991,26.9335485712944,26.5307286340268,-0.527288827348033,0.759397429139127
"Q06205",3,3,NA,1,NA,NA,21.3830003389145,20.7744112686213,21.7691699629696,20.4349430030633,21.7938340696432,20.4446062223682,-1.09734795915817,0.0565415321125402
"Q96RE7",2,2,2,2,2,2,21.3851109065808,21.4453473198491,21.8655077830543,21.8475343519538,21.9439325336549,21.9606558318052,0.0196620934393673,1
"Q9UMS0",1,3,1,2,1,1,21.8475904543012,21.9679344844316,22.0008056856889,21.9442416422596,22.1896380328157,21.9124658056829,-0.0711307468105685,1
"P49407",1,NA,2,2,3,2,20.8685396205387,20.9878853825363,20.9162558920312,21.3683528564318,21.3774459427574,21.3813760724656,0.191790952035467,0.864572927072927
"Cont_P01044",2,1,2,2,2,1,21.8152225202984,21.8251610492364,22.2523082597816,22.0509821873934,22.2662000544708,22.325993534715,-0.0438646877353328,1
"P52643",NA,NA,NA,2,2,NA,21.3255946422101,22.6283989252412,23.0684506167119,23.2638955525434,23.3947821697792,23.5824634934801,0.561976847521166,1
"O00244",3,1,1,2,1,2,22.8466319226599,23.272819692487,23.4422107823316,22.9282595630698,23.3813092627576,23.0509333792658,-0.139379777642166,1
"P53301",1,3,NA,1,NA,1,21.6692873422029,21.4220978827319,22.2392770084886,21.3299155190121,22.3479943550744,21.8378711949962,-0.555558036341899,0.853928761663373
"O00411",NA,NA,2,1,1,3,21.9579644404248,20.0840859279499,22.2470679959255,21.6731803033605,21.9983240879253,21.9769024950601,-0.823062599301701,1
"Q8TDD1",1,NA,2,2,1,1,24.2250229287094,23.0337775310592,24.6426166118299,23.6313902377144,24.987637699086,23.8053864913701,-1.12824099316053,0.0958809713846435
"Q99257",NA,NA,3,NA,NA,NA,19.7364032691774,20.9643777112049,21.6386738751958,20.579704589289,22.4777987736991,20.9246157250479,-0.4613926308435,1
"Q6P1L8",1,1,3,2,2,3,21.10431784559,21.7332703589118,21.8710910854911,21.7316391017673,22.0346058831471,22.0295177528565,0.161470799769133,1
"Q9Y3D6",NA,NA,3,2,2,3,23.0736731753198,23.02497493545,22.0534980508145,22.8916130515775,23.4565844055155,23.6015446832274,0.311459012868366,1
"P53549",3,3,3,2,2,3,23.4804694944726,23.4009519887482,24.5797287591716,23.4424602504227,24.1246126325222,24.2014598939686,-0.3799795843423,1
"Q9NUP9",1,1,1,3,2,2,21.7233319108948,21.5128271290974,22.2799359869971,21.9018481597432,22.4589320945506,22.1848251112796,-0.2875665307741,1
"Q9NR19",3,3,2,2,3,2,21.493632668471,21.583404987989,21.9392104475937,21.8001617065467,21.3073745459508,21.169780528782,-0.062290146232602,1
"P63172",NA,NA,1,NA,1,2,20.4101417990602,20.4194928264308,19.680650869067,20.8366463862584,21.3552688196791,21.2115384075074,0.340538710796768,1
"P52756",1,1,1,2,3,2,21.1174823581611,22.4766427586405,22.8586928513725,22.1701310601601,22.7787483184327,22.6831492610213,0.191666517285199,1
"Q9H9H4",1,2,2,2,3,1,21.1424668695372,21.4536293417878,21.5973917650722,21.2585611459241,21.8200902227261,21.5246028083314,-0.107718520430732,0.994725697058759
"Q8WXD5",NA,1,2,1,NA,2,22.0447991493915,21.2685796918239,22.2872005828828,22.3006673177968,22.0010860055512,22.2481204107712,-0.171906105811201,1
"O95905",NA,NA,NA,2,3,NA,21.1312043261652,21.1641225013353,21.4342782551736,21.5153229083349,20.7270184383951,21.3569451557702,0.247963181902167,0.798205087672127
"Q8N2F6",NA,3,2,NA,2,2,20.8679358922435,21.4343984007452,21.5520780339886,21.1127170883497,21.6778681127762,21.7005448089425,0.0499260863430327,1
"Q15031",3,NA,1,2,NA,NA,22.4316774014758,22.3204262488707,22.7863644607903,22.6038155718511,22.2556677285417,22.4108961521318,-0.046190539318065,1
"Q08742",1,2,2,1,NA,2,19.7528778594117,19.6273331538231,21.089915615172,19.5531823194779,22.0915645172883,20.0151290005906,-1.2462378393268,0.306140513688236
"P28000",3,NA,2,NA,NA,1,21.377020239338,20.8043900415073,21.9308076175481,20.7198465764285,22.2099465089859,20.9112470544592,-1.027430231159,0.0897339172771506
"Q6DKI1",NA,2,2,NA,2,1,22.2337069978795,22.7770632368853,22.7808497042093,22.9306738209982,22.9430091041741,22.767577707543,0.172582986387868,1
"P0A7R5",1,1,1,2,2,2,21.8730894076855,23.5826080872637,22.458867029848,23.9291204941847,22.3964566214928,24.1809286508337,1.65474805775193,0.0213276582706308
"Q9BQT8",NA,2,3,1,2,2,21.3272630267444,21.6902610467412,22.2530776447271,22.1468260984358,22.4143982701544,22.4792128505858,0.107187018045632,1
"Q15006",2,3,3,3,3,2,22.7497045575248,22.3827364161445,22.924530373516,22.896633496966,22.8318988606016,22.9275526535738,-0.0997370749860333,1
"P36147",1,2,2,NA,NA,NA,21.8988380881852,21.2491858051453,22.1090778855004,21.9325229570193,22.7362606026429,22.3988220914753,-0.387881907562868,1
"P28321",NA,2,3,NA,NA,NA,21.702626103246,20.8280677046303,21.8647093730393,21.14614243689,22.1512547404585,21.1696449100626,-0.858245055053634,0.111952096506624
"Q15382",1,2,1,1,1,1,21.8137013523683,22.4616345658341,22.1244278941131,21.8039552942297,22.5723100253777,22.3825733692586,0.0459079858210991,1
"Q8WVC0",2,NA,1,2,1,1,21.8710861959943,22.5171053887911,22.3481198784819,21.1956320310884,22.4339601520073,21.7666227231706,-0.3912686944778,1
"P23434",1,1,1,1,1,2,21.3234553177069,21.1229883014956,20.6681467074527,20.9955306504643,21.5938861982632,21.4214680244293,-0.0151670823445341,1
"P47914",2,2,3,2,2,2,24.821288380879,24.4875676259127,25.1308957252541,25.1457899138629,25.4987221386798,25.5228292136466,-0.0982398304635671,1
"P20436",NA,2,2,NA,NA,NA,21.3038534754123,19.9112082801888,21.4118899243636,20.2773708407616,21.5410103305739,20.8640056770648,-1.0680563107782,0.0954398927990614
"Q96II8",1,2,1,NA,2,2,22.3734521075866,22.3421688255603,22.8585781850477,22.2254535583229,22.7024871336562,22.578646102794,-0.262749646537767,1
"P47137",3,3,1,NA,NA,NA,21.2786731944538,20.455810815216,21.842008345917,20.936680887696,21.9005228362173,21.095384627412,-0.844442682088033,0.223063564386924
"P0A7W7",NA,NA,NA,1,4,1,23.6665935160316,24.1889932238442,23.4758810888733,24.7623901496944,23.2492255974361,25.0094799418824,1.18972103769333,0.0622490875527294
"P07948",1,1,1,1,1,3,24.2385825880363,24.1314006028306,24.8858442722923,24.5355627731871,24.8717164283671,24.9891676956953,-0.113337405660901,1
"Q9Y3S2",1,2,2,2,2,3,21.9073483178759,21.5312561550228,22.3919532322155,22.1013706158498,22.3801596776878,22.3146987104393,-0.244045248822435,1
"Q969T9",3,1,1,1,2,NA,21.7164738964806,21.5080417297585,22.0084455490715,21.739404962027,22.0043614162123,22.1258863837467,-0.118649262077401,1
"P62304",1,2,2,2,2,3,25.0498958990668,25.5017895736257,25.4348699772114,25.2463333857626,25.1692425657769,25.4622224161531,0.185445644495433,0.835213893249608
"Q9BY43",NA,NA,NA,NA,2,3,22.9018442938383,23.3794990742167,23.5914940408244,23.3794994708282,24.2629448860867,24.0890283690512,0.0305812311155667,1
"Q9BW71",2,1,1,1,2,2,21.0367394024813,20.7777503458633,21.5944436385968,21.6591531907265,21.6823135490884,21.2083894699202,-0.2227345278855,1
"P49848",2,2,2,2,1,3,20.8915221094603,20.7974284083058,20.7822633962674,20.7377551609243,21.2722722525623,21.1736220912753,-0.079084032594866,1
"P0ACD4",NA,NA,NA,NA,1,3,21.4748590458666,22.1670369316675,21.4103875570402,22.6592029608211,21.6971287747868,22.8780525970975,1.0406390372975,0.070167062614973
"Q9H3H1",NA,NA,NA,NA,2,2,21.488863342217,21.6571622864203,21.7474555579815,21.4703967326878,21.5748365967246,21.7771641965921,0.031189239592365,1
"P53897",3,1,2,1,1,1,21.2302013735923,19.8909452638969,21.6714171039681,20.515689849046,21.9782763143519,20.571691084605,-1.30052286478813,0.0599765196308014
"P54858",1,1,3,NA,NA,NA,21.4412666911952,22.4029181124024,24.0799973981418,22.7336862884211,21.821717547753,22.8073291735681,0.200317312433867,1
"P46988",3,2,2,NA,1,NA,21.3389577613113,21.1512584572064,20.3704842751566,20.6897475405469,21.7046888873323,21.0035628611224,-0.189854021641499,1
"O15392",1,2,1,2,1,3,20.6664768164247,21.4859776561396,21.2623315995561,21.1100086660399,21.3772445603107,21.6082855083804,0.299406284756133,0.79031697967313
"P17169",NA,NA,NA,1,3,2,21.3232762215536,22.2548681593537,20.1338986701794,22.0868673751417,21.4309693043611,21.7520544228905,1.06854858709727,0.240561797700329
"Q8N3C0",NA,1,NA,NA,2,2,21.0186803686526,21.3609520768792,21.6121781734685,21.6183521171078,21.5031045003444,22.102124531702,0.315821894407834,0.698810041468281
"P47122",3,2,2,3,2,1,21.6485528810751,20.5957371228001,22.173544475742,21.2658948500713,21.6126621209214,20.5376934359738,-1.01181135629777,0.124081920399453
"P0ACF4",NA,NA,2,2,2,2,24.220228633611,25.4510923583297,24.4507793255633,25.74256746128,24.4635433311889,26.0819771449253,1.3803618913906,0.034628481010865
"P0AEK4",NA,NA,NA,NA,2,2,20.7239442926349,22.0071876226949,21.1206449462627,21.7183432707526,20.994776384733,22.0282276486582,0.971464306158366,0.0682064789861274
"Q96QR8",NA,1,1,NA,1,3,22.6256798626082,21.9654757946067,20.6515836475216,20.2435249987927,22.5058702965089,22.4666084913454,-0.3691748406313,1
"P45983",NA,1,1,1,1,3,19.1279266326239,19.5488371822375,21.1725874335123,19.7608291621284,23.0044035956203,22.2085469461913,-0.595568123733101,0.958512466270943
"O00459",NA,1,1,NA,NA,3,23.0829650262501,22.7918282171312,22.3053420454122,22.6554960029272,22.4167400684044,23.0975313030908,0.246602794360834,1
"P0ACI6",NA,NA,1,1,3,1,20.6995902442295,22.8615488846785,21.8947000125319,22.5174927865717,22.237444706666,22.5925783931027,1.04662836697517,0.147440739614506
"P32769",1,2,2,1,NA,1,22.1925143652064,22.4341679007963,22.682323623371,20.8787199240749,21.9410238679906,21.3242420877282,-0.726243981322867,0.79031697967313
"Q96JH7",2,NA,NA,2,1,2,20.8431048494182,20.6695854646417,21.1477111142293,21.1555778092075,21.4168959501589,21.4704537078044,-0.0373649773842667,1
"Cont_P08730",2,NA,2,1,2,3,24.1127799145874,23.0437550779346,23.7101539637833,23.8938692866728,24.579604246115,24.5765127179113,-0.296133680655667,1
"Q96BW9",NA,NA,1,2,2,2,21.1638032077192,21.5479307365041,20.2492781215794,21.5830873596791,21.4708713324973,21.1234953219265,0.456853585437933,0.853928761663373
"P26646",NA,NA,NA,2,3,NA,22.1672112397549,21.3982598947176,21.6553748031279,22.6088365115358,21.9261468454137,21.2925333989447,-0.149701027699467,0.995413731112778
"O60502",2,2,2,3,1,1,21.9468578299463,22.0855123326456,21.7068332334355,21.7454510149438,22.0642599018353,21.8285263345379,-0.019487094363266,1
"O43709",NA,1,2,NA,NA,2,21.0757696450008,21.087348397432,21.6936728396603,21.2375557198623,22.0193755795827,21.9198740614667,-0.181346628494268,1
"P0A9K3",NA,NA,NA,1,2,2,19.4959806499705,21.4130181282257,20.050883068643,21.3752660493838,21.1350297319349,21.7655224444927,1.29063772385127,0.0814838762175667
"Q8IXQ4",1,1,3,1,1,NA,21.1735273967144,20.4625179988684,21.3409975242185,21.3392386512761,21.5819868860317,21.4451687130328,-0.283195481262434,1
"Q92530",3,2,2,3,2,2,23.8371002758667,23.1910607210342,23.8558104365415,23.4945494643738,23.7681893738,23.7300705946108,-0.348473102063132,0.879266297612162
"Q96PM9",2,2,1,1,2,2,23.4534257584377,23.324030254394,23.8019994787309,23.8610754493164,24.1188303660894,24.1667855417066,-0.00745478594700089,1
"P14904",NA,4,1,NA,NA,NA,21.3311353585851,20.5942178676057,22.6873233513695,21.2794144803847,22.1145292022282,20.9333956671642,-1.1086532990094,0.194680820524509
"Q5T200",1,1,1,2,1,2,21.4335601004097,21.2922625068626,21.8158916976495,21.5205644917741,21.7761145128709,21.7683038808996,-0.148145143797934,1
"P40043",2,2,3,1,2,1,24.5838935192445,23.3757076467408,24.9831943820729,23.2599648927446,24.8536426984612,23.8706025240606,-1.30481851207753,0.0510588479333944
"Q9NX20",2,NA,3,1,1,1,21.8322848945533,21.5064732084443,21.50772436373,20.9111652907418,22.1094248264745,21.4160747406498,-0.538573614973965,0.853928761663373
"Q9NX14",2,2,2,1,2,2,22.5037493245068,20.9337705181928,21.4369610735869,21.386852516349,21.8348608316991,21.7512449267071,-0.567901089514634,0.806560015753627
"P30656",3,3,2,3,2,2,23.1154888592755,22.2314517758497,23.5748653466419,22.2945504993887,23.5906030390825,22.590806542861,-1.05471614230017,0.0641347676904687
"Q9Y3D8",1,1,1,3,2,3,23.0151778370723,22.7816740760661,22.8767117787744,22.77178564281,23.0254278675002,23.2776829907998,-0.0287249245570003,1
"Q9BYD3",NA,NA,1,1,NA,2,20.1303537471176,21.6917113632562,20.7659614430293,20.4548100860464,21.1219947449197,20.6729162520475,0.267042588761167,1
"Q7L775",2,1,1,NA,NA,NA,20.5829528028582,20.6671636333722,20.5143531214451,20.7509401074939,21.0389422584227,21.0230942541591,0.101649937433068,0.961068041547493
"P35817",NA,2,2,NA,NA,NA,21.5628109432503,20.7262703468993,21.8375825094887,20.9339143732333,21.9681380140816,21.2456807939278,-0.820888650920067,0.152209076421561
"Q04767",2,2,2,1,1,NA,22.3164380196476,21.1147207717375,22.8618560943307,21.2968887681399,23.285924246094,21.584220032581,-1.48946292920463,0.0388078326069728
"Q8NI22",NA,1,1,1,1,2,21.0232421724036,21.1929444256836,22.6418613534795,21.0774489656495,22.3734730833745,22.7289782856359,-0.346401644096199,1
"P49354",2,NA,1,NA,2,1,21.4873398234843,20.9608771819273,21.8152431435698,21.9422816416131,21.6980707638001,20.6724251261501,-0.4750232603879,0.947625299564203
"Q9UBV8",2,2,2,1,2,1,22.4913431426243,22.2785939407833,22.7008704042418,22.2068949715035,22.8678330787477,22.7145572410327,-0.286666824098101,1
"Q9BV40",NA,2,1,3,2,1,23.4407157281609,23.2664151175715,23.9841486180847,23.7680140613729,24.0595647881073,23.0768604392377,-0.457713172056933,1
"Q9H5X1",2,NA,2,2,1,3,21.3558685794852,21.9625414472825,22.9328314566001,22.6481543551393,22.9168822751196,22.9392767285223,0.114796739913068,1
"P0C0T4,Q3E792",2,1,2,1,1,1,24.0949590954212,22.9958721059999,24.3915446370164,23.8844646584392,24.8263170816081,24.0914255396133,-0.780352836664432,0.574734208365332
"Q15843",2,2,2,3,2,2,23.1215071163721,23.6108458609154,25.1813241095889,23.8845519476765,25.2802424842829,24.2709012465791,-0.605591551690967,1
"Q16621",2,2,2,2,1,2,22.2418430981768,22.6703200879084,22.5022800645211,22.504838501436,22.3963385009286,22.6653471951364,0.233348040284767,0.731471535982814
"P11233",2,2,NA,2,1,2,22.7481851703437,22.4137836309905,22.8335021183943,22.508233397602,22.8684095312858,22.6977227989711,-0.276785664153399,0.882194373092957
"Q6NUK1",NA,NA,2,2,NA,1,22.0662830301186,22.7795650751304,23.001045275759,21.6139292669722,22.4568111013199,22.9728763066404,-0.0525895861515006,1
"Q9H0W8",2,1,1,3,1,1,20.9986976756868,21.1670887055125,21.6676742052655,21.8862278639831,20.8274596901884,21.0620123650164,0.207165787790434,0.951521328322339
"P76402",1,NA,1,2,2,2,21.103788194891,22.4878329207181,20.9994798307005,22.4407610901598,20.7514918543312,22.8610971317147,1.64497708755663,0.0196860056708749
"P0AGJ9",NA,NA,NA,2,1,2,21.6221748455357,21.6695710884949,22.0198468968025,21.9600046727368,21.4847586181251,21.689894561583,0.0642299874504685,0.999069349868874
"P33136",NA,NA,NA,2,2,2,19.848692466005,21.2053638702105,20.2379649798688,22.1215075906453,20.8102329063659,22.2497361436611,1.55990575075907,0.0375145015026743
"P25296",2,3,1,NA,1,NA,22.1682029245739,21.4803184837705,22.9206100006929,21.4951316227735,22.6026520902875,21.8332300290535,-0.960928293318934,0.111463178857437
"P20248",2,2,2,2,2,2,22.3207848517151,22.3261592615346,22.0644460929203,22.1077860086143,22.0526665497761,22.0517015007193,0.0159164254855675,1
"Q13405",2,2,2,2,2,2,21.7102228191714,21.7707975571144,22.229511077819,22.0823909289523,22.3530582290971,22.333110844247,-0.0354975985912678,1
"Q9BUR5",1,2,2,3,NA,1,22.001103534475,22.0573031425621,22.3837659824648,22.0085048774966,22.2403193959883,22.2681051922204,-0.0970919002163354,1
"Q9H6D7",NA,1,2,2,1,NA,21.7909692735678,20.7164900149129,20.3457490335746,20.7331007874586,22.1377593174479,21.2423497207095,-0.527512367169767,1
"Q9BRT3",3,1,2,2,1,2,21.9356697267126,21.9805501524806,22.603193474438,22.2622715184355,22.317718151988,22.4133020108113,-0.0668192238037335,1
"P35189",3,3,2,1,1,1,22.9710320595151,22.7075968402473,23.2640954924504,23.3676375048303,23.6915722966429,23.4566864167698,-0.131593028920334,1
"P36639",NA,1,2,3,3,2,21.551551971455,21.3980697498378,22.0299574698313,21.7664297294493,22.2139509915881,22.1476626768043,-0.161099425594334,1
"Q96I51",1,NA,2,NA,NA,1,19.6907709607207,20.4880395592981,20.740695474926,20.2193265973308,20.6692726343189,20.4756003527696,0.0274091464776329,0.999069349868874
"Q14696",2,1,2,2,3,2,21.4107896867462,20.5305406461577,21.5420782436182,21.5052632551605,21.8869598669341,21.9353569772046,-0.289555639591899,1
"Q9NPL8",NA,NA,NA,3,2,NA,22.7101213745913,21.6293617343829,22.9119651923216,22.4715902573057,23.0025604400502,22.2443317487276,-0.759787755515633,0.320139359659836
"Q9BVC5",2,1,NA,3,1,NA,21.5199802745968,21.9070622928698,22.2707864977166,21.7708778907984,22.1023483547514,22.0489451201938,-0.0554099410676005,1
"P15496",1,1,3,1,1,1,21.6145496737483,20.4295018762164,21.9555287712343,21.002264437343,22.1508415022718,21.486167611918,-0.934328673925666,0.229768522841467
"P38199",2,1,2,1,2,2,22.5423680672286,20.4533360721754,22.4457269437721,22.1220544819143,23.2179148156416,22.5548704366388,-1.02524961197127,0.879698054712123
"Q96RQ3",NA,NA,2,NA,NA,3,20.4959833230984,21.3333453730255,21.8616437234737,21.7325998196779,22.0977100352393,21.8566862508009,0.155764787230968,1
"P0AAC0",NA,NA,NA,2,1,2,22.8185155739002,21.9262285717644,20.1182960356721,21.7969962100489,20.1133185237731,22.3197435003247,0.997612716264201,0.789349417058655
"P21524",1,1,2,NA,1,NA,21.6536833859616,21.3079638443369,21.2960143750615,21.7126080214669,21.9296575366198,21.7616019545466,-0.0323938257641672,1
"O75600",2,NA,NA,NA,NA,1,20.3340842033702,19.0370012609306,20.113542034994,20.1720859303395,20.6891235515624,20.5296289278522,-0.466011223601433,0.900343703915133
"O94903",2,NA,2,2,2,1,22.2110918664274,21.9707948034849,22.593713100719,21.7845740443144,22.4269193881047,22.5256677592691,-0.316895916060899,1
"P0AES4",NA,NA,NA,2,2,3,20.0845393259541,21.5718820012008,20.6466724181732,22.4587659234876,19.0689222548556,22.809096791414,2.3465369057065,0.023398702679369
"P0A9Q1",1,NA,NA,1,3,1,21.6284585564382,22.512839664542,21.5089159394408,22.7410163536308,22.0368098172356,22.9720461874299,1.01723929749603,0.0703140230351181
"A8CG34,Q96HA1",2,NA,1,NA,NA,2,20.5481849306803,20.6354043864064,20.6076587896747,20.5377357352848,20.5795174764859,20.8355036160945,0.0910941803149328,1
"Q9BZG8",1,2,NA,3,1,NA,21.3158541076008,23.8881980029626,23.7545156659768,20.9147980652414,21.6737011452536,21.1830477229294,-0.2526757092326,1
"Q9BYD1",2,1,2,2,1,3,23.0214605601132,22.0678766201587,21.8414932300738,20.9197540654178,21.5494376925892,23.5650090798596,0.0467494275532978,1
"P0A972",1,1,NA,2,2,3,22.7245962853428,23.8877434583922,22.977361686649,24.4626590284001,22.9649950949979,24.6928072416066,1.45875222046973,0.0328480298319658
"Q5T280",NA,2,NA,2,NA,NA,20.4374071750105,21.1347167788577,21.7288065485239,20.3081805555579,21.9401205351473,21.6076000984336,-0.351945608610832,0.969687931162732
"Cont_P28800",2,2,2,2,2,3,21.6144789055802,21.9310116717361,22.0001623424881,21.8393465341452,22.4380339227429,22.2129344791529,-0.0231274952589994,1
"P46969",2,2,1,1,NA,1,21.5185230179062,21.126062425521,22.3782505299653,19.7292310330267,22.4810755971501,20.2862493538442,-1.7454354442099,0.0619900722501832
"O94927",1,NA,NA,3,1,1,20.4936804324384,21.8062766302124,20.284911194165,20.6322141387023,20.7584310342378,20.9804283834638,0.627298830512433,0.361334068608966
"Q9NPA8",2,2,2,2,2,1,23.1495185921756,22.914755737282,23.7349407980611,23.4261984558666,23.7418064112907,23.56631620485,-0.239665134509599,1
"P29353",NA,NA,2,2,NA,1,20.7824277868603,21.2994785877868,21.3173270404234,20.6121861618315,21.5865182192667,21.5507004089428,-0.0746359626631007,1
"O43181",1,1,1,2,2,1,22.5636673745565,22.4901394069086,22.4620999462801,22.25714466346,22.5324497446386,22.6059232295264,-0.0683365885267335,1
"P0ACJ8",NA,NA,NA,2,3,3,22.5667284663452,22.7376574864168,21.6838312931105,22.6596127092696,23.4032255771963,22.960467063934,0.234650640989467,1
"Q92572",2,NA,1,2,1,1,22.1799218427687,22.1906575248388,22.571009827151,22.1466780510433,22.738108756972,22.5440602584307,-0.202548197526299,1
"O43920",3,1,2,2,2,2,22.1574067684224,21.96079191317,22.4410127093156,22.2962513705722,22.4978128632054,22.5203889636919,-0.106266697836434,1
"P40580",2,3,2,NA,NA,NA,21.8401666896969,20.6490004331406,22.0928355175216,21.0758655935886,22.1528011645361,20.9765251426582,-1.12813740078907,0.0536279015274318
"P77695",NA,NA,NA,2,NA,2,22.0629593483995,22.171009078417,22.3582306479151,22.7445544561035,22.1761188081068,23.0257431459396,0.447999292012901,0.524471314767051
"Q6ZSJ8",2,2,3,1,2,NA,20.7423148807894,21.6080200268331,22.7004772892464,22.2751583160775,23.0148827099196,22.1732399202397,-0.133752205601701,1
"Q9NXU5",1,NA,NA,NA,2,2,21.6284390875684,21.5267953127415,21.6859897384637,21.4618046525102,22.0834770549399,21.8822014002798,-0.175701505146834,0.97144680248806
"P06785",3,1,NA,NA,NA,NA,21.6093293597754,20.5435379846364,21.8792309861412,20.6515898922995,22.1089635488966,21.1477825254152,-1.08487116415403,0.0690556871676902
"P49687",2,3,2,NA,NA,NA,20.7675164862408,21.1186255601793,21.4193335006773,20.822588428252,21.2922664393044,21.2659177354894,-0.0906615674339335,1
"P25371",2,1,3,NA,NA,NA,20.8455373319391,20.8738858224818,21.9960833729429,20.1480110174598,22.2853488767955,21.2169811459598,-0.962697198592032,0.619762760776377
"P25555",2,3,1,NA,NA,NA,21.7559973441983,20.6471966528326,22.7015619842698,21.0486057726033,22.7730520546799,22.1101673759992,-1.1415471939043,0.345534555789699
"Q9Y5Q9",1,2,1,2,2,3,20.7118692183691,21.1220268262058,21.3247264949302,21.3155080969388,21.4960439305534,21.4669681290337,0.123954469441866,1
"Q9NPD8",2,NA,1,2,2,1,22.2911452593909,22.4238886385452,22.7220517265347,22.475512039458,22.8194796119281,22.7315284834048,-0.0672491454818989,1
"Q9H000",1,2,3,1,2,1,21.394796689697,21.6926180555567,22.010572666295,22.0901009482181,22.2585451880381,22.096453940869,0.0717528002045675,1
"P53890",2,NA,3,NA,NA,NA,20.4505839023168,19.7167048710685,20.9519619577742,20.3271391081393,20.9956750393524,20.4736221456129,-0.626918258207566,0.54159003752268
"Q96GD4",1,NA,1,2,NA,3,21.4802320615555,22.3474813385931,21.6797362956705,21.8771912536847,21.6554289621344,22.2321294301677,0.547134901028365,0.235966735966736
"P26885",1,2,2,1,1,2,23.6315325635824,23.4814450740632,23.5699853679313,23.457449517844,24.0733412298942,23.7853237472874,-0.183546940737767,1
"P0AAB6",NA,NA,NA,2,2,1,19.579290964242,21.5224330690338,20.2661193975419,21.5989257425908,21.598942661554,21.3857139233866,1.02090657055777,0.327464041749756
"P47089",2,2,2,2,1,2,22.485636483356,21.1608913071131,23.0037879282505,21.9301119746243,23.2216307794228,22.1685607252562,-1.15049706134523,0.121997300322743
"P34909",2,1,2,NA,NA,NA,21.0739387093584,19.788261014731,21.3302018684264,20.1349941733582,20.4513572759225,19.5178136519624,-1.1381430045519,0.0674628503994879
"Q9NUJ1",2,1,1,2,1,2,20.0012679866519,20.6025183265751,20.4562563917047,20.7500831574355,20.956421181207,21.0340036451434,0.324219856530135,0.62608997026834
"Q9P032",NA,2,2,2,3,3,22.4242654916093,22.2769249166118,22.3707620256037,22.1140692362484,22.4930095790817,22.5598296076815,-0.112404445251,1
"P0AC53",1,1,1,1,3,1,22.1960889369279,21.9348832277154,22.9601130575898,23.270661475213,23.2986762352065,23.3579707425718,0.0362124052586665,1
"P42941",2,1,3,2,NA,NA,21.4281385481739,22.3570924609084,23.1949912483204,21.5362448438312,23.1839032319337,21.54455309664,-0.789714209016134,1
"Q9NV88",2,1,1,2,2,3,21.4796184505938,21.6450903045916,22.0803043913127,21.7238710949539,22.1274339329454,21.9966953550515,-0.107233340084967,1
"Q05788",2,2,3,NA,2,2,20.9136909265893,20.5831268517903,23.0351192495456,23.1229336570789,23.4328687249811,23.3375327553406,-0.112695212302066,1
"Q16877",2,2,1,NA,2,1,20.7527348653912,20.9355302621163,21.3243573328786,22.1302407700896,23.1439165845813,22.4327600465007,0.0925074319518326,1
"Q02486",NA,1,3,1,NA,1,23.3001271327897,22.1015665051722,23.7116915468762,22.6883242735356,23.9424879274828,23.0100870372725,-1.05144293038947,0.12857025733106
"Q15349",2,1,NA,2,2,2,22.520927709529,22.5851969513507,22.4732413730134,22.0459156029824,21.706547870053,22.030553821866,-0.0130168587987676,1
"P27250",NA,NA,NA,2,1,3,19.8404463142792,21.186499816517,20.7615015230542,21.6596872855595,21.0504897140361,22.1115368782677,1.10176214299157,0.116410395105182
"O43913",3,3,3,NA,2,1,21.1290191419453,21.9408149536665,21.8402072289379,21.4355502212414,21.9655625448372,21.7972271211731,0.0796011267868669,1
"Q9Y2K7",NA,1,2,NA,1,2,20.6065906869872,20.9183872244837,21.1072285714086,21.0977309287392,21.2851792415594,21.0409916497312,0.0193704343329652,1
"Q8IVM0",1,1,1,2,2,1,21.2628865505053,21.2097255373604,21.6474437139289,21.2407747398626,21.7269810326412,21.7175819855684,-0.156409678094666,1
"Q9BV57",2,NA,1,3,NA,NA,22.4933278769905,22.1889301603859,22.7608297711089,21.9061050402008,22.7754921323761,22.8589182688502,-0.358565437012866,1
"P11166",1,1,2,NA,1,1,22.4896136584668,22.6910889731892,22.7707310289712,22.7001162486618,23.0178040887009,23.0155498087072,0.0428687514730998,1
"P36017",3,3,1,NA,1,2,23.1109401204834,23.1621649494127,23.5173279389407,22.8519742124168,23.3950472987622,22.8831017212159,-0.3753581583803,1
"P47154",2,3,2,2,NA,NA,22.3219461185566,21.0060419796946,22.8376737403522,21.516659945046,22.8580585157073,21.9362670714718,-1.1862364594679,0.0800429642114505
"P63098",NA,1,1,1,1,3,20.4875177013715,21.9316226693738,21.8846156645534,21.3244207893292,22.0755818087988,21.7830756673584,0.1971346504459,1
"P32264",2,NA,NA,NA,1,NA,21.3262437639087,20.4420823027264,20.9072110439544,20.3856740319994,21.9162773950425,21.0025176916712,-0.773152725502866,0.500715223480345
"P36543",2,2,3,2,2,2,22.4942042079355,22.9253056910193,23.11430551343,22.55411875749,22.8673181471361,23.056393785952,0.019996788653233,1
"Q32P44",1,1,NA,2,NA,1,20.6802509127483,20.7539498834366,21.2242257703184,20.6597675188105,20.9110060664545,20.9401680411924,-0.1538657686939,1
"Q9Y3D7",2,2,1,1,2,2,22.2997818000037,22.3671996967572,22.8071213998571,22.3793770449217,22.4446326335077,22.421603494136,-0.127785199184533,1
"Q8WV22",NA,NA,NA,2,NA,2,21.2996306210484,20.9717549970309,21.8459646091099,22.0562507167816,22.1283178616762,21.4019108494333,-0.281332176196234,1
"P32178",2,3,3,NA,NA,NA,21.3936833337323,20.5214680562591,21.7222169720969,21.2783110589987,21.9438569895271,21.0458221400089,-0.738052013363199,0.285165713473492
"Q9BRG1",NA,2,2,1,NA,2,20.5558792373868,21.0999033256088,20.6602133471463,20.8218420892934,21.6480233178846,21.3318100055419,0.129813172675467,0.997637633288937
"P17028",1,NA,NA,2,NA,2,21.0424726384141,20.8276565088151,21.4709841262768,21.1036279812572,21.6414796069768,21.6090637319966,-0.204862716532934,1
"Q9UJW0",3,NA,NA,2,2,2,21.2660365907909,20.9094774623362,20.4081506388897,20.7640839403471,21.3643855702283,21.2146040117531,-0.0501357951575017,0.999069349868874
"Q9UID3",2,NA,2,2,3,3,20.8142458517215,20.6401593061486,21.1908996670115,20.8762024468556,21.5810285998006,21.5232822103714,-0.182176718386,1
"Q9Y2Q9",1,3,2,2,2,2,21.9796735949205,22.0375606941815,22.3324496446436,21.9577808098481,22.2675245282498,22.1809272854258,-0.134459659452833,1
"P0A991",NA,NA,NA,1,2,1,19.1749834260019,20.4969646799166,19.3458846417247,20.6629288778098,20.2913444097332,20.8519011286019,1.06652740295617,0.0575804546481978
"Q96FZ2",2,1,2,2,NA,1,20.7404307322866,21.8324962227415,21.3094237557358,21.9732739740632,21.8149231075629,21.6795348644535,0.540175821890967,0.550304405675118
"Q9NTX5",1,1,2,2,1,NA,21.1447858082099,21.2981687335251,21.1732807957199,20.0251111680265,21.4562008588673,21.5012968504026,-0.316563570280968,1
"Q9NPE3",NA,1,2,1,2,2,22.2761231270542,22.2754551732111,22.7118044317128,22.2760329386724,22.459917591019,22.3962148821056,-0.166714051932299,1
"P56556",1,1,2,2,2,2,23.0674474910032,22.977947520319,23.2505929170313,23.0849625976406,23.3108412908581,22.6943663898028,-0.290535063710068,1
"P21306",3,NA,2,2,1,3,22.4537370874192,21.3206869471116,22.4928766185096,21.9964095255953,23.5230425048569,22.8352626537026,-0.772432361458733,1
"P85037",NA,1,1,NA,1,NA,19.8224768816873,19.6607918739237,20.2962401659875,20.1966783614063,20.2248510529223,20.1729221806577,-0.1043918948698,1
"P19073",1,3,3,NA,NA,2,22.9542982092827,23.309934805983,24.4318816545306,23.7165347059878,24.2346762437223,21.8950142090389,-0.899790795508633,1
"Q96BJ3",NA,2,1,2,1,1,21.3351845145814,21.3494989707662,21.664684899861,21.5373410562213,20.3918011806803,20.5927984955885,0.029322642484433,1
"P32608",1,2,3,NA,1,1,21.4276609299958,22.1131251714801,22.5651071931039,20.8265270590936,21.9186282528826,21.241153840824,-0.576863434861532,0.836470383746306
"P53295",2,2,3,1,NA,1,21.5140325644786,21.0874668878953,21.8924959396226,20.3687864522735,21.6003561134417,21.4779707933653,-0.690886828002932,0.525510511460878
"O75348",1,1,2,1,2,2,23.0732789509734,23.0218761446324,23.2539198888525,23.2411900721303,23.6161072667278,23.5334183788637,-0.048940503642432,1
"P61764",NA,2,NA,NA,1,2,20.6719832720919,20.941756531124,21.9468630937932,20.9599819515517,21.8397498956151,21.1626490167919,-0.464736254010867,0.871368357669728
"Q6QNY1",NA,NA,NA,NA,NA,2,21.0212663650376,20.1533927660767,21.7104253716181,20.3652205711121,19.6993830932363,21.7098549566217,-0.0675355120271668,1
"P22517",2,2,3,NA,1,NA,22.5772587010509,22.2346568037958,23.099623909418,22.3975707124178,23.1020671684516,22.6531480476622,-0.497858071681568,0.923890923890924
"Q04080",3,1,1,NA,1,1,21.1641073057888,20.3741047365242,21.5557991017696,20.7684559371265,21.7661487353886,21.3804902623643,-0.654334735644001,0.61357820447111
"Q03426",2,1,1,2,2,1,20.9781670156752,21.5993655711633,20.7918847360469,20.8261808976299,21.740406025985,20.5682409792557,-0.172223443219399,1
"Cont_P19001",1,NA,1,2,1,2,23.5526122299063,23.3942984814431,24.1119468867462,23.7799923102016,24.1320500097139,24.2410105072589,-0.127102609154266,1
"P0A6L2",NA,NA,NA,2,1,2,21.8670778205217,22.1068328710154,20.2963222375546,21.6842348562704,19.8727940629972,22.0904125836801,1.28176206329747,0.327350059832177
"Q9P253",NA,1,2,NA,1,3,20.6395314913256,20.5897393703591,21.2231731586927,20.0226813906339,21.3097511096025,21.2452071174384,-0.438275960396466,0.87675535167174
"P07311",2,3,2,2,3,2,22.6657066336471,22.9813002176314,23.1428269036001,22.7935219490178,23.0126293124163,23.2244230403263,0.0593607857706668,1
"Q05785",NA,2,2,NA,NA,2,21.89458539748,22.6341407895176,22.467976129955,21.7888438642587,22.7162647591952,22.501181419995,-0.0515534042863024,1
"Q96QU8",3,2,2,3,3,2,20.7045523325307,20.7763570279324,21.10957052956,20.8611041381842,21.2769751644788,21.3038629491884,-0.0499246370881667,1
"Q5TC12",2,NA,NA,2,1,NA,21.3749524345117,21.5244222707674,21.8523146179606,22.3292475143093,21.3746208435945,21.4631487805344,0.238310223181433,0.895063573332683
"P09497",3,2,2,2,2,1,25.1177811614025,24.0233682463491,23.3600597972775,23.0886375102386,23.1439916080562,23.2254660618747,-0.428120249424601,1
"P15424",1,3,1,NA,NA,NA,20.9941146323366,20.7675118389731,20.9901240510207,20.6685270942674,21.4984872040782,20.7254392799015,-0.440415891431166,0.256466109195277
"Q96AD5",NA,NA,2,2,NA,1,24.7886857783115,24.3523048052188,25.1746476270065,25.074031512192,25.5369455579436,25.4461997553618,-0.209247630163,1
"P61916",1,1,1,2,2,2,21.0941985247793,21.6104426377931,21.5583710792254,22.2504551446099,21.563160304774,22.3950334353064,0.680067102976899,0.271217309183324
"Q12078",2,NA,1,1,NA,NA,22.7525577668433,22.8796455037983,23.357654284528,23.2651709113789,23.5997812073985,23.4743843946148,-0.030264149659267,1
"Q9H4A5",1,1,1,2,1,NA,23.9210882780269,21.6799643213798,21.4318880290046,23.9283450557505,24.1585264841296,24.1717334307626,0.0895133389106005,1
"P30414",NA,NA,1,NA,2,2,19.9499308702374,19.4073536225618,21.0370612704493,21.3397782524864,21.1455204896542,21.8451019819676,0.153240408891634,0.999069349868874
"P49137",NA,NA,NA,2,NA,1,21.6272266050718,21.6407524328397,22.2209281060992,22.2740428151786,23.1323487925166,22.708716080342,-0.118997391775766,1
"P62070",NA,2,1,2,1,1,22.97169913299,22.1410943018407,23.5530913719701,22.6163960572562,23.4429075648649,22.7570861846789,-0.817707175349734,0.227980499299132
"Q08954",3,1,2,NA,NA,NA,21.2309253379313,20.1522480103463,21.8749710323209,20.661263485819,21.6510818092193,20.884332084213,-1.01971153303107,0.113052770852608
"P21304",3,NA,NA,NA,NA,NA,20.7481192254417,19.9890964763415,20.5473259596031,20.8385717907765,19.6429403372482,18.9832423072173,-0.375824982652567,0.94345719731414
"P83881,Q969Q0",NA,NA,NA,1,3,3,25.3409791938716,25.1079960293109,25.7543127873001,25.4639634595167,25.7464968945257,25.7040976195135,-0.188577255785432,1
"Q5VWZ2",2,1,2,1,2,2,24.3880012513392,26.7330507088549,28.6458817958887,22.3188308735651,24.9041045399769,22.9155140770478,-1.99019730924567,1
"Q8TCD5",1,1,1,2,2,NA,21.6741032402742,21.7696098707903,21.9207431893798,21.6045830894649,21.6975231212913,22.3748822762305,0.152235228513468,1
"Q96MX6",1,1,2,1,NA,2,20.8831506798794,20.4983250403686,21.0556748232685,20.7037882736479,21.3813360662334,21.3355735413258,-0.260824904679667,0.964364973685879
"O60234",2,NA,2,1,2,1,22.7242793326657,22.8684987393003,23.2603539180548,23.0481577314879,23.2451410950433,23.1046729706824,-0.0694816347643995,1
"Q9NQX3",2,NA,NA,1,2,NA,21.089487173649,20.8425628878217,22.1232684400741,21.1013335830458,21.6428286610012,21.3151154180313,-0.532190795275167,0.79031697967313
"Q06705",NA,1,3,NA,NA,NA,21.3825731054137,19.7569150134602,21.9009302689027,20.9194922212079,21.8841893413493,21.1466943634105,-1.11486370586237,0.190966753933005
"P0AGE0",NA,NA,NA,2,2,2,19.8934059710047,22.0879734381915,21.1014385870077,22.0897630651423,21.2025634344345,22.3001881721001,1.426838894329,0.0459266072079873
"O15234",1,NA,NA,NA,3,1,20.4986571398772,20.5189438823346,20.2257869983145,20.5674917100718,20.8294026047049,20.8584673038134,0.130352051107733,1
"P50086",2,2,2,NA,NA,NA,22.995312573424,22.7842427373503,22.8942813783457,20.1100021324244,23.1207064791411,22.7277828618815,-1.12942423308487,0.750120801184631
"Cont_Q3SZV7",1,1,2,NA,2,2,21.696172689456,21.1676570234158,21.8172112599889,21.6357256473359,22.0011138455071,22.0065085983449,-0.234868841951799,0.983897015147015
"P0A7J7",2,NA,NA,2,3,3,22.9481522470018,24.4070929402535,23.6795799634381,24.8761694617106,23.5784956983669,25.1022986905012,1.3931110612195,0.0405895467409808
"P0AGD3",1,NA,NA,2,3,2,19.8329035313343,22.5495702416214,21.4736358982996,22.6555339986058,21.7871651583884,23.1031411491626,1.7381802671225,0.0465866939623655
"Q8IY22",2,1,2,1,1,1,21.3857623644542,21.5529948998326,21.9647248568724,20.4859241152806,22.2750312556316,21.0910395278991,-0.831853311315301,0.515166502005744
"Q6EEV4",1,1,1,2,1,1,22.7235584614852,22.7077173118413,22.8763449478069,22.3599140009182,22.6397092233146,22.8352723893634,-0.112236310161267,1
"Q01433",2,NA,1,1,1,2,22.5038351984319,22.0356773995382,22.9137181315706,22.0768094005663,22.4962870664564,22.2314116367788,-0.523313986525199,0.54249209617001
"O95749",2,2,2,1,2,1,24.8486351649491,24.3500904743802,25.3689458708804,24.7408125967202,25.1379934660245,25.1052115701847,-0.386486620189634,1
"Q9Y6G5",1,NA,2,1,1,2,22.0423988254782,21.0756498634886,21.1129440451637,21.3695406384674,21.3114884909097,21.8279363362384,-0.0645681744524017,1
"P37903",NA,1,1,1,2,1,21.2244461515396,21.023804427963,21.0149407529581,21.736498757729,19.9461618445012,21.6975199397982,0.757424792163767,0.509831976841942
"P30665",1,1,2,NA,1,1,20.8918744471875,22.4596384832999,22.9201351093027,22.8969747029149,23.3238634584044,23.1451926975037,0.455310956274634,1
"P0ADN2",NA,NA,1,NA,2,2,19.0191149147414,21.7393156450311,19.4481557575966,22.2750269916641,20.5361196042449,22.5007170534455,2.50388980451927,0.00998431026514173
"Q14155",1,1,2,1,NA,3,18.7210541171374,21.611792879338,19.2094749270722,20.1755015759792,20.3681379417453,20.3711911750121,1.28660621479147,0.187503691521005
"Q8WUB8",2,2,1,2,2,NA,21.3247509375947,21.488861381376,21.8349235032453,21.3897135173201,21.2883529967751,21.2532538382018,-0.105399566905733,1
"P47095",1,1,2,NA,NA,NA,22.2420545518292,20.0411379048611,21.3546311502564,20.3473499467593,21.677212724972,21.7534453886709,-1.04398839558877,0.584242950907324
"Q07418",2,1,2,1,1,NA,21.8175155655185,20.6916143630455,21.7690503776805,21.2777271120162,21.9822321146675,21.6697428879157,-0.643237898296367,0.502366302736179
"P35221",1,NA,NA,3,1,1,22.9143865921359,22.724259032831,20.9330943139423,22.9250884194903,21.0792925471871,22.7586164604266,1.16039681982753,0.514837859666474
"Q92820",1,1,2,1,2,1,20.9750112455237,21.2743468697004,21.580162744706,21.564263363906,21.833206475807,22.0849441127884,0.178391293452699,1
"P46984",1,NA,2,1,NA,1,21.1526040648199,19.991770676335,21.8859268247744,20.8494891885092,22.405265877834,21.3403450920721,-1.08739727017067,0.307164641071571
"O95376",2,2,1,2,1,1,20.1130027204946,23.0645268450099,22.9296487786612,19.7186592267552,20.3387702388593,20.0139588133834,-0.194758950955533,1
"Cont_P01017",2,NA,1,2,1,2,20.9079076405358,21.1105502158166,20.3187979194356,20.8731226473626,21.1533769931836,21.6390657517416,0.414218687255267,0.830410907877824
"Q9NXR1",1,NA,1,NA,2,2,20.0303509113247,19.9419151765346,20.6702476846757,20.2269749536687,21.1971170838829,21.2565222832981,-0.1574344221273,1
"Q9H2H8",NA,1,NA,NA,NA,3,21.220246792597,21.5992104997792,21.8667764364203,21.5837714306261,22.0355609543175,22.119847470571,0.0600817392138341,1
"P62768",NA,NA,NA,NA,2,2,22.3473199358346,21.9259380284955,22.3349695098089,22.4473146992441,19.3769503192797,22.1987017648491,0.8375715758885,0.766206924213952
"Q9UJC5",1,1,2,1,1,2,21.6723174272527,22.3365775197296,22.0639639533047,22.1751843402621,22.2657316379073,22.3654674261797,0.291738755902233,0.632169054285298
"P00431",3,NA,1,NA,NA,NA,21.4192812867249,21.0659764886483,21.9620991423674,21.3255334332563,21.9171635367748,21.7583751170588,-0.3828863089679,0.866470287337061
"P61009",1,2,2,1,1,3,22.0733655849613,21.9396863649843,22.2672050276933,22.0049159940775,22.3035101483744,22.3275948550997,-0.123961182289167,1
"P50748",1,3,1,2,1,1,22.7699817707595,21.0623851389199,23.2502848264121,23.0844340644581,21.626454777982,23.2297193599029,-0.0900609372908991,1
"P0A7T7",1,1,1,1,2,2,21.9699196723097,23.6109206362794,22.8688662520538,24.897072782383,22.5049547303606,24.9374898453189,2.03391420308573,0.0255294239666972
"Q96A35",1,1,2,1,1,3,21.6240848171596,21.5088227527092,22.111996538248,22.0716656278939,22.3162312531247,22.2915218931859,-0.0601007782477652,1
"P48439",3,2,1,NA,1,1,22.6879634877752,20.6394151257285,21.3077758674843,20.0697819604405,21.988690753549,21.3529677420504,-1.30742176019637,0.202580766087893
"Q9UL40",NA,1,2,2,NA,1,20.9345014705165,21.4473560703484,22.2373544018523,21.6162971075715,22.3068415940644,21.7934702531019,-0.207191345137134,1
"P16451",2,2,1,NA,NA,1,21.725933589526,20.1733285331542,22.4110690931249,21.1901815601125,22.4396252171984,21.3499350308037,-1.2877275919263,0.113175689599187
"Q96S82",NA,NA,3,1,2,1,21.7519979516498,21.7512812999401,22.0978312133268,20.3418585219477,20.9325404380226,20.8954724784131,-0.597919100899432,1
"O94966",2,2,1,NA,NA,NA,20.3312385661118,20.6893350647338,20.7892369134855,20.3595132476758,20.8062007025697,20.7711426478236,-0.0355617406446006,1
"P51946",2,1,3,1,2,2,21.6176469273879,21.2447511385329,21.6437956506114,21.3632567764202,21.7258548732426,21.8212031162041,-0.186028806694898,0.98382322411191
"Cont_P17690",2,2,2,2,1,2,20.6247184962004,20.2638490066819,20.7279909633907,19.737308517082,20.4268990421287,20.3443507665655,-0.478033403796799,0.741415822911509
"Q5C9Z4",2,1,2,1,2,2,21.3617806350469,21.1855826363886,21.8111714223033,21.08347121163,21.4468605481631,21.759369306142,-0.197129817117569,0.9934915937796
"O43493",2,1,2,NA,3,2,20.4624301292517,20.0001367266076,20.5151923494672,20.7221378484195,20.8006831021996,20.8314772584529,-0.0748512491461663,1
"P40616",1,1,3,NA,2,2,24.2486956187972,24.3418792782372,24.0555161267716,24.0249527922153,24.2942085976852,24.2649705479601,0.0111274250528671,1
"Q7Z2W9",NA,NA,2,NA,1,1,19.8174082246298,19.8587964131234,20.1568049321941,20.0583111969463,20.3499382693824,20.4507531525446,0.0145697788026666,1
"Q9H3Z4",2,1,NA,NA,NA,2,20.2708559183053,20.3611825197766,20.6304875515338,20.6902171331268,21.0765704894877,20.810761852632,-0.0385841512637993,1
"O43237",1,1,2,1,2,1,26.2164562091807,26.2704614451857,26.2255313727841,26.1615315747739,26.4316810991976,26.4633144475706,0.00721292878926623,1
"P32505",2,2,1,2,1,2,21.1685373132969,19.4776414411017,21.1235411044734,20.1311239298152,20.4923572509671,20.4727488391956,-0.900973819541633,0.303459976325025
"P48837",3,3,2,NA,1,1,21.2830434060521,21.1634933639573,21.908222548005,20.5607260546002,21.8901000342082,22.0276583413834,-0.4431627427748,0.898430355456276
"Q9UBF1",1,NA,1,1,1,3,22.1241156308427,22.1254230879305,22.0019673434022,21.8370915152424,23.9548682842585,22.1927146647443,-0.641907330195399,1
"P60983",1,1,1,2,2,NA,24.636894844797,23.9198674255823,23.2885138106942,23.7725328575722,24.7021511206859,24.2057100382669,-0.2431498182519,1
"Q92609",1,1,3,NA,1,2,20.7899900664117,20.9979731372031,21.1223038334491,20.9653485221381,21.4606653635389,21.3809926007555,-0.00954833443433263,1
"P77348",NA,NA,NA,2,2,2,21.5688840101223,21.0120829792413,21.9542632378248,21.2032642025464,20.0282929148707,21.5359910326029,0.0666326838575995,1
"P06865",1,1,2,1,3,1,21.1539712955884,22.1028410596537,21.6992322652127,22.9138660154481,22.4773299067184,21.1208575320188,0.269010379867034,1
"P20424",1,2,2,1,1,NA,22.2374884711011,20.6948149319419,22.6172859628083,20.6339818754626,22.4332516462663,21.8585843501357,-1.3668816408785,0.0803096108600223
"O94763",NA,1,NA,1,NA,2,19.9169519617114,20.2889781271656,20.2574512870239,20.0938999467886,20.4005471019626,20.1398872966371,-0.0173949933688687,1
"P49427",1,NA,1,2,1,2,24.7544165750317,22.0851701306008,25.298467466518,23.99923086058,25.1591651836238,24.2398643452705,-1.62926129624073,0.14039461345251
"P62875",3,2,NA,1,1,1,22.1098510542341,22.3474436254948,23.293892287497,22.7255005448015,23.0301336559576,23.1101098536236,-0.0836076579229316,1
"Q06706",1,3,3,NA,NA,NA,21.7953209238667,21.4982488219982,21.8980311535884,21.6654341625298,21.9167500048934,21.482554906833,-0.321288063662501,0.766337111164697
"Q15599",NA,NA,NA,NA,1,3,21.1674797065307,21.465743376022,21.8043394229404,21.4089259820007,22.3226810447936,21.8755569201137,-0.181424632042768,1
"Q9BU76",2,1,3,2,3,NA,21.4100853684642,21.6160529577778,21.8114558371791,21.7643614893765,21.8448223046506,21.9322197090033,0.082090215287901,1
"P32915",2,1,1,NA,NA,2,22.8101010808922,20.7356326633973,23.3062274961713,22.1900980466252,23.3667434831286,22.2269280829463,-1.44347108907443,0.118608470182285
"P62380",2,1,2,2,2,1,20.4099110098625,20.5816028664468,20.8662897096228,20.1694164546694,20.5903042407834,20.7068416628101,-0.136214658780801,1
"P0AET2",NA,NA,1,2,1,2,19.9245867314632,21.6027883330381,20.3501182689491,21.5551390912172,20.7197267960121,22.1334672661761,1.432320964669,0.0392058261651951
"P14164",2,2,2,NA,NA,1,21.4418101002232,20.4493457745912,21.8549783053312,21.0524527951524,21.7966008138907,21.2539204657612,-0.779223394646766,0.285165713473492
"Q6P1Q9",2,1,NA,1,1,2,20.8930435461164,21.1797454196685,21.4819996661901,21.4366366996995,21.5262132555313,21.468638832622,0.0612548280507331,0.999069349868874
"Q9HBI1",NA,NA,1,NA,NA,2,22.2139306772537,22.1056847577108,22.4834975877252,22.0915017288004,22.5580328215465,22.6409314482885,-0.139114383908566,1
"Q9NVN8",1,2,2,1,NA,2,20.5998064005029,20.6142719730212,21.3358204793461,21.0360580460663,21.2894240006179,21.3693481347638,-0.0684575755385322,1
"Q9BY42",2,1,2,1,2,NA,20.8592232897696,21.0556124389282,21.1306781729853,20.7567012753424,21.2607379578958,21.1461018731496,-0.0974079444101648,1
"Q9H7B2",1,NA,NA,3,2,1,21.9340953996106,21.717187749449,21.8541810853637,21.1234129096806,21.8859724267131,21.9672022436041,-0.288815336317901,1
"O43808",2,1,3,2,1,3,20.6136747174046,20.5228566248889,20.3856818039559,20.5141065084308,21.2874700315128,21.2639432484619,0.00469327630276576,1
"P82912",1,NA,1,NA,1,2,22.5840447387538,20.3057301523376,22.4993731823217,20.7683907144395,22.8047591882028,22.2454013943881,-1.52288494937103,0.142051485880948
"Q86TI2",NA,NA,1,NA,NA,3,19.9512511006462,21.0491933038289,21.3369807400632,21.2229873586217,21.1359268636754,21.1221677857677,0.323396581277834,1
"P39960",1,NA,3,NA,NA,NA,20.9954889906352,20.2287075958827,20.5170751039356,20.0245526341395,21.1983913830384,19.5498034654488,-0.969297260712732,0.0701472872880351
"Q5TAQ9",1,2,NA,2,1,NA,26.2866282603796,26.3489246442173,26.1833974691847,26.0986248870328,26.4515110970054,26.4556686129985,-0.00610622744036841,1
"P00946",NA,NA,NA,NA,1,3,23.2672787648714,22.6245288679249,23.8551510638403,23.6594898949483,24.3654607513684,24.5520053070634,-0.217288836714499,1
"P63313",2,2,2,2,2,1,25.060679441871,25.5461318988464,25.2677948196199,25.3089994312328,25.5480547197496,25.4411124072845,0.139904918707733,1
"P43561",3,2,NA,NA,NA,NA,22.3133372813731,21.1144793200891,21.5773191007327,19.7907145845714,21.5965387489423,21.1483951191972,-1.14453536906347,0.252613698829375
"Q14657",1,1,1,3,1,1,23.348836328318,23.8398201383699,23.9651083032949,23.5754885825157,23.8277679424434,23.7293788569238,0.000991667917700075,1
"Q04432",1,1,2,NA,NA,1,21.48712339626,20.9719265954793,21.7492912772787,20.8273442550114,22.101015959659,21.3996741670181,-0.712828538562967,0.360842696550493
"Q8WYQ5",1,1,NA,NA,2,3,21.6286208609619,20.8695354837786,22.3916729827191,22.4599022114886,22.8536320390747,22.746499559786,-0.265996209234167,1
"Q9UER7",1,1,1,NA,2,NA,21.642692622649,22.0294641689843,21.5407853749017,21.5384774065929,21.4556327467338,21.4397785190809,0.122869783457867,1
"Q9UKI8",1,NA,1,3,1,NA,19.9132815191414,20.7259967050286,20.5765209016055,20.2289523871908,20.5753043709852,20.6088557956544,0.166232698713899,0.961443962632023
"P06746",1,NA,NA,1,NA,3,21.0461821307922,21.2368962257296,21.4812503065966,20.2059942486005,20.3418080412316,21.5119706038746,0.028540199861433,1
"O60508",NA,NA,NA,2,1,NA,19.365054068951,20.5234827521334,20.896017936181,20.6128874981782,22.0093565783895,21.0978342667545,-0.0120746888184667,1
"Q9UMY1",3,NA,2,1,1,2,22.8896845184838,23.0720511314564,21.7950503582817,23.162414533322,23.5428075337566,23.5498907531346,0.518938002463634,0.911288692795482
"Q9Y223",NA,NA,NA,NA,2,2,19.2725352489804,20.1798107078399,20.0152474469638,19.8402579417323,20.0984559064658,20.1641111430631,0.265980396741765,0.592012062793992
"Q9NXF7",1,2,1,1,1,3,21.939354306526,22.2464786560369,22.7684787542743,22.0660481193894,22.1994093535443,22.6891760317021,0.0314867975945994,1
"P38836",NA,2,3,NA,NA,2,20.8043859054265,20.7802274568848,21.7849724505048,20.9331119681681,22.0189594437563,21.1145658978601,-0.593470825591535,0.846138965976475
"Q8IY37",1,2,1,NA,1,2,21.3499348958628,21.3012170709391,21.9745661836927,21.3704321307948,21.8051797171834,21.8613118550792,-0.198906579975266,1
"Q9BZL1",2,NA,3,1,1,1,23.9733850455318,23.5368662556088,24.2246999089194,23.9498974024175,24.0352949742912,22.9446085892196,-0.600669227165501,0.871852546020182
"Q8TBX8",NA,1,1,NA,2,2,19.8137759000732,21.0118806948211,21.1191893794543,21.0592190160285,21.197672497592,21.223975758078,0.388145897269368,0.972995956322309
"Q9NXX6",2,1,NA,2,1,NA,21.1586565269216,21.7026076099663,22.3508195672633,22.0980931417862,21.7901342846637,21.7313863657198,0.0774922462078997,1
"Q96AB3",NA,1,2,2,2,2,19.9830778823953,21.048081713677,21.1109761112715,20.8290953753277,21.4583486596642,21.4254145419684,0.250062992547367,1
"Q9NRL3",NA,2,1,2,1,1,20.9192157785302,21.161090661834,21.7835018642313,21.139916016864,21.7660484176671,21.7149105997865,-0.150949593981368,1
"Q08179",1,1,2,NA,NA,1,21.0103290184389,19.5458743928394,21.3465310465103,20.4399229300228,21.731353423908,20.5950254571956,-1.16913023626647,0.0934629659932665
"Q8WXE9",2,2,NA,2,1,3,20.6634989334395,20.9599335940204,21.0113965297486,20.926956208203,21.2059405720287,21.3148441708243,0.106965979276967,1
"Q14202",1,1,2,1,1,1,21.0170892547439,21.1419485493843,21.6355423314619,21.1839018693382,21.6627635436095,21.8429662140792,-0.0488594990045333,1
"P50479",1,NA,2,1,NA,2,21.3626638259927,21.5513525947846,21.6442233328936,21.5084358002219,21.901393752929,21.9352538215412,0.0289204349107995,1
"P39265",1,NA,1,2,1,2,20.5416545003371,21.8327108997104,20.7779706170222,21.84359753942,20.6396370292342,22.0495933331794,1.25554654190543,0.0363823479681813
"P53043",3,NA,1,NA,NA,1,24.6101591878373,23.6909481420215,25.1761923277955,24.2694200712289,25.0897551463212,24.5001857835774,-0.805184221708733,0.311086833336213
"O95229",1,1,2,2,1,1,21.4606101251339,21.4911044336137,21.656223861016,21.7136524913437,21.9455699300819,22.1087145922553,0.0836892003269677,1
"Q9H0Z9",1,1,1,2,1,1,20.9751444048586,21.8466005535931,22.1762349461895,21.7683861709536,22.4709135226221,22.3944108811592,0.129034910678566,1
"P82914",1,2,NA,2,2,2,21.6663202370632,21.6452021446091,22.1406366449417,21.8860917294567,21.9806413173666,22.1408679872796,-0.0384787793420334,1
"P32588",NA,3,NA,1,1,NA,23.7897047701901,22.9025149653649,24.2930803644397,23.0415535484666,24.3189122215407,23.3185000571721,-1.0463762617223,0.0690556871676902
"Q9P265",NA,1,NA,NA,1,3,20.4143438124943,19.4806334310541,20.3048136326971,19.743958554584,21.0117841477383,21.216283901855,-0.430021901812201,0.50522739765875
"P25644",1,1,3,NA,NA,1,20.7665805720677,20.4719152996352,20.6675875893501,19.9920462755321,21.5151993289499,20.9713788358724,-0.504675693109333,0.837875713137037
"P47031",3,NA,1,NA,1,NA,22.9232808725856,21.7985616827504,22.2561996165898,20.1511940322203,22.379670400206,21.651430585084,-1.31932152977557,0.217047056391851
"P25374",2,1,2,NA,NA,1,23.5787374203432,20.1077687715156,23.8790190069823,20.4005624864126,23.8440345890563,22.8511672266726,-2.647430843927,0.0341587896111073
"P43121",2,1,1,2,1,NA,21.613338610273,21.5863995597222,21.2522730285834,21.0725991022525,21.357817487845,22.3227832143249,0.252784249866066,1
"P68679",NA,NA,NA,1,2,2,22.6588865593214,22.9233905101048,22.9745315250631,23.4573169969899,23.4866971949146,24.0746246230936,0.445072283629733,0.785147456762453
"Q9Y6M9",2,NA,NA,2,NA,NA,21.7103970979714,21.2323114213948,22.117707774085,21.6239526912536,20.7195939549344,20.49530963579,-0.398708359517466,0.969687931162732
"Q8IVD9",1,1,2,1,2,NA,20.0123872052629,21.6932756310105,22.3537247229169,21.4497404710302,21.2327755927201,21.9125595485673,0.485562709902701,0.795986372548141
"P33324",1,1,2,NA,1,NA,21.1448063420704,21.7976848751116,20.25965491283,23.8141149793341,21.6262651549633,20.0183643986286,0.866479281070199,0.969687931162732
"P47119",2,NA,2,1,1,1,21.9945821893702,22.0558780087305,21.8600239827826,20.1405087121438,23.2249914393011,20.3748602545799,-1.50278354533323,0.310696226563337
"Q3E795",1,1,2,1,1,NA,21.389247823515,20.6538656137076,21.7878073292213,20.8510938159419,21.9089627131098,21.090971065018,-0.8300291237262,0.153368527672986
"Q9UJX5",2,1,2,1,1,2,20.6137175350789,21.1886719939018,21.1449861564236,20.8847706599436,21.20658321778,21.2813686282542,0.1298414576057,1
"P38930",3,NA,1,1,NA,NA,21.5292482363622,20.3191403850298,21.7443965745058,19.9036771315589,21.8422679452594,20.5843567653345,-1.43624615806807,0.0380794506506508
"P32019",NA,1,NA,3,NA,NA,20.2471271253429,22.1984411445398,22.0723153284354,21.0966878129145,20.4865637740318,21.0606815855578,0.516601438400665,0.75122653752493
"Q96ES7",NA,2,NA,NA,2,NA,20.7554215391286,21.4369685690269,21.7019253064454,21.4624158998614,21.8989752387935,21.6573468014148,0.0668030619785327,1
"P03872",2,2,1,NA,NA,NA,20.7083943561623,20.110068423345,20.6344386231065,20.0016880467874,20.9156636914844,19.9029807035201,-0.747919832366902,0.0601771188344056
"P38820",1,3,1,NA,NA,NA,22.4343009105066,21.0838561702436,22.791349521528,19.4622668473008,22.6206923590602,19.7643824476785,-2.51194577529063,0.0209391424803768
"P53334",NA,1,2,NA,NA,NA,21.6451909280073,21.132303602451,21.4694398600571,20.8820998783813,21.9221264978823,21.0733175282596,-0.649678758951599,0.23098658233424
"Q04773",2,3,2,1,NA,1,22.8556932599826,21.8265740889921,23.2060506068517,21.4561094694771,22.8801952056953,21.8339909588104,-1.27508818508333,0.0448495691112646
"O95834",3,NA,NA,1,2,1,22.3000075608895,22.2232947040789,22.5837499722544,22.0191836493008,22.2010724604016,21.9176013505914,-0.3082500965248,1
"Q96JP5",1,1,1,1,1,2,20.38786745244,20.2316202305746,20.8697502726057,20.3839842489456,20.5981308954908,20.6765270180094,-0.187872374335634,1
"Q9GZN8",1,NA,1,1,1,2,21.2770708293087,21.7198407246452,21.8749074507321,21.8818567753166,22.0053946282135,22.1704038745309,0.204909488746133,0.908810905468776
"O60927",2,1,1,1,1,1,21.0863468290703,20.867422222819,21.1940758443362,20.933361806343,21.0486801000439,21.3677677284268,-0.0535170052872012,0.999069349868874
"Q8TCC3",1,NA,2,NA,NA,1,20.2143429814648,20.0694284603086,20.7279678041794,20.3242504615119,20.7417115860723,21.1944492297758,-0.0319647400400657,1
"P38217",1,2,2,1,1,1,21.6569725123422,21.5725057173715,22.4485519139197,21.4393246525863,22.3628021226463,21.7447612774372,-0.570578300504401,0.860513387166409
"P82932",NA,1,3,NA,1,NA,23.1184737981455,23.6244433039486,23.5907711430316,23.4430935359904,23.6179154623156,23.5587542097528,0.0997102153996986,1
"P43639",2,2,1,1,1,1,21.2257478778949,20.118284146035,21.7862641428912,21.1153583592828,21.3294094459187,21.3413810502793,-0.588799303702566,0.808092794209262
"P0A7E5",NA,NA,NA,1,2,3,20.1359312461958,21.4312619212041,20.8788227091359,21.450369814419,20.7172434029986,21.7480257399681,0.965886705753633,0.0824689733308667
"Q9NV56",2,2,2,2,2,2,20.9872405883537,20.9411033227448,21.4265596068228,21.3310412984585,22.0855311343847,21.6208862946535,-0.202100137901465,1
"P0A7R9",NA,NA,1,2,2,2,20.4958367327718,22.0207331261654,21.232062220845,22.2787493249175,21.3709221570154,22.6371135975602,1.2792583126703,0.0483481985634506
"Q96DM3",1,NA,2,2,NA,2,20.4397816889231,20.5808690151608,20.273679799954,20.3942967803324,20.5356854510645,20.7570612490845,0.161026701545367,1
"Q01560",2,1,2,1,2,NA,23.0139288355807,21.5678022317909,23.5187231418877,22.265051126023,23.7564091153615,22.6894732764632,-1.25557815285093,0.0973834725205951
"P32179",2,1,2,1,1,NA,21.3339936098809,20.7511864824009,21.6039392575777,20.6695842796098,22.1148994517086,20.6285185189065,-1.00118101275,0.0887044317372966
"Q9NUD5",1,1,1,2,2,1,21.3407808038843,21.2049904644571,22.0742105655773,21.7578216234362,21.934066865952,22.4952636436336,0.0363391653710998,1
"P52630",NA,NA,NA,1,1,2,19.9953457908937,20.3802150446711,20.4095248255,20.8046009659095,20.2348599658618,20.9672303053192,0.5041052445481,0.272338578958788
"Q03219",1,2,1,NA,NA,1,20.6670258628766,19.2379735897091,21.4307799774506,20.1814612069896,21.7794434427625,20.3081779108337,-1.38321219185243,0.0701472872880351
"P32610",1,1,2,1,1,1,22.6646116664367,22.2018695030211,23.2575899812103,22.0715746366458,23.5498364779671,22.5884360343125,-0.8700526505449,0.235782524091824
"Q9UNI6",1,2,1,NA,1,2,21.1077247202167,21.5178524542793,21.3918448353351,21.0427314548441,21.216313509389,20.9679544430364,-0.0624482375936672,0.999069349868874
"P63027",1,NA,1,1,1,1,21.4848514058956,21.227218722702,21.8318405987598,22.0084209279136,22.3947553533306,22.3551671772205,-0.0402135100499663,1
"P05362",2,2,1,2,1,NA,20.5419302434156,20.8393823866572,21.2643715816686,21.0938838386036,21.4504594285135,20.6669638012019,-0.218843742378334,0.990137950071519
"P64581",1,NA,1,1,2,NA,22.7074414970762,23.7669892289586,23.0620276863899,23.9624985555572,23.0981702650304,24.3749979228406,1.0789487529533,0.0615222162393879
"O95249",1,NA,NA,2,NA,1,20.6759454070359,21.4747516286944,21.1885820548083,21.2262153416267,21.3759830629242,21.5904433678739,0.350299937808865,0.505096726033928
"O60826",1,NA,NA,2,1,NA,20.404467515261,20.8889639271236,20.6400006122399,20.583620871036,20.8990214446365,20.9625373029031,0.163877509641768,1
"Q0PNE2",1,1,2,1,3,1,21.5068022274155,21.3529006810238,21.9161340416558,21.3421609567199,21.5457195994911,21.8770939668777,-0.132166754646999,0.982771212386623
"Q7Z422",1,2,2,2,2,1,21.8712689766849,21.6056866983451,22.2779837260416,21.929438300799,22.2612785988431,22.1830495407991,-0.2307855872088,1
"Q96HR8",NA,NA,2,NA,2,2,21.9493985693765,21.9280319796357,21.0618530460389,21.475761628116,21.7624013022229,21.7799319139536,0.136690868022333,1
"Q9NQ55",NA,NA,NA,2,NA,1,19.4749977556392,20.2060586578507,20.1191271547601,20.0484027244385,20.0536916011065,19.6657300553041,0.0907916420291658,1
"P38825",NA,2,2,NA,NA,NA,20.6647530307311,19.8481995108217,21.3791123261829,20.8350745825449,21.1636327865309,20.7946282539379,-0.576531932046798,0.779397278091795
"P36081",1,2,2,1,1,1,22.2660903656643,21.1051821507007,22.6598713690659,21.7873390559816,22.5649828066971,22.7896765160296,-0.602915606238466,1
"Q8WUA4",2,1,1,2,NA,1,20.7292315475983,20.878298119624,21.166035400908,20.9155096093458,21.2343378346635,21.119112738314,-0.072228105295333,0.999069349868874
"P52490",1,1,2,1,1,1,23.0247788461314,22.5586913931288,23.3609102949855,21.9427272895133,23.1664230095843,22.9065600758887,-0.714711130723468,0.48737383680533
"Q14331",NA,1,2,1,1,3,21.6144366676859,21.8058823924344,22.3422553799721,21.9299148343569,22.3512490267699,22.4341967948573,-0.0459823509264344,1
"O00418",2,1,1,2,1,1,21.3711558052677,21.5044484176863,22.1263679653893,21.386318267215,21.9611000811735,21.6142010788746,-0.317885362684867,0.969687931162732
"Q14554",2,1,1,3,NA,1,21.6374762691952,21.6382368095102,21.4809055493042,21.4901351213577,21.8740305267651,21.6218403822859,-0.0807333440369007,1
"Q96QD8",NA,NA,2,1,1,2,19.7942967728383,20.5842373497209,21.1154536159154,20.4308435144533,21.1922711392022,20.7852864260655,-0.100551412572067,0.999069349868874
"Q12055",3,2,2,NA,NA,NA,20.7698806097421,19.7211652243606,21.2392534051385,19.430125306843,21.3897451533124,19.9172729152618,-1.4434385739092,0.0302306197498477
"P56628",2,2,2,1,1,1,21.6529212124989,19.9925380973653,21.2685542787077,19.2333535794961,21.5959634572235,19.6417393422743,-1.8832693097648,0.0235538203363712
"Q12743",2,2,1,1,2,1,21.2741739447722,20.1898427970301,21.5029842387801,20.7108519274254,21.5030325387764,20.9934898930046,-0.795335368289534,0.192178432528719
"P25367",2,1,1,NA,NA,NA,22.228364107722,21.2887331759095,22.6483643850058,21.4292506730969,21.868497608927,21.1861955654092,-0.947015562413068,0.110769031343596
"Q9Y2Q5",2,2,2,1,1,1,21.2657904307443,20.5974431436998,21.6278032567743,21.3645745962701,21.5859656133461,20.147511293158,-0.790010089245601,0.52148233764852
"Q9HD26",1,1,1,2,2,1,21.1662694499196,20.8154308936569,20.9125237332915,20.925833204948,21.1104148076012,21.3448821004209,-0.0343539305955005,1
"P45577",NA,NA,NA,2,1,NA,20.0539706125059,22.0574966788642,20.6546349360323,21.9357868779196,20.952963367113,21.0804021533774,1.13737226483667,0.117043082255524
"P38080",2,NA,NA,NA,NA,NA,20.5504963395892,19.7704842351787,21.6290743046524,20.5886369803147,20.6308209004178,20.7921655335674,-0.553034931866199,1
"Q06787",1,2,1,1,2,3,22.7301114455047,22.7326623337296,23.4429275547481,23.263582840243,23.3063358444775,23.4886701865766,0.00184683860630012,1
"Q8NCE2",1,1,1,1,NA,1,19.3529509043701,19.2328653065039,18.9892612701556,18.796167971434,19.1248161171382,19.0488902447356,-0.129701589663467,1
"P39938,P39939",2,2,2,2,2,2,27.4104727019622,26.7246343774303,27.8197462196099,26.974665428799,27.900632650791,27.1956895464225,-0.745287406570434,0.192178432528719
"P06174",2,NA,2,NA,NA,NA,20.7688996961946,21.071760377069,21.0954924797525,20.2110059887244,20.987805427751,21.0331515847592,-0.178759884381834,1
"P53925",1,1,2,1,1,NA,19.7980140989907,18.4392479009223,20.3098679343285,20.9155044158529,20.7209473753671,19.2276911444902,-0.748795315806966,0.253285682423049
"Q12497",1,2,3,1,2,1,22.2585653150725,21.226459233153,22.5259804863181,21.3456265519825,22.8784337753542,21.6424307540181,-1.14948767919707,0.0571624844555847
"P51397",NA,1,1,2,1,1,20.213286698066,21.9800332101111,21.4437259114562,21.4680197725267,21.6051713487582,22.0041854839195,0.730018169425631,0.319691403614617
"Q8NEC7",NA,1,NA,2,1,2,20.264700299504,20.2036674814594,20.6579973272747,20.2233630596517,20.7548407180473,20.5282622535107,-0.240748516734733,0.967425691449517
"Q12191",2,1,1,NA,NA,NA,21.2338096702243,20.7437933200136,21.8429386963519,21.1859347924607,22.1157861710127,21.6265008987318,-0.545435175460934,0.791042849767682
"Q9UK45",1,1,2,2,NA,1,24.0859113307695,23.7641708257188,24.6648631399053,24.3757155998221,24.6060778070703,24.6842404218696,-0.177575143444866,1
"Q8WUE5",1,NA,NA,1,2,1,21.3897833518641,20.3231001276044,21.9360027241113,21.6634801445595,22.0041518725806,22.1206628211225,-0.407564951756534,1
"O43182",NA,NA,NA,3,NA,NA,20.7151061045379,20.4115892088339,20.7811994042799,20.4366689701,20.910131966129,20.8747274715105,-0.227817274834133,0.983852834308246
"P18077",2,1,2,1,2,2,26.0229742498411,25.7648691616274,26.215277772853,26.0631175575363,26.3131063986078,26.3472969540737,-0.125358249354833,1
"Q66PJ3",1,2,1,2,2,2,21.1345919232764,21.2094407225246,22.6351749654209,20.9500369949143,21.2649213115468,21.3456020544162,-0.509869476129667,1
"Q9BUP3",1,2,1,2,1,2,21.9655218565461,22.0398275457899,22.491957902572,22.213286549719,22.5278415893098,22.5501328519026,-0.0606914670054669,1
"Q9Y4B6",NA,NA,NA,3,NA,1,19.8019932643163,22.8096427366989,21.3313106112416,20.0107445780381,22.7657162676892,21.1167356343439,0.0127009352779327,1
"Q9Y6X9",1,2,1,1,1,2,21.0738720444838,21.1108324612619,21.692281651707,21.260954123767,21.6332078889134,21.3492933789549,-0.226093873706799,0.988231951534704
"Q8IX07",NA,NA,1,2,2,1,20.4583535413724,20.0533233692698,20.5616305676734,20.5019814666243,20.6852728928385,20.648408055088,-0.167181370300733,1
"Q9NQP4",1,NA,NA,2,1,NA,20.0721607422675,22.9420945716577,20.1625935493731,23.2364387799642,23.8612140595557,23.6403310025667,1.90763200099743,0.546427874548297
"Q7LGA3",1,1,2,1,NA,1,20.5266873961744,20.4058180872428,21.3183709644238,21.0469912407428,21.4836993086022,19.8675552251381,-0.669464372025567,0.750455729837173
"Q8WUI4",1,2,1,NA,1,1,22.9079654764839,22.7030401849505,23.4588323691835,23.2079118753284,23.4648054677397,23.4463268641174,-0.158108129670268,1
"O75175",NA,NA,NA,NA,2,1,21.4778933685305,21.6709006218871,21.2808310767157,21.2564688704562,21.5298563492069,21.5436881891015,0.0608256289972336,1
"O15173",1,2,1,1,2,2,20.4435288929887,20.3813648549885,20.1447007077984,20.1654281065467,20.5752254179643,20.4509361020707,-0.0552419850485002,1
"Q9NWX6",2,1,2,2,1,1,21.9848293821044,21.7564510597347,22.3406743328476,22.1234222247106,22.3632633277362,22.4519967269162,-0.1189656771089,1
"Q6GMV3",1,2,1,2,NA,2,21.7437100300814,21.8348105960786,22.611485492975,22.4153317315886,22.6470393901349,22.6569678222069,-0.0317082544390648,1
"Q99622",1,2,2,2,2,2,20.7174561638819,20.4713842310984,21.1725584408159,20.8410346721582,21.553852841684,21.3640130563227,-0.255811828934166,1
"P50107",2,NA,2,NA,NA,NA,21.8505544662321,20.2960170421779,21.539269467529,21.1853612284951,22.4883014522364,21.4612292491385,-0.978505955395332,0.321399739378144
"P16622",1,1,2,NA,NA,1,20.7756275601543,20.1123766593539,21.4523412967374,20.264715759997,21.3199752522566,20.4757138905131,-0.898379266428102,0.10037961586786
"P15700",1,1,3,1,1,1,23.899814183835,24.164729271442,24.3872224675786,24.0026814677473,24.5364823659473,24.2845640406732,-0.123848079166134,1
"Q13601",1,NA,1,NA,2,2,21.9905897004286,22.3142030394604,22.4402030891307,22.2750514382397,22.4352222228851,22.4454069347413,0.056215466665666,1
"Q8IUF1,Q9BRT8",1,1,1,2,2,1,20.155706567999,20.8914661137047,20.6997088449048,20.548376866396,20.2357572992562,21.0487740431199,0.465814770353532,0.378150703732099
"P46063",1,NA,1,1,2,2,21.9002886231879,21.7974557194402,22.7417582795292,22.1351935431634,22.6749151736347,22.5838104450297,-0.266834122906167,1
"P0ABS1",NA,NA,NA,1,1,1,19.1036694368407,19.6295361701897,20.2227440643268,19.9644758969483,18.5227731877563,20.0178579307312,0.587561102981799,0.253285682423049
"Q9H814",1,NA,NA,2,1,1,20.4681644972639,22.6947813611442,20.1656061418798,22.7873153393781,21.437846409473,23.1606334587653,2.1903710368903,0.0159043695034715
"Q5XKP0",1,1,1,1,1,2,20.2863408857875,20.6490318004562,20.3872266755077,20.5556539066314,20.951679396945,21.0504277693758,0.2099555060744,0.848646199161663
"Q8IZ83",1,1,1,2,1,1,20.950380221065,20.5614483119515,21.5609263552175,20.7895849846676,21.2970097186631,21.1229565574477,-0.444775480292934,0.830424433600342
"P40319",1,2,1,1,2,1,22.5365420071459,21.3709121825711,22.8905902946413,21.6415394716828,23.062152228292,22.2219006637057,-1.08497740403987,0.0948213627484441
"P49757",NA,1,1,2,1,1,22.0054309519978,21.1325053776962,22.1936211576787,21.1624827618015,22.0747181983286,21.3890685694556,-0.863237866350599,0.0807495140801907
"Q8NBX0",1,2,2,1,1,2,21.8491061121067,21.635098446738,22.0868042199488,21.8266766851907,21.92054512808,22.0621294952549,-0.110850277650633,1
"Q08959",2,1,2,NA,1,1,21.6950124394042,21.9186812937419,21.8528655941148,21.2909351168378,21.9073008190923,21.6378548762905,-0.202569188580365,0.998406682170818
"Q9NZ01",NA,NA,1,NA,NA,3,20.9984874799136,22.267370645267,23.024091308747,22.7916597280346,21.6885665257635,23.097419905758,0.8151016548785,0.763953515930511
"C9JLW8",1,2,2,1,2,2,21.3974404095175,21.6348367465305,28.5642175362589,22.1438975946183,22.4411042999561,22.2861582504967,-2.112623218029,1
"Q96NC0",1,NA,NA,NA,1,2,20.1898156568421,20.2646542033472,20.6621721134409,20.8152047273585,21.1397870835415,21.1195535275854,0.0692125348221992,1
"P76177",NA,NA,NA,NA,2,2,20.0725886355066,20.7918596079722,NA,21.1292180748344,19.8287065579779,21.5612702291357,1.21013504057185,0.0472791067114638
"P0ADY7",1,1,1,2,1,1,20.5796002182489,22.5035177547901,20.7993094905491,21.9851500087122,20.8898544702474,22.4036941918789,1.5411992587786,0.0250096676684495
"Q9P0J7",1,1,1,2,1,1,20.5306091103897,20.4713187331606,20.6493740590938,20.6670972452324,20.9970803939882,21.0271676291241,-0.0038266519848662,1
"Q5U5X0",2,NA,2,2,NA,2,22.3290216283671,22.629822169743,22.4461021756999,22.4598311884411,22.7720448956548,22.7295946068151,0.0906930884257993,1
"Q9Y4P3",1,NA,NA,2,NA,1,21.6146089815394,20.7093255493568,21.3177696206679,21.0909001766776,21.8598162698984,21.8446084647752,-0.382453560432033,0.890097598151289
"Q96A26",1,1,2,2,NA,NA,22.6926633858579,22.8879840846745,23.2891923550317,22.8612554317527,23.1924276754921,23.2859270673496,-0.0463722775349685,1
"Q7Z4Q2",2,1,1,1,NA,2,20.8861020623595,22.0118709721742,22.1577549229232,20.7227620960978,21.1477578423833,21.1901520143772,-0.0889432483389333,1
"Q9UL15",1,1,2,NA,1,2,19.4172840302874,22.4976011686593,19.2070873131923,22.4488024300711,22.1564529992634,22.8462248368866,2.33726803095797,0.0465392547175196
"P50914",2,2,1,2,2,2,24.3579377311079,24.3421985368293,24.500345428243,24.2944106912981,24.335922540167,24.3948146104751,-0.054260620305134,1
"Q9NWS0",2,2,1,1,1,1,21.4728660712967,21.2384117370658,21.8062508624708,21.1083880606111,21.2768049675942,22.086872880848,-0.0407497409455999,1
"P25815",2,2,1,2,1,2,22.0387790317851,21.8966103097679,22.1494345519919,22.1608300799952,22.5561048979053,22.5735859405081,-0.0377640504703661,1
"Q9Y296",1,1,1,3,NA,1,21.7454290617051,22.233899758457,20.5084744880516,21.1266896656455,22.4888225316635,21.9532982593059,0.190387200662733,1
"P24215",NA,NA,NA,NA,3,NA,20.4119090611766,21.5377218741751,20.7810528888666,21.2902586576312,20.5676155275953,21.3776061283115,0.815003060826432,0.0854887030650923
"Q9H4E7",NA,NA,1,NA,NA,NA,18.789014573646,18.4314239038769,19.0891239249556,19.2334382893684,19.3693722270899,19.165969480213,-0.138893017411066,1
"P0CX29,P0CX30",2,1,2,1,3,3,26.6173571539664,25.3404916569604,27.1960342900197,25.8450586120774,27.0895696072143,26.1909123229832,-1.17549948639313,0.0756952896280308
"P53920",2,NA,1,NA,NA,NA,21.8578904701088,20.3847903361006,21.4305523440136,20.5538900962778,23.5531832665246,20.5366325906517,-1.78877101920563,0.081354712347389
"Q9UET6",2,2,2,2,1,2,20.7776654783275,21.2012129357912,21.4261934641321,21.1573771606206,21.4974581537274,21.5690941941235,0.0754557314494342,1
"P0ADY3",NA,NA,NA,2,NA,1,18.9240758124006,20.8977858283522,20.4684003146172,21.4085561134256,19.1259483175976,21.6273691195987,1.80509553892037,0.030851776631965
"Q9H7E9",1,2,1,2,2,2,20.9312872163584,21.6235493199275,21.5031711192372,21.4157892115556,21.5678551391415,21.6651381049375,0.234054387227834,0.848749331265339
"P32466",1,1,2,NA,NA,1,24.2157933646371,22.733499698717,24.3977002202721,22.8891980357625,24.851193157882,23.1798428953393,-1.55404870432413,0.0232933469811827
"Q9UDY2",NA,1,NA,NA,1,2,21.1178035097144,19.8929268470378,21.2228610716396,20.0862036216661,20.3889495797374,20.4425277044505,-0.769318662645665,0.394674708529328
"Q04373",2,NA,2,NA,NA,NA,21.1781628723103,22.4713413104371,20.6269640297308,19.8715732777266,23.2326050772474,21.040199405258,-0.551539328622265,1
"Q8WW01",2,2,2,1,1,2,21.3028575460562,21.3027886724619,21.7174417297699,21.4668575095478,21.8995400290649,21.9418329910787,-0.0694533772675321,1
"Q12329",2,2,2,NA,1,1,22.895904446163,21.3439742676825,22.9006587213118,21.5333334161185,23.0498734704949,21.9656562468402,-1.33449090244283,0.0431268158735393
"Q01415",NA,2,1,NA,1,NA,20.2018427376714,20.5330775470287,20.9879179043084,20.0320694368589,20.8535687511526,20.8201994175518,-0.219327663897666,0.997193534403783
"P50225",1,NA,NA,1,NA,NA,22.8707114419784,23.9888897296882,23.0240689828085,20.2216577760227,20.4109182669693,20.5416571090667,-0.517831358992867,1
"P35226",1,2,NA,1,1,NA,21.1642767500975,20.3411046448236,21.1229931972816,20.9632675888969,21.3116310881666,21.3337501799178,-0.320259540635799,0.918572246611949
"Q3KQU3",1,1,2,1,2,1,20.4418464383866,20.4246334000607,20.8938007012686,20.7414229581707,20.8403141471627,20.9774324394803,-0.0108241630354016,1
"P35194",2,NA,1,NA,NA,1,23.6064827036383,28.1732431232109,28.4399241978337,28.2010721611849,28.3049020397698,28.4997403143783,1.50758221917743,1
"O95544",NA,NA,2,NA,NA,NA,20.3654389912693,20.7716986104316,20.4941353421006,20.4305522113021,20.6250825126349,20.5955612834424,0.104385086390433,1
"Q86UA1",2,2,NA,1,2,1,20.3263917628293,20.6849018260507,20.1608054653462,20.3923875297211,19.8497331307697,20.4789871849815,0.406448727269366,0.0935297163840468
"P43597",1,2,2,NA,NA,NA,20.2269398389766,19.1720186063685,20.8124918797106,19.6860636050587,20.8814889165593,20.0671948703517,-0.998547851155867,0.0601771188344056
"Q9BUT9",2,1,1,1,2,2,20.3599972192112,20.2624316756692,20.8997147197954,20.6581831479061,19.9761660576257,20.7341811927585,0.139639339900499,1
"Q03532",NA,NA,2,NA,NA,NA,20.720965121692,19.6011705923183,20.8804764240396,20.1535430638193,21.2009321209554,20.2566636522201,-0.9303321194431,0.0701472872880351
"Q6SPF0",NA,1,1,3,1,NA,23.7208632776901,24.3321218001378,24.2840912390728,24.2348731130298,24.4005622206258,24.3340395895163,0.165172588431732,1
"Q9Y2Z4",1,1,NA,2,1,1,20.9629179713043,21.4837621561126,21.270623695472,21.1177695908638,21.4039428703093,21.4570402672262,0.140362492372334,1
"Q14691",2,1,1,1,1,1,21.0529568670491,21.3815785952445,21.2599661853611,21.6785325515874,22.6578333846936,22.3819176978284,0.157090802518831,0.999069349868874
"Q02206",3,NA,NA,NA,NA,NA,25.8049092224378,25.5206183209029,26.2292458413317,25.6555965582755,26.0573930550553,26.021980657243,-0.297784194134466,1
"Q9UPT5",NA,NA,NA,2,NA,2,20.7314584621551,20.688595870738,21.0320391669358,20.995126388221,21.9559915351198,21.4131537478945,-0.207537719119067,1
"Q03020",1,1,2,NA,1,1,20.4835795144027,18.6597256195386,20.9215860086049,20.2476718760598,23.6156725133925,21.0166865693012,-1.69891799050017,0.657488439162647
"Q14353",2,NA,2,2,1,2,20.7861619231451,20.9692797093858,20.7951710784273,20.4895591499385,20.8251682324214,20.6751485939785,-0.0908379268970011,0.997637633288937
"Q9H936",1,1,1,2,1,2,21.2890828522519,21.7527265978736,21.7100272823092,21.9702658382993,21.8016997753669,22.1997129274914,0.373965151245435,0.446750244374685
"P25617",1,1,1,NA,NA,NA,20.1436194034802,19.5580152944606,19.7253899748498,19.4709079436693,20.0557036085123,NA,-0.460442709882484,0.50522739765875
"Q8TB52",2,1,1,2,1,2,19.5453728187028,20.3801489740401,20.3289758992718,20.0186326692476,20.6120446149887,20.7615690868278,0.224652465717401,1
"P39929",2,1,1,1,1,1,21.7088543460221,20.6045732446544,22.2671595831367,21.06558048391,22.2435109075218,21.4021975765431,-1.0490578438577,0.105935798177224
"Q9BXW7",1,NA,NA,1,NA,3,20.9639884279912,21.2355474096706,21.3537124754543,21.1792667519613,21.5287054364514,21.4404137430856,0.00294052160686557,1
"P07118",NA,NA,NA,NA,NA,1,18.9791180417398,20.2254590010588,19.8800107564896,20.5213656069665,19.1630943689768,20.6311713881857,1.1185909430016,0.0451328391258042
"P35340",NA,NA,NA,2,2,2,20.3400453959157,20.7378027003894,19.635519304633,20.4455966250626,20.0489399599149,20.7539928130994,0.6376291593626,0.247798559056837
"Q12028",1,2,2,NA,NA,NA,23.2175907918574,22.2046299459597,23.1132946685759,21.2317047434921,22.2154262039687,22.1521741888385,-0.985934262037234,0.354731299261174
"P03841",NA,NA,NA,2,1,NA,18.1376910289392,21.1921812736772,19.7121506002031,20.478938063339,20.0676614971761,20.3064052443162,1.35334048500467,0.0601771188344056
"Q96S44",NA,NA,1,NA,2,NA,20.807993479078,21.0766815513675,21.2971007048503,21.1574854111955,21.7371662495686,21.6121481323271,0.00135155379773266,1
"P0AG18",NA,NA,NA,1,2,NA,20.1099138460362,21.1632587105284,18.4070667303917,21.0595368983488,19.4402830753473,21.4779105332463,1.9144808301161,0.0227725264074048
"Q96IV0",1,2,NA,2,1,1,21.4060205775344,21.466874557198,21.5338325451553,21.1400449386648,21.514403450367,21.2306596284927,-0.205559149567065,0.998406682170818
"Q9BYN8",1,NA,1,3,2,1,22.3467201271709,22.0060462612856,22.6464853198683,22.2453800672784,22.5658061149962,22.4424612628892,-0.288374656860733,1
"Q03835",NA,1,NA,NA,NA,NA,21.5509077411586,20.5227335694688,20.5738927225062,20.5303325094188,21.8661048854216,20.7341221523309,-0.734572372622633,0.73027545537183
"P39111",NA,1,2,NA,NA,1,19.013325727022,17.3302769638323,20.575841810803,22.4745451870659,22.9238713114286,21.8732885526052,-0.278309381916732,1
"Q9Y6K9",NA,NA,NA,2,1,NA,21.2285581705866,20.9321190327905,21.1427404475375,21.3791162933556,21.487850090222,21.5189304396191,-0.00966098086029869,1
"Q86Y39",1,1,2,1,1,NA,20.7782677652946,21.3477716558903,21.0220634827674,20.8240078746807,21.2363545439197,21.4072560926798,0.180783277089699,0.933771786078722
"P39831",NA,NA,NA,1,NA,2,19.1325554311613,20.8334738404798,19.5651828705914,21.5156680803512,20.1643715995256,21.3753412272587,1.62079108227047,0.030691263402015
"P38130",1,NA,2,NA,1,NA,19.6929336440699,19.5169330450575,20.0839793223281,19.7508670485677,20.9243649112598,19.8931323514131,-0.513448477539834,1
"O43633",NA,NA,2,NA,NA,NA,21.953321352454,21.9226572584311,23.0223855932791,22.248256668789,23.3592378921518,23.4369044118823,-0.242375499594167,1
"Q9Y448",NA,1,1,NA,2,1,20.3236026464541,20.1811794149014,21.1000342682784,20.8764757286873,20.9275732691374,20.9588319868413,-0.111574351146633,1
"Q53FT3",2,2,2,2,2,1,21.7451738051364,21.6464051136393,22.0827935518056,21.698750759868,21.846180161411,21.9656331741674,-0.1211194902261,1
"P76038",NA,NA,NA,3,1,NA,22.018765760502,21.5962817901466,22.6516473640068,21.9851453171292,22.5557551104587,22.5048509852834,-0.379963380802766,1
"Q9Y4X5",1,1,2,1,1,2,21.209993940609,20.7306411581754,21.4811980684716,21.3563380515527,21.2489926160628,21.4408909595041,-0.1374381519704,1
"O00743",1,2,2,1,1,NA,19.7613938770788,20.7310701761615,20.7614601310713,20.9733198752967,21.0993484525552,21.206746256094,0.429644615615633,0.698147453055467
"Q9NP58",NA,NA,1,NA,NA,2,19.766008272444,20.4380162718897,19.8502683154257,NA,19.9908487334632,20.2985340352685,0.499233379801466,0.397132200016472
"P25358",NA,2,NA,NA,NA,NA,22.0124988864981,21.3670579539224,22.4181354478827,21.4783299556733,20.9486475903731,21.9153815901303,-0.206170808342634,1
"O13563",2,1,2,2,2,2,22.5830513107035,21.5542447868043,23.2099917103168,21.8140527667717,23.2330962243183,22.1654906722834,-1.16411700649307,0.0682064789861274
"P04161",2,1,1,1,1,1,22.0337328416152,21.4786882880701,22.4067005466751,21.5196968344516,22.4912840502228,22.0512781550582,-0.627351386977734,0.533662217662053
"P31384",NA,NA,2,NA,NA,NA,19.9333971080326,18.540121642301,20.3620880270344,19.0742448641805,20.7094899409073,19.7100309704217,-1.22685919969037,0.041869023099938
"Q96H20",NA,NA,2,1,1,2,21.1170065229909,20.5913899439483,21.2688509275362,20.9820410120667,21.1791106039037,21.3309723900553,-0.220188236120165,0.9934915937796
"Q12206",1,1,1,NA,NA,NA,19.2179126034758,17.957134187523,19.6536861190012,18.5947648077888,19.8081560326082,19.1069013902039,-1.0069847898565,0.158966654859991
"P38203",2,2,2,1,1,1,21.8519351459098,20.9956293263932,22.4719758106857,20.9171826620335,22.1316770720959,21.1741302249896,-1.12288193842503,0.0565415321125402
"Q13426",1,1,1,NA,1,2,20.1780196844225,18.8917644236533,20.9167496404958,19.7250402059546,20.0853969235,21.6665559188639,-0.298935233315502,0.50522739765875
"O74700",1,2,2,1,1,1,21.7311855954533,20.4963080420192,22.2435890614953,21.1732664589296,22.5821928723684,21.7169366541116,-1.05681879141887,0.241686669975673
"P36016",2,2,2,1,1,1,21.0810438676054,19.7000229879182,21.2832319478024,19.6997046093343,21.4435551973956,20.6826726473933,-1.24181025605253,0.0780040675308423
"Q8TEA8",NA,2,1,1,2,2,21.0908924255772,21.2249662767097,21.8019167163155,21.3959455236532,21.683624329538,21.8626802967944,-0.0309471247577982,1
"P46736",1,1,1,2,NA,2,21.8551754974686,21.6464215947352,21.8887317310943,21.6835880302279,21.9137181315706,21.9306584827722,-0.132319084132734,1
"Q6NXR4",NA,NA,2,1,1,2,19.006734753912,21.1898480802607,21.0079756227921,20.2423588801569,20.4257143052228,20.7050324332818,0.565604903924167,0.766206924213952
"O15305",1,1,1,2,1,1,21.2237127420233,21.5255341905434,21.8718151122642,21.2061692799909,21.9683236713798,21.612550654157,-0.239865800325333,0.977095537406821
"Q8WTS1",1,2,1,1,NA,2,20.0810599702131,20.1817334097542,20.1044525474692,19.9521114774561,20.4645195766009,20.3725850628271,-0.0478673814152669,1
"P41895",2,2,1,NA,NA,1,20.9589303737756,20.1993549760609,21.1889128099078,20.2682564264613,21.3864361584501,20.377501281596,-0.896388886005101,0.0680877415015776
"P0AET8",NA,NA,NA,NA,2,2,19.4432210350747,20.887652736792,20.4664539067017,21.3356991960858,20.1395839761386,21.376334745169,1.18347592004393,0.0510658061261832
"Q9Y535",2,NA,NA,1,NA,NA,20.6253020647094,20.9710203906597,19.9646650293351,20.3530229505962,20.144863897546,20.2082891405341,0.265833830066499,1
"P29084",NA,1,1,2,1,1,20.2464515458284,23.4762068968675,19.5525687276043,20.1035836432724,23.3057675859649,23.4529192500485,1.3093073102636,1
"Q96GC5",1,1,2,2,2,2,21.0718263214404,20.6886876366248,21.2180675592597,21.3797834166306,21.6575884236634,21.908037057862,0.00967526891796429,1
"P27431",NA,NA,NA,2,2,1,19.6767787901514,20.0634024811912,20.6017384943703,20.0964269160709,20.3694364074239,20.8348178278016,0.115564511039368,1
"Q9BUH6",1,NA,NA,2,1,NA,20.521303777292,20.2805368813114,20.9720446093016,20.6221097022428,20.2811086583524,21.0045663005633,0.0442519463904982,1
"P38985",NA,1,NA,NA,NA,NA,20.6818830757194,19.6768459219693,21.0190297132852,19.7230497884917,21.1134278990307,20.0202034211352,-1.13141385214637,0.0405895467409808
"P40357",2,1,2,NA,NA,1,20.2617490312731,19.6623515378642,21.1086038956208,20.3680897047878,21.6229401427303,20.345136527019,-0.872571766651067,0.437176560954742
"Q9UHJ6",NA,1,2,NA,2,1,20.6452415119917,20.8032745482006,21.1334467270777,20.744787136743,20.9731390650378,21.1315988936559,-0.024055575169232,1
"Q6P587",NA,NA,1,NA,2,1,20.6283707775699,20.4868469209205,20.2643618449809,20.3215697761354,20.5963481101449,20.4386031637532,-0.0806869572955324,1
"P76015",NA,NA,NA,1,1,2,19.7301943879235,20.0798125525171,19.7523180663381,20.2416285588452,19.1379182737735,20.5008866052724,0.733965662866533,0.041869023099938
"B4DXR9,Q8IYB9,Q8TB69",1,NA,2,2,1,2,20.3869015768383,21.9084312875391,20.8220430844453,22.0910580962808,22.9856486196229,21.8102337890852,0.538376630666199,0.815981166969736
"Q08601",NA,2,1,NA,NA,NA,19.637413909433,21.8748769718383,21.8004314140744,21.3357554782374,21.4577169023549,21.5680519003316,0.627707374848333,1
"Q9UHA3",2,2,NA,1,1,2,22.0965676646803,22.5280888474355,22.4297697715395,22.1997413795946,22.5755992569376,22.6596349192539,0.0951761510421996,1
"P62072",NA,2,2,NA,1,1,19.3650758401979,19.8516778484314,25.1696520964928,19.7240092652731,25.1674322345817,25.135365791123,-1.6637024221483,0.976197109312207
"P32500",NA,NA,2,NA,NA,NA,22.2146951590494,20.8378665764827,22.4347521611634,21.0742027242885,22.3515790236917,21.3466276186992,-1.24744314147803,0.0462096551062434
"P00427",1,1,2,1,NA,1,21.3038883051653,20.1671809196256,21.5538302307224,20.513407622864,21.8592706916451,20.8005128793368,-1.0786292685688,0.0738067003893673
"P17542",1,2,1,2,1,2,21.1840587107735,20.3371950369199,21.3896825370039,21.3260333218635,21.5531086026449,21.7182926772504,-0.2484429381295,1
"P02766",NA,2,1,1,1,1,21.6833145246449,21.1924421241396,22.6815249646495,21.7841198009174,22.4950486459949,22.3408914765436,-0.514144911229567,1
"Q8N6N3",2,1,NA,NA,1,NA,20.8045227837102,20.517628062903,20.4831853616795,20.4737296469115,20.7983785476692,20.2899530150874,-0.268258656052333,0.905782079192484
"P0AG44",1,1,NA,2,1,1,19.9516348436633,24.3663136755425,23.9275090705794,24.0327624369554,20.7606624947985,24.2260443430531,2.6617713488366,0.0942417096203551
"P0AG48",1,NA,1,1,2,2,21.8650118502019,24.1269547544977,22.5816587176576,23.9079960891853,22.9161134442582,24.2791428142517,1.65043654860567,0.0288504417805597
"P31751",2,2,1,1,1,1,19.7685741543125,19.7527665060703,19.9065821936271,20.0655601056218,20.2273168628432,20.4793670611046,0.131740154004634,1
"Q16644",NA,NA,NA,NA,NA,1,NA,NA,NA,NA,20.7256787079009,20.4367567760915,-0.288921931809401,1
"Q00362",1,2,1,NA,NA,NA,20.8483866430312,20.5135248453389,21.8802953668192,21.5928356702065,22.2618034022566,21.9336733679545,-0.316817176202367,1
"O75208",NA,NA,1,1,NA,2,20.2211159420784,20.3272945489216,20.5970600333408,20.223861933678,23.1186233424775,22.0688437029298,-0.438933044122432,1
"Q9Y6Y0",1,2,NA,NA,NA,NA,23.4767800661415,23.2599111763203,23.7864555984404,23.5475522511498,23.8328553517011,23.7980300240823,-0.163532521576866,1
"P21375",NA,NA,2,NA,NA,NA,20.2116609310886,19.5936073357611,20.4094991880734,19.5990752766429,20.8308205871311,20.078554934705,-0.7269143863947,0.0601771188344056
"P53803",2,NA,NA,1,2,2,22.3259462002987,21.4674194781189,21.9312904630517,21.5093257204105,21.9247805243868,21.7834080417769,-0.473954649143632,0.69493500262731
"P25618",1,2,2,NA,2,1,21.4857971319962,20.6978887341675,22.2449372046196,21.1337549396096,22.2044787580411,21.3940439468087,-0.9031751580237,0.22676489831451
"P49841",NA,NA,NA,NA,NA,2,20.5199049518829,20.7504992777178,21.0630484151987,20.4507725306906,20.7522097329323,20.6496831213442,-0.161402723420434,1
"O60783",1,2,1,1,1,1,20.8323100082988,20.9611423077844,21.4713070722311,20.785661494367,21.5573288371586,21.6632663310651,-0.150291928157333,1
"P10176",NA,1,2,1,2,2,21.0715487783735,20.5453421786845,21.1093878404174,20.7730059605949,21.1462084865171,21.2418265179694,-0.255656816019734,0.953226841886636
"P38428",1,1,2,NA,NA,NA,20.8273987250042,20.1418533115716,20.791503142696,21.09346286068,20.7257758406849,19.8747026201891,-0.411552971981467,0.938376483178374
"Q05933",2,2,2,NA,1,1,22.2990708974743,21.3649925030433,22.5804840077944,21.2829567590384,22.616273659316,21.8031706644471,-1.01490287935197,0.0690556871676902
"P0A9R4",NA,NA,NA,NA,NA,2,18.8743217681642,19.9337315378777,19.2752202788575,19.957011496091,19.2938795270285,20.0662099391981,0.837843799705533,0.0165762914140767
"Q96L92",NA,1,NA,2,1,NA,19.7021072461386,20.1701660566458,20.4927683345788,20.3495061247797,20.7267432756221,20.7440493384556,0.114034221180535,1
"Q9Y624",2,2,2,2,1,2,21.2342388551105,21.6230920144881,21.7183501697291,21.2614903795649,21.6030304351232,21.9952862604765,0.108083064855568,1
"Q92544",1,1,NA,1,NA,1,20.0171771200808,19.91890553222,19.1995118000439,19.4590792350612,19.5691307048204,20.2150491709163,0.269071437750799,0.83868655660332
"Q8N5I9",NA,NA,NA,1,1,2,20.6419615410676,20.274084630031,20.5607554368735,20.1753101487692,21.0065079135107,21.1957542672027,-0.1880252818163,0.989298791003218
"Q9Y6G3",2,NA,1,1,1,1,20.6751675503179,20.7221761055555,21.016346859486,20.2318935248316,20.388411508123,20.914792226976,-0.0703546868545987,1
"Q6NUQ1",1,1,2,1,NA,1,19.7501163942135,20.677184442508,20.6668801757619,20.2823397553583,20.4971148112956,20.6028399728129,0.216084263136068,1
"Q9BRD0",2,1,1,NA,1,1,21.7170317616122,20.1732091164447,20.8303957604156,20.7537576306624,21.0781250670637,19.2734426299912,-1.14171440399773,0.192349581896458
"P27707",2,1,1,1,1,2,21.0951622973716,21.0579904011058,21.2269213231855,20.9418016555217,21.4286298083146,21.3466051669183,-0.134772068441966,1
"P00927",NA,1,2,NA,NA,1,20.4590458256081,19.8452514248139,20.3097368124923,19.9061239455288,21.2912422379387,20.527461494913,-0.593729336927801,0.618113641102845
"Q8NCF5",NA,NA,1,1,NA,NA,17.4119816970583,18.2467354035942,17.9715029708463,17.0682799147379,18.618879028383,18.4813249446958,-0.0686744777532328,1
"Q32P28",2,2,1,1,NA,1,20.8603298121006,20.7956558395414,21.9768789025039,19.6940070100124,21.0123629923128,21.1928583636584,-0.722350164568366,0.803032465370128
"O15357",NA,NA,1,NA,NA,2,21.6423864619019,19.2047120255579,20.7296908540511,19.9536590031164,22.6237382956888,22.4904863718519,-1.11565273703853,0.789349417058655
"Q07541",1,2,2,NA,1,1,21.074275744641,19.6903701854694,21.3448695068287,20.3880532954959,21.6128208140385,19.9656483211545,-1.32929808779613,0.0531322978535179
"P51617",NA,NA,2,NA,NA,1,17.4710286507137,20.6755554543337,20.7169418857102,20.2215726665835,22.6181767763672,20.498208280951,0.196396363025702,1
"P40030",2,2,NA,2,1,1,21.8830161160256,20.7895928486335,21.7282966127019,20.9849402626717,22.0042427585807,21.0868383888708,-0.918061329044067,0.071511753918279
"Cont_P04264,P04264",NA,NA,2,NA,NA,NA,20.9204729834012,21.4179087712251,21.9683271873859,21.7844405521369,22.9040199882257,21.9438016475905,-0.215556396020099,1
"Q03529",2,2,1,NA,1,1,22.2681356117125,22.0987458277005,22.5132823128598,21.9248283570634,22.7162658060038,22.1508275603889,-0.441093995141099,0.685856606238772
"Q9BT25",NA,1,NA,2,NA,NA,25.6129231511562,24.0872711791469,26.1869517671361,25.173731569349,26.5890768740132,25.563589760324,-1.18811976116187,0.234143228092449
"O15145",NA,1,1,1,2,1,20.3205587384914,20.5832485358008,20.4317952138833,20.969334788802,20.5196590462221,21.4137159814543,0.564762102486766,0.31304498513417
"P0CG12",1,1,2,NA,NA,NA,22.3285700242609,23.8565900407805,22.9024228677248,24.4593449367772,23.0840155117506,24.819096472007,1.60667434860947,0.0305979180903121
"Q147X3",NA,1,NA,NA,2,NA,19.754065828121,19.2721279899864,19.4012597425754,20.6087690759912,19.8377825785391,20.5147203136821,0.467503076808067,0.50522739765875
"P12611",1,2,2,1,2,1,20.2704353522678,20.0330461974247,20.9269385725646,20.0346374492034,20.9692039875674,20.0651370267856,-0.677919079662034,0.0601771188344056
"Q96DV4",1,1,2,1,NA,1,20.8570630473799,21.2302654442104,21.2922910168224,20.7353540727963,21.7980218142744,21.6677848495329,-0.104657170645699,1
"Q9H4A3",1,NA,1,NA,2,2,20.9378294256178,21.0275157685383,21.2508252065249,20.9139331095634,21.1119289035692,21.3237373181536,-0.0117991131522004,1
"P68066",NA,NA,NA,1,1,2,19.245608132043,21.0087288331356,19.70529141453,21.5517035684689,19.1785732160724,22.8669566520665,2.4326387636752,0.0143095461338599
"Q12489",NA,2,NA,NA,NA,NA,21.2050250790425,20.044060205066,21.9708285867739,19.8371956727338,20.8410232509868,19.9335011205195,-1.40070663949463,0.0424061490844052
"Q12032",NA,NA,2,NA,NA,NA,21.211931059298,20.6184845328592,21.2447656531312,20.4297377243764,21.6912764426709,20.8247360128197,-0.758338295014935,0.156500954142281
"Q9NZD4",1,1,2,1,2,2,20.7260283137319,21.2954718841937,21.7385109246646,21.0587778919273,21.9652932057587,21.2379291049813,-0.279217854350967,0.964475913381023
"Q06413",2,1,1,1,2,1,21.0502533800436,20.7158802191811,20.1324388546061,21.2476495627064,21.6743317269151,21.6346337106655,0.2470465103294,1
"Q9UII2",NA,NA,2,NA,NA,NA,23.1861122743617,22.9700957067342,23.2669917974377,23.2759718630231,23.6528510985623,23.327820142376,-0.177355819409468,1
"Q05D32",2,1,1,2,1,1,20.82062354887,20.7973276692887,21.3856051883284,20.9790371598321,22.7174224840625,21.1761815207884,-0.657034957117234,0.832695660405639
"P43007",1,1,NA,1,2,NA,22.1466463579169,21.5328429109613,22.6554220831798,21.8218025874378,22.693150862592,21.8675540035362,-0.757673267251133,0.224491163876242
"Q9BUB7",2,1,1,1,2,1,20.840206844685,21.1173900891646,21.1525285595222,20.7783184084609,21.0677192602728,20.9934739160279,-0.0570907502755323,1
"P53136",NA,NA,2,NA,NA,NA,20.0590011122971,21.6479474776541,18.3545152045309,NA,21.8135579052972,18.2326381807804,-0.135398578157818,0.956192286370676
"Q9H8Y5",1,1,1,1,1,NA,19.2770841707839,19.0743007438695,20.0577184451638,19.5335792596408,19.8091384133998,20.0893953662077,-0.148888553209834,1
"P37387",NA,NA,NA,NA,1,NA,NA,NA,18.9493962609156,21.5839461839832,19.3363142286216,19.6728363109059,1.48553600267595,0.253285682423049
"P25437",NA,NA,NA,2,2,2,NA,21.4632499544573,NA,21.074028244588,18.4651281700151,21.4549743295064,2.86562267283547,0.0101858137773804
"Q8IXK0",NA,NA,2,1,2,2,20.589270652524,20.9579298268749,21.0575327058132,20.9942554471779,21.3599428129478,21.290404915554,0.0786146727739331,1
"P38758",NA,2,1,NA,NA,NA,20.9027661108689,21.1169500656186,21.4280789823744,21.3241734032842,20.8524506433902,21.6013115141083,0.286379748792533,0.687526508109282
"Q12189",1,2,1,NA,NA,NA,20.5913278474984,20.2615378623902,21.2009814956647,20.3449457437751,20.8934311540216,20.9302469965525,-0.383003298155632,0.870065766507952
"Q07825",NA,2,NA,NA,NA,NA,20.1362497196199,18.9250481966676,22.559395530049,NA,20.068904363468,19.1113439302355,-1.90332047426075,0.0165762914140767
"Q02795",NA,1,1,NA,NA,1,20.288976010064,NA,22.6541501140685,NA,22.2801736555342,21.6484154064543,-0.0926845201012654,0.0314017673249535
"Q9C037",1,1,1,1,2,1,25.3529092994829,26.037610291933,26.0701609168507,26.2724207724039,26.6520808241574,26.5982415506327,0.277707191492867,1
"Q9P305",NA,NA,2,NA,NA,NA,21.0848863866376,20.0386670292133,21.4904804959349,20.4678279094288,21.8143330933847,20.575970802385,-1.10241141164337,0.0771471805661325
"P0ABU5",NA,NA,NA,2,2,1,18.7711424623998,20.6106515845131,24.104542128454,20.7696571791252,20.4375082653862,21.451014483936,-0.160623202888567,1
"Q9H0E2",1,2,2,NA,1,1,20.1075981514358,20.680903742067,21.1388731373804,20.5503201880265,21.283846728004,20.7060902013238,-0.197667961800967,0.99739757403991
"P38861",2,1,NA,NA,NA,NA,20.84981005374,19.7842044813742,20.9496632341615,19.9366427981992,20.9450693338349,20.0522328784082,-0.990487487918267,0.0424061490844052
"O14618",NA,1,1,NA,NA,1,20.7383402114205,20.6229547767169,20.5766839753294,20.3147538820265,20.741104021992,20.3463138030868,-0.257368582303899,0.931153726909695
"P40364",2,2,1,NA,NA,NA,20.2653974373668,19.8580770175555,20.6388104034591,19.739650838501,20.2607273296227,19.5819922813418,-0.6617383443501,0.041869023099938
"Q16384",1,1,1,2,1,1,21.7361054245359,21.7176494415549,21.3755292210928,21.5765448942317,21.7945299963401,21.7832282732995,0.0570859890390996,1
"Q75N03",NA,NA,2,1,NA,1,21.2164723434349,21.0818032779872,21.4373871084903,21.0757531633937,21.603755252824,21.3665164560944,-0.244513935757968,0.986940628975379
"E9PRG8",1,1,2,1,1,1,21.4339320170588,22.1245421160405,21.6496541799923,21.8519119913588,22.235232290099,22.4740820711407,0.377239230463301,0.793163438599672
"P00962",NA,NA,NA,1,NA,2,17.4034527260965,19.2203821539913,NA,NA,19.2142934808203,22.6476987464026,2.62516734673855,0.582067642108421
"Q9BSV6",NA,1,2,NA,1,2,19.4230058633482,20.9507748800445,19.8612173655882,21.3654560789821,21.4669305517119,21.519401820038,1.02815966613876,0.291043205173637
"Q9NPI1",2,1,1,1,1,1,20.5686503720019,20.3765582507287,20.9234196184187,20.085582027518,20.9401262718093,20.5251254077507,-0.481643525410834,0.657488439162647
"P22681",NA,NA,1,1,NA,2,20.1871718797306,19.9026294121815,20.6143324156754,20.7432237269579,21.0836878852069,20.9386346889165,-0.100234784185665,1
"Q96SZ5",1,2,2,2,1,NA,21.8127118058553,21.1220393108484,22.0612657039647,21.2952476548371,21.9575454381239,21.7552903184674,-0.552981887930334,0.525510511460878
"P53900",1,2,2,NA,1,NA,20.7558658703619,20.260075048246,22.0075707273049,20.6027226481976,21.8618683964973,20.5292017595164,-1.0777685127347,0.148564271220941
"Q8N4P3",1,1,NA,2,1,1,21.5585498705636,23.9901191158384,23.7540023990811,23.4549522474401,23.6164430615882,23.7377444309133,0.751273487652967,0.932124418841299
"P62861",2,1,1,1,2,1,25.7524361840158,25.9982746706868,25.8696293284048,25.6241422836888,25.9342896295211,25.8989862139681,-0.0116506578659982,1
"P61225",2,2,2,2,2,2,21.3809786015816,22.0368728522907,21.891042088551,21.6554677238847,22.0448553343669,21.9705323198671,0.115332290514334,1
"Q02818",NA,NA,NA,2,NA,NA,20.4811199541616,20.5854728549492,20.9567060049412,20.4009060088835,21.0890206078877,20.6879646620763,-0.2841676803605,0.924207867604094
"Q8N5M4",1,1,2,1,NA,1,21.5744838151512,21.7634976817646,21.8179919021804,21.5038451439517,21.8450073898877,21.902283099935,-0.022619060522666,1
"P17157",NA,NA,NA,2,NA,NA,20.3890189259318,20.2916614194777,20.2454421616593,18.8635423899461,20.4606734816566,19.1946103328839,-0.91510680898,0.217822365425022
"Q9H446",2,NA,1,2,1,NA,21.4831597650932,21.6229064160971,21.9271021118648,21.1847098139998,21.3571958475101,21.6551960421384,-0.1015484840776,1
"Q8TDP1",NA,2,2,2,2,1,21.1413180859474,21.131210136338,21.4541701235957,21.470075817729,21.5165250588035,21.4996815649307,-0.00368191644963171,1
"Q70CQ2",NA,1,1,2,1,1,18.4686328720167,20.4592273563309,19.6588999617754,19.669620184781,20.3206430186957,20.485427298894,0.722032995839366,0.540814199350785
"Q9H974",2,1,1,NA,1,1,21.0942339689976,20.8911430758885,21.3421730313022,20.1999066841983,21.0657796500873,21.3799463826231,-0.343730169225733,0.915181633652971
"Q13422",2,NA,NA,1,1,1,21.1143914661408,20.8389328682063,21.5101716205932,21.2885695703547,19.8875989109036,21.5018500591103,0.372396833344567,1
"P35845",1,2,1,NA,NA,NA,20.3264787313119,19.9050542119506,20.5513280668518,18.3075409022706,21.0307417202022,19.9275537386108,-1.25613322184463,0.0601771188344056
"P42766",2,2,2,2,2,2,25.3332760285557,25.1248131202862,25.9475156620096,25.5518871766472,25.8386931510926,25.7988057884763,-0.214659585416067,1
"Q9H944",2,NA,NA,NA,NA,NA,19.4965605051506,19.7903617183835,18.33750853372,20.1775594460719,20.2730018890894,18.3003807600356,0.0537436655103332,1
"P53332",1,2,2,NA,NA,1,23.3978254088504,25.3311378193781,25.3093693514564,23.9548434413515,24.2977616522131,24.1316321749554,0.137552341055032,1
"P40422",1,2,1,1,NA,NA,21.337412296534,20.9634522864228,22.8700783238755,21.4136347720009,22.1523857384909,21.7233553488126,-0.7531446505547,0.874588824404577
"Q9NXJ5",1,1,2,1,1,NA,21.2447354626028,21.0037563660748,21.1958430095386,20.6967939517307,20.8577156667351,20.8494771697555,-0.249422217105167,0.96625549997206
"P25098",NA,2,NA,1,NA,NA,20.980170349523,21.2670626871323,21.7889226021185,21.3607115465909,21.4215704946306,21.4426131248192,-0.0400920292432344,1
"Q9NRK6",1,NA,2,NA,NA,NA,20.8139077893531,20.5799343778182,21.6679383516942,21.0026672196237,21.6762190215671,21.4326249832874,-0.380946193961699,0.887839177971312
"Q9BTT4",NA,NA,NA,NA,2,NA,21.208200118412,20.5812874848802,20.4410203053525,20.8183061865413,17.9775491513582,20.3429205089188,0.7052482017392,0.820407375647058
"Q8IZ21",1,NA,1,1,2,2,20.4283200425281,21.4266438026606,20.5207941806936,20.8769919912765,20.7632929253712,21.2533076587811,0.614845434708434,0.172937988723786
"P23538",NA,NA,NA,NA,1,2,20.4614313646439,20.6770767713345,19.8676491044075,20.9222715258793,20.4912977530242,21.821282151667,0.8667507422684,0.146732385359844
"Q96AT9",1,NA,NA,1,2,NA,22.9252727265404,22.938816466164,22.804350255857,22.5489723819865,23.141958992428,23.0056245491939,-0.126056192493666,1
"Q9Y289",NA,NA,NA,1,1,2,20.8169322731268,21.3046161938801,20.8304192667453,20.8667412582652,21.6427191704118,21.251416096875,0.044234279578801,1
"Q9Y3A3",2,NA,1,2,1,2,21.2064168818296,21.0793838668543,21.5612758236947,21.2598051738722,21.5285022809388,21.5990735780987,-0.119310789212633,1
"O00264",1,NA,NA,1,2,1,23.975908739623,22.8562303123268,23.8992777172455,23.0870539097226,24.1183364381576,23.3733885145685,-0.892283386136067,0.0944890344514587
"P13024",NA,NA,NA,NA,NA,2,19.0024291006366,19.516514488575,20.739329960847,21.240867013914,19.345652391727,21.3417122261456,1.003894091808,0.253285682423049
"Q92575",2,1,NA,2,NA,NA,20.4302360985028,20.1402730988928,20.6594056173707,20.5811871367885,20.9282422108714,20.9850950084997,-0.1037762275213,1
"P0A6N4",NA,NA,NA,2,NA,NA,20.5897361706248,22.2457824726463,21.0656718539857,22.8272482975303,20.6784715202447,23.1438960380529,1.9610157544581,0.0194917968234617
"Q5VV42",NA,1,2,1,2,1,20.3503370987423,20.4910014009156,21.0174168955413,20.3284755228005,20.742848049848,20.7002424273218,-0.1969608976979,0.994544732965463
"Q8N806",NA,1,2,2,NA,1,20.4845909656019,21.4961435553844,21.4612979548985,20.7519775275102,22.0007603069043,21.2613127498695,-0.145738464880201,1
"P37296",1,1,2,NA,1,1,19.8373237057925,19.2370285806164,20.9143471721444,21.3073478613368,20.7782397916636,21.2110689860164,0.0751782527897002,0.999069349868874
"P0A7S3",NA,1,1,2,1,1,20.3110384341524,21.7003020196138,21.0971269845707,21.9542254250915,21.6266269991488,22.4543171179241,1.0246840482525,0.146087313658268
"P0A7A9",NA,NA,NA,2,NA,2,22.0978953339527,23.2767335612543,20.7868954471014,22.129773683534,20.8793115805425,23.8122511563032,1.81821867983163,0.0958809713846435
"Q9Y3L5",2,2,2,2,2,2,22.0668726025458,22.3242301368699,22.7467239365439,22.3180948105966,22.6487180966067,22.6456309492764,-0.058119579651167,1
"P35236",2,NA,1,1,NA,1,22.6834054490514,21.3451439680617,23.0760674237837,22.2448869894597,21.3458978922287,22.0142142807457,-0.5003751755989,1
"Q9UIQ6",NA,1,1,NA,2,2,21.0377309279949,20.8737771439631,20.7306299646942,20.8001139025156,21.0432489484523,20.7597499534253,-0.1259896137458,0.973208419992064
"Q12044",2,1,NA,NA,NA,NA,21.2558183996523,20.1026802602958,21.3248922300504,20.1675640741112,21.8111431933714,21.2911154617743,-0.943498008964266,0.342244623734199
"Q8WUW1",1,2,1,2,1,1,21.6079401358703,22.2821546384275,21.9264667554932,21.832342848691,22.1095266926519,22.1462911608477,0.205618354650266,1
"Q9H019",NA,NA,2,1,NA,NA,20.3475597354274,19.49611137378,21.6525204998982,20.7943008348093,21.1883291087772,21.148803008624,-0.583064708963166,1
"Q9UKE5",2,1,NA,1,1,1,21.0244073866666,21.1600037212652,21.3318687625246,21.3122899843652,21.605719134681,21.4558720055076,-0.0112765242447329,1
"P80967",2,NA,NA,NA,NA,NA,21.2228532612299,19.0576346737282,20.9895557880528,19.6861160940087,21.3273045608658,NA,-1.80802915284772,0.027286760976136
"Q92610",1,2,NA,1,1,1,21.5934255465175,19.8001093511732,20.6436423056523,20.9438400921335,19.0509370183505,20.8232984271215,0.0930809999693002,0.999069349868874
"O94832",1,1,NA,1,2,2,19.8894566087553,20.791535931642,20.0241462696761,20.3131198317925,20.6412905196202,20.9706848487581,0.506815738047,0.453194321206744
"P80428",NA,1,2,NA,NA,NA,21.3130659764814,19.5072138239914,20.2813782508381,18.6461532678636,20.6564907667177,19.5721515555546,-1.50847211554253,0.0320673838452344
"P54837",1,2,1,NA,1,NA,22.2771112791461,20.800966535967,22.1701926580537,21.1379626756248,22.2284728859619,21.6193591573329,-1.039162818079,0.0803096108600223
"Q9UJY4",NA,NA,NA,NA,NA,2,20.702374785716,20.573495567566,21.2208789666503,19.9393286640941,22.7158902670035,22.1453298567917,-0.660329976972666,0.87675535167174
"P51965",1,NA,NA,1,1,2,21.8969304633833,22.3301059689085,22.4943984553694,22.1526583704904,22.381637075998,22.3088029809993,0.00620044188250072,1
"P34077",1,2,NA,NA,NA,NA,20.8689206834507,19.0267008993914,21.6893365536125,20.4286162638416,20.917345671806,19.6084676999658,-1.47060601522347,0.0687409055895698
"O95319",NA,1,1,1,1,2,19.1290888046019,19.758129470603,20.9283381876039,21.1914156091854,21.2336669215058,21.3452334579449,0.334561541340566,0.974886804341942
"Q9NZN8",1,2,1,1,2,2,21.5139854744165,21.6580679501301,21.7711378106738,21.624603495203,21.5982602952729,21.8785855075472,0.0926244575056998,1
"P23883",NA,1,1,NA,2,2,20.7630474906524,20.2214505334951,21.317160157807,21.6437210188376,21.1993066001864,21.9982131981008,0.1946235005959,0.994725697058759
"P32802",NA,2,1,NA,NA,NA,18.402595500468,NA,20.3642430215333,18.5769770668316,18.7905846540747,19.6713900985456,-0.0616241426700667,0.956192286370676
"P0AEU0",NA,NA,NA,2,1,1,20.2519917257011,20.7640043414628,19.0628941434065,20.9480718423804,19.2371247483156,21.0209255284602,1.3936636982934,0.0483481985634506
"Q8IWD4",NA,2,1,1,NA,2,19.8252971431558,18.9971639859109,19.9671061821979,19.4427354885946,21.9106700844753,19.7671237352606,-1.16535006668763,0.337239052825575
"P0AC19",NA,NA,NA,2,2,1,17.9062393691133,20.6852121416999,20.3887470382442,21.0927668172739,NA,21.3511243146535,1.89554122086368,0.132309753116068
"Q9BQC3",NA,NA,NA,NA,1,NA,18.5121137455291,18.6700569263245,NA,20.6445328403113,19.0558690678484,21.1521839390655,1.37159982854502,0.253285682423049
"Q6UVJ0",1,NA,NA,2,NA,NA,19.2503370286187,20.2087672055219,19.9953263698439,20.486861284453,20.7211657501632,20.58135012533,0.436716488893034,0.637508176805234
"P58004",2,NA,1,1,1,1,20.8591963648108,21.0946822631945,21.4613444231213,20.8803328282826,21.255694810169,21.1886993065099,-0.1375070667047,0.975394885029476
"P53164",2,1,1,NA,NA,NA,20.1529219792289,19.4867645659309,20.8898041643837,20.2550732452094,20.5275796140657,20.465736277665,-0.454243889624334,0.862955344041668
"P0A6Z1",NA,NA,NA,1,1,2,21.918301958666,21.3692810320001,22.1955434259564,21.2426455560056,22.0477308487241,21.5396387736744,-0.670003623888801,0.232812342948999
"Q86TU7",NA,NA,NA,NA,2,NA,NA,20.3159732022962,19.8403696588264,20.4763059229708,20.3941294021683,20.081130205657,0.173886913143982,0.50522739765875
"Q01976",1,1,2,NA,NA,NA,20.9524646191963,19.7176417025786,21.5401242538038,20.0860296152611,21.5154647648999,18.3607791991182,-1.9478677069807,0.0282707660562701
"Q05948",1,1,2,NA,NA,NA,20.7584366299031,19.2246129240332,20.8329966032638,19.9567483603576,20.89791772954,20.2407980272462,-1.0223972170233,0.0701472872880351
"P55039",1,NA,NA,NA,2,NA,21.6139376951466,20.6365002760498,18.9480417260414,22.4657473610492,22.2797175466985,21.6418310423323,0.634127237181601,0.894313251768683
"P40261",NA,1,2,NA,NA,NA,21.5840502456902,21.1290386432989,22.027944456913,21.5773776537354,22.3716515674214,21.8180674069064,-0.486387522027966,1
"O60488",1,NA,2,2,NA,1,20.4035865435935,20.2599022770104,20.5385008514964,19.6761803871556,20.9508322719824,20.7618927647136,-0.398314746064234,0.880931899177926
"P06610",NA,NA,NA,1,1,2,19.7571022627393,21.1854911433937,19.5545702288369,21.2980555736499,20.6486331874019,21.4149191273634,1.31272005514297,0.0487998023275947
"P32796",1,2,2,NA,NA,NA,20.2804825094714,20.2970722953794,21.1687065441357,22.103932708011,21.1317684318924,20.560984178395,0.127010565428634,1
"P47133",2,NA,1,1,1,1,20.7770711613739,22.5516148650289,22.5321852749625,22.2919015192379,21.2759951572967,20.9802461116792,0.412836967437633,1
"P42826",2,NA,NA,NA,NA,NA,26.0622912544351,21.5166268858591,22.4741776528139,22.1079320368813,22.4096980604125,22.4518170553566,-1.62326366318817,0.906112266112266
"P29012",NA,NA,NA,1,1,2,19.8776681431617,20.6970625801933,19.0942402457557,21.2202832575125,20.2013738837267,21.4997811821483,1.41461491573667,0.0350736436440175
"Q9NXR7",NA,NA,2,NA,1,NA,21.1012518189434,20.130410461707,20.5243364226107,21.423255329357,21.8182867774175,21.862510140207,-0.00923302923353238,1
"P61769",NA,NA,2,NA,2,1,20.0127130242987,20.8152402113691,20.8708562769031,20.5469274213197,21.1289471104672,21.5248343654971,0.291495195505632,1
"O75391",NA,NA,NA,NA,2,2,21.4796928228945,21.0968397933343,21.739354586685,21.5889576243703,21.7577769726779,21.7153834956104,-0.191881156314133,1
"Q4G0F5",2,2,2,2,2,2,20.4418689751849,20.9070289088915,20.9488658011988,20.7879067429995,21.0306078704001,21.0195583223535,0.0977171091535673,1
"P35813",1,1,1,1,1,2,21.0634077545862,20.2397236567721,21.8140684179833,20.0705379787604,21.1516785428782,21.5415792421288,-0.725771279262135,0.770050403401948
"P23585",2,2,1,1,1,1,21.8903766380269,21.0131302769931,22.3119695789528,21.2291875942679,22.2457721745574,21.5773694702893,-0.876143683328934,0.129065733020288
"Q8IWB7",1,1,2,1,1,NA,20.6983138228914,20.4243593050275,20.9768825724824,20.9438269460032,20.8197334594234,21.237205875342,0.0368207571918333,1
"P43362",2,1,NA,1,2,NA,20.7621869558085,21.3768609158354,20.3939778573012,20.809535978103,21.2888729721521,21.2778049947288,0.339721367801802,1
"Q06406",2,1,1,1,1,1,21.6656982857141,20.8754686124535,22.2123684342845,21.0866157095473,22.2118931947381,21.2752603542843,-0.950871746150534,0.0972689474933895
"P40018",1,2,1,NA,NA,NA,20.0027652370017,19.5164532778314,20.478572145292,18.4800763356277,20.6437761630647,19.6196687883968,-1.1696383811675,0.041869023099938
"P38225",NA,2,1,NA,NA,NA,21.1863438448288,20.8451195976213,20.6447197519696,18.7306016821114,21.7692732928227,20.5844480662327,-1.1467225145519,0.664246436113575
"O43414",2,1,2,1,NA,1,21.9353161475101,21.6975014869997,22.2550330374201,21.9532764092947,22.2462442156248,22.1914040119287,-0.198137164110635,1
"P38821",2,1,1,NA,NA,NA,21.012562822245,19.1307306461389,21.6744821634554,19.8409651682843,21.5632796108062,20.5275598089028,-1.58368965772687,0.0481010757678516
"Q12514",2,1,1,NA,NA,1,20.963737136439,18.6432339638205,21.0059678205212,19.6843788057306,21.3176436364364,20.2591728755582,-1.56685431609577,0.0488876061258801
"Q12768",1,1,1,2,2,1,19.462627838348,19.8876919708661,19.8046665490389,19.7141509517572,20.0475354919303,20.2345996518184,0.173870898374834,1
"P32597",NA,1,2,NA,NA,NA,19.5259528907039,20.2532588884755,20.9190653496357,19.4050851067606,21.4799519242968,20.4054944196751,-0.6203772499084,0.87675535167174
"Q9NX08",1,1,2,1,2,2,20.5771219855617,20.7163406466669,21.5292669458493,20.7714985369327,21.2520025571661,21.1557413109562,-0.238270331340434,0.98382322411191
"Q86VN1",NA,NA,NA,NA,NA,2,20.0152079659199,20.2694369080691,20.3553759613624,20.2689733951623,20.61404590853,20.373322268639,-0.0242990879806335,1
"P52306",NA,NA,1,2,NA,1,21.2311863098773,20.8982758834745,19.5141451697338,20.9417760493899,20.8683480150488,21.1888142854107,0.471728907871733,1
"Q15018",1,1,1,1,1,2,20.0986767594538,19.8561928847773,20.7522192327488,20.5280965996583,20.4922057628856,20.7691775353617,-0.0632115784302994,1
"Q13469",NA,NA,2,NA,1,NA,20.2273146532943,19.8491134596505,20.6014742943822,20.1664247014082,20.5429791750825,20.7108072743208,-0.215140895793167,1
"P52918",2,1,2,1,NA,NA,20.7625045097142,20.3602327773382,20.7654730740895,20.9434029297937,20.9648592333142,21.1615597135785,-0.00921379880249991,1
"Q9Y580",NA,NA,1,2,1,NA,20.6528467231647,21.2338283903201,21.4224395293625,21.1008817383515,21.2043671105928,21.1575136290278,0.0708567981931338,1
"P19454",1,1,2,1,1,1,21.5648674781297,21.4834647439125,21.7807399926158,20.4102710944592,21.7551860841036,20.895602461342,-0.770485085045132,0.394674708529328
"Q9Y276",NA,NA,NA,1,2,NA,21.6921911785721,20.9269436382194,21.5939002138111,21.2186126023774,21.7936162074361,21.3494410624452,-0.528236765592432,0.460234401931586
"Q5VWQ0",2,1,1,NA,1,1,20.6122194649528,20.4057456388784,21.687671697682,21.117554330223,21.6005377166171,21.2222269645389,-0.384967315203866,0.905770614225425
"Q96KR6",NA,NA,2,NA,1,2,19.8466367924551,19.5651078812681,20.3415177374014,19.9565054679498,20.4659250571669,20.6046285575017,-0.175945893434599,1
"Q16864",2,2,1,NA,2,1,22.1028884632151,22.2818460008304,22.4993510394954,22.3782112308976,22.8318729667401,22.8057611879143,0.0105686500638988,1
"P25369",1,1,2,1,1,1,20.8696104093676,19.8404454383277,21.3790091758616,20.4335327217223,21.6411503618208,21.0479439731725,-0.855949271275833,0.417393313512226
"Q15276",NA,1,1,1,2,1,20.1506456839298,19.6909223520231,20.5314326267717,20.1903943921224,20.5843377244694,20.3934721598043,-0.330542377073699,0.887839177971312
"A8MXV4",NA,1,1,1,1,2,21.0631610167381,21.1482130910007,21.7973678469895,21.5585202097845,21.2752575120921,21.7340519507963,0.1016662919206,1
"O95825",2,NA,1,1,NA,NA,21.2725321166576,21.0961659720382,21.1202752191905,21.0435069581694,20.96366676696,21.1218020841616,-0.0316663628129668,1
"O15235",2,NA,1,1,NA,2,21.5949406303791,22.3015501992497,22.5745546093379,21.9573553771003,22.5123915752969,22.2967944084916,-0.0420622767240992,1
"Q9NXE8",1,1,2,1,NA,1,20.7760214099348,20.3825663826308,21.2561100461441,20.1107963012501,20.9034479389953,20.5054551713154,-0.6455871799593,0.178801723321614
"Q8WVX9",NA,1,1,NA,1,2,23.0759740991836,22.1614313162109,23.2386518264823,22.1851219366797,23.2330973949102,22.3792309399356,-0.940646375916633,0.0635762341403464
"P23721",NA,NA,NA,2,2,2,20.6949119381896,20.7224884133116,20.2224986535655,20.6816589986624,20.7369220172319,21.1601013085621,0.303305370516367,0.98286652133237
"P25574",1,2,NA,NA,NA,NA,23.9733527235654,24.1529840069139,24.0896586624987,23.9667508060207,24.2492818835658,24.2815214499432,0.0296543310826323,1
"O95671",1,1,2,1,1,1,23.5278452871626,20.5555151189189,20.5332112558762,20.347051302145,21.2307100481657,20.651810474144,-1.2457965653322,0.72992477527999
"Q9Y3Z3",2,2,NA,1,1,NA,22.1294465386095,21.5905109847346,22.6730977925166,22.4783766192206,23.0105924704792,22.8900368375006,-0.284737453383167,1
"A8MPS7",NA,NA,1,NA,1,2,20.7530808338358,21.1403217850497,20.4756159369105,20.4558514418467,21.2904800076113,21.2099194469851,0.0956386318413003,1
"Q96EB1",NA,2,NA,NA,1,1,21.0134767084067,20.4129346835039,21.6839327832779,21.0680172286013,21.6183532374274,21.1830359067204,-0.550591636762134,0.760920423199134
"P33754",2,1,NA,NA,NA,NA,22.1202223706971,20.3315399659402,21.1636274125624,20.0570356924963,21.2550053668926,20.4283976128965,-1.2406272929397,0.0680877415015776
"Q12178",1,1,2,NA,1,NA,21.9039538138334,20.300658381531,22.2875389357651,21.3536971323324,22.4032445639905,21.6340293077105,-1.10211749733837,0.209163044458709
"P0A8X0",NA,NA,NA,2,1,2,20.7723606901013,20.8491215785665,21.2257019909381,21.5962616546553,21.015302745837,21.7662332719233,0.399417026089567,0.735155668199742
"P61830,P84243",1,2,1,1,1,1,26.0874264209352,25.1234939010656,26.5873326521124,25.565510735714,26.4708523465386,25.9128144326298,-0.847930783392266,0.218734357379988
"P09001",NA,1,1,1,2,1,21.103954471745,20.7822887960375,21.501994582429,20.9028352831965,21.0915446641544,21.2734868753858,-0.246294254569534,0.964364973685879
"Q7Z6M1",2,NA,1,NA,NA,NA,19.9861699718848,20.2624034355114,20.1981683344986,NA,20.8374038804598,NA,-0.0781772934363344,0.0314017673249535
"P31057",NA,NA,NA,1,2,1,20.014893086348,21.0168140673545,20.9835320721823,21.5197852430456,20.7832592522332,21.7238943158564,0.826269738497666,0.207588437407479
"Q8WUZ0",1,1,1,1,1,1,21.0387093827987,20.64584189199,21.8212403957858,21.3903619821502,21.7357285086686,21.8645076233874,-0.231655596575167,1
"P40477",1,NA,2,NA,NA,NA,19.7881089362619,20.0565816497854,19.7955254417364,21.2204149369023,20.4083708144284,20.1148889697613,0.466626788007433,0.50522739765875
"P53879",2,NA,1,NA,NA,NA,20.1950596120439,18.0708609222332,20.1376622393712,17.8229822809183,20.8975985261106,18.617476110476,-2.2396670212994,0.00828814570703833
"P35729",1,NA,2,NA,NA,NA,20.0313126799382,18.7468872084059,19.8438679757855,17.9757363164435,23.0431245999963,20.0004383103087,-2.0650811401873,0.232057792137069
"O43676",2,1,1,1,2,2,21.8558942504313,21.8159078173988,22.5733380369987,22.2113277809324,22.4267404042937,22.4495413756866,-0.126398572568634,1
"Q7Z7F7",NA,NA,NA,NA,2,NA,21.9033594869062,21.2645108950181,21.8933322711208,21.2725641514559,21.8647069174547,21.5968286399764,-0.509164996343768,0.470654784004287
"Q96EK7",NA,1,NA,NA,2,1,19.2849349091872,20.2828870701439,20.4562563917047,20.2638829479532,19.9227826342348,20.787031802105,0.556609295025133,0.429718656921888
"Q86W50",NA,NA,2,NA,NA,1,20.130264183302,20.5352779874171,20.6623239362279,20.0265560233895,21.5051328733106,20.4527631865167,-0.427707931839066,0.884435005474115
"P61517",NA,1,1,1,2,NA,20.2151996996606,21.569450034341,20.5073815154666,21.2857718900978,20.9188113857056,21.5772604300846,0.930363251230198,0.0835973841430774
"Q68EM7",1,2,1,2,2,2,21.5902425545291,20.5153444464045,21.4050385986244,21.5166615078252,21.4751839712476,21.5456578622456,-0.297600435975266,1
"Q03768",1,1,2,1,1,1,21.4499289629318,20.2376124689595,21.5437135551505,20.7993175942078,21.7785171374346,21.3920544127641,-0.781058393195167,0.351298893817893
"P40081",2,1,2,NA,NA,NA,20.6151265901194,19.143853711282,21.3025407560732,19.7735419940946,21.1485083902841,20.5050199308087,-1.21458670009713,0.114498308530471
"Q92667",1,NA,NA,NA,2,NA,20.2389892252493,19.8865299641644,20.6081219152436,20.6003909385579,20.5220352586479,20.7477270078694,-0.0448328295163662,1
"P19812",NA,NA,2,NA,NA,NA,19.7163465084772,19.0325773170488,20.0328718729006,18.6700490402039,20.5825646761965,20.3389134338911,-0.7634144221435,0.253285682423049
"P0AEH5",NA,NA,NA,1,NA,2,19.6893210888238,21.481727507931,20.1781414397227,21.5580824672282,20.1421601948598,22.0179933151253,1.68272685562607,0.0203716275547608
"P34949",NA,2,1,NA,1,1,20.9205191418734,20.7712226599901,21.3720690241547,20.985956560413,21.3195114355252,21.5497846679479,-0.101711904400766,1
"Q15172",NA,1,NA,NA,NA,2,21.4614309849325,22.0363010771874,21.8506715840494,21.5524751521697,22.0737029175626,21.945137218384,0.049369320398867,1
"Q05123",NA,NA,2,NA,NA,NA,20.2342553823903,20.1004310354384,20.8049713383445,20.37357384256,20.9476907954689,20.4557498731248,-0.352387588360167,0.890097598151289
"O00471",1,2,1,NA,NA,2,20.3998953844118,20.4144044642604,20.9040750393309,20.3136991669696,20.8968506625514,20.6148309148212,-0.285962180080966,0.93037986474654
"P52435,Q9GZM3,Q9H1A7",1,NA,2,1,1,1,20.472572601348,21.5854592157535,21.3939796844361,21.278119320107,21.6965730278133,21.5259506260819,0.275467949448333,1
"Q99547",1,NA,1,NA,1,2,21.6352730717164,21.2679130918812,22.0871567201231,21.8508787105273,22.1739860204079,22.3411299031422,-0.145498035565566,1
"O43674",1,1,2,NA,1,1,21.1132452207301,21.5259642424263,21.8954726633189,21.7016753472253,22.1442561825318,22.0190570394,0.031240854156934,1
"Q9H8W4",NA,NA,1,NA,NA,2,22.4840539737476,21.234012945762,23.0426093994613,22.7038560609084,22.5726331573407,22.6723465650223,-0.496360319618966,1
"Q96SN8",NA,NA,NA,NA,NA,1,16.7992498699401,17.1104597581658,17.72152058983,17.3964558584441,17.7962404833335,18.4497411006367,0.213215258047667,1
"P08456",2,NA,1,NA,1,1,22.19620948309,21.5381493748065,22.7504095203992,21.7091366236134,22.6462311716608,21.8661726301235,-0.826463848868866,0.150208865074067
"P39105",2,1,NA,NA,NA,NA,21.2084546653954,20.3118148224511,21.938468951989,21.0987861390036,20.4604958924018,20.0298306159731,-0.722329310786133,0.770050403401948
"Q8WUQ7",1,1,NA,2,1,1,22.5871509817161,23.319620031064,23.0603228859423,22.7576392484223,23.1963502826652,23.1314988881505,0.121644672437734,1
"O43502",NA,NA,NA,1,1,2,20.366090317134,20.4845037024756,20.6783994088954,20.3074704397086,21.1659326955114,20.9815573528052,-0.145630308850468,1
"P0A9A9",NA,NA,NA,1,2,1,22.0944997728821,20.8337084473925,19.6378263598585,23.6360293513584,19.9729211725859,23.8606645583494,2.20838501725793,0.394674708529328
"Q96HA7",1,1,1,1,1,1,19.350435175524,19.0969205149632,19.7323825602136,19.4836020285404,19.961257228579,20.0135036287616,-0.150016264017134,1
"P38260",2,NA,NA,NA,NA,NA,22.6511859580325,21.5576246108675,22.969786820141,22.0394361785406,22.980137310872,22.1066602171043,-0.965796360844366,0.0865946630033402
"P0A6L0",NA,NA,NA,1,2,NA,19.0413586836422,20.9439673130204,19.4913596684885,20.9979597036341,20.0577232436643,21.1527278354481,1.5014044187692,0.0244338680424062
"P00127",2,2,1,NA,1,1,22.0115630544618,20.8917512614946,22.396074916086,21.0491171743398,22.2762103274671,21.3826981624617,-1.12009389990627,0.0561284181598124
"Q8TD19",NA,NA,NA,1,NA,2,20.0769455475059,20.8310779536414,20.5622810934104,21.3205484096963,21.2639505531029,22.4742661716429,0.907571780320466,0.43158904587476
"Q9Y6W3",1,1,1,1,1,2,24.1279157853205,24.7642997264261,24.5815913741599,24.3117689603529,24.6597430247362,24.6796217324306,0.128813411664333,1
"Q01664",1,2,NA,2,1,2,20.8406653776596,20.4660646285328,21.2851647045006,20.7257094915895,20.8364630182685,20.8980592091964,-0.290819923703333,0.915181633652971
"Q8N5C7",1,1,2,1,NA,1,23.3348184283156,23.2142347692411,24.0143763939021,24.0805745628382,24.3813177131683,24.4008226422189,-0.0116268536959344,1
"P0AF93",1,NA,1,2,2,2,21.9817285766223,23.4169926914387,22.2343679511711,23.6679911751768,22.0409047213984,24.0773267153757,1.63510311093313,0.0203716275547608
"O96028",NA,NA,1,NA,NA,2,21.1082452695212,20.8212040895736,20.8301345033277,20.3373076239561,21.1362670954765,21.2556452561672,-0.220163299542833,0.993496023089118
"Q9UBN7",1,NA,NA,NA,NA,2,19.845428502933,19.8241667999406,20.7518678449354,19.9951034300422,20.3565817298221,20.2266442985781,-0.302654516376534,0.936842461351105
"Q9BRZ2",NA,NA,NA,1,NA,NA,21.423129378092,22.0089869373502,21.8103874720851,21.6427559619392,22.8700954490014,22.9218512857831,0.156660628631334,1
"Q68CZ6",NA,NA,2,1,NA,NA,20.4117910304107,20.7182980042862,20.5095836620013,19.9796706367051,20.9043619327919,20.3729118095833,-0.251618724876433,1
"Q9H832",1,1,1,2,NA,2,21.0138228863097,20.4984876910288,21.627814720678,20.8504993374539,21.3730140687694,21.1827975925139,-0.4942890182535,0.750455729837173
"P31146",2,NA,NA,2,1,NA,21.0100448529148,21.3324474592602,21.3245257198467,21.1583898033007,21.2762199845176,21.3002335657939,0.0600934236919007,1
"O95999",NA,NA,2,NA,2,1,20.3332076418158,23.4853755754299,NA,21.7479612255606,21.4317495690921,23.1118571277718,1.89925270413348,0.147652021928507
"P13482",NA,NA,NA,1,1,2,21.2500758772205,20.5489717989319,21.6336526881614,20.6230537085783,NA,20.9804673495517,-0.724366663670318,0.461167969930097
"Q9H0P0",NA,NA,2,NA,NA,NA,21.0341496093356,21.018389692905,21.0889704827009,20.9878253735027,21.5053491601815,21.6498693625942,0.00920505892796679,1
"P40533",2,NA,NA,NA,NA,NA,20.9084752674343,19.6336145463475,20.8879120589995,19.3111823234312,20.572559377678,19.8265888291594,-1.19918700172457,0.0314017673249535
"Q06639",1,1,2,NA,NA,NA,19.4045353503861,21.1622808330259,22.2103214587524,21.747630211038,22.0607211607421,21.7673827197688,0.333905264650699,0.98318259100746
"P25340",2,1,1,NA,1,1,22.2796367919112,21.2819516692557,22.5515159472215,21.6735634585486,22.7314538008566,22.0463640077557,-0.853575801476434,0.191839614358851
"P43569",1,1,2,NA,NA,NA,20.0667528944963,22.2983783845467,20.3674003530635,18.590049125889,20.4670726435896,19.7242456077168,-0.0961842576656326,0.50522739765875
"P17535",NA,NA,NA,NA,1,NA,19.6044976871175,19.4550010533733,19.5252407260141,19.4541279481453,19.5185493153254,19.9764222633616,0.0790878454743987,1
"Q9UIV1",2,NA,NA,1,NA,NA,24.5941471158113,24.5604704502161,24.2154287221293,24.1732746949755,24.6265604970339,24.5691783518839,-0.0444042792996662,1
"Q9BPW8",2,1,1,NA,NA,1,20.3880448844462,20.5646998167329,19.9274633160608,20.0768671246807,20.5904559320574,20.4255980439131,0.0537336175874354,1
"Q9NQE9",NA,1,2,1,1,NA,20.3462569843416,20.210326512921,21.2220575568244,20.2673736459278,20.7738219503149,19.947692578796,-0.638914584612033,0.0935297163840468
"P21825",2,1,NA,1,NA,NA,21.2069588935568,20.0677588004046,21.4535229696174,20.2078986171434,21.2900683595035,20.3208828873609,-1.11800330592293,0.0467648581920234
"Q99584",1,1,2,NA,1,1,21.7491705443688,21.4761448320994,22.3745920579078,20.8572498917103,22.4548705659507,22.3869344582699,-0.619434662049233,0.853928761663373
"P28289",NA,NA,NA,NA,1,2,20.6982788452568,20.6652024142454,20.6361428919092,21.3295052548804,20.5910133244562,21.5906299918493,0.553300866450967,0.411552799821137
"P30519",NA,NA,NA,2,NA,1,20.2600871117013,20.1292353657603,20.2338947803515,20.1015891060748,20.5815274753751,19.9597934420934,-0.294963817833132,0.0601771188344056
"P38624",2,1,2,NA,NA,1,23.356536328722,22.1550856482141,23.7408600396619,22.3951319152698,23.6046588687302,22.7780660975309,-1.12459052536643,0.0597810074878202
"Q8WUX9",1,1,1,NA,2,2,21.0134901686469,19.6619143006507,22.1972588449439,23.0132574080694,21.94816356747,23.258529805044,0.258262977567766,1
"Q6P1K2",1,1,1,2,2,2,20.5403193934932,20.3876011320447,20.8697789814817,20.5400528142508,20.6746757940037,20.660800898646,-0.165439774679034,1
"P32463",2,1,NA,1,NA,NA,23.932407793363,23.0791693134464,24.5903945949614,22.9851706862479,24.2197440142829,23.2230966903477,-1.15170323752177,0.0561284181598124
"P00579",NA,NA,NA,NA,2,1,19.3475900116852,20.5659980442527,19.9162966158898,21.1620719591454,19.7219525784532,21.3700253784028,1.3707520585909,0.0275421033894028
"Q9NVR2",NA,NA,2,NA,NA,1,21.2352299523762,21.1303795153257,18.3782239337437,21.0710852147695,21.643583853622,21.7209385104701,0.888455166941132,0.766206924213952
"Q15532",1,NA,1,1,2,1,21.0939523245417,21.7231772110868,21.5116623039756,21.3380121769835,21.5870628284161,21.4149415727663,0.0944845013010654,1
"Q8TEA1",2,NA,1,1,1,2,20.5668789461179,20.4658788557914,17.9378193058079,19.6880483552632,20.8919651780352,21.0248748656106,0.594046215568066,0.872031707181297
"Q96JG6",1,1,1,2,NA,1,23.5666931674374,24.1314791060205,24.1235782030579,23.6224768351021,24.0638517434929,24.0720228276106,0.023951884914999,1
"P56270",NA,NA,2,NA,NA,NA,19.7382573236206,19.1988071086336,19.9631691444524,20.1674591865896,20.3887780386556,20.6963597118152,-0.00919283323006799,0.999345634673082
"Q9H939",2,1,NA,1,1,NA,20.8535572308075,20.6069877612573,21.2829970441864,22.7685915222235,21.2361324700448,21.0242492718049,0.342380603415667,1
"Q6UXV4",2,1,NA,2,NA,1,20.3298405416229,20.7367900235935,20.785875868819,20.6206155113008,20.6364301339475,20.5651736831209,0.0568108912086001,1
"Q16342",2,NA,NA,NA,1,NA,22.094478027131,22.5349786644493,22.4437136460084,22.1500377651288,22.7534040709632,22.394518169576,-0.0706870483161666,1
"Q9Y399",2,1,NA,NA,NA,NA,20.2741177624629,20.7189944472461,21.016363183709,20.5631781140082,20.3305077193067,20.3428955585564,0.00135981811069996,1
"P40341",1,NA,1,1,NA,NA,18.2141566395833,21.2206078579807,21.8989296770921,21.2898197948773,21.6970766892315,21.08470735602,0.594990667657033,0.925579593705496
"Q9HAN9",NA,1,2,NA,2,1,20.471245044426,20.7866685588996,21.179891934347,20.5629861631115,20.9381484612961,21.1258597470862,-0.037923656990601,1
"Q07623",1,2,1,NA,1,NA,21.1561485180467,17.40648779231,21.5073941031564,20.4736673565821,21.1392952828799,20.8464238985817,-1.6920862855364,0.238033042611856
"Q9UBS8",NA,2,1,NA,1,1,19.9563831626443,20.7916189936366,22.1549977612017,21.9617050934544,22.1597932858132,21.6582576891526,0.046802522194799,1
"Q9UKA9",2,2,2,2,2,2,25.0109799631743,24.5999986252922,25.6069663066808,25.059876819589,25.406625428428,25.4064928267433,-0.319401142219533,1
"P0A6X7",NA,NA,NA,2,1,2,21.1888492902905,23.1975364762523,21.9475909256328,23.2895492369933,22.0273174929365,23.6459932448498,1.65644041641187,0.027286760976136
"Q00816",2,NA,NA,NA,NA,NA,21.5205496254693,20.9449981336281,22.9668974001505,21.7269167132579,22.1578448003649,21.86771093697,-0.701888680709567,1
"Q8NC60",NA,NA,2,NA,NA,2,21.7476295964602,21.3166988871594,21.5060592255267,19.464193855874,20.9417527706938,20.7911484816323,-0.874466789338333,0.732242317369519
"P22696",2,NA,NA,NA,NA,NA,22.6633665634796,21.4834579782402,22.7444888624012,21.4034433901336,20.4073823999312,21.6597229937175,-0.422871154573567,1
"P29295",1,2,NA,1,NA,NA,21.1613595009637,20.5679224307755,21.7157600042718,21.230066918674,21.6033562689246,21.4203036161974,-0.420727602837733,0.922936350242623
"Q9H1K1",NA,NA,2,NA,NA,NA,19.5970720943418,19.5916357831247,20.0468885244137,20.1107126889007,20.4067528287424,20.2736109419333,-0.0249180111797322,1
"Q9NVC6",1,NA,NA,NA,2,NA,21.33431175349,21.1527125194086,22.0709268946313,20.9344877926831,21.713173362803,21.5046361995682,-0.5088584997548,0.760920423199134
"Q9Y3B9",NA,1,2,NA,1,NA,22.2220451711459,22.6470632222463,22.7598489793729,22.7596360818414,23.1772911755968,22.904600170898,0.0507047162900326,1
"Q9NVG8",2,1,1,1,NA,NA,21.058169474109,21.1019551593293,21.1554053326067,20.9120172905283,21.8977009054585,20.9833688912619,-0.371311457018233,0.916892461884836
"P86790,P86791",NA,NA,1,NA,2,1,18.77528455358,19.7298190354425,20.5316893825768,21.2392244103712,18.5351551419606,20.3940162004735,1.17364352272327,0.253285682423049
"P48200",1,1,1,2,1,NA,22.4085013052166,21.4268016885987,21.2220867512174,21.2263827917823,21.4215648448341,21.6107698428301,-0.262732859352334,1
"Q12496",NA,NA,2,NA,NA,NA,21.7263776269646,21.2679532279692,20.1092064036965,21.5545297177075,23.7963110783112,21.6094955213877,-0.399972213969299,1
"P17898",2,1,1,NA,NA,NA,21.7357657915852,20.6003447741117,22.0292631274717,20.6598517752502,21.9138620903311,21.0030940872895,-1.13853345757887,0.0531322978535179
"P38869",2,2,2,NA,1,1,23.1734089053936,22.4347276043391,24.2713382065134,22.8631927261639,24.3996450946797,23.2863222707388,-1.08671653511497,0.236219999495303
"Q9UHD2",NA,1,1,2,NA,NA,20.255604205726,21.1955826231351,20.0276342079128,NA,20.9517638686937,20.242518658089,0.307383213167882,0.904203680973019
"P32447",1,NA,NA,1,2,1,21.616303390293,20.4739494596535,21.8683347317191,21.2379865627047,22.1284268986868,21.4407769285107,-0.820117356609999,0.319766226721856
"P46957",NA,2,1,NA,NA,NA,18.5999484632195,18.2775313283695,20.5871632265848,18.2743685066107,20.347254504447,19.96009431272,-1.00745734885037,0.736319711327934
"Q96EY8",NA,1,1,1,NA,2,21.0026067922827,21.0342206544562,20.9963974567607,20.8069984277564,20.7906491753824,21.0956695332758,0.0490783970208663,1
"Q14653",NA,1,NA,1,2,NA,20.4540379288856,20.1534031204234,20.5054002839632,20.8203855420729,20.9688704831684,20.9333374909014,-0.00706084753983423,1
"O96013",NA,NA,NA,NA,NA,1,19.172486719537,19.8770791757121,19.818988074945,19.3451416610177,NA,19.7384273168301,0.157811987278966,0.956192286370676
"O60942",2,2,NA,1,1,NA,19.8679043195733,20.8215120307038,20.7435723943719,20.6120567674089,20.6832368755917,20.6536946460516,0.264183284875802,1
"Q86ZR7",2,NA,NA,NA,NA,NA,22.5913723654451,20.6612213950675,21.6947481040767,20.8669788158104,21.5671019548287,21.4566501998408,-0.956124004543934,0.300533260616752
"Q9HCE5",NA,2,1,NA,1,1,21.1127314034293,21.1456203052976,21.3150704901882,21.2223550760489,20.1633843347157,21.327596773753,0.368128642255433,0.668551019334612
"P38777",NA,2,1,1,NA,NA,20.9730442707607,20.576571534298,21.396061977365,19.4449516772565,21.3369539166777,20.6373408308515,-1.01573204079913,0.169566788928069
"P50457",1,NA,NA,NA,2,1,20.7067708545331,21.8495844454263,19.6548526584412,21.9143412408024,21.3240771021875,21.8108760693656,1.29636704681083,0.0891857386579428
"Q9NPF5",NA,NA,1,NA,1,1,19.4592597408204,18.7790356851161,19.1210509515118,18.8920107674464,18.6701480286455,19.2586226640793,-0.106929868111967,0.998963746625695
"P08067",2,NA,1,NA,1,1,20.4746744021911,20.7170424375348,21.106446327595,20.4303024673115,21.3471255256255,19.0122927519966,-0.922869532856232,0.649400391583667
"Q9H0U6",NA,1,NA,NA,2,NA,21.0047714986514,20.622277079936,21.4083738000503,21.2674980964073,21.3201571004747,21.651315175341,-0.0640706824973651,1
"P48445",2,2,1,NA,NA,NA,20.7791100573905,20.33151372458,21.4206071414647,20.2627429231245,21.1124261433414,20.8968832705913,-0.607001141300267,0.550973701495284
"P32660",NA,1,2,NA,NA,NA,20.5780098287017,19.9804813793171,20.8757950887442,20.3538469172909,20.9572895637418,20.1120737111131,-0.654897491155533,0.136175483003155
"Q86WQ0",1,1,1,2,1,1,20.7377923873792,20.6466749404244,20.7417521086745,20.8346932442531,21.0939777843674,21.0472164585694,-0.0149792123914002,1
"O60645",NA,1,1,NA,1,2,21.681994672409,21.4230730684197,22.9544937320434,21.7358816619788,21.9322471977061,22.0697277145536,-0.446684385735466,1
"Q9Y3C4",1,1,1,1,1,1,20.5050956759712,20.5517480401622,20.4602145163541,20.5586880023544,20.6402845538604,20.7098363496835,0.0715592153381325,0.950287807430665
"Q5T0F9",NA,1,1,NA,1,1,19.6319162894181,20.0502060421588,18.2176501006017,20.4451502700512,18.1453508680696,19.9463242046176,1.4822544195794,0.041869023099938
"Q12974",2,NA,NA,NA,NA,1,21.773780306776,21.528113773665,22.2794476380059,21.9381966606085,22.1236017246449,22.0246956691635,-0.228607855329933,1
"P00954",NA,NA,NA,2,1,NA,21.8043974273365,23.1947751865998,22.1452334423271,23.5290270408512,22.2188919181434,23.9040132790159,1.48643090621997,0.0285595879879881
"Q96EV2",NA,1,NA,2,NA,NA,21.006180354287,21.049358514272,21.4364301957597,21.0916800797011,21.0370500398075,21.4944474098986,0.0519418046724998,0.999069349868874
"P0A9M0",NA,NA,NA,1,2,1,18.7409049042243,20.4710270625287,17.8503798247638,20.6578430863437,19.3191017969163,21.0271949703049,2.0818928644243,0.0126931502168836
"Q9Y2R4",1,NA,1,1,NA,NA,20.1841051906972,20.2997868297151,20.2961057041834,19.9151840754125,20.3598874611796,20.0595017399821,-0.188541903650166,0.789349417058655
"Q9UGJ1",NA,1,2,NA,1,NA,21.6977501557359,21.8009717637418,21.6599352648269,21.5658910456799,21.5971480326727,21.8645557020588,0.0921950194150014,1
"P67812",NA,2,1,1,NA,2,20.0003059315756,20.8340356274383,20.5366020015698,20.721432691256,20.431729423725,20.4522462685515,0.3463590767918,0.528080349087201
"O43617",2,NA,2,2,1,2,22.8219961945667,22.8807761741999,23.4575151474839,23.0105269107608,23.3520942233391,23.2294085391846,-0.1702979804148,1
"Q9H081",NA,1,NA,NA,NA,NA,19.8464031461758,20.3089611151247,20.2519065153396,17.9861634708168,20.186664529703,19.9348549759257,-0.684998209783733,0.88016226757521
"P17883",NA,NA,2,NA,NA,NA,21.3502100142102,20.8426824820772,20.8365200343419,20.676911656484,20.9729668186873,20.909830107426,-0.243424207084067,0.983897015147015
"Q07381",1,2,1,NA,NA,NA,20.7369391388644,20.0581760815437,21.8709960194175,21.7644121127739,22.0827852698534,21.8915630851095,-0.3255230495694,1
"Q6GMV2",NA,2,NA,NA,NA,NA,20.8209672533154,21.4197109024854,22.6296144250954,20.6059270715667,22.7298968098614,20.5966607809469,-1.18605991109107,0.557589627536592
"P0AEN1",NA,NA,NA,NA,2,NA,20.833938570299,21.4231994093787,19.4450071444993,20.9728760437704,22.0314326590628,21.1482959609048,0.411331013397599,0.912555135856425
"O95139",1,1,1,2,NA,1,20.773890347722,21.6220781910525,20.4313504343981,19.0594872169369,22.034353329829,21.940321483995,-0.2059024066549,1
"Q5JVF3",NA,2,1,1,1,2,20.3147837484718,20.6857242792368,21.5390359547861,21.2103372158079,21.2624827233412,21.4681768002608,0.0826452895687998,1
"P57088",2,1,NA,1,NA,NA,21.3656305489672,21.5171987630935,21.5930208448309,21.372264486882,21.7146362617427,21.8327808101002,0.0163188015116328,1
"P0A796",NA,NA,NA,NA,2,NA,18.6965436451423,21.816969077492,19.9603333348776,22.1885189733739,19.7234643040889,20.9351028934045,2.18674988672053,0.0203755923182437
"P54000",NA,1,2,NA,NA,NA,20.576397043302,18.9502143932142,21.2835871986545,20.62346380947,21.4511761409476,19.8874528614396,-1.2833431062601,0.226947617683136
"P32495",2,NA,NA,NA,NA,NA,22.4339345632306,21.2959311652761,22.9574818510626,21.6772174573046,22.9831199091135,21.9520548582295,-1.14977761419883,0.0653592796101069
"P56282",NA,NA,NA,1,1,2,20.8297476999473,19.3150861058827,20.9659663711532,20.9087235454431,21.0630461103971,21.4868679114619,-0.382694206236634,1
"P06720",NA,NA,NA,NA,2,1,19.7754241163129,19.2665928293041,20.2527882771003,19.899437234331,18.4289615928592,20.4209062351403,0.376587437500999,1
"Q12211",2,1,NA,NA,NA,NA,21.5227007688789,21.2939937106893,21.8812937014405,21.6795229452007,22.0393755983194,21.9228095812251,-0.182347943841234,1
"Q7Z3J2",NA,2,NA,NA,NA,NA,18.0477122200513,20.9575859977659,21.2369527030695,20.3477469190247,21.3498324720519,21.4233767811099,0.698070767575935,0.839405472202869
"P46971",1,2,2,1,NA,1,21.3667992340103,20.4264743823234,21.860846675423,20.5390365513392,21.5225994893587,20.635940814514,-1.04959788353847,0.0583016080768192
"Q9NUQ6",1,1,1,2,1,NA,19.0930403087069,19.1314211710794,19.289743976253,19.5044262313821,19.5142269205749,19.4694105354117,0.0694155774461341,0.999069349868874
"Q8IV08",1,NA,1,2,NA,NA,21.5898373016502,21.7089395716892,21.6329377494618,20.7347152011732,21.6704288004885,22.0191658295443,-0.143461083064601,1
"P38998",NA,1,2,1,1,NA,20.2841956076771,20.776123350428,20.5202541858343,20.2770776419923,21.9492537490474,21.1093302869515,-0.197057421062333,1
"O94880",NA,NA,1,NA,NA,2,20.3727870913753,20.4183870494442,20.7689885123706,20.1906713884619,20.6902928086682,20.3978252783153,-0.275061565397568,0.91027114593167
"Q9BQP7",1,NA,2,NA,NA,1,20.8590978606865,19.808491328828,21.174636960797,21.0349131191279,21.4797933365783,21.4791913831746,-0.396977442310432,1
"P11279",2,NA,NA,1,NA,NA,22.2636958714298,22.4204565433443,22.7510622292954,22.4163892084297,22.651430585084,22.7225088423042,-0.035611363910333,1
"P0ADS6",NA,NA,NA,2,NA,NA,21.35642429741,22.5374760246749,22.3039930679938,22.2645339455702,22.5092812555606,22.5428000962912,0.391703815190631,0.836667455114775
"P12754",1,1,2,NA,1,NA,20.1661686004497,17.6866654116539,20.3914528608713,18.1235522941384,20.506318962535,19.3771986236986,-1.95884136478837,0.0165762914140767
"Q9Y2L5",1,NA,NA,1,NA,1,19.2259778907442,19.1279148472736,20.2094585775305,19.9344739419448,20.1656102756991,20.4781921782982,-0.0201552588190665,1
"P36047",1,1,2,NA,NA,NA,20.8809858408603,21.2891477385785,21.4943989437021,20.4931122240827,23.2241818961575,21.3985607866045,-0.806248643818068,0.82750865684002
"Q9BTC0",2,NA,NA,1,NA,1,19.9804098205085,20.0085472778732,20.6261939518797,19.9340090732128,20.7161575619678,19.9701893816546,-0.470005200538467,0.631252614788805
"Q96NW4",NA,NA,NA,NA,NA,2,21.6926994575447,19.9842527770184,20.1456299444489,19.7654538434556,20.2139380912775,20.4697337195122,-0.6109423844283,0.789349417058655
"P22855",1,2,2,NA,NA,NA,20.576114317925,19.8700100170648,21.3024821869258,20.4389932030704,21.1732130760107,20.3958392563402,-0.782322368128701,0.136175483003155
"P18956",NA,NA,NA,NA,2,NA,17.9491774248439,20.6845217777424,21.6005914785683,21.1979422528062,19.7417272110643,21.4538478385274,1.34827191819983,0.50522739765875
"Q06168",1,2,1,NA,NA,NA,21.3185461195232,20.3958180803683,21.3661981312447,20.366643179467,21.5758230033747,20.4877436360035,-1.0034541194346,0.0561284181598124
"Q7Z4H7",NA,NA,NA,NA,NA,2,21.5803267784079,20.8820291447477,22.166119705844,21.1826734959775,23.4931256651492,20.8801481126143,-1.4315737986872,0.16528584292351
"P40469",NA,NA,2,NA,NA,NA,19.443983203869,20.1705012193274,19.9747133930695,19.7826086588644,20.5184577044919,20.5276149286213,0.1811901684609,1
"Q96BP2",1,NA,2,NA,NA,NA,21.008977195182,21.1046934436983,21.5199403348577,21.1805833131888,21.4515860521131,21.3851030051245,-0.103374606713733,0.994725697058759
"Q9Y5T5",1,NA,2,NA,NA,NA,21.3858260725124,20.8738815055292,21.8913502215454,21.6224095828158,21.9514136788189,22.0454352288547,-0.228954551892334,1
"Q8TA86",NA,NA,NA,1,2,NA,19.952802378001,19.6369368770983,20.6109340368764,20.8319063967874,20.3875686654623,20.1320774676735,-0.1167947795935,1
"P07347",2,1,NA,NA,NA,NA,21.9323146104058,18.6659273528188,21.708676302829,20.447469960888,20.6092205710447,23.5016845074688,-0.545043221034633,1
"Q8N1B4",1,NA,NA,2,2,1,23.2764578399901,24.0829465157857,23.9862739849894,23.6216920672171,23.9386405212174,23.9172625300167,0.140176255607533,1
"Q92947",1,1,1,NA,2,NA,20.8736710853568,20.8208544130034,20.7748740023629,20.7449348202536,21.0638213038426,21.2766798977026,0.0433675797990993,1
"Q8N9Z2",NA,1,NA,1,1,2,22.8101640525989,22.0662997845274,23.226473785955,22.4271381301573,22.9262622384163,22.9930772820051,-0.492128293426801,1
"Q02647",1,1,2,NA,NA,NA,21.1954806481794,20.5079511472611,22.1692445540709,20.8019033002682,22.2002165965037,21.1714849958253,-1.0278674517998,0.202377763104179
"Q9Y3C8",2,2,2,1,2,2,22.7209504054465,22.291144556624,23.1313019967717,22.8040237554254,23.0286224051359,23.1440540208789,-0.213884158141932,1
"Q9H6W3",1,NA,2,1,1,1,20.4307320038838,21.0878761878569,21.2878622767935,21.0350260916443,21.4196607593806,21.4216629427021,0.135436727381799,1
"P0A9K9",NA,NA,NA,1,1,2,21.1973818432551,22.2469707554851,19.0390919017699,21.9925689585879,20.7436308439044,21.9190164159373,1.72615051369363,0.0930614402995901
"P42839",2,1,NA,NA,NA,NA,20.9797794657345,20.6844112367922,21.1383066467632,20.8207924903905,21.7589478097247,20.9179450979372,-0.484628365700833,0.317377390149142
"Q06679",1,1,2,NA,NA,NA,20.4340514276781,20.5267787151257,21.0559109326706,20.7411097840452,20.9433774379231,20.9219117425446,-0.0811798521854321,0.999069349868874
"P38694",NA,2,1,NA,1,1,20.2321983933422,19.1358847532365,20.9696763494718,18.7219949193921,21.2168376101897,20.3718973246435,-1.39631178524387,0.139602677800201
"Q8WWC4",NA,1,2,1,1,1,20.978620393975,21.5167213730143,21.5513503649898,21.225188898905,21.330610019888,21.3019891356863,0.0611062095842657,1
"P26374",2,NA,NA,1,1,1,22.4878567126904,23.6401796106464,23.1258882750885,22.8828946934163,23.0251417594295,23.160915151142,0.3483675693321,0.88522076265297
"P32474",NA,1,2,NA,NA,NA,20.7300146041969,21.0381823859542,21.4108755840973,21.0047997818134,21.9144540233743,19.9436936469179,-0.689556132327667,0.791042849767682
"P30533",NA,1,1,1,1,2,19.7664325643894,20.7341396298065,20.663073339622,20.6365040375173,20.8752486803507,21.0383920690226,0.3680937173281,0.675374180261775
"Q9H0G5",2,NA,1,1,1,1,20.7333698825893,20.5145686324806,20.8212476958522,21.1333653517451,21.0292354883927,21.0044145689227,0.0228318287713994,1
"P46669",2,NA,NA,NA,NA,NA,22.069196684084,22.0610550331442,22.6985706175545,21.7498900859408,22.1191982467614,22.2627108128521,-0.2711032054876,1
"Q9NZQ3",NA,NA,2,1,1,1,19.7414424953494,19.8488694125797,19.5146171529387,19.512043934813,19.9179342696887,19.8411259691532,0.00934846618969942,1
"P62256",NA,NA,2,2,NA,1,20.5393956125968,20.7801210068727,20.9474585874502,20.7096007980734,20.8812325454078,20.6787812881016,-0.0665278841356998,0.999069349868874
"P04983",1,1,1,NA,2,NA,22.8419151819179,21.9560984489102,23.2939465771465,22.3659456627744,23.3412785603767,22.6385112615711,-0.838861648728467,0.202942354306606
"Q9NR33",1,2,NA,2,1,1,21.5918142742462,21.4668036276938,22.2100641187079,21.803381471546,21.3707360890265,22.1702634236032,0.0892780136207989,1
"Q8IVS2",NA,NA,2,NA,NA,1,19.7422706810311,21.9705647928463,21.0732689795579,20.2938649370847,20.7632453997713,21.0619097240926,0.5825181312211,1
"P40425",NA,NA,1,NA,2,NA,20.0347408735707,19.5539772448393,20.2800738055248,20.3873993267723,20.6170290848738,20.5509274678653,-0.146513241497467,1
"P00960",NA,NA,NA,NA,1,2,19.1033049454371,20.0660985479265,19.45504031774,20.0267003861514,20.2117824225731,20.8086366551689,0.710435967832201,0.269175320161476
"Q16762",1,1,NA,2,1,1,21.4778628666972,21.8442682475328,21.8762170596221,21.6393535166124,20.8586615537763,21.8668880011414,0.379256095063666,0.853928761663373
"Q03579",1,2,1,NA,NA,NA,21.5598874748325,19.9059174345271,22.1490204818265,20.7686578462559,22.2690667376299,21.8854796632871,-1.13930658340627,0.384941218068701
"Q9NQW6",1,1,NA,2,1,NA,20.777738508847,20.0971205467105,20.2841177923731,20.4280595526546,20.5844590770058,20.8958215383519,-0.075104580169634,1
"Q8N5P1",NA,2,NA,2,NA,NA,20.5559503654835,20.4360258656857,20.9890983825014,20.6110615052396,20.9131071703359,20.8341475341263,-0.192307004423067,1
"Q08979",NA,2,NA,NA,NA,NA,21.9217730331799,22.7832043890867,22.9311758323163,22.8625073971071,22.9585600607135,18.5015390930019,-1.22141934900467,1
"Q8NDD1",1,NA,NA,2,1,NA,20.6099594100375,21.4970861754283,20.1205005155989,20.7715507239339,21.0767712426803,21.2017063612515,0.554370697432333,0.430018505038457
"Q6P6C2",NA,NA,2,1,2,2,20.4113434020205,20.1728965509877,20.8489487648702,20.6742207214158,21.146317578338,20.7742101631517,-0.261760769891166,0.9618312721761
"Q9H6R0",NA,NA,1,NA,NA,2,20.148033678421,19.6567526049478,18.6935593735715,20.7212069541299,20.5664059833727,22.4063430837701,1.12543453582753,0.598440739489564
"Q8NEZ5",2,1,NA,1,NA,NA,21.0902335913424,21.0919873403055,21.4487072945029,21.1173127181721,21.5752063762499,22.196651349507,0.0972680486298015,1
"Q99797",NA,NA,NA,2,NA,NA,19.7758700445814,20.5862176572261,20.2753289858407,20.3152229682215,20.1416077778873,20.512353956954,0.4069959246974,0.351316127461796
"Q96H55",2,1,1,1,1,1,21.6732621623972,21.7668430825443,21.943675935724,22.2053491029012,22.2063107506641,22.5272723648182,0.225405233826132,1
"A6NCE7,Q9GZQ8",2,1,1,1,1,NA,23.204257544403,23.2143847900417,23.724940326569,23.364675310987,23.5480443686149,23.6434746405296,-0.0849024993428671,1
"Q92990",NA,1,1,2,1,NA,20.9121843577009,21.4785672080911,21.4650514333424,21.4260988738986,21.6274163244318,21.7075163798387,0.2025101154511,0.932728209687362
"Q8IV48",NA,1,NA,NA,2,2,20.4344535116332,21.368937747217,22.0406333710072,21.664941458755,22.082932551594,21.9573805310685,0.144413434268701,1
"Q09472,Q92793",NA,2,1,NA,1,1,21.5395772489347,21.1559623716746,20.4723912645862,21.9606742123757,20.8009692998986,20.7599617129569,0.354553494529233,1
"P07014",NA,NA,1,2,1,1,23.8470921470426,22.9653040401847,24.1159624972935,23.7271585974418,24.70333268597,24.0291994219689,-0.648241756903565,0.873300997037588
"Q14789",NA,NA,NA,NA,2,NA,20.8888197842274,20.1017131642985,21.2111671909307,20.7348255754737,21.3290379207185,21.079449626457,-0.504345509882467,0.779088786859449
"Q92828",2,NA,1,1,NA,NA,21.6374790331106,21.5723394040016,21.9075954146955,20.4121414541754,22.1744774153663,20.3942645897056,-1.11360213842993,0.185825173012317
"Q03111",NA,NA,NA,1,1,NA,19.5289102225892,19.7794757053948,19.5402253796684,19.8531323909575,19.686038052562,20.2640496634009,0.380494701644533,0.508970671717728
"P35270",NA,NA,2,NA,1,1,19.7674030239737,21.450653992763,20.4906484397947,20.990562006327,21.481399618354,21.5495687140867,0.750444543684767,0.521981932658089
"P47096",2,1,2,NA,NA,NA,22.1089439337569,19.8266944264172,22.4883883731749,20.124513094431,22.3467218853154,21.0054928031296,-1.99578462275647,0.0194917968234617
"P29468",NA,NA,2,NA,NA,NA,21.4625846464006,18.9020926921511,21.6583293933254,18.5704664146839,21.9035790440698,19.0402472264888,-2.837228916824,0.00225861571063236
"P38074",1,2,2,NA,NA,1,20.3024357538472,19.6126788705611,21.4263848015969,20.0457300039144,21.490121774846,20.7578382018398,-0.934231751324932,0.444749385658455
"Q92576",1,2,1,NA,NA,NA,20.1199291308196,19.7214535524237,20.6761200010566,20.3952169191288,20.702450460361,20.4684088865362,-0.304473411382833,0.931073272454248
"P0AAI5",NA,NA,NA,2,1,1,19.8126505119114,20.9831615866041,20.1633778848404,21.235581006677,20.2012114458364,21.7877003372013,1.27640102929807,0.0350736436440175
"Q9GZT9",2,NA,NA,NA,NA,NA,20.5637797739739,20.0691719241168,18.8219464001275,20.3928515459035,19.2295569904675,20.370515947187,0.739085417546133,0.253285682423049
"P53680",NA,1,1,NA,NA,NA,21.1316103538127,20.9264127332247,21.7177017308472,21.4460890467552,21.7196309260854,21.6343477726509,-0.187364486038165,0.985211633792075
"Q5T440",1,NA,NA,2,1,1,20.3223589502743,20.4030845989362,20.8942069828973,20.2708181493578,20.3356754833355,20.8507556970063,-0.00919432373559914,1
"P77395",NA,NA,NA,2,1,NA,20.7932156122723,20.6460658952648,21.2302669103239,20.6815778248622,21.3195802044615,21.3197805666007,-0.231879480109999,0.983852834308247
"P52488",NA,NA,2,NA,NA,NA,18.6154874307667,20.3229736456193,21.7861877530135,19.7766966636506,21.9265032216431,18.2738374326124,-1.31822355451367,0.777888740817426
"Q13888,Q6P1K8",2,1,1,1,1,1,25.3736326486875,22.3019740695159,21.269240846583,22.0257301374204,20.6374875503592,22.3862956352061,-0.1887870678291,1
"Q13158",NA,NA,2,NA,1,NA,19.1073036240704,19.9445689212655,20.2431702055257,20.2295276534804,20.7783793736401,20.7641959384646,0.269813103324766,0.952614166619105
"P43586",NA,1,2,NA,NA,1,20.3491807837613,20.4485042756446,22.0006037047575,20.8259331339794,21.9265191470174,21.1798778149274,-0.607329470328267,0.842034377809797
"Q9BYW2",1,NA,NA,2,1,NA,19.9545706664905,19.6690661717132,20.1553327534773,20.9676287403677,20.677261983492,21.1081721933065,0.319233900642535,0.891914679762173
"P40956",2,NA,NA,NA,NA,NA,20.1004732182212,20.1864851571053,21.2124782768219,19.6090188635837,21.4425566846684,20.4570945149526,-0.834303214689967,0.613662894517578
"P46013",NA,NA,1,NA,NA,1,17.9145336921951,19.6861109632082,19.0952547109773,19.5496439044767,18.7529341941678,19.3528026424277,0.941944970924133,0.117323747785036
"Q9UNS1",1,NA,NA,NA,2,NA,20.4136755657979,20.7296773715277,20.5062126515944,20.4680523431994,20.9993644735777,20.4582465105122,-0.0877588219102326,1
"O60671",NA,1,NA,2,NA,1,20.5185173703336,20.8694285480574,19.7069769475332,19.1608610077064,20.0306482791961,20.9120989986634,0.228748652454766,0.98588065347755
"P0A6N8",NA,NA,NA,NA,2,NA,19.8645583468115,19.8757724152094,21.1304354496084,21.4172815884973,19.1058647328476,20.6846201205635,0.625605198334235,0.50522739765875
"Q86V48",NA,NA,NA,1,2,1,20.1647429323411,20.092782621846,20.5873863360862,20.7141471861009,20.8674521997479,21.0050746995403,0.0641410131040002,1
"Q9Y324",1,1,NA,NA,1,2,20.6065764553346,20.6415918374828,21.0720791075445,20.6470541067847,21.1405475612294,21.099424385018,-0.143710931607667,1
"P41734",NA,NA,2,NA,NA,NA,19.5598879321604,20.5861823737335,20.8424784876535,19.3359030442465,20.3956928482053,19.1190213716878,-0.585650826117134,0.253285682423049
"P48582",2,1,NA,NA,NA,NA,20.0298776231442,19.4893408502045,20.7385176247918,20.3393634435007,20.956407709619,20.6825795294282,-0.404506378140533,0.902196319200368
"P0ABF6",NA,NA,NA,2,1,NA,22.4397910716152,20.5021259767804,19.6996174554749,20.7465561441502,20.6294248834166,21.0275267361804,-0.164208184465235,1
"P32916",NA,2,1,NA,NA,1,20.0349629691314,19.2736809266943,20.4205421240681,18.3547474955188,20.0291488667854,19.5948373603769,-1.08712939246496,0.041869023099938
"Q9UFW8",NA,NA,1,1,NA,2,21.2059438523209,20.7915057260946,21.2676742519247,20.5451715254467,20.9587262452584,21.5262112253824,-0.189818624193433,0.990137950071519
"Q92625",1,1,1,NA,1,2,18.6786925601655,18.7682136007868,19.2706433638712,21.2627414896454,20.7309888342048,20.766121431861,0.705583921350565,0.766206924213952
"Q9BRU9",NA,NA,NA,NA,1,2,18.1319647950595,18.2813473904184,19.5351178846518,19.6767506110704,18.8027616758786,19.9361379149401,0.474797186946334,0.783370756356987
"Q06010",NA,2,NA,NA,NA,NA,20.3660851183688,21.9370828183011,22.2816039386275,21.5234164663536,21.0373736819185,20.8624801550042,0.212638900248032,1
"Q5TZA2",1,2,1,NA,NA,NA,23.4434372032056,23.6319434757092,24.7918019913479,23.9912361143912,24.2256911072791,24.5895636030154,-0.0827290362389341,1
"O75438",1,1,2,1,1,1,22.3567641257585,22.4484882698394,21.7029366492529,22.277861737227,22.6073104447658,22.4964948091062,0.185277865465133,1
"Q5TEC6",2,1,1,2,2,1,26.0793483814671,25.1231198502294,26.6087686203654,25.5905430787908,26.5147538980774,25.9457094061715,-0.847832854906066,0.237792956201092
"P55199",NA,NA,2,NA,NA,1,19.9478951504072,19.515073693096,19.8704989635239,19.8392235984397,20.1751409231192,20.275124639043,-0.121371035490534,1
"P32623",2,1,1,NA,NA,1,22.6106871756548,21.2887534493162,22.9404478469459,21.4924184950548,22.8581984596947,22.0784163334207,-1.18324840150123,0.0621136846476584
"P48454",1,1,NA,1,1,NA,19.442637679392,19.2443799564488,19.8476839253328,20.2079371882364,20.1978119488918,20.075206069541,0.0131298868698669,0.999345634673082
"Q99933",NA,NA,1,2,NA,1,19.0794921016605,21.7687975508323,21.4702058061995,21.5635611339309,21.7309246974014,20.7439228260192,0.598552968507002,0.809537473591096
"Q9NX47",NA,NA,1,NA,NA,2,19.2457328554873,19.1620232267778,19.9320202352862,19.9323146104058,20.615524797621,20.5777314569445,-0.0404028647554663,1
"P42696",2,NA,NA,NA,1,1,19.5358275830015,19.1784496735351,21.2666375826283,19.7776080946114,19.740567226977,21.1739654403547,-0.1376697280352,0.999069349868874
"Q08225",NA,1,2,NA,NA,1,20.8814317831611,21.0684189618063,21.4786374381851,19.2949600296686,21.4185732539117,21.1783270262528,-0.7456454858434,0.808038501892387
"O95563",1,1,1,1,2,1,21.3205886227219,21.1995173415331,21.7965781401699,21.3122388738752,21.9179240712539,21.6541380925224,-0.289732175405001,0.918572246611949
"P38793",1,1,2,NA,NA,NA,20.0979388829283,19.9281464085186,20.3789451660566,19.6370256713411,20.6513771517397,20.0249264294906,-0.512720897124767,0.592012062793992
"P17482",2,NA,1,1,NA,NA,20.7170660741061,20.8016126543822,20.5825643270652,20.749619145068,21.0389899673366,20.7613859715235,-0.00866753251140059,0.999345634673082
"A5D8V6",1,NA,NA,2,NA,NA,21.1778986668382,20.7425894581061,21.1669748925126,20.8640005745116,21.1811417903279,20.9819896407638,-0.312478558765733,0.384356865057438
"Q9BTU6",NA,NA,NA,2,2,NA,19.9543521737271,21.1435303542948,20.5546422458139,20.3168179121415,20.7679098332889,20.5963952034556,0.259946405687334,1
"Q15528",NA,NA,NA,2,NA,NA,20.445371691523,20.5256653699551,21.7019637903969,20.7234251394684,21.3072989382625,21.0494080404775,-0.385378623427134,0.897038921669463
"P27105",2,2,NA,NA,1,NA,21.0701442072226,20.8078454314588,21.5001331322244,21.2831260904378,21.4771846209053,21.6429385838375,-0.104517284872734,1
"Q8WVM0",2,1,1,1,1,1,21.2544580443334,21.7998700180425,21.7035768667516,21.4704295029644,21.770850172655,21.972417525638,0.171277320968301,1
"Q96AT1",NA,NA,NA,2,NA,NA,21.6734309348149,21.3905237576311,22.0788723371183,22.0110606919433,22.0971273061414,22.113714668431,-0.111377153356399,1
"Q02809",NA,NA,NA,NA,NA,1,19.6713095457798,19.9426424731007,NA,20.0620869933984,21.4156871034628,21.9573113566006,0.110515283078599,0.50522739765875
"P25560",2,1,1,NA,1,NA,22.1658733683165,21.1572399081857,22.8335754646675,21.4024423492874,22.6468806823944,21.7934088307862,-1.09774614237303,0.0798742502732134
"P40096",1,2,1,NA,NA,NA,22.4438016514477,20.6204845260099,22.9426608090149,20.4466305165626,22.959694944221,21.1140307799454,-2.0550038607219,0.0159043695034715
"P36059",NA,2,NA,1,NA,NA,21.2306303139192,20.3638863689891,21.9954405078998,20.3253938506598,21.3610942869486,20.7991736980824,-1.03290373034543,0.103774130181976
"Q712K3",1,1,2,1,1,NA,21.6240258976423,21.3238979458123,22.2745834702294,21.8817980698182,22.2550784332296,22.1862202041259,-0.253923860448301,1
"O43716",1,1,1,1,2,1,20.8193024308901,21.0188455455353,21.5215668945272,20.9340430124604,21.3093209132669,21.391199266141,-0.102034138182501,1
"Q96E29",NA,NA,2,NA,1,NA,19.4795868751243,19.7732689146303,19.9556488434178,20.2410126842894,20.3434732331878,20.2008158652697,0.145462837486499,1
"P07004",NA,NA,NA,1,NA,2,NA,20.4706355414377,NA,19.1262122883847,NA,20.5841697869207,NA,6.33217447670198e-05
"Q9H900",NA,NA,NA,2,NA,NA,19.9540484270205,20.9603297144823,19.9886754097544,20.6208182971366,20.8773842123466,20.6149573655826,0.458665776026668,0.456335363329983
"P39451",NA,NA,NA,NA,2,NA,19.3102766076855,20.7590276880785,19.9941146254292,21.045463559204,20.053058157615,21.1389582636002,1.19533337338433,0.0356592936916816
"Q13952",1,1,NA,2,NA,NA,21.6654712467815,21.5099919249052,21.5751262634714,21.408573086704,21.7353689527602,21.6564986225561,-0.1336342762826,0.958512466270943
"Q9BY89",1,2,1,NA,NA,NA,22.0973314890538,21.1858093023018,22.802090620403,21.4468382153806,22.7803460231934,21.7861690039658,-1.086983870334,0.0914223931241937
"Q06708",NA,NA,2,NA,NA,NA,19.9319163900209,20.8331892006076,20.9941284471244,20.3327462797143,20.3864670822523,19.9103120554456,-0.0787547945433656,1
"Q12387",1,2,1,NA,NA,NA,20.1168820283776,19.6382398946238,20.6628328515796,19.8994686702204,20.5875682103243,20.5152214705334,-0.438117684967966,1
"P0C037",NA,NA,NA,NA,NA,2,20.3005374572427,20.8472915670745,20.6434963340784,21.2325793152176,20.8505966221117,21.5734517658552,0.619564078238167,0.294977928368097
"P33317",1,2,NA,NA,1,NA,21.8723209257269,20.8415520631497,22.5666097935618,21.4051106824794,22.5908401148,20.8210020039862,-1.3207020281578,0.0565415321125402
"Q7L1T6",1,1,2,2,1,1,20.2170492094777,20.1771694945384,18.8314820830261,20.5711619400427,20.9813482127075,20.9430599144204,0.5538372812634,0.766206924213952
"P38153",1,2,NA,NA,NA,NA,19.9453856080868,18.8459438539236,19.8762671931416,18.7496306995302,20.6705049808643,19.020041961468,-1.2921804223903,0.0165762914140767
"Q9NZD8",1,NA,NA,2,NA,1,20.7869302387869,20.4063256949306,21.2901524707145,20.7450496528645,21.5142924354341,20.7145475989522,-0.5751507327294,0.581992965941519
"P06245",NA,2,NA,NA,NA,1,22.4281242321548,23.2932838792538,23.4723125430377,22.1753463966421,22.9383718519935,23.0607534796707,-0.103141623873133,1
"P38698",NA,2,NA,NA,NA,2,20.3551260341894,23.0584624847513,21.3559703069191,20.2027629414654,21.4270125174305,20.6638427623438,0.262319776673833,1
"Q02932",NA,NA,2,NA,NA,NA,18.5776257998794,17.4968282710381,19.1252561010208,17.1422711266055,19.837011034385,19.1875678842286,-1.237741884471,0.593215006930749
"P15586",NA,NA,NA,1,NA,2,20.3814875031187,20.159043356497,20.1778109423545,20.0735677586441,20.3190604285182,20.2442125437055,-0.133845071714932,1
"Q6P1N0",NA,NA,NA,NA,2,NA,20.6307197184404,20.1402525004087,20.3224830105636,20.0434804316917,20.621041290172,20.3502908207625,-0.346740088771033,0.902595126663741
"O95167",NA,1,1,2,1,NA,21.1318250971753,20.6787298294857,21.3549388589239,20.8244273994736,21.2779054274299,21.1896650255494,-0.357282376340135,0.83844547936406
"P40161",2,NA,1,NA,NA,NA,21.2209078897719,21.1205671168581,21.6836380352347,21.5028264637052,20.6831020283483,21.4967560298497,0.1775005523527,1
"Q8IZH2",1,1,NA,2,NA,NA,19.2701173514683,22.5634686179225,19.9428128310021,20.0580602884766,20.5715695790702,19.5141941668464,0.783741103901633,0.787534254237444
"P48836",1,1,2,1,NA,1,24.5023371298786,24.5149045969215,24.9545497302767,24.7235389847403,24.9665901161109,24.9154476983374,-0.0898618987556669,1
"Q96F24",NA,NA,NA,NA,NA,2,19.7930301178427,19.6787825687419,21.1451410650057,20.0179613827837,20.3986192353377,20.3860821926363,-0.4179880913414,1
"P07143",2,NA,1,NA,NA,NA,20.8854670916157,19.0970649265184,20.6307454877741,19.1585217012897,21.5182748352158,20.3411115744773,-1.4792630707734,0.0680877415015776
"P0A8R0",NA,NA,NA,2,1,NA,20.847189470521,20.9627839468783,18.8512233900331,21.5388041799834,21.4111561378532,21.857992286634,1.0833371383628,0.479569610717152
"Q32P41",NA,NA,1,1,1,2,18.1804599548108,20.2125314138587,18.9805362977027,19.5183363097356,20.1259593625245,20.054484091014,0.832798733190099,0.253285682423049
"Q9UIF9",2,NA,NA,NA,1,NA,19.6394971523063,19.8530298538162,20.32644978629,19.8261096966152,20.2943823634345,20.1451413760504,-0.145349458516333,1
"Q8NBF6",NA,1,2,NA,1,2,20.8270689659369,20.2005773154694,21.2712833443806,21.1230726330363,21.3821770198974,21.4573743657348,-0.233168338658133,1
"O95573",NA,NA,1,NA,NA,2,19.7752422367653,20.428233643838,20.7150924850225,20.7178654886488,20.4097646040193,20.620360688916,0.288786831865233,1
"Q9NVM4",NA,NA,NA,2,NA,NA,21.8698528554592,21.6462545775827,22.3114804529382,20.3108730352436,22.7679425568704,20.2556216309858,-1.5788422071519,0.0861379109410863
"Q8TD16",NA,NA,NA,NA,NA,2,20.3742278760093,20.8343956273099,20.9173700761532,20.8652739520819,20.7150388438347,21.0016122960119,0.231548359802165,0.617329199731706
"Q86U38",NA,1,2,NA,NA,NA,17.6983700227547,19.3308740859746,20.1839857422654,19.8048292888172,19.8272075941223,19.7404572910889,0.388865768912768,1
"P40087",2,1,1,1,1,NA,22.2610039263191,21.7856550056554,22.8253734234401,22.309448597824,22.6545466596485,22.6336749688637,-0.337381812354865,1
"Q12133",2,NA,NA,1,NA,1,21.2425904640042,20.2708040313633,21.6508037136676,20.0013418723313,21.8097517439883,20.2052130575475,-1.40859565347267,0.0357204664670706
"Q9UGM6",1,NA,NA,2,NA,1,20.3549324041713,20.7838078728683,21.1762799985513,20.8347007658561,21.1581581713839,21.4485749763291,0.125904346982332,1
"Q9Y3A2",NA,NA,NA,NA,2,NA,20.3177998386888,20.5275089823611,21.5811354012731,21.4738750383439,20.4743239795538,21.4731369327196,0.367087244636298,1
"Q7Z3C6",2,NA,NA,NA,NA,NA,21.0817782524225,19.6852980310825,20.6926182683784,18.6461532678636,22.0590106875464,20.0241672414137,-1.82592955599583,0.0451328391258042
"Q9BSY4",1,1,NA,1,2,1,20.6355158682901,20.9466953549893,21.1777574232386,20.8446578815525,21.1167373791056,20.9210542179337,-0.0725344053862666,0.999069349868874
"O75146",NA,NA,NA,NA,NA,2,19.2757586404459,18.9672958426923,19.7371549992967,19.3789522972068,19.5347679570087,21.3154608318522,0.371342458333334,0.934861328241769
"O60870",1,1,1,NA,2,1,19.3097694247929,24.9466774200589,19.9887996114563,24.7714575315359,19.7130550245985,21.0306100592388,3.9123736499953,0.0203375374969579
"O15014",NA,NA,2,1,1,1,19.6035745160356,19.3309961802332,19.7971193368953,19.3593645861369,20.2225092665314,19.7763225828019,-0.385506590096767,0.253285682423049
"P05556",1,NA,NA,2,NA,NA,20.3685837241407,21.576946864758,22.0970945055624,20.24416825094,21.9193931989822,22.007230575171,-0.185575245938766,1
"Q6ZT12",NA,2,NA,NA,NA,NA,21.2289726319791,18.4743382009154,21.2960268421075,18.6633632102044,18.7002079113567,18.6225026269745,-1.82166778244967,0.176508892779627
"P51572",NA,NA,NA,2,NA,1,22.1070299363513,22.0179732725679,22.5743390977912,22.3237084609905,21.1145141106802,22.1984559827276,0.248084857154434,1
"Q9HA64",1,2,NA,1,NA,NA,20.7505722653156,21.3747038811131,21.4786149748011,20.7245790082721,21.2027170647632,21.3218192601608,-0.00360071844463287,1
"P68767",NA,NA,NA,NA,1,2,20.108949840653,20.2148929955602,NA,20.0546639309128,21.6109333612191,20.8148298399735,-0.498479345453885,0.900079302141158
"P20484",NA,2,1,NA,NA,NA,21.0262964906763,19.9273841012499,21.151294385276,20.7504566528884,21.3670923575083,20.6567429003254,-0.736699859665634,0.195510090806275
"P15923",NA,NA,NA,NA,NA,2,20.7002761972951,20.1794279009076,21.1361522331777,20.5666593772133,20.9878107212069,20.99795367571,-0.360066065949599,0.883767660910518
"Q9UFH2",NA,NA,NA,2,NA,NA,21.7030419809123,20.8076888245849,21.5813671413241,21.1205592071307,22.1631823785098,21.2023966343489,-0.772315611560566,0.219923939024387
"O00214",1,NA,NA,2,NA,NA,21.7268615355406,21.3235660905378,22.1789574773339,21.6945592786527,21.79370192764,21.9203060554967,-0.253696505275767,1
"Q13043",NA,NA,NA,NA,NA,2,22.7074061080891,22.1453668657941,23.3526306547848,20.1432907181165,20.0137637693667,22.4785663440792,-0.435525534750267,1
"P60002",2,NA,NA,NA,NA,1,22.3735336193812,22.7226268244997,22.8810211403122,22.1740701669047,22.6427866942624,22.6808762785415,-0.106589394669967,1
"Q08548",2,1,1,NA,1,1,21.6991266550269,20.4277372674741,19.4365670686033,18.4545993954164,19.5638814611396,18.592222034152,-1.0750054959091,0.778704013648996
"P61599",NA,NA,NA,2,NA,NA,22.0800665464477,23.2377637189641,21.2184658290879,21.0809739531495,23.0171851075733,23.0872784640674,0.363432884357366,1
"O14686",NA,NA,NA,NA,NA,2,21.5296892152054,21.6171552309979,20.9541686153664,21.4657322926072,21.5226196021696,21.6407089716411,0.2390396875016,0.916111629337422
"P51608",1,NA,NA,1,1,1,19.2741450688403,20.476423608077,21.393462732845,20.1898634594176,21.3934970362067,20.2421878942157,-0.384209958727233,0.998986784743006
"Q9NW68",2,NA,NA,NA,NA,1,21.0667635744394,20.928759614362,21.254983316561,21.208732680606,21.3065842220798,21.3805376901628,-0.0367670426497983,1
"Q9BZH6",NA,NA,1,NA,NA,NA,19.4694332717526,19.3111828778901,19.910864109207,18.8331443937845,19.4335140071354,19.3608044849626,-0.436226543819267,0.253285682423049
"Q8WVK2",1,2,NA,NA,NA,NA,20.9051450360769,20.9069703933516,21.0280807467167,20.6839642609083,20.8514015439874,20.3767422395154,-0.272316811001899,0.932963065815052
"Q5T653",2,NA,NA,NA,NA,NA,20.5316946171596,20.4110161911626,21.5345857236271,20.3645493497018,21.3013743639791,20.6143935298366,-0.6592318780216,0.531884999414871
"Q6IN84",1,1,NA,2,NA,NA,20.403725777586,20.6365991772578,20.9800368720744,20.4975387993248,21.2141139407528,21.1853076862387,-0.0928103091972995,1
"O43318",NA,NA,2,1,NA,1,20.3304729792241,20.8574753486983,20.7323507757226,20.6136552683017,20.9446591644579,21.0822392056767,0.181962301090699,1
"P35842,P38693",2,NA,NA,NA,NA,NA,20.4699865447465,20.0486140801735,20.7073431219707,19.372250673812,20.4127662292981,19.795875969568,-0.791118390820599,0.0601771188344056
"P36156",2,1,1,NA,1,NA,20.9848853448351,20.0420542528057,20.9032182465479,19.6543495390896,20.9804679631825,20.5818090225227,-0.8634529133825,0.134101292491211
"Q8TCG1",NA,NA,NA,NA,2,NA,23.1527614064003,19.6661921313756,23.7772051404635,23.3637091484209,23.0982379051488,23.6824906961627,-1.10527082535113,1
"O75027",NA,NA,NA,1,1,1,19.5343395718182,18.9667267723133,20.2225571772046,19.9064171336166,19.926671695957,20.0220868492067,-0.262779229947733,0.977540066328141
"Q9Y692",NA,1,NA,NA,NA,2,20.9450297571588,20.8404062581638,21.1856918154768,20.9683520664009,21.3969256110368,21.0944949405213,-0.208131306195466,0.999805816673286
"Q96JE9",2,NA,NA,NA,NA,NA,21.7938154197037,20.9110794177544,22.2095133073098,21.3044031301495,22.1279060270847,21.3928926801283,-0.840953175355333,0.140781199812963
"Q9NWK9",2,1,NA,NA,1,1,20.5718690428129,20.7794668883495,20.6842120584957,20.6303894481208,21.0228742104042,21.2734245535301,0.134775192762532,1
"Q53HC9",2,NA,NA,NA,NA,NA,21.0631947625639,20.7770065277501,21.4820383306644,19.8571545737441,21.2221022328527,21.2560295432011,-0.625714893795231,0.76856536161968
"Q8NBU5",NA,1,NA,2,NA,NA,20.6128554520295,21.5002593463377,21.4169838033627,21.1371872286202,21.1286990619025,21.3270764511394,0.268661569600867,1
"P49459",2,NA,NA,NA,NA,NA,22.1799447670782,22.4635559280885,22.1779135657873,22.2073495164526,22.3587638641228,22.5466547605393,0.1669793360307,0.821048665620094
"O75691",NA,NA,2,NA,NA,NA,20.0145895654093,20.5272947944374,19.9643595540426,20.4801257834888,20.5447061335177,20.1907756627494,0.224846995902,0.789349417058655
"P54730",2,NA,NA,NA,NA,1,25.9436922091433,25.449439109839,26.3274972745092,25.1060691083303,26.435492105216,25.3851850464712,-0.921996108076,0.0916869177505135
"Q96BW5",NA,NA,NA,2,NA,NA,20.9951909259427,20.8210029774914,21.5025305282269,21.1892276509028,21.3729333244557,21.4238650499098,-0.1455197001071,1
"P40563",2,NA,1,NA,NA,NA,20.4851836723501,19.5886529911089,20.8341886287137,19.9943369445591,21.1421460192177,20.5193917412128,-0.786378881133566,0.349424401196061
"Q12034",1,NA,1,NA,NA,2,21.9058596155482,20.9439298516826,22.0775366534657,20.8804409244147,21.8474551168131,21.2385720926556,-0.922636172358034,0.0736096935439508
"Q12207",2,1,1,NA,NA,1,23.9119975482714,23.1747402673378,24.309932308757,22.9180530482911,24.1504008736202,23.2159799453829,-1.02118582321227,0.060743210591619
"Q15814",NA,NA,NA,NA,2,1,23.8034188203162,23.9583536705865,24.3779101671743,23.9382931441517,24.3392860953436,24.2707635468488,-0.117734907082365,1
"P21177",NA,NA,NA,NA,2,1,20.2668641643385,19.6647415311602,19.7056340746441,19.8985061795679,19.7505593854196,20.1806758766418,0.00695532098923361,1
"Q12933",NA,NA,1,NA,2,NA,21.172960624309,21.3066118942043,21.0921519172861,21.1939346722513,21.6516388248473,21.3623339469909,-0.0179569509986332,1
"Q13094",1,1,1,1,NA,2,21.0388024705917,20.8025277087056,22.5077744406004,21.4985048559345,22.5809906598071,21.5706048091574,-0.751976732400568,0.969687931162732
"Q9NRY4",NA,NA,NA,2,NA,NA,19.6176728192014,19.8578127544985,20.3248403283073,19.8640224964643,19.1769813310814,20.21706696465,0.273135912340901,0.85967716596182
"Q16594",NA,2,1,NA,NA,NA,20.3961635288302,20.8573819441563,20.757544237469,20.6537200082625,20.7475605572217,20.6827794646329,0.0975376978436013,1
"Q3SXM5",1,NA,NA,2,NA,1,21.8299228288825,22.0072668527603,18.8482604669116,21.4818105154841,20.5052879730673,19.520134035868,0.608580045083666,0.906039185580102
"P38489",NA,NA,NA,NA,2,1,19.0851869978273,20.6960654750144,20.4501724424013,21.1667830904006,19.9451849132388,21.530550409272,1.30428487373987,0.0510658061261832
"P53929",2,NA,NA,NA,NA,NA,20.3982387542465,19.7324151555668,20.8795591324046,19.7322487923021,21.2006666655257,20.0392212913475,-0.991526437653466,0.0518384068575437
"P38067",NA,NA,NA,1,2,NA,20.3752253429737,23.8744718696359,20.6515918541876,24.4976919160977,20.7873551989929,24.8021376685583,3.7867096860459,9.82780655070224e-05
"Q8WVT3",1,1,1,NA,1,2,21.1092489748178,21.2226851061172,21.626024023661,21.8033001681093,21.4482300098989,22.2061761376881,0.349552801178967,0.886582319857184
"Q9P0U4",2,1,NA,1,NA,NA,26.02020647377,26.041313406155,26.5602811665099,26.2918720182024,26.5139592189319,26.5995438940015,-0.0539058469509672,1
"P84022",NA,1,1,2,NA,NA,20.4300817843261,20.7613331070824,21.0806350639161,21.2313908343392,21.2291227421253,21.2249449396656,0.159276430239901,1
"P28288",NA,NA,NA,NA,2,NA,19.0281092445015,19.8092099622459,21.9912638855299,25.4307380006669,21.885964516276,19.9397902729098,0.7581335298384,1
"Q96FX7",1,1,NA,NA,NA,NA,18.0834390730024,18.6599696650457,18.5991435255837,19.6753359923024,19.0661849702178,19.0419318126846,0.5428233004096,0.723149413600825
"Q9BQ75",NA,1,2,NA,1,1,21.9747570538015,21.8091312441857,22.8533825679074,22.3008736742864,22.5554497082635,22.5282056034262,-0.248459602691366,1
"Q06631",2,NA,1,NA,NA,NA,19.7741045715571,18.3592110825465,20.4788856229551,19.8105218209641,20.5953144002469,19.9447170646741,-0.911284875524798,0.466089354880386
"Q12270",NA,NA,2,NA,NA,NA,21.4546730558046,20.4295718542471,21.7873942603469,19.2998432618752,21.8590471307521,19.1758137359585,-2.06529519827427,0.0318808713721291
"Q92540",NA,NA,1,1,2,1,20.5174914697877,20.3069433622141,20.9975571552111,20.677808558442,20.5537741118305,21.0028685686025,-0.0270674158569003,1
"Q9Y388",1,NA,NA,2,1,1,21.1884684156878,21.371428369236,21.7231519991757,20.6953395022032,22.1704547636034,21.3780174986355,-0.545763269464066,0.801343733986221
"Q9NZJ4",2,NA,NA,NA,NA,NA,21.2042185822127,19.9517706262199,21.436943668771,21.2361850349967,21.661077182737,21.1491654974477,-0.655039425018799,0.791575856294019
"Q9UL33",2,NA,NA,NA,NA,NA,20.7617007560815,20.5210940638935,21.0906157809158,20.8558072055231,21.1544194887197,21.3287388788495,-0.100365292483634,1
"P38797",1,NA,NA,NA,NA,NA,19.4131184931734,18.1220146322404,19.5033919467538,19.324368194843,19.9703242156657,18.8346984592353,-0.868584456424732,0.202858349954691
