"protein_group","number_of_peptides_A_1","number_of_peptides_A_2","number_of_peptides_A_3","number_of_peptides_B_1","number_of_peptides_B_2","number_of_peptides_B_3","differential_abundance_pvalue_B.A","differential_abundance_qvalue_B.A","abundance_A_1","abundance_A_2","abundance_A_3","abundance_B_1","abundance_B_2","abundance_B_3"
"Biognosys|iRT-Kit_WR_fusion",11,11,11,11,11,11,0.450796707536564,0.59936145558494,33.6360785346116,33.6161985180524,33.4700777927283,33.7275801783246,33.6536492270413,33.6125259590039
"CON__A2A4G1,P19012,Cont_P19012,CON__P19012,Cont_O77727",0,1,1,1,1,0,0.81829534087793,0.881512832841269,NA,25.7554894225719,25.7289416958494,25.4839657146794,25.8948634361147,NA
"Cont_A2I7N1,CON__A2I7N1,Cont_A2I7N2,Cont_A6QPQ2",7,7,6,6,6,7,0.107688597937977,0.248599226775468,25.0282373367828,25.1692149448247,23.9750979501561,25.5030222489309,25.3173007179871,25.2814729419725
"Cont_A2I7N3,CON__REFSEQ:XP_001252647,CON__A2I7N3",1,1,2,1,2,2,0.164399224648577,0.323231017399752,23.8342807840399,23.4305165955501,24.4182727183767,24.0020244529513,24.4908435095022,24.6794725108948
"CON__ENSEMBL:ENSBTAP00000007350",12,13,12,17,15,14,0.0475709025922404,0.144660222151358,23.8510411750409,23.5721904564152,24.3555345267723,24.7430811437566,24.3042505074542,25.5155462500739
"CON__ENSEMBL:ENSBTAP00000014147",3,3,2,2,2,2,0.784188431360824,0.857345404070026,26.6597728288411,26.6947652518438,26.6528064900417,26.3028093124813,26.7849316569314,26.7759804917481
"CON__ENSEMBL:ENSBTAP00000024146,Cont_Q7SIH1,P01023,P20742",25,24,26,24,23,26,0.761165977341428,0.841279945634913,28.830252806943,28.7713969372313,28.5906562407707,28.9384461423158,28.6019003120204,28.7876900998893
"CON__ENSEMBL:ENSBTAP00000024466,CON__ENSEMBL:ENSBTAP00000024462",8,10,9,9,9,8,0.871243716839593,0.91565793045293,26.4833567193948,26.6645676664687,26.5065640064889,26.2982350873448,26.8346288595165,26.6084403297446
"CON__ENSEMBL:ENSBTAP00000031900",0,2,2,1,1,2,0.754485364378943,0.837377625901569,NA,24.3138931818863,24.9397907457126,22.6935301881381,24.9985250972442,25.3093321112462
"CON__ENSEMBL:ENSBTAP00000034412",5,5,4,5,3,6,0.946991392859108,0.963200468250373,27.5044653682707,27.389890387091,26.5232249676458,27.4376200320573,27.2234557659027,26.8226016537066
"CON__P00735,Cont_P00735,P00734",9,8,10,10,10,10,0.315462399834403,0.480953993831442,28.74131274065,28.4126753530597,28.7022110366088,28.9102598740314,28.6011035325284,28.8536200510632
"Cont_P00761,CON__P00761",7,5,6,5,6,6,0.662831167240432,0.770354400766549,33.4612600368367,33.4538864511921,33.3931823084109,33.5795975048732,33.4936751890676,32.9764544318228
"Cont_P01044,CON__Q2KJ62,CON__P01044-1,Cont_P01045,CON__P01045-1",2,3,2,2,3,2,0.970387694865433,0.9803657733416,24.2373675093382,24.3545035704369,24.2733720669009,24.1286901141436,24.716833057299,24.043643575927
"Cont_P01966,CON__P01966",7,7,7,7,7,7,0.353324343481966,0.517137426521996,31.8714083146657,32.2831096517299,31.8562598033608,32.3409622497247,32.0629241707064,32.1201603410961
"Cont_P02070,CON__P02070",0,3,2,2,2,3,0.463589542980117,0.609471832793485,NA,24.7764941801393,23.9713667758814,24.8091054533259,24.3043329542377,24.7688910669618
"Cont_P02769,CON__P02769,P02768,CON__P02768-1",26,28,30,27,29,31,0.212641585575583,0.37646248355784,30.9031856163089,31.0593309887379,31.0880418907552,31.0416680396311,31.24934075592,31.3010278350517
"P05787,CON__P05787,Cont_P05787,CON__H-INV:HIT000292931,CON__Q9H552,CON__Q8BGZ7,Cont_Q8BGZ7,Cont_P48668,Cont_O95678,Cont_Q922U2,O95678,CON__P50446,Cont_P50446,P04259,P02538,P48668,CON__REFSEQ:XP_092267,Cont_P04259,CON__P48668,CON__P02538,CON__Q922U2,Q9NSB2,Cont_Q9NSB2,CON__Q9NSB2,CON__Q6ISB0,CON__Q5XQN5,CON__P04259,CON__O95678,P08729,Cont_Q9DCV7,CON__Q9DCV7,Cont_P02538,Cont_P08729,CON__P08729,CON__Q3KNV1,CON__P19013,Cont_Q7Z794,CON__Q7Z794,Q7Z794,CON__Q14CN4-1,Cont_Q6IME9,Q01546,P13647,Cont_Q8VED5,Cont_Q6IFZ6,Cont_P13647,Cont_Q01546,CON__Q01546,P35908,CON__P35908v2,Cont_P35908,CON__P35908,Cont_Q3TTY5,CON__Q6IFZ6,Cont_Q14CN4,Q5XKE5,Cont_Q7RTS7,Q3SY84,CON__Q5XKE5,Cont_Q6NXH9,CON__Q6NXH9,CON__Q32MB2,Q86Y46,Cont_Q86Y46,CON__Q3SY84,CON__Q8VED5,CON__Q7RTS7,Q14CN4,Q7RTS7,CON__Q9R0H5,Cont_Q9R0H5,Cont_Q5XKE5,Cont_Q3SY84,Cont_P19013,CON__Q6IME9,CON__P13647,P19013,CON__Q3TTY5",22,20,21,20,21,21,0.491425584392944,0.634182582209698,31.2400560742714,31.3356760379345,31.3216050434138,31.1372201332865,31.5796353405917,31.5223740590871
"Cont_P07744,CON__P07744",1,1,1,1,1,0,0.0207014793941366,0.0801864819170121,22.9910387188285,23.4005000469152,23.3024117398523,22.0496849329422,22.6631588664589,NA
"P08727,Cont_P08727,CON__P08727,Cont_P19001,CON__P19001,P02533,CON__P08779,Cont_P08779,P08779,CON__Q9QWL7,CON__ENSEMBL:ENSP00000377550,Cont_Q04695,Q04695,CON__P02533,CON__P13646-1,Cont_P13646,P13646,Cont_Q6IFX2,CON__Q6IFX2,Cont_Q9QWL7,CON__Q04695,Cont_P02533,Cont_Q9Z2K1,Q8N1A0,CON__Q61782,CON__Q8N1A0,Cont_Q8N1A0,CON__Q9Z2K1,P35900,Cont_P35900,CON__P35900,CON__Q9D312,Cont_Q9D312,CON__Q3ZAW8",11,13,12,15,12,13,0.214741158464832,0.378456940476577,28.4575704768511,28.8666811283467,28.4154126155968,29.0747568086371,28.5552037667645,28.9704734281389
"Cont_P08730,CON__P08730-1",1,0,1,0,0,1,0.545761558685966,0.677640519400889,26.4813100192051,NA,24.4217219823706,NA,NA,26.2204189074675
"CON__P12763,Cont_P12763,P02765",9,9,9,9,9,9,0.364606767557126,0.527439751773652,31.1145138240146,31.2107313687467,31.1787062371005,31.0951951503351,31.3903620051128,31.4115148726861
"P13645,Cont_P13645,CON__P13645",5,3,5,5,5,5,0.1292352164493,0.277419072794482,24.9143465357698,23.8868125311409,25.6416984375256,25.4585635088211,25.7368556453043,25.6138050372681
"CON__P15497,Cont_P15497,P02647",10,10,10,10,10,10,0.054236044894662,0.158809427688659,29.4778824891017,29.1850236676666,29.5452281057815,29.8409757262885,29.694395134195,29.7002884547467
"Cont_P17690,CON__P17690",1,2,2,1,2,2,0.884392373608268,0.924258943913168,23.3711122164694,23.6950410753875,23.7246482867697,22.7121545178472,24.0620726551504,24.2097778226957
"CON__P28800,Cont_P28800,P08697",2,1,1,1,1,1,0.361637282989718,0.525531672589504,24.833379281899,23.5655684354211,23.4003466991943,23.3249007801378,23.6801340504671,23.5938043604037
"Cont_P34955,CON__P34955",12,11,12,11,13,11,0.203686943408126,0.367506264500118,29.7608632274741,29.6025444234701,29.6407003779626,29.8885054838459,30.15983564619,29.6555837611357
"CON__P41361,Cont_P41361,P01008",3,4,4,4,4,3,0.105435284443399,0.245785206140533,27.1409669366436,27.1981577720472,26.8735672987499,27.3869373335313,27.4459416109102,27.2064931715362
"CON__Q03247,Cont_Q03247,P02649",4,3,4,4,4,4,0.0458554945713395,0.14114326817784,25.7263008499504,25.2596975010548,25.5497388808191,25.8040212638665,25.9408792711647,26.0099246780887
"Cont_Q05B55,CON__Q05B55",4,5,3,4,5,4,0.440203940355182,0.589677378204485,26.1526632589911,26.5659706364388,25.7642389482474,26.4804029000464,26.4410567927509,26.1474938010836
"CON__Q29443,Cont_Q29443,CON__Q0IIK2,P02788,Cont_Q2HJF0,CON__Q2HJF0",21,25,25,26,25,27,0.181777933725558,0.34203383378818,29.7759494198903,30.0678424885934,29.9908348371815,30.2008322915488,30.1044351779355,30.1044940987462
"CON__Q1RMK2,Cont_G5E513,Cont_A0A3Q1M032",11,12,13,12,13,13,0.104415436705005,0.244847897305934,27.6793973909339,27.641199122368,28.0742360912301,27.9755980236211,28.1922191527276,28.174168092381
"Cont_Q1RMN8,CON__Q1RMN8",3,3,3,3,3,3,0.0989546341652695,0.236769235987104,27.7378808255774,28.0844531376859,27.9053000596436,27.7438507058694,29.5457108171746,29.4462224828928
"Cont_Q28065,CON__Q28065",5,4,3,5,5,4,0.0316069100212581,0.108899387801756,25.7261294406384,25.566774702248,25.5449017808559,25.7894497848375,26.2004048517627,26.2270040814502
"Cont_Q28085,CON__Q28085",3,2,4,3,3,4,0.116397102678874,0.26149723953164,23.9080639959207,23.4752051725156,24.661909576227,24.8078938075165,24.2480099267428,24.9953793491295
"CON__Q28107,Cont_Q28107,P12259",12,12,7,12,13,11,0.0477131978377531,0.144806761462192,26.8633290523661,27.1323827407881,26.5211847409796,27.2868495642871,27.4963389463348,27.1959599411915
"CON__Q28194,Cont_Q28178,P07996",5,5,6,5,7,7,0.774703739102126,0.850658388305399,25.0254075669888,24.7196517088925,25.5264833408633,24.9389601455515,25.4807381689503,25.0855980193025
"Cont_Q2KJF1,CON__Q2KJF1",3,5,3,3,4,3,0.635231618165917,0.749837556287928,25.9429481382762,25.972721560728,24.4774492288428,25.740724637606,25.645311291948,25.6493948481327
"Cont_Q2UVX4,CON__Q2UVX4,P01024",23,22,20,24,22,22,0.0694324883814102,0.187241590397492,28.5905067335683,28.3946743918314,28.2890669980969,28.6419398168405,28.7499529359267,28.731879169105
"Cont_Q32PJ2,CON__Q32PJ2",2,2,1,1,1,2,0.817520747522374,0.881010730901539,23.7985349393191,23.8249779774362,23.1411921471285,23.6449075524961,23.103786949265,24.27321296073
"CON__Q3KUS7,Cont_P81187",1,2,1,2,2,1,0.169416793976476,0.328609783660427,21.9149582487852,23.3446334596021,22.3141722949901,24.025644545561,23.9543920997372,22.3677913008202
"CON__Q3MHN2,Cont_Q3MHN2,P02748",3,3,3,3,3,5,0.250066349427524,0.415215361919271,25.8642639617912,25.4137720426152,25.1862785038311,25.3764473570408,25.9395793904695,26.2833813239008
"Cont_P02081,CON__Q3SX09,P68871",8,9,9,9,9,9,0.329296067105396,0.494139760828685,30.2015312298594,30.2788271280456,30.2977338785466,30.2275092995667,30.5486500950149,30.4129367608798
"Cont_Q3SX14,CON__Q3SX14",9,8,9,8,10,8,0.0318689697265781,0.109449666580005,25.744017134874,25.323053370619,25.2327439354234,25.9910594974948,26.0416200458473,25.7814626759729
"CON__Q3T052,Cont_Q3T052,Q14624",15,16,16,17,17,15,0.0864521369039178,0.216439410946391,28.6317338168463,29.0790915866453,28.916816068481,29.6209026045358,29.1588100740629,29.104001226734
"Cont_Q3ZBD7,CON__Q3ZBD7",1,1,1,1,1,1,0.350134192124662,0.514203767067481,27.0921460109861,26.4219047877941,26.8204259766308,27.3444919748199,26.7484917564638,26.9760761343683
"Cont_Q3ZBS7,CON__Q3ZBS7,P04004",8,7,6,6,6,6,0.319835294048777,0.484694890561168,27.0205702060311,26.7619107939428,26.8219806609016,27.1056076191003,26.9061798187022,27.0116474905949
"Cont_Q58D62,CON__Q58D62",1,1,1,1,2,2,0.00268275040459489,0.0167084738515521,22.3583985777479,22.3574689093987,22.8396603274922,23.6922049285029,23.8646551962132,23.3079306610957
"CON__Q95121,Cont_Q95121,P36955",6,6,5,7,7,5,0.0406976305096077,0.129611432348063,25.8580197578935,25.9122826652911,25.7296707481424,26.354247990338,26.0811811573122,26.1042688067192
"Cont_Q9N2I2,CON__Q9N2I2",2,3,2,3,3,3,0.584579593409248,0.709786424593776,25.2055481739107,25.1425644035985,24.7629661120277,25.3061436534218,24.9701200115148,25.1354355153638
"CON__Q9TRI1",1,3,2,1,2,2,0.771417742918534,0.847603006195674,22.4700436198373,24.5566409322454,24.0043858903019,22.2832751582863,24.2570684610843,23.8198144543886
"Cont_Q9TTE1,CON__Q9TTE1",2,3,2,2,2,2,0.819346764555032,0.881849671375978,24.0404206185393,25.9050285438808,23.7602008376676,24.4587105725359,24.2633587982371,24.5677877546777
"Cont_P15497,REV__CON__P15497",0,1,0,2,0,0,0.930870273568929,0.951786589432522,NA,25.5095620305248,NA,25.4778837311451,NA,NA
"O60437",0,0,1,0,0,1,0.282975327764639,0.44904441738586,NA,NA,26.5825161649526,NA,NA,26.0895298731119
"P0C5L4",1,0,0,1,0,2,0.00898443817976137,0.0427310708530835,21.1796359752116,NA,NA,NA,NA,25.953137481505
"P12883,Q9Y623,P13533",1,1,1,2,1,1,0.0668875415471168,0.182621066137561,24.3879105717563,24.1684536718288,24.0151539500777,23.3357028391313,23.4884507995004,24.1127679365818
"P16050",1,1,1,1,1,1,0.00144534312212709,0.0106885855399028,24.2937413185544,24.091550647478,23.913042714864,25.0538087738961,25.6817533617146,25.1924670301531
"P25382",2,2,1,1,1,1,0.279064817155632,0.444795327059986,24.9223983428414,24.5791807554695,22.2254067944721,24.0196759993351,22.4043818904469,22.1846390784643
"Q14409,P32189",0,2,1,0,1,0,0.492064791505349,0.634683161872706,NA,23.7442938493166,23.4048906243393,NA,23.3512795921486,NA
"P32599",1,1,1,1,1,1,0.012857279976259,0.0556965018525592,24.5753543308133,25.7705083818217,24.4217219823706,23.3003947801306,23.8310565924487,23.3692170742985
"P33892",0,1,0,1,1,0,0.324800400983675,0.490326824649159,NA,27.0038553496141,NA,29.5975102823143,27.34154656201,NA
"P37652",1,2,1,1,1,1,0.386117831333051,0.54492348870166,29.9897107376498,29.9284185311915,29.779991380194,30.007739699543,29.6559831542082,29.5971271012654
"P38758",0,2,2,1,2,1,0.573340382007081,0.699906612114094,NA,24.5017786050074,25.1030644314396,22.5095531569645,25.4835078177525,24.6954140547638
"P38959",0,1,1,1,0,1,0.204339193643329,0.367956244952747,NA,24.2307230282887,25.7078167094449,25.4729777746922,NA,26.7135956761668
"P39970",1,2,1,1,1,1,6.94135284424323e-05,0.00265611918305095,24.7007371910389,25.2296445200397,24.7409132417427,23.0894338708352,22.7659259949483,22.7954986901858
"P40885,P54862,P40441",2,1,2,1,1,1,0.140409166913254,0.293424369912638,26.5719088882245,25.5096927058725,27.0495875326207,25.3909309689234,25.9034338728605,25.7055487310256
"P53038",2,1,2,2,2,2,0.489566402008229,0.632591429149032,28.6619922853818,24.3960959022406,27.690230422157,27.7103522752132,28.229709565993,27.27723228608
"P77439",2,1,1,2,1,2,0.597722642876023,0.720032689999235,26.8977264001744,24.1674601029728,25.664130175093,27.8653090649384,23.1448815076535,28.304085986183
"P77658",2,2,2,1,2,2,0.732341129973395,0.823476190448712,26.5248755093185,26.0729585516216,26.0811598329673,25.5032717915571,27.2564293935031,25.3366954462226
"Q13402",2,2,1,2,2,2,0.600316121950587,0.721607980002955,26.3609142206232,26.6545566806706,24.3318681175836,25.0754043109312,25.6405845067738,25.5672157484424
"Q13523",1,1,1,1,2,1,0.000990160471556271,0.00829403074930469,24.3790707673439,24.494349213641,25.1954873975223,23.2931227182952,23.1665952693109,22.99652896505
"Q13813",1,0,1,0,1,0,NA,NA,20.1966929939351,NA,24.9840506266486,NA,NA,NA
"Q14527",1,2,1,1,1,1,0.633549554879999,0.748726907276293,23.7674442484607,24.8141838561666,25.0697762276284,24.797175585314,24.5766945866209,24.8139483419471
"Q14643,Q3BBV2,P0DPF3,Q14571",1,2,1,0,0,1,0.519156528278034,0.656878663409907,NA,24.3072929185651,23.9295202281576,NA,NA,23.9002221160891
"Q5C9Z4",1,2,1,1,1,1,0.0389862315746527,0.126308745075737,26.7483280219323,26.9717732926244,26.8623291111271,27.4612083647572,27.1516105828992,27.1277713871974
"Q5SYB0",0,0,2,2,1,2,0.181776892369288,0.34203383378818,NA,NA,23.5495387011267,24.6430969085496,23.8507225189973,25.2671880550464
"Q86UQ4",1,1,1,2,2,2,0.0878187106695993,0.218508525907461,21.9905440653038,25.8406452944453,25.5715661449198,25.9269453361568,27.1776098829711,27.1120771471452
"Q86WG5",1,0,1,1,0,0,0.539926382416657,0.673598260441514,25.1487039606358,NA,22.554494978704,24.8285253744536,NA,NA
"Q86YS3",1,1,1,1,1,0,0.0416778122889055,0.13214979904034,22.709965796195,23.5536527790502,23.4208467597513,22.539173016841,22.1143589570931,NA
"Q8IVF5",2,1,1,1,1,1,0.753209753122936,0.836517557867097,26.9142462301978,27.2290414729008,28.1878388438222,27.7775471768669,27.4192583226486,27.4803317216596
"Q8N3R9",1,0,2,1,2,1,0.735845585149105,0.825762286289298,24.9732582790857,NA,27.3917741140181,23.9073602134188,27.6466450274104,25.5540791003476
"Q8NDH2",2,3,3,2,3,3,0.169548560015607,0.328622324113136,29.0149684062441,29.1784628762629,29.7242714506157,28.7968339013646,28.8153773155872,29.2022671750727
"Q8NDM7",2,3,2,2,2,2,0.637062465289965,0.750724838018095,25.3483290329542,25.1745656056426,25.6604041028139,25.0879134438302,25.4378286139174,26.0949258214576
"Q8NF91",2,2,2,2,3,2,0.0997996058011648,0.238045613127344,26.7760529167905,26.7287286214636,27.4739725997068,25.9313765227387,26.8812484636097,26.2467852845535
"Q8NFD5",0,1,2,0,1,1,0.0763067330329503,0.200742348202829,NA,25.7612084748656,27.2549055378336,NA,25.2171200010162,24.9538878647026
"Q8TC59",0,1,1,2,1,1,0.231974525643497,0.395108391207633,NA,23.5779848214074,24.9734574222024,25.0867244943135,25.5659376151025,24.4419201344747
"Q8WXH0",2,2,3,4,4,4,0.109523345900099,0.250999283185753,28.4052241432212,27.9758464306018,28.5754056549461,28.7374251101665,31.0488840699735,28.8869354066795
"Q8WXX0",0,0,1,1,0,0,NA,NA,NA,NA,NA,27.4119317129982,NA,NA
"Q8WZ42",2,3,3,3,3,2,0.240747251786424,0.405068077539383,26.0026381061832,24.5325605945928,25.9902403589164,25.6364167019947,26.0287288855674,26.9775118560231
"Q92547",1,0,0,0,0,2,0.193205820809537,0.355592999588944,24.601504719426,NA,NA,NA,NA,25.2722439801786
"Q96CN9",2,1,1,1,0,0,0.329873629957128,0.494565658923554,26.0598202556789,NA,23.7709727349233,23.447950145073,NA,NA
"Q96JB1",2,2,1,2,1,0,0.0973909004671296,0.234025422578245,27.8740698911774,27.3181373726413,27.5172235723543,27.0268352974335,22.7534431722136,NA
"Q96QV1",1,0,1,1,1,0,0.59278177621282,0.716301615227501,24.0359100353785,NA,24.6452389103075,22.8850126037981,28.0533672584772,NA
"Q99996",1,2,1,2,2,1,0.623820322571958,0.741043379424026,23.3074322589582,26.9586231411006,23.3191833324007,25.6771480680192,26.3754130795403,23.4916298546772
"Q9BV73",1,1,1,0,0,0,NA,NA,NA,NA,23.8799102284463,NA,NA,NA
"Q9BX26",2,2,2,2,2,2,0.305477451596243,0.471566811739799,28.382745500807,28.5576524625522,29.3707368734033,29.2369988915022,28.6628518486761,29.6385874643059
"Q9BY66,P41229",2,1,2,1,1,1,0.0191735092117625,0.0758976450067497,26.3832438175956,23.8559798472779,25.7146621972847,23.4347782903447,23.0774954336538,23.1173598043051
"Q9H5I5",0,0,1,1,0,1,0.967044728296931,0.977886470996556,NA,NA,22.2644961602658,25.4305707606086,NA,19.389805473313
"Q9H6L5",1,2,0,2,1,1,0.650054748950938,0.76075684359388,22.7707498506126,23.7220898383561,NA,23.5695594147432,22.759950603368,22.812091887017
"Q9NQW1",0,1,0,0,1,2,0.356546159521665,0.520646039821894,NA,23.7239833166978,NA,NA,23.8836507239149,25.2655099951637
"Q9NRC6",2,2,2,1,1,1,0.343244493104825,0.506789808439775,26.4071588697477,26.8401673503426,26.5751598387859,26.9148564248704,26.1156985178127,25.837248429671
"Q9P281",3,3,3,3,3,2,0.922842432282783,0.945876040069062,25.5208955676691,25.7473558137646,25.6842367888134,25.9411459078941,26.038302707309,25.0597279939533
"Q9UI33,Q9Y5Y9,Q14524",1,2,1,2,1,2,0.54099653481753,0.674210090639858,23.3538793061759,23.40095099481,23.7455081642374,23.867595373499,22.6837385054317,25.1499516220462
"Q9UPN3",1,2,2,1,1,2,0.531900360485675,0.667566013984804,21.6667976130184,25.3875030890376,25.6601955287745,23.3712615177403,25.9140082791621,26.0461673953714
"Q9Y2K3",2,2,2,1,2,2,0.0312536105517017,0.108198757297221,25.7624938876078,26.0624499112146,26.7446340684574,24.4761049787778,25.0151423394052,25.693168847524
"Q9NZJ9,A0A024RBG1,Q96G61,Q8NFP7",4,3,3,4,3,3,0.505637091343221,0.645055732941817,26.3241085418975,25.0400425686414,24.4114044297352,26.2883811097998,25.4131548971906,25.2544194173044
"P0DPI2,A0A0B4J2D5",9,9,8,9,9,9,0.270196646271666,0.436724243301819,28.3766612362509,28.4387136116487,28.0968447302808,28.6200399083284,28.5119513219125,28.331090874389
"A0A1B0GTU1",0,1,0,1,0,0,0.284759772811015,0.450884518015184,NA,24.2408343845214,NA,23.7505481520388,NA,NA
"A0A2R8Y4L2",1,1,1,1,1,1,0.995090804824179,0.996471779374887,25.8996022690257,26.1897820424535,24.4767651005208,26.552177233348,25.4906986096838,24.5102845473924
"A0AVT1",25,23,22,27,22,26,0.342912271087482,0.506789808439775,29.0439375905169,28.7788978269037,28.7866946732903,29.3408313531732,28.8861798159711,28.9217644896689
"A0FGR8",2,4,3,3,3,3,0.0564883614311117,0.163790306308005,22.6667976130184,23.1430699206298,23.8747262665593,24.2187982940252,24.0175078675711,23.7984353425758
"A0MZ66",4,5,5,5,8,8,0.00438821538145889,0.024223908078414,24.8099020471841,25.3706804683004,25.104359673495,25.7731635850575,25.9588771248834,26.0760946433114
"A2RRP1",6,6,6,6,6,6,0.685470841566138,0.788681827050242,25.399028069261,25.0939232721489,25.4223780510681,25.4043546957231,25.1857779660553,25.1331184642093
"A3KN83,Q9Y2G9",4,7,5,4,6,7,0.326521985734688,0.492170262592035,25.3352772673367,26.3074733268571,25.4339467849083,24.8967073820541,25.484526875846,25.6178089406983
"A4D1E9",5,4,3,5,5,6,0.0377004930406312,0.123368604346446,25.426399927045,24.6048032307861,23.7100349824864,25.543276960796,25.8182381725983,25.9393529321728
"A4UGR9",1,2,2,1,1,2,0.0603324064195551,0.170722120350237,24.4350251983206,25.8983167938353,25.7644761325436,24.2182772146645,24.5342318118969,24.4479102439672
"A5YKK6",18,22,22,21,22,23,0.0376179466468059,0.123368604346446,27.7825926406875,27.9744742152707,27.7693405810217,28.2193951328404,28.095008724296,28.1630348146723
"A6NDG6",8,9,9,8,8,9,0.357512633117821,0.52175565151058,27.0701435777159,27.4727942063305,27.5545473483436,27.353121093293,27.6130092648941,27.6718279877449
"A6NDU8",5,3,4,4,5,4,0.829038457697645,0.887486673853698,25.4558486780539,24.8250619893763,25.4290584059423,24.9794981726583,25.8578180317642,25.0807969062362
"A6NHL2",1,1,1,1,1,1,0.0363446102188932,0.120220449388101,25.7988337942574,25.572615834575,25.866131794649,26.6057179825276,26.3158701418515,27.9705764262856
"A6NHQ2",2,2,2,2,2,2,0.0400112441989784,0.128152691470539,27.0623571019472,27.0597215018892,27.2669790095925,27.7509234922186,27.450977526315,27.3768068195801
"A6NHR9",26,29,34,27,27,29,0.771012838127429,0.847526843391,28.9649414802706,28.9570907024878,29.1423333310723,29.1105298977759,28.9983403727592,29.0602459017376
"A6NKT7,Q7Z3J3",1,1,0,1,1,1,0.211664911493893,0.375465892101376,24.7347034568377,24.8666301145725,NA,24.8896888076823,25.0135799719133,25.1459076504205
"A8MTA8",1,1,1,1,2,1,0.572611534285615,0.699458490852876,23.6655348393125,23.8596753823477,24.0497467714606,20.2740787709338,24.7651354967865,24.3572293276534
"P62308,A8MWD9",4,4,4,4,4,4,0.268714434999994,0.435024554866978,29.122363782686,29.1033662837929,29.7176051543916,29.6659822803427,29.8177617568857,29.3154028958315
"Q8TB69,B4DXR9,Q8IYB9,Q15928,Q3SXZ3",2,0,0,1,1,1,NA,NA,NA,NA,NA,24.0480047223936,23.4720302370649,23.4607552346367
"C9JLW8",2,2,2,2,2,2,0.662123088716695,0.770160505125189,24.2271484270287,24.5379010628463,24.3372125144246,24.6052696801848,24.523931338977,24.1982134924312
"Cont_P00330,P00330,P00331",15,15,14,14,15,14,0.00167949072908407,0.0118898962821515,35.1088498740827,34.6879192347281,34.9789071890454,34.0680774964721,34.1483812998487,34.1203489315279
"P00722,Cont_P00722",3,3,2,7,8,7,4.33149275694315e-05,0.00215241390661804,24.0221999754752,24.3883845756923,23.6263342786805,26.6718297207227,27.30596031351,27.2815559676129
"Cont_P01017,CON__Q3SZH5",4,3,2,2,3,4,0.561920594387442,0.690910643196439,24.5115440147169,23.9950149937115,23.9352010439384,22.7596488481455,24.5056907793957,24.2633592264771
"P05783,Cont_P05783,CON__H-INV:HIT000015463,CON__Q92764,Q92764,Cont_Q92764,Cont_Q497I4,CON__Q497I4",14,13,14,16,14,15,0.281894332954234,0.447751030110641,29.8110203789318,29.1725944456941,30.0098299860133,30.0957419420108,29.8403083830649,29.9226697852967
"Cont_P32503",11,12,12,10,11,11,0.000223077429140461,0.00381965874674084,30.0660298808879,30.0029505404022,30.0236325375748,29.0208716856036,28.7388244034211,29.0604152704796
"Cont_P33433",2,3,3,4,3,4,0.0888067615412006,0.220419478968707,25.4427997297583,25.9645650801947,25.6296522370002,25.8768971501528,26.0729294422722,26.1910003108323
"P60709,Cont_P60712,Q6S8J3,A5A3E0,P0CG38,Q9BYX7",19,19,19,19,19,19,0.33893948449009,0.503509575076218,30.4122995730041,30.7205241521768,30.4836474912724,30.9861578880784,30.5008875523637,30.6732525591885
"P63104,Cont_P63103",13,12,13,12,12,13,0.236590726376153,0.399805874515206,31.481525820804,31.4641216733866,31.3928554507935,31.5326720916426,31.6801995725967,31.5560109077819
"Cont_P68103,P68104,Q5VTE0",18,19,18,18,18,18,0.270109616208852,0.436723326335119,33.9842563639005,33.8121939804892,33.7707802207233,33.9818672678562,33.9966074294614,34.0034627346812
"P68133,P68032,Cont_P68138,P62736,P63267",2,3,3,1,2,2,0.0376197410265248,0.123368604346446,30.1387954745114,30.2712357488733,30.452787854946,30.7520676770226,30.5415638845498,30.6637287373372
"Cont_P81948,P68366,Q9H853",3,4,4,4,4,4,0.393668563886239,0.551419832553909,26.797692378538,28.0280503241879,27.5607062076161,27.9829021754162,27.6168316362051,27.7020419443611
"Cont_Q2HJ86,P0DPH8,P0DPH7,Q6PEY2",1,1,1,1,1,1,0.88530747447775,0.924666677747542,31.3068263432615,31.5700883113135,30.8431766366427,31.4297059303427,31.1179400856076,31.0706012406397
"Cont_Q2KJD0,P07437,A6NNZ2",4,4,4,4,4,4,0.111671996299964,0.25403607931638,32.8708834854136,32.5061537608091,32.7778735093303,32.9956317622287,32.9462710365411,32.978280405295
"Cont_Q3SYV4,P40123",1,1,1,1,1,1,0.112654139683483,0.255490075297582,28.458000605664,28.2923917531237,28.2811391533247,28.9375560883374,28.50976322099,28.5031891194604
"E9PAV3,Q13765,Q9BZK3",4,4,4,4,4,4,0.0401350229899714,0.128358129536321,30.5599569450951,30.633859353193,30.584486799259,30.9399118858867,30.8274396018328,30.8434763662496
"E9PRG8",2,2,1,2,2,2,0.162717929796423,0.321398545251977,25.9122135404433,25.763621265699,24.9277114954582,25.9616044510318,25.9579864753401,26.0138480935938
"O00115",2,2,2,2,2,2,0.959158085296195,0.972637520343521,24.2171817222192,24.2587337457256,24.6050611984295,24.021966861492,24.4654093211724,24.5615105298259
"O00116",12,13,13,12,12,12,0.402117870562252,0.558185408495179,27.9611838284851,27.8801871353711,28.0731485287675,28.2746322939423,27.8488301262763,28.216385577856
"O00139",6,8,7,7,8,8,0.351668843863662,0.515532561007401,26.238369422681,26.6576262457454,26.7447433593965,26.5125277833135,26.7859210128869,26.9340175388347
"O00148",7,7,8,7,7,7,0.83047088335364,0.888144914634604,29.2539445231341,29.1576200322872,29.1554233037507,29.4719262758487,29.1156221727789,29.078328217666
"O00151",14,15,15,15,15,16,0.198436668308783,0.360930360686951,29.2706172852368,29.6310090657133,29.411631605749,29.9003629457213,29.7128943579859,29.4508074010238
"O00154",8,7,8,8,7,7,0.381652989835635,0.541801363591847,28.0754234486602,28.1093285561637,27.4183275330594,28.4726319116067,27.8684102354737,28.0095939031259
"O00161",5,7,7,6,6,6,0.627823554029646,0.744922896735669,27.4508438095636,27.1077323919428,27.087568021465,27.6392255083657,26.6803405343636,26.8938493373926
"O00165",3,3,3,3,3,2,0.639507068707976,0.752267500132583,24.7009116437738,24.5968542073219,24.4663580203655,25.1531140313784,24.73590846369,23.0591469415306
"O00170",9,8,9,8,9,9,0.629357832428734,0.745235222823436,27.2331116502329,26.8388157820867,27.0225286726698,27.4421827271182,26.9479417895256,26.9962497411916
"O00178",3,4,4,5,4,6,0.00943634189381533,0.0444202822979135,25.4732813054002,24.9348995620674,24.9394852194427,27.1393720180998,26.3774521416773,25.902318538599
"O00186",3,4,2,4,3,2,0.839082422079442,0.894484533275139,25.1708717193394,25.3347838673797,23.9225035526273,25.2004915653805,25.175898607594,23.6868134627101
"O00193",3,3,3,2,3,4,0.299413451790255,0.466035139341449,26.589337132458,26.5619435716024,26.7216086273586,26.5198407228758,26.7450335457672,27.8247682909376
"O00203,Q13367",11,10,9,8,10,10,0.188327862650894,0.350108220187584,26.9733304938758,26.8063115624162,26.7009160539496,26.9878785308207,26.9783594157998,27.0568785983596
"O00217",2,2,3,2,2,3,0.168672379341356,0.327849804279332,24.3932461484824,24.6024035134447,25.8712265437134,26.0214193774688,25.1149701390725,25.9529498247063
"O00231",18,21,22,23,23,23,0.452274722949931,0.599901788427877,30.3699570602144,31.1477879537889,31.2906866522031,30.6034875466874,31.5286651954738,31.5773454430417
"O00232",12,12,14,12,11,13,0.887178175810252,0.926237487808512,28.5330394196864,28.5108617235133,28.9178342019325,28.5061473274294,28.6336620317078,28.9011356230704
"O00233",6,6,6,6,6,5,0.946485709863608,0.962880024274135,27.4130983829152,27.5017260487683,27.4299966292431,27.4907235028883,27.638656752636,27.2448959708705
"O00244",3,3,3,3,2,2,0.265669824628297,0.432298692984653,26.2100902947059,26.6480417693778,26.5902001487575,26.8684258609292,26.6503469952431,26.5603886722872
"O00264",1,1,1,1,1,2,0.00495335114949438,0.026531682562138,27.10977231504,26.7071253991914,27.0777975523323,26.1066403453519,26.1604506397041,26.406924945272
"O00267",15,18,17,18,18,18,0.0546258649209315,0.159853962054557,28.0913144704681,28.3169430885989,28.1528930351051,28.5179718553033,28.3993270433353,28.4984822331231
"O00273",7,10,8,7,8,11,0.38270748635407,0.542383701900787,27.035287572924,27.1520218688478,26.9846245241696,26.7322791551537,27.3221337350897,28.1332104816243
"O00291",2,2,1,1,1,1,0.285541961953416,0.451556809588824,24.4106295195703,24.3989206183423,21.3967679947796,21.6331757276554,22.6961579819869,22.6952545109319
"O00299",14,13,13,13,13,13,0.439302005657737,0.588883872233872,33.5270509920365,33.6661476095898,33.4168450904343,33.7216082555623,33.5687909708196,33.6235189528632
"O00303",7,6,6,8,7,6,0.114574153445867,0.258239200827788,28.6360357698596,28.363055940692,28.79806140427,28.974119885267,28.7486659643509,28.9552781683202
"O00330",3,3,3,2,3,4,0.910708032797793,0.938006988919586,25.0332800316972,24.84118538849,24.8341322192965,24.1097106833725,25.0025957663037,25.4716541360844
"O00410,O60518",21,23,21,23,21,25,0.110734160659923,0.252914115263794,29.232030631358,29.3891980510977,29.5746373403366,29.6736640741957,29.5454710564046,29.7729422132458
"O00411",3,3,2,3,4,3,0.106764813053466,0.246882927672591,24.2812731714078,24.1562183529403,23.7371827938972,24.1068984114471,24.742191005664,24.73771275612
"O00422,Q05902",5,6,8,8,8,6,0.274691048346837,0.440797967619724,26.6506349319489,27.0226577487806,27.7331672832318,27.588550194926,27.3481598443709,27.525339481496
"O00425",13,15,18,16,17,17,0.185197252026779,0.345985771980169,28.5251382594064,28.9925159301136,28.9319651448518,29.0292819348812,29.0627490341446,29.0742842037408
"O00429",14,14,14,15,14,16,0.00543680969418756,0.0286055476722306,27.7240709388139,27.7957943391947,27.7120821759697,28.334459180457,28.1318860420368,28.2387086240724
"O00442",5,5,5,6,6,5,0.137565847434439,0.290608571890988,25.9382204083609,26.0948468423626,25.4323463070131,26.6205329407559,26.4082534972847,25.8550099442301
"O00459",0,1,1,1,1,2,0.342203981043485,0.506307721888732,NA,20.2507627934038,22.3924439407148,22.2271963985129,21.5328532749797,22.4678707688368
"O00471",1,2,2,0,1,3,0.643209855929408,0.755020446734706,23.0914009730161,24.0873541204266,23.379325892706,NA,21.6681135426734,24.4774933092685
"O00483",3,4,4,4,4,4,0.313318410328411,0.479432533770814,26.8725219349764,27.1635288027921,26.7600710852917,26.7707076815081,27.4186872221433,27.3465704121931
"O00487",5,6,6,5,7,8,0.05099164777398,0.151327152118903,26.4823591043366,26.6673817669205,26.2717347423266,26.7100588891575,26.9338885930968,27.3949561092603
"O00505",5,5,5,5,4,6,0.120170417981152,0.266687513718278,27.1253456227678,26.3179732171973,26.6354639431589,26.8500437835397,27.1920520677727,27.8082081302879
"O00541",8,7,9,9,7,8,0.22171921084311,0.38431837130012,27.4687977322743,27.4967903784021,27.5795781341551,27.7674167326075,27.5439880137528,27.7169149027261
"O00560",2,2,2,2,2,2,0.12906619449755,0.277409935492395,24.3771798525668,24.2815655808911,23.9105508784747,24.9633157409774,24.4208562023963,24.3705914861679
"O00566",8,9,11,8,8,11,0.2325186219213,0.395704703276444,27.5435749863809,27.5623215868124,27.8226538374731,27.9541131574836,27.6269204538287,27.9745362740013
"O00567",5,5,8,6,6,7,0.435586782349584,0.586219290764716,26.4499445462274,26.4244022408833,26.7441968218891,26.4787722855954,26.707184342282,26.8269316791949
"O00571,O15523",25,24,25,22,24,25,0.307213054610482,0.472657063307202,30.5708354691551,30.5843113846308,30.6025396856993,30.6776180199139,30.6310760043107,30.8184445840082
"O00584",1,2,1,3,1,3,0.809074190141531,0.876020093120016,23.292182890827,24.8581572525342,25.0425102235035,24.7692262011856,23.345970798448,25.6373520760765
"O00629",9,10,9,9,10,9,0.546549651049534,0.678118960317169,28.8649842078692,28.6753836181906,28.6684747329958,28.8508494159962,28.8818701214063,28.7090963992964
"O00743",6,6,5,5,4,6,0.506571421394762,0.645645281217497,26.167908981885,26.2810451005167,26.1652675383229,25.802892224557,25.8629209522032,26.4951567724708
"O00763",1,1,0,1,1,1,0.100053620405732,0.238045613127344,20.6584380170195,21.7152164036453,NA,22.3716833195712,21.8457008249844,21.7558504199558
"O00764",8,8,7,9,8,6,0.294779304599395,0.46168380388575,27.6460366367849,27.4339359592263,27.4075990811798,27.7948330631885,27.7221039866572,27.468638154402
"O13516",8,7,8,8,8,8,0.000531142092273672,0.00589626089686663,25.3047641330145,25.2271672445121,25.0114887395407,24.2963025849704,24.2858296959098,24.3418324931865
"O13563",2,2,2,2,2,2,0.000919226459554342,0.00794481778239074,25.6799432320905,25.7832554033887,25.95351071344,24.9151511778074,25.0923254162898,25.0042609786185
"O14455",4,4,4,4,3,4,0.000670314014185155,0.00653620865955448,27.8504122300157,27.6543202895442,27.3699754118969,26.2186897513444,26.3393756142203,26.6212245379104
"O14467",5,4,6,6,6,6,0.00718585072092996,0.0356189715323035,29.2328854574851,29.1874558714241,29.5134760192156,28.4792163576824,28.8301979305599,28.6983151716144
"O14497,Q8NFD5",16,15,18,15,15,16,0.433432843649399,0.584272562923169,27.4490274121979,27.5056624633275,27.6888678357356,27.4254445277413,27.8589691668305,27.7645018256933
"O14530",6,6,6,7,6,6,0.705195306575637,0.805140482258938,26.9168769430232,26.8591626793177,27.0388426394515,27.0135074781171,27.1183504667911,26.8364574474474
"O14545",7,7,7,8,8,8,0.0213395086083173,0.0819041474016799,26.1909869191691,26.6112479856707,26.3677063540563,26.7261071720474,26.9678576126706,26.9654691706239
"O14561",2,2,2,2,2,2,0.300035020728365,0.46644410270821,27.4788365753999,28.1929184700804,27.1464961789885,28.0627132038353,26.8982813364124,25.6058433136688
"O14562",1,2,4,3,1,2,0.33956957450123,0.503719800530312,23.617426410835,22.7830564867184,25.2533546572141,25.1984675327233,24.2238916912847,24.3282000228444
"O14579",10,9,8,10,9,9,0.0265486150813944,0.0958687830964113,28.2952826595566,28.2886270578907,28.2331023360683,28.9142533335047,28.5459069554444,28.5993435687069
"O14617",7,5,8,8,7,9,0.147061358006427,0.300932290020573,26.2904991323904,25.7958693520284,25.9997044238091,26.5021306727466,26.2533579223721,26.2067904955969
"O14618",2,1,1,1,1,0,0.541172393336435,0.674262890661651,23.6988750481009,23.217279397386,NA,23.4024522958606,23.1814304032652,NA
"O14646,O14647,P32657,Q9HCK8,Q3L8U1,Q9P2D1",11,9,14,9,10,11,0.543272888193167,0.676197083166031,26.7735669396546,26.2772429647786,27.2236450819544,26.8574526305152,27.2902280644778,26.6922697853589
"O14737",7,7,6,6,7,6,0.0913139168586968,0.224113991279532,28.9591797898429,29.0186230050462,28.8254467519543,29.2715486618008,29.4517220950901,29.0137231492338
"O14744",14,14,15,14,15,14,0.298540070743791,0.465077875781819,29.5538530949197,29.692809990597,29.6321741087286,29.6539910628566,29.85860076317,29.7630605495208
"O14745",7,7,6,6,7,5,0.364519733721625,0.527439751773652,27.392724277239,27.3705221841759,27.1120898564855,27.4182786530579,27.63316981231,27.2740644579522
"O14757",4,3,2,5,3,3,0.634702741754032,0.749738902853044,25.0253611310475,25.0025745296971,24.4109637439614,25.8345727525376,24.8774574662407,24.3506598393432
"O14773",4,4,3,4,4,3,0.618669498110643,0.736657151097798,26.705019717612,26.5742411248835,25.3969571547193,26.7463376569567,26.554874623617,26.0176213089092
"O14776",15,15,14,15,14,14,0.160295198149965,0.319137187960377,28.8386675580051,28.887169659399,28.7919397832357,29.078529815108,28.9873417800738,28.9636074949239
"O14777",9,9,10,9,11,12,0.59253145949496,0.71617047186146,26.6717486844769,26.6262711467066,26.9606420421247,26.5742500047072,27.0372117662943,26.9502991730215
"O14787",6,4,4,7,5,7,0.456442399303694,0.603057954193816,26.2361241696839,25.8716615806294,24.959399426877,26.6005790667079,25.4838718497094,26.0143477628541
"O14802",5,8,7,9,7,6,0.637172318468337,0.750724838018095,24.9220990802562,25.8516770098089,25.3575941306226,25.826304485243,25.4032584099894,25.3194278526803
"O14818,Q8TAA3",12,11,12,12,12,12,0.488044533724212,0.631270919293469,32.2346061440563,32.2463822344568,32.2581822358864,32.1968085146455,32.3889960321142,32.4066937329357
"O14828",5,6,5,6,5,5,0.246961759635525,0.411412878601266,26.9001341661843,26.8966189766241,27.0186471820282,27.3126062464949,26.9945451055714,27.0287634002072
"O14841",6,8,8,6,7,9,0.00692161259928855,0.0346835964672683,25.7816170064402,25.9892536335589,25.9424804021301,26.42790664167,26.311200691558,26.4174811865688
"O14880",3,3,3,3,3,3,0.0719869478686804,0.19256565936993,25.8085804902648,25.692694892664,25.8522407883312,26.2070501288941,26.0132017254508,25.9560950625689
"O14893",1,1,1,1,2,2,0.169077677217353,0.328339618463994,22.7907101186977,23.2704416337944,22.5683933085129,22.5543361192615,24.1851960627096,24.3723388460642
"O14908",0,1,1,0,0,2,0.0247187732555675,0.0912093964564282,NA,23.5431707670656,23.7742315136705,NA,NA,24.8071357817145
"Q5SRD1,O14925",2,2,2,2,2,2,0.331497405990423,0.496083738456409,25.5284841351283,25.3285157696282,25.4601414443243,25.8081535315832,25.3073390418396,25.7529071444551
"O14929",7,7,8,7,6,6,0.259500025218761,0.426255163375598,28.6250843841936,28.5054331339006,28.7785775877566,28.8884884259747,28.6997524463825,28.8002329491215
"O14949",2,2,2,2,2,2,0.841147110857553,0.895450849719723,25.2955907302477,25.4669913954677,25.4488085214907,25.147286240286,25.6419226171679,25.5267971457503
"P19105,O14950,P24844",8,9,9,9,9,9,0.333492163752303,0.497881714523815,28.5721870517346,28.6181732267531,28.6903722842613,28.5619301987259,28.820070184865,28.9403156284711
"O14957",2,1,2,1,2,2,0.158135112049737,0.31584254347055,24.3735364973276,24.3751340767871,24.7902041209223,24.2456383056738,24.3480998599609,24.1711508467167
"O14964",4,4,2,5,4,2,0.417875652546258,0.571074112827692,26.2095386378478,26.0747791210663,25.3649503259424,26.1249651174614,26.4458668724573,25.8243808158665
"O14965",6,6,5,8,6,7,0.013632121660931,0.0583524122960701,25.3280669691765,24.8130406913911,24.398736269412,26.1171833840078,25.8507789701953,25.5557277378464
"O14974",7,10,8,9,8,10,0.221115468541254,0.384306648692559,26.5932425632144,27.0139322070541,26.9817527508986,26.9784215536479,27.1782848280318,27.0846466872266
"O14976",2,3,4,2,3,5,0.0203195078862593,0.0793151733643706,22.8766976109476,23.8483122783649,24.2559947637817,24.7157768741353,24.8170829537025,24.9054035955277
"O14979",7,7,7,7,7,7,0.0734811996868261,0.195652893841939,29.8661027960964,29.9083628338858,29.9305006137687,30.1846694069525,30.0829093589501,30.1158304946327
"O14980",34,35,36,32,35,35,0.190678757239702,0.35279062374276,30.6553123934219,30.6719430050919,30.8771610607433,30.7839619837392,31.0298449556115,30.976871085397
"O15014",2,0,1,1,1,0,0.00310887510828622,0.0186495583989949,23.3133167737556,NA,23.3831502853549,24.3901986657465,24.4959058563107,NA
"O15027",11,9,10,12,10,8,0.953768014621059,0.968143537349471,26.6448129832022,25.8860879430865,26.5573500896072,26.6032755381779,26.530941541335,26.0039993492014
"O15042",10,10,9,10,11,11,0.0847821541137,0.213964325157718,27.9915688561621,27.9084123931528,27.8646441069802,28.1986326417369,28.1311309323857,28.1007816845797
"O15067",25,26,26,24,25,27,0.104239010848482,0.244661358641115,29.3349541390873,29.4986350044877,29.3636557335922,29.6906875123143,29.5405362227084,29.6243702356209
"O15084,Q8N8A2",5,4,4,7,7,9,0.00120335078338165,0.00945276019729502,25.6613275539232,25.2606606130018,25.4950196926299,26.3911621453539,26.2418674080969,26.45225380074
"O15116",4,4,4,4,4,4,0.110166127277088,0.252036852480859,26.3874409620988,25.4027533781673,25.9628610237119,26.7140992768325,26.2227143903231,26.4375155005959
"O15117",2,1,2,2,2,2,0.661803632013845,0.770046105805558,26.8557756579345,22.5897217833915,27.0477284463107,25.5886005938724,26.3065160789577,26.3195410692935
"O15126",2,1,2,1,1,1,0.885701003490575,0.924886452063448,23.3426976972717,22.1527416554507,23.5163276076991,23.9321446252029,22.6090265638557,22.2111593336569
"O15127",2,2,2,0,2,2,0.139129423971088,0.291957922923957,24.9245910403896,25.3602832456583,25.1411921471285,NA,25.5254881788249,25.4063920545479
"O15143,Q92747",7,5,6,6,6,6,0.400341086650944,0.557059600182236,27.6490535660334,26.670541082519,27.5197165438687,27.5728410315419,27.693667518347,27.3589771997671
"O15144",4,4,4,5,4,5,0.00244295171456601,0.0155407419524848,25.7725160173302,26.0025373875193,26.0229252601309,26.6944078149343,26.5111300567539,26.5790183878326
"O15145",3,3,3,2,3,3,0.214426821064256,0.378166855166047,26.4485426530863,25.025932257884,25.1989056913828,24.5358033711603,25.0863925261235,25.2489608854045
"O15160",6,7,7,7,7,7,0.0840865955603523,0.213213551292841,27.6268835185638,27.7928443157763,27.8413763717877,27.8736745418312,28.2785775641064,28.0493403543271
"O15164",6,6,4,7,5,6,0.32968695745957,0.494432548137853,25.1138397586207,25.2050656249424,24.367053338883,25.7998190817541,24.483143693917,25.8292508692133
"O15173",2,3,2,2,2,2,0.93892049431032,0.95865927163158,26.2312407241505,26.213208919369,26.2784390159592,26.0124809963399,26.3827714879744,26.3617913871076
"O15212",4,4,4,4,4,4,0.105948979606485,0.246500657638684,28.1887599380668,28.4449795838925,28.4552610279525,28.6068298351157,28.5429839138548,28.669894653445
"O15213",5,4,6,5,4,2,0.603481476651324,0.72437855003941,24.8237992449497,24.4758474169427,25.455902023964,25.0261904288364,25.5321212711573,24.7348534862205
"O15226",9,11,10,12,11,12,0.0721500238771775,0.192718017241472,27.0833629600675,27.3426982546963,27.0029245632173,27.400015242558,27.3965261617067,27.5379053747068
"O15228",1,1,2,3,3,2,0.00977690218121796,0.0455144082187391,23.6196427218227,23.5254952452341,23.5361640233533,24.1466017524235,24.133325463674,23.8652836610418
"O15234",2,2,1,2,2,2,0.385597505180161,0.544553795091842,23.4917162841426,23.432061827935,22.3738415979301,23.5114825767301,23.398245967945,23.3037508264554
"O15235",2,2,2,2,2,2,0.228807529393848,0.392030811047601,24.896025871882,25.1597533093871,25.2392746520697,25.6728442519437,25.2324960005958,25.1548184796771
"O15247",6,6,6,6,6,6,0.0557784280875158,0.162197374939575,26.9816111769114,27.0515769814393,27.3407018156338,27.5588466007182,27.3384298287676,27.5396420133845
"O15269",2,3,2,2,1,2,0.979935052032973,0.986182894564364,24.4636149135921,24.8510789502035,24.1964466150224,24.8616573207879,24.0864404697302,24.5841434200105
"O15270",5,4,4,4,5,5,0.0968980640039505,0.23326670801489,25.0558702140756,24.6957763471322,24.7846869536608,24.9532783852683,25.2673398174619,25.278447551731
"O15294",16,13,15,12,16,14,0.579797685700395,0.705336731809416,27.6362638338897,27.4480512548426,27.3952593914557,27.3745194661824,27.8775821464119,27.5283512989151
"O15305",2,1,2,2,2,2,0.487355506753193,0.630803921520539,23.959520065306,23.7035655538754,24.8250643387781,24.7308946619658,23.8365399597245,24.8124780793578
"O15347",4,4,4,3,4,4,0.185779138200856,0.346645891042676,26.8740698911774,27.3014022377031,27.4857905008382,27.2574580880225,27.7967447323892,27.6255481061783
"O15355",11,11,11,11,11,12,0.413381277099361,0.567310270460833,29.1912456474998,29.2678017236727,29.0957526635404,29.192510988425,29.3363398601086,29.3282402132541
"O15357",0,1,1,1,0,2,0.0512304911766486,0.151857518153317,NA,22.0652336288624,22.206486428861,22.6795160149791,NA,23.4430488876783
"O15371",10,12,13,14,12,13,0.585637770008408,0.710558822078422,28.4326198678076,28.7140317271058,28.8403539451541,28.8084925454261,28.629267136727,28.8095330514591
"O15372",7,8,9,8,8,7,0.647731794749351,0.758917489046387,28.2610361335311,28.5449251916309,28.7357813853381,28.0779315836178,28.7357327083874,28.4088949312409
"O15379",1,1,1,2,1,1,0.171913475517874,0.331299109057909,20.9275757219056,22.6848929036999,22.0089211805027,23.4713751847319,22.2906317919224,22.4058498265537
"O15381",7,8,12,8,9,9,0.264281980907678,0.430874805426794,25.5710979342457,26.1781217198342,26.6553667303603,26.3214276162535,26.7590425312365,26.4471110243134
"O15382",6,6,6,5,4,4,0.0161685791993567,0.0664503608917417,26.4676020342084,26.4911761294274,26.4848747946564,26.1382936077227,26.0610727396896,25.6865125146074
"O15392",2,1,2,1,1,1,0.0353168275798255,0.117746070036765,23.950353255106,23.0447611943544,24.1260349126548,23.1122744439051,22.4876233038692,22.7565195956817
"O15397",5,6,6,7,7,8,0.71811309832865,0.814732538108268,29.0776083744839,25.87892314342,25.9887277130977,29.3076905825216,26.4913686493802,26.4974460837371
"O15400",5,5,4,5,4,3,0.421623723232324,0.574077940591535,25.8162770349446,26.0967444040349,24.5823449440562,26.3084914747252,26.2243056984282,25.2476695181227
"O15446",6,6,4,6,7,6,0.0505723373802596,0.150259338886877,25.4982554800009,25.6397550487728,25.4383051790509,25.7886018028885,25.7507170051462,26.062243187039
"O15479",7,7,7,6,7,6,0.807128346030438,0.874290687748708,27.259309684007,27.137888408862,27.0241503871187,27.3110798541385,27.5430275849068,26.7436795550627
"O15498",5,5,6,6,6,7,0.0431494419980725,0.135455457757778,26.0672595836079,26.1552664372082,26.3208850044987,26.5920068387255,26.3728601924326,26.6268557243598
"O15504",1,2,1,4,4,3,0.00654558310485141,0.033227879660909,22.3562440897909,23.928697097054,22.9950371186987,24.6927676874381,25.3402001550572,24.7118715845768
"O15511",5,3,3,5,4,3,0.400070528716829,0.557059600182236,26.2259972679874,24.321773844784,25.9150641676125,26.1354905619468,25.7534069377059,25.976978754754
"O15514",2,3,3,2,2,3,0.837345403698376,0.893416061275982,24.1246738912727,24.1007402623643,25.2100941114759,23.9906781516075,24.4294240656871,25.3116106337374
"O15541,Q8IZP6",2,2,2,2,1,1,0.393244956408646,0.55115932412444,21.9863898995347,24.069097713839,23.6103009875876,23.9512938632702,23.5518395057718,23.6849063969454
"O43137",4,4,3,4,3,3,0.0219479801104452,0.0837305494998932,27.2468178814469,27.2041454100882,26.5376786639553,26.5540711668654,25.572045359206,25.5872097230583
"O43143",21,20,20,21,20,22,0.0840670284850735,0.213213551292841,29.4980379836618,29.5288162720391,29.6152976837876,29.7730268449444,29.7289728307544,29.7952114417015
"O43148",6,6,7,8,6,7,0.39432658430049,0.552035359562576,26.3164625998701,26.0766326796268,26.7272612637212,26.8720191256532,26.4448014285929,26.4237991178512
"O43156",4,2,5,4,4,5,0.216080498966802,0.380125000620835,25.2107846737823,23.5878217553512,25.0606393443737,25.403170765695,24.7340734404957,25.9680302172947
"O43159",5,5,4,5,5,7,0.0784723317076921,0.204100796836021,25.5956057774892,25.825124995121,25.0001073345182,25.9414353388769,25.8288803222748,26.4405823099114
"O43169",2,2,2,2,2,2,0.208626874603108,0.372358425307527,25.1765281218665,24.9156594245267,24.9984950161009,25.2549409779153,25.2087756228752,25.1426935436836
"O43172",13,14,13,12,10,12,0.610600841138789,0.729975112092787,28.2486090605111,28.0970749163715,27.9316051520761,28.2594116361083,27.6243635800343,28.0676071608175
"O43175",17,17,17,17,16,17,0.76780903058528,0.84639969739988,29.674297825786,30.1253643829727,30.0486361567762,29.8686852902399,29.8807129324403,30.2754616606046
"O43182",1,2,2,3,1,1,0.532201654471733,0.667697604753285,22.6186088670511,23.5657695499459,23.202697856797,24.314781107877,22.9961690434688,22.9737883356111
"O43237",2,2,2,1,2,1,0.128953610786023,0.277364175462906,23.30723365742,23.378687091196,23.5225622104021,22.6177697864743,23.4540984204139,22.8784827390364
"O43242",18,16,21,20,20,19,0.567623587910992,0.695215020014166,29.6444691159521,29.7457757196981,29.815543755251,29.5743475633468,29.9687031768404,29.9376311032115
"O43252",7,6,4,6,6,7,0.0600677043572439,0.170354842621246,26.0935197742411,26.403597470853,25.8013437010186,26.6634165535597,26.4252981295585,26.5163366751151
"O43264",9,8,11,8,11,17,0.188240756448636,0.350075132850537,26.4882334016428,25.7680852429954,26.9302123342112,26.6025935740712,26.768575793068,27.5987439586695
"O43290",15,16,19,18,17,19,0.219809513205848,0.383545203442861,27.9551633417812,28.3054725398914,28.6560351358219,28.4284041923223,28.6117190074329,28.7539487453813
"O43314,Q6PFW1",2,2,3,3,3,4,0.00246187955061499,0.0156056364007426,24.0122061913388,23.7255143144192,24.219278558699,24.7656049916928,24.8231375591753,24.794344697884
"O43318",2,2,2,2,2,2,0.029600567273213,0.104262528101115,23.3394442820219,23.4184289150558,23.6726569025499,24.297947431849,23.7929010251693,23.9188743955539
"O43324",9,9,9,9,8,8,0.328236904019051,0.49357683899977,28.9034856694631,28.5425003326416,28.6691370943688,28.6034667629168,28.2937620454517,28.6841905968608
"O43379",1,1,0,1,1,1,0.00597839100499234,0.0308761277773173,22.5757475722617,22.511677515264,NA,NA,NA,20.7659125840353
"O43390",23,23,24,23,23,23,0.47518430468852,0.620035113144333,30.8056735282658,30.495388863066,30.4526205956518,31.1609986209232,30.4464786796474,30.6600612044485
"O43395",10,9,9,10,10,12,0.257473546401543,0.423991235015288,27.2530773029651,27.270349087097,27.3681320743291,27.2321946898975,27.5439007284552,27.7020419443611
"O43396",13,13,13,13,13,13,0.147634493872493,0.301293668100995,29.1736241295625,29.2055577796521,29.1282860030573,29.3990097633391,29.3124821987226,29.3154839916741
"O43399",10,10,10,10,10,10,0.0865157732529722,0.216439410946391,28.7136981193954,28.8606746294967,28.9423422264132,29.1602358357899,29.0447570655692,29.0457030701715
"O43402",4,4,4,3,4,4,0.437845409855702,0.587578550678801,25.6859485825089,25.3952191160649,25.4737616254014,25.2693914308689,25.7728423151333,26.1131038767489
"O43432",0,1,0,0,1,2,0.121516673757734,0.268260803824437,NA,19.1034331286009,NA,NA,21.9823224125668,26.0976068149373
"O43447",6,6,6,7,6,6,0.224207175716609,0.387169382750287,28.8648220216537,28.8478368679039,28.6832620352712,29.4774936824038,28.8557028848972,28.8903420724754
"O43464",1,2,1,2,1,2,0.445718710371861,0.594644798227224,NA,24.4452938771876,23.9815672787584,24.0082672804294,24.4181158954745,25.3084848855123
"O43482",2,2,2,2,2,2,0.272239528290355,0.439042738631731,24.4004967894314,24.2109282828291,24.3213540782816,23.8272729855141,24.1819689567615,24.3218842746177
"O43488,Q8NHP1",4,4,4,4,5,4,0.9245105635294,0.947009299612047,26.6319091912968,26.832143383821,26.7965861480921,27.125775717899,26.4734607726714,26.6015400091833
"O43491",8,8,8,9,7,10,0.152267110153493,0.308010081451859,26.0782688030762,26.3433582753137,26.406770501637,26.5889029505833,26.3334088081894,26.6860107948872
"O43493",2,2,3,3,2,3,0.443270578265313,0.592317378523305,23.3074017066549,21.400612797104,23.8913287823864,23.3437675604642,23.1758715711716,23.6930190427327
"O43502",2,2,3,1,1,4,0.234805572967495,0.39798756679826,24.9231462278304,23.8039052423144,24.9764015847325,23.2607638420943,22.696811330968,25.0323202450079
"O43504",3,3,3,4,3,4,0.0373251027228476,0.122709388609222,26.4887050082216,26.9470899769618,26.8502918311384,27.4827911390372,27.0095402211718,27.3791365031107
"O43583",7,6,6,7,6,6,0.964101216131877,0.975802136013339,27.9234328143133,27.191004838154,27.7017044426875,27.9606182412836,27.554597392185,27.2630901548037
"O43592",10,15,10,14,16,14,0.0197480644923718,0.0776244931914164,27.0036991281202,27.1445517495523,26.9449367669034,27.7270079452077,27.4598870897825,28.3892270780762
"O43598",2,2,2,2,2,2,0.366806249592314,0.52920261830642,26.9410785973123,27.2172473911954,27.2456678239226,27.0967758461764,27.3603051545061,25.3098206690992
"O43615",12,12,12,13,14,14,0.0201754705095629,0.0788748463961319,28.5060469514299,28.6205347771574,28.8025568906097,29.1350937898282,29.0348224528733,28.9870639638782
"O43617,P36149",3,4,3,4,4,4,0.33630168159619,0.500803324561542,26.0251289289191,26.6690207941659,26.1592780517886,26.4385523670005,26.5482063213746,26.4782324134196
"O43633",2,2,2,1,1,1,0.560583324933835,0.690274591477524,24.5032988807355,25.4994116767611,24.61379959367,24.3018054562199,24.9811470336638,24.7250209842368
"O43660",8,9,8,9,8,8,0.266452212654604,0.432749236694021,26.9456252316714,27.0905376047558,26.8100183781776,27.1641584673949,26.9682479346392,27.2152124960397
"O43663",5,3,4,5,5,4,0.0575291913239995,0.165478328802689,25.63873980794,24.9381267646527,25.770307210901,26.0822452552204,25.9454064359537,26.0373441445974
"O43665",4,4,5,4,5,6,0.193403547047138,0.355617515884635,24.9209513315943,25.4270891083061,25.381942197987,25.3940487295197,25.6507685467128,25.4801870398121
"O43670",4,4,3,4,5,4,0.566682591832767,0.69447100129555,27.7029598848155,27.8094465288418,27.6014688944804,27.5578172683426,27.8932199633254,27.9358650164094
"O43674",2,1,1,1,1,2,0.0808667339062488,0.208609741042116,23.4888902400639,23.6948571988845,23.8533967371603,24.1255441642445,23.7845327693713,24.2724779316296
"O43676",2,2,2,2,2,2,0.71125731459849,0.810047507561888,24.7976108142778,25.1132467609723,24.9497232154234,24.2509129366545,25.1858674688186,25.0968521094164
"O43678",2,2,2,2,2,2,0.103085159157109,0.243196234891433,25.2949360013775,25.2778262005446,25.5849111262711,26.1378803859208,25.8930006920975,25.4133194833399
"O43681",9,9,9,9,9,8,0.348728126112066,0.51273705688761,27.7200598686952,27.9864488131453,27.8599599462921,28.0418214280785,27.8930829227135,28.0116474905949
"O43684",13,11,12,12,12,13,0.353728949620341,0.51757964210091,29.4632378773122,29.5048924274013,29.5189499344325,29.4804617488817,29.6934511293361,29.6589271671367
"O43707",45,47,47,47,45,44,0.165591513243044,0.324564506554372,31.6614414762845,31.7119604585608,31.6611830919264,31.8696274909226,31.8681401013149,31.785781671282
"O43709",3,3,3,2,2,2,0.471470888208596,0.617262689564961,25.1264067544213,23.2590447048907,25.1565204306096,25.3393095886086,24.8583796758094,24.6484938314205
"O43715",1,2,2,1,2,2,0.0673929924435758,0.183436067482285,23.2096162911987,23.3791449079522,24.4012344432672,24.1847083043204,24.6205942465432,24.5327805404147
"O43719",5,4,6,5,5,6,0.101057311403673,0.239643417793405,25.3992789322349,25.2478390683549,26.0172002364638,25.8684258609292,26.0423616897039,26.0944154908929
"O43747",4,6,7,5,4,6,0.821767383155891,0.884078179407967,25.1974103363088,25.691796813504,26.7479092004902,25.8915964498285,25.6904537561984,25.7719437899352
"O43760",2,2,2,2,2,2,0.17329250035072,0.33319391673829,24.9474153738826,25.2162228180081,25.0237541363403,24.7332672660382,24.9822296543031,24.846235107931
"O43765",8,9,9,9,9,9,0.38072895801494,0.540945700965811,28.3831532273446,28.8029298595141,28.7823889904528,28.7239521960306,28.9327224019081,28.7695719814946
"O43768",4,4,4,4,4,4,0.543484583437478,0.676197083166031,27.4282801410633,27.4381301429259,27.6154620500567,27.290778643728,27.7437725747841,27.7830352492821
"O43776",18,19,19,19,20,19,0.0451009852673933,0.139846292857052,29.9567925681706,29.8468545458112,29.9583348219654,30.3194550973536,30.2129538447998,30.1131505289192
"O43805",1,1,1,2,1,1,0.197503392941971,0.359880821699097,22.8283310795849,22.5680201193,22.3164094152856,23.0611401245827,22.6855626814811,22.7763764713333
"O43808",2,2,3,2,2,2,0.276804795473338,0.442706169657405,23.5751640142058,23.8077364255189,24.6908772001575,23.8858659393796,23.6485296717553,23.3517357454138
"O43809",9,9,9,9,8,8,0.711824026207141,0.810144920318222,28.6086354447424,28.6314144499825,28.506886230831,28.5604748765022,28.6417594994064,28.6699263683471
"O43813",2,2,4,3,5,4,0.203011018669072,0.366741293024852,24.4030009099952,25.0421038977131,25.9123812404894,25.05497651471,26.2800141407085,26.2088875126323
"O43815",2,5,5,6,6,4,0.254246834174912,0.419947926559019,24.4002819481453,26.3525232862588,25.6221522755019,26.5760982552988,26.6340064853918,25.4167707636752
"O43818",7,8,7,7,8,8,0.157282370274376,0.315001289554272,27.0436797028857,27.5454033010109,27.3854092212023,27.3438949563794,27.8118294953253,27.8373049118102
"O43823",4,5,3,4,5,3,0.58606470752812,0.710663731678482,26.046748439625,26.2946989485128,25.43356717113,25.6029096462986,25.6590448703733,26.0540430050291
"O43837",8,8,8,8,9,7,0.911883843961,0.939026563883183,27.4115891482497,28.179428363757,27.6896628342038,27.667255480682,27.7321747946286,27.9595656039432
"O43847",16,19,17,22,21,20,0.0350720814522211,0.117345181334568,28.1787740498316,28.5927090157893,28.7001554137097,28.958507304631,28.8578110098298,29.1976108362713
"O43852",12,12,14,13,13,14,0.200336406167108,0.363772532468307,29.5558637920171,29.4000242850301,29.5971928963084,29.8851411834399,29.4729657477759,29.8959387647118
"O43865,Q96HN2",3,4,3,3,4,3,0.704791854218894,0.805140482258938,24.3858142088077,25.3978761178708,25.1582281508665,24.6937676060683,25.3784901715907,25.2612726072099
"O43913",2,3,2,3,3,4,0.206572295358667,0.370261413717753,23.5847752719752,24.5652667110572,24.1578999000765,24.203434542173,24.5111300567539,24.9417926176446
"O43920",4,4,5,4,4,3,0.309705330830593,0.475622263917703,25.8255070186596,25.9267411122634,25.8271508751538,25.823509282336,25.8932747759255,24.888800530697
"O43929,Cont_Q2YDI2,CON__Q2YDI2",2,4,4,3,3,4,0.514395059765187,0.651997351787694,24.1340928555461,24.8415591813431,24.5746434884773,24.4367057588779,24.5421539125972,25.1363172235904
"O60216,Q9H4I0",10,10,13,11,13,12,0.473799927326064,0.619399709479452,27.0297427376925,26.9873405680016,27.5384353883581,27.4634087134922,27.0993510591134,27.4666678075465
"O60220",2,2,4,2,2,4,0.642003256022113,0.753954532938316,25.5158473094504,25.6321888676421,26.4321020101637,25.6086202732065,24.2866645405838,26.7297508963357
"O60231",5,6,5,6,7,7,0.000861046751076891,0.00764349233688818,25.1855740455427,25.2236026752031,25.2975625401892,25.906444028338,25.909652337072,25.8701723952066
"O60232",4,4,4,3,3,3,0.174788460599804,0.334577246127503,26.1434507246171,26.0726224672928,25.7683733030499,25.7943233155474,25.6501848272584,25.8544519150893
"O60234",0,0,0,0,0,1,NA,NA,NA,NA,NA,NA,NA,23.929764638055
"O60244",2,2,1,2,2,1,0.174044446716852,0.334170937920694,23.6587254350982,22.8133710320458,22.1864136928197,24.2809981848736,24.4778900950029,22.7029126210107
"O60256",4,7,4,4,4,7,0.84423342177159,0.897542204455547,25.4543317934322,26.0280138321356,25.8505355948215,25.5485373510656,25.3875849905939,26.2258654929674
"O60264,P28370",19,20,19,20,22,20,0.306716465315352,0.47260616571909,28.2425798635568,28.3856245796044,28.3626234955065,28.2626265861115,28.706240871754,28.5319502203423
"O60271,Q9UPT6",20,19,18,15,16,14,0.298404208056255,0.465077875781819,28.0927555028992,27.9599626909098,27.8728174702265,27.8691867213303,27.9310214053734,27.6836252405577
"O60287",7,8,8,9,6,8,0.519742988103028,0.65724405999053,25.2299719427023,25.6378433078969,25.3394721123482,25.5436929528331,25.447192904771,25.5133986251404
"O60306",9,9,11,10,12,11,0.0125912602113503,0.0550635976861735,26.8824259116551,26.9838643059236,27.0834258148892,27.4714480683633,27.41095515624,27.3207050676415
"O60313",14,13,16,17,15,14,0.0398525758107413,0.127887776632817,27.6458101125585,27.3511092151096,27.5483620841632,27.9601638389182,27.7618220742095,27.8744942873839
"O60341",16,17,16,18,18,16,0.209419841537991,0.373114504271037,28.5200389386345,28.4247834157915,28.5282177122366,28.5981362437552,28.6490004484085,28.6679904823233
"O60361",1,1,1,1,1,1,0.658866169293462,0.768018872955184,23.6191505024249,23.9195988487453,24.2034614568717,23.2567097594352,NA,24.2313947498519
"O60488",1,3,2,2,1,3,0.664970974114876,0.771953203919613,22.0489794777671,24.0530481856726,23.9544560363412,22.055647537933,NA,23.844752448348
"O60493",6,6,6,7,4,6,0.31465206695722,0.480008332890642,28.0427050444865,27.4804818240716,27.5903217873935,27.625781496034,26.6346787532709,27.7245691249678
"O60502",4,5,3,3,2,4,0.151643438246152,0.30748735711815,24.9535780294598,24.6574139476871,24.6733460551708,24.2289219040898,23.7251711086574,24.8407461474338
"O60506",17,14,18,18,18,18,0.195573862799693,0.357914340942481,31.1422789523427,30.9182409624526,31.0327241223605,31.4867064339966,31.0769797659279,31.1990071187745
"O60508",1,1,2,1,2,2,0.872202648951668,0.916284438405756,23.1982097115215,23.7235327138766,24.5750860857697,22.849112893122,25.2116357131038,23.0703701122429
"O60522",1,1,2,1,1,1,0.0247959689818138,0.091286034495001,24.6090228182219,24.3506570030496,26.211976792423,26.4406199995781,26.4924545391944,26.9378154950663
"O60563",3,2,3,3,3,4,0.221179851068951,0.384306648692559,25.3495164668881,24.4713993649656,25.1470585880602,25.2300854547796,25.3012379707688,25.4739810171613
"O60566",8,9,8,9,8,9,0.101958057183688,0.241146285338128,25.9736193168943,25.851553293678,26.1937431856862,26.2914806147966,26.2074316235494,26.2913690754134
"O60573",2,2,1,1,1,1,0.167834523297104,0.327057167119473,24.3054909026341,24.2086762329357,23.4310972438291,23.560543395181,23.5212382885534,23.6541480394809
"O60610",29,25,25,31,31,33,0.0146694354926882,0.0617982052261693,29.7161095400254,29.3505074501326,29.6481252283657,30.281637388273,30.2790758092564,29.9202721750379
"O60613",2,2,2,2,2,2,0.424211540687388,0.576457490452515,23.2671577243348,23.6982551263289,23.9308272609788,23.8983889398279,23.4863302994209,24.1650433555386
"O60641",1,1,1,1,0,1,0.114023190124855,0.257456921466536,27.1190494267422,28.3265439731775,26.7222747940817,21.1872133076992,NA,26.7873685493303
"O60645",3,3,2,2,3,4,0.276877606404225,0.442706169657405,24.2357629993125,23.509065356229,23.8228298472312,23.7522289153622,24.337503565642,24.4683026557989
"O60664",16,17,17,14,17,17,0.5372996612188,0.671259111752698,29.4395189674098,29.4772446485854,29.1677028527899,29.2341290299069,29.5429839138548,29.628602813042
"O60671",1,2,0,2,0,1,0.163050396492598,0.321580457900864,21.907358644743,23.8901088348779,NA,24.6081894448445,NA,23.9364451639414
"O60678",6,7,6,5,6,6,0.675476997142014,0.78026010029369,26.0009152314112,26.3935772449127,26.2636269152609,25.8291795998799,26.3023735691193,26.2760493325621
"O60684,O15131",6,8,7,7,8,7,0.12371318608589,0.271448871815739,26.1009640490135,25.9272499234766,26.1925257890326,26.5178659979163,26.3704406022851,26.1437169909306
"O60701",4,7,6,5,8,7,0.111273374839266,0.25351457659591,24.6660114875504,25.5619435716024,25.2452816325664,25.2709834859616,26.0307982310137,25.9585273950319
"O60716",10,9,9,10,11,12,0.0817584062464202,0.210050695728653,27.4359862087689,26.8313071600382,27.1745137368215,27.4519116088725,27.5029095499489,27.6587833522473
"O60732,P43355,P43361,A2A368,A8MXT2,Q96M61,O15480",7,7,8,8,9,8,0.268653826049027,0.435024554866978,26.2072070916264,26.1876764064237,27.0399118304893,26.5887517801488,26.7352970485932,27.2241386449057
"O60749",10,9,10,11,9,11,0.0683601480508979,0.185216292817445,27.1095533100997,27.0321497982208,27.104274495928,27.5694402519817,27.1624532452941,27.4984465162192
"O60763,Q5VZ89",23,24,24,22,23,26,0.176357334650383,0.33614373483739,28.8098076903979,28.8306796739648,28.8429597024926,28.8431248749452,29.0320869547881,29.2923706221483
"O60783",0,2,2,2,1,1,0.0956385374612721,0.231023554623092,NA,24.571239157355,24.6486071806836,24.3761748823604,24.1265336710392,23.5346208907425
"Q99880,Q99879,Q99877,Q93079,Q5QNW6,P62807,P58876,P57053,O60814,A0A2R8Y619",2,2,2,2,2,2,0.450618056424278,0.599281675355194,32.1255216297082,32.1329925748569,32.0381405519598,31.9384296648239,32.4151186777444,32.332649328646
"O60826",0,2,2,3,3,2,0.0304435798382564,0.106472014203412,NA,23.3474436772735,23.2564240916746,24.5482955171042,24.3805248923545,23.7015828291649
"O60828",3,4,4,3,4,5,0.313706438349018,0.479516495171855,26.5325902554682,26.8688730159429,26.881938860195,26.6261907363967,27.0950682967143,27.2629219595204
"O60830",2,1,1,1,1,1,0.139786674266588,0.292850473546469,24.0771716539603,22.4848302178455,22.385103559828,22.0706588204776,22.2607949722936,22.1763755448731
"O60832",13,13,12,15,13,14,0.165340423959534,0.324324070454217,29.1463146150955,29.0311942956752,29.2022960090587,29.4777658205536,29.2129538447998,29.2914639018139
"O60841",28,28,26,27,28,27,0.151945940720851,0.307730130946678,29.9971436938909,30.1416877542525,30.1961948821556,30.2269697726191,30.3099437091618,30.3762821219295
"O60869",5,5,5,4,4,3,0.133263938338341,0.284015254239225,27.5169871857021,27.6052680205041,27.6465029334314,26.969031235802,27.542765538763,27.3362958409128
"O60884",9,10,8,9,9,9,0.242435353775615,0.407063833251359,28.3828361166629,28.5271873745034,28.107890114953,28.5517550639327,28.5074822797387,28.5200360307031
"O60885,Q15059",9,9,8,11,8,9,0.361660679849755,0.525531672589504,26.5043321031351,27.0460916133142,26.6509416391879,27.0605346370844,27.0094137965088,26.7039636782909
"O60888",3,2,2,3,3,2,0.219476959280122,0.383540024512613,27.7512088458131,27.2795744944737,27.4929001184751,28.1443520642517,27.7194013698457,27.5426241505722
"O60925",3,3,3,3,3,3,0.142163544094372,0.295258248857184,26.7063671709862,27.0381413669067,26.5478611048923,26.8506042711306,27.1222140468117,27.2922264092991
"O60934",3,2,2,2,1,3,0.533349233449739,0.668394318839301,24.498489670164,24.2612195443864,23.9418513573837,23.8956757802648,23.0960163584579,24.8148664957622
"O60942",3,2,2,4,2,3,0.386697197619648,0.545436343249607,24.5135317458675,23.9759977675411,23.750915769416,25.138224745641,23.8719052155419,24.296932660341
"O74700",3,2,1,3,1,1,0.24139337791466,0.405884516972896,27.114145446733,24.9789456692607,24.7172710296267,25.8067389122892,23.6188716253942,24.0145276014317
"O75027",2,1,1,1,1,1,0.548440042358023,0.679963341666758,22.3914890298454,22.7298463303684,22.3292234604003,21.8553373028915,22.6183411740449,22.505526864569
"O75081,Q06455",2,3,3,4,4,4,0.160422184382954,0.319264166004059,24.0658379978702,24.6018152185986,25.4755275831402,24.6887610681298,25.9612059309434,25.9316281476436
"O75083",21,20,22,22,22,21,0.0608412244380313,0.171585161717753,30.2560979290147,30.3083299582941,30.2714237439229,30.5405092953841,30.5045923858342,30.4931864890371
"O75116",8,6,7,9,8,8,0.0606032036652747,0.17120066091348,25.2767550082997,24.9568415273936,25.5086507435482,25.7056509236937,26.1809365525563,25.5117008706109
"O75122",9,9,10,11,10,12,0.15863999001754,0.316590513464479,25.0944496453921,25.3643355185656,25.9475029104769,25.5985450585937,25.948548556944,26.2049005705979
"O75127",1,3,2,2,3,3,0.0177570425392043,0.0715808634202082,22.4720620621431,23.6232306923865,22.9925210846297,23.7999061475676,24.1963455744518,24.2890252958436
"O75131,Q8IYJ1,Q96A23,O95741,Q86YQ8,Q9HCH3,Q9UBL6",6,6,5,6,7,6,0.595238535860819,0.718005581785574,26.1776567459727,26.0905900209663,26.1706303898084,25.9733094799745,26.1032183994879,26.1721363982259
"O75150",8,8,7,7,8,8,0.729212923892265,0.820969529249584,26.1405597014283,26.3569170040679,25.9634246278396,25.8123603145913,26.2814178769448,26.6315533606985
"O75152",10,7,10,11,10,11,0.00236132091607907,0.0151679990015909,25.7349022475289,25.6227233264446,25.9344155075386,26.3721791695569,26.6927072905144,26.5321944817389
"O75153,Q9Y5I4",25,24,23,26,23,24,0.263621404405117,0.430615393550687,28.1559437897104,28.271582555199,28.1572924391549,28.466154438563,28.3677211009315,28.2050494044873
"O75155",2,1,1,1,1,1,0.17806657058313,0.338231804681075,26.9180029245544,21.3989431937864,NA,21.6348426800456,21.9897648300635,20.7880746971502
"O75157",3,3,2,3,3,3,0.185934607807018,0.34680786707284,24.0707961823517,23.836942287073,23.6401247120822,24.0265377015908,24.0283296341352,24.1657632273369
"O75170",1,1,2,1,2,2,0.670149419879171,0.775647277683248,23.7747552187054,22.2547849593827,22.6925552009601,22.9799593349705,22.9668422810591,23.3197513051492
"O75175",0,2,0,0,2,1,0.77988624649215,0.853935710173824,NA,24.4175377436641,NA,NA,25.037385380283,24.1254789883314
"O75179",5,6,7,9,7,7,0.0336426721142389,0.113817238344957,25.1438785320635,25.5568432950526,26.0529808216353,26.3382309081904,26.2643127022932,26.1965060462498
"O75190,Q8WWF6,Q8NHS0,P25686",5,7,6,5,6,6,0.781799323279663,0.855288798329127,25.4704529918072,26.2560255691553,26.1113949860567,26.0062312616177,26.595665309274,25.534704487276
"O75208",2,2,2,2,2,2,0.803726487815089,0.87209935337358,24.5024984581115,24.6306516325037,24.3315188813095,24.6302930888164,24.8346003164496,24.1619438071802
"O75223",7,6,5,6,6,6,0.575565928351253,0.701980210233801,27.6003985552809,27.7223153828013,27.4808781347061,27.4595558980964,27.8031039304527,27.8087843324846
"O75251",2,2,2,2,2,2,0.774199701946452,0.850289779197984,25.3659653895979,25.2707192382716,25.1679759063989,25.7811826728567,25.0208733119794,25.2028503541144
"O75306",4,4,4,5,4,4,0.209390032104061,0.373114504271037,26.5482364683435,26.7179108933656,26.5854482246443,26.6785535187304,26.8723779886842,26.8012177832471
"O75312",9,10,9,9,9,9,0.860217871701065,0.908441485996518,27.0409260293137,27.1869248155227,27.0048422516257,27.1332810513778,27.0672805068787,27.0931861763931
"O75323",1,1,1,2,1,1,0.0956335577140427,0.231023554623092,22.7760142788163,22.9445750593907,23.1805050711534,24.0894338708352,23.2849776563609,23.1897444628811
"O75330",7,7,8,7,7,4,0.860624663227272,0.908467120994974,25.9249893548705,26.0909044782431,25.9667828973402,26.1675363547748,26.3624844525653,25.2885626923589
"O75340",3,4,4,5,4,5,0.103217950512411,0.243395830083187,27.5859879318267,27.5819052753297,27.7579068258986,27.9071312216889,27.7487795668582,28.0131982647267
"O75347",8,8,7,7,8,7,0.760381301519456,0.84059661938603,29.7320775606454,29.9092298753617,29.6289063614039,29.409603827188,29.9721129221457,29.7136264447996
"O75348,O95670",2,2,2,2,2,2,0.987150387226366,0.990287310006032,25.7687762744452,26.3332489282656,26.6264766335122,26.5430862576845,25.5640451496285,26.6401261663955
"O75351",0,1,2,1,2,2,0.614247891372781,0.73312053386671,NA,22.8262376431417,24.4329975631085,22.6542093932366,25.0496834662615,24.6669166915355
"O75367,Q9P0M6",13,11,10,10,11,11,0.592177106738937,0.715913491177207,28.9163136225376,28.7304956850469,28.7084164276734,28.9076363021719,28.9439121892734,28.7204102657234
"O75368",5,5,4,5,5,4,0.265746870266749,0.432298692984653,27.6522145663963,27.1242980106565,27.2169642888616,27.4403221451723,27.7785361835314,27.4820667730303
"O75369",53,51,52,52,52,51,0.384400848032708,0.543563461201905,29.8482809513713,29.9821465735173,29.7739798638484,29.9465794847982,30.0199793468215,29.9569946718522
"O75376",2,2,1,2,1,2,0.0217677249467233,0.0832314751747913,21.8811589114862,22.258223627556,22.1704123526324,22.6843031667304,22.5897550441841,23.3677162210647
"O75380",2,3,1,3,3,2,0.399135621542703,0.556540296811316,24.6911682007409,24.8913530392717,23.8983411584237,25.3781977522956,21.5168335432922,23.8941534422249
"O75381",7,8,6,7,7,8,0.225181101365261,0.387811009329189,26.4196673262193,26.7016450695591,26.2545218117253,26.8106905951174,26.5262306241835,26.7056972404746
"O75390",13,15,15,13,11,15,0.338121780636954,0.502605389640157,29.7009988622313,29.8842496816998,29.9112764859104,29.9213571322733,29.9204369496295,30.0209272292535
"O75391",0,0,0,0,0,2,NA,NA,NA,NA,NA,NA,NA,24.4587006566876
"O75396",6,6,5,8,6,8,0.19120876853482,0.353253653939055,25.1337482902135,26.1004626475001,25.9751911059872,26.2779385616995,25.9103566722044,26.338165041369
"O75400,Q6NWY9",16,14,16,14,14,16,0.12489012533355,0.272929461346257,28.8710369167898,29.0779023162372,28.883453500797,29.3268759430454,29.0365915457264,29.1912168782879
"O75410",1,1,2,3,1,2,0.203459988448417,0.367420951609922,22.457129892013,22.5374807046239,23.4022325028303,23.2177733256525,22.9460459764752,23.5910200609155
"O75419",3,6,5,3,6,5,0.339314569263946,0.503509575076218,25.5232651200174,25.7338387647505,25.9963118520957,25.82268109097,25.9325290562842,25.9899223880623
"O75431",4,3,5,3,3,3,0.109095863937608,0.250360385619654,25.4718848796228,25.3391436229396,25.6630203029037,25.9186567961513,25.542608288227,26.0012997849958
"O75436",7,9,8,8,7,7,0.0518221910070759,0.15316201683835,27.1669831927447,27.1095441186488,27.3662153430297,27.4959279066148,27.494443216884,27.5273013788914
"O75438",1,2,1,2,1,2,0.78804843812677,0.860076201594278,24.9032203625004,NA,24.867236515485,25.1248956162269,24.881276098534,24.786736932348
"O75439",8,9,9,9,8,8,0.400452070532904,0.557059600182236,27.0310153126878,27.1909233506767,27.5924488050467,27.2881949275733,27.5017416303701,27.5230238149394
"O75448",1,1,2,1,1,1,0.976996467743011,0.984991848017954,21.527854915794,22.0782900379984,22.3059476134707,21.0748863323467,22.6170407433684,22.1801142449082
"O75459",4,4,4,3,4,4,0.602892753186834,0.724016000082429,27.2929700300886,26.9964144457961,26.9876753046053,27.0048471399774,27.329950488417,27.1935793285136
"O75475",6,9,7,5,8,7,0.903935718205433,0.934844249110492,26.7799114978608,27.6099077004977,27.3295965691785,26.7564671397618,27.5574537864794,27.525339481496
"O75489",5,5,5,6,5,7,0.0420134210344918,0.133065812289156,26.9540660034339,27.2893503373438,27.0631481205152,27.6285620439947,27.2891870086952,27.7457873939896
"O75494,Q8WXF0",5,4,4,4,4,3,0.609329308392032,0.729145306014724,27.951624481374,27.6229528712344,28.0874387573681,28.0767942599161,27.6206439070287,27.6455551837974
"O75496",5,3,5,4,5,5,0.895777967106474,0.930025593392559,26.0316396207761,25.0693105059494,26.0087428091203,25.778269117425,25.4190299095746,26.0449549479265
"O75506",3,3,3,3,3,3,0.0304597229308909,0.106472014203412,25.6493549122571,25.7920279715476,25.955325186677,26.3285064369132,26.0220268060683,26.4182818822993
"O75521",8,6,5,7,5,5,0.939703712500215,0.958683791524659,27.6174418136294,27.3796311791235,27.3713209783875,27.8021680163992,27.2511997183108,27.26913216241
"O75528",1,1,1,1,2,2,0.467342573984636,0.612651788527485,22.3687716983686,22.8343236472019,23.0596205539259,21.7965124992022,24.1121000395529,23.8696202012516
"O75530",3,4,5,5,5,6,0.939387197075251,0.958683791524659,25.0878389915225,28.1316612128707,24.9734201157871,25.7744933533243,26.0985906077408,26.1100214932417
"O75531",2,2,2,2,2,2,0.291997629351222,0.458464415869761,28.348867210052,27.6700150101363,28.0893334710034,28.5073030481919,28.1446628032598,28.2059245872863
"O75533",32,32,32,31,31,33,0.454763515051185,0.601520976722153,30.2296394583261,30.5653421480643,30.5227311149539,30.4276531064805,30.6262404378709,30.6080431301714
"O75534",30,27,29,31,26,26,0.295294862744504,0.462204633319643,29.9838083683351,29.9898954424633,30.1434943371029,30.2332965069872,30.1326697762715,30.1369781513141
"O75569",4,4,4,4,4,4,0.387216648477042,0.546016552612378,26.3277469287791,26.3947097697797,26.3071410897254,26.2558721858722,26.6371519687737,26.527021271126
"O75600",3,1,1,2,2,3,0.128891030756274,0.277364175462906,25.4092778487805,24.9576847156355,25.0251225414938,25.2191021700937,25.5150180039095,25.6721193478802
"O75607",4,3,3,3,4,4,0.36118391044676,0.525141028113582,28.3761151228571,27.9756572371007,27.8917433811324,27.8731229474675,28.1988312966313,27.4485907116645
"O75608",2,3,3,3,3,3,0.539858726284359,0.673598260441514,26.8106836232427,27.2166071182277,27.1841363216002,26.849763458067,27.4019298816414,27.3722920693557
"O75616",5,5,5,5,5,5,0.0747584820214535,0.19809684777193,25.3427871371494,25.5050333583176,25.7547194587051,25.8890341778408,25.7309178645631,26.0002306512659
"O75643",57,54,54,52,54,55,0.178656234042423,0.338847320393553,30.9727135427509,30.9638427510783,30.9381668957252,31.1661439344351,31.0634190069455,31.115714077845
"O75663",5,5,7,5,6,7,0.138763911053566,0.291433062258446,26.8831948022618,27.0446493688546,27.3864603141216,27.1314372041219,27.8319862331426,27.5591563602142
"O75665",1,1,2,2,2,1,0.913584635199279,0.940011406068763,26.1895786237015,26.2840123824797,26.7028299654789,26.2030834574135,26.7460051087294,26.3011650281561
"O75683",5,7,7,6,6,6,0.628379209131618,0.745070274690663,26.925362674847,27.2702719603139,27.1829269200365,26.9578896777776,27.4602571301926,27.2359263485092
"O75688",4,3,3,5,4,4,0.897782647427193,0.931341169060331,27.4371211236881,27.5598627156133,27.2830217318741,27.2784385354383,27.5716515381222,27.4863952942519
"O75691",3,3,3,2,2,2,0.0267071305476293,0.0961494771176589,25.7809020386179,25.735716895716,25.4161058708496,24.9190576598391,25.37449063395,25.0395255652395
"O75694",22,22,23,19,22,21,0.374256476001834,0.536028119255748,29.1417168059967,29.1296857763647,29.2078165831916,29.2478366397376,29.352601750519,29.1920784063933
"O75717",11,13,11,12,12,12,0.0392619833970184,0.126798131802008,27.0690177035828,27.205678775588,27.0850668607019,27.3477711673568,27.4938107531014,27.4072598044364
"O75746",3,3,4,5,5,4,0.177212028207655,0.337263735673273,24.5957621451601,23.7557979497337,24.2143622092696,25.4629322559693,25.1570763395779,23.9856275289258
"O75791",2,1,2,2,2,1,0.765572026443295,0.844486635851732,22.9073183285435,20.2845867791711,23.4684242738758,22.9766972903429,23.7499605029523,20.9539545465469
"O75792",2,3,3,3,2,3,0.365456590926842,0.528278267126681,24.2796389184155,24.9241551450655,24.9991548187126,25.5266082983936,24.483143693917,25.1866621206627
"O75794",2,3,3,1,2,2,0.360594398903668,0.524658726835555,23.4321558337387,24.5680301586171,24.8372925601898,23.7487451586266,23.8546687780661,24.0869288311892
"O75821",10,11,11,11,11,11,0.374205308867181,0.536028119255748,29.5001905895994,29.6322548840258,29.4764591112389,29.6525253071376,29.7987029890453,29.5225496976362
"O75822",13,13,13,13,13,13,0.698091545099151,0.798835612663301,29.8615419500273,29.9311042055921,29.9487605540373,29.7889052330049,29.7042700698822,30.0780892421741
"O75828",1,1,0,1,1,1,0.126769905650772,0.275285809734329,25.4487331135919,24.1168198311034,NA,25.4080529870747,25.6050161043396,25.7105894957252
"O75832",6,7,7,6,7,7,0.508395488821016,0.647240574182732,27.409099903046,27.3495769557238,27.4615917168279,27.356183407173,27.5667626408823,27.5445626987641
"O75874",12,11,13,9,11,13,0.769350638395832,0.847359370810586,28.7842744036443,28.6845283186052,28.8725424354261,28.4973603064008,28.8353779131191,28.8720703299709
"O75908",2,1,0,0,1,1,0.0678457909937013,0.184297462326518,23.5245470044008,22.5673171934436,NA,NA,22.1967897676389,21.3529499223267
"O75909",4,4,3,3,3,3,0.636244999200938,0.75016553345705,25.9232708376442,25.6827851392233,25.1533953275468,25.5310907877446,25.4265485120703,25.4771453644865
"O75934",6,7,7,6,6,5,0.386032127403952,0.54492348870166,26.7706612084792,26.709971513827,26.878855008218,26.6710207550646,27.1435687836996,26.9919940005219
"O75935",3,4,3,2,3,4,0.79544244834858,0.866834909732185,25.0942725732789,25.70518682911,25.1200147761158,24.6323806424842,25.6115940825473,25.416196123336
"O75937",6,6,8,6,7,9,0.0657179056266378,0.18065453381358,27.6603111925329,27.8230233194038,28.2721821589966,28.0750566143448,28.663052783932,28.8358356570391
"O75940",3,3,3,2,3,2,0.0630412025265173,0.175844658587642,26.2194160343289,26.3365529240779,26.1589500398187,25.9755209407939,26.023830425607,25.9592749807505
"O75947",7,7,7,6,6,7,0.348795194509172,0.51273705688761,28.1493006792266,28.0796638488625,28.0696191844027,28.1282625753329,28.2088857312547,28.29449094628
"O75955",12,12,11,12,13,14,0.166815458098628,0.326077739495421,27.3827908094464,27.7998074017013,27.7760934287144,27.8310694974739,27.9775841206405,27.8864987721539
"O75964",3,3,3,3,3,3,0.370194598117249,0.532569898914903,27.0562338881488,27.1754389825651,27.1052111726881,27.2329472414468,27.2351797630348,27.1733181720185
"O75970",1,0,1,1,1,0,0.112696869483867,0.255490075297582,25.5661587753427,NA,NA,26.5495560633101,NA,NA
"O76003",10,10,10,10,10,10,0.0634578600999338,0.176500909341831,29.2062754652605,29.3444026908125,29.4226035057948,29.5628924730287,29.579166926194,29.6100280353791
"O76021",11,11,9,10,11,10,0.162096447566213,0.320897645412181,28.7336948821253,28.9731954611497,28.5607682843804,28.905513774844,29.1589240625306,28.9523084797438
"O76031",7,8,8,8,11,8,0.0810037619934649,0.208750000933159,26.7789478196642,26.8463890017915,26.7317895351269,27.2159735268705,27.2345309233383,26.8463698196395
"O76070",6,6,6,6,6,6,0.451395688947836,0.599842048112476,27.9146850155974,28.180454769299,28.0914405685628,27.9885152854945,28.2549371340001,28.2901646502366
"O76071",7,7,6,7,7,7,0.178692879715557,0.338847320393553,27.4630664646059,27.4474374436263,26.7387200290356,27.5080582114975,27.5600456101135,27.618926468182
"O76094",16,16,16,16,14,15,0.160254249764317,0.319137187960377,28.2653678152321,28.4014158872434,28.5846547133581,28.8207372585655,28.5304834757897,28.6050938151674
"O94742",1,0,2,1,0,2,0.184387843168396,0.345069653887947,26.3517402747132,NA,26.0182313337928,25.9623566314827,NA,24.2835968953055
"O94763",3,2,2,3,2,1,0.214825087110416,0.378472799091284,23.8360821001048,23.0805438092685,23.5040869218211,25.1863965504883,24.6046813956076,23.0452249034332
"O94776",18,17,17,17,18,18,0.062235132290666,0.17437899953674,28.9537610390426,29.1389870256465,28.9983712695105,29.2964722965556,29.227102579553,29.3598228189071
"O94788,P80668,P47895",18,18,17,18,18,19,0.0984800376742137,0.236081001562626,29.7527873445017,29.4460212718316,29.652864727807,29.952155898954,29.7266868478408,30.0553255388909
"O94822",6,6,3,6,7,6,0.425741861913711,0.577604658749974,25.9719577943602,25.9620842875924,24.5568273244001,25.7981347757582,25.8978716156616,25.8452243689712
"O94826",13,12,12,14,12,9,0.867274564119913,0.912753846111985,27.7661526744291,27.7814165416069,27.7788711303324,27.9661245939627,27.8078368278085,27.6205026817945
"O94832",1,1,2,1,2,2,0.018823707878116,0.0748186979243831,23.1372761896649,22.7673159734626,23.1988737821754,23.6910787516499,23.5319804586014,23.4555838578735
"O94842,O15405,Q96NM4,O94900",4,3,1,3,1,3,0.571368726283483,0.698785335704085,25.1277050372346,24.514545438039,23.3109400112337,24.9805227776806,24.0440166523936,24.8695318306019
"O94874",4,4,5,6,5,6,0.363975168570192,0.527138989909521,24.5199400640843,24.3881571468212,26.2524479252452,25.4745785864214,25.5851681409235,25.6286060766482
"O94880",1,2,1,1,2,2,0.0775912610698515,0.202434638256105,21.3534650702254,23.0173478820226,21.3521067838642,22.3382468945282,23.5326843839829,23.7355324700154
"O94888",8,7,8,9,10,8,0.347138589056416,0.511492711004656,26.6722084556032,25.8883812245859,26.2399261007139,26.9585398039843,26.1927202915183,26.5235153276245
"O94903",2,3,3,4,2,4,0.43530052184437,0.586008245158825,23.4199146261914,25.3058187391381,24.8426533869726,25.178828472006,24.9859867417763,24.6698121914364
"O94905,O75477",0,1,1,1,1,2,0.437699580047054,0.587578550678801,NA,22.7168472843525,NA,22.9235397399082,23.0804640223432,22.7386516861902
"O94906",21,20,23,22,22,23,0.318866046773562,0.483656764239818,28.4992923193799,28.6321348519903,28.53341467761,28.5283434129986,28.9124135285587,28.683719481995
"O94913",6,6,6,7,7,6,0.0643299283737308,0.178346265540525,25.255929732578,25.1997299092266,25.2553198474256,25.7617064971982,25.6376755498953,25.3271064140838
"O94925",6,6,6,6,6,6,0.249434118171797,0.414301785888111,26.3401948600934,26.2540768973682,26.1639931736863,26.7745524256978,26.2535500810122,26.3844496183589
"O94927",3,2,2,3,2,3,0.201625868273729,0.365546396500576,24.2171004092677,23.4322824403738,23.2610771606847,24.46260230856,23.6156859877965,24.3333993921486
"O94966",4,5,2,5,3,4,0.161299968205973,0.320379921120083,24.2728486508798,25.1744666994594,24.2278107859317,25.1797655043086,24.8017467315401,25.1156023088901
"O94973",3,5,4,5,5,6,0.0870157467252368,0.217266094659542,23.5398414275106,25.7564368318982,24.5474852562407,26.295376533818,25.5715316581902,25.5928679363098
"O94979",18,20,18,20,17,22,0.105981291790472,0.246500657638684,28.7447012559926,28.9969272382871,28.7965334324607,29.0857488240274,28.9797151805991,29.259174533518
"O94992",3,4,3,3,4,4,0.0396254600581372,0.127564180212652,26.0399839848831,26.0517564769345,26.1146630450699,26.2338068199579,26.4811758355653,26.4494038932827
"O95071",14,14,16,14,9,13,0.365714640163668,0.528382336231889,26.5001613523989,26.8999129162948,26.990811799951,26.7529936145989,26.5006627109324,26.6302499953186
"O95104",8,8,7,9,7,8,0.176449851560984,0.336193210197862,26.9347880348657,26.5361316555409,26.1566190078978,27.4317324263103,26.516958055394,27.116365890893
"O95140",4,4,5,4,5,7,0.0190744350696239,0.0756239964966015,24.7972301200795,25.2130163289214,25.4507660637839,25.7371220229719,25.7713519583543,26.2742146700124
"O95155",7,5,5,6,4,7,0.901759529986256,0.93354937199438,25.9579152064208,25.6738101185656,25.5890562439981,25.7942650472043,25.4616069728087,26.0408406840421
"O95159",4,4,3,4,4,4,0.434208823593232,0.585119261403529,25.4129386563127,25.3964634282424,24.6543431793838,25.2406864537078,25.4843813401815,25.3440284975774
"O95163",11,11,11,13,12,13,0.0143752743626388,0.0608119855994044,26.8527693614047,26.7232172081414,26.6216048670184,27.2106348463832,27.051772103262,27.210772225368
"O95168",2,2,1,2,2,1,0.742011144741218,0.829951103363101,25.0784702295926,24.954462614819,24.3855073556158,25.9240723945352,25.5087707838799,23.6352485106381
"O95182",2,1,2,2,3,2,0.0599958007108733,0.170354842621246,24.420691578816,24.2696393651166,24.3101130826308,24.6061329531171,24.910817013172,24.5126631767967
"O95197",2,2,2,2,2,2,0.0721319416245486,0.192718017241472,26.5049816544306,26.8327702337291,26.5801907175115,25.3222360752496,24.9922951287995,26.6523770582354
"O95202",17,18,18,17,18,16,0.855144056313443,0.905397773781128,28.8120974692088,28.9028013950246,28.9337397957127,28.7952698464316,29.0281611667931,28.7530209190692
"O95218",10,11,8,12,11,10,0.0695579155038403,0.187462602803556,27.7949029835649,27.9622561722818,27.7601251501999,28.1272799114451,28.0240682348894,28.1446210410727
"O95229",3,2,2,1,3,3,0.157417488208761,0.315146941316866,24.8278519115625,24.5833587347886,24.1103774988568,24.467287813674,25.2957746212844,25.2357892362641
"O95232",8,9,9,8,5,8,0.184139853313514,0.344937381302421,28.1232861005895,28.3092311264298,28.3162373390746,28.6208615354597,28.1821596462588,28.8486411846443
"O95239,Q2VIQ3,Q9Y496,Q6ZMV9",8,9,12,10,12,11,0.247424523005195,0.411986336100774,25.9247404212074,26.394285177132,26.7808976124441,26.6362866826146,26.9147104914129,26.5184517539881
"O95295",2,2,2,2,2,2,0.0892888482606071,0.220892185613272,24.0910815532097,24.0165830025466,24.4091444909127,24.4631888295726,24.3819318660119,24.601220734682
"O95299",3,3,4,3,3,4,0.195047763857314,0.357407415349478,25.2551775556857,25.9964517459419,26.0577743597677,25.1962201721355,25.5837083870074,25.400349024386
"O95319",2,2,1,2,1,2,0.721832712718128,0.817050000052109,24.2625635511109,24.7673859240089,24.4360328770842,24.7583949277446,23.2450922698246,24.9270922335457
"O95336",7,6,9,6,7,8,0.273889670890143,0.440288874719977,27.1387149871873,27.0620400875695,27.5283129469659,27.4516345493625,27.4106679860753,27.4364868090966
"O95347",16,15,18,15,18,18,0.234757998567392,0.39798756679826,28.1335005830397,28.1043184435112,28.1967342559526,28.0028945300931,28.5937018451898,28.6308366554585
"O95372",6,5,4,5,6,5,0.385219926783333,0.544264573477654,25.8145582937906,26.7090613678835,26.1263872703556,26.6511626262781,26.5190908791418,26.2242077585285
"O95373",20,19,19,19,20,17,0.487910416701948,0.631259097018837,29.5575104751022,29.7536589408974,29.3416595345285,29.8310162447917,29.6150463535404,29.556328335266
"O95376",2,1,2,2,1,1,0.798149865419254,0.868848053929451,23.4058574499659,22.5640793159464,24.0275680317289,24.0239559629251,23.1325455682742,23.1962418276795
"O95379",2,0,2,1,1,2,0.965007273903174,0.976412608270219,23.0016518351439,NA,23.3761687627908,23.4365116345002,22.6054444182361,23.4778991388151
"O95391",1,2,2,2,3,4,0.162571020694857,0.321262216560925,22.323987733403,23.8334385735596,23.8255604228133,24.0819111378251,24.4612003038642,23.7055487310256
"O95394",10,10,10,11,11,9,0.117856946754386,0.263405061086905,26.8204846695447,27.5843889342877,27.1631102613634,27.8126336190352,27.4233446071548,27.6069833963686
"O95400",3,4,4,4,3,3,0.291211868678279,0.457657482481016,25.1824539841162,25.657720590411,29.5683525541192,25.851108523854,25.0273809689303,25.3771021209916
"O95429",0,1,1,1,1,2,0.181885344992091,0.34203383378818,NA,23.0217234260274,23.8614827074414,24.054927877709,23.7069504814863,23.9716162955845
"O95433",7,10,7,10,10,11,0.0217638735147263,0.0832314751747913,28.462852170079,28.6298222867132,28.5026593773662,29.125775717899,28.802264952769,28.9241596231935
"O95453",8,9,8,8,7,7,0.775999859844562,0.851341288461096,26.3369058555835,28.9723897377859,28.9017022840179,29.5756194634902,29.0374597798828,26.5586083279033
"O95456",5,6,6,5,6,6,0.114957799498532,0.258988334195846,27.7072358283376,27.7917163499764,27.792679979337,27.918870603979,27.9617287412557,27.9854338573771
"O95466",0,1,1,1,2,1,0.382421649030013,0.542383701900787,NA,20.629651550584,20.9403099919247,20.8350429875083,25.7288922106393,20.7437904438946
"O95478",5,5,5,5,6,6,0.0679029058383786,0.184297462326518,26.3658737078357,26.3132794315289,26.1771886223448,26.5348795219746,26.5438658128574,26.5183108451595
"O95486",6,6,6,7,6,7,0.160818126019387,0.319926094731754,25.9989301961524,25.7395995493589,25.7605900247923,26.1673114081709,26.1501204913568,25.8793300184139
"O95487",5,6,6,6,4,8,0.222883242107728,0.385585474619641,24.9895352075786,25.1226756136475,25.3947858881126,25.7465183590058,24.9690802687284,26.0280509777425
"O95551",3,5,4,4,3,4,0.680206040384041,0.783516695548413,24.5658076109528,25.6806510775147,25.5255422232864,25.3787418868578,25.2403600021405,25.5690943465022
"O95563",2,2,3,3,1,3,0.706498259228319,0.806437268295627,24.2219710926277,24.7672547639524,24.985531187151,24.7667932752959,24.0059961361166,24.8337422113118
"O95573",0,1,1,0,0,1,0.428618863776383,0.580243482246892,NA,20.3732968335705,21.8543370366955,NA,NA,21.8728684820042
"O95602",16,10,15,13,8,15,0.795156224352674,0.866709989038705,26.9087186562294,26.3151198998522,27.2385453010705,26.9840520896043,25.9101129028007,27.2249159823309
"O95619",1,1,2,2,2,1,0.0529700855140255,0.155643922007762,22.1021841579494,23.0289623256348,22.768343199553,24.1470581137473,24.5024604619948,22.8494557611356
"O95630",1,2,1,1,1,1,0.299495161810007,0.466035139341449,23.2742717896093,23.4715603770423,23.4785536743649,24.1273030406391,23.425881776261,23.4423360936713
"O95639",5,5,4,5,5,5,0.370395041270511,0.53270653572248,26.6586954983865,26.807375026301,26.2953705946394,26.6157269154573,26.0776642672387,26.4553925141282
"O95671",1,1,2,1,1,2,0.339239326704167,0.503509575076218,23.368024859463,23.6578856787317,24.0811078985425,23.7794470200386,23.9068587020806,24.0908002100657
"O95684",4,6,5,7,5,5,0.0873445312369373,0.21754301147819,24.8119494169699,26.2098670401489,26.00169956181,26.4185999933502,26.4224333233941,26.540127897836
"O95721",8,8,8,7,8,7,0.10605914615811,0.246500657638684,28.0990017832602,28.0713658798416,28.0666058807139,28.2473312662357,28.2113609506826,28.5395378739944
"O95747,Q9UEW8",10,9,8,10,9,9,0.372450086566213,0.534900593473398,28.0826937030395,27.9701123221796,28.0154348071917,28.043354416259,28.0201205360475,28.4692214444654
"O95749",3,2,3,2,3,3,0.248316945613786,0.412989427821941,27.8648220216537,28.1126446524356,27.9105703626368,23.6366117090969,27.7734082472725,27.9065022665741
"O95757",16,15,15,18,17,16,0.084980445165299,0.214019068620588,28.0742455781029,28.1396626819244,28.0391991245141,28.5570447868197,28.2377722076513,28.2830910807497
"O95758",7,7,6,7,7,8,0.839531011454417,0.894484533275139,27.1528120528927,27.3119312583057,26.7239388663653,27.1685481806778,26.9717560884013,26.9287259577818
"O95777",5,5,5,6,6,6,0.0194258507876758,0.0766562283816799,28.8742632689728,28.5799152650436,28.7558206553711,29.2036045681437,29.1263588024455,29.0933990173375
"O95782",28,26,27,23,27,31,0.808429736531603,0.875509991256674,29.1431886298957,29.0861847884158,29.1479844312115,28.9855200918519,29.2353689529916,29.2505692294192
"O95793",10,10,11,13,11,11,0.0447653339836348,0.139159004685374,27.5351200830965,27.490514190879,27.0735401457073,28.0931095289786,27.9244655138171,27.6083741374095
"O95801",5,6,7,7,8,7,0.00636305117992871,0.0324644156664848,26.6097972532831,26.5441917827069,26.8186619734121,27.2751020996585,27.3631771757865,27.0882584166018
"O95810",3,3,4,3,3,4,0.667373217816856,0.773320055790993,25.9061234497661,26.0677848018253,26.3583085836857,26.1339488644798,25.8262989073695,26.7389709767507
"O95816",5,6,6,6,6,8,0.383637400407295,0.543138209823821,27.918565585943,28.2369956768915,27.9288181703816,27.9249375390836,28.1626806383186,28.5956753871201
"O95817",6,6,5,5,5,6,0.977975740464073,0.985389081405153,25.4343958264889,26.5709887112054,25.2876949556365,25.1971459799217,26.2898533709321,25.8445051902093
"O95819",1,0,1,0,1,1,NA,NA,NA,NA,NA,NA,22.281045077244,21.2763093322698
"O95825",2,1,1,0,1,1,0.56050107692959,0.690274591477524,24.2894167824885,24.0171714073637,22.4449392633067,NA,23.8239429234681,24.1127679365818
"O95831",15,15,16,16,15,16,0.0750129927078433,0.198579992750166,29.1091425862082,29.2125588235428,29.1533047631447,29.7520301771515,29.392872021198,29.3203010079719
"O95834",3,2,2,3,3,2,0.769239677441967,0.847359370810586,24.9009949174581,24.5750405957125,24.5864486474576,25.1778014997419,25.0079211482198,24.1522418166127
"O95861",11,9,8,10,7,10,0.770026901578865,0.847495440444823,27.7517702876807,27.8726881241396,27.7719168228508,27.7317316023921,27.6867269209023,28.1209667551672
"O95865",0,2,3,1,2,4,0.596310782703906,0.718674722843576,NA,23.6657877840011,24.5616991154604,21.3359750593395,24.0495359187432,24.9671219791001
"O95881",4,3,3,3,3,3,0.521049000159875,0.657954624951883,26.9781366781855,26.6395878725426,26.4092548140022,26.6144569010486,26.4586652825866,26.5942054990246
"O95905",2,1,1,3,2,2,0.0338237417975661,0.114353226117474,25.8512507624664,25.612246297905,25.7697273106959,26.4028841849874,26.0231042389135,26.0783138802527
"O95983",2,2,3,2,3,3,0.144143407809246,0.296686370352282,24.4557797633418,24.1527416554507,24.9954486831394,24.9903730023045,24.8850295254046,24.9033332363478
"O95985,Q13472",3,4,2,4,3,3,0.0452775814561657,0.140047191632023,24.7209489959938,24.7825201399101,24.0918014764854,25.2125764893417,24.8780115178781,25.3706227075891
"O95989",2,3,3,3,2,2,0.42012400146652,0.572976188375758,25.1513872527984,24.8694026471571,25.6490276620858,24.862546809493,25.1863148993646,25.0227760357018
"O95999",2,2,2,1,1,2,0.00117010831322363,0.00932036943936167,25.9839786230381,26.0856720856973,25.9139371683179,24.6195467073524,23.2992785115404,23.9591296471971
"O96000",6,4,5,6,4,6,0.27455826658167,0.440797967619724,27.702379118928,27.5577156596541,27.8249816415186,28.0381355967165,27.6009776850043,28.0802624616235
"O96008",5,4,8,6,6,7,0.0352362531218396,0.117555029404499,26.8208860313614,26.7686968691612,27.1871956091057,27.4277000608032,27.21218508101,27.5036518468623
"O96017",0,1,1,0,1,2,0.0974465372449651,0.234047769673951,NA,22.1840488181015,22.2618104858653,NA,22.6740725117028,23.9170798390744
"O96019,O94805",11,11,12,10,10,12,0.233820915550538,0.396984687208661,29.1384734982693,29.078871425336,29.098855395778,29.4708557822539,29.1375946436433,29.2283226855991
"O96028",1,2,1,2,1,1,0.112305376499221,0.25494582323486,23.1312995071179,22.2302282834237,22.5723200856082,23.8371486658061,23.0113797104077,22.986051476928
"P00127",2,2,2,1,1,1,8.09977817871886e-06,0.000818239591614179,25.0237814190804,25.1101819949014,24.9595501039226,22.9477776965695,22.8031360207796,23.1496823763132
"P00338,Q6ZMR3,P07864,Q9BYZ2,P0ADY1",16,17,17,16,16,15,0.218451164758284,0.382327385029137,32.8202170329535,32.9460281425523,32.8286048880826,33.0731517889571,33.0052514048094,32.9641410330058
"P00350",10,7,6,13,14,14,3.2262666796518e-06,0.000530863425443197,26.7015947139447,26.4199593308847,26.235686416873,29.2359803418992,29.3181583832548,29.1754643746694
"P00352",1,1,3,2,2,2,0.457349231574513,0.603466815225409,23.4515006092437,23.2731536990979,24.4099165754331,23.0563085309695,25.2492096019469,24.3095601255
"P00358,P0A9B6",4,4,4,4,4,4,0.000663396903333386,0.00650644224997462,30.7023609662263,30.7606073913778,30.840174945973,29.5473969215965,29.8798660420389,29.9335420905297
"P00359",17,17,17,15,16,15,0.000374137513867802,0.00487053758388213,33.1522473517885,33.1031822714003,32.9629808080131,31.6436084032475,32.0091293005041,32.0582361552935
"P00360",10,10,10,10,9,10,0.000678188526758329,0.00656231848401594,32.7906831407192,32.5781912219551,32.7846995770278,31.7985142792012,31.9803522727008,31.8972939170197
"P00367,Cont_P00366,P49448",16,15,14,16,16,15,0.0582521820669963,0.167082209892333,29.0426476911286,28.9536607667783,28.7580692580214,29.0952690532135,29.3172905046146,29.3056585618181
"P00374",4,3,6,4,5,6,0.20626531865374,0.37018111359308,26.2927771435263,26.149340434533,26.6997890364399,26.6186585204853,26.5990970547891,26.6551993329127
"P00387",4,4,3,3,4,4,0.206840999912911,0.370480103035501,25.566063011713,24.7710535727197,25.2190897778066,25.4815432345609,25.4341788390305,25.5823382491711
"P00390",11,12,12,11,11,12,0.196973898864707,0.359564569268391,29.3930392221277,29.4555323659586,29.5581432107185,29.6558562410046,29.5861984148351,29.638927739769
"P00403",2,2,2,2,2,2,0.183450607652421,0.344336313360231,26.9414477776037,26.9236452410179,26.9637439058045,27.6596793305562,27.1604050936183,26.9393950306873
"P00427",2,3,3,2,1,0,0.0139998577977408,0.0594729030583588,23.6837730592424,24.597739598101,24.9247819296158,22.9914915676786,22.0698143532199,NA
"P00431",2,2,1,2,0,0,0.714845533780385,0.812699376376634,24.1753567635366,24.376510475404,22.5006118424752,23.3302476204479,NA,NA
"P00441",5,5,6,6,6,6,0.0926945727467446,0.22629303380561,30.8813840520131,30.664552995317,30.814502849693,31.1762401065564,30.9605848475234,30.9879164889423
"P00445",9,9,9,9,9,9,0.00137271934134603,0.0103178651683613,31.7060322362778,31.8106866783731,31.7455900835713,30.6021359784315,31.0560933419974,30.930368424632
"P00447,Cont_A6QPQ2",3,3,4,3,2,4,0.000236002453460426,0.00387028698840459,27.4903207756703,27.3620068525905,27.4307440516288,26.5406916561432,26.2720688618678,26.4426776847449
"P00448",2,3,2,5,5,6,4.0212053894601e-06,0.000581546826109374,25.8826309892213,26.2993627721364,26.2128303085114,28.6977525770256,28.6303773924817,28.6858853376898
"P00452",1,1,2,1,2,3,0.12640344057721,0.27484450209018,21.5057108020144,22.8558482760426,23.121530583744,22.3454864568617,24.4891762822879,24.9688966388796
"P00491,Q8WW52",15,15,15,14,15,15,0.235475607820236,0.398855565090547,30.313080940448,30.0931342841458,30.1140794014782,30.3630744917768,30.3209371854932,30.2984145812575
"P00492",6,6,9,6,8,9,0.162404637769579,0.321184739770612,28.0668761190826,28.5391114715715,28.6065593648669,28.4866726296788,28.7240313322305,29.1450546014732
"P00498",8,8,8,7,6,8,0.000519397736806742,0.00587061470799107,28.0881502382001,28.2872175248568,28.3045707802985,26.909486752566,26.9475459341133,27.3455382994709
"P00505",9,7,8,8,9,9,0.33319251357958,0.497768525906672,27.7689981592566,27.7726770208887,27.9376889447382,27.9321049057926,28.0442634990091,27.8743291468712
"P00509",4,3,4,8,8,9,5.92246915505117e-06,0.000712247421480082,25.6578270634141,25.2961542257605,25.222201508096,27.9991709554452,28.1004791155414,28.3190881495223
"P00519,P42684",2,4,3,4,2,4,0.219813754481615,0.383545203442861,24.0033691160185,24.5480141686952,24.7476474633631,25.1146656723451,24.2790495901169,25.3120659067231
"P00546,P51955,P51617",3,2,3,2,1,1,0.267013024184695,0.433047755297335,22.9042509961312,23.2392591490223,24.4428929634021,22.5972097243251,NA,NA
"P00549",23,23,23,23,23,23,0.000662077611880478,0.00650613622102781,35.0574868670168,35.3373565752043,35.2512572144456,34.4111987154002,34.3564399567926,34.4148186067562
"P00558,P07205",20,20,20,20,20,20,0.0835020795794463,0.212478087635155,33.1104496511223,33.0583821593444,33.0242798204661,33.3586636813769,33.2535500810122,33.24499709479
"P00560",23,23,24,23,23,23,0.000273564608511623,0.00422561112413519,35.8368857992552,35.8699382871949,35.8030563454729,35.0726357784344,34.9648188441056,34.9502697955156
"P00568,Q9Y6K8",6,6,6,6,5,5,0.674763105745661,0.779914976457971,27.4875425566021,27.1150515803099,27.2985158170066,27.4426474979224,27.3823419749949,27.2631742450925
"P00579",1,1,1,2,2,1,0.0109156255769726,0.0494926613907436,22.8563135161705,20.7161951532866,20.9115013988119,23.8900160112462,24.1957234741381,23.3296782929019
"P00724",3,3,4,2,2,4,0.0166413086235822,0.0678412024678885,26.0117374947229,25.9845602287634,25.9194084695611,25.3034849855399,24.4583874547661,25.4082487072476
"P00729",4,3,4,4,4,3,0.0125422094088705,0.0549496615045187,27.7445249671449,26.9770755839699,27.3082359684856,26.6607823390235,25.9540242864566,26.4448589889575
"P00812",2,2,1,0,0,0,NA,NA,24.1143200965778,24.6851243384889,24.2730083775479,NA,NA,NA
"P00815",21,20,20,20,19,16,0.000608679271496555,0.00623087227655129,30.3569850579897,30.5586474954902,30.5665143223915,29.4239388775717,29.7206374800559,29.4140543289288
"P00817",8,9,9,8,9,9,0.000360325512583634,0.0048171040259762,31.1665621830267,31.0871811890848,31.0770707729342,30.2185812004967,29.84964246453,30.126500849871
"P00830,Q96JN2",11,12,11,10,9,12,0.000146043371245007,0.00347955220829496,29.7999675215344,29.7251035811303,29.6314502239028,28.6585594740699,28.3134553834213,28.5129107253084
"P00864",0,0,1,3,5,4,0.00165275803377848,0.0117578603219931,NA,NA,21.5118753799527,24.4861677242772,25.3151747784127,25.1813322230649
"P00890",8,9,7,4,6,6,0.000181496912324269,0.00362978506659514,27.6942967726301,27.9164678835229,27.6835186132203,25.9493589389561,26.448312546053,26.3630316588923
"P00899",7,8,6,7,3,4,0.00843362602575968,0.0405620657708822,27.4127434108913,27.2687285581438,26.6663704390278,26.3824481971488,25.3597300635206,25.5953280941553
"P00915",1,0,1,0,0,1,0.37907770504013,0.539510140365652,22.7183776328697,NA,NA,NA,NA,23.0918156748721
"P00924",9,9,10,10,9,9,0.000411697124880938,0.00512187728515669,32.6944428017856,32.8926663164592,32.7378898509846,31.9692812563263,31.8916089134194,31.7647023015834
"P00925",22,22,22,22,21,22,0.000232982835720443,0.00385648825347984,34.7317841157715,34.6498437155803,34.5487650896407,33.7889509247828,33.6772182833508,33.6806101945871
"P00931",16,16,15,13,13,14,0.000215472841453135,0.0038119402774274,29.4126102738618,29.1960074929004,28.9238073018953,27.8718120650083,27.7203285517805,27.8947723147764
"P00937",1,1,2,0,1,2,0.435938699020394,0.586242377197021,23.7465263419718,23.6069058218397,25.0040572207388,NA,23.8187577194646,23.6010610709311
"P00942",9,9,9,9,9,8,0.000218105472218673,0.0038119402774274,32.3137049113741,32.3144206488367,32.321330261804,31.0977057268408,31.3713656402344,31.3646706352281
"P00950",10,10,10,10,10,10,0.000525419224677882,0.00587144359258403,33.9656600763395,33.7054506847778,33.8090910661391,33.0468168018505,32.9119993484287,32.9069967993399
"P00956",1,1,1,4,4,3,0.000523024582175148,0.00587061470799107,22.2935870938452,21.5061969869792,22.5339801434698,24.3638206896667,25.1304916846078,24.3401115463698
"P00957",1,3,2,7,5,6,0.00458744765352614,0.0249218253444664,24.8012495283127,25.8208975146275,25.4121753060778,26.6824626230279,26.4699920261258,26.5920648030319
"P00958",17,19,17,12,11,13,0.000574499157505076,0.00608342818565648,28.66064756785,28.9220997196006,28.6054464178946,27.3433972522171,27.7996719831467,27.4563342691326
"P00959",1,0,0,4,3,4,0.000860021572661082,0.00764349233688818,21.0918267561105,NA,NA,25.2225271986202,24.4528196330991,24.7975995628628
"P00961",1,2,0,5,4,7,0.457621608978804,0.603668515787918,25.3343779483034,25.5585874970754,NA,25.6184939814127,25.2719002340795,26.2305176845185
"P00962",0,0,0,3,1,1,NA,NA,NA,NA,NA,23.9076834339961,NA,21.9593455660514
"P00968",0,0,0,0,0,1,NA,NA,NA,NA,NA,NA,NA,22.5284772379873
"P01111,P01112,P01116",3,3,2,4,3,3,0.0713102968201784,0.191081331161125,25.6991952750194,25.1590869990848,25.1431834449476,26.0646952601293,25.6501523914739,25.7022528402043
"P01120,P10301",5,5,5,6,6,5,0.0335977857346518,0.113741565513221,26.7545041922715,26.8619291136091,26.7648210582895,27.3168715735295,27.2190892521551,26.9707309097196
"P01123",5,6,6,4,4,4,0.000181969457820762,0.00362978506659514,27.6359597405038,27.9182409624526,27.7779636238477,26.7000791975268,26.6583516118989,26.7744474033191
"P02008",11,11,11,11,11,11,0.358806796164551,0.523039863615338,32.8755799658833,32.9534626368551,32.8812524031599,33.0205175979688,33.1111077042164,32.913507454816
"P02042",1,1,1,1,1,1,0.342381846281113,0.506328853193221,24.4601149738528,24.4144701366379,24.9159573690553,24.0901934838794,23.8719052155419,24.8769361594002
"P02100",11,12,12,11,12,12,0.944863675753263,0.962004923650419,31.6907418829595,31.7126346565876,31.7049168922571,31.4289437938465,31.7955813313782,31.8514683802081
"P02294,P02293",2,1,2,1,1,2,0.000921883268274165,0.00794613035503892,28.3725147068983,28.283439285569,28.3612341477457,27.1420072875408,27.4572941459467,27.5817180425143
"P02309",4,4,4,4,4,4,0.00061562692652894,0.00623771313014574,29.4398238618267,29.5470754371839,29.5819504471538,28.756990437707,28.8424923346223,28.7025691261757
"P02358",3,3,2,3,3,3,4.24826168583836e-05,0.00214579697751696,25.7290121202489,25.9069347959499,25.2509559566596,27.8314244651309,28.1962233973453,28.0375899649461
"P02359",4,4,4,4,4,5,5.72262069752268e-06,0.000711208376782402,26.4487504269365,26.4924990960867,26.3774662773342,28.3351602471342,28.5541641113934,28.6325626595959
"P02400",6,6,6,5,5,5,3.11255800550322e-05,0.00180707246963181,30.9156874528052,31.0884393932006,31.0389206280862,29.627356434953,29.7437535758305,29.6647157833423
"P02406",5,5,5,5,5,4,0.00107975530887117,0.00881073354621696,30.5900947339754,30.8478885505434,30.8107885082329,30.0673468329767,29.8817319983769,29.8189452093837
"P14127,P02407",6,6,5,5,6,6,0.000184655442069212,0.00362978506659514,31.3425565386838,31.3524850371103,31.2585171510813,30.3868165806506,30.4432064659202,30.4539418920895
"P02413",2,2,1,3,3,2,5.816930865503e-05,0.00253287222428066,24.8308308190878,24.8770807888348,24.1276449886638,27.8811690783782,27.7145238644579,27.225175001759
"P02545",34,33,34,33,34,34,0.362529487416955,0.526097183638653,32.1373191596284,32.1248046357881,32.1305356775629,32.0347871586981,32.4086322259786,32.3651359140863
"P02549",47,49,48,44,49,48,0.92522431740407,0.947356178229872,29.567510758034,29.5945736699361,29.6520928865607,29.4548866430612,29.6535784430004,29.6714003418655
"P02557",7,7,6,5,5,4,8.29168077663916e-05,0.00283381817197104,28.5436965703439,28.5786701132459,28.5166156570244,27.4723588032214,27.4654277547539,27.2700530227104
"P02766",1,2,1,2,2,2,0.745015694579881,0.832170339080712,24.7674442484607,25.7581978001105,25.5746188957571,24.3752402925798,25.5159082596802,25.7481084736939
"P02786,Q9UP52",27,29,30,28,29,29,0.118996009122276,0.26489591982222,31.8795790534641,31.9920600265766,32.022308925295,32.1494431039147,32.1615077588002,32.1630404479003
"P02829",5,5,5,4,4,4,9.34867433722916e-05,0.00300765312594551,29.3927692735756,29.2142837437877,29.2269152351937,27.923672922003,28.060218604655,27.6963236160887
"P02924",0,0,0,2,2,2,NA,NA,NA,NA,NA,24.0992777801891,24.1383290353052,24.8827710877706
"P02925",13,12,12,14,14,14,3.36322106794344e-06,0.000530863425443197,30.6370047930963,30.5186256491572,30.4009397450656,32.7775057279871,32.6059507855539,32.7024799839611
"P02992",5,5,6,3,4,3,0.000400298768566325,0.00501714411917743,27.2001691905664,27.3437981213661,27.5681364130916,26.1788954230718,26.3775305096196,26.0303453028228
"P02994",10,10,10,10,10,10,0.000632816271182809,0.00630444770363781,34.1652128086387,34.2164720243497,34.3159845189522,33.3542084649879,33.5205376260826,33.4948211188865
"P03841",1,0,0,2,0,2,0.0660265546581016,0.181151617369946,20.8700727738929,NA,NA,24.6747762280728,NA,22.9033677666919
"P03872",1,2,1,0,1,2,0.283384608616096,0.449552656444692,22.9649148475172,23.1700419601076,22.9826204437375,NA,22.1945852250762,23.1277270527378
"P03905",1,2,2,2,2,2,0.0611206471510057,0.172084943567296,22.0307377556841,22.9057158792405,23.013151939463,24.0585225943076,23.0800403120435,23.3981758986682
"P03965",7,6,8,2,1,4,0.00301381006299646,0.018230843866102,25.7735392936095,25.613560094957,26.2509405675022,23.8070854779411,22.4840174367766,24.2201417059985
"P04040",14,15,16,16,15,15,0.224474375636192,0.38732916131222,29.6110161461383,29.8427111000167,29.7406666716955,30.0361813610293,29.8749303716728,29.8046160871836
"P04046",11,10,9,9,8,7,0.000416781037925574,0.005159511722286,28.1374265789383,27.8563909300676,27.6713236066349,26.7870068318663,26.4751828688243,26.3955546137455
"P04050",14,14,14,8,8,10,0.000190925720945354,0.00363284146766094,27.4333637618988,27.0866009515028,27.5128665223745,25.9406195209355,26.1258807201156,25.9848118939873
"P04075,Cont_P00883",21,21,21,21,22,22,0.225920550570608,0.388666451271165,34.178813191987,34.3437271136328,34.3167887928779,34.3677319090876,34.4522017893604,34.4715840896928
"P04076",4,4,4,3,2,4,0.0229888025002197,0.0869135040633306,24.7897044210774,25.3337804381725,25.4908034899534,23.6752192676378,23.5999201321743,24.7900089870444
"P04079",1,0,0,2,3,3,0.000721510430925306,0.00686318114237989,21.9052203321414,NA,NA,24.7347861163679,25.1231257467925,25.2882982808959
"P04080",5,5,5,5,5,5,0.755831701878634,0.837767374630015,29.6159778134089,29.7917700826359,29.6203098953963,29.4741330842767,29.8683753822953,29.8352984404845
"P04083",21,21,21,21,21,21,0.210668739718071,0.374693585731449,32.3597787189708,32.3701578848484,32.442696763313,32.4494970946094,32.5466912419768,32.6530189692764
"P04147",23,23,21,21,22,19,0.000754167158520678,0.00706209056600524,30.8379241349336,30.8449785212352,30.8290076257845,29.478468606602,29.9706038861826,29.8834112727109
"P04181",15,15,15,15,13,16,0.891077708353321,0.927624382706641,29.7793264842997,29.9238904096889,29.8216439547874,30.0301171769596,29.6101775106429,29.8216598628984
"P04183",11,10,11,10,10,10,0.562462106496685,0.691408152814494,28.9003240819406,28.8859369414248,29.7273165722393,29.0615940734996,29.5053770379872,29.4637255262683
"P04406",12,12,12,12,12,12,0.38770436482411,0.546218988732229,34.2164802472666,34.2915417528117,34.1248655382182,34.3108730309655,34.2386959899498,34.4031805542628
"P04424",4,4,3,4,3,2,0.312141565732294,0.478490758274299,25.4663198284885,25.3930956525016,24.9494197855953,25.5040201605602,25.007516095914,23.644264412448
"P04449",5,5,5,4,5,5,0.000419169372622428,0.00516396219784362,28.0785037979447,28.1508074613864,28.011852047284,26.761825691253,27.0500522690519,27.1789451587264
"P04456",4,4,4,4,4,4,0.00788063628747201,0.0384219052973177,31.3280410861949,31.1687309210032,31.1055941834237,29.4941354046251,30.4643443820879,30.3065972053391
"P04632,Q96L46",6,6,8,6,8,7,0.707810547436561,0.807031845395501,28.0831399088857,28.0846724489128,28.2643894390846,27.8075907369975,28.4344048664024,28.4361885004803
"P04792",9,9,9,9,9,8,0.339328171363977,0.503509575076218,30.4846956515231,30.9317748437367,30.7421728309411,31.08667096854,31.0165394765595,30.641744081829
"P04801",15,14,16,12,12,12,0.00297214898801187,0.0180436593010192,29.153741667256,29.043318521298,29.0385306427472,28.4873035130426,27.8388327892679,28.0712137199701
"P04802",20,19,18,15,16,17,0.000427152492077445,0.00522465323754777,30.1784869749046,30.0133563038726,30.0920205551121,28.9807596140334,29.2919701516805,29.1351874378048
"P04805",0,0,0,4,6,4,NA,NA,NA,NA,NA,25.0994664294265,26.7218725320658,25.2472274690819
"P04806",19,18,17,17,16,17,0.00020161619763216,0.0037031396881456,32.9484672719957,32.8058061423227,32.7460337324773,31.9293798617456,31.7823239657678,31.7794019481402
"P04807",17,16,16,15,15,15,0.000225353060092807,0.00381965874674084,31.8918485396501,31.8699422635825,31.9201647179617,31.0915692639342,30.9712531273663,30.9147960311972
"P04818",10,10,11,10,9,11,0.662627526913613,0.770294968570922,28.7140943009277,28.8995389834988,28.7879414517724,28.8640951568112,28.6914627661908,29.035006759882
"P04825",1,0,2,10,8,8,0.000143765847799246,0.00346140572682198,22.4375818189244,NA,23.4153645558567,26.5119964169663,26.8233101750897,26.6732842003601
"P04840",13,13,12,11,11,12,0.000140671952121181,0.00345949296383346,31.6358171746614,31.7886098890333,31.7273511389864,30.7405847879189,30.7832023470865,30.7403307983278
"P04843",6,5,4,6,6,6,0.0164465339979504,0.0673188356755651,24.8221963690265,25.0851811226022,24.7246926139644,25.8582053628067,25.6702198961818,25.2157687426285
"P04844",3,2,3,3,4,3,0.0768332502958547,0.20181214105271,24.5276320014553,24.0706574609514,24.4955913142655,24.9888462868907,25.1511293369813,24.4709262154251
"P04899",5,4,7,6,7,7,0.195084586046032,0.357407415349478,24.6765172432396,23.8576234760981,25.6122430427782,25.3148623475673,25.6829587267984,25.1603192927182
"Q99878,Q96KK5,Q9BTM1,Q16777,Q93077,Q7L7L0,Q6FI13,P20671,P0C0S8,P04908",1,1,1,1,1,1,0.0489415219242179,0.147057481998349,32.1854519700182,32.4157598491154,33.3399198095078,33.588550194926,33.1963205845218,33.6795276442823
"P04912,P04911",2,2,2,2,2,2,0.00257848676400071,0.0162190991842685,30.6173070336019,29.9717495779341,29.7184401279121,28.8856882027519,28.7817966801577,28.84291385721
"P05023,P13637,P50993,Q13733,P20648",24,25,23,23,25,23,0.348427137948813,0.512643598537563,29.7536285048147,29.8116475584009,29.7519926876232,29.8973314144473,29.9035461240682,29.8293474212708
"P05030,P19657",20,20,19,18,18,19,0.000234672140437601,0.00386100645390984,32.5695174510647,32.6675574660753,32.5088623079473,31.5772712590672,31.7331225159406,31.6546625638434
"P05042",1,1,3,2,3,2,0.0581920294666456,0.167004511838652,23.9003873816375,23.7417149873369,25.3641537912149,25.9497252048131,26.4964652397723,24.8481647748208
"P05055",4,4,4,12,12,11,0.000334697496885335,0.00467972035539582,26.8390969167879,26.9306894733055,26.8421427165341,27.682132020336,27.8797968861757,27.9952376076852
"P05091",7,7,7,7,7,6,0.0706421484384791,0.18959271613324,25.570366094353,25.4632987755295,26.0027417932112,26.6971060599499,26.7820779231319,25.7427149448866
"P05114",3,3,3,2,3,3,0.258911673585344,0.425704057057152,26.8565588800172,26.9477652830884,26.961864784678,26.855778484646,27.2671494869056,27.2020259418909
"P05141,Q9H0C2,P18238,P04710",4,4,3,4,4,4,0.0253168543551637,0.0926171480126865,29.4245656765016,29.434400670147,29.2772910588341,30.0075355242109,29.7321556423264,29.6597897555432
"P05161",3,3,3,2,2,3,0.636252058073649,0.75016553345705,25.3082034902717,25.0996989310574,25.375576031002,24.8319354651704,24.8456894951114,25.7009621710063
"P05198",17,17,15,18,17,18,0.105447741379239,0.245785206140533,29.4583661143536,30.059051986041,29.8787803171646,30.0154926485653,30.272374449506,30.2095727509442
"P05317",9,9,9,9,8,8,0.00157422955565708,0.0113754413242116,31.3627392736624,30.9249931534148,31.2012809446648,30.3824627319718,30.3026108994631,30.1764693091451
"P05318",3,3,3,3,3,3,0.000309052612301329,0.00447285027144416,29.2276984374738,29.125641510714,28.9171555261393,27.965025003437,28.1480547435903,28.0465094341288
"P05319",4,4,4,4,4,4,0.000263170921634481,0.00411540657949153,30.2257295423719,30.3469647173084,30.3431039449273,29.4370836665113,29.4955042295973,29.4304527252327
"P05362",4,3,3,2,4,4,0.50004774402391,0.641213799204054,24.1214625970299,23.9876032958738,24.1761030546904,23.9298125680529,24.232755937843,24.5064819303582
"P05373",6,6,6,3,5,5,0.582440445560726,0.707699468493439,30.953852535129,31.1624071658637,30.9957219227943,30.9568488660878,31.2552836889789,31.1339349137459
"P05374",2,3,3,0,0,1,0.0052047568387167,0.0275568415014236,23.6973602851679,23.9890286986458,24.2993791803808,NA,NA,22.1412009338864
"P05386",2,2,2,2,2,2,0.29838768563829,0.465077875781819,31.242929347589,30.5992017621642,30.8625683316728,31.3545789726407,31.1065347406465,30.9617304603521
"P05387",7,6,7,7,7,7,0.119352499096482,0.265572455038032,32.1972544786596,32.1375449194776,32.0799432108998,32.2155248579069,32.4381961366058,32.4134340908561
"P05388,Q8NHW5",12,11,11,12,11,12,0.138690013108744,0.2913990250467,31.9972990654316,31.8661517726927,31.8780643317376,32.283973526849,32.0808578289197,32.0199011634908
"P05423",3,3,4,3,4,4,0.118059047441202,0.263682393155543,24.5049650029219,24.8264894443538,25.4427043423526,25.2498510539309,25.4156756897388,25.5586631405034
"P05453",8,8,9,5,5,6,0.00015044480413169,0.00348576470490443,27.5001279377299,27.4909775797506,27.3835855107755,26.4743422146603,26.3317110203607,26.1764291252033
"P05455",22,22,22,22,21,22,0.078892957356165,0.204727002101734,31.9042513117762,32.0241164178003,31.9748801749346,32.1701137064508,32.1540215557264,32.2671262112355
"P05694",19,21,21,17,17,17,0.000166349133544543,0.0035216181195241,29.9671944041426,30.0226577487806,29.9577456542189,28.8791445800162,28.8516184210667,29.0910086659925
"P05738",8,8,8,8,8,7,0.0405159895275185,0.129195873171399,28.5614588660145,28.0603014977386,27.8218770673898,27.8924404575573,26.8307704285995,26.8964538725502
"P05739",8,8,9,8,8,8,0.000620697605150609,0.00625777166390365,29.4053356610533,29.4685821020332,29.5074016401308,28.3684169959526,28.6123434696514,28.7012973595744
"P05740",1,1,1,1,1,1,0.00890891872522238,0.0424678629493056,28.7846173798348,NA,28.9917560248835,27.2348805733871,27.6567703815753,28.0739486876913
"P05743",7,7,8,7,7,7,0.000623741463967409,0.00626778108000464,27.339746800758,27.3698024919327,27.3268251001722,26.0073376036173,26.4752927200946,26.3742242435465
"P05744",4,5,4,4,4,4,0.00904464601118904,0.0429558194178622,28.3165479886159,28.6167180412477,28.8098355750877,28.0806216739756,27.8489714353553,27.8274435858165
"P05745",1,1,1,0,1,1,0.00391368926392138,0.0221119065683075,25.7745894710701,25.7526876223015,25.139863086656,NA,24.2251986776711,24.2578332017204
"P05748,P54780",6,6,6,6,5,5,0.000477902906329421,0.00554916685027564,30.6687528791864,30.7395215528939,30.6118566382964,29.3178852716044,29.7307376659468,29.6970396478663
"P05749",3,3,2,2,3,2,0.00246726783589802,0.015616754184362,28.7637191536983,28.9162707401718,28.5368268742912,28.0909171179801,27.8094352210274,27.6734740328183
"P05750",12,12,12,11,10,10,0.000136934718745251,0.0034410809173247,32.1513167737391,32.2342750120863,32.0825397381085,31.2170877975073,31.114858500155,31.0520440610342
"P05755",1,1,1,1,1,1,0.000676698904186648,0.00656047248569435,27.6493549122571,27.3620792279908,27.3538732604852,26.6035249567199,26.6128927729048,26.5142184908543
"P05756",8,7,8,7,7,7,0.0309458380496114,0.107575655876522,30.3192493548875,30.3009870247791,30.3862151275936,30.1673395284146,29.7942885814767,29.820088844038
"P05759,P0CH09,P0CH08,P0CG63",3,2,3,2,2,3,0.000496038441138802,0.00572029718308696,29.7021794266462,29.4426715312044,29.8877157472719,28.2714440163112,28.5499110591297,28.5908927649838
"P05771,P17252,P05129",12,13,12,13,11,13,0.659246842568009,0.768084717603362,28.0321134521065,28.1304720267471,28.4409651726264,28.2299885280564,28.1320021776812,28.0308392918846
"P05937,P22676",2,3,4,4,4,4,0.0364085193578457,0.120223346532695,25.625811964025,25.953771227406,26.268636939015,26.6462156214972,26.3726636292625,26.4421726954323
"P06101",7,6,8,7,7,5,0.00447143965410967,0.0245491757531608,27.3574692960465,26.8729421063315,27.2572057536284,26.284984679953,26.4738456746379,25.9617226882367
"P06103",13,11,12,12,8,8,0.0033678458181743,0.0197178390151118,28.197029034914,28.0970749163715,28.3545895581221,27.5583320263313,26.888140771009,26.7838560616979
"P06105",23,27,27,21,20,22,0.000226553797674158,0.00382716800017448,29.4964894661434,29.7025599047456,29.8342811569696,28.1682109842194,28.4691557104534,28.5019425767319
"P06115",9,9,8,5,5,5,0.00650559225522283,0.0330580950514391,26.7783968572588,26.7038168566647,26.6569936117709,25.1347774440226,26.0165017338803,25.8479853797645
"P06132",10,11,10,10,11,9,0.228582342980095,0.39187586210814,29.0724207852919,29.2305684387432,29.0575060254529,29.2253229681571,29.2916582906649,29.2918555100507
"P06168",15,15,15,13,15,14,7.99977311502866e-05,0.00282565412615453,30.9302535659398,30.9724608491273,30.9482861003486,29.9474803656015,29.9646660243352,29.895803179444
"P06169",19,19,19,18,19,19,0.000547984811121194,0.00597812371700465,35.1465714728666,35.1155775609259,35.2447516580507,34.2137219778598,34.4202393737461,34.4007341448143
"P06174",1,1,1,0,0,0,NA,NA,21.8780353930993,20.9771020465252,NA,NA,NA,NA
"P06208,Q12166",7,8,8,8,4,6,0.0205627438009162,0.0799207050581718,27.3233155514479,27.5476960230523,27.4700116883484,26.7389395917678,25.1555233354263,26.4176474052499
"P06367",5,5,5,5,5,5,0.00211718598330021,0.0139789626165351,27.4671747589082,27.5533485520697,27.319139297003,26.6174240197846,26.8013816752775,26.8530894174459
"P06396",1,0,1,1,1,0,0.414833554301255,0.568393900928461,22.6268345505697,NA,23.3605068786711,23.2306625724266,23.3303311072115,NA
"P06400",2,2,3,2,2,2,0.992820278935007,0.994592469040206,23.328345534784,23.6266085797665,23.9202602795453,23.6373914740241,23.7568451589352,23.4756946906177
"P06454",3,4,4,5,5,4,0.419030756646649,0.571724568293415,31.1889542884172,31.3821403776707,31.2843568729427,31.1839051388112,31.5968816529445,31.4662295870073
"P06493,Q96Q40,O94921,Q07002,Q00536,Q00537,P32581,P23293",16,15,15,16,15,16,0.421699042183937,0.574077940591535,30.0913421962085,30.0647329914968,29.8045766089136,30.1173143945203,30.063373336864,30.1070730618852
"P06576",20,19,20,19,20,20,0.171174996457438,0.330632851665974,32.2122795175727,32.085319222861,32.1547448866563,32.4836608686666,32.2221881095728,32.3186330645994
"P06610",0,1,2,1,1,2,0.14108100173216,0.294219710879084,NA,22.0107004908959,23.8984197558491,23.4700772396389,24.3540063375346,24.7388742294974
"P06634,Q9NQI0",12,11,10,10,10,10,0.00789610778050649,0.0384231603076476,29.5649373126553,28.5670070440536,28.6843735436399,27.5884661927692,27.7472641307515,27.9319561302664
"P06720",1,0,1,2,2,3,0.0238857559149702,0.0891699579649037,22.8939113772357,NA,22.4882782851636,23.5745893106757,25.3751579940167,25.0303057763898
"P06730",6,6,6,6,6,5,0.391900723935567,0.550196414117346,28.9068609127595,28.973100693518,28.7934990394241,28.9273638292201,29.0853553556736,28.9803022952689
"P06733,Cont_Q9XSJ4,P13929",23,24,24,23,23,23,0.360733444631885,0.524658726835555,35.1229894633846,34.9809320442717,35.0823573224497,35.1246121468308,35.2324049437912,35.1524818719843
"P06738",26,24,25,23,21,17,0.000582553480870947,0.00614295956550971,29.8685800545149,29.894418831258,29.8914225711017,28.9200393053988,29.0219077379567,28.5713304986053
"P06744",18,17,18,17,19,18,0.240032281242083,0.404181185434806,31.3462788742548,31.4092296814022,31.2134247054051,31.5625397136374,31.4481120075408,31.4158236190162
"P06746",1,1,0,2,1,2,0.0830525710349225,0.211975005708638,22.3786927826076,23.3108368139047,NA,24.5809534551103,23.3630267841556,23.7594793628604
"P06748",13,13,12,13,13,12,0.550226145971647,0.681508647205196,33.5471523592431,34.0759318069755,33.8473653582343,33.6460572225552,33.8920589887539,33.5893425385575
"P06753",3,3,3,3,3,3,0.118989619199498,0.26489591982222,29.6213257656808,29.8415436085743,29.8186619734121,29.9707724141241,29.979489308258,29.9643834851035
"P06780,P62745",5,5,5,5,5,5,0.000432388897235748,0.00526264173478979,26.9935284348359,27.0601676732367,26.9027556232858,25.9298390898887,26.1328845031916,26.1764827035437
"P06782",3,3,2,1,1,1,0.000365494561691536,0.00482864747534107,24.9881063721237,24.9496544603116,24.4090341593861,23.0520456415477,22.1311890317773,22.2793724650442
"P06785",4,3,3,2,1,1,0.000214981322822297,0.0038119402774274,25.3732811175577,24.6647554440351,24.9072347402774,23.2017837004161,22.6617437910024,22.5830228633793
"P06786",1,1,0,0,0,0,NA,NA,22.3963518736231,22.3562137451091,NA,NA,NA,NA
"P06787",6,8,6,5,5,6,0.000871896621473465,0.00768577632646155,28.8359894401885,28.8898829569234,28.9597713823064,28.1502827530357,27.7058898368261,27.963193462767
"P06865",0,0,1,1,2,1,0.459365169776372,0.605450110109828,NA,NA,24.9971011077404,25.0248998262502,24.7743906547132,24.2090795867703
"Q16778,P33778,P23527,P06899,Q8N257,Q6DRA6,Q6DN03",6,6,6,6,6,6,0.545284926261348,0.677310852961074,30.8510018740087,30.9869651594539,30.9297197233351,30.7489706560675,31.1954178802095,31.1247664937725
"P06959",1,2,3,6,8,8,0.000199987057902137,0.00368662273526895,23.2516172136941,23.8216134818794,24.3736267673078,26.1822612857933,26.5653701360725,26.4727744160722
"P07012",0,1,0,2,1,1,0.0265823249317033,0.0959052308785953,NA,22.4205210035074,NA,23.1040618432227,23.4652470954982,23.5399613273152
"P07108",4,4,4,4,4,4,0.208466538622754,0.372335391295449,27.2786263094852,27.3393936146909,26.6050852776597,27.7228046193765,27.6346459669826,27.0631707663943
"P07118",0,1,0,3,3,4,0.01203621500897,0.0532513481087018,NA,22.5863554406301,NA,24.1811476310972,24.4832165260366,25.0880305746807
"P07143",2,1,0,0,0,1,0.0678939177568394,0.184297462326518,22.8611920687689,22.8670708140572,NA,NA,NA,22.2191155972019
"P07149",43,45,50,39,33,39,0.000105374350459921,0.00304905986253359,30.8790571887303,31.0431154026911,31.0054467081076,29.8707072393833,29.5471049991518,29.6960744782319
"P07170",8,10,9,8,7,7,0.000184203219819277,0.00362978506659514,30.5419123111346,30.5489840798184,30.5693710687432,29.6935801741073,29.5399017681092,29.4560216452083
"P07172",4,7,6,4,3,5,0.00413494416190742,0.0231035430993301,26.1822040874602,26.8596753823477,26.6811792151844,25.3306574781379,24.7624973703013,25.6163087787992
"P07195",11,11,10,11,11,11,0.43092438768109,0.582289749111071,31.2374902811264,31.3393109016273,31.1454617664964,31.1942232551804,31.4559031494955,31.3979844455406
"P07213",13,12,12,13,10,10,0.00441092073365319,0.0243138553761345,28.624471400658,28.4692037831589,28.5086893583766,27.7503229010496,28.051710715902,27.5308679939116
"P07237",20,17,19,19,18,17,0.224653140458653,0.38732916131222,30.7121303348265,30.4767099829166,30.72800774987,30.8289200785546,30.822950535292,30.7613946025511
"P07244",22,23,25,21,21,22,0.000624172220004422,0.00626778108000464,30.3109395604279,30.3847699024224,30.3828834693792,29.2712870338435,29.5177626780433,29.604944532245
"P07245",21,20,20,16,16,20,0.000143911146828869,0.00346140572682198,30.1320727454738,30.1301533282352,30.243078365635,29.1608009005371,29.2428625093436,29.2350263114686
"P07246",7,6,7,6,5,6,0.000212745734981826,0.0038119402774274,28.7281778771577,28.5843889342877,28.5773093113939,27.6708303442628,27.4023150882496,27.6159664180457
"P07251,O95573,Q15413",16,17,16,15,15,13,0.000443550942694738,0.00528390521592245,30.4653574258017,30.593202381914,30.5309928127835,29.5820254852465,29.8020825017374,29.6393327249895
"P07256",9,8,9,9,8,8,0.00567436521443937,0.0295476481424054,27.5315280383595,27.6405429044623,27.8354874989085,26.7602157400174,26.4072942457693,27.1087118231626
"P07257",9,9,9,8,8,9,0.00348442465011427,0.0202763005849391,28.2057121025579,27.5695478015196,28.2125458592505,26.5566669785958,26.9662952679199,27.0201313144462
"P07259",56,52,57,48,47,46,0.000191877855973208,0.00363284146766094,31.2035847059337,31.1366726174209,31.3033562538911,30.2900556695005,30.2727695099916,30.3234295144106
"P07260",4,5,4,4,3,3,0.000507280493096174,0.00582334947870176,27.8094706514895,27.6964882844634,27.7021547571791,26.5871046759599,25.9041956489426,26.4228810425784
"P07262,P39708",15,15,15,10,11,11,9.58141920805968e-05,0.00304375776225846,28.8699706352297,28.6939892152852,28.7697165696047,27.5319297062132,27.6769695642672,27.3931898414571
"P07263",9,11,10,10,9,8,0.000186286110558228,0.00362978506659514,27.8602733892549,28.0539086827651,27.9602185435203,27.0074884027228,26.9407997202816,26.7948333960128
"P07264",3,4,4,2,3,2,0.00182220291565808,0.0125053626725393,25.721293027244,25.8214029401571,25.7529166734025,23.8184756889498,24.8315143365759,24.0010376179727
"P07267",8,8,8,7,7,7,0.000386415611333062,0.00494816049592888,29.1865035585689,29.4473862809015,29.3528519214788,28.4245507374791,28.4537212216771,28.2814314273604
"P07273",4,2,4,3,2,1,0.0396095763601208,0.127564180212652,25.0632168051443,23.8333550480109,25.2786956708785,23.6161884618284,23.5521172676211,21.6287052867511
"P07274",2,2,3,3,3,2,0.000970430289930888,0.00824616115978936,27.4946877469379,27.44538951808,27.7148184140218,26.6789007225619,26.7677688079714,26.4259941086975
"P07275",3,3,5,1,1,1,0.0234007432688435,0.0878136361448204,23.8954162394872,24.4707014382413,25.4520785423053,20.9715739393098,23.2996259515602,22.8892974901385
"P07277",1,2,2,0,1,0,0.0114569648004725,0.0513479407339722,23.1793522019245,24.8944788797498,24.8361441461663,NA,20.3038217082116,NA
"P07278",11,11,9,8,9,10,0.000427198928352253,0.00522465323754777,28.0338456563979,28.110836817616,27.7348188460782,26.756287679619,26.8801426323467,26.9789461503162
"P07281,P07280",7,7,7,7,7,7,0.00243696394781875,0.0155222003788556,31.5939159258317,31.3364589974804,31.3262226955988,30.8339776572962,30.4976239169623,30.4641279312573
"P07283",8,8,8,8,7,8,0.000588194995641751,0.00617665888354779,28.2459214572842,28.2206440849181,28.3317808164404,27.0651299814185,27.3087370022599,27.4707514598025
"P07284",15,15,15,15,14,14,0.000166633682551229,0.0035216181195241,29.9032172037903,29.9515700259332,29.8874682867154,29.0391501394229,28.8664920591973,28.9752807450657
"P07311",4,3,3,3,2,3,0.786241327309524,0.858846224965485,25.6554886755782,25.8140992083512,25.5062803895234,25.532209237332,25.6001887904694,25.9906132561232
"P07339",7,4,6,5,7,7,0.402255966525926,0.558185408495179,26.5785067597002,25.7763203981002,26.4874895575668,26.1282510184713,26.7716650610127,26.7395755001372
"P07342",5,5,6,1,3,4,0.00395647994828242,0.0223037725655966,26.5979807389957,26.0850408167387,26.2404997523323,24.0186788365632,25.096330653467,25.0609667908553
"P07347",2,1,1,0,0,0,NA,NA,NA,23.2075166655263,NA,NA,NA,NA
"P07355,A6NMY6,P38716",20,21,21,21,21,21,0.31619226345523,0.481485415348919,31.6065321289824,31.9337848897163,31.7502245954357,31.8063001707421,31.9497135602584,31.9779922472948
"P07384",18,22,21,23,19,21,0.547689698675927,0.679199771179009,29.0865655157388,29.1732133005476,29.1938952880626,29.4465456726897,29.1480260318127,29.1183195649532
"P07395",7,5,5,8,6,8,2.43019996831426e-05,0.00157371026153273,25.6511616689627,25.6054636766493,25.5263053386724,27.5650072199452,27.2355040734871,27.6730310515543
"P07560,Q99260,Q14964",5,5,5,4,5,5,0.0020472738001683,0.0136258624138418,27.0814659248949,27.3009492722234,27.2473658388254,25.9020165924773,26.443997151688,26.3596851937489
"P07602",7,7,7,8,7,7,0.33303085444159,0.497674214729134,28.251440553796,28.4706813007286,28.5212485417553,28.3357608903962,28.698811941637,28.7150103545407
"P07686",4,5,5,5,6,5,0.267748980011838,0.433739608094866,26.0577784810283,26.3262472291973,26.135868543151,26.7337686634404,26.1213719659234,26.3699669158127
"P07702",6,8,5,4,3,3,0.0317511569909638,0.109247339210734,26.7299242442234,26.6996991164973,25.8640606755893,25.5313355226937,25.8985817243608,25.4674270746341
"P07703",5,5,4,4,4,4,0.000594363019004967,0.00620371947619923,26.438586461816,26.6176883279868,26.3534433111329,25.409042672638,25.5928161481203,25.6516834733622
"P07737,Cont_P02584,CON__P02584",8,8,8,8,8,8,0.181075884769801,0.341401378862361,32.3119214208317,32.2760450574169,32.2458319239499,32.430086847663,32.4145519030872,32.44822093208
"P07741",7,7,7,8,7,8,0.347877662661042,0.512133510376253,29.4007563466404,29.3355654682326,28.9220203833803,29.3989139668556,29.3755651283005,29.3757572333808
"P07806",23,26,28,22,21,22,0.000775255968101248,0.00715871644402085,29.4993550075475,29.8044752427441,29.9192874330208,28.8328434630233,28.6892151779718,28.7857011839579
"P07813",0,1,0,6,4,4,0.0217414930548534,0.0832314751747913,NA,22.5137429941676,NA,26.466410439813,24.6542335682857,25.5570452927233
"P07814,P39732,P98196",55,54,56,58,54,56,0.281540035138987,0.447328945419008,31.5254358481932,31.6267983511856,31.7710988278621,31.7119532659501,31.7548254428236,31.9045561318508
"P07858",6,5,3,6,5,5,0.203773568938572,0.367506264500118,26.1702208589384,26.5771121607383,26.3618755514349,26.3967184848621,26.610194184283,26.9118758389399
"P07900,Q14568,Q58FG0",24,23,24,24,23,24,0.248417176119699,0.413020130540026,33.6328676553153,33.6573276926765,33.5852689597774,33.7103136751933,33.7814219127104,33.7780784757983
"P07910,P0DMR1,O60812,B7ZW38,B2RXH8,Q86SE5",10,11,11,10,11,11,0.0290318812622431,0.102977550741285,32.3819920361302,32.616293335511,32.6366754549528,32.9340978015401,32.8975130145287,32.8625937454126
"P07919,A0A096LP55",4,4,3,4,4,4,0.263944814577891,0.430615393550687,28.4149605544672,28.5879207769402,28.0867922630972,28.598094521441,28.512442072453,28.5727560196293
"P07947,P06239,P12931,P06241",1,3,2,3,2,1,0.601898324079764,0.723165660068241,23.6836553698806,23.6647554440351,23.5768060078506,23.4596220331162,24.0522876539879,23.7068353053199
"P07948,P08631",1,1,0,0,1,2,0.171981441161291,0.331303683945721,22.6899968967545,22.5459054639672,NA,NA,22.8738842671495,24.6394007513541
"P07954",18,17,18,17,16,18,0.121898367454163,0.268633793198507,30.8210532325021,30.9772527793242,30.9216458158826,31.2119168420041,31.0258661807719,31.1104071515254
"P07991",6,6,7,6,5,5,0.00071163531299056,0.00682062612128144,27.0149684062441,26.9654990423098,27.2208193453888,25.6851832805131,26.0756128072312,26.123220003143
"P08018",1,1,1,0,0,0,NA,NA,21.2576701117384,23.8067157710435,22.1650388890829,NA,NA,NA
"P08047",2,2,1,2,2,2,0.27891493567738,0.444696761397236,24.5730688728449,24.8491387062049,23.338545525906,24.6268943583845,24.7302122776915,24.8651950243544
"P08134",3,3,3,3,3,3,0.00706197092475252,0.0351964884997771,24.8257203483027,24.9994140259016,24.7811533867628,25.5599951546117,25.329302395623,25.3299994556201
"P08195",11,13,13,12,12,12,0.651227124775423,0.761423196120523,28.7124728699989,29.0790695720262,28.988113901445,28.9170656054301,28.9524534569344,29.1176686341814
"P08200",8,7,7,13,12,12,4.20313082012585e-06,0.000589722604790436,27.8368496248417,27.8046083879651,27.8500378668304,29.845376283137,30.1687784393814,30.0143227835008
"P08237",3,4,6,4,5,6,0.566749920332113,0.69447100129555,25.0604548855695,27.2431782994316,24.8726874603099,24.7203840666593,29.1759492995203,25.6698883103809
"P08238",40,40,40,39,39,40,0.41570830352774,0.568881777599191,33.9568420252396,34.0297655492933,33.9405095513305,34.0208094347334,33.8326741390682,33.7543451343509
"P08240",4,4,2,4,3,2,0.520270359507182,0.657341909765554,24.0514077507125,24.8351497824935,23.7116461323459,24.8340910276975,24.5747820130183,23.9493796999205
"P08243",20,20,19,21,18,20,0.398867096073312,0.556540296811316,30.9874629341999,31.0166358768548,30.8496695391556,31.1040365755302,30.9745759104364,31.0843492672571
"P08312",0,1,1,3,4,3,3.38984285303202e-05,0.00190245513896275,NA,22.0071505505198,21.7234243183472,25.2861038998033,25.8399849482863,25.359968294086
"P08397",14,15,15,15,13,14,0.294082817422612,0.461021822098577,29.8021035670375,29.7797649777273,29.7184401279121,29.7922825219796,29.9691745263017,29.9213382715512
"P08417",4,6,6,4,3,6,0.0169266682580255,0.0688933129502715,26.6785413322223,26.9634015471677,26.8734673441276,26.1453460139227,25.391043900394,26.305580994386
"P08456",2,2,2,1,1,1,0.00131780389291586,0.0100093646061925,24.6717190167915,24.7548721702376,24.8403232611575,23.8006024849832,23.8842024026494,23.3051890109463
"P08518",6,6,5,3,4,2,0.00458785828919093,0.0249218253444664,26.0283531926384,25.9955749374565,25.5891049392774,24.1442263436756,25.1216293205681,24.3374304309204
"P08524",9,9,8,8,8,6,0.000845274842733747,0.00755660748787284,28.6410827505696,28.9409979549349,28.7503878947538,27.5358556468236,27.9604867572739,27.7398776668659
"P08559,P29803",6,6,7,6,6,6,0.263854285469885,0.430615393550687,27.2920053392864,27.300571692321,27.3876506277466,27.6543121255131,27.3585196406137,27.4370832413478
"P08566",19,16,20,14,15,15,0.000521562793891804,0.00587061470799107,28.3789344861869,28.2716210840895,28.4736759082764,27.5931627974455,27.3081204219923,27.2750655763923
"P08574",6,5,5,5,5,5,0.658857946784696,0.768018872955184,28.3407267498798,28.2397949220931,28.0013702796172,28.5919900788898,28.1362926375015,28.1117036096867
"P08575",13,15,12,16,17,15,0.0969366105965657,0.23326670801489,27.430122831814,27.3774846305339,27.2096982777859,27.4982548346046,27.8447261305532,27.5431090318773
"P08579",1,2,2,1,4,3,0.0660108999244846,0.181151617369946,23.4429040347897,25.3524650014374,26.0372016726587,25.735089694645,27.1414936266585,27.2632583304803
"P08621",13,13,12,11,10,11,0.750295428677351,0.834744980231124,29.5340801264846,29.3772518959157,29.4898714005871,29.4384591606148,29.4900327890964,29.5852032418572
"P08648",1,2,1,1,0,2,0.0426128201752852,0.134211426731696,23.448317530976,24.2989091657686,22.9175792511824,22.0866198198343,NA,22.5165624313226
"P08670,P41219,P17661,Q16352,P07196,P07197,P12036",24,25,26,25,26,27,0.182331091024664,0.342616942249099,31.7126711426702,32.0106753300105,31.9152571750844,31.9333538886459,32.1307822868932,32.2268952212161
"P08679,P43635",3,3,4,3,3,3,0.000483538222975824,0.00559049884282751,25.0465196546706,25.0457492107822,25.1392313537602,24.3580768115559,24.1221438921742,24.2341428720999
"P08708",7,7,7,7,6,7,0.997631819802016,0.997829370657423,30.1457540393539,30.2655400669857,30.2339590202388,30.0008919364422,30.1742868024875,30.4715158594182
"P08754,P63096,P09471",3,3,2,3,3,3,0.0462204637004337,0.141811671675202,25.3678344269107,25.3770549372944,25.1730201291106,25.4532223024055,25.8080112840594,25.8069281382806
"P08758",11,9,10,10,8,11,0.332186402473843,0.496688501820895,29.095495034542,28.8860627772404,28.9287460218011,28.9115362981323,28.4194962144854,28.9850005505587
"P08839",1,1,2,6,6,5,8.06498604346165e-05,0.00282890586843922,23.090264936703,23.1580869562705,23.9564958223016,26.0177059388201,26.5847609162956,26.3088270942605
"P08865",11,11,11,11,11,12,0.0567901677160648,0.164288165597849,31.8132578070456,31.890786256629,31.9418358660794,32.241366472089,32.087422962716,32.1124505879137
"P08997",0,0,0,3,3,3,NA,NA,NA,NA,NA,25.652963181945,25.3230088789981,25.4155304642378
"P09001",2,3,1,3,3,1,0.975011752340753,0.98436625246315,24.6866534536801,24.927445572325,23.2604657714986,25.124385838176,24.7297212310425,23.0881900678035
"P09012",7,8,8,7,7,8,0.604428053914877,0.725170095088847,28.7169723529338,28.9339309656935,28.90566667564,28.8098982419283,28.8686541841496,29.1028505368
"P09064",9,9,11,8,9,9,0.00919904369699419,0.0435059641512338,27.8704554063639,27.7867104448027,28.1519868195974,27.2686157150893,27.4949851081039,27.0783521130381
"P09104",2,6,4,6,4,4,0.304180761634671,0.469708660047912,24.4140386365981,25.886993621306,25.1117000923369,26.1257525642058,25.3612763393566,25.3746757498735
"P09105",4,3,2,3,3,4,0.276393232880741,0.442491987093701,25.2418906326831,25.244105375333,24.5825895391166,25.1916264420816,25.2934921053179,25.3550533404039
"P09110",5,4,6,4,3,6,0.873987182072529,0.917395938621851,26.1950797324436,25.9534061948672,26.3555917777115,26.0510315954383,25.9621468531383,26.4016788311619
"P09132",2,1,0,2,1,0,0.422641240613508,0.574787535363174,22.6052997321792,22.0791919690501,NA,22.8216809160989,22.3909662630986,NA
"P09211",10,10,10,10,10,10,0.259043499124393,0.425782204385718,32.7657965938889,32.6030153000617,32.6472193065593,33.0698837347936,32.7182367193309,32.7612085515803
"P09232",4,4,4,4,2,3,0.00352720106019994,0.0204540133402132,27.3588519384303,27.4762085538294,26.9506331221884,26.2676926990224,25.2625527877841,25.9451299802669
"P09234",2,2,2,2,2,2,0.0345500478705499,0.116341527862765,27.9396625303709,28.0640880426081,27.962757672401,28.630235964822,28.1966676281454,28.3712001820416
"P09373",9,9,6,14,14,15,3.86727151445921e-05,0.00208001429562179,26.3198931446843,26.2933332915886,25.5000007701882,29.2199646123801,28.978714620221,28.8936320804024
"P09382",7,7,7,7,7,7,0.0609802546746113,0.171865841740821,30.3811134413842,30.4563461452643,30.4890398337546,30.6666190209647,30.6918173286745,30.6854618390854
"P09394",8,5,5,11,10,9,2.76631526504593e-05,0.00168345281972855,26.3567867040565,26.2353767341115,25.7029649692259,28.6013036143288,28.4590541516725,28.5242873665352
"P09417",5,5,5,5,5,4,0.639922069550118,0.752306616069528,26.1215712034453,26.1754719298347,26.0864300997227,25.3043853909847,26.4617178626288,26.1602651107198
"P09429,B2RPK0",9,8,9,9,7,8,0.408864401495661,0.564101090400051,30.5474808100826,30.582293629,30.5111328609911,30.4821356716294,30.7194206922149,30.7750225024124
"P09436",23,25,25,25,21,20,0.00025208489278304,0.00401491789656189,29.9361317075144,29.9197168654365,30.0301483804816,29.0317862118354,28.7344712269714,28.6407411880177
"P09440",3,2,3,1,4,2,0.27708605047526,0.44289925346536,24.0184720792384,23.5154307347151,23.9126536490218,21.7366915297219,24.3065572382531,23.0778550077804
"P09457",1,1,2,1,1,1,0.0391733764879094,0.126673959436895,23.2850792444691,23.066968064718,23.6854671158286,23.0564057102902,22.2138845988313,22.5723556583594
"P09496",1,2,2,2,1,2,0.475175038558235,0.620035113144333,25.6857723108927,25.8603518714772,25.7472547686165,25.436556434752,25.7133290730375,25.8142468060352
"P09497",3,2,3,3,3,3,0.839566525367004,0.894484533275139,26.0196380819212,25.7032456506387,26.0172364277951,25.5123329717096,26.2293513845766,26.1458894086624
"P09543",5,4,4,4,4,4,0.148355382881636,0.302398320797072,24.9854831594318,25.0711888077284,25.1383997045904,25.2307745237396,25.3132505569795,25.1995147227348
"P09551",2,2,3,8,5,6,0.000157795440616451,0.0035216181195241,23.6568082321039,24.3869625566909,25.002485876297,27.3469768957568,27.4376031223507,27.7489133647166
"P09622",12,10,11,13,11,11,0.161776849214304,0.320897645412181,29.8235088557945,29.7913670389006,29.9423422264132,29.9706273961661,30.0164608448635,30.1068388011003
"P09624",10,12,11,8,8,10,0.000920158068243632,0.00794481778239074,28.2312507893828,28.5544574036517,28.3610559294355,26.9144543919736,27.0409275007682,27.4958725725554
"P09651",15,15,15,15,15,15,0.59293975429839,0.716321143018696,30.8344497529954,30.8233913337376,30.706706292564,30.771436751823,30.941081443252,30.8429841828354
"P09661",9,9,9,9,9,9,0.254539049938092,0.42029314849209,28.7110661543029,28.9140757015209,29.0328583827525,28.9105958846164,29.0797971039018,29.2333318617926
"P09668",0,1,2,1,2,2,0.3836699926057,0.543138209823821,NA,22.132056824627,23.0641118739564,22.5032646623668,23.2484213563472,23.1679206900402
"P09733",8,8,9,7,8,9,0.00117364037653403,0.00932084519162486,27.653567163544,27.6223487275736,27.6049046736359,26.9375890630934,26.4334251586033,26.6594224198285
"P09734",4,4,4,4,4,2,0.0184755808344799,0.0735963397436576,26.3983290065896,26.2915864021607,26.2173896372391,25.5080049188168,25.2690305419504,23.9238192244328
"P09874",32,33,31,33,31,31,0.138649012575002,0.2913990250467,31.0216181262877,31.0962920012588,30.9750257502494,31.2012443527809,31.230414814866,31.1961471375807
"P09884",4,4,5,6,6,5,0.175916516376358,0.335679451133439,24.642286861364,24.8539638466931,25.118497374187,25.7639992547295,25.476171229268,24.7484689281795
"P09938",11,11,11,11,11,11,0.000550581783574434,0.00599080345897361,29.3554621079635,29.8248361961928,29.6147297289126,28.4877089352853,28.56314966471,28.5532540745679
"P09960",11,13,11,13,13,12,0.0139110899192311,0.0591953792603506,27.3791616142972,27.0511281449733,27.3793681288463,27.9557421803085,27.8696643894567,27.6370795646333
"P09972,P05062",19,19,19,19,19,19,0.0205234492731498,0.0798643623102309,30.8023745847513,30.9086106131979,30.804642136815,31.3054692246702,31.1568423540172,31.130712427372
"P0A6A3",0,3,2,4,4,4,0.000221613841687495,0.00381965874674084,NA,24.4405859814747,24.4421922465876,26.7213190652046,26.2662397830656,26.3096578348638
"P0A6A8",2,2,2,2,2,2,2.25601872586941e-05,0.00149936191899558,27.4859405456385,28.0109349969419,27.8045241844495,29.7952698464316,29.8692812913977,29.9279835851932
"P0A6B7",3,2,4,5,8,8,5.5674391405092e-05,0.00246796597102189,24.7979370436545,24.4845962230285,25.1307594068091,27.1911839654516,27.9178123375193,27.7474714505924
"P0A6F3",18,17,20,21,20,21,1.85236393969268e-06,0.000518303696015869,29.017480235475,29.1774144881503,29.1610644074216,31.2731696970125,31.3889656624641,31.3662372921388
"P0A6F5",12,11,10,17,15,14,1.00282765481088e-05,0.0009531751250547,27.7651102395653,27.9871528759385,27.4518509530404,30.1117870720001,30.2173389394855,30.196862664579
"P0A6F9",4,4,4,4,4,4,1.90779255726813e-06,0.000518303696015869,26.8583847463405,27.0673764910679,26.8893726390049,29.2055228272278,29.3086342571799,29.3503155381895
"P0A6G7",0,0,1,1,1,1,0.329458054141829,0.494236005782708,NA,NA,22.8394147191791,22.9498089096688,23.3702279565421,24.3557790342145
"P0A6K6",4,3,3,8,10,7,0.00174421748742382,0.0121908102504902,24.4438076959786,25.3816603065051,25.4537642621164,26.6131362202996,27.4939011220476,27.27781507544
"P0A6L0",1,0,1,2,2,2,0.0881776806887105,0.219185760412735,23.3863060432426,NA,20.4744050006053,23.6999392395072,24.0838492323062,23.739116085467
"P0A6L2",1,0,0,2,1,2,0.00083623859016796,0.00750238209402907,22.6590367400803,NA,NA,24.9870120932028,24.6878017425088,24.89419688054
"P0A6M8",17,17,16,22,22,21,7.77838199197963e-06,0.000801808315132431,28.1392514845498,27.8678029752468,27.8686613599508,30.5438705795521,30.2707931248601,30.1853714278858
"P0A6N8",1,1,0,2,2,2,0.0407668586294846,0.129668389759148,22.6345509521159,23.0654043216029,NA,24.5237645109348,24.7059522492784,23.340812920677
"P0A6P1",9,10,10,12,12,12,1.92226392132498e-05,0.00140715290820471,26.9945961751394,27.2389281309345,27.202793328912,29.5218479388341,30.198470910485,30.1130338956647
"P0A6P9",8,6,7,10,10,10,2.51736275535137e-06,0.000518303696015869,26.540962510042,26.457565954193,26.5183747099098,29.297577504772,28.9097065289074,29.1325432223573
"P0A6T1",2,1,1,3,3,2,0.00299343016747129,0.0181510393468157,22.0434504307293,20.7810311653337,21.2539936377037,24.8541862445972,25.1416551348555,23.1723692484232
"P0A6X7",0,1,1,2,2,2,0.000217799446016037,0.0038119402774274,NA,23.5806742802665,23.3981249461705,25.3923174721794,25.9350072504603,25.7849809884425
"P0A6Y1",1,1,1,2,2,2,8.78655121485302e-06,0.000870213140906326,23.9223983428414,23.6022074418161,23.8783171463047,25.912442545265,26.2322793504413,26.1075133692093
"P0A6Y8",12,13,13,19,19,18,0.981750070597073,0.987222696911371,32.4923799379023,32.1795259036805,32.1857674071792,32.4799014558782,32.2289903997026,32.1598823924111
"P0A6Z3",0,1,1,10,9,8,1.38049406804795e-06,0.000518303696015869,NA,22.3701220796041,22.3700150886533,26.8455520265246,26.9921160026202,26.7346109145443
"P0A705",1,0,0,3,5,5,0.00135062491149376,0.0101820991462014,22.0321434947003,NA,NA,24.8875601737354,25.5088423337121,25.6000494566303
"P0A707",2,1,0,4,4,4,0.000103667935122086,0.00304905986253359,23.7313482844544,23.1269411688833,NA,27.1670864264877,26.5720795994377,26.8401825726616
"P0A763",4,5,6,6,7,7,1.02610814176659e-05,0.0009531751250547,26.551319651364,26.8394397401621,27.0136672149126,29.0295913401841,29.2602329962345,29.2122102795353
"P0A786",0,0,0,3,2,2,NA,NA,NA,NA,NA,25.6923612724502,25.6051165018187,25.5100578065895
"P0A799",6,7,7,7,8,9,9.59932255930832e-07,0.000518303696015869,26.6362334274354,26.6761406174827,26.763203505658,29.0115352357855,29.0229727349956,29.0623253405301
"P0A7A9",1,0,1,2,2,2,5.61434248682668e-05,0.00246796597102189,23.0903182083934,NA,23.6001889352886,26.3217106284389,26.1585592677272,26.4375751123985
"P0A7D4",6,5,4,12,12,14,3.98996123900735e-07,0.000518303696015869,25.1436646441977,25.1004973522797,25.1014949494033,28.4073198014475,28.4850634117603,28.7422323978327
"P0A7D7",0,0,1,2,2,3,0.0158448097304421,0.0654391937436328,NA,NA,22.1466549990581,24.8267603310672,25.0158977166887,26.4365315500695
"P0A7E5",0,0,0,2,3,3,NA,NA,NA,NA,NA,22.8884884259747,24.5523255539192,24.620725839526
"P0A7F3",3,2,2,4,3,4,0.00033580734309857,0.00467972035539582,24.3842218300137,23.5588148463027,23.7450711825467,26.389581700947,25.7293528363414,26.0754435298552
"P0A7J3",1,2,1,5,5,4,3.73143609090718e-07,0.000518303696015869,24.8673500526106,25.0622717413256,25.1667039329339,28.820951780393,28.6898858778046,28.5650004903939
"P0A7J7",2,2,3,2,3,3,0.00233691123737552,0.0150750174457008,24.1677196642492,24.6134384973304,26.0278375012762,27.2091058734489,27.8332010139517,27.7578331450379
"P0A7K2",4,4,4,4,4,4,2.10769628121347e-06,0.000518303696015869,28.3839683348944,28.3245026245845,28.315722458612,30.4747694738066,30.3463091770166,30.3727792523681
"P0A7K6",1,1,2,1,2,2,0.00054218374363031,0.00594049910862624,24.7072358283376,24.5407685321946,25.1260013502897,26.4505072922138,27.1690331350023,26.4306436616586
"P0A7L0",4,4,5,6,5,6,1.09879436982169e-05,0.0009910732789231,26.5970905865307,26.4757403960576,26.5931166491596,28.4037437563853,28.7768660322871,28.7360960263235
"P0A7L3",2,2,1,3,3,3,0.0449171747452449,0.139444775438372,25.7287554814435,25.5109465873515,22.5922034464743,26.9009887814221,26.8626130458866,26.6703703037875
"P0A7M9",1,1,1,2,2,2,0.0001049085866867,0.00304905986253359,23.3474749607328,23.9994884702908,23.7991142358434,25.5932967617459,26.0000020422567,26.0651013100263
"P0A7R1",4,4,2,7,7,6,0.00055860455477635,0.00600922337901266,26.6721936265633,25.6991491954103,24.8430209577929,29.1602923522251,29.28130269631,28.7302072191671
"P0A7R5",3,1,3,3,3,3,0.0042770406637486,0.0237399257061475,24.893026029133,23.5404104100527,25.5017349188507,26.7720545077835,27.0334864370401,27.0844563455097
"P0A7R9",1,0,1,1,1,2,0.00102053032289835,0.00847812279763091,23.1995766877178,NA,23.3073926894541,24.5303563337013,25.0009688767029,25.1096661289034
"P0A7S3",1,1,2,2,2,2,0.000586976625633728,0.00617665888354779,23.5303177922587,24.0083200372545,23.9453552646964,24.9866041777294,25.2206190357243,25.5092355723226
"P0A7S9",3,2,4,4,6,6,0.000111312923347595,0.00312356431015947,25.9158753322629,25.3733830066324,26.4225693482523,28.4610248507914,28.9156215074311,28.9418661647641
"P0A7T3",0,1,1,2,2,2,0.00681449604162309,0.034272929476828,NA,NA,24.4014562939582,27.2968579304733,26.4997269943066,26.5032959158806
"P0A7T7",2,1,2,3,3,3,0.000882848701712056,0.007739318303372,25.5491088219024,23.659017204312,23.5125327939722,27.6170781702061,28.048084230495,27.9704734281389
"P0A7U3",2,2,2,2,3,3,1.62154361786037e-05,0.00127975262715824,24.077529998483,23.868017046887,23.9326704702251,26.000282722875,26.327680888761,26.5395725879597
"P0A7U7",1,1,1,3,3,1,0.000644749500854083,0.00637305230687666,23.0403838544844,23.273892469298,23.1613755642575,26.6886200077492,27.064605921896,25.2815725721677
"P0A7V0",4,3,4,6,6,7,5.04194890174446e-06,0.000670181155334507,25.699311703551,25.7616035714149,25.6479528548148,28.1259493587538,28.4985925239758,28.6293369384384
"P0A7V3",4,4,4,5,4,4,5.7730238463826e-06,0.000711208376782402,25.7124945010691,25.3763098323741,25.7439781489003,28.1768967120856,27.94747994765,28.0460207825048
"P0A7V8",3,3,4,6,6,5,0.000847191357676436,0.00756035962477681,24.4699071366963,26.0945680910103,25.9365603522236,28.5939161848755,28.203646280234,28.5062474861529
"P0A7W1",0,0,1,3,4,4,0.00320935044686267,0.0190486828520603,NA,NA,23.127443827402,25.8417511982439,26.7251095221367,26.7816270548893
"P0A7W7",3,4,4,5,6,5,0.000361325501020385,0.0048171040259762,25.2704997492849,25.2834927842474,25.6026030033879,27.3651354149434,27.7148340380771,26.8364574474474
"P0A7X3",2,3,2,3,4,4,8.30340703725428e-05,0.00283381817197104,24.786255680602,24.8982369413396,25.0453524132345,26.6086202732065,27.3072979048429,27.0808350732765
"P0A7Z0",0,1,0,1,1,1,0.0402430879050676,0.128569156868119,NA,22.3440942088471,NA,23.602277432582,24.2932428849722,NA
"P0A7Z4",3,4,4,7,7,7,0.00025547653314077,0.00403253740279385,24.6365222628809,25.9790778057992,25.5595386670339,28.2422677705462,28.207563875738,28.1802816888293
"P0A800",0,0,1,1,1,2,0.0133700381496336,0.0575720909580557,NA,NA,22.8879601966237,24.6939550136818,24.3816193237575,25.269668007178
"P0A805",0,0,0,2,3,3,NA,NA,NA,NA,NA,24.7224678236652,25.3021052356226,25.4062093038352
"P0A825",7,6,5,7,7,7,5.93839177746327e-05,0.0025636595613647,26.3950262880396,26.075203001598,25.5844959587138,28.3679276813905,28.3780887580225,28.3735389295129
"P0A836",9,11,10,11,11,13,7.70787849610296e-05,0.00276116980736284,27.0483717703758,27.6263314083987,27.2839997027384,29.1560758044448,29.6130300660453,29.5137768107521
"P0A850",6,5,3,10,10,12,0.00300748208954473,0.0182143789379981,26.4209916530311,26.0484321898331,23.6727488085885,29.067633116374,28.9362181512339,29.0199820315239
"P0A853",17,19,18,22,22,21,3.47395059579128e-05,0.00192823345707052,31.0011041400197,31.2870936487028,31.2964297052433,33.6029158838695,33.4546849264649,33.066149959881
"P0A855",0,0,0,1,0,1,NA,NA,NA,NA,NA,NA,NA,21.89056962355
"P0A858",3,4,3,4,5,4,0.000107028932350701,0.00304905986253359,25.2155952924259,24.9238021537669,24.6470643661953,26.9554165228636,27.5614260145158,27.0057292478152
"P0A862",5,5,5,6,6,6,2.54210579741016e-06,0.000518303696015869,27.3125102164842,27.4462773094281,27.565849510892,29.7095607683097,29.6203955875053,29.6947502114858
"P0A867",0,0,0,3,2,1,NA,NA,NA,NA,NA,24.0964450774513,24.3915096364491,23.027734232576
"P0A870",6,6,7,13,13,12,6.19638498556233e-05,0.00260108193059383,26.9774167704656,26.1589370368475,27.1025698876587,29.5747504530597,29.6631934219613,29.534547739802
"P0A8F0",1,0,0,3,4,4,0.000152863141721445,0.00348709802018266,22.4226250799208,NA,NA,25.6230939968277,25.7745989581961,25.5522083641579
"P0A8G6",2,1,3,4,4,4,0.0127168948129717,0.055373306638207,24.2796389184155,21.8922433912647,24.5436208698087,25.8151197488753,27.3837081635827,26.295568440695
"P0A8L1",0,0,0,2,3,3,NA,NA,NA,NA,NA,22.78583801844,23.4311315492946,23.2850553014812
"P0A8M0,Q96I59",1,2,2,4,4,3,0.000233442367629947,0.00385648825347984,22.6798134291267,23.6048521630717,23.807007011544,26.2841550680608,26.004931210644,25.8530000283668
"P0A8M3",1,0,0,5,5,4,0.000181135208212884,0.00362978506659514,20.3844970028636,NA,NA,25.0408517388142,25.17224410004,25.6306150563318
"P0A8N3",0,0,1,7,6,8,NA,NA,NA,NA,NA,26.008819777362,25.9019363549196,26.1527320999559
"P0A8N5",0,0,0,3,1,2,NA,NA,NA,NA,NA,23.2936174583749,24.6443671730325,26.1283069875875
"P0A8T7",1,1,2,4,2,2,0.008465730334109,0.0406081708619037,23.1743184799071,23.0109073013625,24.4851103174781,26.1418241201519,25.5693721142746,24.9146836194498
"P0A8V2",4,2,2,14,14,13,0.000247741172168084,0.00397279049446011,25.4526406563894,23.8361088410412,24.5965117979063,27.8546613071313,27.9374147465811,28.0611892744768
"P0A910",0,0,0,2,3,3,NA,NA,NA,NA,NA,24.2262464900328,24.6974392722362,24.3218842746177
"P0A953",2,3,3,5,4,5,1.82192650789449e-05,0.00137351504348881,24.4104872980559,24.6489437653524,24.9557029148671,26.88507279144,26.9338885930968,27.1021455795219
"P0A955",5,5,5,7,7,7,1.28970301187716e-06,0.000518303696015869,26.6021431041873,26.6182944259838,26.5356587895744,29.1165718442621,29.4207801530016,29.2288825123462
"P0A972",2,2,2,3,4,4,4.02972459192795e-06,0.000581546826109374,24.7175041637914,24.9253703433187,24.8407732277162,27.3959891142495,27.8238854123544,27.8376437582161
"P0A991",0,0,0,3,4,2,NA,NA,NA,NA,NA,24.743684756602,24.7292300172002,24.6476695519861
"P0A993",0,0,1,1,2,2,0.00602175782710348,0.0310049936643218,NA,NA,21.4438410842063,23.4916401216905,24.4438661804428,24.16165513827
"P0A9A9",2,2,1,2,2,1,0.167088903044022,0.326215298327239,25.5834827462586,25.7844872109088,25.2099991212946,26.376817061815,26.2245235492139,25.4195198195826
"P0A9B2,O14556",10,10,10,14,13,14,0.0013165378899584,0.0100093646061925,30.7513492267649,30.7150804136644,30.650066659858,31.2972049128875,31.65415472636,31.5668666451142
"P0A9C5",3,2,4,6,5,7,2.24205346167261e-05,0.00149936191899558,23.9566982145979,23.9756950777858,24.4982904638664,26.666841813806,26.5986937434566,26.9853828868586
"P0A9D8",0,0,1,2,5,5,0.076707187433442,0.201690787988712,NA,NA,21.6361522361303,24.3655472465229,22.9807962965925,25.466521748823
"P0A9G6",9,10,10,14,14,16,2.94830168719238e-06,0.000530863425443197,27.0794545768241,27.1910863210289,27.1896062619572,29.3945484839921,29.5314082662201,29.7217264956558
"P0A9J6",1,0,1,2,2,1,0.000555099883607147,0.00600387475824347,21.6623133380687,NA,22.2054703390624,24.6153971490519,24.8447828168674,24.0888278640301
"P0A9J8",1,2,1,4,4,3,0.00115309999375358,0.00927437590517408,22.2492016500642,23.977434677249,22.3000338012212,26.0357347467419,25.9342082980064,25.6074603729128
"P0A9K3",0,0,0,2,2,2,NA,NA,NA,NA,NA,24.2825774899474,24.1078550123401,23.0817660363048
"P0A9K9",0,0,0,2,1,2,NA,NA,NA,NA,NA,26.1304682401344,25.1822381581383,25.747531559129
"P0A9L3",2,3,1,5,4,3,0.00221265909086789,0.0144768666683597,22.3735948634997,23.3049455554993,NA,26.4410108401867,25.4819778796791,25.2978852053397
"P0A9M8",1,1,0,5,4,4,3.05239740456878e-06,0.000530863425443197,21.2187582872813,21.2218553682694,NA,25.052006652951,24.813380024755,24.9123263091038
"P0A9P0",5,4,7,10,10,11,9.68770999112856e-05,0.00304905986253359,26.5905459654891,26.3972547048512,26.749217174325,27.8205942262905,27.9926277327102,28.0111969534421
"P0A9Q1",1,1,0,2,3,2,0.000190585914272057,0.00363284146766094,21.7019462963239,22.0110845438839,NA,26.204684587738,25.5360935581083,25.1484228034211
"P0A9Q5",0,0,0,0,2,1,NA,NA,NA,NA,NA,NA,24.3200760742458,23.2027100618946
"P0A9Q7",11,13,10,17,18,19,1.02251917596857e-06,0.000518303696015869,26.7327709204447,26.7456925088947,26.5856922941832,29.2150760493667,29.1114169620263,29.125691743149
"P0A9R4",0,0,1,2,2,2,0.000223321994616382,0.00381965874674084,NA,NA,20.6636400868156,23.4487499719182,23.3016427592472,23.3508497634334
"P0A9W3",0,0,0,3,3,3,NA,NA,NA,NA,NA,23.8692558705642,24.4433421765306,24.2480094637028
"P0A9Y6",3,3,3,3,4,4,6.69969467516433e-06,0.000769094495551251,27.1334467280258,27.3562776919094,27.4556616838331,29.5089017500353,29.3798991300195,29.3633768613096
"P0AA04",2,2,1,3,3,3,3.86093530149193e-05,0.00208001429562179,24.4359338065202,23.7826066609477,23.6497748821159,26.5493489258651,26.8695947428304,26.8618894222026
"P0AA10",0,0,0,2,2,2,NA,NA,NA,NA,NA,25.4386082879417,25.3963908090427,25.4290255177106
"P0AA25",3,3,2,4,4,4,2.37796934891901e-06,0.000518303696015869,25.5600170519621,25.5882178009349,25.3330897792166,28.0918655964896,27.9086900931023,27.9145551381554
"P0AAB6",1,0,0,3,3,2,0.00147794566340595,0.0108504412003829,20.67794769679,NA,NA,24.7329633039949,24.7499605029523,23.9204961206634
"P0AAC0",1,1,1,2,2,2,0.723423473645763,0.818184497399182,26.3238442601752,26.7483528769925,21.7765253919078,25.4823752908018,25.3624250608095,25.5015577117083
"P0AAI9",0,1,0,2,2,1,0.00641128236410777,0.0326774845823495,NA,23.0860226713569,NA,25.7726609090049,25.4254876511279,24.9159678034716
"P0AB28",0,0,0,1,0,2,NA,NA,NA,NA,NA,22.0121804244354,NA,24.3851297703248
"P0AB71",4,4,5,4,6,7,0.000325441877677273,0.00463044203985326,24.951624481374,25.8232336248038,26.2514944737797,28.166017284103,28.5305275268741,28.6775178528624
"P0AB77",0,1,0,3,5,3,0.000600009656876031,0.00621909432170122,NA,22.6680750685309,NA,26.2067437033904,25.6500550797447,25.977429853264
"P0AB89",0,1,0,2,2,2,9.17913532905163e-05,0.0029808636388006,NA,20.8417501936303,NA,24.2897043798223,24.2839913353425,24.1735866220192
"P0ABB0",4,5,4,11,11,9,2.38523173271673e-06,0.000518303696015869,25.3447980698776,25.6183671406352,25.5400735975162,28.455508548987,28.2454680345674,28.1200384695508
"P0ABB4",2,1,1,6,7,6,6.46058541056976e-07,0.000518303696015869,22.168342215432,21.8131677544407,22.4246064556266,26.6440186809484,26.5709492424975,26.8149353337483
"P0ABE2",1,0,1,2,2,1,0.00175022740016666,0.012210495301439,21.3063625431799,NA,20.5999569721012,23.5726881685922,24.2230197087614,23.0990698187057
"P0ABH7",2,4,5,6,7,6,0.000101465507302928,0.00304905986253359,24.830086668656,25.1858621169149,25.8985769378551,28.0081793636786,28.1682406009202,27.99594617569
"P0ABK5",6,6,6,10,9,10,2.29433972772263e-05,0.00150502726814636,25.7303516039029,25.5553755211996,26.330587171059,28.7904214270552,28.6230008132244,28.8371072146477
"P0ABP8",1,2,2,4,4,4,0.000999607890355032,0.00834548670112937,NA,23.8645880830343,23.7167362689951,25.7462171763486,26.6715308122805,26.723286050416
"P0ABT2",6,7,8,8,9,9,6.85361278801726e-05,0.00264256474750192,27.3384391656451,27.963735443626,27.8921874618982,29.8002652385185,30.2510125931304,30.1893595300547
"P0ABU5",0,0,0,3,3,2,NA,NA,NA,NA,NA,24.8237947553648,28.492499766871,24.1537665957304
"P0ABZ6",1,0,1,1,0,2,0.00713883999117205,0.03549043385375,20.4359338065202,NA,20.9212508439173,22.8275918785885,NA,24.0435652473421
"P0AC19",0,0,0,2,2,1,NA,NA,NA,NA,NA,23.8285253744536,24.0400613516546,22.7228703339605
"P0AC33,P14407",6,5,4,15,14,15,5.6790770033479e-06,0.000711208376782402,26.547056336411,26.0377427022108,26.3545895581221,28.9671587376679,28.940335586018,28.88209776639
"P0AC38",9,6,9,14,15,15,0.000168720632019238,0.00353613241630362,27.6256588198138,27.8279574094904,26.9786894073194,29.5562933663628,29.9418765995141,29.6589751022475
"P0AC41",3,1,0,6,4,3,0.0112627365815573,0.0505671844208407,24.684302542595,23.8051834341592,NA,26.8549406826242,26.4166484539083,25.5262086509263
"P0AC53",0,0,0,1,2,1,NA,NA,NA,NA,NA,21.5582942836521,24.3949978726723,21.9506166730462
"P0AC62",1,0,1,1,2,2,0.0105215513989605,0.0481380037283963,23.3985620651191,NA,23.7843892759458,24.4097274420714,25.2112400386375,25.2606662488117
"P0AC69",1,0,0,2,2,2,0.0264686199186394,0.095837275418672,22.3210852904959,NA,NA,25.4714480683633,23.9433167041418,24.9672458634367
"P0ACA3",2,1,1,4,4,4,0.00375377056159288,0.0213757554753164,24.1425947289583,21.1245676640306,23.0786128450059,26.4502299628573,26.1383984073169,26.4789856201528
"P0ACC3",0,0,0,2,2,2,NA,NA,NA,NA,NA,24.2890428965274,24.6903906696365,24.7688436870363
"P0ACD4",2,2,2,3,4,3,0.00102890304226153,0.00851965453518522,24.5847752719752,24.0515410796602,24.1607204191389,25.5563234306966,26.035275795643,25.4365912025418
"P0ACF0",3,3,4,4,4,4,7.66069799934745e-06,0.000801808315132431,27.1728644647965,27.3108068174385,27.678263928138,29.9213904793607,29.8581971654767,29.8673208032865
"P0ACF4",2,1,3,2,3,3,0.000483676102616437,0.00559049884282751,25.7673054250008,25.0762798044071,26.0010226224154,27.5766573507787,28.5072584638179,28.0591566276556
"P0ACF8",6,6,6,6,6,6,4.52114662482459e-06,0.000617197610864567,27.3479391931405,27.6008587275336,27.4616582081306,29.4422059692148,29.5541207761564,29.5577858889029
"P0ACI6",2,0,2,3,4,3,0.00446452106546139,0.0245378627874271,23.5237582872745,NA,22.9674161521905,27.3291902930406,27.0695863921878,25.4165288377449
"P0ACJ8",1,1,3,4,4,5,0.00284275344249205,0.0174468379562908,21.9905440653038,21.2399146559287,24.0711016891842,26.0324038832243,26.1022940279571,25.9999481062475
"P0ACY1",0,0,0,3,2,2,NA,NA,NA,NA,NA,24.2874706570889,23.397875126959,24.4720325097293
"P0AD49",0,1,1,2,2,2,2.12712817190512e-05,0.00149936191899558,NA,22.1204114569521,21.9569789045876,24.9163295877229,24.6492438933073,24.9339964111258
"P0AD61",9,6,6,12,12,13,0.000208533191215649,0.00378354778298094,26.1928280547675,26.3347396131569,25.4160784215305,28.1006684887693,28.3796546178685,28.5210209255638
"P0ADE8",0,0,0,2,0,1,NA,NA,NA,NA,NA,NA,NA,23.9800720963416
"P0ADG7",3,2,2,6,5,6,0.000869882196689282,0.00768142478230343,24.4133290679035,23.6062215936832,22.6066688084126,26.317175757747,26.5429227721609,27.0204298339578
"P0ADN2",0,1,1,3,2,2,0.000373442919860855,0.00487053758388213,NA,22.8510706993719,NA,25.5568387218719,25.8906688748113,25.6801780591875
"P0ADS6",0,2,0,2,1,1,0.361921839025707,0.525759910531736,NA,23.4378966893486,NA,24.616649860589,23.2544251466377,24.5822573677695
"P0ADU5",0,1,0,1,2,1,0.00357751738351537,0.0206751033228102,NA,21.4324589060386,NA,22.9420666231814,22.8570088800226,22.6764650238686
"P0ADY3",0,0,0,1,2,2,NA,NA,NA,NA,NA,22.8488211653033,24.3798208906398,24.5213514181454
"P0ADY7",2,1,1,1,2,2,1.50239366319293e-05,0.00123483900718306,23.3965529400981,23.2878576997384,23.0350942184305,25.4096894078508,25.8431096335768,25.8323826744991
"P0ADZ4",0,1,1,2,1,2,6.64303244994267e-05,0.00260108193059383,NA,25.0267360284401,25.0325898494728,26.7905747844454,26.9407997202816,27.0221202787661
"P0AE08",6,5,5,7,7,7,9.88563316727633e-05,0.00304905986253359,28.028758614881,27.7448601367881,27.097615103515,30.0130068465372,30.0910565616987,30.1203634374632
"P0AE18",0,0,0,1,0,1,NA,NA,NA,NA,NA,23.5588980480638,NA,NA
"P0AE52",1,1,1,1,1,2,0.000165072763933973,0.0035216181195241,23.5990731578143,23.2704416337944,23.2619326704972,24.9219405950473,24.5899444399307,24.8678959964468
"P0AED0",0,1,2,2,2,2,0.00967556444834792,0.0452121981303053,NA,23.0121623003259,24.1256992538643,25.0712264110802,26.211569774895,26.3085663711486
"P0AEE5",9,8,7,10,10,11,7.73463558507265e-06,0.000801808315132431,27.780255512704,27.9479099504278,28.0969731543902,29.938742704993,29.8630678843274,29.8797139837902
"P0AEK2",1,0,1,3,2,2,0.0341475336433513,0.115293577829256,23.1721054484525,NA,24.6388550858174,25.1115824903699,25.4304064934001,25.3151839142838
"P0AEK4",0,0,0,2,1,3,NA,NA,NA,NA,NA,25.5783840954982,NA,25.1271062272068
"P0AEM9",5,4,4,8,7,8,2.56535189079325e-06,0.000518303696015869,25.2542268766204,25.4556408963912,25.3847781976766,27.5100109182616,27.6728245731775,27.6819907434086
"P0AEP3",0,1,1,2,2,2,0.000267831277322232,0.00416251009770644,NA,22.5629916903213,22.9453552646964,24.5582119325609,24.407179092715,24.4396004495077
"P0AEQ3",5,8,6,9,9,9,2.50316523944565e-05,0.0016004414714481,26.6942237525091,27.2420776056141,26.7313483777071,29.1699523182158,29.0815720623143,29.1339464097361
"P0AES4",1,1,2,2,4,5,0.00911995786041167,0.0432534339464219,23.3573069791127,23.886973501299,24.2876649510601,24.7645346989868,25.4012940657914,26.0876887443176
"P0AET2",0,1,1,2,2,2,0.000113679493151457,0.00317234872877353,NA,22.9117883241562,23.0914577567018,25.1820386236162,25.0021383890038,25.4276756766324
"P0AET8",0,0,0,2,2,2,NA,NA,NA,NA,NA,23.9008805481769,24.444464809099,24.2748153619027
"P0AEU0",0,0,0,2,2,2,NA,NA,NA,NA,NA,22.4303908061315,24.3306387681582,24.2522181474637
"P0AEU7",1,1,1,2,1,3,0.103613331916719,0.24357522128361,22.6098653836716,21.3872925899905,24.2997957916453,25.2099579296957,23.0427719021835,26.5059987915691
"P0AEX9",12,11,10,15,15,13,3.29853890627615e-06,0.000530863425443197,28.3638185079285,28.3858737651034,28.2869671686868,30.7231872463622,30.5121967180496,30.4500688829423
"P0AF36",1,1,1,2,2,2,6.50264919925977e-05,0.00260108193059383,23.9846713823084,23.9228211689733,24.2505249981873,25.8672630446211,26.45579181182,26.4685068816314
"P0AFF6",2,3,1,8,4,7,0.00523506911773548,0.0276826291856951,23.6986421111438,23.7093117152619,21.249711983209,26.5626658617512,25.5292318631292,26.4219171876167
"P0AFG0",1,1,0,1,1,2,0.000281671298840133,0.00431127797103488,22.3954898426218,22.8108619375915,NA,24.488834510764,24.3388726140405,24.3222717486686
"P0AFG3",4,3,3,11,10,11,7.26986653543069e-05,0.00268552987875672,25.0193116961504,24.1562183529403,23.9030494412239,27.4567975739354,27.5087350076331,27.3958000822389
"P0AFG6",3,4,4,5,5,5,0.000296636049106946,0.00439251134972144,25.0617233084585,25.4543923032129,25.5895187828044,27.0356115184659,27.835556201907,27.8463698196395
"P0AFG8",1,1,2,8,7,8,0.000561542948900015,0.00600922337901266,23.8004899581183,21.7334852238989,23.1580968595127,27.0250984556576,26.5137885480927,26.493007238861
"P0AFH8",5,5,5,7,7,7,5.42503350467577e-05,0.00246796597102189,25.9773687638423,26.5960667368744,26.0072494489759,28.686259118719,28.942423015331,28.4404335861299
"P0AG18",0,1,1,1,2,1,0.0010635254472119,0.00873474314449969,NA,21.9980584664162,22.6343412268971,24.1865741457419,24.5710863026383,24.0909518173631
"P0AG44",1,1,1,3,3,2,0.060791748405441,0.171562268358341,26.2187664094437,26.4038787253701,21.4220937912624,28.2551844198373,28.1819913921283,27.3777391444814
"P0AG48",2,2,2,2,2,2,5.16915052596867e-05,0.00239535589969429,25.4025361875596,25.7500573662568,25.4640498563792,27.3097556731912,27.0448804308299,27.1325662364357
"P0AG55",2,3,3,5,8,8,0.000580639358249818,0.00613558451573187,24.4664908551073,25.9454486305779,25.1769132571316,27.6892781715566,28.5769078863006,28.4997674531104
"P0AG59",1,1,1,1,2,1,1.54018723921071e-05,0.00123483900718306,23.1764110288217,23.2163829555404,23.4243444689658,25.0135825578726,25.0280301230361,25.247125438527
"P0AG67",7,9,10,14,14,15,3.03691373855408e-06,0.000530863425443197,27.0617912282232,27.3289157302649,27.3906570446314,29.6334151449193,29.7063578644185,29.7593243644881
"P0AG80",1,1,0,6,5,5,4.5678254183343e-05,0.00223700391332416,23.1085980599019,22.5731711396373,NA,26.6489248784707,26.3732335886897,26.1885760736805
"P0AGD3",2,1,0,2,3,3,0.000364325690650138,0.00482864747534107,23.9173024171161,23.4742412694793,NA,25.5268537948581,25.7910194532809,25.9725834217972
"P0AGE0",1,0,0,3,3,3,7.40007856834874e-05,0.00270635373684214,21.6508486598653,NA,NA,25.2154514260629,25.2407908502968,25.1424375683889
"P0AGE9",4,4,6,7,8,10,5.00062469847711e-05,0.00236057526654279,25.5582528757154,26.0282510139777,26.600865281635,29.0488291981037,29.0768440332547,29.3112609515833
"P0AGJ9",1,1,1,1,1,2,0.144116615302914,0.296686370352282,22.9516635782708,21.5147642089278,23.0565246406329,22.9707079634979,23.0863445809235,24.3930822596533
"P0C018",0,1,1,2,4,2,0.443217930007877,0.592317378523305,NA,28.2569833504707,22.6687362580768,26.4310767622649,28.2965622883138,26.2090097445879
"P0C0L2",2,2,2,2,2,2,2.94435289793613e-05,0.00177046743898516,24.2645320260253,23.7738417268251,23.2986051544226,27.2538608705978,27.0380796273858,26.87240110953
"Q71UI9,P0C0S5",4,4,4,4,4,4,0.123506010254775,0.271112063362395,28.9735110150382,29.2310242321267,29.4078061517312,29.3412551656456,29.5167623886948,29.6270844357391
"Q3E792,P0C0T4",3,3,3,3,3,3,0.110152538719182,0.252036852480859,29.2775788748152,30.3087055134286,30.3351417319546,28.0736169784106,29.5508234835562,29.4333888533524
"P0C0V0",0,0,0,1,1,2,NA,NA,NA,NA,NA,22.5165491886792,21.9807137578294,24.179800680618
"Q3E757,P0C0W9",5,5,5,5,5,5,0.00132202610381928,0.0100113251130303,30.8528020722401,31.0983028021235,30.9232762870008,29.7856848893948,30.2204825138372,30.0765349358429
"Q3E7X9,P0C0X0",3,3,3,3,3,3,0.00115754463580947,0.0092953226637101,30.2714740288706,30.3042865541967,30.2147567655529,29.1736526883735,28.5456890223874,29.2393285542358
"P0C2H7,P0C2H6",6,6,6,6,6,6,0.0056021189081149,0.0292317175670334,31.4698964734071,31.53605146795,30.9482861003486,30.3379361283421,30.5977228132574,30.0437463757413
"P0C2H8",7,6,7,6,7,6,0.0305536197096944,0.106668684135697,26.4178642886242,26.7384626122898,26.9326129055675,24.7062084630599,26.0777607347028,25.9010653738348
"Q9BQY4,P0C7M4",2,2,2,2,2,2,0.285462530435001,0.451556809588824,25.6730238181507,25.5922956917988,25.642355605559,25.8505202118723,25.6363989878536,25.8308857027627
"P0CE48,P0CE47",13,14,12,17,17,18,1.61559930159498e-06,0.000518303696015869,29.2642369259579,29.5350407222462,29.4708708091237,32.0380587083406,32.2402118683647,32.2726189108357
"P0CG12",1,2,2,1,1,1,0.245293408962556,0.409870107236219,23.1434507246171,23.1376685850773,23.0924199658067,23.2256762445862,23.268996746871,23.2691991538911
"P0CS90,P39987",21,22,22,20,21,21,0.000245830077125815,0.00397279049446011,31.990588067802,32.0949317637112,32.2252468166647,31.12966315912,31.0867490685624,31.2086997791055
"P0CT04",4,4,4,4,3,4,0.00198319377498573,0.0133742168230648,27.6849935201936,27.9527239127872,27.8666039152404,26.8970601291812,26.9738309760088,27.2393499263874
"P0CX24,P0CX23",7,8,8,8,7,7,0.000637106183417848,0.00632224623269853,31.1418774415907,31.3132513574329,31.3047005165612,30.0068442547534,30.3844638906045,30.3429547826249
"P0CX26,P0CX25",4,3,4,4,4,4,0.0025949477076601,0.0163023393922776,28.4351562829008,28.3101692450438,28.5378994162435,27.1686605619858,27.6341540832272,27.7030961154207
"P0CX30,P0CX29",4,3,4,4,3,3,0.00195475230521719,0.013235192886933,29.1145820317087,28.9033236915981,29.2855405418517,27.892168250945,27.9789406138725,28.3885719819554
"P0CX32,P0CX31",5,6,6,5,6,6,0.000613711923174223,0.00623714069205835,30.5694428102472,30.7010586982648,30.6351102402909,29.3368864229442,29.7888481880943,29.6448938077474
"P0CX36,P0CX35",12,12,12,11,11,10,0.000606042022300481,0.00623087227655129,31.7778629117024,31.9210991545533,31.9911515618028,30.6922518334661,31.0798422570274,30.6771234475889
"P0CX38,P0CX37",9,9,9,9,8,9,0.000541085735176962,0.00594049910862624,31.7036764454536,31.8045085302014,31.7670018814858,30.4966442842801,30.7027071256808,30.9439397004883
"P0CX40,P0CX39",5,5,5,5,5,5,0.00017925590114953,0.00362978506659514,31.145086403153,31.2703683681485,31.2293776396163,30.225214915277,30.3322266314727,30.3079225091479
"P0CX42,P0CX41",5,6,5,5,5,5,0.000242764086908835,0.00396828933002111,30.1963847157389,30.2630229497814,30.3285032041842,29.4472638290624,29.3158854769734,29.2941206288343
"P0CX44,P0CX43",5,5,5,5,5,5,0.000126878109128127,0.00330340891343387,30.6192312686866,30.7356861721761,30.657922435264,29.4851618950783,29.6930576115995,29.6376310225697
"P0CX46,P0CX45",7,6,7,6,5,6,0.00286293119469647,0.0175068589157529,31.1241671771458,30.8826739644667,30.8392156434303,30.2403977831932,30.210343874483,30.3967393805361
"P0CX48,P0CX47",10,9,9,8,9,9,0.000326860139176595,0.00463755776118254,31.5174618684611,31.5400553976983,31.4785635316783,30.3688327828846,30.6488381289843,30.622536078947
"P0CX50,P0CX49",6,7,6,5,6,5,0.0304050267173873,0.106472014203412,31.9586859438626,32.1188204469004,30.9216458158826,29.6277652288695,31.1291832494531,29.7175594220237
"P0CX52,P0CX51",6,6,6,6,6,6,0.000143026540497966,0.00346140572682198,31.3556006244176,31.0961288404526,31.225760758194,30.1778461659144,30.1765405737577,30.1198991751773
"P0CX54,P0CX53",4,4,4,4,4,4,0.000271690201207789,0.00420953130767038,30.5594559571257,30.3499784190752,30.45211870139,29.4355434225491,29.5750511219363,29.5483629944192
"P0CX56,P0CX55",10,10,10,10,10,10,0.000390305660281749,0.00495335148262089,31.7116344161501,31.7457063776952,31.7164562761748,30.6303583706119,30.9149973548023,30.8628191949654
"P0CX83,P0CX82",6,5,6,6,5,6,0.000508787334351665,0.00582740323312984,31.4216467452634,31.2937013875118,31.2188931047723,30.3077671200977,30.5536440026186,30.3250415769188
"P0CX85,P0CX84",4,4,4,4,4,4,0.000231065113738117,0.00385648825347984,30.5228170136009,30.7278442773731,30.6833760755488,29.7353400986426,29.7088125213492,29.7182956631033
"P0DMN0,P0DMM9,P50226,P50225",2,2,1,1,2,2,0.700241783725652,0.800933253985115,23.6435580383971,23.6977046544466,22.5838803139654,22.8638466999942,23.5898091597917,23.9856275289258
"Q5DJT8,P0DMV2,P0DMV1,P0DMU9,Q8NHU0,Q5HYN5,P0DMV0,P0DMU8,P0DMU7",2,2,2,2,2,1,0.615908364625937,0.734234871306493,25.4301579078534,25.475071335599,24.767835646039,25.6457474367827,24.8154062415136,24.6817391178667
"P0DMV9,P0DMV8",27,27,27,27,28,27,0.410200921358072,0.565019049299052,32.8500394834637,32.8379704084837,32.6989537712369,32.8192660309752,33.0103538148292,32.869704424489
"P0DP25,P0DP24,P0DP23,P27482",6,6,6,6,6,7,0.188506824569747,0.350183144870096,30.7885899563412,30.43009205674,30.7374436902509,30.9022227427033,30.7627223987741,30.9342684067285
"P0DPB6,P0DPB5",3,4,3,4,4,3,0.292458657228214,0.458986423238179,26.469941258692,26.5167576619601,26.4281604036621,26.5340772107701,26.6067051982031,26.6370146733687
"P0DTT0",1,2,1,4,4,4,1.91551043996987e-05,0.00140715290820471,22.7048022685125,23.1471076927614,22.299867198641,25.6605266440357,25.7454131404253,25.7999431640365
"P10080",8,8,8,8,6,6,0.0019930716246964,0.0133869744366244,29.3712821218663,29.276256299212,29.1765608749823,28.2681962355367,27.1224478709679,27.3816173592923
"P10081",11,11,12,10,10,13,0.000331645891529004,0.00465317610586944,31.2581369869531,31.2312322638493,31.388752542578,30.503677206288,30.3587677608381,30.412368173757
"P10155",9,7,12,9,8,12,0.566589355613598,0.69447100129555,27.8023068350957,27.0813353149952,27.8672063979529,27.7886310519441,27.4629370884424,27.9854848260948
"P10398,P04049",2,2,2,2,2,2,0.351014935778719,0.514951042874908,24.0321250070243,24.335521237979,23.3424794148933,21.9804920501152,23.7793223408399,24.0832756660191
"P10515",14,13,12,12,11,12,0.200503411283264,0.363772532468307,29.2327346426156,29.0735111516732,28.7952149152686,28.9921076792287,28.7077999944204,28.6645566280429
"P10591",22,22,22,22,22,22,0.000186592584819851,0.00362978506659514,32.5320643514778,32.4179372723533,32.3959684853694,31.5815507670232,31.49350571611,31.4834298543025
"P10592",7,7,8,7,7,8,0.000572527705570128,0.0060752887412494,31.3779915222289,31.2807426764129,31.6631359544362,30.5394233374548,30.3984101119031,30.3863540084601
"P10599",6,6,6,6,6,6,0.62337546809407,0.740689129462044,30.3346730991603,30.3636886422205,30.318441890693,29.2257550987677,30.6532952721025,30.5216712909841
"P10606",3,3,3,4,4,3,0.960932503513278,0.973966407993867,28.2378785720831,28.5367409356215,28.5142455420915,28.5039667185036,28.7003007911405,28.0530414474323
"P10614",3,2,2,0,0,1,0.0652841793342277,0.180093058338167,24.9611231409242,23.5684818555948,23.1558630764993,NA,NA,21.7426329232734
"P10622",2,2,2,2,2,2,0.0005275713840099,0.00588247916254747,28.850150088643,28.7953656195924,28.8439802847655,28.0988414343238,27.9247336852089,27.7727354959112
"P10644",4,4,4,4,3,6,0.983064708444338,0.987758074866192,25.7289836070804,25.5992631652006,26.2159082527205,25.5086443010933,25.5145904859291,26.4987322266946
"P10659",13,12,10,9,8,7,0.00326417412961164,0.0193286559538903,28.7363923052469,28.3766967618064,27.6740807886321,27.0405324579718,26.383688655709,26.1992158952718
"P10664",1,1,1,1,1,1,0.00144743466824263,0.0106885855399028,28.0855915772418,28.3493214208669,28.2448180664377,26.8095379374783,27.4022187962395,27.2092890930332
"P10746",3,3,2,3,4,3,0.00361266912969504,0.0208305842169973,23.9222985955436,24.0484501795587,24.0378796895597,25.3047944804903,25.0517475486315,24.5878007162869
"P10768",10,10,10,10,10,9,0.786524849878238,0.858970165780536,29.7147243655913,29.6801228739899,29.7498162662549,29.6702946791081,29.5215131391177,29.8444602296309
"P10809",28,29,29,30,30,28,0.259800587685067,0.426471487941915,33.1588769388097,33.2673525740806,33.1859434943835,33.2938762274623,33.3529878991946,33.3553580579422
"P10869",4,4,4,1,2,2,1.03790599639692e-05,0.0009531751250547,24.8664171415731,25.0013483326612,24.9019914164837,23.3150085674828,23.3750873469736,23.4027021004147
"P10964",9,10,7,6,6,5,0.000932919089350189,0.00800029595977556,26.4884860671964,26.5915057285459,26.3370530501494,25.5120849916163,25.4259045109648,24.9556372425108
"P11021",23,21,22,24,21,23,0.125744315222501,0.274119350966272,31.0408398922669,31.025744951552,31.0080099809896,31.2256875868914,31.3478723964142,31.1151318529528
"P11075",9,8,8,5,3,4,0.00206879859294966,0.0137132568149458,26.475203436212,26.4357251352755,26.4157215328474,24.4935792764867,23.3175621557083,24.8994432866087
"P11076",7,6,7,6,5,7,0.00644782626291191,0.032830615376984,26.0572108082078,25.4438174707403,25.8477298226972,24.7660210022943,NA,24.2341428720999
"P11142,P54652",25,24,24,25,24,25,0.13866477997786,0.2913990250467,34.3362532370828,34.3651563447795,34.3644094236595,34.5565000460065,34.5206069314434,34.5049124707728
"P11154",1,1,3,0,0,1,0.90956234566136,0.937575455394226,23.0285339091973,25.1362473772289,26.1145784736707,NA,NA,24.9249252268772
"P11166,P11169,Q8TDB8",4,5,5,5,4,5,0.662479988447724,0.770294968570922,26.5784434620862,26.7673859240089,26.687105921428,26.7899612570499,26.7260638178958,26.6723979851345
"P11171,Q9Y2J2,Q9H4G0",17,18,18,17,19,19,0.784824732292289,0.857786277830002,28.9471273845042,28.6958567447494,29.241975469082,28.4734054380534,28.7815005756791,29.3893426524016
"P11172,P03962",7,9,8,7,8,10,0.205457051178,0.369310877402162,27.1192669949888,27.0972488398245,27.0591108887845,27.3418034440971,27.0518948701464,27.5784778501564
"P11177",8,8,7,7,7,7,0.494799741204668,0.63642309468418,27.6367198538201,27.3543871583461,27.1455859351629,27.4687124091638,27.6995565584488,27.3555897579751
"P11182",0,1,1,1,1,2,0.0264880374118103,0.0958388803488925,NA,21.3750881742102,21.8752534885532,22.619744007976,22.4654093211724,22.1315643239114
"P11216,P11217,P06737",4,3,3,1,2,4,0.410133885900706,0.565019049299052,24.7287839991209,24.5329721024334,24.4974604940228,23.2029078829894,24.3435337317521,24.9971600546349
"P11233",3,4,4,2,4,4,0.382606935474386,0.542383701900787,23.616070320545,25.1453257366238,25.296608633067,20.4107311830088,24.5981053789193,25.2154558803122
"P11234",1,0,1,1,1,0,0.211439067979134,0.37529939914163,22.7700627315806,NA,23.0302245988573,23.0409696092662,23.5191086394324,NA
"P11274",5,7,7,5,7,6,0.561395773660137,0.690769805787418,24.7989696169484,25.9235471618826,25.848726700017,24.8175012628933,25.8997280852005,25.0727593739443
"P11277",11,11,12,11,13,15,0.0132268292409238,0.0570040226074283,26.4903375970617,26.3095764250213,26.5566032241681,26.9427239173934,26.8266146615158,27.2284518956696
"P11279",3,2,3,3,3,3,0.120589649101269,0.26715192464482,25.6717486844769,24.9619696864213,25.8923354584489,25.8784095677783,26.1353428787717,25.9566775326014
"P11310",9,11,10,10,10,10,0.581464928341572,0.706854236595254,28.3410532517252,28.3447872849571,28.2581248140455,28.5631703439325,28.406353560076,28.208153903341
"P11353",2,1,3,0,0,1,0.0848603284748619,0.213964325157718,24.0152022493504,24.4386655701986,24.9330158099442,NA,NA,23.4557015952581
"P11387,Q969P6",9,8,10,10,8,9,0.453798864208944,0.601174507812505,27.3252029078669,27.181111285825,27.3058676182226,27.3397088952928,27.329950488417,27.401694109174
"P11388",4,6,4,6,5,4,0.689045328881321,0.791352422960335,24.737540727735,23.8606592617044,24.4402500219394,24.5475352034946,24.5995842389361,24.2177833405813
"P11412",15,14,15,12,10,13,0.000224099368975006,0.00381965874674084,29.2493298798599,29.1245966743654,29.2142832850626,27.8584283191941,28.2257973176182,28.0867387903484
"P11413",23,20,22,23,22,23,0.133133599737578,0.283977116669977,30.9626698768398,30.8385557198884,30.9255076477346,31.0420514801758,31.1278736265513,31.1133254611233
"P11441",7,7,7,7,6,7,0.115958686682649,0.260661916526062,27.0802371009831,27.415642174686,27.0026503995245,27.3244570043076,27.588760308389,27.469148546103
"P11484",2,2,2,2,2,2,0.00236020677099529,0.0151679990015909,28.9562293989057,29.0775056748097,29.1453996781553,28.4295300884215,28.1007758259554,28.4222862394197
"P11491",3,3,4,3,3,4,0.0116688752080211,0.0521588395360306,24.7630509557439,24.8169744514711,25.2034932647723,23.6695126477207,23.816909591057,24.4701105080179
"P11498",4,5,3,6,4,5,0.169985398467772,0.329216352630642,27.1090056522558,27.1651888858714,27.0723214326334,27.1710185495021,27.3590158383971,28.3784379929769
"P11586",24,29,26,28,24,26,0.376574805552162,0.53731054882598,29.4902366657714,29.865098861953,29.6786644145398,29.8087449508025,29.6655821732444,30.0189366183259
"P11717,Cont_P08169",23,24,28,26,26,29,0.0779894636610399,0.203054010799955,27.8803735310605,28.1634872762304,28.3592011527534,28.3954610501741,28.509405664672,28.5047191132347
"P11745",8,9,10,6,7,8,0.000294067966432568,0.00439251134972144,27.7326287199576,27.5238270082753,27.7165468270618,26.3755518897821,26.5259301566117,26.7223077033133
"P11766",8,9,10,8,8,10,0.221510953866284,0.38431837130012,29.7923981413394,29.8451727059102,29.9013836811519,30.2326247674207,29.8292134184492,30.0613827106104
"P11802",1,1,1,1,1,1,0.862189434141269,0.90954862820542,23.6462178305608,23.6118811418523,23.1058239410669,24.201502517846,23.0732826745669,23.2752156842586
"P11908",12,11,10,12,10,11,0.779635259126667,0.853845987391326,27.4937650662792,27.817122286979,27.4762122984074,27.3428993762965,27.5570213628209,28.0905348589532
"P11938",4,2,2,2,1,2,0.0170316742096724,0.0691217672708751,26.2328100520211,24.1047596862521,24.1931185973046,21.1914671661279,21.4934202941935,23.4425737308059
"P11940,Q9H361,Q4VXU2,Q96DU9",24,23,23,22,21,23,0.809734352623715,0.876171425686029,30.9602428842945,31.0304772532399,31.030260464935,31.0593532050539,30.89109436962,31.161772416981
"P12004",12,10,10,10,10,11,0.189528631548251,0.351306098330354,30.7506471853686,30.8125084932899,30.7803246199896,30.8575223444508,30.9481066972289,31.0170055912347
"P12081,P49590",12,10,12,12,12,12,0.107397363915002,0.248153744343402,28.6953916311792,28.435484413857,28.4628545278535,28.8286178373516,28.6572546157622,28.8657710655044
"P12235",3,3,4,4,3,4,0.352298409774331,0.515838911702245,25.0310153126878,25.2928170401345,25.6796251285598,25.410982009165,25.4043741983502,25.8871864117063
"P12236",11,11,11,11,10,11,0.14168474358002,0.294748616071945,27.6405902144741,27.4378554877367,27.4836966034591,27.7970156582203,27.7060458628946,27.6564163377034
"P12268",21,21,20,21,20,20,0.0759955945000409,0.200445821315774,31.2371144161549,31.3249482561484,31.3220171177233,31.6088294271218,31.4864265882783,31.4865393548682
"P12270",54,57,56,57,58,57,0.0649880201172012,0.179570289722091,30.7159117393701,30.7434856720132,30.7710988278621,30.9772029798895,31.05295330112,30.9189384455902
"P12277,P06732",17,19,19,17,18,19,0.382693075260158,0.542383701900787,31.7271522381086,31.8289984969296,31.8089930758264,32.0736019746402,31.8416227012853,31.8030553074541
"P12385",6,8,6,4,5,4,0.000198456409032931,0.0036835500876168,27.5472989080872,27.5455307700904,27.2358263854538,25.7916697205493,26.2291994019543,25.9972409435946
"P12532",2,1,1,2,0,1,0.814161168751625,0.878890374730596,24.460046262637,23.6517411110671,23.2294362170983,24.6688136213685,NA,23.1867685180256
"P12611",2,1,2,1,1,2,0.520664656710452,0.657633703687045,23.4009979613819,22.4788407830514,24.0341645316543,22.5444206503964,23.0570710259911,23.3997678044047
"P12612",10,8,10,7,5,6,0.000176302746409703,0.00361993972404638,27.5128529123522,27.338658221138,27.8232232031797,26.0120050619013,26.2404461820659,26.1384091235087
"P12688",6,7,7,5,3,2,0.000657383258079358,0.00647259812194705,25.6594736510703,26.1109746371653,26.0888944634428,24.1267478376148,23.9090289846123,22.9663867131448
"P12695",10,9,8,7,6,7,0.00151813733291447,0.0111076346752366,28.2922465724683,28.1074302161728,28.0680914835888,27.3161615608399,27.0522631081305,26.6363656001401
"P12709",19,20,20,19,19,20,0.000224132553113192,0.00381965874674084,33.1383762204789,33.0338885534482,32.8111473267402,31.9703292579108,31.8720999055991,31.9006086704064
"P12754",1,1,2,1,1,1,0.0055912851200909,0.0292053579540632,22.0094856289573,21.7133295314196,21.6018502475983,20.9275404898492,21.2582436062962,20.8968268042747
"P12758",0,0,1,2,3,4,0.00746502156043831,0.0366788170250719,NA,NA,23.1104453536667,25.004696064524,25.8571999706697,25.8816103703371
"P12814,P35609,Q08043",13,14,17,18,17,19,0.0841784387197876,0.213339334658127,28.1897961708575,28.3008360086284,28.6179103834607,28.7283809235675,28.6079247983844,28.7109779410136
"P12829",9,10,9,9,9,9,0.561162115831892,0.690769805787418,28.654693359933,29.1131607608506,29.0707965921215,28.9894698908631,28.9252363722513,29.2556286855957
"P12904",0,1,1,0,0,2,0.00372753721479494,0.0212961740424357,NA,20.9923242343846,21.432031427816,NA,NA,24.3156056268916
"P12945",7,9,8,4,3,6,0.00025782004257031,0.0040568505763945,26.1923318000905,26.4664798444396,26.2746593965,24.9238060918042,24.6585612368053,25.1686391279023
"P12955",0,1,2,1,0,2,0.278067838963139,0.444053520115709,NA,24.2163829555404,24.3886441374964,22.3196797971312,NA,24.3399202032751
"P12956,P51449",19,18,19,20,20,21,0.0347816385092636,0.11704334184563,30.7515246837479,30.7344287388824,30.87010233221,31.1055048928325,31.052646589444,31.0750987037274
"P12962",3,3,3,2,2,3,0.000366139770947462,0.00482864747534107,25.3706151739828,25.4550981625646,25.3712501903774,24.5890373110063,24.6413026715335,24.6407994396305
"P13010",24,23,23,23,22,21,0.122792105637727,0.270249640773926,30.891768944878,30.9839113383134,30.8319683215316,31.0613217212902,31.13281486553,31.0948407788987
"P13029",1,1,2,5,6,6,7.51220664702296e-05,0.00271029684100807,21.7333509532241,21.9666913476065,23.2365415684227,26.6900613086082,26.8936310070741,26.3577019343821
"P13073",5,5,5,5,5,5,0.747996456236044,0.833656244582581,29.1057427825658,28.2590835700741,28.3234630249954,29.0664574854186,28.5295140114782,28.3986352825412
"P13188",17,19,18,12,18,15,0.00118845867513287,0.00939421716446965,28.5035905910525,28.7128404016534,28.6421385385147,26.8494830781145,27.5734485427651,27.4689298289121
"P13298,P30402",6,4,4,4,4,4,0.000360057791156169,0.0048171040259762,26.927352084854,26.6735768614849,26.8132527708733,25.4162165922764,25.7352664710354,25.792900908237
"P13473",4,4,4,4,4,4,0.064501917104212,0.178422334771837,25.5975435397505,25.5312481294496,25.8390748920703,26.0025541276141,26.0258818052613,25.8581754614511
"P13489",15,16,13,16,17,15,0.023083839348352,0.0871423561648175,30.0189385934029,30.089095412177,29.9280965221594,30.2855288536092,30.3956316320039,30.3738504762487
"P13517",3,3,4,2,1,1,0.000399481217720283,0.00501714411917743,26.1395732872295,25.9051676265933,26.4263899748251,24.702984146502,24.0174072857716,23.9283230029199
"P13586",4,4,4,0,3,2,0.0232697803429755,0.0875135246821447,25.6518837385678,25.4396260953757,25.6447236202477,NA,24.8384769987309,23.503409823349
"P13639",42,41,42,42,41,42,0.715986498897989,0.813280566678676,33.9784590203981,34.0110648128834,33.9703892464154,33.8146503350081,34.1655023023052,34.1371502182283
"P13663",11,11,11,10,9,9,4.13707756704924e-05,0.00213432572798872,29.6435050950435,29.5923234560752,29.6089027684057,28.4481668086314,28.3798502309044,28.4933298731445
"P13667",22,22,24,22,23,20,0.038201950579157,0.124649904635221,29.56902475029,29.5638011934431,29.5740377707662,29.8519520526979,29.9046851498188,29.7825220042744
"P13674",6,4,6,5,5,5,0.195950454230391,0.358333274611742,25.2514107775256,24.7094482500692,25.563088039414,25.3067973439816,25.7728721065706,25.5793696287496
"P13693,Q56UQ5",4,4,4,4,4,4,0.375391972420184,0.536719566438249,29.5414659013236,29.4482898886948,29.3415330797876,29.6230980974377,29.6380231355248,29.4276794279408
"P13796,P13797",28,27,26,28,28,27,0.128463294810319,0.277364175462906,30.8784146344202,30.8195093161438,30.7591110958663,31.1672692267777,30.971983174632,30.9488491690554
"P13798",11,11,11,11,10,12,0.0300087101163923,0.105332866433563,27.868968258403,28.0431154026911,28.1528930351051,28.4067958692061,28.2960441347181,28.4659008342272
"P13804",9,11,11,10,9,11,0.129365795478594,0.277463538412898,29.511527438779,29.7497918639942,29.762960716264,29.9369624138117,29.8002384517615,29.967225216786
"P13807",1,0,0,2,1,0,0.164891925577681,0.323569975172054,21.9631123627651,NA,NA,23.9297064758338,22.6706996378228,NA
"P13861",6,5,6,7,5,6,0.540968315545973,0.674210090639858,26.465464391143,26.2459420537974,26.4930953014614,26.6581753230799,26.3331057782904,26.491141715596
"P13984",2,4,4,7,4,5,0.436720910764461,0.586995590939873,24.9930061407181,25.5576777417251,25.3765637820687,25.9805227776806,25.465667369883,25.1490054015627
"P13987",2,3,2,3,3,3,0.0596229157972594,0.169838974359889,22.9955967607672,25.2202209334381,23.8876910031262,25.1083521030839,25.5056907793957,25.4523423087332
"P13995",4,7,6,7,5,5,0.251061284294835,0.416593477980687,26.7893763245651,27.2557762860097,27.1430176084004,27.7946874393829,27.1383752836837,27.1645212237814
"P14020",11,10,11,10,10,8,0.0488622130336028,0.146906570257576,29.0884836422861,28.8603416240082,29.194815565601,28.7419260303525,28.3914417259713,27.5162661190549
"P14065",5,5,5,3,3,4,0.0108995687989898,0.0494642605603751,26.299244049599,25.4823340899411,26.278906999475,25.2295253438098,24.5500327490662,24.9578833300975
"P14120",3,3,3,3,3,3,0.00264615845407491,0.016562263136967,29.2005805077583,29.778545397946,29.5145500315401,28.6138214743471,28.5227980356658,28.6728095099051
"P14126",15,15,15,14,14,15,0.000208611228746867,0.00378354778298094,31.8877436877983,31.9483800191195,31.8650526199709,30.6204302395605,30.5672350994063,30.9442019609945
"P14164",2,1,2,1,1,2,0.301884011716657,0.467895462110599,23.8387270153047,21.6727508282303,24.038022389366,20.8232123304515,21.9283945986327,23.6058433136688
"P14174",2,2,2,2,2,2,0.00546682208580646,0.0286879600429904,29.8883900797947,29.8036761132697,29.7249640883172,30.2804678988716,30.2522151174295,30.2800399970685
"P14306",5,5,4,3,4,4,0.00702133314578588,0.0351077440892851,26.8886932256475,27.0891391361709,26.0858953113816,25.2975363959076,24.9353000888698,25.7059942135182
"P14314",11,11,12,11,12,13,0.221371133141345,0.38431837130012,28.9579334534854,28.9934506662306,29.6462835644024,29.3514142447134,29.4551375293958,29.7689650949804
"P14317",6,5,5,5,4,4,0.670863188960573,0.776117720439728,25.8292357407494,25.9393690617347,26.0190267648916,25.8861940110219,26.2986744285221,25.8255884830143
"P14324",5,6,6,5,5,6,0.466769262189517,0.612377024238766,28.258914776719,28.8841236876348,28.8281053371434,28.9965460615661,28.583547044493,28.9095945157884
"P14373",4,1,1,2,2,1,0.142605252013332,0.295594117147216,23.4632035964002,NA,22.8695717206299,23.8837864180411,23.5445988630156,NA
"P14406",2,2,1,1,1,1,0.105266449540407,0.245702789569592,27.2896874460993,26.9007103158126,26.1639604828636,26.01760611733,26.2793012741883,26.2989847767348
"P14540",14,15,15,14,14,14,0.000450612553232314,0.00533126035274947,34.5875784939809,34.5534574948851,34.6996674772714,33.6617367995849,33.830103983403,33.8303586996792
"P14550",12,10,12,11,11,11,0.609683684188543,0.729223842963848,27.8958226897056,27.7727859117515,27.9797576747069,27.8328434630233,28.0856252116536,27.9355484739432
"P14618",28,29,27,29,28,30,0.0879294417715191,0.218676322199874,32.4852232801874,32.5130755250524,32.4183660733862,32.7495812013679,32.6677867503838,32.6471911895996
"P14625,Q58FF3",28,27,27,27,27,27,0.718396120567826,0.814787682721541,31.2192105205881,31.2694039997698,31.1452547949673,31.2194629398124,31.246326558067,31.2870354611104
"P14635",2,1,1,1,2,2,0.155625258957262,0.312301622166519,25.4542628062217,24.1464355150291,24.2077809063286,24.6391444056847,25.8027392174945,25.7889814264306
"P14678,P63162",8,8,8,8,8,8,0.118315604170941,0.263962949058049,29.5720479766836,29.7378491859668,29.6704896705313,29.9150406525129,29.8941788832948,29.787865460901
"P14735",7,7,8,6,8,10,0.890440434044223,0.927343223166468,26.9337987864917,26.7393544034113,28.4114595059932,26.8054385491234,27.3084287450654,27.7505937784489
"P14742,Q6P9B9",11,11,11,7,11,10,0.00172172282364357,0.0120951627012846,27.9975579808212,28.0683526941901,28.1232297623991,26.7951533838295,27.1957234741381,27.3372547077711
"P14743",2,2,2,2,1,1,0.0112174031179312,0.050451312964501,24.6440420018504,24.6948112260967,25.1495371906025,23.8778597811626,22.6328317243809,23.7941584836158
"P14747",3,4,3,2,2,2,6.12730291789944e-05,0.00260075689397564,24.2957447409275,24.1904017218033,24.2635811510128,22.7245363443909,23.0120260067746,22.9752838248376
"P14832",6,5,5,5,5,6,0.000161319743407643,0.0035216181195241,31.9145910013886,31.8691785961412,31.840909979514,30.8371628064786,31.0042208233697,30.9150636429658
"P14843",2,2,1,2,0,1,0.0259910449388263,0.094449735452961,25.4753904095847,25.745648127837,25.0971529289401,24.8047156183695,NA,24.2484172926923
"P14854",3,3,3,3,3,3,0.177198142836581,0.337263735673273,27.7945624441933,28.0153594556991,27.8918914232431,28.4625381433555,28.055817904626,27.9699583270763
"P14859,Q9UKI9,P09086",1,3,2,2,2,3,0.555177359152661,0.685959109853252,22.421496342985,24.1839309075101,23.6568542366561,23.6905779462848,23.2500659024474,24.2938407703761
"P14866",20,20,21,20,20,21,0.157877243166241,0.315742878825933,31.8358984291203,31.8091280296778,31.5850591534529,31.888087507931,31.9712936952409,31.9626045561322
"P14868",28,28,28,28,29,29,0.284543073606825,0.450748756041698,30.8583521618402,31.0234015682475,30.943354414222,30.9858390252103,31.2180229081329,31.0514964216692
"P14904",3,4,2,2,2,3,0.0463698144007066,0.142035311749904,24.8153373520866,25.5660963012654,24.4926788791635,22.5835991661758,24.0940909982825,24.2039021111347
"P14906",6,6,7,6,4,6,0.736841594258229,0.826512745413794,29.7004900135481,26.4332472233366,26.9619587988868,29.9868272707941,24.9143864359217,29.9474762010657
"P14907",6,7,8,5,4,5,0.00116951183768367,0.00932036943936167,26.1537894598033,26.269917123995,26.4484327986884,25.4960174732789,25.5860161565604,25.3530953020898
"P14922",5,4,4,1,1,4,0.00697512946779197,0.0349171248184512,25.4031081323788,25.2746616195219,25.1782086353783,22.8636245794659,22.033909124673,24.2094287469746
"P14927",4,4,3,4,4,4,0.909739795561474,0.937575455394226,26.893662110022,26.9825467761143,26.9005010289122,27.063680400748,27.2431582179422,26.3836763289731
"P15019",16,16,16,14,13,15,0.000372320589432132,0.00487053758388213,31.0257586904113,31.2385438182465,31.2730348996623,29.5538646767171,29.2670701750957,29.9762300300472
"P15104",6,5,6,5,5,6,0.0905490912074958,0.223032923287245,27.2667924567435,27.1280481505243,27.4674974748455,27.4712658523806,27.5332121027138,27.8523629708136
"P15108",30,30,30,28,27,29,0.000378843219795437,0.0049085526286293,31.3178874558785,31.2375086211045,31.3299608401162,30.2444019351971,30.4609969263967,30.4793186438945
"P15153",2,1,1,1,2,1,0.741671989876097,0.829951103363101,22.998986949365,23.475633367233,23.2424979988658,22.9108471693822,23.3947191239382,23.6597801740605
"P15170,Q8IYD1",13,13,17,15,14,15,0.295483086287126,0.462355969280135,29.5768086306551,29.5824955316021,29.9006481751249,30.0204981400853,29.7481735834235,29.8113456453054
"P15180",16,14,15,12,11,10,5.61900785324724e-05,0.00246796597102189,29.2771401878949,29.1525450052317,29.045401214458,27.8333397827375,27.9609444547232,27.8811392468845
"P15254",2,1,0,4,2,5,0.00948986422067346,0.0445891201661597,23.1485590060078,22.3073771119089,NA,25.1428541343452,24.0142857667547,25.1523507828667
"P15274",8,7,7,5,3,2,0.00159418240062548,0.0114546149649409,26.5115937413878,26.5900233805697,26.4604608955654,25.0341566293593,23.5690976550251,23.4318411177706
"P15288",2,3,3,9,9,8,7.77659816927452e-06,0.000801808315132431,23.2756466777749,24.146099308684,23.7015017552999,27.2593588722775,27.3555388646755,27.3542483398953
"P15303",15,13,12,11,11,11,0.000357526839598761,0.0048171040259762,28.2528790079966,27.8888535095973,27.970628726474,27.0093720627905,26.9824873014225,27.0253960868511
"P15311",14,14,13,13,14,13,0.0970108648579281,0.233334227808283,29.6530037355037,29.4058108673098,29.3433024383135,29.8835673465897,29.8221770060085,29.5817011853509
"P15374",7,7,5,7,7,7,0.062253638135151,0.17437899953674,27.6554436694157,27.6124045034964,27.3049043642626,28.0478825377616,27.6845115282795,27.9896581451708
"P15424",2,3,3,0,1,1,0.362570659475489,0.526097183638653,21.1916036509801,23.7681726340389,24.0764608635523,NA,21.9067066599663,22.1830185996928
"P15454",6,6,5,6,5,5,0.000159814427836093,0.0035216181195241,28.2403311567459,28.5070049469794,28.3395444768576,27.1698961789454,27.2682065612795,27.3326142694108
"P15496",4,4,4,3,2,1,0.0309822519675878,0.107628166910788,25.2886044868478,25.9742374944496,25.1936310999889,24.6027433011266,24.5704694294376,23.0000853493105
"P15531",4,4,4,4,5,4,0.144474563308065,0.29700489184739,30.9726382867565,30.9974864404806,30.8740419886569,31.0946037909823,31.3379642545202,31.0579938280836
"P15559",5,4,5,5,5,4,0.84356833306084,0.897023926376906,27.1587512601551,26.821234484654,26.9414127700027,26.8973314144473,27.162225816423,26.952178090206
"P15565",3,3,1,1,1,0,0.0100136203939679,0.0463600335563079,24.8933822689813,24.5092222192168,23.4150349602171,21.9600261916749,22.4357602874916,NA
"P15586",2,1,1,2,2,2,0.341822010658682,0.506307721888732,23.8925678771782,NA,22.0022372278174,24.1346854031255,23.7251711086574,23.077900901596
"P15624",15,14,14,12,10,7,0.000122463211834803,0.00325558780514522,28.6524400873369,28.8515275181486,28.894479704106,27.6870831235244,27.5334758897096,27.4089329354041
"P15625",12,11,11,11,9,11,0.00122847892829234,0.00957568991790838,28.7830046823052,28.568168192143,28.7005498698205,28.0028314986563,27.9685731222977,28.0485599654966
"P15639",3,4,6,9,9,9,3.90755475731053e-06,0.000581546826109374,25.7842263804703,25.5510648025174,25.6487006315866,27.7464129522278,27.8826985819971,27.7178969124915
"P15640",3,3,3,4,5,5,0.000207001300548997,0.00378354778298094,24.1518127136057,24.3398199712554,23.5920479501343,26.7046282082422,25.9748932004541,26.4623381979613
"P15646",7,8,8,5,6,6,0.000294425723291843,0.00439251134972144,28.6983800121035,29.1353499418594,29.0181273530023,26.9104278891062,27.5768652288875,27.104869507294
"P15700",4,2,2,1,2,2,0.016053941003262,0.0660867612122871,25.5342392272387,25.191770595547,25.2106322710638,22.6338010605347,24.2536568247539,24.2433111252579
"P15703",4,4,5,4,4,4,0.00318589443346534,0.0189763594144262,27.152599485478,27.2602878717413,27.4337976628363,26.4407689037238,26.7295370454507,26.622536078947
"P15705",16,15,17,12,16,17,0.000470808403166422,0.00550250612413714,29.8191292484556,30.0031825968674,29.9413889299114,28.8272658665608,28.9867639573004,29.125899842507
"P15731,P15732",1,2,2,1,1,1,0.00987196940513022,0.0458724171714009,NA,26.7642128799035,27.0341108775956,NA,25.7653151934974,26.0222395294721
"P15735",1,1,1,1,0,1,0.871817020729413,0.91606985057297,22.6467974977651,22.7530629820125,23.066771994636,NA,NA,22.7781476205193
"P15790",1,1,1,1,1,1,0.303285423002781,0.468804577040393,23.5955745019211,23.4989904826728,23.6939143108495,23.18820699713,23.6197994462068,23.4628654666671
"P15873",8,8,7,8,7,7,0.00511804120222298,0.0272118169604508,27.6241264829295,27.4562105472529,27.1518632006401,26.804339551164,26.6173294605858,26.396306229141
"P15880",11,11,12,11,11,12,0.719225449056016,0.815079143635167,31.224276390836,31.360160052045,31.3150417988926,31.0813829551907,31.4820484928874,31.5137414705017
"P15891",21,21,21,19,17,15,0.000106134163455365,0.00304905986253359,30.1000493920191,30.2459655857829,30.1477364957643,28.7341635811226,28.994321543331,29.0241809350916
"P15923",1,1,1,2,2,2,0.230146316450356,0.393656974057144,23.7405421551749,23.6292089854309,23.2993196546638,23.5417853368937,23.8806680078861,24.0123680575162
"P15927",7,8,7,8,8,7,0.126004330055415,0.274292838309366,28.7923469768001,28.7465521225142,28.8448472124067,28.9783894991005,29.0195870820127,28.941682289935
"P15976,P23769",4,3,4,5,4,3,0.576146991314721,0.702084078331098,25.9360236422047,25.5900728167155,26.0862231083967,25.6418993422921,26.0148652686083,25.6143852378262
"P15992",10,10,10,10,10,10,0.000243753047414965,0.0039711616617967,32.4066843440757,32.2723433103336,32.3087720080583,31.5132226922198,31.385073059655,31.3993719054359
"P16083",4,7,6,4,6,6,0.890037434946679,0.927343223166468,26.5713364974451,27.3492849121922,26.8267379391822,26.972640230907,26.8715435785737,26.9980697940497
"P16120",16,17,18,14,14,15,0.000303333864539791,0.00441538717518871,29.9303930623421,29.8871445124151,30.0829720386708,28.8710180571171,29.0621092242855,29.0682570071971
"P16140",23,22,21,21,20,19,0.000342862077203083,0.00474464753959664,30.8175379327576,30.8922905004433,30.7594491931801,29.9987443399645,30.060050768693,29.9705764262856
"P16150",4,4,4,4,4,5,0.225822792744951,0.388666451271165,26.8167332315891,26.9355611435013,26.9974313656648,26.8365263389617,27.279154463816,27.3287625867201
"P16152",7,7,6,7,6,7,0.104955924994259,0.245227340325707,25.9220990802562,25.9845602287634,25.9923038525902,26.5262224338129,25.9451949552327,26.9076861709599
"P16157,Q12955",36,38,39,37,39,40,0.0788020802007787,0.204723411680372,29.184659526671,29.6864225777625,29.6389080092253,29.868443157668,29.8618079802745,29.8514683802081
"P16220,P18846",2,1,2,3,0,2,0.0570877546797398,0.164583475392332,24.3801605534017,24.7820874568726,24.8569601487507,26.2259873154986,NA,25.0907623057518
"P16278",5,5,4,3,4,4,0.484176544654308,0.627875668048501,25.2110296689783,25.4115638426195,25.4313960312468,24.3027069101644,25.742099708371,25.1776609238987
"P16333,O43639",2,3,1,3,2,2,0.77558073236936,0.85110380393647,23.4185009121725,23.7948402643969,22.1352550673393,24.4436323171252,22.6845495351126,22.7992891950238
"P16387",12,12,13,9,8,9,2.13979970785969e-05,0.00149936191899558,29.0161372429287,29.1033662837929,29.088687825416,27.5541227847849,27.2076740766349,27.2911546623124
"P16402",1,0,0,1,0,0,0.392197862030922,0.550275389199496,23.1054386033648,NA,NA,23.465649617292,NA,NA
"P16403,P10412,P22492,Q02539",4,4,3,4,3,3,0.245565992942908,0.409870107236219,26.3677062369996,26.3969721558803,26.3079105507745,26.1537727288336,26.2254381634592,NA
"P16435",1,1,0,0,1,0,0.587660693693952,0.711987086555085,27.9213756059557,22.5089189353842,NA,NA,23.4449285755196,NA
"P16451",2,2,2,2,2,2,0.00180021000519877,0.0123880936461294,24.6653560556156,24.7100852417086,24.7763714396627,23.4273581983959,23.9733903120094,23.8692666861699
"P16467",1,0,1,0,0,0,NA,NA,23.1015500062728,NA,23.5312050863392,NA,NA,NA
"P16474",16,13,13,13,11,8,0.00112221708834848,0.00905482190614727,29.8000184165317,29.6830227062076,29.5997026154271,28.4917119887378,28.5901557897561,27.8300003978927
"P16520",0,0,0,1,1,1,NA,NA,NA,NA,NA,25.2727410841983,25.3550812673147,24.6268034423818
"P16521",27,27,26,26,24,24,0.000135446386485901,0.00343788793035319,32.1238283652232,32.1912849162582,32.1920679984223,31.2271721188699,31.2465277006314,31.2677288133916
"P16547",8,6,7,4,5,4,0.00106202681909204,0.00873474314449969,26.8713598768863,26.8134218469721,26.9593240824525,25.0780392835948,25.9173272711904,25.3922828292912
"P16550",7,8,7,7,7,7,0.000198715324824696,0.0036835500876168,28.2973993182157,28.3388788785665,28.4256062069945,27.5003994420594,27.3336915786805,27.3432332299089
"P16603",17,15,17,9,12,12,0.00107509875594413,0.00878778523160104,29.008522822455,28.5257666362105,28.292472715821,26.8267318449225,27.3076064037302,27.2680431146254
"P16615,Q93084,O14983",4,3,4,4,5,6,0.0221776483440373,0.0843518838747986,24.8729864962559,24.6317566857903,25.6073709738457,25.930077764473,25.7124905766872,26.2930502886207
"P16622",2,3,3,3,2,2,0.0447017906416532,0.139159004685374,24.1769462337491,25.2688057674795,25.1179237178543,24.3582344831452,23.5965576754224,23.8567496091729
"P16649",12,11,12,9,8,8,0.000118114744628801,0.00323006427099588,27.3024858252088,27.3822028287186,27.5115825288393,26.2265272099135,25.909598143201,26.1730138682859
"P16659",2,1,2,12,11,13,1.18319709633464e-05,0.00103727029439754,22.5782313948423,NA,22.6562780099606,27.2324097446852,27.027755516561,27.6991856133996
"P16861",25,27,30,22,24,25,9.20638938136793e-05,0.0029808636388006,31.2653432401065,31.284995668302,31.3004316358008,29.9857592984804,30.1711821068846,30.2365903015827
"P16862",17,21,23,17,17,17,0.000765699122735371,0.00710946005319184,30.3426147740983,30.5828371485719,30.5986145986695,29.4714480683633,29.7435635725323,29.6026702051212
"P16930",9,10,10,10,10,10,0.287190995146707,0.453596534235778,28.1638226210683,28.2990603837385,28.2524863576557,28.2567710777884,28.454185738083,28.4124629538406
"P16949",5,5,5,5,6,6,0.0137178781835441,0.0585211171495619,30.7015438581608,30.6580831702969,30.642974360702,31.1904923239211,31.1325972261701,30.9365769831238
"P16965",2,2,2,2,2,1,0.0382793955360666,0.124741436679144,26.6842731319507,25.7137424956425,26.1848775866049,25.7557042799356,24.7679481770064,23.9289167918618
"P16989",11,9,10,10,10,11,0.892509213381897,0.928047950618734,27.681682644536,27.5318273053776,27.6803795267381,27.6800837443919,27.843308248335,27.4327535106649
"P17028",3,4,4,3,4,3,0.884295352161448,0.924258943913168,24.4387259402365,24.5813209944902,24.4874634333821,24.465093377758,25.1493404453573,24.0272589843975
"P17066,P48741",1,1,1,1,1,1,0.413549082525597,0.567310270460833,31.3026414964327,31.3774935811156,31.3153177807281,31.2170877975073,31.6531435505409,31.5163895898959
"P17076",11,10,11,10,10,10,0.0202182592989471,0.0789809959156857,26.7075976145925,27.0002327029825,27.5487377044841,26.4621989370012,26.1042368923229,26.3313956821093
"P17096",3,3,3,3,3,3,0.593296279172535,0.71658046535162,29.643675263195,29.6732560714077,29.4520685023594,29.3097811496746,29.6688677657702,29.5445454018179
"P17106",4,4,5,3,3,2,0.00418670490905162,0.0233411109223176,25.3426380676059,25.641449599576,25.545027299178,24.2290943411953,24.8814418969644,24.6225098598075
"P17157",1,1,1,1,1,0,0.0357650903350163,0.118770198081635,23.3808430666574,22.9602954717998,22.7114314162943,22.2248809807297,22.3968238928758,NA
"P17169",0,0,0,3,4,4,NA,NA,NA,NA,NA,25.5822026733466,25.734991243848,25.4504529595248
"P17174",14,16,16,15,14,15,0.30651022410615,0.472439164467551,29.6417833775351,29.8137658592912,29.8068028895438,29.8441102983764,29.8307883155031,29.980583599641
"P17255",35,34,34,29,26,31,0.000107450535642641,0.00304905986253359,31.5316812910241,31.5702057866511,31.4999263104302,30.5031202886818,30.5310340176933,30.6072980860941
"P17423",1,4,5,2,3,5,0.847024291463386,0.899941038321742,24.2828278836019,26.1944069040945,27.0309775993059,25.2379899466828,25.551318558122,26.2722439801786
"P17442",2,3,3,1,0,2,0.0461851666944016,0.141811671675202,22.717940964435,23.836442277234,23.7555223846001,22.2752148302692,NA,22.4603328175809
"P17480",9,9,9,9,8,10,0.339093956522091,0.503509575076218,27.5477031036018,27.6700150101363,27.8798505196023,27.8189483350904,27.7815746074965,27.9104806344026
"P17505",11,11,11,8,9,11,0.603300310826629,0.724333223195936,28.8685476994752,29.0573768358266,28.968945683363,28.1494288683613,27.7545237500076,30.009694145972
"P17535",1,2,1,2,3,0,0.126525183222491,0.2749908349642,22.5199664312936,23.7288408803471,22.1995883793197,23.3747727705533,24.4723237959307,NA
"P17536",11,12,12,10,11,11,0.00110387279964414,0.00894969744944228,29.9636395318154,30.1516660277222,30.0051616186806,28.5813924928967,29.190881930951,28.9598769209825
"P17542,P12980",2,2,1,2,1,1,0.697380389898971,0.79832391716301,24.1203326053751,22.9671177479342,23.247566381327,24.0027306426291,23.2070392040407,23.5719212425053
"P17555",8,9,9,8,7,7,0.000304796881467217,0.00442393404681297,27.8423954116192,27.8076939126624,27.7741672668249,26.9117713057606,26.7319909220314,26.5149248978805
"P17612,P22694",4,4,5,5,4,4,0.136090890405521,0.287974481540965,25.3574692960465,25.4284168436932,25.9656955988614,26.8687025838687,26.2369517707672,25.5659619893542
"P17649",6,6,8,6,3,4,0.00941367842204516,0.044354934430737,26.4437555770621,26.6806742908156,26.9449367669034,26.1154820787474,25.0573841363346,25.2587106918886
"P17655",12,10,10,11,8,10,0.427869566064937,0.57966087168246,28.0244669477418,27.3276562198142,27.3920532462703,27.5160299013329,27.2515204478777,27.4104522815936
"P17695",5,4,5,5,4,4,0.0111161817939731,0.0501715206107737,28.0747504975289,27.3931523187771,27.7752911737635,27.1978069076453,26.5855922110499,26.6374039771824
"P17706",1,1,0,2,0,0,0.0587885694568353,0.168429418222618,22.5792186665593,22.504078691863,NA,23.2419687354035,NA,NA
"P17709",13,13,14,13,12,14,0.000162194693372638,0.0035216181195241,30.9982974831393,30.8919145865034,31.0825937827634,30.0125060411722,30.0369792148265,30.0314565404462
"P17812",18,15,15,19,17,17,0.0407393355825092,0.129662497811754,28.6858751386195,28.3877946079387,28.3151705969858,29.1940024316938,28.8130975757804,28.7818325022004
"P17844",28,27,29,28,30,30,0.192856972932665,0.355507008290943,31.5780754897107,31.5056215143176,31.4512818227536,31.7338123375389,31.6657827286129,31.6122990536717
"P17858",7,6,5,9,6,7,0.318020013547341,0.483353345447936,26.8487074590559,26.5846990912363,26.2718864245407,27.4274183119417,26.6639526305055,26.5571001647392
"P17891",9,10,10,8,8,8,0.00391277797834504,0.0221119065683075,27.9472805775005,28.2332416921419,28.5047259522314,27.1753874705405,27.5038970516489,27.3884177984519
"P17967",15,16,16,14,15,15,0.000244512230611517,0.0039711616617967,30.9128663209191,30.9965543163707,30.9060331984961,29.8855685599992,30.1047162824695,30.0113221167651
"P17980",12,17,17,16,17,16,0.120510602815118,0.26715192464482,28.9345407863576,29.4049505054901,29.5189499344325,29.5407046810297,29.5339593739693,29.9896327346497
"P17987",27,27,28,26,27,28,0.15438936882156,0.310855729750454,32.4606699116816,32.4124656996431,32.4170594104289,32.5393146966896,32.7118409893756,32.575928683051
"P18031",8,7,10,9,7,9,0.368491133798156,0.530930487006064,26.9727285934787,27.2108318384735,27.4627216524179,27.2621000358516,27.2939696573446,27.6265942955214
"P18074",4,6,5,5,4,5,0.86391916424797,0.910802692259757,25.9326850706609,26.1119906499483,26.0535985308048,26.2224405892826,25.9508677486239,25.9945489510849
"P18077",5,5,5,5,5,5,0.475331981253671,0.620067623272803,29.5038822423982,29.4828966278575,29.4026204507144,28.7122038626856,29.5587502803277,29.5335197510456
"P18085",4,5,3,4,3,2,0.636062567675892,0.75016553345705,26.7296392674243,26.6599830134685,26.1818779513093,26.9149904109435,26.6493250324789,26.3425489489212
"P18124",14,14,13,13,13,14,0.117675252581978,0.263231931262874,30.8697120240048,31.1287714872358,31.0610321769109,30.4517499972912,30.7674959748089,30.9221373272575
"P18206",46,45,45,46,45,47,0.813438163545937,0.878297598133931,31.6253716305939,31.6779150966808,32.2738398033013,31.6578391070341,31.8773483622512,31.8859050100981
"P18239",5,6,6,5,6,5,0.00657391453531672,0.0332729105398184,28.4448236386963,28.9623755246021,29.0337531328685,27.7637760942906,28.0614386428173,28.0675590124022
"P18562",5,6,5,4,5,5,0.000812724418886253,0.0074098755230947,26.8682564714607,27.2071299358521,26.8875920222994,25.2560837402447,25.1887732900342,25.9144694776019
"P18583",25,26,26,26,20,24,0.662206904327598,0.770160505125189,29.5744302673394,29.4643239534384,29.3098065556586,29.8305546391876,29.34635922628,29.4117045387668
"P18615",4,4,5,4,4,5,0.191088568862345,0.353160761552764,24.292352702291,27.0423026421695,27.1169952611629,24.5952712916112,25.2424269008334,25.0342924873395
"P18621",6,6,6,6,6,6,0.82638759046016,0.886782179607876,29.6268452624604,29.4301438364548,29.4961821848987,29.6407048319912,29.0518027959625,29.7171911605405
"P18669,P15259,Q8N0Y7",11,11,11,11,11,9,0.724550732563325,0.81890931979802,31.0335715292623,31.2422348990116,31.0014503203973,31.3031676633617,31.15348533753,30.9778321346437
"P18754",13,15,16,16,16,16,0.0385655131198708,0.125340960137483,29.9442443244469,30.0629531223024,30.1004789939934,30.3665077299383,30.275531908452,30.3410638979493
"P18759,Q8IYT4",7,6,9,4,4,2,0.270889592011587,0.437564224256644,28.0677218611923,28.0635540736769,28.1500076440616,28.1672551660393,27.8496777732107,27.7016697000034
"P18843",0,1,0,1,1,2,0.217325426272619,0.381281947934352,NA,21.5178858906289,NA,22.4897703207677,22.4113188230759,24.729604842541
"P18858",10,11,9,10,5,8,0.142737428991326,0.295599325065677,27.0864820610543,27.3664151209786,27.5717140074843,27.2411995031587,26.8540493660447,27.006533145609
"P18859",3,3,2,3,3,3,0.23105080970213,0.394136318745511,27.497535943856,27.8354834403923,25.9234887164133,27.5618446321626,27.9028486645231,27.8564375160497
"P18887",5,4,3,4,3,4,0.725772390652447,0.819923136923621,25.3997088815872,25.3834584132234,25.1387324217896,25.1147123365872,25.2844929387691,25.7429802769854
"P18899",7,7,6,7,5,6,0.00192766455177154,0.0130868731868253,27.6446769576049,27.6218652304249,27.3586656775815,26.649214854472,25.8877006482025,26.3958461029321
"P18961",1,1,1,0,1,1,0.0159605270558271,0.0657558092650756,22.87998838444,23.3460392526886,23.5688279504271,NA,22.40034560154,22.3270806721281
"P19073",2,2,2,2,2,2,0.00229444790537532,0.014896216413947,25.6409539496742,25.810900115293,25.3845818229418,24.3448500673318,24.8126267045712,24.7249721414085
"P19097",47,53,52,39,40,36,0.000125559650545376,0.00328859332695853,30.9502645941881,31.1063180960636,31.0987698926048,30.0665328751211,29.8979228371193,29.8630272709795
"P19146",0,1,0,0,0,0,NA,NA,NA,23.1398315465633,NA,NA,NA,NA
"P19174",3,4,2,4,5,3,0.568602408937547,0.695739042525085,26.1650244540948,26.0636074794643,23.4878813635822,25.6386576938304,26.0810367963794,25.3811370264941
"P19211",1,1,2,0,0,0,NA,NA,23.6517634187278,22.4786058146923,24.8755250125884,NA,NA,NA
"P19262",5,3,5,1,1,3,0.00168544164284706,0.0118898962821515,26.2282784964969,25.2772429647786,26.5182468510856,24.0633661328692,23.8062366617307,24.2819378240298
"P19338",19,19,19,19,17,18,0.415496614876601,0.568843325947554,32.8130056390651,32.9455150448012,32.7879679672714,32.8886845793174,33.0050929017285,32.944152790781
"P19358",7,6,7,7,6,6,0.000534093866779654,0.00589676442502063,27.7149583195437,27.7042165663617,27.7823889904528,26.9556770547001,26.7046410204392,26.5476037357145
"P19367,Q2TB90",19,18,17,17,18,15,0.514186374833429,0.651896430543085,28.0742455781029,28.2312619802182,28.3086796016505,28.1729805993637,28.5294258460465,28.2208086319418
"P19387",6,6,7,6,6,6,0.16465669362838,0.323424818673577,26.4984729435559,26.1855349751809,26.5223327234784,26.6922205636601,26.5411747710736,26.6406440967693
"P19388",5,7,6,7,5,7,0.139786023732673,0.292850473546469,27.2615783055349,27.417454168116,27.1508738674685,27.3842300436044,27.5567618463985,27.5433167882738
"P19404",4,5,5,4,5,5,0.26211374706388,0.429570582874646,26.3868446988526,26.4813482875904,26.392750840714,26.4005894876396,26.6574482639375,26.6749285857498
"P19414",21,20,20,22,18,19,0.000163944737243254,0.0035216181195241,31.589162395861,31.7454983316871,31.5662051458479,30.6955703946608,30.5218677076528,30.5723488716176
"P19447",2,1,0,0,1,1,0.0986380519448651,0.23634762826068,19.7840902603877,21.7085286661883,NA,NA,22.1495515582527,22.6485350330324
"P19454",2,2,2,1,1,1,0.000450692569911705,0.00533126035274947,24.5722426780014,24.4369624970865,24.3926671471886,23.2904647108537,22.8799158322079,22.5212501688881
"P19524,P32492",4,7,8,5,2,7,0.407676651816645,0.563231610592416,24.8601301995314,25.1544810514909,26.0377548156496,24.9715842454154,23.3281594228297,25.873635350222
"P19525",4,3,3,4,3,2,0.446294484193659,0.595098584916095,25.5035989247664,24.6462836308432,25.5586934738298,25.2688463768647,25.1293286897517,24.4877776827068
"P19623,Q12455",13,12,13,13,13,13,0.284584791727771,0.450748756041698,29.8457849953866,29.7393822630033,29.6610817602658,30.2039884240616,29.760846088143,29.8409433466039
"P19784",7,7,7,7,8,8,0.0768895815396927,0.201855133241678,26.3919321119215,26.2664567551751,26.4580632853066,26.725389204307,26.4739739524769,26.8309083957456
"P19838",1,1,2,2,1,2,0.504594753798205,0.644513579011738,23.5322798421204,22.4353674775311,23.5228681361938,24.0547333133067,22.9891084815448,23.3355762723108
"P19882",22,22,22,22,22,23,0.000186996157187589,0.00362978506659514,31.9350120672311,32.0015283795064,31.887158901318,30.9751965054195,31.0679787295809,31.0598708001778
"P19926",3,4,4,7,7,8,1.09445651476024e-06,0.000518303696015869,24.5724969421968,24.3855391346672,24.3282552595465,27.0851535791285,27.1103563734249,27.2493175068432
"P20020,Q16720,Q01814",3,3,3,3,3,1,0.873040552921744,0.91678333322406,23.4470700643692,22.9436158412049,22.8719271677888,23.5060850700353,23.4256089318678,22.495185411294
"P20042",17,17,17,17,17,17,0.143178213727925,0.295841989949309,29.8304189260999,29.7393822630033,29.7999822438615,29.9394015149873,29.9908999156923,29.9595915495958
"P20051",4,4,3,3,4,3,0.00105327886719577,0.00867881167733412,26.0826490748636,25.7619107939428,25.920357044319,24.830970090877,25.096330653467,25.1154160080543
"P20073",9,8,9,12,9,10,0.0390299649054831,0.126308745075737,28.1340928555461,28.1055726037601,28.360200174956,28.7342774795983,28.7294909953784,28.380028551958
"P20081",5,5,4,4,3,3,4.16793860744808e-05,0.00213432572798872,29.6234939195075,29.5398794583032,29.5443650668638,28.4336508729297,28.2980121291201,28.3128054190385
"P20248",2,3,1,3,3,3,0.207781141949848,0.371505326721657,25.7387590407672,25.5879950386721,24.2450962239889,26.1016576685083,25.8142777004113,25.5127197630586
"P20290,P33327",6,5,6,6,6,7,0.0649417310939977,0.179540604135623,29.764449641022,29.8178612373691,29.8588496373134,30.2548933431689,29.99307534769,30.0321968902952
"P20338,P61018",1,1,1,2,1,0,0.274533200546253,0.440797967619724,21.8379023220723,NA,NA,26.7820203340649,22.7690597675453,NA
"P20340,Q9NRW1",2,3,3,3,3,2,0.0800977553517274,0.207155024209716,24.9030181911099,24.8157489455703,25.6868784208298,25.8504361477159,25.7656745197859,25.5009303041927
"P20424",3,3,3,2,2,3,0.0121329272585941,0.0535226336970817,24.4151023357106,24.6422842096675,24.7576035703298,22.9721509678743,23.6920300243456,24.0077180778101
"P20434",0,1,2,1,0,0,0.088551821674371,0.220007501857967,NA,22.8269593557295,NA,21.6724575460604,NA,NA
"P20449",10,9,9,8,7,7,0.000263156599591619,0.00411540657949153,27.2261588895911,27.4928957496311,27.3787344568726,26.2615943667363,26.4180016029854,26.3957847416816
"P20459",8,9,8,7,6,8,0.000362403391382094,0.0048171040259762,27.9832257660461,28.4268607806769,27.9721231182597,26.9362694846232,26.8740453625085,26.9185113916269
"P20485",2,3,2,1,1,2,0.0150728921192548,0.0629720248919403,23.6734979989408,23.5930605564329,23.4925747548056,21.4876386702585,NA,22.7274415158107
"P20486",0,1,2,0,0,0,NA,NA,NA,22.1672347988729,21.1569409801071,NA,NA,NA
"P20606",5,6,5,5,5,6,0.0143943720292491,0.0608418185102402,28.576907644089,29.0003024551179,28.2648848635353,28.025594909565,27.4285544370014,27.7659861716078
"P20618",8,7,8,7,8,7,0.298603751962075,0.465077875781819,29.4731025702211,29.4878136464239,29.6471023719758,29.5390973906128,29.8800389171953,29.661640981168
"P20645",5,4,3,4,4,4,0.160167928162133,0.319135386645734,26.3627163024575,26.7651983647711,26.3112499873022,26.9157940661722,26.9813275268642,26.508696612913
"P20674",4,4,4,4,4,4,0.539038274909105,0.673098226592309,29.3277469287791,29.2923347855211,28.6736216240703,28.7934490432002,29.8188983978816,29.3123381888629
"P20700",28,28,27,29,27,26,0.707367862191557,0.806709205673867,31.3745211103381,31.6494731286168,31.5468272853992,31.604007043665,31.5163175929333,31.5948237026267
"P20810",9,10,10,9,9,10,0.394643475388453,0.552325905842914,27.4073192375016,27.6038609606686,27.5468586241495,27.4129756656438,27.7552778637882,27.8090723473068
"P20839",7,6,7,6,6,7,0.0120398019283582,0.0532513481087018,27.2558505745279,27.3173910609797,27.2501401050226,27.7949786722965,27.616997596753,27.6275744094934
"P20967",3,4,6,2,4,2,0.0947407194999602,0.229453263694952,24.4854511560971,25.3349608706976,25.8906572745589,24.0422262952386,24.9832084686661,23.984077428074
"P21127,Q9UQ88",10,11,9,12,11,11,0.0377115670383908,0.123368604346446,27.4447802369713,27.4042302164283,27.4357621263954,27.7222687710544,27.7261099774901,27.6554556297762
"P21165",0,1,0,2,3,4,0.0654007922478328,0.18011963012203,NA,22.8033254220816,NA,23.6553390461301,24.8937679956362,24.9734265559543
"P21242",5,6,6,5,5,5,0.00176392798949282,0.0122552961140691,27.5127701059214,27.6376759099788,27.7888692043961,26.9808556176961,26.6730959560029,26.9111247426241
"P21243",6,6,6,6,6,6,0.000616238141346807,0.00623771313014574,27.7226396936163,27.8412061573006,27.817883050488,26.667271388578,27.0280051609708,26.8953692209384
"P21264",12,10,13,7,9,9,0.00896669433440404,0.0426868737823514,28.2221635525862,28.0394996237536,28.5208337862702,26.4483612225865,27.4560886931959,27.3055973247182
"P21281,P15313",11,12,10,12,9,11,0.0452704641907228,0.140047191632023,28.4880059648042,28.5819984897451,28.3261679190718,28.873846871829,28.7954621901366,28.6892375660273
"P21283",5,4,5,6,6,6,0.532629860846343,0.667903035534974,27.1129441563681,25.0143006644794,25.4863657902351,26.2392960278711,26.2108882368762,26.246598165677
"P21291",4,4,3,4,3,3,0.501484783083587,0.642893309481015,25.2978222775463,25.6115645984957,25.4707783130022,25.8714668978796,25.2456075794054,25.6941421996917
"P21304",5,2,3,2,2,2,0.00284794841166796,0.0174575090137559,24.9818983470761,23.6901604121831,24.371759786543,22.8537278006802,22.3364718946935,22.5506273524863
"P21306",3,3,1,3,2,3,0.524427130748292,0.661053144487811,25.6383755140069,25.9595418235493,24.5843494004581,24.7859083497793,24.9366836118093,25.6050473732468
"P21333",86,84,87,88,88,89,0.118673592913668,0.264428269479325,32.4073526452067,32.4345297299531,32.4911992827977,32.5616574376104,32.6794299962031,32.6765513683539
"P21367",1,1,1,2,4,4,6.43491452406587e-05,0.00260108193059383,22.7476526555905,22.1094716932467,22.6409517191765,25.8480803604144,26.8057999445968,27.2287102810989
"P21375",1,1,3,0,1,1,0.12490505190323,0.272929461346257,22.6207496018368,22.6682061962298,23.638149254801,NA,22.4983871435155,21.9682200493908
"P21399",8,8,10,8,8,9,0.493314771060944,0.635375334271621,26.7764668301604,26.5907647449442,28.2959822885733,26.8971957781908,26.7232761195708,27.0105459290622
"P21524",0,1,1,0,0,0,NA,NA,NA,21.8171940873315,22.2359694504132,NA,NA,NA
"P21576",12,13,12,8,9,8,0.000980712564301551,0.00826299736781953,28.6056103565836,29.025059477177,28.5981458941944,27.6274177614254,27.8058727399669,27.7782182329843
"P21599",3,3,2,4,5,6,0.422162989828903,0.574291748350604,26.0353798065322,26.1271115290466,25.9196021069066,26.5639651866454,25.6035428047222,26.7349747567658
"P21734",3,1,2,2,1,1,0.403944220573415,0.559145590056541,25.6093945989328,NA,21.968494668344,21.8646904462523,NA,NA
"P21796",12,12,13,12,13,13,0.143284531231892,0.295841989949309,30.6187504504716,30.431644640337,30.5284557872734,30.7578684041976,30.692506506378,30.6903167661884
"P21825",2,2,1,1,1,0,0.113675994406806,0.256787767329506,23.6821245338776,23.2648782971227,21.4090010582827,20.7007352641034,21.7611044133192,NA
"P21827",4,3,2,4,2,2,0.12168760391016,0.268331250547336,25.421503400334,24.763621265699,24.2371010296344,24.751148649463,23.7493550154541,23.5181417363964
"P21889",0,0,0,3,2,1,NA,NA,NA,NA,NA,23.8598210165132,23.2397738420833,23.1008776697067
"P21912,P21801",7,7,5,7,6,6,0.933524811829435,0.954114493029234,27.584018812092,28.3197406365782,26.8224985169109,27.8704999903527,27.2205098192482,27.7430164548546
"P21954,P41939",15,15,15,14,13,12,0.000695974384800831,0.00669593641453143,28.2782853677276,28.3658738464606,28.288992056793,27.5237820823839,27.6198988201979,27.3437899633035
"P21964",9,9,9,10,10,9,0.640468424881746,0.75256588132261,29.6086935573956,29.5805529890687,28.4513822738259,29.878887024889,28.2400367815631,28.7408139817341
"P21965",5,5,7,4,3,5,0.0723538223361964,0.193058191558441,25.7298672533667,26.2350132094467,26.7115790370125,25.6895758137163,25.3141106326847,25.7875556420104
"P21980",19,16,17,18,18,16,0.313824972744029,0.479516495171855,29.3572387267662,29.1260464478335,29.3683448873657,29.3445168452275,29.4043597755584,29.5236557290689
"P22033",3,3,3,5,5,4,0.132791204092781,0.283606076901749,24.5962624078467,24.104205948284,24.068379688106,24.7075085509398,24.3255295811339,25.3880014206667
"P22059",13,12,13,13,12,14,0.233542390157181,0.396733031766692,27.7271433163096,27.7019882007394,27.4980959825198,27.6905309868676,27.7382142231145,28.3529846883854
"P22061",11,11,11,11,11,11,0.421988019972164,0.574208375236908,30.1326117181301,30.4807151539079,30.4483489186313,30.6374807951819,30.28522413129,30.5621326478272
"P22087",13,13,13,12,12,12,0.823129498569548,0.8849780964825,30.2769695513949,30.0620623635856,30.1329906180341,30.0677536397584,30.2089683070247,30.1128006008645
"P22102",34,36,36,35,34,36,0.343856961621329,0.507545737331775,31.9001420798399,32.11611407824,32.0638819458195,32.1482681982725,32.0513807140826,32.2655267854278
"P22105",1,1,0,0,0,0,NA,NA,NA,22.5575614538617,NA,NA,NA,NA
"P22106",0,0,0,3,3,2,NA,NA,NA,NA,NA,24.952965221118,24.9589033121363,24.1488961823305
"P22133",2,1,2,1,0,0,0.00738903820807862,0.0364117385258587,24.2215658298252,23.4315101492005,23.8879285294074,21.7983730211622,NA,NA
"P22137",38,36,37,30,31,35,9.57379621573901e-05,0.00304375776225846,30.4612868549728,30.2297952424461,30.3544284221585,29.2286416498279,29.2040053760462,29.2654428321535
"P22138",5,5,5,3,4,3,0.051477506210432,0.152500225143045,25.2048102644056,25.4968826657431,25.4521320875032,24.2833249788314,25.2938658551327,24.1280669154498
"P22141",3,4,3,2,1,2,0.266396618014153,0.432749236694021,25.9408816625216,25.5473523469382,26.2320112745118,NA,NA,25.4602271939887
"P22146",6,7,6,5,7,5,0.00332068991596069,0.0195487235029341,28.712040180473,29.0187836934634,28.6214858376845,27.4695336517379,28.1130063844498,27.5701414874959
"P22147",21,19,19,16,18,15,0.0020282129827866,0.013568879173583,28.8330742345215,29.3798277863706,28.9146076446725,27.996387782809,28.1928872991056,27.9274530850802
"P22202",6,6,6,3,4,5,0.000105895101695508,0.00304905986253359,26.3029264510007,26.279467204122,26.268788947259,25.0147833028781,25.0300755440152,25.281838219056
"P22203",12,11,12,9,10,10,0.000350236016952382,0.00479415209112867,30.1548033507118,30.1225901737706,30.125350925307,29.0782606416349,29.2770555399848,29.3340359891955
"P22213",3,3,2,2,3,3,0.12884289835338,0.277364175462906,24.4080673847411,24.5078098379475,23.9517318277441,23.6774956102153,23.9898878621747,24.1067825728513
"P22214",2,2,2,2,2,2,0.0262080562208173,0.0950983419334397,24.214414507595,24.4788941796145,24.644629911369,23.9832344670033,23.9561772887189,23.3249167064455
"P22217",4,4,4,4,4,3,0.000598604220624115,0.00621909432170122,29.4656569087744,29.6131040510016,29.5093006221314,28.5010243525166,28.5521693420149,28.0594471811691
"P22234",13,12,12,12,12,12,0.38849515473758,0.546750912950548,31.3600376505879,31.180680480554,30.9748510581089,31.3015031381687,31.318132864863,31.2779607360026
"P22256",3,4,4,8,6,7,0.000552537134747117,0.00599080345897361,24.0287007043926,24.9720199022978,24.7950671662756,28.2143413340945,27.2352878746195,26.9747416837035
"P22259",3,3,3,13,9,11,1.7105346634419e-05,0.00131006824525847,24.7727649891795,24.9110761752116,25.4410865781064,28.6781509733409,28.1687501370922,28.1411936133669
"P22276",3,2,2,2,2,1,0.754900775877044,0.837618234821477,22.8850947667201,22.3235232370226,22.1541788838593,22.8236234783262,21.8226771490738,NA
"P22307",5,5,5,4,5,6,0.467131306775849,0.612595536255812,27.1622397349341,27.0828291976136,27.3717456335243,26.8570342761434,27.5912120747024,27.7988994555092
"P22314",29,30,29,31,31,30,0.0946629846575119,0.229453263694952,30.8575373100587,30.876163796393,30.7935254529768,31.2461336223568,31.0497295717665,30.9680637492368
"P22336",6,5,6,3,1,4,0.00291834303390151,0.0177596995954657,25.8343603013076,25.5270711848186,25.8032969078359,24.3792858162686,23.2550053852557,24.39768572792
"P22392",9,9,9,9,9,9,0.852893127924364,0.904084614721084,27.8948063493742,28.3952756989978,28.3291228794138,28.6096057235054,28.0109933090721,27.8502933875756
"P22515",28,30,27,22,25,27,0.000316271171244907,0.00452545520101424,30.7813042516153,30.7961961481489,30.7162821238779,29.3320780193775,29.6810828380867,29.7673059562441
"P22517",3,2,4,2,1,0,0.770522327923713,0.847495440444823,24.6262712991441,23.7170283795691,26.0555381824469,23.867484605712,25.2231941474341,NA
"P22570",13,10,12,12,11,10,0.221691826627191,0.38431837130012,27.587954367593,27.4603405638,27.3965120330248,27.5434156381364,27.7857143378574,27.6291412081895
"P22579",1,2,3,0,1,1,0.00313368569239237,0.0187538464837368,22.048321497399,22.9160696261968,22.747760888615,NA,20.9555264756742,20.7357457989415
"P22626",16,16,16,16,16,16,0.810107604644079,0.876301961318118,33.5069254375227,33.5216661034773,33.4726576279011,33.2835033586019,33.6844125474527,33.6437437434613
"P22681",1,1,2,1,1,1,0.388855531795469,0.546953297437736,23.1580101949921,22.7032182270603,22.9058201378742,23.2777176847898,23.1700559924007,22.8380841395977
"P22695",14,15,13,14,14,14,0.333662562594162,0.497881714523815,29.5045902931564,29.7088337416538,29.4811241506748,29.6838629084151,29.710660497128,29.6689904855274
"P22696",2,1,1,1,1,1,0.904182568279999,0.934908117171397,25.9480279260274,25.6152370964316,22.4431300520245,24.6299013359969,24.5183269797433,24.5013581116391
"P22768",4,4,5,3,2,3,0.0293651581622878,0.103867936889157,24.9804619242955,24.7828229408433,25.752699318217,23.9103741264111,23.4521946968615,24.6696599414979
"P22803",7,7,7,7,7,7,0.000835977481645784,0.00750238209402907,30.9628214283963,31.0166358768548,31.0535522117901,29.8099162547889,30.230414814866,30.1407588909286
"P22830",9,9,9,8,8,8,0.440554423293759,0.589677378204485,27.3146017681454,27.1760154511795,27.5115182991556,27.4625839759356,27.5339154275496,27.344823327106
"P22855",5,4,5,4,0,4,0.00340243668115513,0.0198690731021677,24.9950941836403,24.9250568417467,25.179017656541,24.2584510322166,NA,24.2104059462268
"P22943",3,3,3,3,3,3,0.000759199203591535,0.00706209056600524,32.3296285006675,32.4301999290486,32.359232382671,31.0626073773234,31.487448126055,31.48635927685
"P23180",9,9,8,7,8,7,0.000824669078507719,0.00746488085222668,28.0310731303429,28.1053996809454,28.0695319307789,27.1553387665049,27.4355344723906,27.2582888882307
"P23193,Q15560",10,10,10,11,10,9,0.64493585075745,0.756167823160603,28.3628081850828,28.4974494442157,28.5490193555596,28.5587608510649,28.5572808325691,28.4577677934125
"P23201",1,1,2,0,1,2,0.83179927182612,0.889377248516879,23.048833285839,22.9288065538304,24.2410111951881,NA,23.8430245045951,23.1900275663045
"P23202",2,1,2,2,2,2,0.0197968453183599,0.0777557276073372,23.9951416040568,23.7109492807509,24.0052619765841,23.5557392114513,23.434314459703,23.1504681420943
"P23246",18,17,19,18,18,19,0.253588228846159,0.419134209391999,31.9100396616132,31.6652130494864,31.7985352735602,31.8208981529265,32.049306882809,31.9953704906972
"P23248",13,13,13,13,13,13,0.00168456918747022,0.0118898962821515,28.9648809505746,29.0968357373829,29.0772552143133,27.7387882151305,28.2635496295124,28.2064494422411
"P23254",15,13,15,14,15,15,0.000618405587114827,0.00624713324103398,30.375773696979,30.3321705427924,30.554485003319,29.3199358312434,29.5711591105423,29.5912109837555
"P23258,Q9NRH3",11,9,11,11,11,10,0.688384488842315,0.790953151306309,26.8252936574671,27.0112580727558,27.2426527861672,27.3618954982155,26.7589522941787,27.222669197147
"P23284",10,10,10,10,10,10,0.126041116158392,0.274292838309366,30.2015312298594,30.2650563469339,30.2540612056316,30.3840364712117,30.4371097366417,30.4448886438366
"P23291",4,4,3,2,2,1,0.000979589613873775,0.00826299736781953,25.4574328085423,24.9357556685526,24.9089912923103,23.3383108381077,23.5135567941484,NA
"P23292",5,6,6,5,5,2,0.00175384548408709,0.0122188600553433,25.5935401342888,26.0056910638507,25.8167918513919,24.3490609267888,24.9269709725712,24.1653313473633
"P23301",4,4,4,4,4,4,0.000630736884288221,0.00630444770363781,30.9073649440474,30.8951067371836,30.9070101377857,30.2539667992326,30.0748971270076,30.0129482525883
"P23337",4,3,3,0,1,0,0.00555222870669836,0.029079663746509,25.6545882854592,25.3572365539398,25.3594509731671,NA,24.1267201741796,NA
"P23368",1,1,0,1,2,2,0.257607177520518,0.423991235015288,23.4065707020895,23.2463028354019,NA,23.3135457010151,23.8404114404527,23.6192549880607
"P23381",16,15,15,13,14,15,0.0315657419718072,0.108892531765311,30.2669397531897,30.2258236087172,30.1414204561436,30.59064866081,30.4538141369242,30.5156838998588
"P23396",17,17,16,17,17,16,0.251462126086623,0.41684778433329,31.9181123481231,32.018875507381,31.9850062247162,31.9914486841433,32.1937498637899,32.1798697240612
"P23434",2,2,2,2,2,2,0.282864729302199,0.44904441738586,25.7586721766554,25.4767300364556,25.8079068975098,25.9378000836871,25.7090694343658,25.9117900191496
"P23443",1,1,1,1,1,1,0.226831264386513,0.389822248641817,22.9344171462118,25.0671811711524,NA,23.31520350432,22.2346261047565,23.3232399787496
"P23497,Q9H930",2,3,3,3,3,3,0.0862389633048788,0.216341703058862,23.5225744025153,24.0195226297485,24.1539550540488,24.4590781662497,24.251862480843,24.224570550738
"P23526",16,16,16,17,17,16,0.597999061160921,0.720193909853078,30.7687901432457,30.9321405150062,30.8844334451041,30.9122412062038,30.8970005725244,30.9567997174535
"P23528,Q9Y281",11,11,11,11,11,11,0.0919562528200182,0.225252683314215,32.6439919116034,32.5876229180422,32.6292023899349,32.7876024086334,32.8768720180392,32.8173175413432
"P23538",1,0,0,1,2,2,0.588818332389065,0.713047565786902,21.3134993279083,NA,NA,22.0785657011101,20.4416490921194,24.6417828895126
"P23542",11,9,10,10,7,9,0.00043586011653214,0.00527033176027706,29.3003046625049,29.1687722969078,29.1812118638081,28.4267606838714,28.0981032328506,28.2287963992927
"P23585",2,2,2,2,1,2,0.0023552862061221,0.0151679990015909,26.160126514927,25.0515410796602,26.0632708158054,24.2378614157868,23.5104155329213,23.2463769938925
"P23588",12,13,13,12,14,13,0.979407747656738,0.985873414314106,29.6052803159331,29.7479929058663,29.8333821614995,29.264152495993,29.9795699810109,29.9247976544743
"P23595,P23594",3,3,3,2,2,1,0.0328746319993833,0.112044376672662,25.2100085810732,24.9461440170185,24.5902488054426,24.2147114596663,24.2121631103098,22.9294086033405
"P23615",8,9,6,5,5,3,0.000793390736120689,0.00727298839953829,26.5127701059214,26.53587503956,26.0447489162414,24.0100746658785,24.9073473003795,24.6827453568201
"P23634",0,0,0,0,0,1,NA,NA,NA,NA,NA,NA,NA,22.8484696952307
"P23638",7,7,7,3,4,3,0.000775168139441323,0.00715871644402085,27.6615815324329,27.749681223629,28.1330741169947,25.5108089916935,26.462013527153,26.0776637678324
"P23639",4,5,4,4,5,5,0.00133089157600956,0.0100578309925684,27.2495038167929,27.0641770182189,27.3603071720296,25.9420403251831,25.8451795587147,26.4334859987466
"P23641",5,8,6,5,6,6,0.000429853786873184,0.00524442385868709,26.6887073630522,26.9894035706866,26.6349923200619,25.424560148682,25.762857399012,25.633740367243
"P23644",3,3,4,2,3,3,0.00712340083572376,0.0354485690849662,26.3568974165914,26.3570622627839,26.5598368523377,25.3619741277686,25.5415944845291,25.9868501173786
"P23724",5,5,4,4,4,4,0.000750607088057673,0.00704705650888347,26.5845546788121,26.6753253710201,26.8187657980346,25.3951633288634,25.7977699459023,25.7696962877157
"P23776",5,5,5,4,4,4,0.00141469414400019,0.0105521732956202,26.2972454840737,26.3854821685642,26.4168193698953,25.54500947018,25.5260538861318,25.0475155351213
"P23786",1,1,2,1,1,3,0.706650435453662,0.806437268295627,23.4673115007727,23.6510778247735,26.8209443908952,NA,24.1160508271636,24.2681269167247
"P23833",1,2,2,0,0,0,NA,NA,22.5786871426652,23.8923556489003,24.0541277853838,NA,NA,NA
"P23847",5,5,7,9,10,10,5.28832430780377e-05,0.00242830237079244,25.9685082447437,26.2478704030212,26.7709512711978,28.6916263085348,28.9856076170076,28.9029716971851
"P23857",0,0,1,2,2,2,0.00724408170182938,0.0358710301396214,NA,NA,23.1607204191389,24.8164687997952,25.5697837052738,25.4890437095491
"P23883",0,0,0,0,2,0,NA,NA,NA,NA,NA,NA,25.1978996526358,NA
"P23919",5,7,6,8,7,7,0.0485107436439519,0.146110772895409,26.8622895530573,27.6990116823797,27.3515069518283,27.7846037316154,27.9565576684465,27.9061253658913
"P23921,P21672",21,18,20,22,18,20,0.04905105389965,0.147189002783695,29.1810685951119,28.9680215283022,28.9858964667888,29.5892850052366,29.188175839505,29.5105927160359
"P24000",1,1,1,1,1,1,0.00031501555793768,0.00452038627670642,27.8805018904219,27.9380393753737,27.8565758857933,26.5858092021654,26.9414625103152,26.9084390591334
"P24031",2,2,2,1,0,0,0.0552432900221793,0.161198069267491,23.9709454951437,23.7065783020893,24.1918365435094,23.2053113957466,NA,NA
"P24171",0,0,0,1,2,1,NA,NA,NA,NA,NA,22.4568711977286,22.4749338416403,NA
"P24182",0,2,0,2,2,2,0.0101083482709627,0.046627641202404,NA,22.5084586588181,NA,24.5011671511944,23.8563567331444,24.0443483418849
"P24276",12,10,10,5,8,7,0.00122375383819601,0.00955360222059977,26.9799348773974,26.9484402732612,26.8409163694679,25.4172385320593,26.0869677442755,25.7945541602099
"P24280",8,10,8,8,8,7,0.0095921847177974,0.0449028035306716,28.2591616064414,28.1977523042272,28.0690082981892,27.4961965899271,27.2305232840996,26.4188858868468
"P24521",1,2,0,2,0,1,0.203871026159044,0.367506264500118,23.601816161916,24.656470022607,NA,23.779917911937,NA,22.6675267535818
"P24534",6,6,6,6,6,6,0.412901738985392,0.567192462228777,31.0256861512534,30.8680960414924,30.9276152227251,31.197738075133,30.8992198411588,31.0650048441748
"P24539",6,6,6,5,6,6,0.895014733586107,0.929424222726856,27.6353513613726,27.6656235975017,28.1151788232754,27.5662020691955,27.8456470072953,28.0901082995333
"P24666",6,6,5,6,6,6,0.859734671608432,0.908441485996518,28.4357678535081,28.3310617723721,28.2858785546708,28.1181729467045,28.3874585250116,28.4703508983085
"P24752",11,10,13,11,12,13,0.320229711648225,0.48500158126992,28.7573727219466,28.826935234542,29.1571076874793,28.8994321473987,29.0999151975821,29.3137800209553
"P24783",4,5,5,3,3,4,0.00144010604473146,0.0106656534192648,25.7728203104227,25.7149444108638,25.8718871412919,24.626043423239,24.6198656962947,23.8249278092534
"P24784",1,1,1,1,0,1,0.0847136601009992,0.213964325157718,22.5602157875068,23.1227097881815,23.0831838186679,21.7013817108365,NA,22.6076882060477
"P24928",25,22,24,28,24,24,0.0095004829476792,0.0445975272943565,27.9360236422047,28.0137940112553,28.0099891272678,28.4533883616503,28.3965261617067,28.3275970323063
"P24941,Q00526",6,4,6,5,6,6,0.214610081800384,0.378357948751741,26.8506743237653,26.5590421597085,26.8768619222605,26.8674569124364,26.9044132253923,27.1394539371
"P25039",1,1,1,1,1,1,0.0295802358677717,0.104262528101115,23.4441551073128,23.817987876584,23.7490864302911,23.2268165101709,22.4907565713576,23.1829332608953
"P25043",1,1,1,1,1,2,0.0121562661512786,0.0535320839844014,25.097721565426,24.4959859101722,24.9655268066641,23.8331838149395,24.1222374309327,24.2818050158699
"P25045",4,5,5,1,2,3,0.0099480133080927,0.0461448784473643,25.6500477697909,26.0096881692119,25.7037972132876,22.8692116154364,24.0362937451183,24.8140401836278
"P25087",11,11,11,10,10,10,0.000232114410032537,0.00385648825347984,29.0019893195388,28.8697895624296,29.078924962779,27.7022235220243,27.7957187898167,28.030740507603
"P25098,P35626",3,2,3,3,2,2,0.384018663587103,0.543327246436542,23.2669063673133,23.481827951252,24.7411323797458,24.8396917566125,24.0233296463174,23.9451928752254
"P25205",32,33,34,34,34,33,0.0483614824509879,0.146009472719629,30.7779490453208,30.8313855766112,30.9030984050632,31.2817023321179,31.0617434912159,31.0700606016824
"P25293",7,6,8,5,7,6,0.000247798573793069,0.00397279049446011,27.8969017673763,27.8071623962283,28.1983312176398,26.8284400188261,26.7624823671551,26.8469309830683
"P25294",10,10,10,7,7,8,4.85637753615064e-05,0.0023141097108582,28.8075817771364,28.8323001218341,28.7759330134097,27.2251879007924,27.2998740717845,27.558060087334
"P25296",2,3,3,3,2,1,0.0182624855378083,0.0729200114240866,24.5386056029146,26.0927723386687,25.6263580054613,23.9787292410711,23.5247807326081,21.6402297673464
"P25325",6,6,6,5,6,5,0.602257287454825,0.723424865382716,26.4116602064697,26.1559178158215,26.0214104301988,26.2370899898487,26.0337599549432,26.0741404207025
"P25340",3,3,2,2,2,2,0.180495489981784,0.340843807691655,24.7072358283376,24.1008790497661,25.5786710331675,23.0141830552968,23.8788975581583,24.8382196145214
"P25342",4,4,5,3,3,1,0.0016575724945615,0.0117755255555979,25.9801984249141,25.893317499066,26.8345635827444,23.9299186524709,24.6030737118743,23.3704665937261
"P25343",5,4,6,4,3,3,0.0127402264699104,0.0553794181579323,26.1484481485232,25.4806018269864,26.612171161408,25.1670414259406,24.9785660908293,24.7853791897504
"P25349",6,5,3,5,6,4,0.0319230065468554,0.10946578823365,28.2375779688647,27.9251646155963,27.3930995114847,26.5757084545207,27.4506982139252,26.8433357595499
"P25367",2,2,2,2,1,1,0.00856197962192635,0.0410308909585863,26.2257345942585,25.7933381945505,26.1039678150405,24.9884898207028,24.8757940335176,23.6451938842128
"P25369",3,3,3,2,1,3,0.0054695120810532,0.0286879600429904,24.8018460530435,24.808203984277,24.9514288201209,23.6410248147774,22.7544815079784,23.9601259262544
"P25371",2,1,2,0,0,0,NA,NA,22.0246551206594,22.3819344484909,23.3745876032014,NA,NA,NA
"P25372",1,2,2,1,1,2,0.0289133875673089,0.102652119122721,23.9086683082896,24.7160320744506,24.5819045684193,22.4740548799111,23.1182660550556,23.9262852977211
"P25373",5,4,5,3,4,5,0.0476767014177517,0.144806761462192,28.1502059414394,27.7732213930334,28.2399416078112,25.7441071353786,26.741627913629,27.7735031538927
"P25374",2,2,0,1,1,1,0.00734725763737855,0.0362755867295103,24.044825517449,24.1529424620542,NA,21.5354966491103,21.7625933867428,19.717683873152
"P25375",5,5,8,4,4,5,0.180009000291878,0.340533880327445,25.9577448893544,26.2439954144193,26.9454123231726,26.0550981000393,25.6703158572732,26.0955115340187
"P25386",6,3,3,2,0,1,0.0406375101567944,0.129501617540674,27.4676874740853,27.1388180621234,26.8875920222994,25.7992094738925,NA,21.947371540393
"P25398",7,7,7,7,7,7,0.091308951682303,0.224113991279532,31.3902698520073,31.5404951523384,31.5650451433404,31.8981619083818,31.6851547381786,31.6740829100496
"P25437",0,0,0,2,2,2,NA,NA,NA,NA,NA,24.8369223961945,24.5117728257736,24.6843036415404
"P25440",3,4,4,5,2,4,0.798492663264599,0.868886282591698,24.3086996093008,24.5650655264186,24.3865723855146,24.9234864636275,23.4514205910343,24.5713780386731
"P25443",8,8,8,8,7,8,0.000178728202211165,0.00362978506659514,30.9566708204693,31.0484659203846,30.9429377170069,29.8887442728677,30.1005681350732,29.9721205167372
"P25451",3,4,3,3,2,4,0.00132120162745463,0.0100113251130303,26.1793062921767,26.3827736844154,26.4235254538765,25.6087859421709,25.4261697227067,25.1800144818446
"P25490,O15391,Q96MM3",3,3,1,4,3,2,0.887943102146628,0.926653018376574,25.3042283841868,25.3977631535924,24.0215908505235,25.2457661456148,24.8529224805815,24.8033473594731
"P25491",9,10,9,9,8,6,0.000217974700549874,0.0038119402774274,29.0304659293668,29.1325524596332,29.0605822760012,27.9350808311603,27.8664571596475,27.4759849421107
"P25516",0,0,0,2,1,3,NA,NA,NA,NA,NA,23.9579677083929,22.6323326537285,23.8332891747117
"P25526",2,1,2,3,3,3,0.00110129416190605,0.00894314599965829,23.2979606736727,21.7475951717911,23.2765202067203,25.7395449395333,25.367523836278,25.4852134542737
"P25553",14,14,13,17,19,18,1.20988370112467e-06,0.000518303696015869,28.4514487675073,28.5075939356638,28.4018583114027,30.7441712356349,30.9187045683005,30.88217989558
"P25555",2,2,3,1,1,0,0.000730943691893146,0.00693984321006067,23.8023339353397,24.3824026539074,24.1369348366518,21.856989644516,22.3323701609912,NA
"P25567",4,4,6,3,3,3,0.00158016525408366,0.0114020209976808,26.8234253998226,26.3186744780837,27.0072130062397,25.6879458621649,25.3954623342444,25.3293570586726
"P25574",1,2,1,1,1,0,0.0227775484040558,0.0862439257787749,24.0379369397862,24.7168925602879,23.7300461768031,22.6215316366742,23.2183543794621,NA
"P25605",4,4,4,4,2,3,0.131888780342253,0.281917151717612,26.6693287645704,26.4401198308497,25.5809744448473,26.092138168693,24.7710537021582,25.5213514181454
"P25618",2,2,2,1,2,1,0.0104987334711288,0.0480771557231837,24.8747917027346,25.0769854685562,25.0112707109713,22.6064250208353,24.230414814866,23.5032959158806
"P25619",2,3,3,2,2,3,0.0422744968415483,0.133455302216663,27.7923810866945,28.4927965964685,27.9398862094043,26.4408619610111,26.5784512360192,27.8479965926091
"P25623",7,9,7,4,5,6,0.00835554364983899,0.0402324604150016,26.2737285039539,26.2547007587593,26.0728786863558,25.165150134337,25.7794706243795,25.4325591146538
"P25631",3,2,3,0,0,1,0.000560436608741139,0.00600922337901266,25.1551270087395,24.879792888727,25.1689210063612,NA,NA,22.5507375836954
"P25644",3,3,2,2,2,3,0.00916695454026562,0.0434050452320839,24.0711561137553,23.126668550772,23.6891063812783,22.1314049158051,22.8314456842149,22.384041373212
"P25654",2,1,2,2,1,2,0.00780282748093785,0.0380793058997267,23.9209014087595,NA,23.7095871213582,22.3627837628718,NA,21.5235883380808
"P25655",4,4,4,1,0,2,0.00386690056618868,0.0218965412105594,24.5553613803999,24.2740155608932,24.7154877227978,21.2105955502277,NA,22.7006889968045
"P25685",8,9,8,9,9,9,0.0416708402116911,0.13214979904034,27.3673032802529,27.6006747142206,27.5723299384337,27.7620640498238,27.8128440488417,27.981146043888
"P25694",30,28,28,26,24,25,0.000125657990913284,0.00328859332695853,31.1594390514119,30.985791377727,31.0842681636731,30.1157997692083,30.0112616543125,30.01931006715
"P25705,Q9Y5A7",22,22,23,23,23,23,0.159922861150974,0.318772838071654,31.8118282720179,31.8348773248719,31.7973173787705,31.9121573066347,31.9837748472829,32.0594471811691
"P25719",3,6,5,5,5,4,0.0163390535777498,0.0669874672250114,27.0073477979228,27.8351184981088,27.774541999764,25.6721468383748,26.1171541730029,26.8977543789853
"P25738",1,2,0,3,3,2,6.56241348698909e-05,0.00260108193059383,23.6323818336534,23.8357753277666,NA,26.376019159435,26.2014012875554,25.9738787663517
"P25786",13,14,14,14,14,14,0.642485320312748,0.75434527031606,30.3276292490172,30.462941140819,30.4656918176769,30.1889695443862,30.8084001002074,30.529557763106
"P25787",10,9,10,9,9,10,0.86462842857082,0.911123490650907,29.5485111550629,29.4671024319276,29.6574435853263,29.5262399753511,29.4187586220711,29.8062040364173
"P25788",7,7,7,9,7,9,0.0265532424375132,0.0958687830964113,29.4520750637813,29.7111083894106,29.5521919528127,29.9653646723179,29.8887079187907,29.9222704601917
"P25789",9,7,10,9,9,9,0.25890657138094,0.425704057057152,29.2657118230442,29.3219933789843,29.6234337078739,29.6704534154452,29.3591646644592,29.8851880751269
"P25791",2,2,2,1,2,1,0.13522899233499,0.287112921514938,23.8458967488932,24.194959592312,24.0408734254026,23.5820339232686,24.0377821338203,23.2519469896693
"P25815",1,2,2,2,2,2,0.0996947369619662,0.238045613127344,24.0601376055202,24.8315162614286,25.2254005288453,25.1813704308198,25.3415264756183,25.4229864251579
"P26038",28,27,28,28,29,28,0.617773800933855,0.735937610499269,31.1967069112962,31.047959879287,31.1999861991061,30.9566048171926,31.4991441140356,31.2581623230815
"P26196",14,13,14,14,13,14,0.236516722266034,0.399805874515206,28.7279995575183,28.7888656514194,28.9435091568246,28.9231734257403,28.9760969726795,29.0169681910081
"P26263",1,1,1,1,1,1,0.00232307861916909,0.015004948983917,28.4817585118471,28.6041669599997,28.4733461795551,27.3229431054235,27.8582673644909,27.7056972404746
"P26321",11,11,11,11,11,11,0.000756719413788844,0.00706209056600524,31.9815289040911,31.6926661167459,31.8243935790034,30.7680102510941,31.0213279238367,30.985943463543
"P26358",18,15,13,19,15,14,0.11281947404698,0.255541049832118,27.3541455379226,26.9739533781837,26.871867127627,27.5754711329065,27.4840174367766,27.1876548576989
"P26368",13,13,13,11,11,12,0.670039589313085,0.775647277683248,30.6056103565836,30.3537139667543,30.4013731039469,30.7947420500326,30.326402668155,30.4634876887333
"P26373",6,6,6,6,6,6,0.0572890229489547,0.164881398812063,30.2802568447792,30.3810247249859,30.095024159524,30.5138863054057,30.5354308059829,30.5808074737146
"P26374",1,1,2,2,2,1,0.992019452714385,0.994534887870832,25.0595935344739,26.9770755839699,27.7364135616524,27.5944182246814,27.9809407280663,24.2355835434604
"P26583",4,4,4,4,4,4,0.142356671403687,0.295519420527225,29.8693886947697,29.7109663289466,29.7235784802191,29.8894433563,30.0802636180663,29.9367087902629
"P26599",18,17,17,16,16,17,0.075585240032651,0.199643381483067,31.2393055826431,31.2349420743405,31.5608613945189,31.5303781978518,31.705148482477,31.7449295740711
"P26612",0,1,1,2,2,1,0.606361732301718,0.726799503999995,NA,24.7815247748521,24.3162446931786,24.9127377917373,24.8921781280517,22.3506471768482
"P26637",28,29,31,24,23,23,7.28405451177334e-05,0.00268552987875672,30.3617052071691,30.4483580625461,30.4037109951709,29.279089283332,29.030468082731,28.9757939496461
"P26639",27,25,28,27,28,26,0.469856449919988,0.61530851141972,30.8875441255941,30.8292275662662,30.8721047719724,30.9568488660878,30.947116968143,30.9178705735644
"P26640",31,28,31,31,31,32,0.0199630975142313,0.0782722712906817,30.5362203971508,30.5508902007112,30.5508174963045,30.8138197355824,30.9072149880118,30.8979033205144
"P26641",19,20,19,18,19,18,0.776501545494844,0.851438012902256,32.1512502809041,32.428948114112,32.1590566518893,32.1942922555889,32.3318475235896,32.329942253744
"P26646",0,0,0,2,2,2,NA,NA,NA,NA,NA,24.0934173847537,23.062852595724,24.3954165193618
"P26755",1,2,2,0,1,1,0.336586295748213,0.500803324561542,22.6526294976871,25.0120885070704,25.4072953239325,NA,23.9451156419694,22.6806818110837
"P26783",8,9,9,9,8,8,0.000989290586064016,0.00829403074930469,30.6754264563253,30.6493619339626,30.5532375367122,29.9715939073226,29.6501767183806,29.6051104012053
"P26784",4,4,4,4,4,4,0.000298126254572965,0.00439251134972144,28.9590278552378,28.9697324031436,29.0122152635601,28.0074884027228,28.1773285626417,28.1659161538299
"P26785",8,8,8,8,8,8,0.000463991529023963,0.00545353485135926,29.9448275353947,29.8652265284316,29.8786558234819,29.0932279428204,29.1965010576246,29.0174667809945
"P26786",4,4,4,4,4,4,0.000361579818529676,0.0048171040259762,30.5815338884376,30.3528947966513,30.3659311661359,29.572203995703,29.5438789063056,29.495228368463
"P26885",1,2,2,1,2,3,0.193564494100277,0.355674729430653,23.8004899581183,23.6419504235681,24.0622889611871,24.5005244458073,23.7558808711286,24.2858501748021
"P27144",2,2,1,2,1,2,0.536043836577778,0.67002163290135,25.0284227016861,25.0840231909486,24.289703842055,25.0743009846063,24.5708807075439,25.3622939041619
"P27248",3,2,2,5,5,5,3.07801648887238e-05,0.00180707246963181,24.1290021527722,24.7869261104045,24.9091083197719,27.5595324145244,27.330051726622,27.6936431267676
"P27250",0,1,1,1,2,2,0.00246242174052502,0.0156056364007426,NA,21.8879389452616,21.5370931914668,23.1405275461545,23.9809407280663,24.0146075224932
"P27253",0,0,0,0,1,0,NA,NA,NA,NA,NA,NA,22.9895187343602,NA
"P27298",0,0,0,5,3,4,NA,NA,NA,NA,NA,25.3231652433632,24.7295370454507,25.0001095673194
"P27302",2,1,2,6,7,7,0.000107234414545139,0.00304905986253359,24.2549795492016,NA,24.082422994744,26.9003121903855,27.5608222501041,27.0296534338488
"P27306",0,0,0,3,3,3,NA,NA,NA,NA,NA,25.2083845095187,24.9063699382519,25.0690316266626
"P27348",9,9,9,9,9,9,0.373488599797596,0.53547854600558,30.0286283130131,30.4596474115034,29.5198921678399,30.1486599398098,30.3404162676873,30.2525612584945
"P27361,P31152,Q16659",1,1,1,0,1,1,0.841379871860979,0.895450849719723,NA,23.2326876465838,24.6166210476549,NA,22.6583419361679,24.7831759931523
"P27431",0,0,0,1,1,1,NA,NA,NA,NA,NA,21.9779085954057,22.9569117249579,22.6064161189893
"P27466",4,4,4,2,1,2,0.00055270528843431,0.00599080345897361,24.7664444212642,24.9709952474139,24.5648223160883,21.5969692328423,21.7007001682662,22.9281363330522
"P27472",9,9,10,8,8,10,0.000298889891578724,0.00439251134972144,27.5943072712948,27.7717511165703,27.6880723989412,26.6082391623759,26.8111914105989,26.7908725059772
"P27476",7,5,8,5,5,6,0.0111249461659209,0.0501715206107737,27.7951753571987,27.679455087304,27.5953001617883,26.6406359656557,26.5839800809895,27.3195734152655
"P27550",8,14,11,17,17,16,1.39781062817137e-05,0.00117672358048226,26.935900129081,27.4490055535106,26.9851796915857,29.6698183652774,29.6373892400131,29.4587410426544
"P27614",6,6,6,3,2,3,0.000228513240871958,0.00384740126548086,26.7498745450498,27.0557892327262,27.0458669612527,24.6981341198159,25.1719730271602,25.4375155005959
"P27616",10,10,10,9,9,9,0.000134139456220733,0.00342191107763092,29.444671726946,29.5025962648288,29.3414066139617,28.459096543477,28.2362064961347,28.2891739583241
"P27635,Q96L21",6,6,6,6,6,6,0.230453935057793,0.39395511663533,30.5222001257461,30.2404643587515,29.9779922847927,30.5452778229975,30.4045520675953,30.4696951940568
"P27692",11,9,9,6,7,7,0.000814656937329929,0.00741411205487112,26.6150215588433,26.7972403279975,26.6601259973932,24.1591446346575,25.230328033607,24.9855052130778
"P27694",16,16,17,16,17,15,0.185002619497045,0.345963802695141,29.0744419566563,29.0840144151911,29.006597896188,29.2627318731059,30.0819778900489,29.0791404383688
"P27695",9,11,11,12,11,11,0.0409258001192162,0.13001019899507,28.5782139849526,28.5038268063887,29.0254329528038,29.129360055248,29.1324085788302,29.1868793402686
"P27707",3,3,3,2,3,3,0.44459559536148,0.59367558351573,25.0159502926834,25.0198896623505,25.4865749295159,24.167266414641,25.2361740841547,25.2673222155562
"P27708",53,53,53,51,55,58,0.0244482173179151,0.0906666267788467,30.3203142928376,30.2576837634399,30.2890482631359,30.5101217881976,30.6666848829148,30.7558026098105
"P27797",13,14,15,13,15,15,0.349719392058412,0.513796582107923,31.0668761190826,31.2065556927755,31.1442712745124,31.1971184346946,31.2835261513256,31.263216288399
"P27809",3,2,3,0,0,2,0.0588372951164465,0.16844064942221,24.4374701487391,23.8142684990157,24.770414574253,NA,NA,23.1223970019847
"P27810",2,2,2,2,1,2,0.12818495479966,0.277305528730046,25.2083733357399,24.4222657982679,24.6884701721594,23.9449039891471,23.2251115820726,24.7984353425758
"P27816",28,28,30,30,28,27,0.233157326457792,0.396390998296299,29.8842033497047,29.9224187723213,29.99807331751,30.1874451558432,30.0163035686134,30.0483891991549
"P27824",13,10,13,11,13,13,0.763472186466588,0.843275314638691,28.5469350352766,27.9276607554175,28.0190538741321,28.156925765217,28.29573315321,28.2237498190729
"P27999",2,2,2,1,0,0,0.00047170563289475,0.00550250612413714,24.2643746468344,24.6045096022151,24.3886441374964,21.7196601763055,NA,NA
"P28000",3,3,2,1,1,1,0.00036134857261759,0.0048171040259762,25.0398690593224,24.3351083568753,24.5800437212262,22.9571351641638,22.2040904410357,22.2184218670643
"P28007",3,2,3,1,1,1,0.000163226443135154,0.0035216181195241,26.6325037807428,25.959063416106,26.2425289576547,24.5921911840697,24.6170141917578,24.5207888323323
"P28066",9,8,9,9,9,9,0.189953637285972,0.351941722598169,30.5321409513649,30.5673052658537,30.6189541399308,30.6310721974713,30.7713221355093,30.8117050163475
"P28070",3,4,5,5,5,6,0.0178100636229641,0.0716801843502722,27.7027421250041,27.7804962310372,28.2593110678759,28.7556070237147,28.5393983815081,28.3987118323007
"P28072",4,5,5,5,5,5,0.200458165375686,0.363772532468307,28.5625392817279,28.6419444624001,28.5409864068101,28.6726144597145,28.8450803834809,28.7107004907661
"P28074",14,13,13,14,13,13,0.180577713201914,0.340843807691655,29.9278334827204,29.9726978616202,29.8942580333211,29.9435451142604,30.2371785170853,30.1941086931382
"P28239",1,1,1,1,0,0,0.508463789023378,0.647240574182732,23.5625472817892,NA,22.6184735093252,23.5059427573308,NA,NA
"P28241",9,9,9,9,9,9,0.000233634014168448,0.00385648825347984,30.4583876119812,30.4312135346888,30.4335095424492,29.6514199861398,29.5404268538884,29.5963096488478
"P28272",6,6,6,5,5,6,0.00321862546521183,0.019081311296696,28.0379369397862,28.5155869071627,28.4359651941755,27.3959891142495,26.9625126016612,27.5150661377887
"P28273",3,2,3,0,1,1,0.00266045847179964,0.0166106004215822,24.0893057097544,23.6252583737335,23.8250643387781,NA,21.9833526588657,22.6193600986243
"P28274",7,4,4,3,2,1,0.00600937882149726,0.030977906901038,26.3741565171998,25.3331012518669,24.8766425146124,24.0954050246193,23.6438460152409,23.2496400883928
"P28288",0,1,3,1,2,2,0.801446812748528,0.870560828213509,NA,22.6797175933766,24.0767387190187,22.9870936624589,23.8750171080623,23.6857096792829
"P28289",3,3,3,3,4,4,0.0653663287542805,0.18011963012203,24.4537798033577,24.5833587347886,24.5335348734658,24.5663556209003,25.341687158922,25.216255282526
"P28321",2,2,1,0,1,2,0.00170526817264743,0.0119962528412844,23.3758401675506,24.0270647146432,23.6952721415764,NA,25.1623167922738,25.216567971551
"P28331",19,18,16,18,15,16,0.301778580772428,0.467895462110599,28.6025789119945,28.3488832557831,28.0581877608608,28.7914070116619,28.3380775161392,28.5561052854106
"P28340",19,17,19,22,19,19,0.220650501805807,0.384179829238584,27.7838970356359,27.5628254530678,27.5531127307049,28.1511361326222,27.580103602954,27.9211251152636
"P28482",15,16,16,17,17,17,0.452182683282258,0.599901788427877,29.8709561654679,29.955052912635,29.8487165312772,30.5087907862972,29.8863347251544,29.798043631121
"P28495",5,6,6,5,3,5,0.00406085492640942,0.022785734085526,26.6112056591721,26.968924742849,27.1837333003833,26.0725483198156,25.4853634211276,25.9870537814303
"P28496",3,3,3,3,2,3,0.000600854885961234,0.00621909432170122,24.8441603053044,25.0930863206876,25.0708924867224,24.2160170267436,24.0168036476704,24.123108814202
"P28625",4,6,6,4,4,3,0.0107463460412234,0.0489007151839813,24.7466390129111,25.6231340650103,25.7802366521614,24.449046091591,24.2462085413758,23.9430948975982
"P28707",3,4,4,3,4,4,0.000409185113207559,0.00510747796364106,28.0535040953932,27.6716510502106,27.7775363643648,26.4802580311471,26.7710835305527,26.7430767492875
"P28777",10,10,11,7,8,8,0.000225300505647633,0.00381965874674084,28.1869447378118,28.2513286977862,28.1994081683279,27.1677612663102,26.9818430973301,27.3082077999178
"P28817",1,2,1,0,0,0,NA,NA,NA,22.5896426654962,22.9361967191581,NA,NA,NA
"P28834",13,13,12,12,11,11,0.000714693611848722,0.00683696483607556,30.3974636715577,30.3271743515484,30.2039663245104,29.6191561369688,29.4238664375684,29.3810362912678
"P28838",19,22,21,22,21,20,0.0349110283708401,0.117216244427888,29.6518198199023,29.5541565139104,29.50175431917,29.9561003186142,29.859635562986,29.8129262087273
"P29012",0,0,1,3,4,4,0.00410569930865768,0.0229910057738691,NA,NA,22.397035036898,24.7199546840041,25.5913641160537,25.5284212664236
"P29083",2,3,3,4,3,5,0.0629242296454764,0.175791086249614,23.9236944305228,23.4517830575143,24.7129426958367,25.0285205153181,24.539634776221,24.9321782696868
"P29084",1,2,2,1,2,1,0.745899162309929,0.83278883042163,21.8052577694127,24.3153292352993,23.9556651464981,23.7516288675055,24.2649694694845,22.8294235224564
"P29144",20,22,19,25,20,23,0.0278580769051488,0.0995832600480583,28.1417168059967,28.4486307257406,28.2397865293373,29.0338852165016,28.598122192665,28.6785900900288
"P29218",5,3,6,3,5,5,0.755817942488586,0.837767374630015,27.3586676626553,25.9437473846541,27.7872253490267,26.0659990312159,27.8100160161402,27.8918928456638
"P29311",11,11,12,11,12,12,0.00237035150696119,0.0151869897770255,29.7574600875877,29.6962586656437,29.6902020480622,28.5928278322615,28.8989298230574,28.057799937005
"P29353,P98077",4,3,3,4,2,3,0.954240957372907,0.968373767815313,24.2868623117286,23.6779325397395,23.7392028219836,24.8563088410601,22.9837027750792,23.7750372455289
"P29372",4,4,4,4,4,4,0.354634297453963,0.518603890110008,24.5975123061626,26.1719588117486,24.6464093400588,24.7473613360987,26.2217325717662,26.3115618459665
"P29401",22,23,23,22,21,23,0.975393202470627,0.984554569480244,32.2042578663973,32.0909798067891,31.902210677472,32.0434310229252,32.095261890087,32.0707513821796
"P29453",2,2,2,2,2,2,0.00490370268204269,0.0263215751827817,28.2000663429427,28.702902818436,28.6344910515332,27.4317324263103,27.7541465452467,27.7917471670234
"P29468",1,1,1,0,0,1,0.0600363216993167,0.170354842621246,21.8282671997097,22.1644487248016,NA,NA,NA,21.1113486594965
"P29478",2,2,2,1,2,2,0.00249361806969417,0.0157465212917836,24.6294520068738,24.2815655808911,24.3116484301239,NA,23.4136899789402,23.4182516754329
"P29509,P38816",8,7,8,7,8,8,0.000594456588097491,0.00620371947619923,29.2701764760342,29.1939963147632,29.3334350019883,28.4399031833454,28.5391356752784,28.5642499396084
"P29547",7,8,7,8,7,7,0.0181608991981604,0.0726292176167127,28.6470178309701,29.3704502311054,29.1162562891441,28.2871083854501,28.2593029709427,28.4902080485799
"P29590",6,7,5,7,7,8,0.0736044555487195,0.195751692650234,25.8482612633569,26.6749758386039,25.4168193698953,26.60423971765,26.7128477736032,26.7837388313691
"P29692",15,15,14,15,15,13,0.110218826970049,0.252036852480859,31.4378736037232,31.4235615675649,31.3087258055942,31.5685675103792,31.6133004537216,31.585018249691
"P29704",6,6,7,5,5,5,0.0163854421480682,0.0671231697403834,27.1443917336012,26.9731954611497,27.0563837593242,26.5188184348941,26.3704012258084,25.5805308167833
"P29952",5,6,6,7,5,6,0.00269186611885933,0.0167446006974858,27.416023574317,27.5406790099929,27.5083031635744,26.9338911975441,26.5598384354867,26.8373613917382
"P30038",1,3,3,3,4,2,0.612374307598634,0.731844801373676,23.5503356858357,25.1439120555878,24.2298110566728,24.899256074364,24.2124267366314,24.5102278655324
"P30040",8,10,10,10,10,10,0.0666911153143269,0.182252640643775,28.673964618487,28.3798099140917,28.6962896766187,29.0765547090578,28.8446552695281,28.8285520941032
"P30041",18,17,18,18,18,18,0.16724143155463,0.326279053990898,32.554335917857,32.4424875830038,32.4708831965468,32.7635994011256,32.6135603940911,32.6169537763876
"P30043",9,9,9,9,9,9,0.147708066010723,0.301317065266751,31.7380844916293,31.7271771513824,31.6954417805961,31.8693250164839,31.9070453390181,31.8858026126267
"P30044",4,4,5,5,5,5,0.266903345185333,0.433047755297335,27.7710766714168,27.778436940944,28.5915679924595,28.4461748714177,28.1437991725601,28.545496426036
"P30046,A6NHG4",3,3,3,4,3,3,0.0292720378210975,0.103683774918909,27.4536935358275,27.6265121783738,27.5811703101758,27.9076699679177,27.867294515922,27.8366269801499
"P30048",8,8,8,8,8,8,0.124627327233277,0.272872278758976,29.6845525088673,29.6610864244233,29.6961483952161,29.9823748249448,29.8012064154552,29.8479685603343
"P30049",2,3,3,3,3,3,0.226458548475036,0.389326796578423,27.4008905820479,28.3528219590161,28.3944236924321,28.2328935007811,28.6591496362804,28.5120618106547
"P30050",8,8,8,8,8,8,0.0534930117412178,0.156997793320681,31.2408686665474,31.1858518948585,31.188933693224,31.4847331897244,31.5099643074829,31.3856782956723
"P30084",7,7,8,7,7,8,0.452273098729,0.599901788427877,28.0743016889887,28.1265577849476,28.2627113543602,28.1730366187413,28.188482971147,28.4090469418873
"P30085",9,9,9,9,9,9,0.152069952403877,0.307857847531857,28.7162893352726,28.9871528759385,28.9941943314421,29.0228622965312,29.1726223874573,29.153675880162
"P30086",9,9,9,9,9,9,0.266957786187615,0.433047755297335,30.9020796185232,30.7701157167645,30.5889831979972,31.0990330889635,30.9824067916403,30.7435740822324
"P30101",17,18,18,19,16,19,0.105915099343968,0.246500657638684,31.0369583926305,30.9995815203757,31.1057005572517,31.2163405159023,31.2558166879841,31.2630586196816
"P30153",21,20,23,20,21,23,0.201942478681218,0.365804364582459,30.261775408485,30.275276644594,30.2492544608609,30.3915184697909,30.3334896054139,30.5502077078912
"P30154",10,10,10,11,11,10,0.901078971865503,0.933227370697694,27.4838299225612,27.3519840617932,27.6203545689455,27.7754087034152,27.486653659191,27.2612389273172
"P30260",5,6,4,6,5,4,0.50174875257558,0.642949616852786,25.0798123548205,25.3687222799565,24.6159520492469,25.6937676060683,25.367918338616,24.6981534603011
"P30405",6,6,6,6,6,7,0.11589050810776,0.260624646684015,28.4062497822704,28.3007227361405,28.302456288789,28.7731561940314,28.5062284631242,28.4618766797138
"P30414",0,1,1,0,3,2,0.0333462832257784,0.113269721972701,NA,18.7402010946827,21.0218794761203,NA,23.3060961870582,22.4963076054629
"P30419,O60551",8,9,9,8,7,8,0.615658886968649,0.734143369787594,28.1866333311752,27.6774207890223,28.3279197371965,28.242694856115,28.2628073660521,28.0124480982963
"P30519",0,0,0,2,1,1,NA,NA,NA,NA,NA,21.9941928832428,22.3144053977879,22.2682341763092
"P30520,Q8N142",10,10,9,10,10,9,0.427946028608967,0.57966087168246,28.5861846960611,28.5659077999205,28.1601223395071,28.8514445944478,28.6778448653309,28.3057197963187
"P30533",3,3,1,3,3,3,0.251454653596283,0.41684778433329,24.6036212037282,24.9991162099247,22.7760292647329,25.631174143911,25.0936617312203,24.2428336262448
"P30566",11,11,11,10,10,11,0.302467395417692,0.468495189897199,28.2236314809336,27.8965690105638,28.1013327860236,28.3082772668643,28.1143589570931,28.2630060596131
"P30613",18,20,19,21,21,21,0.0596840585010499,0.169838974359889,29.2836094651018,29.6822693103709,29.6357880946274,29.8918109018061,29.8106147163123,29.9449884565842
"P30622,Q9UDT6",4,4,4,5,2,4,0.606799383658567,0.727151527131535,24.8146926442038,25.1792394255683,24.9625227555196,27.4864923266052,23.7811007382063,25.1880801074009
"P30624",17,16,16,13,13,14,0.000379001291856153,0.0049085526286293,28.7104525410211,28.5214960072982,28.5425902925127,27.2424813291345,27.6456692444574,27.5208451007868
"P30626",7,6,7,7,7,6,0.321937904467785,0.486713066586885,27.91944040105,27.8774048898254,27.9574391918775,27.9689021759959,28.1198737185494,28.0150969424113
"P30656",3,3,3,2,3,3,0.000173237490623927,0.00358615805385843,26.1545114656383,26.260691670427,26.2546139152999,25.3487435545077,25.173824344191,25.2264694017988
"P30657",3,2,2,2,1,1,0.0132067228645256,0.0570040226074283,25.1137524072619,25.5676536364075,25.3000040521714,24.7433226192013,24.230414814866,23.5670250292881
"P30665",1,1,2,1,1,1,0.132420714511283,0.282934445429987,22.417850138243,23.4986745063895,23.7548279883213,21.4310805097632,23.2735182478,21.8603293889656
"P30740,O75830",9,8,11,10,10,11,0.394094847761198,0.551863896878794,31.6776441395251,27.7153070565116,28.1298977541974,28.0470269554697,28.1694292388382,28.3616107522779
"P30822",5,5,5,2,4,4,9.12863150495696e-05,0.0029808636388006,26.1327141001757,26.3841998362129,26.3245163433977,24.4595926401484,24.6828636030031,24.9199415250912
"P30837",7,6,8,7,6,7,0.32087715532936,0.485545389924685,26.83856845706,26.9481510304278,27.3132558406525,27.2241069064058,27.2073434486878,27.1784993733998
"P30876",18,18,16,19,17,20,0.278071923208471,0.444053520115709,28.2539197526479,28.2235150414208,27.8888287948063,28.4183731723387,28.2175578447346,28.2643509947833
"P31040",18,16,17,16,15,17,0.320078808785922,0.484918435266254,29.5132668732288,29.4465333015932,29.2768376662971,29.5200873735525,29.5382815495053,29.5555560926497
"P31057",0,0,0,1,2,1,NA,NA,NA,NA,NA,23.6999392395072,23.5285968275203,23.7447157921807
"P31116",12,11,13,12,13,12,0.000388916990077958,0.00494816049592888,30.5638586919755,30.4427228614003,30.5825008781987,29.3513647407145,29.692014270186,29.5404922038155
"P31133",0,0,0,1,0,1,NA,NA,NA,NA,NA,24.0854393273302,NA,23.8000127177656
"P31146",4,4,3,5,5,3,0.804010438870078,0.872220087356693,27.6540928312638,27.7708246176361,27.6234485670021,27.4300458306298,27.9538009254913,27.7954731076206
"P31150",3,4,3,3,4,5,0.147561757339026,0.301266950816256,25.1371902458981,24.9927730429248,25.4302276920566,25.2561683533083,25.4887410363953,25.9727274064176
"P31153,Q00266",10,10,9,10,8,9,0.527022870185962,0.663177009793048,29.4617587725888,29.5779380851079,29.2835296071831,29.7586525181943,29.4425511316161,29.4293290579798
"P31323",9,9,5,10,8,10,0.217098772093116,0.38101664275272,26.7900597747844,26.7778402816461,25.6510815866481,26.8620465395784,26.8448678421628,26.8984041928424
"P31327",0,0,1,2,1,1,0.0692501104406063,0.186849523416401,NA,NA,22.371578617417,21.830822388427,21.9934921441879,21.821533102289
"P31350,Q7LG56",9,9,9,10,7,10,0.822311346844601,0.884475002749592,27.813308235353,27.6883143530177,27.9016287665243,27.8080958191646,27.7660187901858,27.9119831064994
"P31373",8,8,8,7,7,7,0.000294485512806111,0.00439251134972144,29.6617495818655,29.6831096111847,29.6185367279544,28.8987886994056,28.7408057089862,28.7541581719919
"P31382",7,6,7,6,3,4,0.000220907379207473,0.00381965874674084,26.9750144802745,27.0432959539761,26.701028707293,25.6533487231127,25.1390688315093,25.2175750643064
"P31383",6,6,5,5,4,3,7.23773965653832e-05,0.00268552987875672,26.3480320216989,26.7529967491595,26.7768417977175,25.032329776619,24.8197385755761,25.007396836428
"P31412",9,8,10,6,8,9,0.00178895525357203,0.0123613992041971,27.9315704944118,27.8982668865434,28.265151560096,26.5941337569081,27.160860489784,27.0228157689683
"P31483",3,4,3,5,3,2,0.81638525267939,0.88035053614082,25.3428244021287,25.4663182643184,25.2156559506032,25.9001497613107,25.092564134755,24.8152335937389
"P31539",32,32,31,30,30,29,0.000128080043651181,0.00331760154093393,31.6216809520534,31.629957538669,31.575989300519,30.6864749749949,30.7057337938817,30.6444903808158
"P31688",15,15,14,12,11,11,3.00886825278119e-05,0.00178797571115268,28.7185169367645,28.7271841753681,28.6372017220694,27.4831526487906,27.465243408339,27.4272104387875
"P31689",12,9,13,11,12,12,0.0568725526761196,0.164338251468581,29.6127942687261,29.2702719603139,29.27640303137,29.7844754048754,29.7526745036095,29.638879133902
"P31751",3,4,3,3,3,3,0.377783808886143,0.538123524727554,24.3036541467241,24.6432851048615,24.3928903191344,24.1366170299153,24.1237332268582,24.5661528490811
"P31787",6,6,6,6,6,6,0.000208990265581406,0.00378354778298094,29.2408811643929,29.5060718895132,29.2148553877658,28.1756111615311,28.115240386997,28.2967519342835
"P31930",16,16,15,16,16,14,0.155367798890714,0.312097165173931,29.6658327629152,29.6400057768011,29.6137128302276,29.8076448614027,29.7384621399898,29.8991889942834
"P31937",2,4,3,2,2,3,0.892588226213147,0.928047950618734,24.4528823687985,25.392500522191,25.1998307515259,24.7679805809681,24.8719608439536,25.2816389884756
"P31939",29,32,33,32,31,32,0.170816630097745,0.330319601310762,31.038397203003,31.1386807646885,31.1925938942588,31.3109525818487,31.2194581876818,31.3642787050325
"P31942",9,9,9,9,9,9,0.249052393906878,0.41380382948146,29.9786164171677,30.0914982661581,30.2343482540307,30.0881570575063,30.4121032656242,30.3589771997671
"P31943",16,16,16,16,16,16,0.0789360890562385,0.204727002101734,30.063064132121,30.2229373219288,30.1503170692726,30.4054136805546,30.4057533124947,30.3224210598463
"P31946",7,7,7,7,7,7,0.301861258747477,0.467895462110599,30.2575811659934,30.3078603768556,30.2593301930115,30.2571410470277,30.524303010226,30.4528363785941
"P31947",1,1,1,1,1,1,0.806160485444897,0.873801848064844,29.6492984146345,29.7331002581247,29.3295419206041,29.6232211103164,29.793205814596,29.4255395988384
"P31948",27,28,28,27,28,27,0.0637261389441489,0.177149547499668,31.7979217533003,31.9095394067926,31.8915151197781,32.0758133466075,32.088844595265,32.1606443419834
"P31949",2,4,5,5,5,5,0.184248872451778,0.344937381302421,28.3458954522385,28.2586948711169,28.5458554463319,28.5934139703053,28.7902470045836,28.4408053668409
"P32019,Q01968",1,1,2,1,1,1,0.796062216251488,0.867323178232585,21.2825637007022,22.3835553901956,25.2028251515463,23.1104035350412,22.7204830241871,22.2171167506347
"P32074",12,11,9,11,7,8,0.0194491780736591,0.0766883672521874,28.238479590682,28.1237858718364,27.7286433409645,27.5813924928967,26.5888449214526,27.1012051003225
"P32119",8,8,8,8,9,8,0.486208719991645,0.630187386368436,31.2060834345074,31.1633938370962,31.0190651694986,31.2664252122811,31.2247767594105,31.150338120133
"P32178",2,3,3,1,0,2,0.0516371766350618,0.152794012409899,23.9762401480852,23.5166796411912,24.3362264528445,22.5946691790857,NA,23.3968275281678
"P32179",2,2,2,2,2,1,0.0121282299400201,0.0535226336970817,24.4176520183316,24.2627089702933,24.4789741932167,23.870030115631,23.0141244726586,22.5679838189045
"P32263",8,7,8,8,7,7,0.000540132728337094,0.00594049910862624,28.6638205836442,28.6091761107047,28.6699142611944,27.7101978689369,27.9328890583757,27.881248824208
"P32264",2,2,1,2,1,2,0.675555259485362,0.78026010029369,24.0607720958573,24.0761033344253,23.4899692004747,24.3018054562199,23.2068804422291,24.6669675398937
"P32288",8,8,8,6,7,7,0.0014953024754859,0.0109619344030179,29.1356531367471,29.1850236676666,29.1988299058628,27.5073474805066,28.2504510719182,28.082122619137
"P32316",1,1,2,1,1,1,0.00138306433838001,0.010380175294439,23.3242142410324,NA,22.9286122968909,22.0176610200043,21.8593227458609,21.8989411514006
"P32319",6,6,8,6,5,4,0.00766021309865834,0.0374919925981815,25.6024077174846,25.7325853177352,25.439629037623,25.0396233486366,25.096092557475,25.1353987658245
"P32321",4,4,4,4,3,4,0.767728879077657,0.84639969739988,25.8171892840245,25.8079914763533,25.7137245414732,25.7293412315655,25.7797374963498,25.9369723684204
"P32322",6,7,7,7,8,7,0.174131441023018,0.334170937920694,28.4677301921264,28.4389881035355,28.3807049674787,28.5695253692442,28.7219111104098,28.5227077540502
"P32324",30,33,34,32,32,34,0.000983015567630259,0.00826299736781953,33.6249886226828,33.6156294823991,33.5894586915715,32.4815421037232,32.8619173905658,32.8262026097467
"P32327",21,20,21,18,19,17,0.0827485761242145,0.211412775924839,26.066086312213,25.886349641866,26.6128898139961,26.054927877709,25.3335502003628,24.6400225580044
"P32337",3,3,4,1,1,3,0.0251715827316802,0.0922653587646711,24.9417184497879,25.151636719247,25.4841156261286,23.1283943170123,21.1231350945773,24.2330442512932
"P32340",5,5,5,5,5,4,0.0689621645202821,0.186271600530452,26.0421199332288,26.0427903534259,25.3171269136188,25.6044058903821,24.9287369156448,24.7818618494281
"P32342",1,1,2,1,1,1,0.174744923984141,0.334577246127503,23.4456827240941,23.3631499596137,24.6143260461116,23.3948943664741,21.6724637145951,23.5079587630815
"P32352",3,3,2,2,2,2,0.0134293899926374,0.0576801435823225,26.667708268221,26.6652717063562,25.7441093566709,25.547742601493,25.1751323793649,25.2389395257472
"P32356,P35172",12,10,10,5,6,6,4.6059870715841e-05,0.00223700391332416,26.4875762640364,26.6780023098657,26.7397073873774,25.2941202702577,25.3175866630658,25.3433286851789
"P32366",5,6,5,2,3,2,0.000806484445949878,0.00737962488495078,27.311272872814,27.536708874663,26.3147731258619,24.8090477789753,24.5692348911765,25.0146075224932
"P32368",7,7,9,6,2,7,0.0241318463620897,0.0898231068348674,27.0629227538034,27.2384551161628,27.4823208298672,26.0547819568673,24.6316757186773,26.524638156782
"P32377",7,7,7,7,6,5,0.000328825720255742,0.00465237734737185,27.178721858639,27.2088211133524,27.2134938054321,26.1672214197078,25.6811820476152,25.5953280941553
"P32379",5,5,5,4,4,3,0.00010144506845673,0.00304905986253359,27.3952419133498,27.5431707670656,27.4789741932167,26.1521367881441,26.3975698842169,26.099510691232
"P32381",7,8,7,8,5,4,0.00290961141461119,0.0177493324338178,27.2904604910158,27.3184357892399,26.9921013186841,26.3074711522967,25.6234717327631,25.2266763980746
"P32386",6,4,6,3,3,4,0.0206595359707405,0.0801469402367208,25.4698730138935,24.3435782151023,25.7579501429196,24.0320827271054,23.636529969291,24.1214028431572
"P32419",4,5,4,3,3,3,0.000441821288232476,0.00528390521592245,26.3923642560154,26.3253863263324,26.4004021992055,25.5394928632513,25.1201781759993,25.3259153677393
"P32445",5,4,4,3,4,4,0.0012083915576594,0.00946292365540715,26.875487393453,27.0673764910679,27.0968447302808,25.736273039926,26.2141610751354,26.0973427129115
"P32449",6,6,6,5,6,5,0.000337639738296124,0.00468521515970803,27.6525904150479,27.7331562188331,27.7262099988076,26.7594548603033,26.951236367438,26.7512534058457
"P32453",1,1,1,1,1,2,0.00688024150891132,0.0345448308762535,23.6942091480414,23.0937140797986,23.3134179569505,22.7136587766602,22.4305424691396,22.5911701216939
"P32454",19,17,19,17,15,16,0.000522708205770122,0.00587061470799107,28.8141820460597,29.1996772622567,29.1879996077003,28.0267113066259,28.0740058051393,28.0061312527056
"P32457",8,9,10,4,7,6,0.000248027235747093,0.00397279049446011,26.8608590174508,27.193203262041,27.3698337002872,25.1355135598831,25.6819120199326,25.4989321903665
"P32458",5,5,5,3,6,4,0.00571167812242105,0.0296807471155851,26.0513621441548,25.8532843548286,25.8939131443866,24.8316515986049,25.3844687649777,24.5500870977828
"P32463",2,2,2,2,2,2,0.00288579723385064,0.0176253468297214,27.0759840015837,27.4687669541362,26.9455074156184,26.4322192982055,26.1722892739019,26.0992092544985
"P32466",1,2,2,1,0,1,0.0334134360825264,0.113421549497877,23.2154243420443,26.0998204584468,25.9529810619269,22.2259527553759,NA,22.1004861608579
"P32468",4,5,7,5,6,6,0.121380328290428,0.268076973412747,26.0933868865663,25.9809264477102,27.0568239677433,25.5783164189394,25.8501014099898,25.9631727580397
"P32471",6,7,7,5,5,6,0.00039361686467575,0.00498285409392785,30.8685800545149,31.0926981940523,30.9666751414037,29.6190327769824,29.92706132894,30.0100699946236
"P32472",2,3,2,1,0,0,0.00589033082487356,0.0305149343553194,24.600694654162,25.4402843717989,24.8591828197389,22.6268550955005,NA,NA
"P32473",7,6,6,6,5,6,0.00043902007963736,0.0052764361480133,28.4346318731022,28.5837063542001,28.6513789299336,27.6495691904518,27.6880703228395,27.4169672986261
"P32474",2,2,2,1,1,1,0.000141776884480999,0.00345949296383346,22.8729864962559,23.2115068136083,23.2548288007765,21.7061465248806,21.8731730105672,21.6878763101712
"P32476",4,4,4,4,2,3,0.0016425992438973,0.0117185999730583,26.3841313011556,26.4052841760813,26.2497859125969,24.8824166753857,25.0153941757807,25.5864840821472
"P32477",2,2,2,0,1,0,NA,NA,NA,22.5015788811124,23.9834950245002,NA,NA,NA
"P32481",13,14,14,10,10,10,0.000290230557958059,0.00439251134972144,28.8217886874003,28.94332175953,28.7663560552579,27.6125415193022,27.7570861302137,27.2600596354566
"P32485",2,3,3,2,2,2,0.0294737874081963,0.104179216374248,25.0585047764516,25.8878786239381,25.6497048466762,24.7698189758841,25.0132773826772,24.7061921615913
"P32496",6,6,6,5,5,4,0.00223894779292156,0.0146110146021277,26.7930631152804,26.6532560498855,27.1427688178314,25.9034218852253,25.3201576216014,25.8512558333966
"P32497",6,6,8,5,5,5,0.000603743980366861,0.00623087227655129,27.3169748565525,27.557968420382,27.8065673282663,26.3102854914273,25.9068587020806,26.3816638346256
"P32499",5,7,7,0,3,4,0.00791422228994139,0.0384372469100904,25.9001848128305,26.6290405825978,25.5553077407861,NA,24.3133734563342,24.5612916992857
"P32501",2,2,3,1,1,1,0.00159425743820104,0.0114546149649409,23.8871608887633,23.9049689328993,24.5946697086283,21.5337107898706,21.7677209724622,22.7175581946415
"P32505",2,1,2,2,2,2,0.295901911447739,0.462724629945056,24.3233533227833,23.0987263432336,24.454806816737,23.2186246218159,23.7695614955743,23.5095475094525
"P32521,Q12046,O00478,O95391,P0A8F8,O15015",11,10,11,8,6,5,0.000331490617013476,0.00465317610586944,26.7652492744077,26.8282717792119,26.9354883284717,25.5588637500373,25.6522592020988,25.0814074577478
"P32527",9,9,10,7,9,6,0.0169865247511562,0.0690256930958085,28.6913364975402,28.9336144490474,28.8291622471919,27.5077917284057,28.2241096045909,26.6031353226974
"P32558",17,18,17,10,9,9,0.0322514176689662,0.110367148134111,28.819982810201,28.8579571095132,28.2774421580216,26.7199393465454,26.9447719007669,28.3446246607731
"P32561",3,2,3,1,0,1,0.000758783433795657,0.00706209056600524,24.3427871371494,24.3039211494794,24.379832644799,21.7070381782099,NA,22.5582355469844
"P32563",13,9,8,10,7,8,0.00741025427963913,0.0364806962636035,28.4128765356357,27.9776897681696,27.4676299111646,27.1242699544022,26.499906986951,26.5547662616089
"P32565",9,9,10,8,5,9,0.00608946304615727,0.0312898045230319,27.6040565653285,27.3483353622234,27.4914679691427,25.7487451586266,24.6513844389127,26.3906826383903
"P32566",4,5,5,5,4,3,0.00183341037297356,0.012565204605006,25.4918843266155,25.8797322258336,25.8103734722627,24.6521917903796,24.9746341934264,24.4778991388151
"P32568",3,3,4,2,1,1,0.00056853430751766,0.00604561428899305,24.273787141751,23.9381267646527,24.578523881952,22.1900506064964,22.7136705429947,22.8002538114015
"P32582",21,21,22,22,21,19,0.000275243521645284,0.00423858240192173,30.5027361299305,30.4868680900412,30.67952222551,29.5799566811869,29.6964383614815,29.5146953535344
"P32588",3,4,2,3,3,3,0.000599746754366869,0.00621909432170122,26.9855547649001,26.9962279305999,26.9027556232858,25.6850575828401,26.1161447617953,26.0090223858647
"P32589",21,22,21,19,21,19,0.000166579901452464,0.0035216181195241,31.0963932427333,31.116489521679,31.0705459284008,30.1809136543514,29.932605730925,29.9012166756304
"P32590",6,5,4,3,4,5,0.490071295837196,0.633081870913984,25.88693089779,25.7526434559142,25.6968320686701,24.403094349739,24.821352650989,26.7470506206994
"P32597",2,2,2,0,0,0,NA,NA,22.7452187156166,22.6624252729599,23.2178935914983,NA,NA,NA
"P32598",4,4,4,3,3,3,0.00143581755895419,0.0106495073278673,26.938984789313,26.532534871455,26.609292965858,25.9185498803539,25.7545840936181,25.8152335937389
"P32599",15,14,14,13,12,9,0.000160284970459538,0.0035216181195241,29.1671936515403,28.9343934420689,29.0111253402842,27.8933247745113,27.8304126439485,27.5498113796662
"P32602",5,6,5,4,4,3,0.00109338185270971,0.00889319120456802,26.5460370897586,26.7027885229286,26.7273718786371,25.6953285928265,25.7531351498861,25.2129505362769
"P32608",1,2,3,2,2,1,0.997884893889814,0.997884893889814,22.2666549664909,23.7644976446841,24.847343093023,24.6508408618766,24.639996651401,21.5787697656548
"P32610",1,1,1,1,0,1,0.568390621216129,0.695648419617802,23.7417861991081,24.3943417967055,23.9221943429511,24.3443725908949,NA,23.1785172074578
"P32614",12,11,12,9,9,10,0.00018039623765754,0.00362978506659514,28.2320557805338,28.4303509367313,28.3868105083222,27.3080222160299,26.9357525404373,27.0823609275075
"P32621",6,6,6,4,1,4,0.0600668051733336,0.170354842621246,26.3468619451326,26.3100266903228,26.3695502353014,25.3383508014057,22.5973384638446,25.4895038076326
"P32623",2,2,2,2,2,1,0.00545012619340348,0.0286457725316139,25.3139175940696,25.4748571707042,25.2669333515556,24.1362493003419,24.6588836771976,23.6049942949355
"P32626",2,2,1,1,2,3,0.237055897789586,0.400324085501571,24.4472087250489,24.5360546755392,23.7413076661856,22.02276283119,23.3005189847307,24.6802788236395
"P32628",7,7,7,7,7,6,0.000789270307841815,0.00724837149983456,27.2825170751683,27.5744910071117,27.54095494024,26.5108089916935,26.6871695914861,26.4105130221723
"P32639,Q9Y3Z3",3,2,2,3,2,3,0.102252631587253,0.241344879508045,26.7730139180702,26.0171346390925,26.1520774667679,25.9030436718162,25.7172665873324,25.9837508787197
"P32769",2,2,1,2,1,2,0.0565749611078884,0.163853284722445,24.5275664318591,24.761032841662,23.6696207140405,23.3403395746796,23.1192786700605,23.9273894119558
"P32771",4,4,4,4,4,4,0.0521347301510183,0.153725932278338,25.4630664646059,25.635354251469,25.8093288282959,24.4075959800362,25.0793756065685,25.3902207148324
"P32775",7,8,7,7,3,5,0.0137049854635702,0.0585211171495619,26.7233554937009,26.8076939126624,26.9537565569888,26.2846736313965,24.7160275843012,25.1681362589672
"P32780",6,6,4,6,5,5,0.297013125204311,0.463744449893964,25.5315934281542,25.2981225767193,24.4430546189618,25.4943685558663,25.6595283418675,25.2058983395257
"P32787",3,3,3,2,1,1,0.00426998866768047,0.0237268567221717,24.2919667382338,25.0760680378384,24.2224840601412,23.0717745493273,22.8912233658351,21.7697436396494
"P32790",7,7,4,5,5,2,0.0378096519585386,0.123609418797785,26.8488386668266,26.7614718845871,25.9421182583501,25.6251592282686,25.3166877876219,23.3804239797531
"P32793",2,2,1,1,1,1,0.0894666366057612,0.221192355112922,23.1786341731848,24.2073877671531,23.4650319406714,23.146291344245,22.9421090999017,23.0409152369572
"P32795",3,4,4,1,2,0,0.020511058703902,0.0798643623102309,23.599946497685,24.3622818597976,24.3946187321745,21.2199960627946,22.936651699308,NA
"P32796",1,2,2,0,0,0,NA,NA,NA,22.7200312442043,23.2406392547295,NA,NA,NA
"P32803",2,2,2,1,1,2,0.000831166455856336,0.00749765327049254,25.9543343187833,25.5607332568998,25.0711016891842,22.7026985712672,23.4363923818019,23.7212062692039
"P32832",2,3,2,0,1,2,0.0153506672813332,0.0639210391080083,23.8458967488932,24.0087638979003,23.3428260082982,NA,22.2412215698226,22.9002221160891
"P32835",1,1,1,1,1,1,0.00291424613513762,0.0177561607099881,26.4677216486194,NA,26.3713917629245,25.5329427489354,25.653780673904,25.7216224653716
"P32836",2,3,3,2,2,3,0.0421045969086178,0.133168640566956,24.6683923694191,24.9121838106141,24.6331042844044,24.1134518719608,24.2898325517703,24.5422915663219
"P32843",4,1,3,2,2,2,0.816357274008862,0.88035053614082,23.8700934593239,21.5071607251525,24.2577113093097,23.6850575828401,22.9496769931275,23.5503627632161
"P32861",14,12,14,9,9,11,0.000323904714738912,0.00462158958798374,29.372377804998,29.5133403014024,29.629305985572,27.8330561923801,28.1265919558605,28.3930361507101
"P32891",5,7,6,4,6,5,0.0155099508611441,0.0644325818678495,25.7986164513512,26.5093267850674,26.1631920352073,24.6351159805967,25.4759150526813,25.3317645737344
"P32895",3,2,2,1,2,1,0.00204752119819955,0.0136258624138418,25.4474166910836,25.3327172224706,24.590492064256,22.5396736146433,23.6529392069564,23.2429700706617
"P32897",3,3,3,3,3,1,0.00714915098784492,0.0355067469415975,26.3933181159102,26.3454097439009,25.9304813969236,25.3735253039465,25.3664581408107,24.5815562056145
"P32898",2,3,3,1,0,2,0.288746681428001,0.454773772339517,22.5314691850101,23.8497169241443,24.3585657001998,22.5720085816745,NA,23.1469142378633
"P32905",9,8,9,8,7,7,0.00609912488349159,0.031307601409061,27.0153191566914,26.9459315733873,26.8761636911627,26.4919814582852,25.8412640467306,25.8832307364885
"P32911",4,4,5,4,5,4,0.00369167973354565,0.0211653511170704,27.7781212971318,27.4223213303236,27.4842858193305,26.9951209272298,26.8143645426141,26.7182649938918
"P32915",2,2,2,1,2,2,0.128837215212605,0.277364175462906,25.3963734178002,25.6203290521468,25.5720589612121,21.1213326713226,24.9775841206405,24.8137187121631
"P32916",2,2,2,1,1,1,0.0169648532424524,0.0689931350463986,23.7281564799647,23.2701948294074,23.3747006006592,21.9052683036255,19.1561959000902,21.6994565866311
"P32929",11,12,12,11,11,12,0.170186429461016,0.329376206823822,28.2461207107947,28.2887793573858,28.0987271391179,28.4186094434518,28.4641829590834,28.3028594132126
"P32939",3,3,3,3,2,2,0.00627624233319445,0.032086336057657,26.0612930756788,25.9055649319056,26.0001439571854,25.5303913161831,24.9154663379451,24.8525082894063
"P32969",7,7,7,7,7,7,0.0565745670462675,0.163853284722445,30.3092718424177,29.6087949273732,30.456045541337,30.7464317754315,30.7156479266898,30.64795617129
"P33136",0,0,1,4,4,5,0.00033631726173207,0.00467972035539582,NA,NA,22.524865256523,25.5042339089925,25.823425240893,25.885963714704
"P33176,Q12840,O60282",27,27,28,26,29,30,0.150834161542894,0.305969216848657,28.8316808069849,28.668025892571,28.8466049658193,28.8538228559022,29.0774471918575,29.0323449146848
"P33195",4,2,4,13,13,13,4.561039954252e-07,0.000518303696015869,24.8585150769825,24.7560623490822,25.1142063006067,28.3793343714235,28.3935745282211,28.5053590942871
"P33201",3,3,3,2,1,1,0.000821663236316652,0.00745102514656268,25.5232651200174,25.8192114828922,25.5125071193587,24.3269162243493,23.4601498282446,23.3042739685302
"P33202",2,1,2,0,0,0,NA,NA,21.816250195355,22.9178668272057,23.1546790837855,NA,NA,NA
"P33204",3,3,3,3,3,2,9.7678361407855e-05,0.00304905986253359,25.3483290329542,25.3158972784473,25.4765545342151,24.353654996355,24.1766644290884,24.2543855770408
"P33221",0,0,0,1,2,2,NA,NA,NA,NA,NA,23.7392120296953,23.9529202836384,24.2168805928186
"P33240",9,9,9,9,9,9,0.529775542089896,0.66614295820166,26.8340687165633,26.9908084739438,26.8941102338734,26.7814472499961,27.142762132831,27.0784476905691
"P33297",9,8,8,6,4,5,0.00116892631882431,0.00932036943936167,27.2318042690461,27.2483560033414,27.0984705915861,26.2825151817218,25.4797529333422,25.7442339140103
"P33298",4,3,4,2,1,4,0.169343084292435,0.328602350657352,25.4006041980782,26.3887540711588,25.6265952518096,23.8077783595878,22.0953494453271,26.3916983499123
"P33299",7,5,6,6,5,6,0.0242264689502138,0.0900426009326929,27.1032976525611,26.376051821755,26.614086773362,26.2584087931909,25.6553005428494,25.8586207514454
"P33302",19,16,18,14,15,13,0.00154625021612157,0.0112610733642957,28.1341466864463,28.3032126787763,28.196055011581,27.3827776171847,27.6470514089349,27.3937276301731
"P33307",3,3,3,0,1,2,0.00318990613953339,0.0189778750421474,23.4811915261684,23.5742911047917,24.262299162317,NA,22.252956441733,22.0961423260644
"P33315",1,1,1,0,0,0,NA,NA,NA,21.9359346084376,26.7011413518404,NA,NA,NA
"P33316",9,7,9,8,9,9,0.12863566674783,0.277364175462906,30.0398345798688,29.5117916893062,30.2577036506967,30.4414387822566,30.163817066137,30.3919406299672
"P33317",2,2,1,1,1,1,0.00826888664717673,0.0399676042630523,25.2420904436387,24.2558074487586,24.4103575811424,23.2306625724266,23.6266732123827,23.5478246521901
"P33322",8,9,7,7,5,7,0.00656678808516935,0.0332729105398184,27.3371303442377,27.8166998596161,27.3438797183856,26.6265344086123,25.3039206731956,26.0240271082249
"P33324",0,2,2,2,2,1,0.117465870691169,0.262879979114352,NA,24.2599771804424,24.5769533343803,24.2621632320308,23.8777899227558,23.4304040511215
"P33327",2,2,3,1,0,1,0.00198645804183316,0.0133781327590657,24.56382672054,24.910601213877,25.1669649420105,23.3726826537953,NA,22.7114574958307
"P33330",10,10,10,8,8,8,0.000434674223305926,0.00527033176027706,28.5075436956987,28.5846680785418,28.482681278349,27.8036160693572,27.583334724217,27.6243047701624
"P33331",3,3,3,3,3,3,0.000315021969788291,0.00452038627670642,28.4928837748298,28.4736652978565,28.5344581497566,27.7590070964757,27.6409436338409,27.6648430949414
"P33333",5,5,4,5,4,4,0.0021693949884205,0.0142491730643849,26.8488386668266,26.6227716546987,26.425299399291,25.9481286516265,25.7245243190293,25.6404110511107
"P33338",6,7,5,5,3,4,0.00160292566706101,0.0114842234671279,25.5724969421968,26.3164800376264,26.1316289031512,24.5403269115711,24.916599365766,24.5843049669611
"P33399",4,4,4,2,3,3,0.00184204510615857,0.0126072761940474,26.1288508827054,25.3012361668732,25.5474100747591,23.0829800412291,24.2746800753243,23.4560547497719
"P33401",4,4,5,0,1,1,0.00061097745448535,0.00623087227655129,25.5322144834305,25.4566715285023,25.8591626290549,NA,23.7586514632163,23.0870504441911
"P33416",9,9,10,5,8,9,0.139915069479511,0.292997933640551,28.1544053109684,26.8683635717337,27.6145054746351,25.8761541099711,27.1827764102429,27.0911981452469
"P33442",2,2,2,2,2,2,0.00239495256003181,0.0152931800009111,28.793369922984,28.9723897377859,28.9371151944658,27.6427086175929,28.1164147897977,28.1678937416594
"P33570",0,1,1,5,4,4,0.00120569827456704,0.00945649376527656,NA,22.1500615598612,23.3271462797902,25.2831589036567,25.6227446345414,25.4378731344701
"P33602",0,0,0,1,2,2,NA,NA,NA,NA,NA,22.0235185958518,25.3994428248081,24.1514424791732
"P33734",9,12,9,8,6,6,0.00692055925186122,0.0346835964672683,27.009931589797,27.0883519014609,26.6890382294337,26.3233469671494,25.4243122158613,25.7935531211961
"P33754",2,2,1,1,1,1,0.011217038601615,0.050451312964501,24.81345614822,24.5009374753456,23.6974420160835,23.3822039902245,23.1491109397745,23.0852708318454
"P33767",3,3,3,3,3,3,0.0242777820635825,0.0901669685317319,26.0769252404594,26.0201832212163,26.0511261056572,25.2502334217567,25.0457930060441,23.4955290328369
"P33775",5,3,4,2,2,2,0.0291278001597406,0.103245276215333,26.6431041751659,25.3761091614359,25.5746434884773,25.1291521757819,23.8413208692376,24.5633146163964
"P33892",30,31,31,21,23,21,0.0239492880123518,0.0893411032129904,32.575575344114,32.6557232944291,32.540093276221,31.9534691863442,32.2594425129626,32.296079146852
"P33981",2,1,3,3,1,2,0.413077489616039,0.567279608496632,22.2140723065773,22.5354694932536,24.7753018734312,24.9693151267422,22.7126024043617,24.1790164715976
"P33991,Q9UJA3",31,32,33,33,34,34,0.0739748376942555,0.196243122475675,31.0001445822584,30.916332350363,30.9179553604496,31.180704714472,31.1611165869704,31.159458913144
"P33992,P29496",22,21,22,21,21,21,0.318632331868489,0.483562224465674,29.9554070814406,29.756690103401,29.9336199556129,30.0394574358032,30.0802636180663,29.9173363409937
"P33993",25,26,28,28,28,28,0.200445863728649,0.363772532468307,30.617210754444,30.9951550000235,30.8977638273567,30.9855200918519,31.0596845133521,31.0689185870085
"P34077",1,2,1,0,1,0,0.511646167208431,0.649817649124915,22.8734199518587,26.61063891949,23.8465693225347,NA,23.2356121607724,NA
"P34087",2,1,1,0,1,1,0.52608272413922,0.662490640147393,22.3338605858991,22.2711077948211,23.9158408958755,NA,NA,23.4100118359015
"P34160",3,3,4,3,3,3,0.0010406047821791,0.0085883901222004,25.1817041642531,25.2465223974309,25.2971750914861,24.4615753226737,24.6474251788642,24.5414597701074
"P34167",9,9,10,9,9,9,0.000528871336028345,0.0058839848420246,28.5876399179315,28.3080670115191,28.6397603966346,27.324356127124,27.6174953638795,27.4278107175878
"P34216",17,19,17,14,15,17,0.000518664969203863,0.00587061470799107,28.1989345349148,28.6031569158017,28.5263752707238,27.319910533453,27.3911991624519,27.4727889594423
"P34217",2,4,2,0,0,1,0.0926472967793272,0.226286990344479,23.6576473219274,24.7219996107041,23.4560889274998,NA,NA,22.5738316945796
"P34221",3,3,3,1,3,1,0.0688935826508823,0.186185920797007,24.9713794246437,25.9185756328191,25.385759670603,23.4551326734547,25.1928316320579,24.328714375554
"P34223",7,6,7,5,5,6,0.00283789392829533,0.0174382022284911,27.0672144754241,26.746025323316,27.2170430665416,25.5202811409346,25.7386871353511,26.2356692523593
"P34227",2,1,2,1,2,2,0.482134711743826,0.626031472755287,25.6367350520022,25.0867235871949,23.361191377359,24.7339357571915,24.5660063852739,23.1617706127654
"P34248",3,2,2,2,1,1,0.142537104141111,0.295594117147216,24.7851042659715,23.963687748863,24.3079253440811,24.1974544505396,21.7950148644352,NA
"P34730",3,3,3,3,3,3,0.000931190987861488,0.00799905727838159,29.1256976151785,29.1968598736941,29.1127462862873,27.8267318449225,28.2774755691139,28.2753574384596
"P34760,Q04120",10,10,10,10,10,10,0.00261650140672005,0.016396958567423,32.741688163564,32.4020759883916,32.6186373651041,31.9861180340738,31.8690113203039,31.8544714497547
"P34896",5,4,3,4,4,4,0.184868565017889,0.345841156261243,25.0535040953932,24.7782742401516,24.657783149856,25.362878059747,25.4502884579109,24.7381484182224
"P34897",18,19,18,19,19,19,0.0801896170599684,0.207286466617145,30.1424127644321,30.0983571092151,29.930740802738,30.4064861834222,30.4399268135259,30.1733405447599
"P34909",2,2,2,0,0,1,0.000642016091081194,0.00635847701186492,23.3369470144519,23.4406408128238,23.2374117476991,NA,NA,21.2250126883574
"P34913",5,3,5,6,3,4,0.378841503480694,0.539325939707154,25.4257667803632,24.937816023164,25.4686624974243,26.1716691245633,24.9598980756812,25.6834744414523
"P34932",31,33,33,32,34,34,0.0463702690705983,0.142035311749904,31.3436044166548,31.4228678599436,31.4759736725271,31.6730700465834,31.6503084819972,31.7225523522949
"P34949",2,2,2,2,2,2,0.250484008262062,0.415772174082049,24.2544249864268,24.6333886939292,24.4384673494661,24.5925262970862,24.5426432342718,24.7454864626269
"P35176",6,6,8,2,6,3,0.000351355302251257,0.00479647468019217,27.3201960052107,27.5890343017473,27.6152827404709,24.8971415201175,25.9088663266223,25.0881065259859
"P35180",3,3,3,2,1,2,0.0137145066684962,0.0585211171495619,26.1963383136512,26.4230153007256,26.504758218987,24.8850454337322,22.5185117738941,24.7591454995174
"P35189",2,2,1,1,0,0,0.258865591739858,0.425704057057152,24.7265008017448,24.8421819542959,23.0257702806665,23.0161429401823,NA,NA
"P35191",5,5,5,2,1,1,2.15300195948723e-06,0.000518303696015869,25.7387590407672,25.9712799467775,25.9192535409698,22.9645693980861,23.3026666148415,23.1345973931352
"P35194",1,1,1,1,1,0,0.696730929293066,0.798001796793487,22.1052804487654,22.7221620164149,23.5043967900966,22.5510017447182,22.6406628693952,NA
"P35197,Q07799,Q75N90",8,10,10,7,7,9,0.0118616732458989,0.0527870586476082,26.5971530712924,26.9017064458259,27.0209051332214,25.6119961612844,26.0556709831898,26.3392503025244
"P35207",3,1,0,2,0,1,0.650746811382624,0.761214021374162,24.0987811370809,22.2584973719261,NA,23.8059299351954,NA,21.4553719063649
"P35219",4,5,5,4,5,3,0.403295556295713,0.558944915065144,26.6740164557883,31.8828000851977,31.7401185873349,31.2293287148387,27.2320409976881,26.765451982995
"P35221",1,1,1,2,2,2,0.0944234305937272,0.229184405540085,21.9028766542775,23.1520720981727,NA,22.9488878890374,24.149386342093,23.9289167918618
"P35232",13,13,13,12,13,13,0.0840637017291967,0.213213551292841,30.5604577591525,30.7561394564321,30.6182832403208,30.9499181110468,30.9409985892654,30.7885959024339
"P35236",1,3,3,2,1,3,0.0848910131886887,0.213964325157718,25.0521828416909,25.1855349751809,25.2253065411771,25.4406572270553,25.2678895202847,25.70098700246
"P35237",11,12,12,12,12,12,0.0189238179314253,0.0751448147575702,28.436553777828,28.3853041349932,28.4081167018422,29.1455801207988,28.7441904884755,28.7757152660757
"P35241",7,7,6,7,7,7,0.513904394203556,0.651702509445685,27.414517398254,27.4838115316078,27.320019749682,27.0227379637831,27.8455761914877,27.8939036465285
"P35244",5,5,5,5,5,5,0.122349825365472,0.269511106812473,28.2043283697969,28.2552308289136,28.2885798100224,28.7468646413488,28.451442926829,28.3350563605824
"P35249",10,10,9,10,10,10,0.230476612484142,0.39395511663533,28.7787067995019,28.4850083475459,28.3473745423201,29.025594909565,28.5603908350592,28.7680616935323
"P35250",10,9,10,10,9,10,0.257397674057454,0.423991235015288,27.8852431760778,27.8647924163029,28.0602969002723,27.998285982777,28.1473080516046,28.1098344702909
"P35268",4,4,4,4,4,4,0.282964233069016,0.44904441738586,30.1616853142365,30.1623032664693,30.1693729689285,30.0771535116402,30.4451940520926,30.5023878942157
"P35269",6,7,5,7,7,8,0.00236333700539538,0.0151679990015909,26.2581839131418,26.4002181328858,26.3650072044553,26.8591248359077,26.9199662168644,27.0526036553839
"P35270",1,1,2,2,2,2,0.0441358640232537,0.13797303843341,23.6635073255911,22.7568552565167,24.1827010527472,24.5394928632513,24.4740106011932,24.4145616842184
"P35340",0,0,0,2,2,1,NA,NA,NA,NA,NA,23.863269115473,23.4020878287909,23.2659800487082
"P35520",14,14,14,14,13,16,0.286674501131897,0.452922397628156,29.5342433065145,29.6476855630369,29.7590434668945,29.7837235475172,29.6366322902653,30.0674145575142
"P35573",10,9,10,10,10,9,0.191881799387605,0.354367447424786,26.2652793428205,26.5073649130808,26.5590912734886,26.7285791347094,26.8214390683744,26.4646947660282
"P35579",59,61,58,62,58,61,0.15214782379415,0.307892090538563,30.5533298543289,30.7705928999042,30.5729148293695,30.7929205801348,30.753221976561,31.0100073599809
"P35580",41,44,45,45,48,47,0.0862625598813203,0.216341703058862,30.3035392717988,30.3634175183984,30.1994879104814,30.5379016217579,30.543857083826,30.4621147829604
"P35606",19,16,18,18,18,19,0.135764088404174,0.287644467503977,28.67348318315,28.5872089080936,28.6973629633722,28.9184362736368,28.7355034301583,28.896101450215
"P35611",7,7,7,6,6,9,0.464182599571418,0.609934003755263,26.7405704408172,26.3548818448722,26.7655752959769,26.5778087435301,26.6335307896212,27.1554891086303
"P35612",5,5,4,3,5,3,0.366232717260243,0.528903327192421,25.4952746002619,25.9065180184822,25.1893653778535,23.444553350689,26.712630359926,23.8042722825981
"P35613",3,4,4,4,4,3,0.197658046386291,0.359902953243387,27.3839683348944,27.6820084278119,27.6440440929337,27.7162075018291,27.7763088852696,27.7751551850377
"P35637",6,6,6,6,6,6,0.800601028247385,0.869966669617565,29.4814623530963,29.4561257920234,29.2991857128199,29.2614942653766,29.4271591005144,29.4522464248287
"P35658",36,35,29,37,32,32,0.157902694894933,0.315742878825933,30.1231505025781,29.85728976551,29.8147631464985,30.220479662146,30.0698743688846,30.1535171141906
"P35659",10,10,11,10,11,11,0.087225821966728,0.217461809848935,29.5952069632004,29.2127193682686,29.394789370322,29.4779698904835,29.9471664707265,29.9486531107496
"P35691",4,4,4,4,4,4,0.000151370703614316,0.00348709802018266,30.5837035033724,30.4440909933576,30.5191416249845,29.4051513918737,29.5711591105423,29.5425548685091
"P35719",10,10,10,10,9,10,0.00145912348052652,0.0107434879010779,29.1123704604183,29.129239335457,29.137305355709,28.4964204544695,28.0012994871653,28.1397745614457
"P35723",3,3,4,2,3,3,0.00570809003871021,0.0296807471155851,26.3693901104734,26.4365501610552,26.8981446461247,25.2700200835612,25.8753778754852,25.6293108426061
"P35725",1,0,2,0,1,0,0.0682999579557636,0.185176107157575,23.729753264899,NA,23.0405173538652,NA,22.1196535323608,NA
"P35732",7,7,7,6,7,4,0.0043468638654704,0.02402189210557,27.7790166751727,27.8568532582372,27.7593139637625,27.0438446286459,26.9815853351281,26.3088433878907
"P35813",1,2,1,2,2,1,0.0618331969679285,0.173414479669632,23.5219162687322,23.9478810181204,23.4839061300067,24.070312384281,24.2160248100118,NA
"P35817",2,1,2,1,0,1,0.0547113914017212,0.159853962054557,24.8811691750666,23.682947384326,25.0038745941779,22.7292254187853,NA,23.6282666220619
"P35844",8,7,9,5,5,6,8.17074262426815e-05,0.00282957112138879,27.6506349319489,27.6457248545273,27.8306560670589,26.4423314700666,26.1961900745204,26.4739810171613
"P35845",2,2,2,0,0,1,0.0228050931186974,0.0862835395824276,23.4532966387341,23.9276020723025,23.4831726539197,NA,NA,22.541248972242
"P35914",2,1,4,2,3,4,0.621739748648924,0.738919404806051,20.8205810065646,21.0177742733485,24.5923880766127,22.7948825719341,21.5479173600642,23.9464501989324
"P38711,P35997",3,3,3,3,3,3,0.000192034977601558,0.00363284146766094,30.7884189499947,30.9821465735173,30.914133970859,29.9022396389566,29.9555737219872,29.9758452600647
"P35998",18,18,16,16,19,18,0.16278663554186,0.321398545251977,29.7530853115385,29.7374307911529,29.545871126351,29.8181425952562,29.8830953841658,29.8890076179352
"P36006",2,3,7,2,3,4,0.162239761702638,0.320984346400323,21.810053005207,23.5267354731557,25.2727658670345,20.5843541933163,22.6082253633311,22.5340857581926
"P36008",13,13,13,11,12,11,0.000154231644916643,0.00348709802018266,30.6547496466818,30.868032336503,30.4772486286734,29.2909335196518,29.4597483001554,29.416305776334
"P36010",6,7,7,7,5,5,0.00166579609769014,0.0118173259683047,28.6608344091428,28.4166181462416,28.7945024146166,27.870776315778,27.365352143025,27.4190066574172
"P36013",6,6,6,2,4,4,0.00010709603220689,0.00304905986253359,26.4183594645484,26.2417629673617,26.2818774168898,24.3128299816368,24.6747869571843,24.8836902388069
"P36015",5,7,6,4,6,6,0.00227777686045841,0.0148070153438551,26.6919144109783,26.7387970985638,26.9684310283187,25.3702064733113,26.0043984529844,25.8463698196395
"P36016",2,2,2,1,1,2,0.0125438837426236,0.0549496615045187,24.1199847374993,23.8959592852465,24.0354516308047,22.4420116537669,22.3719282455319,23.5533365983802
"P36017",1,1,1,1,0,0,0.787908112075206,0.860076201594278,23.7012023514623,22.9625884246245,24.0027052364313,23.6969502293754,NA,NA
"P36018",3,2,3,2,2,2,0.00095449499148276,0.00814384155739767,26.2715768039252,25.6714992103198,25.8059180269934,24.8173292370133,24.7683666180496,24.6848561769457
"P36037",4,4,3,0,1,3,0.0686224225738167,0.185678991917924,24.694150728692,25.1031671163925,24.8287808177398,NA,22.7022027148775,24.4498029238594
"P36041",2,2,2,2,2,2,0.375567999850275,0.536719566438249,24.0038405387724,24.1367889548397,24.5415086516423,22.8193463835247,25.0528275572194,23.0099166601986
"P36046",4,4,3,3,4,2,0.192144137742546,0.354507782183661,25.1380494532613,25.2898069586613,24.1957432512212,23.7904725479966,25.0340582789808,23.6988996690249
"P36047",2,2,3,1,1,0,5.55941095467929e-05,0.00246796597102189,24.9412262807657,25.1830790447673,25.3532139524089,22.5792230211794,22.7288614970294,NA
"P36049",3,1,2,1,1,2,0.0706146006929968,0.18959271613324,24.47644380655,23.5739911993669,23.8970830169228,22.2998531077819,23.3771425466813,23.5470512964809
"P36059",2,3,2,1,0,1,7.27983454058515e-05,0.00268552987875672,24.3915899060214,24.4902228416743,24.4287047141914,22.780082687797,NA,22.7925933341179
"P36060",7,7,9,6,6,6,0.000290292312565538,0.00439251134972144,28.186840943068,28.3488832557831,28.4600282883786,26.944037608106,27.0620482752121,27.33637577083
"P36105",1,1,1,1,1,1,0.000843590248285116,0.00755491904980164,27.1753776889917,27.2077744277283,27.2287331302904,25.3707145539789,25.8993733565542,26.1504426841713
"P36114",7,10,10,4,6,5,0.00280897329054505,0.0173237168382699,26.8327425881117,27.364754568515,27.4004715712172,25.6426115285225,26.1646347402272,26.2003405708056
"P36136",6,6,6,4,4,3,0.119544251372856,0.26576497081175,27.6350470755732,27.4764091463782,27.4623894102772,26.9100246200495,27.1771597441091,24.4879503881647
"P36139",5,5,6,4,5,4,0.00662673543642977,0.0334716406894068,26.8538157404467,26.7969191223765,27.3391826180077,25.3903528657296,26.1679461201961,26.0587206876376
"P36147",2,2,2,2,0,0,0.508605410854935,0.647257729964292,25.314981724703,25.3354917503899,23.7164688143289,24.1952496406217,NA,NA
"P36148",3,2,3,2,2,3,0.0305582233110976,0.106668684135697,24.8608069712364,24.5274584473832,25.2609549035734,24.1081177357424,23.8014546939202,24.4827024360736
"P36154",2,2,2,2,2,2,0.000388011558212697,0.00494816049592888,25.2428494729881,25.3809747235486,25.2997660376872,24.46260230856,24.4755490072017,24.2412635872462
"P36161",0,2,1,0,1,0,0.182606386431138,0.342879129317353,NA,22.8762783256413,22.4604183061533,NA,23.2221646542522,NA
"P36404",3,5,5,5,5,4,0.0107252828100968,0.0488828482415692,24.58326195536,24.8841539272139,25.0661773933622,25.5479845281477,25.569817999224,25.3119358433869
"P36405",5,5,3,4,5,5,0.156972405272425,0.314630007551991,25.9077113634387,25.7205326199145,24.9687117720113,25.9972739202726,25.8550065271115,26.0408406840421
"P36421",7,7,7,7,6,7,0.00112120989398466,0.00905482190614727,28.1574806295782,28.1631965568258,28.0976578899688,27.4018329017472,27.3821466995424,27.5764490282205
"P36507",5,3,4,5,4,4,0.082526796609073,0.211222533605284,25.9627001884247,25.4972253956187,26.1314282966562,26.498165406739,26.2107562890956,26.1829332608953
"P36542",7,7,7,7,7,7,0.652541016604416,0.762606356980311,29.2155902049094,29.2810297894274,28.8992987727519,29.0302408754113,29.4083206210108,29.1959379164899
"P36543,Q96A05",1,3,2,2,2,3,0.380700614654379,0.540945700965811,25.0604548855695,25.8374004772415,25.3389220234246,25.8378272617927,25.5124866778618,25.5476037357145
"P36551",9,11,13,13,14,14,0.014669579898273,0.0617982052261693,27.903359338899,28.1957638630027,28.3621249092124,28.6195878138741,28.6816184885093,28.7566390586918
"P36578",15,15,15,14,15,14,0.0775365323087375,0.202434638256105,31.5293807899488,31.5915828924558,31.5828829984608,31.8969753420729,31.7733710217164,31.7331015057799
"P36639",1,2,2,2,2,2,0.299848679714257,0.466351363432686,23.5249412013269,24.1216158013682,23.8712065208823,23.8683705099713,24.1968785898671,24.1182823768198
"P36683",11,12,12,21,18,18,1.51384886239342e-06,0.000518303696015869,27.6116542030719,27.55017570047,27.3966511483077,30.102802033077,29.9596527207721,29.9439397004883
"P36775",7,8,8,5,6,4,0.586577948399444,0.711016370858073,28.5687658905462,26.364812358957,28.6514955184171,28.0277029348398,28.5828250280305,25.027734232576
"P36776",21,24,24,23,24,24,0.300572824609518,0.467136411416207,29.5857714601688,29.8087298068181,29.9531418695492,29.8959065973513,30.0622158789684,29.8761446536735
"P36873",2,2,2,2,2,2,0.143545734970266,0.296180354303436,26.6135705434971,26.8051408460043,26.7087806208019,26.9196721012446,26.8364829485988,26.9442281844232
"P36915",8,9,7,8,7,8,0.137664965303757,0.290672986358286,26.622761332904,26.7470233061672,26.2801894018567,27.3138261986844,26.751049740483,26.7344896134099
"P36957",6,6,6,6,6,5,0.241473564344398,0.405884516972896,26.7882821303217,26.6159898977055,26.8495806183851,27.258303190216,26.8103934076193,26.8411968487935
"P36959",4,4,5,3,5,4,0.560129021248685,0.690219977147379,24.6895867155902,25.5747658275825,24.7981877846337,25.1125174839483,25.8886907357696,24.7630040578365
"P36969",5,4,4,5,2,3,0.747243193569512,0.833499709025511,27.1039574216461,26.335594954315,26.0826478253939,27.1398306717488,25.7212551382226,26.2084159494848
"P37012",21,22,22,19,20,20,0.00011504706137985,0.00319287201664627,30.6876734384671,30.6709939356281,30.7684136192494,29.6533487231127,29.7392437527297,29.7580270907534
"P37095",1,1,1,5,5,7,0.000774102214535304,0.00715871644402085,24.2874045472466,24.7307703671831,24.7214087173443,25.6801152783651,26.2378153756183,26.2937749134368
"P37108",3,3,3,3,3,3,0.0931940685364908,0.227292728236511,28.4828579980963,28.3849836191906,28.45759662024,28.6039654907901,28.6460759008969,28.7110087655254
"P37198",7,7,6,8,8,6,0.367083062448782,0.529450756261793,28.007289021567,28.042031620213,27.8741668810987,28.2406116187501,28.3535482537479,27.8325526866813
"P37235,P84074,P61601",4,4,5,5,5,5,0.865533883171307,0.911553720579289,25.7084510706171,26.1647574480008,26.1157282201486,25.5683673439828,26.2910395668046,26.2640821080345
"P37262",1,1,1,0,1,0,0.0782173347801063,0.203542379172755,23.6278625295715,24.1976225304536,23.2610771606847,NA,22.6310710741184,NA
"P37268",2,1,0,1,2,3,0.0993760453038939,0.23755248690486,23.5544606208571,22.2252205534919,NA,NA,23.9082697570426,24.167345682045
"P37291",24,25,26,22,23,23,0.000154644616218752,0.00348709802018266,32.6128232417059,32.5764183305857,32.6574327005258,31.5724482260226,31.7371362430164,31.6429967194998
"P37292",10,10,9,7,8,6,0.00107520318216778,0.00878778523160104,27.5166568794696,27.9752787756502,27.6926118561091,26.3853329105747,26.6083756223258,25.8820922909444
"P37302",7,6,6,5,4,4,7.89525613828216e-05,0.00280837596862417,29.1545114656383,29.0561695221527,29.1431834449476,27.9092850005497,28.0413603803997,27.7856719147267
"P37303",0,1,2,1,1,1,0.242767946824805,0.407382358608667,NA,22.4658388034517,24.654250093276,25.1413890043777,25.6164830569001,23.599996194118
"P37330",3,3,3,7,6,5,0.142651971736689,0.295594117147216,23.3224011834675,26.3428742897208,26.2120558429067,26.7443635193172,26.6790058089704,26.7160550955161
"P37647",4,6,5,6,6,6,1.52865731383281e-06,0.000518303696015869,26.6946910174326,26.5331778123458,26.699676286251,29.1822501535005,29.038327491838,29.0068344918328
"P37685",2,2,1,6,5,4,0.000533621131483636,0.00589676442502063,25.4202678383466,24.1919660429551,23.4839061300067,28.200997130165,27.8691767924511,27.6532114869077
"P37769",6,5,5,10,10,11,2.16426853783604e-06,0.000518303696015869,26.5931642448347,26.3294340327821,26.4631202420159,28.8611080656652,29.0716161599121,29.0577029816931
"P37802,Q9UI15",10,11,10,9,11,11,0.348157655962485,0.512396363714019,31.172012640744,31.4173061578704,31.2491100107941,31.3511790855883,31.4767428879674,31.3796310765804
"P37837",10,11,10,11,11,10,0.483953629588923,0.627747761441615,31.3377147862311,31.3365971227138,31.211449019464,31.2903139161745,31.4790272602932,31.3734610323157
"P37838",1,1,2,1,0,1,0.0507254201669434,0.150625571583322,21.635792461816,22.0950523869826,23.9647763800979,20.6069293622132,NA,20.6113075125781
"P37898",7,8,6,5,4,6,0.640004262373938,0.752306616069528,25.9550902118527,27.4446378830688,27.4813373305852,25.2367898794396,27.3141720470479,27.262669629823
"P37902",3,1,1,4,4,5,0.0471262193703136,0.143827513014776,25.8945267302162,22.1894623142879,22.7759608200071,25.7891574335678,26.0975443321795,26.4406269240564
"P37903",1,2,2,3,3,3,0.0208788778176115,0.0808116565952149,23.9961844590685,23.7369899506914,24.3778609415525,24.5346877055342,25.1545175588257,25.7656656821761
"P38009",20,20,21,19,19,21,0.000387943280950527,0.00494816049592888,30.8638809818834,31.0231727415622,30.8830687837719,29.9977167849805,29.8270809900883,30.1020280531449
"P38011",9,10,10,10,9,10,0.000162627500000361,0.0035216181195241,30.661488163178,30.8275250392411,30.7171178632443,29.7898187937249,29.6801300793333,29.7914994002271
"P38013",8,8,7,6,6,6,0.000396915732020087,0.00501014548324533,32.288654059655,32.3294895541521,32.2628401402259,30.9211903852735,31.3032556217515,31.3268529967115
"P38061",5,5,5,5,5,5,0.00229863568202325,0.0149042475351726,30.2991048162607,30.5100781292021,30.5669779630085,29.0771235774131,29.6533964109466,29.5847995919988
"P38069",2,3,4,0,1,0,0.138268533531639,0.290997651195129,23.2358753731175,24.8154952626013,25.5584945328603,NA,22.5941048681968,NA
"P38071",6,5,6,4,4,4,0.038860959013538,0.12598633117932,27.585358105878,26.5081499820504,27.5423388204812,26.3276813555106,26.4637677884025,26.3184085031482
"P38074",3,2,2,2,0,2,0.70958681336119,0.808874519135042,24.7002137062278,22.8436589268425,23.0866370613547,24.0149833299205,NA,22.4611071543947
"P38075",5,6,6,5,4,5,0.000153701246580425,0.00348709802018266,27.6183656804891,27.3993015316511,27.45532781166,26.2805614929189,25.7987651704714,26.0432910637999
"P38077",6,4,4,4,4,3,0.0669497609650102,0.182692189429642,27.404822607636,27.0504097160554,27.1035076714382,26.6368554309134,26.9724048113948,26.8694213596772
"P38079",1,1,1,1,1,1,0.0032784017881537,0.0193674940724729,25.9672276424478,25.8640566810553,25.9141704128281,25.4545502414799,25.1890412248555,25.0788872656745
"P38081",10,9,9,10,8,9,0.0254097953998085,0.0928531538482248,26.8307511070415,26.6279575233345,26.6307407598901,25.9253765678384,26.3320750002737,26.3552584647915
"P38088",22,22,21,20,18,19,9.83983419071292e-05,0.00304905986253359,30.4772885168081,30.4785470666226,30.553081527516,29.5061917953518,29.3799480274772,29.5096183948494
"P38113",1,1,2,1,1,1,0.00320441428890408,0.0190417606744171,23.5348917646965,22.8652091664543,23.9555140631342,22.1176863995169,21.3615061568308,21.8730800725752
"P38115",6,6,5,2,4,3,0.00044299863706142,0.00528390521592245,27.8631342032888,27.6292210134525,27.8435211120849,23.9055272610632,25.5157302524692,24.0071558584412
"P38116",3,3,3,2,3,3,0.0231312069007799,0.0871908403401784,24.9806056309487,25.388356149044,25.1830237094794,22.7900752175818,23.6508658103313,24.6747768748247
"P38117",12,11,11,12,12,12,0.0557499115396964,0.162197374939575,29.5697811510296,29.5882611118253,29.4980311495778,29.8181067741503,29.7374892986489,29.8644136780061
"P38130",3,3,3,1,0,1,6.39380378074758e-05,0.00260108193059383,23.947219302254,24.2770894424858,24.1297889653417,21.9506038636723,NA,22.009836478847
"P38131",2,2,1,1,0,0,0.0661209413028422,0.181213713793085,24.074391461867,23.8309307011454,23.1081364978484,22.4709669683386,NA,NA
"P38137",5,4,5,2,2,1,0.00835144879663494,0.0402324604150016,25.1718369713918,25.0833209616077,25.5683093285041,24.3736812962741,22.8906524015214,22.4581013429481
"P38143",7,7,7,5,6,7,0.000898056213947738,0.00783433840526775,26.852114988898,26.8392317841198,26.7915166434641,25.6563011207923,26.1023888625558,25.9123906505038
"P38144",6,8,5,3,3,2,0.00588424122547064,0.0305146842195608,24.7105319645022,24.7407801235888,24.7297370073585,22.8909753804807,23.661331871933,21.8690545355337
"P38159,O75526,Q8N7X1",13,13,11,12,13,13,0.627545000623372,0.744922896735669,29.5716306710718,29.4144736262594,29.2825136777137,29.4109582585573,29.5612535361797,29.4910519661735
"P38166",1,1,2,0,1,1,0.943776592062459,0.961479541449673,23.8262002246951,23.5022515250228,23.6443487482069,NA,23.6749144995122,23.6634547919712
"P38174",5,4,5,2,1,4,0.029314123550229,0.103760082727545,25.7816170064402,25.9524643686981,26.1618667279299,23.8483048869172,22.886913594024,25.4878064683855
"P38197",3,3,2,2,2,2,0.00056466228126279,0.00601889470018621,26.0959538815182,25.9546738060129,25.5957607033925,24.7376372333232,24.8211798006873,24.6474118680515
"P38199",1,2,2,2,2,1,0.36935088574856,0.531604719953226,24.2271484270287,25.5843268948957,24.5737578863373,24.1309066615985,25.0823114851315,23.7423047901809
"P38203",2,2,2,2,1,1,0.036190266433334,0.119945561518878,24.8126491664671,25.0644794942564,24.0664922127985,24.2246042644247,23.433997991633,23.1481241306638
"P38205",6,7,5,6,4,4,0.00151957544260314,0.0111076346752366,26.2754475563772,26.2800495415728,26.0945482906635,25.540257425958,25.1932769083086,25.0308195355694
"P38219",12,12,12,11,11,10,0.000103334447292645,0.00304905986253359,29.5024025443595,29.8369943614667,29.8956121565016,28.3242552428863,28.3953172060651,28.2142994391596
"P38221",1,1,1,0,1,1,0.00583600885601424,0.0302956636502856,23.3843666643719,24.0576315840482,23.6942765240176,NA,22.5678894136472,22.5918344890138
"P38230",4,5,4,2,4,2,0.0134654088771969,0.0577664083499583,25.7502398447709,25.7552028739734,26.0762176961137,23.8780797209512,25.2902905039421,24.4957008129218
"P38234",2,4,3,3,2,2,0.0171320717217366,0.0693382165596886,25.07546830091,26.7171189186536,25.5811213463366,24.6210586563637,23.9338619478227,22.9346892386678
"P38248",3,4,4,3,4,3,0.00306586872526072,0.0184793591065536,28.3003286492544,28.9959247919677,28.9754565671102,27.0993721078914,27.6539424382189,27.6162956125801
"P38249",24,24,25,18,18,19,0.000817694111217103,0.00742836862546328,29.0895944331023,28.8794541549301,28.875315384558,27.9688376417632,28.1574985589456,27.7407233971712
"P38250",5,8,7,4,2,2,0.000918995415923157,0.00794481778239074,25.5754494797031,26.383486936539,26.1192899942943,24.6589275228087,24.1305381849073,24.0197929176444
"P38264",3,3,3,3,4,3,0.00309194010712849,0.01859213033465,28.1726024186527,28.4886922923015,28.3626234955065,27.09701206313,27.5428528927663,27.6254826941477
"P38272",1,2,2,0,1,1,0.0282148000579897,0.100715869323608,22.3200862256161,23.5895041987382,24.0755574635309,NA,21.6516177609622,21.502862985461
"P38286",2,2,2,2,2,1,0.00450594751002413,0.0246849684090368,24.6319549376476,24.7959979363842,25.0648824134348,23.4797472522284,24.0382779223543,22.9976291474828
"P38295",3,4,2,1,1,1,0.0074939787398235,0.0367853125508732,25.2576305809732,27.9728637472004,24.9291740505817,22.543644426609,22.9583585193705,22.6146436157004
"P38314",5,4,5,2,2,3,0.00141642714203732,0.0105521732956202,26.3256177951379,25.5869797973227,26.0295250320657,24.6592474888862,23.7656146382858,24.3017873524316
"P38328",3,3,3,2,3,3,0.00705298159118265,0.0351964884997771,25.664491621945,25.9642981227854,25.7109302878651,25.1696940594819,25.1297940002028,24.6134620817742
"P38333",2,3,2,2,1,2,0.0848873372591534,0.213964325157718,25.1876503441005,24.6887299223325,24.7417457891325,24.5518153814132,24.0662598867866,24.6176774099473
"P38351",2,2,2,1,1,2,0.0210184136743805,0.0809794107317283,24.1389081492219,24.0789242671144,24.5387379670171,22.7679093701761,21.5687133243362,23.5614558253026
"P38353",3,2,4,2,2,3,0.0039878350087124,0.0224304617249514,26.1258438021688,25.5998525014183,26.3913553143516,25.0302037669894,25.0662598867866,24.8186248291566
"P38426",8,8,7,6,5,6,0.00109318928605323,0.00889319120456802,26.7206335619291,26.8268041340793,26.6530394269988,25.5795003006145,25.3610385586109,25.9522615408678
"P38427",22,22,22,19,18,20,6.74947771320723e-05,0.00262243168687767,29.3931291937548,29.3813461214245,29.3517939839189,28.2214550419434,28.2160248100118,28.3596065449065
"P38431",9,8,11,7,7,7,3.37853002684343e-05,0.00190245513896275,28.1337698279579,27.9538768774844,28.3117074493323,26.4762139450317,26.519978625946,26.2870582057739
"P38432",4,5,6,5,6,6,0.330956341384326,0.495675705187892,26.1109543675771,26.2094809400889,26.6037603228223,26.1399223849837,26.9724048113948,26.6381822697966
"P38489",0,0,1,2,1,2,0.0372625600882517,0.122614456681276,NA,NA,21.6110493480589,24.3138871692228,22.9221974730906,24.2478055059671
"P38523",5,5,6,4,6,6,0.0318966361523991,0.109449666580005,27.4695658723444,27.3731819281472,27.6521074534258,25.9578116429416,27.1114169620263,26.7749192963778
"P38555,P57735",4,5,4,4,4,3,0.0138656689789359,0.0590518499263112,25.1041552935499,24.8300519148538,24.8744865564913,23.8616017095307,24.5039688435944,23.4626311488103
"P38606",17,16,19,16,17,17,0.524549792735527,0.661053144487811,28.9836141937123,28.9389130300477,29.1551766435354,29.0623200947974,29.263761634662,29.0160453450327
"P38616",4,4,3,3,2,3,2.18948601491669e-05,0.00149936191899558,27.9514412005453,28.2130002785569,28.0570000135082,26.2853993070692,25.8999736154875,25.8924800718262
"P38624",5,4,5,4,4,5,8.17892266328973e-05,0.00282957112138879,27.2770670604376,27.2104299175792,27.4929001184751,25.9759320016222,26.1230322656131,25.931649310063
"P38625",9,10,9,7,8,9,0.0117468171219846,0.0524608075005695,27.6531164387163,28.2828659609105,28.109164055438,26.6880869884726,27.3668331975036,27.2064057116204
"P38626",5,8,8,7,5,5,0.094686306650263,0.229453263694952,25.9899159914913,26.8469062636524,27.2198762019421,26.0233843770955,25.9937529003904,26.0986627398366
"P38628",7,6,6,5,5,5,0.00238285257281068,0.0152351751205908,26.3618155429147,26.3773414136736,26.4048352967313,24.9460059039785,25.5214510806638,25.585919442332
"P38629",2,2,1,1,0,1,0.00746200191112965,0.0366788170250719,23.6759848943532,23.9590251366563,22.8185830617016,21.5592272676387,NA,21.8970695917231
"P38631",10,9,10,6,8,5,0.0257997719783582,0.0938866341950195,26.0652283177662,25.8768984500263,25.1785646605839,24.7338749980666,25.1803976134569,24.6726005966145
"P38646",26,27,27,29,27,29,0.0362341388019775,0.120012219730353,32.5747575248829,32.6482309682304,32.6043664900994,33.5677954390889,33.4302494915795,32.7516879954293
"P38687",5,3,3,1,1,2,0.000136712079082333,0.0034410809173247,24.700853495206,24.6384649015938,24.6968546639143,23.2661684302748,22.7973833795132,23.3107972887458
"P38688",4,3,4,3,2,3,0.723801100349748,0.818428331736418,26.1410312264339,24.5619939793535,25.3579085335609,26.3952977912569,26.1895546275506,24.2528280662255
"P38689",3,2,2,1,1,0,0.00460487783645303,0.0249766833340358,25.7607098227166,25.074973415103,25.2945197597269,NA,23.2340895456037,NA
"P38698",2,2,1,1,1,2,0.0482386774088985,0.145813021898472,22.2376721646114,22.1812163007501,22.8062699426637,23.3883624197984,22.634380370584,23.3132684370423
"P38701",4,4,4,4,4,4,0.0614373413423239,0.172591774816506,30.9919995978601,30.4509122592136,29.5942391448058,29.5802312851034,29.5803163992494,28.1864138296302
"P38707",14,15,12,10,11,11,0.000119882619384651,0.00323811289043782,29.192745357508,29.2449847610521,29.0930081436485,28.019937640397,27.9449702229943,28.1816169819005
"P38708",17,15,17,10,11,13,0.00278673208710068,0.0172075596234053,28.7248217745295,28.6820374170927,29.4109258662458,27.4175222757992,27.5077508130184,27.9467434168619
"P38715",10,10,10,9,11,9,0.0117696690299234,0.0525164295672642,28.5005455654766,28.6127999415905,28.7934726253879,27.3735448039099,28.1639306596996,27.8594441757852
"P38720",23,23,24,23,22,22,0.000149939452157775,0.00348576470490443,31.1959335210391,31.3616087229747,31.1243537371422,30.0577461168718,30.2064889756206,30.1676242301621
"P38736",0,2,0,0,0,0,NA,NA,NA,23.6492759375531,NA,NA,NA,NA
"P38737",7,9,6,3,2,2,0.0212372090009147,0.081697747649368,25.1426375408058,24.793896288784,25.6243160747442,23.3476798483719,21.8337780337024,24.2916659024943
"P38753",1,2,1,0,0,1,0.0571658610745719,0.164620732205053,23.0463640601753,23.3890666472711,23.3425949552803,NA,NA,22.614453791568
"P38754",6,6,6,6,5,6,0.000409528524109014,0.00510747796364106,26.394666840891,26.5611872439096,26.4519178947865,25.3563018177751,25.6595283418675,25.5104262423002
"P38755",4,4,4,4,3,4,0.0272026798912304,0.0974473305890814,24.3707613807264,23.6166452434288,24.2324945607128,23.2269201260033,22.3397255988678,23.4572313075283
"P38758",3,3,3,1,1,2,0.00272689333208705,0.0169208086245352,23.8369290006521,23.9687156276818,24.2809884408627,19.6806008145329,21.5090140388329,21.8925192117398
"P38764",18,19,18,13,14,13,2.22817852777716e-05,0.00149936191899558,28.9298660051475,29.0542670717971,28.8787305209807,27.3841332606546,27.5659032287875,27.4497733698235
"P38765",5,5,4,3,4,5,0.00492224585388101,0.0263930613672537,25.8563500623669,25.9782281453724,25.4942398434023,24.3288484054965,24.6919039862517,25.0816744928051
"P38773,P38774",2,1,1,1,1,1,0.00154948445618403,0.0112610733642957,24.4501175250223,24.2377453030902,24.4231430876594,23.7125738951864,23.5526726309389,23.7368894796943
"P38777",3,3,2,2,1,1,0.000158819711934658,0.0035216181195241,25.7484124204995,25.8424102370374,25.7432781725196,24.2277142669148,23.5088423337121,24.0514550360249
"P38779",2,2,2,1,2,2,0.108630652678072,0.249974226276511,23.9440785267222,23.9597905327382,23.9060234257616,21.4690701633958,23.3990645709246,23.616624732016
"P38787",5,5,5,5,4,2,0.0165802766257341,0.0676469929213111,25.6859192054018,25.6056348540123,25.8953315880964,25.0600742965716,24.9923974766316,24.0151668459909
"P38788",17,17,17,15,17,14,0.000982964169517785,0.00826299736781953,30.5526251921869,30.3566228103652,30.5661278413581,29.5145938231792,29.7594372520157,29.3417608280402
"P38791",10,13,10,8,9,11,0.000834841108514546,0.00750238209402907,28.350489804623,28.7144002714152,28.6230324535529,27.4180895959169,27.6034925520691,27.711563494149
"P38795,Q6IA69",7,6,6,6,4,4,0.000607536800175295,0.00623087227655129,26.187173059966,26.2986066822701,26.1409098242059,25.1565631765334,24.4547522456331,24.8697969263135
"P38804",2,2,2,2,2,2,0.000524182782281523,0.00587061470799107,27.5444663642535,27.7191545473315,27.4929651824046,26.1919803257017,26.6378554870289,26.5284212664236
"P38809",4,3,4,2,3,3,0.00312048867865559,0.018697020540794,24.5716068213906,24.2442938602596,25.2944301689606,22.899602782297,23.4403442118362,23.2145864621654
"P38810",1,1,1,1,0,0,0.217754480122514,0.381769482505664,23.1349883404646,23.5432729011523,NA,22.8471369673384,NA,NA
"P38817",6,6,4,5,3,3,0.624588989991673,0.741607660660071,26.0010805277963,25.8836095177888,25.5002856242219,27.0862248431824,24.8279630149536,24.3391545770193
"P38820",2,1,0,0,0,0,NA,NA,25.1806621008467,NA,NA,NA,NA,NA
"P38821",3,3,3,2,2,2,0.00227668179087504,0.0148070153438551,24.9747980778213,25.2352819104208,25.0658625052122,24.424258959737,23.8070515135123,23.9423388781702
"P38822",1,1,2,1,0,0,0.907678884894549,0.936988769180945,22.5643126099131,23.4250952112798,23.450417654692,23.204276797174,NA,NA
"P38825",3,3,3,3,1,1,0.000853796313641968,0.00760586451535376,23.7979914080461,23.8136758947597,23.8948786257084,22.4393015275899,21.9870554657144,21.2793458571184
"P38836",2,1,2,1,1,2,0.224661140625758,0.38732916131222,23.1603802648249,23.3413479387722,24.3381399571282,22.0240354699677,22.8840700189913,23.760242189073
"P38841",2,2,2,1,1,1,9.14891658835601e-05,0.0029808636388006,24.8061229538709,24.8201390441755,25.0404105152647,23.189217728636,23.452016093918,23.5722470666586
"P38845",7,10,9,6,6,5,0.00142272209813615,0.0105834599671365,27.7475541382452,27.8461820451076,27.7343786141518,26.4876638939952,26.7284928827002,25.8389644992879
"P38853",3,3,2,2,1,1,0.0103765105045609,0.047560575824444,23.5884259136148,23.9600965775083,23.2782125178127,22.0128616308779,22.8383403518455,22.7073891685612
"P38858",2,3,3,2,2,3,0.200036607233916,0.363502081991656,24.4842354017772,25.4630828557429,25.4602213137662,24.8808261429512,24.5730037786478,24.6416794000365
"P38861",3,2,1,0,1,1,0.142094658749368,0.295236578092579,25.725243501281,24.0023888092451,22.3415085101519,NA,22.1841211625921,22.262834490223
"P38879",8,7,7,8,8,7,0.000298009024657487,0.00439251134972144,30.2516390465615,30.0151983854136,30.2034694089126,29.2720717754223,29.2334488749557,29.2014336530105
"P38882",2,2,2,0,0,1,0.630149356197505,0.745755482229053,22.283992819235,22.6661442389314,22.4305103538742,NA,NA,22.3347571264327
"P38886",5,5,5,4,5,4,0.039769492809738,0.127783529377854,27.3361947443081,26.9493076539859,27.0720601458373,26.0059042254161,26.920235225823,26.3258992657829
"P38891",5,5,5,5,5,3,0.00735422704633113,0.0362755867295103,26.8665726686452,26.8791254565659,26.8719671931752,26.1051849270155,26.1214187610918,25.2768491819896
"P38902",2,1,2,1,2,2,0.205876188874803,0.369932632517477,24.7728756295447,24.1845858444384,24.7263317634402,23.0582896949542,24.6128262018303,24.1650433555386
"P38903",2,2,3,2,2,1,0.108789949453336,0.250112896990806,24.7580854710719,24.0439096593839,25.0185567904339,24.0971065390831,24.2822343486749,22.9972247661655
"P38910",4,5,5,4,3,4,0.00156112242848712,0.0113158155334856,29.0349704749149,29.5807240378081,29.556618787809,28.1176491451227,28.094651238119,28.4616568572175
"P38911,Q06205",4,4,4,4,3,3,0.010165292591037,0.0467957306293048,26.8960766629553,27.2390069516541,27.4164077788961,26.6901552564934,26.0199950351957,26.0017030258736
"P38912",4,3,4,1,2,2,0.0028232837069723,0.0173907390291672,26.8417363156962,27.0016271053343,27.099838318219,24.6734462924698,25.0687858181432,25.9812585064295
"P38919",15,13,13,14,15,13,0.90050311345213,0.933013584830094,29.9966404711991,29.7217232534117,29.7420359723306,29.8796423895885,29.881317549928,29.7499938553527
"P38929",1,1,2,0,0,0,NA,NA,22.5639546020311,22.9427798731562,22.5609644294011,NA,NA,NA
"P38930",2,2,2,1,1,1,0.00145048558297113,0.0106954783643608,24.3262964443268,24.4458949432109,25.0601476043248,22.77923506853,23.2239265596257,22.2297571296918
"P38934",17,16,17,16,18,15,0.000103566433199115,0.00304905986253359,29.7169723529338,29.6619979407334,29.7453170010338,28.5975102823143,28.755843190553,28.6625497654758
"P38966",1,1,2,0,0,0,NA,NA,21.7402026842041,22.226340539818,22.6188170036025,NA,NA,NA
"P38968",16,16,18,16,12,14,0.000253015144601377,0.00401491789656189,28.466362587044,28.3421113161037,28.4661724425694,27.4603823680193,27.1524123028648,27.4263095520178
"P38972",27,29,29,25,25,26,0.0313425224735879,0.108358029441542,30.0511397915382,31.7233439821307,30.1540250045951,29.2042625443438,29.3863393079578,29.3453397315757
"P38985",1,1,1,0,0,1,0.0149384881206992,0.0626696872904081,23.952894588491,NA,24.0220237672682,NA,NA,22.7449084983909
"P38986",4,4,6,3,3,3,0.0525428720504308,0.154658535388535,25.6255669254833,25.2398264319607,27.3244870949351,24.7560633230436,24.8789529176119,24.4707514598025
"P38998",1,1,2,1,1,1,0.812239667071925,0.877378648071064,21.3873325689277,22.6483266711411,24.3143608178882,22.328462176231,22.5894573720527,22.8855093060474
"P38999",7,7,8,3,3,4,0.00193913047317526,0.0131470443221587,26.6897185722545,26.6212001571592,26.2480599056766,24.8895797233345,24.7954255293135,25.6001826043089
"P39003,P32465,P53631,P39924,P54854,P47185",1,1,1,1,1,1,0.000217636702732569,0.0038119402774274,28.0021073024502,28.294896103262,27.9892444046414,26.738954728558,26.9692882772413,26.9627793117548
"P39004",10,10,9,8,9,9,0.000147410582150574,0.00348399958625677,29.7175652376234,29.6678648881175,29.4277690535835,28.4325749853277,28.5270874967168,28.4029158262288
"P39007",5,6,4,3,3,1,0.00916911171305355,0.0434050452320839,25.6496561955496,25.4605433746587,25.2832775728956,24.5924592807099,24.3660632389275,23.3296782929019
"P39010",1,1,2,0,1,1,0.143108047582159,0.295841989949309,22.8768005613198,23.2899286999416,23.32586113208,NA,22.8872438788311,22.7479498451851
"P39013",6,6,5,4,6,7,0.875401071678327,0.917926263866977,26.7199164097341,26.4509122592136,27.0069396563717,25.6901395989374,27.2761100270897,27.4579514756047
"P39015",8,8,8,8,7,7,0.0181152907412871,0.0725069624222778,30.3218511500757,30.5391754860828,30.8956121565016,30.1353525666297,29.7844958297587,29.9442019609945
"P39019",8,8,8,8,8,8,0.595317597801143,0.718005581785574,30.6060955733645,30.1019368649033,30.0088065157171,30.449439281588,30.3628555956556,30.2290762479254
"P39023,Q92901",16,16,16,16,16,16,0.343118872422761,0.506789808439775,31.5197299331628,31.6332972423085,31.5013420062452,31.5710141090072,31.7178740843178,31.713772586845
"P39076",7,6,6,5,4,4,0.000414933340315366,0.00514945528730446,27.5294012550145,26.9943614512129,26.8112712614877,25.6263380345139,25.5405099749477,25.5768550209179
"P39077",13,13,11,8,9,8,0.00951659971162031,0.0446317039400132,28.5031321626396,28.6911977833274,28.1294374375788,27.1568124660422,27.8976667116431,27.1106758827094
"P39078",6,6,6,4,2,3,0.0150640560957116,0.0629720248919403,27.4754413981175,27.0861628817697,27.2516021530863,26.5372141496304,24.8531479281017,25.9211144566224
"P39079",11,10,10,5,6,8,0.000133282714597107,0.00341929066934475,27.5332435390208,27.30652593154,27.2532932018653,25.5191181460785,25.2309353928273,25.8768042719313
"P39099",0,0,0,0,0,2,NA,NA,NA,NA,NA,NA,NA,24.4198819418338
"P39101",6,5,7,5,4,4,0.00285756607050035,0.0174952317843603,26.6970396506426,26.1555337050387,26.7557393149126,25.1758348178436,25.6238681773943,25.5044630413017
"P39109",4,4,4,3,3,2,0.0205695736637544,0.0799207050581718,26.0602735912284,25.7047531452378,25.3297714307072,24.9782676853247,25.0181112111532,24.1879738067261
"P39111",1,1,2,1,2,2,0.455154544888804,0.601769838756293,24.3966247427628,24.5261154924668,26.5513643119857,22.8942846650558,24.993573955129,25.447673484298
"P39265",2,0,0,3,2,2,0.00119354934555222,0.00941482067002752,23.1094043677483,NA,NA,24.8807712657173,24.8658288233426,24.7294100811447
"P39325",1,2,0,2,1,2,0.00875101158420017,0.0417782226009405,22.5081851571803,23.1547484648449,NA,25.7770607683421,24.2432012250532,25.513228939565
"P39451",0,0,0,1,2,1,NA,NA,NA,NA,NA,22.0792162791467,22.0072932686619,21.979695514023
"P39517",3,4,6,2,2,3,0.000216441845211765,0.0038119402774274,25.9800307184285,25.8872551558658,26.2932948707688,24.6793898225416,24.4884507995004,24.8349194411126
"P39522",7,7,9,6,7,6,0.000187561651629644,0.00362978506659514,27.1972866820333,27.2757377413989,27.5780455368188,25.8685642290337,26.0894098660092,26.1226639727243
"P39676",15,14,15,15,13,14,0.000168569594029795,0.00353613241630362,29.7509806976287,29.7448046282353,29.6122310627985,28.7863258715057,28.7190921767367,28.7814802888955
"P39683",7,7,8,5,6,6,0.0428532030968825,0.134744146245934,26.2760721588427,26.5342059221637,26.3705421191774,25.3043853909847,26.1260673076794,25.9000923403699
"P39687,O95626,O43423",9,10,10,10,10,10,0.413833538792113,0.567546349291057,31.011031232911,30.8897198008485,30.8658378969043,30.8996014281312,31.1035767304025,31.0771927313591
"P39704",2,1,2,1,1,1,0.00117173521955943,0.00932036943936167,24.9302070641416,24.6022074418161,25.3038366239591,23.713560184776,23.6246937539781,23.8289327696676
"P39705",1,2,1,0,0,0,NA,NA,22.0021426954423,23.1199732641423,NA,NA,NA,NA
"P39713",5,4,4,4,3,1,0.0326214998904322,0.111391866416134,26.8909886836352,26.5982804028731,26.4133858515892,25.8050337525324,25.4004073092344,23.5062545910825
"P39714",5,5,5,4,3,3,0.00431673618375466,0.0239339566016957,26.675851776433,26.4675565830219,27.1373677933717,25.9040970197974,24.9896828028267,25.2797449244874
"P39721",2,2,2,2,2,0,0.585545912690512,0.710558822078422,25.1766953811607,23.2791759472261,23.3723257934713,24.2029956728723,22.7698720016975,NA
"P39726",2,2,2,2,2,2,0.0344808506836551,0.116189922730289,25.5814944106764,25.8119813972183,25.3364005126916,25.3576825571767,24.513699416366,24.4030684681419
"P39727",4,5,3,1,3,3,0.0170512219401129,0.0691217672708751,25.302313369781,24.7182049447064,24.8033178956965,22.3887946879786,23.9847526142067,23.8139483419471
"P39729",2,1,3,1,1,0,0.111434994211535,0.253768329919957,23.6399231283339,22.2448214870862,24.6033746528231,22.1746266616356,21.9875073799308,NA
"P39730",14,14,14,12,11,10,0.832587811390786,0.889843638454266,28.6077053238006,28.6971195478419,28.6964874473414,27.3104688447241,31.0371497562347,26.9177637428753
"P39743",6,5,6,3,4,4,0.729213085165994,0.820969529249584,32.2560979290147,32.4140591746773,32.2894697409234,32.1098277424858,32.5310615392743,32.4879341979062
"P39744",2,0,2,1,0,2,0.143050384360791,0.295841989949309,23.9986463965958,NA,24.1088159567415,21.0197358071898,NA,23.55443646505
"P39748",10,9,9,9,10,10,0.648177384679102,0.759263443880831,29.451643164414,29.254431751618,29.2154272636908,29.2444552488846,29.4102850035828,29.451508643207
"Q13948,P39880",4,4,2,3,4,3,0.531381659351058,0.667331865087567,24.8402060525295,25.3349313716526,24.1366683371515,24.313968459266,24.5714288960338,24.7708323053924
"P39926,P32867",6,6,6,4,4,5,0.00187418740777015,0.0127925954008743,27.3349775566102,27.4412164162067,27.6550760226718,25.6968878924324,26.384234776486,26.4433903100433
"P39931",3,2,3,3,3,3,0.313325439314484,0.479432533770814,24.5911264732157,25.3019305177438,25.6594073101598,24.7804474816706,24.0578732352445,25.3263017607891
"P39935",11,10,11,10,8,5,0.000591804943624856,0.0062016737971974,27.209702113724,27.1873333374116,27.4122853976526,25.9737726244539,26.1846587127595,25.5290368342244
"P39936",3,3,3,2,2,1,0.0408097931737177,0.129723263260194,24.8208057679304,24.8913129203902,24.5248041611887,22.4798921724243,23.2230371535778,18.3182602329714
"P39939,P39938",1,1,1,1,1,1,0.00212292208581445,0.0139849092783675,29.2265123737381,28.9497411488684,29.1434321640312,28.4804391149984,28.1314214059488,28.3447438638557
"P39940",11,11,10,8,7,6,0.00340320504781578,0.0198690731021677,27.0296269933753,27.598034607653,27.4937457207686,26.3332264803086,26.5411048069582,26.5438706591092
"P39954",11,11,11,11,11,11,0.000214289447532525,0.0038119402774274,30.3363117274861,30.4453724398142,30.4404423378668,29.4249036155759,29.2642915112761,29.5149425536252
"P39958",6,7,6,6,5,5,0.00245611450812825,0.015604823120196,26.4891932954249,27.3340903952133,27.4671000929285,25.6483931043776,25.599718605616,25.7309187947022
"P39960",1,2,2,0,0,0,NA,NA,23.0156137211808,23.6015209811917,22.7351775357692,NA,NA,NA
"P39966",7,6,6,7,4,6,0.01300325688132,0.0561843032570978,25.7071489861348,25.1405068075355,25.4210109044418,24.6584154294354,24.2129538447998,24.8745163046907
"P39968",7,8,7,6,5,6,0.000293812448124647,0.00439251134972144,26.857863306002,27.0445591806859,26.7832405147749,25.7840610148946,25.4238190062387,25.2393157307928
"P39976,Q8N465",11,10,11,10,11,11,0.000636593477639048,0.00632224623269853,28.5975513480418,28.5240210884586,28.6816359810711,27.482158278912,27.8012064154552,27.7609927023911
"P39985",1,2,2,2,1,1,0.0384318801248574,0.125076950071298,22.4770686850649,23.7851998822107,23.5835675048813,22.239231822008,NA,21.5630742018275
"P39986",14,13,14,10,8,12,0.00112063619706926,0.00905482190614727,28.4130540161884,28.3265810618838,28.1631102613634,27.2172779528553,26.7243394687205,27.3513244643011
"P39993,P47102",1,2,4,0,1,3,0.404239512116034,0.559401034437832,22.0435238017836,23.9446369225401,24.4303907729409,NA,21.6202763789507,23.5647344307002
"P39996",2,1,0,1,0,1,0.0309104474580247,0.107544204823386,25.6963106706867,24.2582982902629,NA,23.2434376837505,NA,22.5368484755916
"P40008",4,4,3,3,3,3,0.212853905296606,0.37646248355784,26.1408383484674,26.5375422281123,24.9337445891096,24.5808183396767,25.8739620395687,24.9309084406168
"P40010",5,5,3,3,2,1,0.0487803731274256,0.146747864601922,25.3872241676122,26.1377869558926,23.9369621558489,22.0605782406749,23.9782560671812,23.7754146180241
"P40016",8,10,7,5,6,7,0.0099488759907305,0.0461448784473643,26.9183780565282,27.3883277218356,27.1702886751102,25.5106671442346,26.2339683594626,26.4700376545666
"P40018",2,3,3,1,1,1,0.0152425197647194,0.0635230753561038,22.7235615782725,23.649655469299,23.9939782706991,22.4573717399073,20.9386289407302,21.8326002865023
"P40019",1,2,2,2,1,1,0.0465886797730989,0.142304481022524,24.0704361611281,24.5250298847524,24.5438218722529,24.1624891251445,22.8785432073436,23.4101333515926
"P40024",7,7,9,6,6,7,0.000109195095744172,0.00308125379108276,27.606774602813,27.5758021792037,27.3322172693377,26.3339481886982,26.1304684338961,26.267774915191
"P40029",4,4,4,3,2,3,0.090619544490003,0.223032923287245,25.2885657946927,26.0678380512316,26.1771400323027,25.1933508054121,23.816909591057,25.4693234959849
"P40030",2,2,1,2,1,1,0.0376605309735488,0.123368604346446,23.6828312754206,24.440311793466,24.1210591697925,23.7355752870564,23.0482565410864,22.5135343592324
"P40032",2,1,1,1,1,0,0.0312161709537927,0.108198757297221,24.0595028360147,23.4641351596058,23.1349348894147,22.0682705708591,NA,NA
"P40037",4,4,4,4,4,4,8.75005134884067e-05,0.00294643395753295,27.9472805775005,27.9899188607464,27.987998494151,26.918603339243,27.0144621615268,26.9591504100297
"P40040",2,3,2,3,3,3,0.758052027304981,0.838895046844487,25.0791861850881,24.9560745647531,23.993684008286,24.1272105216382,25.1505791450058,24.3623253056668
"P40043",2,2,2,2,2,2,0.000559506055186956,0.00600922337901266,27.832609908198,27.9361446399868,27.8577384731743,26.4954620703044,26.8523587076002,26.97391986936
"P40047",5,3,3,1,1,2,0.000101258019190173,0.00304905986253359,24.9497172216737,24.4337155995129,24.8918420775608,22.6485993915382,23.0218463200363,22.9639220799147
"P40053",3,4,2,1,1,1,8.36502247593406e-05,0.0028356864782512,24.4957439111049,24.8575413391149,24.6793507041147,23.2195622034718,23.3615537007034,23.3405579149245
"P40054",4,4,5,4,3,4,0.0002648275570884,0.00412853083596762,26.2437478073791,26.3774846305339,26.4884036061367,25.2706903446335,25.0877343452252,25.4044720165021
"P40056",2,2,2,1,1,2,0.0298598672589782,0.104956290553305,25.2319853617369,25.3519403320562,25.4989385457429,22.859041271655,23.8273894015545,24.9291288001269
"P40066",1,1,1,1,1,1,0.21802810010676,0.38198227916927,21.3117945901531,21.3842397481805,21.1652218113739,22.5194565685621,21.4600610205967,21.2990077439171
"P40069",17,19,20,14,17,14,0.00113494001081798,0.00914287399464373,28.915154994766,29.0487244950829,29.2237038926527,28.0752364678688,28.2372324990517,27.7577734641873
"P40075",9,9,10,9,8,9,0.00282725379038004,0.0173939816019605,28.9870755415172,28.8518367941112,28.694480228968,27.9462025859502,27.888484523552,28.2851215576543
"P40078",2,1,1,0,1,0,0.372989365265075,0.5350814148432,24.7896497435067,22.7375077849083,22.3504760358632,NA,22.1445131443065,NA
"P40093",4,4,3,4,2,1,0.0049958399764927,0.0266744056250155,25.4685415946721,25.3166144870911,25.2919492822606,24.0643328922975,24.1894876723419,22.8638648201471
"P40096",1,0,1,0,0,0,NA,NA,23.1025011292878,NA,NA,NA,NA,NA
"P40106",2,2,3,1,1,2,0.499007142663115,0.640204490117195,24.5971374503557,26.2880557915497,24.3612484042595,24.6978849604455,23.3355524412191,25.5769091446463
"P40121",5,5,5,5,6,5,0.0168349916032793,0.0685754375710999,25.283643437303,25.3925855558388,25.6561804003884,25.8537669418242,26.3234564218449,25.9679889461422
"P40150",24,24,24,21,22,24,0.196025476623138,0.358333274611742,29.0404091298728,29.1833043458566,27.3937966003274,27.0099994033408,26.7290457688816,28.7195525397523
"P40159",4,5,4,4,4,4,0.00140625698537579,0.0105074024158774,27.0521372596293,26.6736934947395,27.071537430237,25.3087566403999,25.6940451377814,25.9765480291047
"P40165",3,3,2,1,3,2,0.0121996660049666,0.0536296892872812,26.07495241583,25.8421611995281,25.2333983390258,23.2384782596818,24.7964809882589,24.2383237058053
"P40168",1,0,1,0,0,0,NA,NA,24.0713360457885,NA,23.0690082981892,NA,NA,NA
"P40185",7,7,6,5,6,6,0.000301839646991401,0.00440633542472129,30.3257450661802,30.4000947781731,30.1849621632926,28.905850892509,29.2745064920814,29.2306251966873
"P40202",3,3,5,3,2,3,0.00619028575849187,0.031678959844116,25.6959606294279,25.716145325598,26.2474738267133,25.1642486471074,24.7814561547651,25.0901936215075
"Q12690,P40212",8,8,8,8,8,8,0.000865109067423243,0.00766608052553473,31.2815332165204,31.4072144379334,31.3775631914955,30.14994125981,30.5239711654767,30.5369667198765
"P40215",4,3,3,1,1,2,0.0136984009074358,0.0585211171495619,25.31794195653,25.2436340552531,25.7014792327212,24.5737069491167,24.7962465085476,24.9673697371363
"P40217",7,8,8,3,6,4,0.0631675294795146,0.175844658587642,27.1452466640208,27.3548963919084,27.934961596453,27.1071329769368,26.8848365725057,26.110657189986
"P40222",11,11,10,9,9,8,0.296583629172096,0.463360318882851,28.0090512714289,28.0571309834887,27.8403539451541,27.0069856777274,27.9304205745016,27.9747416837035
"P40227,Q92526",20,22,22,23,22,23,0.0304214630212814,0.106472014203412,32.042059687714,32.0541046877978,32.0350160226692,32.3162883744506,32.3126999417788,32.3596901091592
"P40261",0,1,2,1,0,2,0.836820063523541,0.893044187800001,NA,22.0213861884447,23.4418147965177,21.806299809583,NA,23.3120984207252
"P40302",10,10,9,10,8,8,0.0218701603596928,0.0835598940823057,29.0306683580889,28.860008541637,28.8910770035773,28.6748316154594,28.4517686178821,28.5094411748262
"P40303",6,6,6,5,5,5,0.000992989353460558,0.00830395566941934,27.4509302476596,27.4546502534023,27.6598362472284,26.2568873640587,26.7527726864609,26.428305759641
"P40319",2,2,2,2,2,1,0.000356728090908617,0.0048171040259762,25.9489095444533,25.7958050555526,25.9285969033,24.8764843972987,24.9058266730546,24.5284212664236
"P40327",3,4,5,4,3,3,0.0831509243047134,0.21211884780965,25.4453009715162,25.837088090639,26.0922481898125,25.6967320382897,24.4453622866029,24.9805222288196
"P40348",2,2,2,1,1,0,0.0940166974752705,0.228465576073734,24.0292565491465,24.1017808425846,23.762620742455,21.5582393834469,23.6541041843978,NA
"P40357",2,1,2,1,0,1,0.0135488395625411,0.0580451133421502,23.4001387028449,21.7809965197267,23.2301857988822,20.5126163253471,NA,20.8176174564398
"P40363",2,3,2,2,2,1,0.00373308858253133,0.0212961740424357,24.8675054791499,25.4783067086955,25.135335100719,24.0478092220151,24.2664937116135,23.5313847710281
"P40364",1,2,1,1,1,1,0.00373557913316136,0.0212961740424357,23.3344454166801,24.3604861298568,23.2051145384974,21.8843120538403,21.5784001017042,22.2678587328703
"P40413",11,11,11,8,8,8,0.907510401894658,0.936988769180945,29.04865737904,29.1551578455073,29.0424257603546,29.1514489120361,29.054654366741,29.0000893856736
"P40414",8,6,6,6,7,5,0.000296626026415259,0.00439251134972144,27.9294007947256,27.349503950383,27.5845936559469,25.7032324268521,26.1612702234641,26.0682618197819
"P40425",1,1,2,2,1,2,0.47974712052491,0.624054263654731,22.0027843377853,21.1718399088555,23.5328262060163,23.7373948043122,21.4728520514084,23.393635452058
"P40429,Q6NVV1",9,9,9,9,9,9,0.747525971468138,0.833499709025511,30.622208770244,30.4451162415644,30.515943452447,30.3794314768312,30.694375473726,30.6470703659288
"P40462",3,1,1,1,1,0,0.0271074197440558,0.0971750015097416,23.8533449637935,22.7954921051237,22.8407568677546,22.1251550704207,21.5981188299316,NA
"P40471",5,4,4,4,4,3,0.00423961054586173,0.0236100031611329,26.9519909731938,26.8688730159429,26.6012274796471,26.188215866275,26.0879019848971,25.7519966243858
"P40477,Q9BTE0,Q9P2M7,P13533",3,1,3,1,0,1,0.245418178467709,0.409870107236219,26.0402138085432,25.7309945587331,25.3958440928728,26.0348472681337,NA,22.6648201796827
"P40482",8,8,10,6,6,7,0.00102492702403528,0.00850066732085744,27.1207890547059,26.8417252804183,27.0848078722727,25.6929864788654,26.1123355085575,26.1017506529299
"P40495",6,7,6,5,4,3,0.00317505278721081,0.0189341105409703,27.4509302476596,28.1099751470171,28.0690519414982,26.3523495509939,26.9221168853568,26.7092815778236
"P40506",2,1,2,1,0,0,0.112124524966291,0.254837418970405,23.4228789240748,22.4426571584223,23.5544351253595,22.0007524397754,NA,NA
"P40509",4,4,5,3,3,3,5.16516318452026e-05,0.00239535589969429,26.0777315281692,26.1211369211549,26.457396574707,24.7013071356102,24.6529392069564,24.6637096265577
"P40510",6,8,12,5,5,5,0.0219353042466269,0.0837305494998932,25.2670477610265,25.8691785961412,26.1112424087163,23.8173292370133,24.859333969173,24.9553041911927
"P40513",2,2,2,2,2,0,0.034482022208019,0.116189922730289,25.3566575286935,25.4778793068139,25.7878088669671,25.0983813592836,24.6009944653084,NA
"P40517",2,3,3,2,1,1,0.00362952288060756,0.0208576064548287,24.076006419171,24.4377868157686,24.8446126833909,23.3015759052514,21.9682375274237,22.5528303780047
"P40518",3,4,3,2,3,2,0.026291330566087,0.0952636375102622,25.9848624297881,26.681718502962,26.423798510571,24.7594697833711,25.9533146673485,24.3531901070868
"P87262,P40525",1,1,1,1,1,1,0.00068601500200666,0.00661271331132755,28.6568307140863,28.8573924539127,28.847343093023,27.7228811528924,27.9973526509864,27.9546795126634
"P40531",12,13,11,10,12,12,0.00377435229863655,0.0214687538968617,29.1140362798425,29.2646305390866,29.2083516302924,27.735605631156,28.4166389201877,28.3890729645719
"P40553",2,2,3,2,2,2,0.0172035669424132,0.0695718307655158,24.5147230713199,24.9752409240441,25.4068810064083,23.2115558163511,23.927666905182,24.249436361069
"P40564",3,3,3,0,2,1,0.165426789932112,0.324367513954618,24.4194199838489,23.7701811683629,24.6495414174272,NA,23.5425034450134,NA
"P40580",1,2,1,1,1,1,0.0155911348565205,0.064602807350521,24.0376607113574,23.7067606908432,24.1847003622277,23.0741570102495,23.5674498021436,23.2820042235255
"P40581",2,2,2,2,2,2,0.00385125455048977,0.0218565086991354,27.0045238282599,27.0642659883426,27.1326983336088,26.0952394925164,26.4559402601446,26.5147836441436
"P40582",5,5,6,6,4,5,0.000831258331315744,0.00749765327049254,26.8243598310638,27.0784310018991,27.1688232661057,25.9418825271254,26.0142605657408,26.2246050976194
"P40616",2,2,2,2,2,2,0.887591823832393,0.926477847112506,25.4041084905364,25.3910825563581,25.1919968625531,25.7079725842577,25.1015114045647,25.2622489822296
"P40692",2,2,2,4,4,5,0.00397217069176165,0.0223672621673223,23.8252403122383,22.9579375760412,23.8499057877201,24.8797282014668,24.6603659755094,25.0590307029582
"P40693",3,3,1,1,1,1,0.0812656701891083,0.209051545644259,24.263114994877,24.718521548369,22.4370396237949,22.5089567848832,22.7517028884792,22.3238077047774
"P40763",15,14,13,14,17,15,0.0103284038614997,0.0474025255762854,27.8378415087178,27.8607514660026,27.7854733777963,28.2985534961847,28.3554891328621,28.1327503358478
"P40818",3,3,3,4,2,2,0.737286554440205,0.826828238560718,23.9856263668146,23.5267354731557,24.1933748714044,25.3187969912828,24.2093480947028,22.8452558248581
"P40825",25,24,27,16,18,18,0.000468250887457485,0.0054875527437303,29.5154175571351,29.4675902181572,29.8647698156058,28.275728269391,28.595176799719,28.433127275542
"P40855",3,2,3,3,2,2,0.189200939571925,0.350956278287842,26.2095386378478,25.3767970599069,24.8758044692558,25.0414409947956,24.8707921966309,25.008280078167
"P40893",6,6,5,5,4,6,0.0870182754892602,0.217266094659542,29.5608582852631,29.5936339389142,27.4209972264309,26.546463171942,25.9445338781017,28.5236557290689
"P40925",10,10,9,10,10,9,0.383655822967911,0.543138209823821,30.602306547543,30.77113805887,30.5552641225478,30.5439788777949,30.9117034326622,30.9043876576595
"P40926",16,16,15,16,16,15,0.32060763129044,0.485282932468688,33.0891398065006,32.8779997295098,33.2122396185404,33.149959047911,33.1183797752664,33.3931898414571
"P40937",8,8,5,6,7,6,0.71150727504124,0.810144920318222,27.6953916311792,27.3866210634652,27.2838492888259,27.7929388062219,27.5451222423215,27.254317894132
"P40938",8,8,8,8,9,9,0.334733197977253,0.498921609790388,27.4928417951391,26.9849926603114,27.2898536468463,27.6791374045476,27.4528382282443,27.2399482181278
"P40939",18,20,17,20,18,14,0.389072671522595,0.546997440460569,29.8983287185074,29.9912998670482,29.8368466329562,31.1341301569224,29.917862855884,29.7445381183377
"P40956",2,2,1,1,1,0,0.0164940754655788,0.0674587653252136,23.8013580057022,24.212791607567,23.1566518654971,22.4099404151791,22.52755193858,NA
"P40961",4,3,4,3,3,3,0.00362974382771618,0.0208576064548287,25.9195778237791,25.7911896639799,26.0865680774428,24.6758519453837,24.4242742826452,25.2568200494227
"P40970",5,5,5,4,4,5,0.00127769331086338,0.00986327990832641,26.3985262124112,26.2938948848174,26.1503624460569,25.4684202991092,25.541874225679,25.6429207840577
"P40989",2,2,2,1,1,1,2.69874018848149e-05,0.00166235813317317,24.0880613174296,24.3274190124738,24.0224565541444,22.6259386580634,22.5714562999912,22.5458351850292
"P40991",2,3,4,1,1,2,0.145232822583707,0.298097850626902,22.5125912278086,23.9286189085576,24.889906395749,21.5490968685299,21.7088950499119,23.7897755147993
"P41056",1,1,1,1,1,1,0.011874449481147,0.0527973981771773,27.2540683691859,27.4706477375828,27.4682919104608,27.0365970500836,26.736305744596,26.4888423704878
"P41057",3,3,3,3,3,2,2.53610487413891e-05,0.00160123321490945,29.372377804998,29.4930444665989,29.3627659170906,28.0986644997479,28.0239430769956,27.9396581185741
"P41058",3,3,3,3,3,3,0.00454820438665464,0.0247820715825163,28.8338698749889,29.0974010056481,29.1424992462907,27.6151827604604,28.3050335617299,28.1729154033345
"P41091,Q2VIR3",14,16,16,15,15,16,0.215334989245089,0.379106668064464,30.306766645124,30.5516043472686,30.582653738449,30.489801803818,30.7424230269501,30.8419289383356
"P41214",8,7,7,7,7,6,0.197906928373264,0.360226268545353,25.67607363281,25.6430706857684,25.8942875913937,26.1958232154272,26.0345801976556,25.7168412250405
"P41223",6,6,6,6,6,6,0.454802734132232,0.601520976722153,26.7135900510019,26.8100302614174,26.6290839858115,26.9484952299175,26.7779425734666,26.7208389375557
"P41227",8,10,8,9,9,9,0.0667137749857998,0.182252640643775,28.1065386159974,28.108336553675,27.9253027477105,28.3000931922123,28.3173415707541,28.280476261421
"P41229,Q9BY66",2,3,2,4,4,2,0.218811354307223,0.382825130102454,24.2025531995528,23.7368113440628,22.5462317197635,24.241114007586,24.7392056351018,23.6092344009733
"P41236,Q6NXS1",4,4,5,4,4,5,0.925168587547999,0.947356178229872,25.8547568331356,26.1148110681446,26.1577193303022,25.9278485979741,25.553921417299,26.5635331403352
"P41240,P42679",7,8,9,9,8,9,0.543423224572566,0.676197083166031,25.9950941836403,26.5813458623257,26.5481116162735,26.554019547099,26.2880201336617,26.6955137606998
"P41250",17,18,18,19,17,18,0.220086088404574,0.383593800045377,30.126807182884,30.0702809718798,29.9278558925131,30.2132794177013,30.2918662054989,30.1116335606449
"P41252",39,38,37,39,42,39,0.0260179237607498,0.0944762997236143,30.5615589385038,30.5432505599387,30.5108919098355,30.8601341882169,30.9471994715051,30.7763487798672
"P41277",12,12,12,12,12,12,0.000125095853048993,0.00328859332695853,31.2286314617499,31.2354359957534,31.1974431258793,30.1017871537417,30.2167915310021,30.2936884716414
"P41338",11,12,11,10,11,9,0.000735917574366044,0.00696786007716593,29.0207449122748,29.2499213428764,29.2282055902329,28.0763151184169,28.3901313982013,28.0075875821254
"P41543",2,3,2,1,2,2,0.00762603133266263,0.0373608964706876,25.0012930238954,25.1217867915004,25.0555381824469,23.163211239927,24.2753531703577,24.0532457049329
"P41567,O60739",4,4,5,4,5,4,0.144028211379225,0.296686370352282,28.9326231723432,28.6206255288663,28.8611954219044,29.1879996653305,28.9936506486732,28.949045200721
"P41743",4,4,4,3,1,2,0.166739902699272,0.326056232494782,25.2228217741404,25.0846549052415,24.4722839407734,25.1867073278367,23.2428227184693,23.8233774556989
"P41805",8,9,8,8,6,8,0.000172711246696575,0.00358615805385843,30.7661874092891,30.6527680108824,30.5903521954501,29.5709078213849,29.1676459145144,29.1572774381506
"P41807",9,9,8,9,8,8,0.000349635834622729,0.00479415209112867,28.3222292024323,28.2706575530039,28.088989162648,27.3301953753168,27.1408012438068,27.3201393524122
"P41810",10,12,12,5,7,7,0.000181410144533885,0.00362978506659514,27.843251786409,27.9150379835037,27.9104242250065,26.1387984959134,26.2669168265653,26.7053259381843
"P41811",15,17,17,13,13,12,0.000785490201762845,0.00722679600929714,28.2243396017827,28.4025070914107,28.6033384909742,27.4246918990755,27.5326843839829,27.5531165243899
"P41816",1,1,1,1,1,1,0.77659372905181,0.851438012902256,23.6081549571304,24.1638111517162,23.3919974241402,23.451398083166,24.0054891267841,23.4701105080179
"P41818",4,2,4,4,2,2,0.0250209987924423,0.0918598116984834,25.7735669396546,25.2298983592311,25.8036116936897,25.243591324486,24.3417674938632,24.1523144616965
"P41895",2,2,2,2,2,2,0.104087818904902,0.244440976931292,23.9574772076194,23.7116764914226,23.9819381991977,23.3606919313703,23.5127007646291,21.4297569038206
"P41911",4,4,4,4,2,3,0.0126835897167228,0.0552759375834054,26.3007603425622,26.2689756134745,26.6348743901938,25.713560184776,25.059779138223,25.8144074918956
"P41920",4,4,4,4,3,3,0.000162620362970019,0.0035216181195241,28.197029034914,28.2319353871221,28.1117085665904,26.8847991910142,26.9968425943995,27.2084159494848
"P41921",9,8,8,8,7,8,0.000608469057907975,0.00623087227655129,28.3173067776493,28.0193574346088,28.3221452946183,27.381420698672,27.1659738158818,27.2166027105929
"P41940",10,10,11,10,9,10,0.000160505040483001,0.0035216181195241,31.6795818198304,31.5658920903633,31.6057773837132,30.7432282976661,30.6332313489195,30.6370471193658
"P42025",1,2,2,1,2,1,0.0834259188367189,0.212478087635155,23.7892669424778,24.5817685499586,24.4169565408049,25.0615275032628,24.7061394704367,24.6142533945507
"P42126",5,6,5,5,5,5,0.415287068300715,0.568767619844607,28.3195334152121,28.4802817970292,28.3754560437429,28.521407998892,28.538215826573,28.409920692416
"P42166",18,19,18,16,17,18,0.338241021028206,0.502634715273159,28.4871632936896,28.2099072529635,28.4337637693066,28.4461748714177,28.6105526209418,28.4787032137083
"P42167",2,1,2,3,2,2,0.134414861749976,0.285744725041722,23.8055822743904,22.1973240064659,23.7733746537291,24.5419935630672,23.8415481368879,23.9679064002952
"P42224",10,7,6,10,10,7,0.0768101892762021,0.20181214105271,26.1855532674595,26.2465223974309,25.0958169256487,26.8151484652248,26.801074956615,26.2640821080345
"P42229",24,26,24,23,22,23,0.145365046292816,0.298228614469948,27.5756397586589,27.1372964992744,27.3720994173464,27.9015298258841,27.5422413036406,27.5378358656591
"P42285",23,22,31,23,25,29,0.654760593212379,0.764669539032538,29.6871231765415,29.2793637380114,29.6666011963925,29.4907684487594,29.6701479211743,29.6965260089228
"P42330,P17516",1,1,1,0,1,0,0.801658720765501,0.870603783828541,23.6169334345647,22.7316579616109,22.7771923285285,NA,22.9178069487893,NA
"P42345",8,10,10,11,11,9,0.252095439535066,0.417349742737338,25.7970669346661,26.0503558194616,26.3354719507442,26.5301464209952,26.7307491686586,25.9232020468932
"P42356",2,1,1,1,1,2,0.678683336786279,0.782476497171307,24.2912717426166,22.0934351094717,22.0415995389483,22.9991355669594,23.4530873800684,22.8256385907482
"P42566",13,13,9,12,12,14,0.177662596372225,0.337684480049561,27.2618739498628,27.2905676731746,26.8293168520295,27.6188888436652,27.1894876723419,27.4561136004538
"P42574",5,3,4,4,4,4,0.147395285129594,0.301170544170541,26.156484520052,25.7631390302401,25.7658768806787,25.7646536596169,25.2891661799151,25.6676538173774
"P42677",1,1,2,2,1,1,0.352335031750692,0.515838911702245,28.5622992592605,28.6903910035751,28.4998453715516,28.5209239099543,28.8874186239535,28.7772470085094
"P42695",3,1,2,1,3,3,0.576117562293231,0.702084078331098,22.1782666714066,22.3534904704767,24.7405625516882,22.1379584479951,23.7326650070155,25.2294335142065
"P42704",54,52,54,54,54,50,0.202300632824799,0.365850517865399,31.7051719124829,31.4595628579478,31.5719912089533,31.7813921337598,31.7954438598415,31.6770445535938
"P42765",4,3,2,3,3,3,0.899970276593524,0.93265282459456,25.7708274080118,24.8490973960544,23.9507468201939,23.7910566587139,25.1780598814279,25.3590244101768
"P42766",3,3,3,3,3,3,0.757688834262327,0.838895046844487,28.994655470881,29.109026714564,28.9523613119896,28.8811690783782,29.1958068067037,29.1075883017553
"P42826",2,2,2,1,1,1,0.189036250876027,0.350796955360439,25.6670536068736,25.8366089664359,25.7055950203565,25.3341085193228,21.9239370703019,25.5223073108314
"P42839",2,2,3,2,2,2,0.00118471798739122,0.00937932688763799,23.0913832293265,23.3126354614895,23.7624480266592,22.1901568967289,21.5759981569311,21.4202319069644
"P42846",5,5,4,3,2,4,0.628581562423978,0.745070274690663,25.5528185052036,25.5567421171971,25.2870947455137,26.7388184917286,23.6111609258404,24.8595109193276
"P42898",1,2,1,1,2,1,0.658953728820978,0.768018872955184,22.3464345377457,23.2343333305715,23.7471674885995,21.9860533088244,24.1760337821064,24.1543470403332
"P42938",5,5,4,2,2,0,0.00121327123575649,0.00948642881084524,26.3986516929911,27.4715201257077,26.2047808957555,23.7355752870564,23.6740214663417,NA
"P42940",2,1,4,1,2,2,0.144248011935675,0.296780736573154,24.5958872270954,23.2807694760454,25.1668996941682,21.8571681627419,22.163035299885,24.5938578519979
"P42941",2,1,2,1,2,0,0.162087382601256,0.320897645412181,24.3491825998659,23.9956122593134,24.8262629166531,23.2621800838777,24.2052035567269,NA
"P42943",3,3,5,3,4,2,0.236469508082165,0.399805874515206,25.5456162382812,25.5166536333306,26.7730960646366,25.0332681791367,25.9811212470775,25.0403108549962
"P43034",10,11,10,10,12,12,0.561720482224872,0.690910643196439,27.6329914660482,28.0419864449365,27.9127120155874,27.6631134646894,28.1285140351674,28.1572095673798
"P43121",0,1,2,1,1,1,0.0833144939159517,0.212321649227786,NA,NA,21.2226472872144,NA,NA,22.4241120329464
"P43123",3,3,2,1,0,0,NA,NA,25.211968431999,22.6060064835099,NA,NA,NA,NA
"P43243",31,29,29,31,30,29,0.347428165780384,0.511770097800151,31.5378998137592,31.5297427938,31.4711102804564,31.4782306045051,31.714388142527,31.7157325356576
"P43246",18,19,17,19,20,22,0.0349490524863193,0.117216244427888,28.7054255349276,28.8861886020812,28.7491354606923,29.045681443019,29.100063618417,29.1055965834865
"P43304",3,4,5,4,3,5,0.143323173511376,0.295841989949309,24.1176344328129,24.7109492807509,25.1748057836374,25.7904433362519,24.5950757081212,25.8809748652924
"P43363,P43358,P43362",0,0,0,1,1,1,NA,NA,NA,NA,NA,24.2656978071942,24.1554319301587,24.2234646135118
"P43366,O15481,Q96LZ2",8,8,7,7,6,7,0.99727904935097,0.997829370657423,26.7975564355423,26.9614920835299,26.9357755558094,27.064284569709,26.611544109564,27.020728291713
"P43487,Q9C010",7,7,6,7,7,7,0.100285488019761,0.23848493408089,32.1790415000636,32.3653820127044,31.9851796915857,32.6202248152343,32.4267627207764,32.364621649776
"P43490",14,13,17,12,14,16,0.345786857468633,0.509947275058121,29.570218886054,29.4814981996167,29.81982956984,29.6066017262839,29.7697555697327,29.9897597827799
"P43535",6,5,5,3,3,3,0.0660845379209583,0.18121226983646,29.4117667872379,25.4831328949378,25.5983515381319,24.1203475983707,24.4997269943066,24.4152277903584
"P43555",5,6,5,5,3,4,0.0212934195016504,0.0817894006865675,26.6282600631016,26.568732737265,26.6746545389044,26.2635318032568,24.8199115986278,25.2448108083877
"P43561",3,1,0,1,0,1,0.0223104426188443,0.0846656992244797,24.0658379978702,24.7737111524017,NA,23.3436401532984,NA,23.0785432617685
"P43569",2,2,2,0,1,1,0.000720820569865505,0.00686318114237989,22.8165937043994,23.0733476041105,23.1184298970447,NA,21.550143999455,21.0529033140652
"P43582",3,3,3,2,3,2,0.00562079096808835,0.0292988804745245,26.1911732082441,26.0761562776864,26.3902379205184,24.7584546629594,25.6295057081791,24.9023401353452
"P43585",8,9,10,8,8,6,0.00590314399554022,0.0305499798375755,26.9097252462168,27.2338746266367,27.2277169551593,25.9453763414211,26.4892306787929,26.4167102859958
"P43586",1,1,1,1,1,1,0.00129727575556244,0.00992809066870587,24.0595935344739,23.8379417871701,24.0486140242901,23.2741289100663,23.2817319592185,23.325818753305
"P43588",3,3,4,3,3,2,0.00119479312007279,0.00941482067002752,26.3398588286383,26.3366707840981,26.1604255067452,25.3215489139883,25.388129638712,24.8388967983811
"P43590",3,3,3,3,3,2,0.0786520426139522,0.20446292704224,25.4781751426501,25.5062127052654,25.670840557565,24.4692599561528,25.5862874163226,24.2166721861673
"P43593",5,8,9,4,4,6,0.00401248532580796,0.022544008209851,26.8008155371713,27.3903872440139,27.5952395532626,25.4752329523325,25.6592382784138,26.3167241899804
"P43597",2,3,3,1,0,0,0.00357712545891673,0.0206751033228102,23.5651050256395,24.3319784169601,24.4038390367847,21.2092675843476,NA,NA
"P43598",4,4,3,1,3,0,0.0192581880067383,0.0761308361758999,25.4435644582578,24.9117883241562,24.9049675805941,22.318383749754,24.0003074284016,NA
"P43603",7,7,8,7,6,6,0.000137844253978458,0.00344678874675838,26.925362674847,27.0144848579097,27.0509139862134,25.6279082793791,25.8959854000501,25.9190878846173
"P43609",6,5,6,4,3,2,0.0020556919124562,0.0136622366444951,25.4317704844873,25.9209554581766,25.9629173940337,23.2809482839112,24.1755831511357,22.4115907421105
"P43613",2,2,2,0,1,2,0.456920885431337,0.603216777917847,24.2061628103178,24.3294932555008,24.8107284789692,NA,24.4834350003372,23.9706279226017
"P43616",12,12,11,10,9,10,0.000629480365257391,0.00630444770363781,29.1534761242696,29.3689203793764,29.3415692108446,28.2260521134972,28.5292935877958,28.3136988292709
"P43686",16,15,18,17,18,17,0.0457874966130512,0.141035469496837,29.5111337042695,29.6621008176929,29.6407150603124,29.8508494159962,29.871613131185,29.9142606586923
"P43897",6,6,5,6,6,5,0.0562143160294568,0.163089322380693,26.7550643534282,26.8374629464459,26.694367063102,27.2331621840933,27.2260693445901,26.8706360748509
"P45523",2,3,2,5,4,4,1.71182942362026e-05,0.00131006824525847,23.172071891552,23.8436755134524,23.2677853967427,26.4722313349464,26.1636352978313,26.4868274329524
"P45577",1,0,1,2,3,1,0.00865511326632977,0.0414378929935845,22.4236965626546,NA,22.5007775123908,24.8357905155144,25.7186591950285,23.9435986905404
"P45880",11,11,10,11,11,10,0.384830986644504,0.544019399255916,31.009931589797,31.2367687395349,30.8592282477449,31.3195183609656,31.2150795395339,31.0098820825372
"P45973",7,7,8,7,7,8,0.147765268395514,0.301317065266751,28.0396621702396,28.0361922993668,28.0451128196462,27.7658575838641,27.6322669736829,28.0261395524903
"P45974,Q92995",20,20,20,20,21,21,0.684514017625463,0.787794394189164,29.01467604905,28.9939178072779,28.9701614114139,28.9613320131043,29.0424420115712,29.1107226134581
"P45978",3,3,2,2,1,2,0.161518424054264,0.320687720085725,25.1051222768265,25.572615834575,25.3521240002406,25.446341743784,23.3392428392097,24.6468963620641
"P45983,P53779,P45984",1,1,2,1,2,3,0.297928065620796,0.464742019595626,22.2943580525772,22.6954087581014,23.2201592097214,22.5287882476362,23.6090265638557,23.3344242155203
"P46013",0,0,1,0,0,2,0.872813592993356,0.91673559122675,NA,NA,20.9521710757875,NA,NA,21.010830412776
"P46060",17,16,16,16,17,16,0.951957353587105,0.966694128059604,29.8769356725355,29.3358787270479,29.3851989106928,29.5026968874728,29.5478233481244,29.5142538194216
"P46063",4,3,4,4,3,4,0.213013220750011,0.37646248355784,25.9203771146686,25.5613385411717,25.9457736411266,26.5138907284695,25.7963930628331,26.0724139055882
"P46087",11,7,7,11,11,11,0.00379878410949674,0.0215834179269607,27.3052614359887,26.9568990331583,26.8437762260607,27.8220239113157,27.7190921767367,27.7593243644881
"P46108",4,3,4,4,4,4,0.0777740525849707,0.202777543072602,25.4008905820479,24.4868813652968,25.4294935998645,26.0680006812239,25.4951837505642,25.7619332708463
"P46109",15,14,15,16,13,14,0.11830517746485,0.263962949058049,30.242305209556,30.3749404153739,30.3164211804308,30.7907317763151,30.3910293437193,30.5403534314323
"P46199",3,3,3,3,3,2,0.944524866414388,0.961853850858685,24.8406283562401,24.7017823318246,24.4109637439614,25.0744449445965,25.2324960005958,23.738922603935
"P46367",20,20,21,19,17,16,0.000943779552878673,0.00807971274845792,30.7861940209658,30.4516776372485,30.4178306988946,29.6461833377736,29.1211028642456,29.2253044940362
"P46379",15,18,17,17,14,17,0.303142137597111,0.468804577040393,28.6689572519268,28.8768224687207,28.7784975203236,28.9242055274694,28.8387616381796,28.950038018659
"P46459",14,13,13,14,16,14,0.0453152904920364,0.1400754421596,27.7760529167905,27.8224448214302,27.8102794852749,28.0701920744748,28.3055484973248,28.000694712273
"P46654",1,1,1,1,1,1,0.00137078199949756,0.0103178651683613,26.1129660069416,26.1290011771392,26.2734781256945,25.5659119824885,25.4227561355611,25.2761160036209
"P46655",20,19,21,19,17,19,0.000372330364865454,0.00487053758388213,30.1047267710939,30.2715247599338,30.3610381063936,29.0917174378204,29.2749272638931,29.3488899696532
"P46672",13,13,12,13,9,11,0.000782330701155826,0.0072108619918578,29.6235322645809,29.4038611485691,29.3965120330248,28.2342901078997,28.5284556705277,28.6365928089889
"P46673",1,2,2,1,0,0,NA,NA,NA,23.1656699528727,23.1018704156836,NA,NA,NA
"P46680",9,10,10,7,5,6,0.000397756550936721,0.00501014548324533,27.1645607073469,27.3624410505395,27.2738114025813,26.1631661183406,25.4963750313022,25.6975811054489
"P46681",0,1,1,0,1,1,0.0453421793567503,0.1400754421596,NA,22.4794387117022,23.2298110566728,NA,24.4758418510149,NA
"P46682",3,1,2,0,0,1,0.00804820405182227,0.0389381979557033,23.4517770670468,23.1501956829535,23.4914288906023,NA,NA,22.1281112394668
"P46683",3,3,3,3,3,3,0.082091954661875,0.210298620738823,25.0485317181937,25.1258162869912,24.3533573058844,24.447490784792,24.2299808563605,24.3623253056668
"P46736",3,4,2,2,3,3,0.86763339752137,0.912813224511651,25.0999722257508,25.2486848655565,24.5852285267501,24.4417736049187,25.3602456729649,25.297589655225
"P46776",5,5,5,4,4,4,0.375919122608367,0.536981755739497,29.8851632160363,29.9685445109061,29.9841385773708,29.895142723245,30.2119928260379,30.1009698846962
"P46777",10,11,11,11,11,12,0.216726532564053,0.380627856738884,30.9117677225211,30.9463902193621,31.1307970400957,30.9543250344988,31.2805171286125,31.4543102084154
"P46778",4,4,4,4,4,4,0.80929299147534,0.876036488833772,29.565695858901,29.7274931968854,29.7900876297881,29.4183022834587,29.8523587076002,29.9476070162302
"P46779",6,5,5,6,5,5,0.229629747175646,0.393039597758112,29.3415195547904,29.2050535206621,29.0655781721453,29.3107998402787,29.3490343337412,29.4563158813651
"P46781",8,10,9,10,10,10,0.520270466166917,0.657341909765554,30.678198028081,31.0815880656153,30.8374872897636,30.8607429386576,31.0394733113205,30.99875172234
"P46782",5,5,5,5,6,6,0.824139269068133,0.885875175157085,29.8696150328426,30.1718308255927,29.9785732436218,29.9673525571135,29.8055633342736,30.3793886597901
"P46783,Q9NQ39",4,5,4,5,4,5,0.106187597835833,0.246500657638684,29.6381629667244,29.6537734866663,29.7095087313646,29.8504116280809,29.8921918412963,29.8419289383356
"Q08745,P46784",2,2,2,2,2,2,0.0148084656774977,0.0622387223462542,29.5241116201355,29.2576837634399,29.4778569202777,28.6764132145883,27.3180563069792,28.4205154371415
"P46821",21,21,19,25,24,24,0.0989003535872136,0.236751509937922,27.9053793016577,27.9755153256911,27.8882352763197,28.0797852943683,28.1131240498149,28.2023768131861
"P46926,Q8TDQ7",3,2,2,3,3,2,0.0113876234326417,0.0510824919700473,25.2832551358955,25.0702322425839,24.9677757471676,26.0597834794953,25.7525612074006,25.5204793165975
"P46940,Q13576",34,34,36,38,32,37,0.233905773300835,0.396995316176921,29.3192967021591,29.4370483855948,29.529249087107,29.844761012635,29.386704365452,29.6875937543904
"P46956",2,3,3,3,2,2,0.0245069685161771,0.0907512448498611,25.3249010967121,25.9322696966981,25.128851367566,24.9862471570539,23.8872879110929,24.3047969209749
"P46957",1,0,1,0,0,0,NA,NA,21.1215321060776,NA,NA,NA,NA,NA
"P46965",1,2,2,2,2,2,0.129353786545929,0.277463538412898,24.5752274558646,24.9427798731562,24.6160476394435,24.3036896724918,24.6698039910124,23.7269733426657
"P46969",2,2,2,2,2,1,0.0762501090106311,0.200697915900311,24.3172972952491,25.0584536223442,25.4862612092245,24.2451268325979,24.1162386903113,21.9011907393066
"P46971",2,2,2,2,2,1,0.00453184115798732,0.0247286819800129,24.3093099832233,24.5677791547295,24.1985546512782,23.4292055451859,23.4695472768265,22.6679739685168
"P46976",2,4,4,3,4,4,0.533947946251551,0.668394318839301,24.6435580383971,25.7625250427986,26.0799128904873,25.6086534085214,25.7114650855594,25.9364240717544
"P46984",1,1,2,1,1,1,0.0266850674190131,0.0961385702806241,24.6445258030088,24.6977505351265,25.2228920932028,23.4097122285035,24.4326710842391,23.9650143161381
"P46988",3,2,2,0,1,0,0.0128098566405002,0.0556342097086555,24.6936832887168,23.5415356375675,24.4505248664515,NA,21.7416553123821,NA
"P46990",5,5,5,5,5,5,0.10132222156734,0.2401588649163,27.6574675580444,28.0995513483208,28.1233978890792,23.8680383596208,27.1984986356926,27.2322369185191
"P46992",4,4,2,2,1,0,0.0312363796034841,0.108198757297221,25.4769192822145,25.0420677594157,24.1001629628358,23.7558239709002,22.7276078238559,NA
"P47018",5,6,6,2,3,5,0.0126575417971795,0.0552577732217402,26.2941268082136,26.6609246436175,26.4645807957691,24.2113114456084,24.9211225996681,25.8231493219454
"P47031",2,2,2,2,2,1,0.129851942033502,0.278388013247547,23.8543909255887,23.0143596089358,23.7132554849382,23.2012388594052,23.0745400600897,21.3494564058072
"P47035",3,4,4,1,2,1,0.0048082834207706,0.0258368505939492,24.3247124326727,24.6675691785915,25.3847781976766,22.4013050598944,23.6346951461356,22.6186662273415
"P47037",1,0,2,1,0,0,0.213002270310219,0.37646248355784,22.47456754543,NA,22.6643243149721,22.9580717426486,NA,NA
"P47039",4,4,4,2,2,3,0.0589812521377818,0.168598927305001,25.1667516526039,24.4494960899957,25.357365430897,23.4487055487246,24.3012792809193,24.5524010519838
"P47044",4,3,3,3,3,1,0.0631840391369463,0.175844658587642,25.8048520355202,25.1107334443133,24.8138571108844,24.8151484652248,24.2934090366528,23.0278609389877
"P47047",4,4,5,3,3,1,0.0352029556099044,0.117521565621697,25.0475260371992,24.5647636968473,25.209809122167,23.6979472543224,23.9861923271049,21.5309825388615
"P47068",13,13,14,9,8,9,0.00162195994684394,0.0116041355403806,27.2882368694705,27.5374140512172,27.6189243287944,25.5419935630672,26.05816661502,26.4640072215455
"P47075",10,12,13,11,11,13,0.0243587998724849,0.0904013946773851,28.3973066899033,28.9873405680016,28.9523376521364,27.8568250534557,28.2996156122914,28.1799254018506
"P47079",12,12,13,11,9,11,0.000744720480804752,0.00701787900847911,28.1219295466194,28.4463114443413,28.5160074854263,27.4530193151456,27.1673343142531,27.3370949408783
"P47083",1,1,1,0,0,0,NA,NA,NA,22.9149649712729,22.9933160958466,NA,NA,NA
"P47089",2,3,2,2,1,2,0.0118463443084029,0.0527747803493147,25.8167064004852,26.1205380972685,25.9835691171505,24.6807142929338,23.5353561724338,25.1296174463628
"P47095",2,1,2,1,1,0,0.412206039922456,0.566725396851937,23.7179639502796,23.887456304039,23.3933365594847,23.0694459296577,23.7556396984365,NA
"P47116",2,1,1,2,0,2,0.615460079669193,0.734143369787594,23.9462385442007,22.149659115754,23.0655125488634,23.3425248603864,NA,23.3575444160074
"P47117",9,7,10,8,8,6,0.00498004708461252,0.0266182199199766,27.4288068643407,27.1690825783737,27.7438141224047,26.5637601078646,26.7869244420941,26.547741812476
"P47119",3,2,2,2,1,1,0.0441426980141865,0.13797303843341,25.9858411512386,24.0227493164898,24.4929391571849,23.3959391964639,23.614223549718,23.54550334028
"P47120",10,11,12,8,7,10,0.00140062107747516,0.0104807956478919,27.4210622496591,27.8072687151819,28.016340425401,26.6409600138682,26.7194013698457,26.7612904169635
"P47122",2,3,3,3,3,2,0.234324896782039,0.397573078147827,23.7319175072043,24.8255239676184,24.9660518731053,23.7975825924819,24.5188955015145,23.5072773358276
"P47133",4,3,3,2,3,1,0.0465943175337819,0.142304481022524,24.8530310273238,23.7181144737541,24.8659911331132,22.74474650221,24.0680090794255,22.0231177060377
"P47137",3,2,2,1,0,0,0.00717710091778189,0.0356105468916663,24.474268205699,23.8041609712951,24.0019739062383,22.2393687910617,NA,NA
"P47143",8,9,9,7,7,8,0.000361138648015756,0.0048171040259762,29.1488211926967,29.1491307374381,29.0549521536031,27.6535896340327,28.1533280090465,27.6889559027322
"P47154",5,4,4,3,3,1,0.000118305660291871,0.00323006427099588,25.8725993722455,25.6840131127533,25.7953415452205,23.6286600831399,24.0123692339941,23.1643231243615
"P47160",4,2,3,3,2,2,0.261082448029648,0.428158261362907,25.097191487634,23.3547945595746,25.3818859832488,24.2105256877526,23.6593994319768,23.87315059587
"P47173",2,2,2,0,1,1,0.0442299511366664,0.138075082318481,24.7289550933484,23.3917917134821,23.9860120423487,NA,22.1427068031012,23.1276827169157
"P47176",9,10,10,4,5,6,0.00518554701621919,0.0274839433147147,27.7944943266721,27.4530203195575,28.0147099030954,26.5541916058048,26.9377469581194,27.0199322671169
"P47736",2,2,1,1,0,1,0.695354428548819,0.797148256604649,22.9334672365471,22.92960377407,22.3910816328945,22.7048080107525,NA,22.6108000871525
"P47755",8,8,9,7,8,8,0.650359803689998,0.760937541912944,27.7805306655282,27.6533743375124,27.9094008469009,27.8115544843893,27.84720407627,27.852642416655
"P47756",13,13,12,13,13,13,0.315694357485347,0.481162401828149,30.0751711287698,30.1279204652138,29.8152835992606,30.0685217397341,30.2385274606534,30.1548773987646
"P47771",0,1,1,0,0,0,NA,NA,NA,22.8490726093963,23.0788902863608,NA,NA,NA
"P47813,O14602",3,3,4,3,3,4,0.690833843647581,0.793045850969076,28.6248162359437,28.6988684257002,28.7131437823295,28.4178532396457,28.5822301547982,28.8521114232687
"P47818",2,2,0,1,1,0,0.0106641467134964,0.0487021745478033,24.1171116225007,24.412738243144,NA,22.2256762445862,23.0044339762831,NA
"P47897",24,23,23,24,24,22,0.645519716193842,0.756501180161276,29.726607907379,29.4178894043794,29.187778552749,29.5677155460578,29.4798259368359,29.5259528610772
"P47912",8,7,9,6,6,5,0.00458865523071743,0.0249218253444664,26.7470614505816,26.6648023846081,27.1807474390734,25.8322192758928,25.3408835633791,24.5335058071804
"P47914",2,2,2,2,2,2,0.454064689626749,0.601174507812505,26.8445024974027,26.6598652664747,27.3150233982263,26.630015608225,27.4701206470563,27.4440729124699
"P47985,P0C7P4",4,5,6,5,4,5,0.0288630513406992,0.102652119122721,27.5588946439826,27.6334246733056,27.788180073721,28.1692223372512,27.9157226959313,28.0263377453045
"P48015",8,8,8,4,6,6,0.00098318380876253,0.00826299736781953,27.009814245046,26.9800024228565,26.9994479674862,25.2014146370528,26.0020875603519,25.6834493067355
"P48047",7,7,8,7,7,8,0.16795698974428,0.327169593211863,29.1309672216474,28.8810460177728,29.1504614449961,29.1546013518376,29.2720319762233,29.3676067227503
"P48059,Q7Z4I7",5,5,2,5,4,4,0.329274919673093,0.494139760828685,26.249265269372,26.2380292702284,25.116404113832,26.1848638833056,26.5527767377648,26.0099046332799
"P48147",18,16,16,19,15,17,0.0922624812606518,0.225674475955231,28.2310998035243,27.8383476363716,28.1629875919061,28.4237034777244,28.371414827771,28.3137800209553
"P48164",11,10,10,11,10,10,0.000100539266357539,0.00304905986253359,29.6846260201175,29.6581126443314,29.647482374724,28.5353763823284,28.5798482059615,28.715778620053
"P48200",1,2,2,0,1,2,0.883242451812366,0.923730886232582,22.1370183430035,24.1253729107739,23.5932137643722,NA,22.5280603574575,23.8140401836278
"P48415",4,3,4,2,2,0,0.00203552828358749,0.0135818406346108,24.9543099285408,24.2703799366558,24.4986534255837,21.909793361606,22.7942871138682,NA
"P48426",4,4,4,5,4,5,0.110809530207637,0.252914115263794,25.4472433881366,25.19225916443,24.8061275109475,25.726931630307,25.404874099349,25.4640657487277
"P48439",2,2,1,0,1,0,0.203660974657656,0.367506264500118,24.1147566287125,24.4246517485726,22.6024486239609,NA,22.4000370234709,NA
"P48444",14,12,12,12,13,12,0.265440918347092,0.432218593994572,28.2992248457995,28.6489022384492,28.7465181777414,28.8069771851178,28.760846088143,28.6952956450141
"P48445",2,2,2,1,1,2,0.16653569768779,0.32590926347192,23.8411560621024,24.0700904752727,22.6702837003612,22.5460272151959,22.4531171266646,23.4098903099746
"P48449",6,4,7,10,6,6,0.125624498767668,0.273976400378019,25.7738986508801,24.7287959778419,25.202793328912,26.7708113281799,25.6896018547619,25.5365980439334
"P48454,Q08209,P16298",0,0,2,2,2,1,0.970133063346889,0.9803657733416,NA,NA,23.3913273900508,23.6716711357532,23.9913224620921,22.589218113059
"P48507",4,5,5,5,5,5,0.0527865088505494,0.155285181248762,26.9305790365662,26.8082252333479,27.261184127159,27.3272787054827,27.4798259368359,27.3371748265363
"P48510",5,5,4,5,5,4,0.000449486000434662,0.00533126035274947,26.5292375263596,26.6103952210028,26.7486723293315,25.7326896833893,25.8110318453112,25.8313394946137
"P48524",2,2,2,0,1,1,0.524131976032222,0.661053144487811,26.5462474694684,26.5931098886164,26.3983194862108,NA,26.4420875368988,26.3948640096056
"P48556",6,6,6,6,6,5,0.534528076354605,0.668789029890292,28.3119868544388,27.8074813295867,28.2395151018901,28.3671933982329,28.3616428412416,28.0118476841761
"P48570",3,3,3,3,3,3,0.00249400456017162,0.0157465212917836,25.9424563886495,26.4423121686877,26.2080345892976,25.2280162709915,25.4356850197184,25.3767601875155
"P48582",2,3,2,0,1,0,0.31802818093869,0.483353345447936,22.8842142317684,24.2278663940489,23.9096933147279,NA,22.9533199250697,NA
"P48589",5,5,5,5,5,4,0.000439790064999723,0.0052764361480133,30.9000233704466,31.0955304262412,30.9950904082117,30.0448092477798,30.2263413202796,29.9958449729934
"P48606",5,6,4,5,4,4,0.0289106026469177,0.102652119122721,26.334827677895,27.0746377998755,26.2405152532648,26.1270254658349,25.3030957574884,25.2302940335402
"P48634",16,16,17,20,16,19,0.108977256338642,0.250315653372661,27.4437382036715,27.4880623740836,27.6047842583916,27.8334106716175,27.6052503542569,27.793378450206
"P48637",5,6,5,6,6,8,0.206241242990788,0.37018111359308,26.5781269323526,26.6244621244747,26.8439802847655,26.8655170609558,26.7103299805717,27.2172973158258
"P48643",26,26,29,26,29,29,0.145242290713286,0.298097850626902,32.0446393844959,31.8879929809723,31.9599537937491,32.0929763017881,32.2380891923258,32.1288100861238
"P48681",1,3,4,3,5,3,0.847630513448882,0.900395735737182,22.7006906667466,23.9123419748461,24.363356816465,23.9300247290887,23.4410042987986,23.8757927339155
"P48729,Q8N752",5,5,6,5,6,7,0.0099768412420234,0.0462321331316149,25.3534798664147,26.2887717427929,26.4064942026721,27.0195015455956,27.475164559466,27.1765362798943
"P48730,P49674",2,1,1,2,1,2,0.949571759958657,0.965436183484536,22.6059457558378,21.8816519799969,22.7558174018408,23.0053908806555,21.3198966538368,23.0243406991822
"P48735",12,11,12,11,11,12,0.220871192524869,0.384306648692559,28.6779580358154,27.8522748215954,28.5616370787362,28.6450529520782,28.6898069881236,28.745907748961
"P48739",5,5,7,4,5,7,0.123007088294342,0.270251762929414,26.3960322638781,26.2901873660573,26.6315684339927,25.6526096786755,25.7419475333757,26.5025837903709
"P48836",1,1,1,1,1,1,0.00673366688248764,0.033943863696053,NA,26.8149031621424,26.8977515412065,25.9494897588654,26.2849316987504,26.1142044658597
"P48837",3,3,2,3,2,2,0.00316694028727058,0.0189080560177349,24.147381776207,24.3472681989492,23.9397907457126,23.3765796833199,22.8182728148776,23.2782811374828
"P49005",7,9,9,7,7,8,0.670612990121886,0.77600600529339,26.285874144495,26.8474233401215,26.5097830159035,26.446452981306,26.6581742131848,26.7927378089162
"P49006",5,5,6,6,6,6,0.193645912875529,0.355674729430653,29.1368894023893,29.0020916067842,29.0819775536485,29.1608291479656,29.4728740578562,29.1810162529547
"P49023",5,5,5,6,4,5,0.849110745906219,0.900853775473127,24.915599767351,25.1091819552742,25.2695487483282,25.0612854037773,25.065676350966,25.0890176299022
"P49089",7,8,8,7,7,7,6.60922499795366e-05,0.00260108193059383,28.1883452364604,28.1636118523296,28.2220366605107,27.156359180345,27.1379127331697,27.155398501311
"P49090",17,16,15,16,15,14,0.00096818756157469,0.00824616115978936,29.3625554937808,29.6055431543794,29.2560369355723,28.5955053786343,28.1764279687747,28.2451514281604
"P49095",10,10,9,8,7,8,0.00086848533325613,0.00768142478230343,27.3896612292925,27.3394671334333,26.6745398071026,25.6849947298965,25.8025349379581,25.4820378725998
"P49137,Q16644,Q96PN8,O43930,P51817",2,1,3,2,2,2,0.375629314464306,0.536719566438249,25.2139256241471,24.7909316251595,26.0932785391213,25.0964923347696,25.3709130361955,24.4574077084627
"P49167",2,2,2,2,2,2,0.000976682556601095,0.00826299736781953,28.2209475847887,27.8433852202429,27.8236371462399,26.9790624950778,27.0703138014675,27.0530900827936
"P49189",9,9,8,8,7,8,0.890440069062948,0.927343223166468,27.4350251983206,27.0494212917727,27.1148829075089,27.2352025436412,27.2258517271161,27.0746196417801
"P49207",4,3,3,3,3,4,0.206454206492122,0.37018111359308,27.2564441540635,27.3871190474089,27.2785748977805,27.2937699690185,27.6815788175197,27.553529135587
"P49247",6,7,6,7,6,7,0.112231078112306,0.254891715622868,27.1217666743923,27.3208209024773,27.1975329577617,27.3622886031337,27.4090396078727,27.5370710450214
"P49257",3,2,4,4,4,2,0.51878589318142,0.6565741785165,25.2701862732576,24.6671006037584,25.4153096284789,25.552538994547,25.3260169506699,25.0001095673194
"P49321",32,33,31,31,30,31,0.451963972179445,0.599901788427877,31.5431290908308,31.8315162614286,31.6814504373706,31.6346868918335,31.8146087582873,31.9557595154953
"P49327",84,81,82,82,83,83,0.12776369550183,0.276848745594055,32.8626022937267,32.8198551736186,32.784666357404,33.0523470061247,32.9941738135562,32.9696105298621
"P49334",2,1,2,2,2,1,0.5732295240878,0.699906612114094,25.2450842918989,23.4931865596018,26.7644976928189,24.9067674542191,24.6313471389413,24.5186490032298
"P49354",1,3,1,1,5,0,0.477437369952306,0.621850478501572,23.360962060037,25.2534995852987,22.8274935222715,23.3058330466163,26.0679119576751,NA
"P49366",5,5,5,2,5,5,0.412893464227755,0.567192462228777,25.918127979384,26.2356137660747,26.2991559462768,24.8249360829358,26.1454568871572,26.353332302902
"P49368",30,28,30,31,32,31,0.0497047326182471,0.148506423288524,32.5192147769207,32.4424875830038,32.4948994933553,32.8136849987118,32.7688036099219,32.6701642078928
"P49406",7,8,8,7,6,7,0.00967618019775491,0.0452121981303053,28.3865012839489,28.7690790038825,29.326642579893,27.6668577262639,27.885594453344,27.945014665721
"P49407",3,2,4,3,3,4,0.227492682113088,0.390572922281852,25.2749593974756,24.5725908158019,25.2984562556557,25.2400448852172,25.2635708314293,25.6622054514139
"P49411",23,22,24,23,23,23,0.162029534568903,0.320897645412181,31.407853667973,31.4924990960867,31.3353685387027,31.5259987605027,31.6801002954813,31.5725609422115
"P49435",5,4,4,4,2,4,0.0127380421064178,0.0553794181579323,27.4811238114918,26.8763918323855,27.2252125473855,26.6128884580086,25.6459945787786,26.1563405393942
"P49454",6,5,5,7,7,6,0.599810880533237,0.721172282212182,25.2028817194314,25.161317928333,24.7424027241837,26.0288424653067,24.9790826489074,24.7186084518249
"P49458",3,3,3,3,3,3,0.229358778845742,0.392708878627065,28.6615068375124,28.5399114488801,28.6819213863304,28.8931207494739,28.7622723067236,28.6971952599342
"P49459",2,2,2,2,2,2,0.0546596156808682,0.159853962054557,25.9022597959702,25.9024232337933,25.0181590001232,26.0725002716227,26.3834740516876,26.4089025321536
"P49573",5,4,4,5,3,4,0.00476402773385543,0.025658865091178,25.728869548771,25.1348586559159,25.1616702825264,24.5654682076129,24.0818306028095,24.3587411245424
"P49585,Q9Y5K3",3,2,2,1,4,4,0.976414468608309,0.984798219037654,24.684361362085,24.0387753792399,24.2756127942488,22.7524208779785,25.1117703183674,25.0713770038864
"P49588",29,28,33,29,32,34,0.328597930956491,0.493920777030654,30.7037217854194,30.8990402556256,30.8896321287542,30.8642165935974,30.9726317955448,31.0414806346396
"P49589",12,13,11,14,14,15,0.81333883234784,0.878297598133931,27.9396009307022,27.6717678392531,28.147860468814,28.0773331039607,27.8647809876537,27.936603345515
"P49591",15,14,13,13,15,13,0.210278135060575,0.374247660391461,30.1678774306708,30.0459339380323,29.9002802814493,30.3614777068425,30.2001334805807,30.1155976516624
"P49593",13,13,13,12,11,13,0.498407463567829,0.639597585996216,28.2727215166279,28.5304111312991,28.4487011821029,28.4119317129982,28.5444243610449,28.5652051183136
"P49626",11,11,11,10,10,10,0.00658687907036349,0.0333036298142202,27.1171987707106,27.2428639011649,27.2678918670177,25.8634912907319,26.6094937254319,26.4321552853764
"P49642",7,7,7,7,6,7,0.517716204780603,0.655877740242494,26.7712151324795,26.1521223257489,26.6102530025202,26.5899942669932,26.5677589179626,26.7742113988951
"P49643",2,5,3,4,5,3,0.244102220098979,0.408806470066294,24.7748104636859,25.4303785478555,24.7120039214334,25.5804129174341,25.400484440141,24.9697625404406
"P49687",2,3,3,1,1,0,0.0050935323737982,0.0271100442782452,23.4915818360701,24.4815614911288,25.1100721127119,21.9596937064279,21.701000802805,NA
"P49720",6,7,6,7,6,6,0.103631587911003,0.24357522128361,28.2897357735439,28.5276068704754,28.2922857970639,29.0239497512529,29.0115299496492,28.3556291925728
"P49721",7,8,8,8,8,8,0.0798005757515656,0.206703952882645,29.1631369169613,29.2980204399546,29.2120914142112,29.3917832485197,29.5119736323771,29.4612720872349
"P49723",8,10,10,9,8,8,0.000120624448753765,0.00324081963114504,29.6706283059441,29.9100963960696,29.7703608935757,28.6698779131069,28.7311402063024,28.7127646749363
"P49736,P29469",23,24,26,24,24,25,0.0571262442664145,0.164600490467575,30.07937070977,29.9853215975077,30.2650563169838,30.4884519136228,30.3272904414929,30.4196480816087
"P49748",14,15,17,15,14,20,0.062875553837016,0.175752309037503,28.3062173063217,28.2424708069577,28.1406938929219,28.4565674753622,28.4863811698067,28.9778961818365
"P49750",10,10,9,11,10,13,0.029947834974169,0.105192290997585,26.5083911620137,26.4860049362988,26.479893651097,27.1477195813549,26.6534894524214,27.1973688231793
"P49755",4,3,4,4,3,4,0.745859874466372,0.83278883042163,26.161584967722,25.682854675073,26.0061557662514,26.0645261664677,25.6925655634365,25.9107597832731
"P49756",10,10,10,10,11,11,0.558895095677584,0.689035667138754,27.9792158666469,28.1335703536366,28.0676547003457,27.9779085954057,28.388187981674,28.0891125034787
"P49757",0,1,1,2,1,1,0.168624513923621,0.327849804279332,NA,24.8075238487079,24.5815130105282,24.7246097285075,23.8901471292757,23.9448574037576
"P49770",6,6,5,6,5,5,0.848475584472852,0.90074746899142,27.1193757668094,27.1847986349393,27.2674355105058,27.1958232154272,27.170503829937,27.1417425492759
"P49773",6,7,7,6,7,7,0.0667165180262008,0.182252640643775,29.6000088588789,29.6897856225457,29.6452594009934,29.8737090094776,29.832111331347,29.9388160684041
"P49790",23,18,21,22,19,24,0.306899272135937,0.47260616571909,28.9251138055966,28.1811933293884,28.6425491783453,28.8640604587091,28.6820151384185,28.9323792235033
"P49792,Q99666,O14715,P0DJD0,P0DJD1,Q05823",61,59,64,61,60,65,0.328900946694996,0.493920777030654,29.5312828002297,29.5649334837511,29.6110475495808,29.7461682282274,29.6035134908873,29.6992477677215
"P49821",6,7,7,7,6,7,0.816570759905342,0.880362627167957,26.5147892272315,27.10401555176,27.0424924421988,27.0865817545042,26.5372690842168,27.2241386449057
"P49840",5,4,4,5,5,5,0.141800414832048,0.294867803753262,25.4041799181551,25.2609711571709,25.3296257142385,25.8205656181337,25.5599074970013,25.3813229807424
"P49841",0,1,2,1,2,2,0.789572382979842,0.861457509084191,NA,23.6168393627834,23.9780015819758,22.9853389063023,23.8611846209728,24.1993389493704
"P49848",2,1,2,2,2,2,0.242497539943247,0.407063833251359,23.0534130132857,19.3889666302833,23.298247771561,23.263392899844,23.1905585829745,23.4747654932322
"P49903",5,4,5,4,5,4,0.114440803540826,0.258095577322757,26.3624589999705,26.3976784245784,26.6221998664251,26.7087610985236,26.9579340670634,26.5721113155373
"P49915",23,26,27,27,27,28,0.0561630412225498,0.163089322380693,30.7340500944971,30.9331151855096,30.9560947033625,31.0829490350973,31.15983564619,31.2711823666965
"P49916",7,4,3,5,5,5,0.0209666775868622,0.0808417469398788,25.4550214841619,25.0075059378947,25.2698829340722,26.0331200508917,25.6719462200052,25.7033440437665
"P49954",3,4,4,2,3,1,0.00335782270147532,0.0197178390151118,25.476104085108,25.9411529917456,25.9393133324778,24.2533734986757,24.5292318631292,23.2452876535551
"P49959",11,12,11,10,12,11,0.822533593160379,0.884525692793926,27.206940974047,27.2049526477105,27.3572367713676,26.9595793969249,27.2458437014638,27.4503643355423
"P50085",3,4,4,3,1,2,0.08649129828959,0.216439410946391,24.6752155990036,25.5265805029594,24.8038215127743,24.9001226880202,23.6859677408948,23.9818717841969
"P50086",2,2,2,1,1,1,0.000150277644740037,0.00348576470490443,24.3053379289259,24.5972969706327,24.4769230050841,22.8539738130894,23.0511482861046,22.4808408863675
"P50094,O42831",1,1,1,0,0,0,NA,NA,22.6972670170192,23.0579890495573,NA,NA,NA,NA
"P50095,P38697,P39567",11,11,11,11,9,11,0.00970713067515931,0.0452730535920865,28.0331530242386,28.2836303431689,27.6633672296917,27.2437620172265,27.3458586554964,27.2951079308683
"P50101",3,2,2,1,1,1,0.0857041034425112,0.2154760709249,25.1998811987417,24.7732758189522,24.8851549531814,24.7094255895753,24.6379045568979,24.5807467486888
"P50107",2,2,3,2,2,2,0.0186122907765543,0.0740824907110919,24.6629104553493,25.2956086688058,24.8946816411724,24.3307780023613,24.3041680559587,24.3992169588698
"P50109",3,2,3,1,1,1,0.00129307917653499,0.00991099077492903,24.7209489959938,24.797197504713,24.6198183950344,22.8056062172999,23.4410492937318,22.1916119196551
"P50148,O95837,P29992",1,2,2,2,2,2,0.729299203671131,0.820969529249584,23.8315214723952,24.3988641781866,24.1910025971765,24.297618612465,23.8895977195273,24.0175614936153
"P50213",8,8,6,8,10,8,0.0568702220958661,0.164338251468581,27.8400872573349,27.6854829890568,26.8835279503085,28.0655525015682,28.2091609654431,28.073325379367
"P50278",3,2,3,2,1,0,0.0895637393084362,0.221215866624406,24.4227379050589,23.5730911088474,24.4424078880125,23.0951401641374,NA,NA
"P50336",6,5,4,5,5,6,0.210095716047274,0.374054797939647,25.3462114923114,25.1020582039313,24.7206532516431,25.2065466811926,25.2650541918641,25.5651982978505
"P50395",23,22,22,23,21,22,0.0630573949050998,0.175844658587642,31.0519235745158,31.1225367712779,31.0453679410756,31.3537143067228,31.2910863703226,31.2850180310466
"P50402",5,6,5,6,6,5,0.432208633997153,0.583244939973182,26.3159881258964,26.393293974729,26.3788752969217,26.5234481882497,26.6880703228395,26.2500304853684
"P50416",4,3,3,3,4,2,0.30139699418429,0.467895462110599,24.7904696895594,23.7558860882339,23.7379735765454,24.3220744196899,25.1733730224577,24.1707205767937
"P50453",7,7,10,9,9,10,0.0153917080448831,0.0640391411323762,26.7985077676182,26.5824644715024,27.2263870298587,27.6179014853234,27.4510706184293,27.5085547480187
"P50454",12,12,13,12,11,13,0.47666251261403,0.621180141420978,29.2983123707511,29.2615881653251,28.9894980693631,29.5448666168715,29.0768440332547,29.3193308027969
"P50479",1,2,2,2,2,3,0.105385761360538,0.245785206140533,23.4289297387732,23.8835086786803,24.2986051544226,24.5885669947704,23.9860895381027,25.0106461057828
"P50502,Q8NFI4,Q8IZP2",9,9,9,9,9,8,0.321750486884047,0.48660691989466,30.0913421962085,30.158662065587,30.1550532976114,30.2316838062612,30.3163454548492,30.1979627828578
"P50552",9,10,11,9,10,10,0.535676788882839,0.669894394812385,28.2232266843426,28.4551592303138,28.3790865312187,28.1931187995928,28.5961452351441,28.5834027649432
"P50570,Q9UQ16,Q05193",15,14,17,14,17,17,0.144118445759743,0.296686370352282,28.4185009121725,28.3690104155758,28.6945650975424,28.6241843484876,28.8034685512348,28.7555635353148
"P50579",12,12,11,11,13,13,0.599583496734654,0.721084449551378,30.5841961429677,28.7512294171374,28.7316241169027,29.0983400633228,29.0301877088328,29.0612859957856
"P50613",2,4,3,2,3,3,0.693588447878599,0.79563514893752,24.9506956185379,25.2569288596514,25.5209550348223,24.9193782706129,25.0573841363346,25.4769423579372
"P50748",2,3,3,3,3,4,0.187724092727837,0.349371552088543,25.5596964530628,26.3802030530942,26.4058032236652,26.2838645911557,26.7154696855954,26.584008783732
"P50750",2,2,4,4,3,3,0.0665242718739878,0.182121461916267,24.3910854545921,24.7018738327469,24.8520987658259,25.5660143726926,24.9095168485772,25.0193150458146
"P50851,Q8NFP9",21,25,17,23,24,20,0.30612549234976,0.472085550238662,28.2196798609054,28.3785940794126,27.6951024826075,28.2801038642903,28.3126871342734,28.3796019887162
"P50897",6,4,3,6,6,4,0.460173343818331,0.606014172679706,26.6262406813523,26.5737412305469,26.5451026049297,27.1203243573974,27.0556954711349,26.2050581589438
"P50914",3,3,2,3,2,1,0.913363754037148,0.940011406068763,27.8143836195469,27.5305399318563,26.8518146788653,27.9501959814662,27.6184074911307,26.7628375431609
"P50990",32,32,33,33,33,33,0.0711504342525524,0.1907541631686,33.0228361044444,32.986877158943,33.0409246034623,33.1566318770898,33.3503700296559,33.2777526449823
"P50991",24,25,25,23,23,25,0.503439454030776,0.644254543275766,32.2388363270447,32.3169664239277,32.265222988304,32.1925317134769,32.4002192853721,32.4980848327574
"P50995",13,12,14,13,12,15,0.0300661043494722,0.1054610368536,28.7009988622313,28.6400356224736,28.7687226726885,29.1668332801496,28.9747054249946,28.9754347256096
"P51003,Q9NRJ5",6,6,6,6,8,6,0.239645367739921,0.404021612968739,25.999072074998,25.5003589141009,25.728985891326,26.2574369541236,26.2249155977495,25.6468705819288
"P51114",16,18,19,18,17,19,0.253245852348964,0.418842436219587,28.0634316509209,27.8050343701165,28.3170093153924,28.2071923757573,28.1560716454504,28.5406483067926
"P51116",6,10,7,8,9,7,0.211441007027552,0.37529939914163,25.4850797842949,26.3228749002414,25.6337889828632,26.2850261480274,26.9320222344395,25.7798178558842
"P51148,P61020,P36019",7,7,6,7,6,7,0.0570235513548562,0.164583475392332,26.4436339589342,26.2303741873693,26.2452043818881,26.8328434630233,26.5213092227443,26.569121554586
"P51149",7,9,8,9,8,7,0.119931173360371,0.266507855980305,27.9367644989691,28.1068688646286,27.9498749064091,28.480710698165,28.2085553809023,28.0990396686541
"P51159,O00194",3,3,1,2,2,2,0.375581475834051,0.536719566438249,24.8894077595912,25.0173184710785,22.7979687183,24.5229208296003,23.1209647839003,22.9082799098129
"P51178",5,6,5,5,5,4,0.17255518693506,0.33202904731771,25.448317530976,25.9091952037056,25.9448416368357,25.425726662296,25.735541645727,24.9504245103258
"P51398",7,5,6,7,7,6,0.0421943803032195,0.133285687874648,27.3293464212764,26.8813490306995,27.2603434625636,27.8463952969086,27.6931953550174,27.4045939996798
"P51401",1,1,1,1,1,1,0.00706577694293685,0.0351964884997771,27.2597044832271,26.6392295725182,26.7690182270843,26.2582609468616,25.8505813813377,25.8606450873758
"P51532,P51531",11,14,13,15,17,16,0.00702710933958963,0.0351077440892851,27.4407816821504,27.751395196516,27.5466078950837,28.0163202983509,28.4378380086346,28.2968751590511
"P51553",3,5,6,6,6,4,0.445540347406145,0.594563882364185,24.7160088448988,26.2623677793119,26.1587696014418,26.8013129829247,26.4070447358671,25.3266558635309
"P51570",5,5,4,5,5,4,0.231860066721468,0.395108391207633,26.0230141703036,25.9253507514662,25.5193971727739,26.0774647907885,26.4067759846279,25.8410391193331
"P51571",5,5,5,5,5,5,0.293634122751321,0.460461333131612,26.3403441822874,26.0555207327643,25.7653813868008,26.5127402750657,26.1641578199962,26.16720189423
"P51572",0,3,3,2,3,2,0.239399360099321,0.40374162532944,NA,25.7304564404722,25.8624902745915,24.5880965251622,25.8431947575356,25.3441874985188
"P51580",9,8,9,9,7,9,0.718835636007085,0.814820196919162,26.4467580291045,26.851553293678,27.1286001218032,26.8447082629519,26.7354499266614,27.0879736085778
"P51610,Q9Y5Z7",28,29,28,30,28,28,0.487022316303524,0.630756338371565,29.6508606999326,29.6419444624001,29.4112185318398,29.797106528062,29.6487366700693,29.5542165587862
"P51649",1,2,3,1,3,3,0.620388657372351,0.737487198961578,23.2554388826397,24.0411640076535,24.5857166988662,23.3032802695432,24.6017996904685,24.7935065443331
"P51659",13,11,15,13,15,16,0.583523299063995,0.708674244667525,28.7646235120726,27.9992558188186,28.7120542284083,28.340058198004,28.8396152197295,28.7565195956817
"P51665",10,11,10,10,10,10,0.388306168819258,0.546705894761081,29.658478438647,29.3360445424169,29.2812145036519,29.6128512899948,29.5066539873369,29.5545945019753
"P51692",4,3,5,4,4,4,0.848478641991853,0.90074746899142,26.6310092181507,25.7830175650312,26.4709368741513,26.5236766504791,26.1528931210798,26.362199695546
"P51784",3,4,5,3,4,4,0.751387278383797,0.835547679198822,23.2249179797416,23.8426799791696,24.6226281141028,23.2518297743755,24.5671749769135,24.3635808057381
"P51809",6,6,5,6,6,6,0.0208970622313011,0.0808201082161575,26.1116106451852,26.3273003941764,26.1321971367856,26.5487273350294,26.7111541867045,26.5075613029658
"P51812,Q9UK32",11,12,11,11,11,12,0.251888039584592,0.417143110800582,26.6464442907836,26.7218642586447,26.5425902925127,26.9361374603687,26.7267099178577,26.7201039935556
"P51858",13,13,11,13,14,12,0.278641057228994,0.444400372612456,30.2141904565791,30.4578707453437,30.4230474802685,30.3483913879247,30.76000095157,30.5415672374277
"P51946",2,3,3,3,3,2,0.26564020896394,0.432298692984653,24.1098599077081,24.2724761605883,24.2373496094396,24.4492681414657,24.5903502042537,24.148022130681
"P51948",3,3,4,3,3,4,0.21295440963094,0.37646248355784,24.6583661535521,24.9780770422285,25.22903003096,24.9498821474339,25.3922079587457,25.4208471570341
"P51965,Q96LR5,Q969T4",2,2,2,1,1,3,0.818510232830242,0.881512832841269,23.0798212981337,25.210478153999,25.1518137500911,23.9874198933725,24.3443358528897,25.6374818253405
"P51970",3,3,3,3,3,3,0.0903310614421787,0.222784273117405,26.5464739979292,26.8206026012769,26.7889751952892,27.0903833246641,26.8951371663197,26.975665665615
"P51991",11,13,13,12,12,13,0.216706225488851,0.380627856738884,31.9017239390932,31.9963211912121,31.8611828203519,32.04683590799,32.1307096418095,32.0301291294086
"P52209",12,15,12,13,14,13,0.165899529284398,0.324916061425162,30.591761626178,31.0050377060721,30.4401049245364,30.8834304100378,31.038854062447,30.9586831740059
"P52272",34,35,33,35,34,35,0.301894933878131,0.467895462110599,32.7144048671865,32.7175220315397,32.6037076005859,32.8062324518276,32.8407125745974,32.7497763216085
"P52286",3,4,2,2,2,2,0.0134723478590875,0.0577664083499583,25.9551633417812,26.1436089436291,25.8088271303849,24.518906591706,25.306721863693,25.3347443235872
"P52292",15,18,17,17,17,15,0.112820538730078,0.255541049832118,30.4262152879641,30.5172451961943,30.2265435553054,30.6960577751732,30.6533964109466,30.5420004921957
"P52294",3,2,2,3,3,4,0.0940787559160155,0.228465576073734,24.4287190904813,23.4640272663222,24.4683713299671,24.3724328851278,24.9441106297094,25.2131594811997
"P52306",2,2,1,2,1,3,0.403558790966038,0.559003558216838,23.2934174276208,23.9629244181357,23.1781762650934,24.1155986705286,23.0023620138001,24.520169734445
"P52434",5,5,4,5,5,5,0.133813289254423,0.284945583484018,26.930826964912,26.9174531963879,26.4759489848383,27.3020923435775,27.0833448396654,26.9132696955035
"Q9H1A7,Q9GZM3,P52435",2,2,2,2,1,2,0.296800791099203,0.463556213927666,24.6511014801794,25.0662930199277,24.6651930019997,24.8162392631747,23.3578087880816,24.7396963744233
"P52488",2,2,2,0,0,1,0.0811525219000464,0.20899143656321,22.2506641848307,22.4550438779507,22.9351397491667,NA,NA,21.7184612655799
"P52489",1,3,2,1,0,1,0.400783763093589,0.55709545495089,22.2029474144312,23.2241761467283,23.1600649763759,24.1297064544751,NA,22.6520945268705
"P52553",4,5,4,4,4,4,0.0331621847985261,0.112796091190138,26.2906923237402,28.1115688332026,26.2678310278227,24.8732332832131,25.6073903060391,25.5059987915691
"P52565",5,5,5,5,5,5,0.242887359309935,0.407447376909492,30.1060995897728,29.7241184701047,29.7879679672714,30.2923782270843,30.0256005385591,29.9468219472606
"P52566",4,4,4,4,4,4,0.861420963176359,0.90892919810577,27.1074711033669,26.9103438778509,27.1558959513194,26.8711907047054,27.2054684577358,27.1780534502853
"P52594",4,3,4,4,3,3,0.314290386084208,0.479897449950021,25.3218038865647,25.1371273376349,25.2650144080224,25.3583133124784,25.2234993643687,25.6372482682629
"P52597",12,13,13,13,12,13,0.19453058685127,0.356977099296066,30.7809604867859,30.8358222327298,30.7155853043895,30.9235230912818,30.9229896794608,30.9407888501157
"P52630",2,1,2,3,1,1,0.635001108438581,0.749740672913341,23.7798289220908,22.2544606040606,23.9201054424063,23.8957844046703,22.5624673454908,22.6120683162384
"P52643",1,1,1,3,2,2,0.0140621833516021,0.0596874689991109,21.6013676634281,21.7511365723638,22.1285431666803,25.8751077009703,23.1702007631737,23.8330172844498
"P52697",0,0,1,2,4,4,0.020948550939639,0.0808417469398788,NA,NA,21.6735940695489,23.9972739202726,25.6855563515253,25.8946094793158
"P52701",17,20,23,17,22,21,0.730918091387084,0.822425324035678,28.0870383344527,28.6990689810687,29.0247355585135,28.4152034005233,28.5126204858143,28.6059891884587
"P52732",12,14,15,16,18,15,0.140649753444266,0.293684127592802,27.3116537069853,27.4203069263667,27.4444683329807,27.4558769593672,27.8840782933258,27.6002758003729
"P52739",1,1,1,1,0,1,0.388354929796626,0.546705894761081,22.8620035593918,21.337654539587,NA,20.9916338683514,NA,21.8941881929816
"P52756",2,3,2,2,2,3,0.826900948101421,0.886889222132888,21.8670909711623,24.9373886443028,22.2094797310588,23.168795408001,22.4178873014411,22.8482544639845
"P52758",1,2,2,2,2,2,0.192168344410783,0.354507782183661,23.9931486033216,25.1046212716841,25.3476408105135,25.2576060166469,25.4488347481005,25.3695608000379
"P52788",11,9,10,10,9,10,0.359820820614936,0.524215449935403,28.6660189339298,28.1324251723712,28.6089027684057,28.6124175923992,28.6053340057248,28.714518449821
"P52789,P52790",18,21,20,19,19,23,0.171724425206191,0.33129840781622,28.3004725613768,28.521625606206,28.4030013694414,28.3673892436199,28.7449879876958,29.1001227907673
"P52815",4,4,4,4,4,4,0.0984331717108014,0.236080698153494,27.6840378252094,27.9840053984934,27.9867977107069,28.0375203749413,28.1820474790188,28.2837958557086
"P52888",12,13,11,13,12,13,0.532401943493875,0.667783018770192,27.9589974663966,28.1195965858323,27.9135872308323,27.9815594494186,28.0532446168279,28.2065806261503
"P52895",7,7,8,7,8,8,0.232907075729017,0.396098868520965,22.3114899606115,23.1035827389164,23.6890155114367,23.3853483834115,NA,23.9539712165264
"P52907",11,10,10,10,12,10,0.367825279681711,0.530218461093699,30.0529916837235,29.685656497651,29.6889246358711,30.0032569074226,29.9180144003653,29.9291764976933
"P52910",15,16,17,11,11,12,0.000744607868243325,0.00701787900847911,28.9790060876603,29.064065797848,29.6870774858151,27.6598392391177,27.8936310070741,27.428035757761
"P52948",22,21,24,24,26,24,0.367617240990119,0.530069849911816,28.7461107918179,28.5177000795495,28.3863202126366,28.8833619368875,28.6634545705057,28.5585398092246
"P53004",6,6,5,6,5,6,0.372999735035222,0.5350814148432,27.3254857984931,27.3214165651782,27.1575387379247,27.3492592490162,27.436004880638,27.3440284975774
"P53007",6,6,5,6,5,5,0.072221916534552,0.192808086900646,27.8416044603709,27.2377453030902,27.656877466777,28.1447520113954,27.9838391944224,27.8746594089957
"P53008",3,4,4,3,2,1,0.00173784111035773,0.0121745290546698,24.8715923633973,25.1241443880989,24.9615450905341,23.8884884259747,22.7222366705438,22.9002048133344
"P53041",9,7,9,9,9,8,0.16211683614097,0.320897645412181,27.0498563183781,27.079927893345,26.9792468629063,27.3673892436199,27.5232408382355,27.008039247678
"P53044",4,3,3,2,1,1,0.000437194418443098,0.00527033176027706,25.426575751822,25.0575600803166,24.9283659797235,23.4638776872096,22.7523315664588,22.3831502553367
"P53066",3,3,3,2,2,3,0.0126779841936843,0.0552759375834054,25.9525771665244,26.8032230766697,26.9026576706741,25.2898283741821,25.4852906973127,25.7314537656484
"P53073",3,2,2,0,3,1,0.107988016923545,0.248949097891752,25.1517701731707,23.9152648898234,24.2543989978118,NA,24.006705649974,22.2384058303202
"P53075",2,3,2,2,2,1,0.0845405404104901,0.213827876621625,23.6520040483741,23.6319968028025,23.8284508514645,23.2445128254543,22.9156066658543,20.7209320037526
"P53081",3,3,5,2,2,2,0.0017942827642102,0.0123810413142428,25.6580666839006,25.217663416298,26.004878754296,23.8865220080771,23.7391446448022,24.4826446600963
"P53090",12,11,10,12,8,11,0.019643677860345,0.0772743122060768,29.0468570997699,28.6072233889233,28.6179402155559,28.4060334461254,27.7922692082927,27.9392897820977
"P53091",1,1,1,0,1,1,0.311630676658939,0.477852625320067,21.7315304601709,22.8457639020293,23.6461285235049,NA,22.0549165508558,22.0934813074186
"P53111",2,1,2,1,1,2,0.0395171367737495,0.127451018231832,24.8067174673545,24.0036512371056,24.9941621542331,22.5820069214242,23.3919286703876,24.1239240008398
"P53131",5,4,4,6,2,3,0.0119843829323289,0.0531608289401256,25.1766117539375,25.2083542243544,24.97625265753,24.636026608696,23.6541041843978,23.4171638068071
"P53136",0,1,0,0,0,0,NA,NA,NA,22.485978369531,NA,NA,NA,NA
"P53141",5,4,4,5,5,3,0.222076995631049,0.384674521581766,27.8280915154672,26.837150573371,26.9001085656233,27.0944115469896,26.8602315513715,25.7742350010748
"P53163",3,4,3,2,2,2,0.00272071560120809,0.0169032404694983,25.6447676427615,25.0489178337046,25.9767924455104,24.1972781896914,24.3820099909972,24.2457643411659
"P53183",3,3,3,3,0,2,0.0252279940753641,0.0924050747459491,25.9440048327281,26.0784662407223,25.8961386902382,25.3002060386109,NA,24.0305033977264
"P53184",6,6,6,6,6,6,0.00033088556243987,0.00465317610586944,29.0802091609991,29.1240419639718,29.1633555689913,28.0138828378281,28.065883046897,28.3198968351045
"P53192",2,2,2,2,1,2,0.014172032924376,0.0600528005881067,24.4119799251559,24.3773700581831,24.5049647091352,23.3264811267369,NA,23.9010869893486
"P53199",3,5,3,0,3,2,0.0297090698485695,0.104571785230052,25.5940411679301,26.2839359827105,25.3985973550562,NA,24.8855806772454,23.5980774328823
"P53200",4,4,5,4,2,4,0.0825486599360187,0.211222533605284,25.9897256120979,26.0279225979664,26.218114016143,25.928671667631,24.2101403731721,25.3252067115918
"P53221",1,1,1,1,1,1,0.00160199381297597,0.0114842234671279,28.0217345148998,27.982876271386,27.9113495134238,26.6884475818851,27.248309939081,27.0606571913389
"P53228",2,2,3,0,2,0,0.863826820283423,0.910802692259757,23.5244155814865,23.6993554403832,24.3424794148933,NA,23.7806267132174,NA
"P53235",6,6,6,2,4,5,0.0144674997296127,0.0610487394605463,26.7349022475289,26.7453596176789,26.137534280596,22.7382188967944,24.4626785508718,25.3615714808438
"P53250",3,3,3,4,2,3,0.0403155997082245,0.128719402102555,25.8280648947762,25.880237672022,25.253539007555,25.3547617213721,24.5863552232947,24.8597333755044
"P53252",8,8,8,8,7,8,0.00170375236107257,0.0119962528412844,29.9525863239056,30.0436795504482,29.771031758522,29.265335280738,28.8356275112534,28.8535083549407
"P53254",5,4,4,2,0,1,0.0247383295311377,0.0912093964564282,24.3896431921098,24.6004415969924,24.5241421291776,23.5591724029265,NA,21.6887981472639
"P53261",4,5,8,2,3,3,0.0144125574753031,0.0608677490031404,24.9410785973123,25.6038976840154,25.9367517012398,23.6192178130067,24.4778900950029,24.5586631405034
"P53265",2,2,2,1,1,1,0.0126548153522695,0.0552577732217402,24.7619366042878,25.0109811550594,24.3326245062816,24.1420301818294,23.8444993630204,23.6152551013927
"P53278",8,8,9,8,5,8,0.00163370077863198,0.0116716020266904,27.3964990857542,27.3289157302649,27.8915459680176,26.072572343312,26.3471197613893,26.5639427835278
"P53295",2,1,2,1,1,1,0.00327792735755681,0.0193674940724729,23.8110877206379,23.576388698948,24.0886361612845,23.0233197487961,22.592917398167,22.2428336262448
"P53297",4,3,3,3,2,2,0.00014791809857804,0.00348399958625677,24.7657774846435,24.4605163348581,24.8696438832448,23.3420625577599,23.4428329618485,23.2380499236542
"P53301",2,2,3,2,1,1,0.208928394245681,0.372501701141875,27.4439119281633,25.4129338836539,28.0501624789207,26.9593195689114,22.0729149240263,NA
"P53303",6,6,6,3,3,4,0.00133214985825148,0.0100578309925684,25.8918039671187,26.1684702255139,26.3449614963169,24.4148907772028,24.6021350683533,25.161907726725
"P53312",2,3,5,2,1,3,0.0220170673766059,0.0838674263342658,24.8103872131996,25.1832429035943,25.8753453332844,23.8307996636309,22.9722076304631,24.5709976742602
"P53315",2,2,1,1,2,0,0.387725837415526,0.546218988732229,25.4203737851326,24.0491695847002,24.664268849101,24.0416373599845,24.520599723841,NA
"P53319",1,1,1,0,0,1,0.156347935370912,0.313502747740563,22.596699995444,23.1795351439629,23.1746759923512,NA,NA,22.3879952512035
"P53337",3,2,3,3,2,3,0.00203381229553149,0.0135818406346108,26.6049579680701,26.1526747137046,26.5020452926573,25.5121558474211,25.2599620221882,25.6283188510434
"P53350",8,9,8,9,11,9,0.00416128296273998,0.0232250168450825,26.6871818811474,26.7295142502734,26.2557033613603,27.3281845100656,27.4843813401815,27.2434475245244
"P53365",3,4,5,4,5,4,0.213753714896296,0.377506997881535,23.8869564541532,24.5917773272058,24.8644228331916,24.9421192177401,25.0299259773585,24.5815022559468
"P53367",2,2,3,2,1,3,0.676998561650858,0.781068920716876,23.8627314317836,24.5881683011822,25.0132317829193,24.1388214411789,23.5674498021436,25.1199177485375
"P53384",3,3,4,4,5,4,0.234408550497204,0.397581460228804,25.2213226174888,25.6229891118101,26.0474272259232,25.7224984447063,26.26604930732,25.9409518127481
"P53396",34,34,34,37,36,36,0.0598273923888158,0.170150990403102,30.9846295872996,30.8590857581457,30.8702275661546,31.2302712127991,31.1375223407871,31.1112248734328
"P53549",3,3,2,2,2,3,0.0181159743767402,0.0725069624222778,24.3585755159404,25.0802974744519,24.4858951159748,23.8776398078389,23.592917398167,24.0709543487012
"P53550",3,3,3,2,1,1,0.00254867350691267,0.0160515584581245,23.7728756295447,23.5463335664136,24.0984534867952,22.7364732023652,21.6604561532088,21.6105886072066
"P53551",4,4,3,3,2,2,0.00013876521572741,0.00345272465339482,25.4266812364036,25.5030918891304,25.5603336909275,24.496877030451,24.5445988630156,24.5715953447498
"P53582",6,8,10,9,9,9,0.360054480831399,0.524253439803804,26.4373829003921,27.1858621169149,27.5669006999189,27.3691506567625,27.4591467241029,27.2576981558492
"P53597",4,4,3,4,3,4,0.619715260654631,0.73739543673806,26.9097252462168,26.8878987313261,26.3318244676723,26.3691897748612,26.3018162052619,27.0320241759763
"P53598",4,4,4,3,3,3,0.000971385050499835,0.00824616115978936,26.0153425370228,25.9524451413524,25.9360818686194,24.3418233775696,24.8789529176119,24.9938802345801
"P53600",3,3,3,0,1,2,0.000171613783416671,0.00358190586792398,25.7667499975398,25.8250829915969,25.9144036196352,NA,22.1542431343806,23.0468513918139
"P53602",6,7,7,5,4,6,0.275488000124477,0.441322514630109,26.0040997556405,26.3301001482418,26.6204141315258,26.6895758137163,26.3400393060405,26.6576323167385
"P53618",30,29,29,29,30,30,0.100665698752382,0.239077421092135,29.5301787124757,29.5156031741538,29.5079329631881,29.8904998638243,29.6236204122665,29.7353385072508
"P53621,P53127",26,27,31,28,27,29,0.0855862206434208,0.215286852823665,29.1239367936957,29.3023454592548,29.3600753350065,29.5043452237598,29.4405833407219,29.6026535910055
"P53622",21,20,17,16,16,17,0.00119770245965333,0.00942304536403262,28.4775643200711,28.2106710835521,28.171183470631,27.5551547555305,27.2406831503199,27.3885719819554
"P53633",3,3,4,4,2,3,0.00954114568919504,0.0447053125010428,24.8251869650369,24.7663800587139,25.7187851091987,23.9440638697226,24.0822153214893,24.0608506988224
"P53634",6,6,5,6,6,6,0.263218125312826,0.430124474589156,27.232910591764,27.0398616097148,27.2245857655615,27.2810397676905,27.2874154879631,27.3524314926137
"P53675",0,0,0,0,1,1,NA,NA,NA,NA,NA,NA,25.3476999001455,25.2614409948801
"P53680",4,3,3,3,3,3,0.605409349594915,0.726002522508053,25.0636690748244,25.625451337693,25.5339396700568,25.2026444812832,25.5124866778618,25.9132482617528
"P53691",9,9,10,9,10,10,0.00198963840205173,0.0133817091461562,28.7606889026221,28.8288741297709,28.7594762375426,27.4967338064818,28.0728568495813,27.9190985582412
"P53701",6,6,6,4,5,6,0.440827911324517,0.589677378204485,26.8596875232404,26.7294020437759,27.0364340585178,26.3066543744787,26.7770071420468,27.0107462755478
"P53723",6,6,5,5,3,3,0.271242767452702,0.437994635039514,27.5232486782051,27.2821011734451,27.5010751527237,26.8753280606837,27.125600793515,27.5567571803948
"P53731",4,5,3,4,3,3,0.00208604408441945,0.0138094477986929,26.2332925789007,26.2841804477319,25.9211889535657,25.4519670143902,25.3576260543102,25.1864493023941
"P53738",2,2,2,2,2,1,0.00948066308598111,0.0445873642898423,24.5016308321731,24.5974445282116,24.651501347594,23.8495391584644,23.6114274992042,22.711082741667
"P53741",3,3,4,3,3,2,0.00176111461648104,0.0122526032063991,25.7922719321934,25.995201665775,25.8557463378923,24.9599430775464,25.0399623300656,24.4431676524482
"P53803",2,2,1,2,1,2,0.481770005933611,0.62587970678258,24.9495214626529,25.3949361681074,24.650708363249,24.9888972034427,25.1185380307451,25.4117121248914
"P53834",3,4,4,3,2,3,0.00797743474595568,0.0386698876217103,25.6842143088633,26.5619435716024,26.4639170909955,24.1192316091131,24.3333886081762,25.3527476304568
"P53839",5,5,4,2,0,1,0.0018188557108685,0.0124993744157779,26.1572051787225,25.8737748542119,25.4818094939149,23.9497252048131,NA,22.9934829107335
"P53849",5,5,5,5,4,3,0.00315099933963293,0.0188351451650721,25.8969652174056,27.0487919417309,27.1853447101799,24.365155028637,25.1146880872552,24.7401797703203
"P53852",12,12,10,8,8,7,0.00523947604464947,0.0276826291856951,27.2787237066188,27.1248952762584,27.0856709862924,26.4751239119565,26.6579161397454,26.1470564164311
"P53860",8,8,8,7,6,4,0.00103199236913611,0.00853124951965056,27.746146012575,27.6161719680472,27.7595844099233,26.4837850729662,26.4014482287003,25.6467674567807
"P53885",5,5,5,2,2,4,0.00768359102569273,0.0375489453567055,25.3388689479326,25.3939170957317,25.3848062490283,23.3910773849638,23.400484440141,24.7079724731143
"P53889",1,2,1,1,0,2,0.425629032762255,0.577604658749974,22.5650794706343,24.3588042275463,23.2043518131077,22.4794863591855,NA,23.225399447653
"P53890",2,3,3,2,1,1,0.000436409224162205,0.00527033176027706,23.8317339146046,23.679977729263,23.7106617545854,21.9876441343413,20.7690119748221,21.520124698779
"P53897",3,1,2,1,1,0,0.0030983243732584,0.0186083667173938,23.7666666649742,23.2775806563281,23.9157632418646,21.8169392357278,22.3365041455802,NA
"P53903",1,1,0,2,1,0,0.120687156195875,0.267247183667412,24.8003814154375,24.2018989133879,NA,24.1010689527508,23.3937895723236,NA
"P53912",6,6,7,4,5,6,0.000388442707604289,0.00494816049592888,28.5155002117537,28.3305440544117,28.3906221222722,27.627090656778,27.4924545391944,27.418327191413
"P53914",4,3,3,2,2,2,0.000464268458935752,0.00545353485135926,24.442973567288,24.2434140531769,24.5190905099943,23.2949029891352,22.972726469807,23.4079445016501
"P53925",2,1,2,1,1,2,0.693198769928966,0.795399133782645,23.0637414248177,23.0072394055712,24.0331626600579,23.4755527565667,24.3150111147663,22.8843726578349
"P53978",2,2,1,1,2,1,0.00053468978551959,0.00589676442502063,27.9298349957859,27.6935003854296,27.6467953735923,26.3619544707821,26.7678883898059,26.7084172079355
"P53981",7,8,8,5,5,4,0.000284548321802034,0.00434215581094283,27.9083410038454,28.1261316832725,28.130232437694,26.4439666311545,26.6964658467345,25.9765685427662
"P53985",2,2,2,2,2,2,0.508211073975854,0.647240574182732,27.263154375653,27.4817480183824,27.2164915324268,27.3272787054827,27.4948948070341,27.4081726618616
"P53990",4,5,5,5,5,5,0.494556083017137,0.63642309468418,26.3246369601483,26.6771881150373,26.8074047047918,26.5547764519621,26.9784885911628,26.6885176504978
"P53992",13,15,13,14,15,16,0.0148234375336654,0.0622387223462542,28.0577103720825,28.2510942339528,28.414107568575,28.7388639054346,28.6570125189851,28.7050473987413
"P53999",4,4,5,5,6,6,0.124789869211491,0.272929461346257,29.9451650761105,29.930006124828,29.9048110933481,30.0146176344881,30.2620647205022,30.1299633196312
"P54000",2,3,3,1,0,1,0.00156149741176786,0.0113158155334856,24.3826276916848,25.026699503128,25.1358018736327,22.174196851049,NA,22.9064032050765
"P54105",7,7,7,6,7,7,0.462747318644184,0.608681433977024,28.7568484169677,28.5448295507385,28.6892937822526,28.6866907989793,28.7565589532555,28.8232862065265
"P54113",9,8,10,8,8,7,0.0105977889203542,0.0484429247391032,27.4888902400639,27.6204742728466,27.7310174210914,26.7786814927432,27.0061228606141,26.0569950104504
"P54114",11,9,11,6,7,9,0.00406453106534527,0.022785734085526,26.6926456151464,26.4985691655811,26.6205332493099,25.3870725647598,24.8919038357831,25.873260781617
"P54115",19,19,18,19,17,17,0.000139497145665888,0.00345392197430589,31.8822656745204,31.9294567708678,31.8926560655689,30.8973144606126,31.027349752238,30.9224035808415
"P54132",3,3,3,4,4,3,0.61824420191641,0.736324325366609,27.3875854736599,24.3568879505695,24.4647665784029,26.6746337935994,24.750021037728,26.3289393472134
"P54136",22,22,23,24,26,24,0.0270857273224693,0.0971661993649094,30.1080193439362,29.9863783879645,30.1324686400115,30.484958840001,30.3793366901059,30.3504936352519
"P54198",2,1,1,2,1,2,0.398097269912889,0.555927373605198,23.737030430598,23.2970933127398,23.3689264162131,24.0411463968894,23.9159520302597,23.1867685180256
"P54577",23,25,26,27,28,28,0.139989793370087,0.293011932498442,31.1540071613754,31.2627806876792,31.2075886324886,31.3312374086166,31.4101293878997,31.4236035114458
"P54578",18,17,18,18,16,17,0.189045597404695,0.350796955360439,30.1373191596284,29.8484052751338,29.9611594827618,30.1723922645329,30.1711821068846,30.1478354156022
"P54619,Q9UGJ0",7,5,6,7,7,6,0.272347548306378,0.439076752791418,26.2594676166599,25.7104036320905,26.3545895581221,26.5707505013319,26.4614591064554,26.118691393574
"P54687",7,7,7,7,6,8,0.440585184961635,0.589677378204485,27.9514412005453,28.1673441420217,28.0570880283354,28.2924813651341,27.9010098384851,28.4063082966782
"P54709",5,6,4,6,4,5,0.491165214208638,0.634008560431339,27.3339468258516,27.7308039981366,26.737622171102,27.5819832943959,27.4969703029943,27.3193308027969
"P54725",6,6,6,6,5,5,0.599359865666014,0.721084449551378,27.2550587550564,26.9327375788284,27.0283762894218,26.8634357501247,27.0716464333337,27.0493891146158
"P54727",8,8,9,9,9,8,0.128665076314752,0.277364175462906,28.7560790914962,28.9618025433938,29.2776687771347,29.248527916723,29.2017111494926,29.5018713131768
"P54730",1,1,0,1,1,2,0.011987761663592,0.0531608289401256,22.6558486743426,23.1055207290919,NA,21.8973910903606,22.1740499521232,22.1426057858417
"P54783",8,8,7,6,6,6,0.00047539108600031,0.00553271975895753,27.0994429744077,26.9196185188642,26.9235659557179,26.2272827228235,26.0444856248573,26.0689546644562
"P54819",12,12,10,12,11,11,0.219733963685504,0.383545203442861,30.7888464278611,30.5705973020381,30.4514492373219,30.6400160206628,30.9298528932718,30.8545412142578
"P54837",0,2,1,0,0,1,0.134253265474514,0.285521365857588,NA,25.8318716642532,24.4386835483338,NA,NA,23.4916298546772
"P54838",13,15,16,11,11,13,9.10662062282448e-05,0.0029808636388006,29.1916077892293,29.0979008660974,28.9240486077049,27.8060744286645,27.7419475333757,27.9242659813373
"P54839",11,12,12,10,11,11,0.00496039640985859,0.0265412735870717,29.4131427482777,29.6742765196174,29.747500215359,28.7632552523197,29.1040356193538,28.6563523104076
"P54858",2,2,2,1,2,2,0.0259919089842835,0.094449735452961,23.8087153984874,23.723352433334,23.9677757471676,21.7075828063012,23.0736116350836,23.0975011799285
"P54860",5,6,4,2,1,3,0.00796752612463232,0.0386589572099115,24.989106705509,25.5566409322454,24.8423265787164,22.8443030810869,21.9967201539813,24.0443483418849
"P54861",4,4,3,1,1,3,0.0111023193777777,0.0501715206107737,25.2259770640138,24.8868125311409,24.7598980639692,23.2960392353524,NA,24.109853173677
"P54885",10,11,9,7,6,9,0.00308140040946069,0.0185508384602931,28.091425370233,28.6413482211828,27.7346537748478,26.3775367414442,26.8626130458866,26.9728919426754
"P54886",19,16,17,20,16,18,0.263841466703595,0.430615393550687,28.5230020285324,27.9533485497066,28.4804844218753,28.7264354850293,28.4329444817403,28.5297849550476
"P54920,Q9H115",10,10,12,10,12,12,0.129198967241967,0.277419072794482,28.366570343149,28.2896167173423,28.7288919743199,28.5389887252988,28.9164308167804,28.9056675683627
"P54964",2,1,0,0,0,0,NA,NA,23.2629732151817,22.4452173599084,NA,NA,NA,NA
"P55010",10,10,11,11,11,10,0.371377182495621,0.533647003514983,28.9874629341999,28.9015321727162,28.7643090294844,29.378848746321,28.8701170105923,28.9193386939048
"P55036,A2A3N6",9,9,9,11,8,8,0.416867157751717,0.570004335084982,29.2090889836507,28.9403921826904,29.1493266749035,29.506458574107,29.1094129730049,29.1123572367835
"P55039",1,3,2,2,2,3,0.289331346191201,0.455410604428718,21.3918348616587,23.7466907219169,24.3777481913636,23.4049119522098,24.6011287007159,24.4264447209014
"P55060",32,33,34,31,34,34,0.135953626923031,0.287804597480399,30.8206351933114,30.9343934420689,30.9166826882594,31.0735269534478,31.0644842319595,31.0712017130703
"P55072",35,36,35,35,35,34,0.149807833693348,0.304498739631831,31.8705200302096,31.8889979276009,31.8851462773927,32.1017945105083,32.072788790616,31.9853701439476
"P55081",5,5,5,5,5,4,0.665316860711672,0.771999876741248,26.5920359884943,26.6049010936976,26.6296759092764,26.7332976587205,26.6216367579305,26.6143852378262
"P55084",12,14,16,15,14,16,0.914083514016736,0.940333162789925,28.8169344489642,28.9998606346269,29.0602529913032,29.2092424547894,28.9588509371552,28.762807806375
"P55145",3,3,3,4,2,3,0.477906023442857,0.622300418770269,24.5542031576564,25.0438013773978,25.3574511975427,25.3421024172701,24.9687161816499,25.1870522059708
"P55196",13,14,15,15,15,13,0.0778171026652404,0.202777543072602,26.7209203230194,26.7989522178938,26.7399267086063,27.3088382200341,27.1789594574763,26.8102238319564
"P55209",11,12,12,12,11,12,0.182092713885919,0.342296352005128,30.7946475865723,30.1870269568404,30.4234742499923,30.9390062650934,30.6461978754802,30.7036229122367
"P55212",3,4,3,2,3,3,0.839396493264684,0.894484533275139,25.5417905767027,25.6665849956028,25.3260656639897,25.6748078782684,25.5441800228208,25.407579370242
"P55263",9,10,7,10,8,9,0.874824240933651,0.917926263866977,28.7501906751957,28.985791377727,28.2829841043676,29.0830682858034,28.5609085176343,28.2323228264622
"P55265",18,20,19,20,19,18,0.31617607646062,0.481485415348919,28.1641389899978,28.3875813072078,28.1710614857344,28.6131197041373,28.2893432149617,28.30326838675
"P55735",9,9,8,9,8,8,0.359995741209341,0.524253439803804,28.8870331205269,28.9300793562201,28.7852608730028,29.1446948828769,29.0923850996093,28.7864327218162
"P55769",5,5,5,5,5,5,0.274853070371138,0.440797967619724,29.352388240159,29.5757553721425,29.5932835618936,29.4682559612083,29.7692330028963,29.8331758933297
"P55786,A6NEC2",23,20,22,22,19,24,0.175409322901788,0.334842210875636,29.0976221906743,29.0795978301903,29.2656276813639,29.406128771048,29.2567489626795,29.3207252676547
"P55795",6,5,6,4,5,5,0.178875664134859,0.339024757803066,26.7645539661669,26.5749906417629,26.8812430824912,26.2678605640554,26.7287232776927,26.4535808508389
"P55809,Q9BYC2",7,7,9,9,9,9,0.0907159910984836,0.223035051741564,27.9288423441318,27.9310310262042,28.5594641110771,27.6785850861682,27.8529224805815,27.5909262650022
"P55854",1,1,1,1,1,1,0.976301444531338,0.984798219037654,25.8660282505243,25.84808492769,25.9554951766012,25.6831708023616,25.901118871307,26.0723179274728
"P55884",23,23,25,24,24,25,0.141020467189639,0.294219710879084,30.5545370464006,30.4103674880879,30.5293283931038,30.8878742082513,30.5609947800063,30.7229345332929
"P55957",5,5,4,5,4,5,0.328074890271598,0.493480128279285,27.0296269933753,26.5861869171236,26.8217734664389,27.1714672533517,26.7794261409179,27.050461424233
"P56134",3,2,3,3,3,3,0.942283363399384,0.960733400995214,26.6372516949555,26.8147974043414,26.9512015226321,26.8929847167511,26.4875797383171,27.0659692125536
"P56182",7,7,8,7,8,7,0.483100621659189,0.626802270742503,26.8927715182316,26.8786196204957,26.7983773344237,26.9016650553017,27.3174436976108,26.7463289123097
"P56192",22,22,24,23,25,26,0.0537652848952189,0.157613728384069,30.2570869230832,30.2606955525581,30.2280101560628,30.5609886872897,30.4614591064554,30.4708788878675
"P56211",1,1,1,1,1,0,0.252301278995203,0.417416888373656,24.1915043294393,23.8026259170192,23.8049959360612,24.0936068018145,24.2631891492433,NA
"P56270",2,2,2,2,2,2,0.0451018830061648,0.139846292857052,25.0765443367913,24.8586087553175,24.8220013787113,24.4443751320119,24.6263434911972,24.6683397685601
"P56282",1,3,2,1,1,2,0.758896689356395,0.839322789126155,21.2457939205938,23.3532807747364,22.801402545871,20.970584210224,22.4562074286423,23.2247087333003
"P56385",5,5,4,5,4,5,0.138620930144248,0.2913990250467,27.0369008103583,27.2055981127583,27.2578951038243,27.2503608551815,27.4255255524544,27.4876193512062
"P56537",7,7,7,8,7,6,0.34243107553119,0.506328853193221,29.5637787620583,29.659173308741,29.5586406328103,29.547483349336,29.8911286782499,29.754786269479
"P56556",3,4,4,3,3,3,0.38085158252873,0.540967756848317,25.7245572389106,25.8238223168818,26.0389852440471,25.7130979454843,25.8107707004031,25.6945912177597
"P56628",2,2,2,2,1,2,0.0617126461870207,0.173172542161467,24.9640332680651,24.2915712025374,24.8292343981779,24.3568148181096,23.2406529928855,24.0805297086779
"P57076",4,4,5,5,6,6,0.0818955055416814,0.210190141509671,25.4402941439935,26.020531744804,26.5722067732788,26.7999061475676,26.5996010354554,26.5324735869905
"P57081",3,2,4,3,4,4,0.0232861170407449,0.0875135246821447,24.8278519115625,23.968335340614,25.0036554117845,25.509709308923,25.5707093559146,25.3978082862211
"P57088",2,1,2,1,1,0,0.088865864235572,0.220419478968707,24.2162056641963,23.1659353004992,24.1038485326426,22.8485518257178,23.1826508360458,NA
"P57678",9,10,11,9,10,12,0.543698843678141,0.676243008967814,26.4353922051349,26.173427774947,26.5169676392259,26.2450202528795,26.4753476425933,26.7561611472868
"P57721",1,1,1,1,1,1,0.816801074213543,0.880423010211824,25.9660910622383,25.9553263834046,25.7784441395662,26.3790915793055,25.6302951806094,25.8488148949662
"P57737",6,6,6,7,6,7,0.179377354784517,0.339720667047842,26.8459493357835,26.3997951585243,26.6785500011973,26.9681275746131,26.7001363095958,27.0441134581505
"P57740",15,14,12,13,11,12,0.620327759819329,0.737487198961578,27.62205524305,27.7189850212694,27.4832381580193,27.5500737768471,27.6113442003191,27.4760574958607
"P58004",2,1,1,1,2,1,0.828936701686334,0.887486673853698,24.0323098731241,23.0109073013625,22.7654848082715,22.9747447441698,23.9203697114946,23.1965236591008
"P58107",13,12,11,13,15,14,0.073867206121412,0.196060566536654,27.3779801574589,27.3026094508196,27.2124668356129,27.7692706677374,27.5948398001751,27.4217213258678
"P58546",3,3,2,3,3,3,0.891266753573767,0.927629996352997,28.8579936837564,28.4040896302811,28.3723470144119,28.6736838709044,28.5140915547801,28.369209261398
"P59998",5,5,5,5,5,6,0.0607991408357612,0.171562268358341,26.6001179844824,26.8613148087069,26.9731029723008,27.0221161392655,27.1724247870014,27.3036363638352
"P60010",10,10,10,9,9,10,7.44769688024268e-05,0.00270635373684214,31.6067261113069,31.5995471202542,31.553822420992,30.438878541938,30.5813373847837,30.5107343806814
"P60033",3,2,2,3,2,1,0.919415915311251,0.94466431819307,25.7562679639238,25.1191855518427,24.9743152036058,26.1500664833786,25.2588563457579,24.5814483042614
"P60059",2,2,1,2,1,1,0.458754286755163,0.604846750822326,31.2131716041067,30.9126928398315,23.1013242506039,31.0043749766478,23.4623239097038,23.4155909913944
"P60174",14,14,14,13,14,14,0.175176965956007,0.334745145916889,32.7690718244021,32.8115150612671,32.8103643349076,32.8966573460301,33.0109656824636,32.963284042455
"P60228",15,16,15,16,16,15,0.412059888613767,0.566725396851937,28.9837336888807,28.8999378417022,28.9693198626592,28.9517967800137,29.0665819460932,29.126431515644
"P60422",3,3,3,7,8,8,8.98823980399863e-05,0.0029808636388006,24.248788056167,23.2985461779592,24.4513822738259,27.0862248431824,27.4447266310482,27.1573000610314
"P60438",4,6,4,6,6,6,4.34658916006811e-05,0.00215241390661804,25.4543662858005,25.9272107905228,25.51009166329,27.6237335511072,28.1105331923454,27.8684820151259
"P60510,P32345",6,6,5,6,5,6,0.19331540604558,0.355592999588944,26.4716974513511,26.6925797855477,26.4034514164901,26.9323034919097,26.5569175618538,26.7564001227786
"P60520",3,2,2,2,3,2,0.415567585180454,0.568843325947554,25.9537488391259,24.9245080500171,24.9669140676183,24.6905779462848,25.3742942928126,24.8705036101585
"P60604,Q02159",2,2,1,1,2,1,0.181523795387008,0.341990559679142,26.0405355001728,25.9755058644341,24.3904894095973,24.6052032531737,24.911412530581,24.7418703815937
"P60624",3,4,4,4,4,4,0.000189793408675946,0.00363284146766094,24.8277454081636,25.741225372355,25.7130767566128,27.7105066649657,27.7493095936459,27.8079775849571
"P60660,P14649",7,7,7,7,7,7,0.0307113288462364,0.107129089780622,28.0702561168197,28.0518013473191,28.0028331811086,28.4177586862939,28.3831716009186,28.2549522967811
"P60842",18,18,18,18,18,19,0.385640254413684,0.544553795091842,31.0574691270364,31.2859496739846,31.1521207281824,31.15349452263,31.3288110688177,31.3693655113688
"P60866",3,3,3,3,3,3,0.518439139360684,0.656299772659352,30.7668819309252,30.9245031491506,30.8645812485596,30.7822186562923,31.0007272288282,31.0307158104757
"P60891",4,5,6,5,5,6,0.235769883224001,0.399220140852976,27.2327095052711,27.4440909933576,27.7337730758256,27.4362203989486,27.8276905770261,27.9667605890112
"P60900",12,11,11,12,10,12,0.427326731559456,0.579132632440787,30.2750179852659,30.0141625039723,30.0396446070067,30.2870825054232,30.0423647790891,30.3770593837388
"P60953,P17081,Q9H4E5",5,5,5,5,5,4,0.85200688076973,0.903334751210727,27.6923970473081,27.8234438995514,27.4905558606146,27.6267634779489,28.0059961361166,27.4811272125667
"P60981",5,5,6,5,7,6,0.0589588532576182,0.168598927305001,27.5627392699511,27.6657408754793,27.6754000732971,27.9128451391119,28.1252508088674,27.7951823647807
"P60983",3,3,2,3,2,1,0.216672304057963,0.380627856738884,23.4855186679734,23.576588310853,NA,22.7426463860774,23.4317505794461,NA
"P61006,P51153,Q92930,P59190",1,2,2,2,2,2,0.299883038691223,0.466351363432686,22.8739358006885,24.0730646672512,24.2258077380003,23.760484190018,24.5595966941476,24.2966697785908
"P61009",3,3,3,3,3,3,0.285446004873045,0.451556809588824,24.9771527142672,24.8666709257361,24.8825747062967,25.3902372172874,24.8829332260317,25.0305824386819
"P61011",7,8,9,8,9,10,0.0349334100279876,0.117216244427888,26.9911528455606,27.0096881692119,27.1822814910845,27.4703544270923,27.2698962709122,27.4789566579333
"P61019,Q8WUD1",5,6,5,5,6,6,0.192310427466052,0.354640368430459,25.8008697932041,26.3638006918529,26.5910514039166,26.6992859224969,26.4669753353668,26.6012739520058
"P61024",1,2,1,2,2,2,0.133222358610472,0.284015254239225,25.651312129936,25.7996150295374,25.6815218031563,25.7330241015271,26.0618288372254,26.0896816139559
"P61026",3,3,2,3,2,3,0.099916892346428,0.238045613127344,26.6471536360458,27.0111657727627,26.9898900089536,27.0530054034519,27.3564337442912,27.1724229777475
"P61077,P62837,Q9Y2X8,P51668",3,3,3,3,3,3,0.14367944980342,0.296335198430818,28.0094034632382,27.8370464339808,27.9866590944362,28.2402908535281,28.1134181712489,28.0730855736716
"P61081",7,7,7,6,6,7,0.295177098074473,0.462163522124663,28.3461278413824,28.4399141282699,28.2777065435262,28.1184056863769,28.1111224322821,28.383397843297
"P61086",5,7,7,8,7,7,0.658996989781779,0.768018872955184,28.3084134076056,29.2258037230524,28.9886677279843,29.1553104113709,28.940832867016,28.7982322462088
"P61088,Q5JXB2",6,7,7,6,7,6,0.377075252052445,0.53756903700731,30.1247768381652,30.2041857826985,29.9679630007263,30.1993203926394,30.1866391997615,30.2432130803191
"P61106",6,6,7,6,6,7,0.147554258009532,0.301266950816256,26.547023990439,26.7598247842359,27.0232496597117,26.9546346449431,27.0342322728524,27.1395455513271
"P61158",11,11,12,9,9,11,0.712841551215449,0.811120224192213,28.4492437699375,28.4599686698276,28.3908316437482,28.261573293343,28.5319364518589,28.6721130145899
"P61160",9,9,8,9,9,9,0.283521023352936,0.44962784582596,28.2170902448265,28.2055577796521,28.3525471715669,28.4381328908359,28.7122731091698,28.2040422874894
"P61163",5,5,5,5,4,4,0.00253904451833705,0.016010878729239,26.6216252799687,26.7161000262058,26.7320100632596,25.6255850194183,25.9827706601194,26.0762669476963
"P61175",1,1,1,2,1,1,9.50782662538026e-06,0.000923539082399918,24.28569969176,24.3610656418312,24.4132758439608,26.91619572597,26.7070908025127,26.4314670194916
"P61201",8,8,9,7,8,8,0.827976178164022,0.886982854312154,27.1264284020448,27.5890961390436,27.8630844093177,27.2075752783847,27.6544276223637,27.8989995985368
"P84077,P61204",8,8,9,8,8,9,0.358576355790087,0.522854842117705,28.6104165021566,28.9334926933831,29.005458110513,28.4045073901419,32.4662167216504,28.9226964030408
"P61221",17,17,16,16,16,16,0.290339254203677,0.456712417621543,29.8060959247088,30.0202520154357,29.9557406822473,29.9255361815398,30.1737228091102,30.1364044466734
"P61224,A6NIZ1",5,4,4,5,5,5,0.219243181593017,0.383315095266988,24.3694449863158,24.2746923770033,23.709676704707,23.7369098240435,23.9990854957699,23.7376643410978
"P61225",2,2,3,2,3,3,0.0370886987578111,0.122121914879859,23.4429040347897,23.3713421956389,24.2526170201938,24.2694752670569,24.4550493409885,24.4872018484847
"P61244",1,1,0,2,0,1,0.083815250141104,0.212970341386141,23.2883336199679,23.1475108491259,NA,22.5996391111691,NA,NA
"P61247",12,12,12,12,12,12,0.909550280137073,0.937575455394226,31.4612332182021,31.8191469003147,31.5466705814354,31.4986013152346,31.6899450422345,31.6899649417874
"P61254,Q2PPJ7",5,7,5,6,6,6,NA,NA,NA,24.8732265133135,NA,NA,NA,NA
"P61289",12,12,12,12,12,12,0.113214381017012,0.255973965316439,29.6431457852403,29.6557970990098,29.6443663225099,29.9211903852735,29.7841818048578,29.8250816137841
"P61313",10,10,10,10,9,10,0.568922009569328,0.695961508920967,30.430276283191,30.5342862123961,30.5782908618274,30.3572931252199,30.7271289589509,30.7263696139835
"P61326",1,1,1,1,1,1,0.815940303993159,0.880246577417652,23.8823490000515,23.2514381012029,NA,24.0405570205453,23.2157793732113,23.1717960110894
"P61353",4,4,4,4,4,4,0.328760769025781,0.493920777030654,30.1478884013386,29.9005359223247,30.1991888546764,29.9651382352833,30.465496878587,30.4011401778399
"P61421",5,4,5,5,4,5,0.125132899998129,0.273258226498293,26.6311770523377,26.153527988387,26.5247532464337,26.9433809122774,26.6761255895949,26.6403851548247
"P61457",1,2,2,2,2,2,0.0830343197903392,0.211975005708638,23.2414989229164,24.1809800064181,24.5924852408801,24.6410896127761,24.9539717340463,24.6886679234046
"P61513",3,3,3,3,3,2,0.756042573316751,0.837817252703578,27.8035258423849,27.9536367524792,28.2339590202388,27.8007185085501,28.29371013781,27.6881418997362
"P61517",0,0,0,1,1,0,NA,NA,NA,NA,NA,22.3620920640637,NA,NA
"P61586",1,1,1,1,1,1,0.25155224898265,0.416860370607403,25.1215929237474,25.1621827337968,25.1793734821788,24.7473613360987,25.1254608098442,25.0555780248474
"P61604",7,6,7,7,6,7,0.11553877860277,0.260181172858935,31.3441862423769,31.3556689923992,31.3147197533442,31.4367804151454,31.6300999086346,31.5610215345561
"P61758",4,4,5,5,5,4,0.0502605784812681,0.149597042963397,26.9227474040839,27.2651724545385,27.7736317651518,27.9107638605665,28.08862022008,27.7685949168959
"P61769",1,1,2,1,1,3,0.613512886417468,0.732762730975321,21.5386706727132,24.4644048575186,24.6699430371124,21.4574011781574,22.4184663359925,24.8617339390298
"Q71DI3,Q16695,P84243,P68431,P61830,Q6NXT2,Q5TEC6",2,2,2,2,1,2,0.00725090512226361,0.0358710301396214,29.2112848280743,29.3328538600286,29.1876780620276,28.5470511588529,28.4110508669271,28.8672378238081
"P61889",9,9,7,10,11,11,0.00128093107556878,0.00986327990832641,27.9660305807558,29.2739501697909,28.09988103879,30.7687518060016,30.6206645983932,30.4969456072206
"P61916",1,1,1,1,2,1,0.325246882068775,0.490541057428899,22.8366749826849,23.3425221981898,22.4344618153197,23.4502891309269,24.4046433973351,22.4672635739453
"P61923",3,3,3,3,3,3,0.0199943353103222,0.0782878974049904,25.9283209284723,25.6942134465049,25.8197621344284,26.1605240464649,26.941860038228,27.3298067665687
"P61949",1,0,1,2,3,3,0.000281408770331605,0.00431127797103488,22.721659903508,NA,22.7541332576555,24.5533999657964,25.132675580122,25.0361439399923
"P61956,Q6EEV6",2,2,2,2,2,2,0.526083935385309,0.662490640147393,28.5257949253444,28.3256164455062,28.4455445193635,28.3160093697916,28.7016707419042,28.5745190011221
"P61960",3,3,3,3,3,4,0.0683881184130935,0.185216292817445,26.5228211253016,26.3860517283983,26.2746593965,26.7730601072459,26.5177582338468,26.9806858785423
"P61962",3,3,3,3,5,3,0.070234377805861,0.188698852285853,26.1467629189124,26.0045231523528,26.2295455553682,26.6038906925991,27.1007758259554,26.2520317319549
"P61964",6,5,6,7,5,6,0.204751127589538,0.368311119498216,26.0455583614756,25.86070024212,26.4856597212486,26.7738877219982,26.0378069272939,26.766520162499
"P61970",4,4,5,5,4,5,0.467178381638762,0.612595536255812,27.4101672483777,27.4358626723404,27.5567899767788,27.605419129778,27.4738823266129,27.5834027649432
"P61978",20,19,19,20,20,18,0.14951984425728,0.304280714481677,33.3246841309387,33.3871057107935,33.2537492534081,33.4906729371097,33.5159560953739,33.4804266612373
"P61981",5,4,6,5,6,6,0.371206170446616,0.53356925638186,30.4069628405035,29.7583407844059,30.873104950558,30.2138240878506,30.805945531664,31.0613827106104
"P62070",2,2,1,1,1,1,0.135830770455828,0.287665082420288,23.726672166943,23.7419819800352,22.9463287534322,23.3960774261009,22.5965038123657,22.7724684914063
"P62072",1,2,2,2,2,2,0.374388789046839,0.536028119255748,25.2697943324144,25.7730581029567,25.6972613178066,25.5239402157958,26.0090850405273,25.7927844106036
"P62081",7,7,7,6,7,7,0.920779171619089,0.944911742350268,31.0882197037388,31.4938208506829,31.2599516219415,31.0712745017164,31.2577471603536,31.460373891334
"P62136,P33329",5,4,4,4,4,5,0.0192625635780638,0.0761308361758999,27.2633512634105,27.1949920967908,27.0351835798255,27.5164714840981,27.6445299962414,27.5002312790973
"P62140",10,11,11,12,11,11,0.0746906268720116,0.198037982325738,26.0772164518935,26.5728659984461,26.9144619154472,26.8750526057825,27.190157084638,27.06751086238
"P62191",15,14,14,13,13,12,0.743158395675447,0.830808522433877,29.6151488389591,29.5700491507418,29.4956140445344,29.6684282177032,29.5191619189922,29.3620819261245
"P62195",22,22,21,23,23,22,0.365538020908286,0.528278267126681,30.1080193439362,30.0995513483208,29.6982661648985,30.1824449562223,30.103665559011,30.0713818060747
"P62241",9,9,10,9,9,9,0.881810897619157,0.922540771307863,30.9785714484143,31.0016735622098,31.4464183300703,31.3516122437244,31.1186728272765,30.8628191949654
"P62244",8,8,8,8,8,8,0.256279651191455,0.422752618604847,30.1536089018723,30.2839932829167,30.1861698606418,30.2229168763095,30.429098016356,30.4204965871302
"P62249,P0AAG8",8,7,7,8,8,8,0.0699287029790657,0.187977583154476,29.6863708123314,29.8219450227986,29.9152875198222,29.9761118039118,30.0849954691632,30.2151255631338
"P62253",4,3,4,4,4,4,0.72088697743382,0.816412583636373,26.1508339661029,25.9439214678378,26.2080980030705,26.2600973903591,26.073050421974,26.1147451257766
"P62258",17,17,16,17,17,17,0.333333034099221,0.497831210891533,31.7698732314191,31.6971912648424,31.6389741607553,31.739261214394,31.8646062743576,31.8474779073337
"P62263",4,4,4,4,4,4,0.644236936003854,0.755874741871188,30.4484647301773,30.4956362882559,30.5012207153089,30.3050858860096,30.695161683577,30.6560641524074
"P62266",4,4,4,4,4,4,0.340227646311219,0.504547810193179,29.7669687226257,29.825754901276,29.7078279214181,29.8098982419283,30.0991431630051,29.8024478812595
"P62269",9,9,9,9,8,9,0.473226768074252,0.619080136115785,30.7383058351669,30.9037090749606,30.8154787206514,30.8766529523126,30.8623330740167,30.9732132484474
"P62273",2,2,2,2,2,2,0.555699872821238,0.686268962743294,27.4725492019018,27.3967602078315,27.1559781350923,27.0576247545128,27.3930416231813,27.2890087768445
"P62277",2,2,2,2,2,3,0.0356187836339927,0.118518100220881,29.3012158787368,29.5713800142106,29.5284716575458,29.8421563927532,29.726725297664,29.8812214306574
"P62280",10,8,10,11,9,9,0.194055518759359,0.356297501000916,30.4806793550425,30.4741173880177,30.8459810811661,30.7282474968872,30.8679222143375,30.8578163462906
"P62304",2,2,2,1,2,2,0.941644487199246,0.960275853996243,28.3501190867227,28.4200983791274,28.3758794836504,28.0455590614572,28.5606065587076,28.5010158758313
"P62306,P54999",3,2,3,3,3,3,0.240171246722606,0.40423357787267,28.6880034949097,28.5736474810722,28.73217543724,28.643800419652,28.901759272775,28.9902678634475
"P62310",3,3,3,3,3,3,0.45870482226049,0.604846750822326,28.3535908329978,28.4122909651863,28.0580558372115,28.7123195080377,28.3491092653142,28.2045678275501
"P62312",3,3,3,3,3,3,0.601581328671043,0.722956766861155,26.5375966455619,26.5895289259197,26.4640498563792,26.3887136475599,26.797916345521,26.6433601848779
"P62314",3,4,4,3,4,4,0.607088493820838,0.727152948135891,28.9343244091482,29.3309138719116,29.2016591893876,28.8590203798355,29.4994254563094,29.4749869578648
"P62316",8,7,8,8,7,7,0.181033706750478,0.341401378862361,30.7601832414009,30.828114602914,30.7485224608782,30.8723469109088,30.9691420243858,30.9742409463072
"P62318",5,5,5,5,5,5,0.380094170173529,0.540562119923814,30.0079648051286,29.9832056914219,29.8617497812731,30.0383662372607,30.0577907114322,30.059205057305
"P62328",2,2,2,2,2,2,0.556149615435038,0.686656491704321,30.8655841383821,30.9602017654055,30.9526688547774,30.7292002739928,31.2383251995075,31.1198411318854
"P62333",15,13,14,16,15,14,0.0112269403627201,0.050451312964501,29.4685842874305,29.3522937761556,29.6015745007683,29.8691002801269,29.9827449025375,29.8949894001383
"P62380",2,2,2,2,1,2,0.943089198778968,0.961166978013029,23.4101316829192,23.6537291422133,23.3136537299598,24.1335804540996,22.6334356316422,23.699297489251
"P62399",6,4,3,7,7,8,0.000197126800311602,0.0036835500876168,25.7473148538233,25.5200826236442,24.8159807117321,27.6877890389634,27.4836534415581,27.5569629807861
"P62424",10,11,11,11,11,11,0.43112231398935,0.582363193832508,30.2726970664488,30.5905022219627,30.6126053901509,30.3132417669848,30.8927231291606,30.7818618494281
"P62487",4,4,3,3,4,4,0.540105514707609,0.673598260441514,25.8172965695321,25.8475887654585,25.4316947567973,25.3252637679472,26.0009688767029,25.2905772378337
"P62495",16,14,15,17,15,15,0.119429730512927,0.265627287019285,30.2952585887632,29.9554127318265,30.0854552561925,30.5142179975651,30.3190257401213,30.2857425613403
"P62633",4,4,4,4,4,4,0.180557928039363,0.340843807691655,28.6441100461925,27.9505114849672,28.452051768961,28.6818564602089,28.7089293056647,28.5833690897675
"P62701,Q8TD47,P22090",16,16,16,16,15,16,0.274393523656143,0.440797967619724,31.5173070977651,31.6718700219103,31.6502854544454,31.6830370617813,31.7251576368306,31.8467065438891
"P62707",4,4,3,5,5,5,0.00116645626722568,0.00932036943936167,23.4517770670468,25.5794048827796,23.9306735538573,27.5656047682681,27.7064358542577,27.6670056749862
"P62714",1,0,1,1,1,1,0.738985770133024,0.828182188804505,24.3527398709938,NA,23.9128092879497,24.3032802695432,24.1652703887213,23.6363915686768
"P62750",5,5,5,5,5,5,0.826255639811439,0.886782179607876,30.4882797269737,30.620837260656,30.5259142924621,30.5483041547295,30.7744873707849,30.4071456566347
"P62753",5,5,5,5,5,5,0.364019163889212,0.527138989909521,29.599248647997,29.906130902995,29.8784068038834,29.9509966027685,29.9812308368865,29.8457242117383
"P62768",0,0,0,3,2,3,NA,NA,NA,NA,NA,25.0673739569978,25.4282140047724,25.6955636110839
"P62805",5,5,5,5,5,5,0.0800313129295165,0.207089222134727,29.0035223453109,29.1659560287273,29.2124075650439,29.3326047197625,29.4043116985442,29.3700879474397
"P62820",6,9,8,8,9,7,0.414901665555976,0.568393900928461,25.4169442250383,25.6946732989427,23.5966086848504,25.3903528657296,25.7970377248843,25.0744088041171
"P62826",9,8,9,8,8,8,0.579465079687279,0.705101931462406,31.2388050379106,30.9703853272028,30.8972722997199,31.2194629398124,31.1001675039171,31.0328135584136
"P62829",4,4,4,4,4,4,0.169951347398037,0.329216352630642,29.952204717102,30.1569944508475,30.2335696814047,30.2093243973876,30.3480598689687,30.4010446509376
"P62834",1,1,1,1,1,1,0.163729738411122,0.322542476097728,23.3536722030679,23.5496928155129,23.8050797868671,24.1510678808285,23.6676265310443,23.8057509273149
"P62841",4,4,4,4,4,5,0.487230617553598,0.630803921520539,28.843416415606,29.4666817941459,29.3028089193268,29.3236750215763,29.385048697831,29.3191083721874
"P62847",4,4,4,4,4,4,0.300851544872216,0.467425762273012,28.968900654658,28.6922056239805,28.9846707962815,29.0911246509437,28.8904423505849,29.1542880995817
"P62851",3,3,2,2,3,3,0.524330892607147,0.661053144487811,29.6757963070075,29.7801712753242,29.7412145479162,29.6850615110581,29.8504367009058,29.8964809783951
"P62854,Q5JNZ5",4,4,4,3,4,4,0.856239328611751,0.905920579978625,29.1534761242696,28.977642532513,29.0745404618603,29.2104711053399,28.6226289260302,29.2573182715489
"P62857",2,2,2,2,2,2,0.232422236644968,0.395673986280328,29.8803574853374,29.3387869420727,29.6865086558261,29.8579057108926,29.820970912272,29.895803179444
"P62873",4,2,3,4,4,2,0.245379375645469,0.409870107236219,26.1151275772024,25.0116456682556,25.8687415910207,26.1916928018728,26.271478578358,25.789238385206
"P62875",2,1,2,2,2,2,0.125871966346961,0.274279250223683,24.6892936576272,24.0944112697029,25.3735136857087,25.143174433282,25.341687158922,25.4831068031421
"P62877",2,1,2,2,2,2,0.540974776569206,0.674210090639858,26.2647877305999,25.5990912301125,26.1975489272886,26.3196474101327,25.7122420397055,26.6208308429862
"P62879,Q9HAV0",7,6,6,7,7,8,0.120591246919459,0.26715192464482,26.5412872987152,26.0676250418127,26.4013731039469,26.6155125758681,26.5782125937083,26.6684667607737
"P62888",5,5,5,5,5,5,0.019613249925062,0.0772147508741141,30.2080665207865,30.4319032419045,30.4268838705829,30.7482188608233,30.7609399616532,30.6964793054043
"P62899",5,5,4,4,4,4,0.0998201144839805,0.238045613127344,30.3365456653885,30.2441996208744,29.4008010427265,29.2345048505847,29.5434642227362,29.5380617578208
"P62906",6,6,6,7,6,6,0.164059519804216,0.322778991683674,29.8341846948269,30.1437941862823,30.0878265149183,30.1263689045582,30.3421741208702,30.2572127303775
"P62910",7,7,7,7,7,6,0.229185886228952,0.392545917715305,30.6720008351738,30.7249628921604,30.570989952445,30.7107961012272,31.0159889646671,30.7731784253649
"P62913",7,6,6,6,7,7,0.178714959716576,0.338847320393553,30.3048549992415,30.4069513724336,30.3372270103029,30.49854543689,30.5882313642801,30.4553225937365
"P62917",6,6,6,6,6,6,0.743303051450938,0.830808522433877,29.8470991946903,29.9416761180126,29.99807331751,29.8591770611078,29.9088426041332,30.1531768425492
"P62937,Q9Y536,P0DN37,P0DN26,F5H284,A0A0B4J2A2,A0A075B767,A0A075B759",9,9,9,9,9,9,0.128709493002768,0.277364175462906,33.5246147646632,33.3837676828331,33.4023043849772,33.9078509078435,33.6048006444979,33.5500354046495
"P62942",3,3,4,3,3,3,0.997459976380572,0.997829370657423,27.959240559205,28.0948120013888,27.9059843341617,27.7779892241713,28.140628096161,28.0428405062553
"P62979,P62987,P0CG47,P0CG48",6,7,6,7,6,6,0.0310142849930112,0.107665397594295,30.5128115097309,30.4287969595159,30.5638067784224,30.9969575050853,30.8144730880171,30.7404818105267
"P62993",6,6,7,7,7,7,0.0288351914975399,0.102640276429933,27.9990366065947,28.0150372971433,28.4325091486004,28.4475648850534,28.8317717538379,28.7858767868762
"P62995",7,7,7,7,7,7,0.543528045467053,0.676197083166031,29.6044451700557,29.5112044122367,29.4001246777964,29.7682698386714,29.4552535585614,29.5540447336915
"P63000,P60763",5,5,5,5,5,5,0.609512319947455,0.729191550936663,26.5120743441961,26.4797482559577,26.4528547532346,26.4832068674413,26.5594239969592,26.5678966825377
"P63010",23,23,25,23,24,25,0.28579294342086,0.45181225578052,28.8765174301167,28.872180025578,29.2009822603449,29.0997847190885,29.1155340773347,29.2243546139845
"P63020",2,2,2,4,2,3,0.000196936128092751,0.0036835500876168,24.3155514719786,23.3257574681496,23.9174706653196,26.4767223454239,26.0505684346213,26.2097429189242
"P63092,Q5JWF2",3,2,3,3,2,1,0.474900126704844,0.62002617301891,24.6825368418513,24.1860910719986,24.885353242699,25.0569692213005,24.2872486445442,23.3538851534355
"P63098,Q96LZ3",1,1,1,2,2,3,0.00128099616310872,0.00986327990832641,22.8898567141453,22.8942947231207,23.7170927981062,24.9495159214239,24.5302191410332,24.9805222288196
"P63128,P62685,Q9YNA8,Q7LDI9,P87889,P63145,P63130,P63126,P62684,P62683",0,1,2,1,0,1,0.909021599706446,0.937575455394226,NA,22.7071436321889,24.8867405067434,23.0019639063199,NA,24.8532681789901
"P63151,Q66LE6,Q00005,Q9Y2T4",11,10,11,12,10,10,0.101981516995709,0.241146285338128,28.1229606439485,28.0082090507525,28.0938020180506,28.4533422359996,28.2460583243504,28.2256497499631
"P63165,G2XKQ0",2,3,3,2,3,3,0.545361955848879,0.677310852961074,26.6287644671937,26.7638842352973,27.1693119011793,26.3999003661081,27.3540461640344,27.4383498417697
"P63167",2,3,3,3,3,3,0.963774610615764,0.975751765528207,27.7319175072043,27.2102691178642,26.9659018736208,27.6794529201401,27.081902745377,27.1843726773849
"P63172",1,1,2,1,1,2,0.180084708119094,0.340549554739628,24.45791459016,24.6049989499712,24.5215930171975,24.6112356211291,24.7517754422291,26.0412330245911
"P63173",4,4,4,4,4,4,0.0357057031052589,0.118650991042541,28.5646577476818,28.6786707691881,28.7334702113255,29.0051303638191,28.9049910035475,28.9719919056348
"P63208",6,5,6,6,6,7,0.610403201280668,0.729911593198072,28.3886237248019,28.2735462178698,28.5988413365028,28.4251153010112,28.523506454556,28.5226726318991
"P63218",2,3,2,2,3,2,0.481635573383657,0.625866035801608,25.7854333353607,26.0234450412149,25.6263817318518,25.9347372599755,25.9559936212253,25.8618005767271
"P63220",5,5,5,5,5,5,0.408215345973571,0.563667499319985,29.8712145537896,30.2898069586613,30.2581822358864,30.0067185338038,30.4709013137854,30.4747872781462
"P63224",2,2,1,4,4,4,0.000197017948425665,0.0036835500876168,23.485653682249,22.899729452047,21.8693311525083,26.3336675672236,26.3319132427603,26.1318111831353
"P63241,Q6IS14,Q9GZV4",7,7,6,8,7,7,0.827612042654966,0.886982854312154,32.0577174669144,32.161211870828,31.7866747691524,31.7461964677308,32.1354239801501,32.0097881173149
"P63244",17,17,17,17,16,17,0.98233347309469,0.987416193552493,32.1985742278938,32.2466517665525,32.1509357206718,32.2239649657424,32.2805171286125,32.0993811753526
"P63261",1,1,1,1,1,1,0.137863329083951,0.290750595074336,26.9002607794663,26.7802254396929,28.0407132040861,27.5251871053603,27.8985544189498,28.502013836767
"P63279",6,6,6,5,6,6,0.810587755647452,0.876342684521643,29.2065826613099,29.2923727641727,29.1065512656368,29.224809644885,29.0278179317134,29.2592166935449
"P63284",0,2,1,6,6,7,0.00012206496856608,0.00325558780514522,NA,23.2425337092289,22.4524747297186,26.0405570205453,25.9354065608285,26.0075775435069
"P64581",1,2,1,2,2,2,0.0015838163031951,0.0114120629778009,23.6606400936949,25.5390026403831,24.0113070513545,27.1106468904403,27.3021465209477,27.2473634985981
"P67775",10,11,10,11,9,10,0.216095844204958,0.380125000620835,26.5357396223883,26.0217234260274,26.1004021279211,23.7338749980666,26.1240835798063,25.9896988010737
"P67809,Q9Y2T7",7,7,7,7,7,7,0.72209610284002,0.817050000052109,31.1228114517809,31.11611407824,30.8257825718173,31.0449623026326,31.1199908251724,31.045825275503
"P67870",5,3,5,4,4,5,0.0858879608788649,0.215723565588835,27.7336238291547,27.6064293401075,28.0021476307301,28.0849154123858,28.0865842909915,28.0412232173777
"P67910",0,1,1,3,4,4,0.000348694244392431,0.00479415209112867,NA,22.0842548516413,23.1666060423547,25.8142005237619,25.9817399979756,25.8488148949662
"P67936,P07951,Cont_Q5KR48,CON__Q3SX28",8,8,7,8,7,8,0.108051762233499,0.24898241379626,27.0531625078361,27.0623073770637,26.6817501499502,27.092398841752,27.3332876038676,27.2671209701127
"P68036,A0A1B0GUS4",5,5,5,5,5,5,0.411159546952245,0.566090297480704,31.7535847064862,31.928632347507,31.3688590559726,31.8310073691535,31.8226357769094,31.8515382900786
"P68066",1,0,0,1,1,2,0.0212600356421734,0.0817233181344123,22.3138643669287,NA,NA,23.7236309665698,23.6840680412292,24.4954145014161
"P68206",1,1,1,2,1,2,0.000199091105507699,0.0036835500876168,24.2144959720655,24.6568948653215,24.3990696093028,26.4891045182586,26.0063509366625,26.7519726555694
"P68371",21,21,20,21,21,21,0.653037929039216,0.762834084083506,28.6407417819524,28.8311503141041,28.7965861480921,28.4859963769324,29.0160676220856,29.0323695839399
"P68400,Q8NEV1",10,9,10,9,10,9,0.11215671795114,0.254837418970405,28.153396451842,28.2052754163322,28.2842628893564,28.3018874298578,28.5376899353008,28.477870154776
"P68402",4,5,5,5,5,5,0.137268388386818,0.290101518720425,27.9055685282455,27.5972354838536,27.9366368948756,28.0599894809798,27.9951198208769,28.0927130840652
"P68919",2,2,2,3,3,3,2.0815285400359e-06,0.000518303696015869,24.7931449370479,24.906240099932,24.8726874603099,27.2203170347153,27.5156946483913,27.5052169008077
"P69441",4,1,4,6,6,5,0.0129033123228222,0.0558121870292024,25.0031333468622,22.2230034725776,25.03762993093,26.9971473625252,27.1188193309619,26.7011111533177
"P69783",4,3,3,4,4,4,2.18902781542644e-05,0.00149936191899558,26.7179064849815,26.5449570705195,26.9294433069857,28.6158011025118,28.9330556955937,28.9635816213949
"P69849,Q15155,Q5JPE7",1,0,2,2,1,3,0.504790282829229,0.644513579011738,21.7071895131466,NA,22.0366376053124,21.9575306825782,21.528286263904,23.5543265161081
"P69891",8,8,8,8,8,8,0.899267818173651,0.932116098829286,27.2586185252978,27.6973490296956,27.7864292622034,27.1362722861865,27.6408620219025,27.866767516591
"P69892",1,1,1,1,1,1,0.851025778827748,0.902483982544396,27.9588759046304,28.1966975542699,28.1134870579139,27.7305140739347,28.2805695131022,28.3787484836788
"P69905",4,4,4,4,4,4,0.702797207378612,0.803492235054181,29.4160678498174,29.7152220696163,29.3239934376764,29.4393909536077,29.4003639212873,29.446278032767
"P76015",1,0,0,2,3,3,0.0051789312961903,0.0274777121607744,22.8045868944031,NA,NA,24.7755562861519,24.3377452568403,24.9253503867662
"P76108",3,4,4,8,9,9,6.36989833683815e-06,0.000748240848822547,24.5219162687322,25.0404767774805,24.8661117009835,27.3864542613551,27.449114421464,27.3850988612817
"P76402",3,3,2,3,2,3,0.00129079006917152,0.00990848121487135,25.2195783948547,24.8098180223525,24.4169565408049,26.4560427133502,26.0163759178179,26.5448394217037
"P76558",6,6,6,6,7,6,3.20862656262937e-05,0.00184167872361829,25.7414470207732,25.8288165245066,25.3790724498944,27.5046791165384,27.8111769053929,27.7425943232536
"P76621",1,1,2,4,4,5,1.52604914540308e-05,0.00123483900718306,22.5012302133782,22.2112240053234,22.9447160555407,25.6635282018313,25.6673701430854,26.1064826518397
"P77395",0,1,0,1,1,0,0.084386332685452,0.213575703625968,NA,22.0992266131482,NA,23.2907125582733,NA,NA
"P77581",9,9,10,12,11,13,1.81160422912623e-06,0.000518303696015869,27.1551482296802,27.289578666068,27.1984110193402,29.5372707261626,29.3934776510359,29.3995727373307
"P77674",6,4,9,8,8,10,2.65372546913344e-05,0.00165481078328309,26.4571402197601,26.218702954498,26.7537857668269,28.6728521751608,28.5928161481203,28.9152776966454
"P77695",0,0,0,2,2,1,NA,NA,NA,NA,NA,24.8893069763745,25.4558660378917,24.0940562611399
"P78316",9,8,7,10,9,9,0.0235678113986888,0.0883749186152763,26.4544180228067,26.4481876218771,26.2904976302555,26.9984124406849,26.8340578908572,26.6414206438631
"P78318",3,3,4,4,2,3,0.308655651585009,0.47451410073425,25.4399806395829,25.8138240686458,26.172971398468,25.2455530727525,25.6403885815965,25.7372043173339
"P78330",4,3,3,4,3,3,0.77013466075001,0.847495440444823,25.0381670897493,25.0139690570315,25.2231745100424,25.4186755924301,25.2971423994907,24.7496697931217
"P78332",2,0,0,0,0,2,0.573394092442709,0.699906612114094,23.6310397349097,NA,NA,NA,NA,23.4128041105932
"P78344",21,21,21,22,22,23,0.0226698326191218,0.0859649583777658,28.8150217498497,28.9897080825123,28.9483572783497,29.2180926205832,29.2702920105,29.2849766183233
"P78346",4,5,5,5,4,4,0.362235299674335,0.526063973161319,25.8479987308209,26.334916621904,26.188079982922,26.2640999052688,26.2974944960763,26.2747819966918
"P78347,Q86UP8,Q6EKJ0",22,23,24,25,22,23,0.171833791607035,0.33129840781622,29.3108443141718,29.2024891595619,29.2462855151457,29.365993264776,29.4763999199304,29.4130504514187
"P78356",0,1,1,1,1,1,0.820211360396877,0.882592156234475,NA,24.1093889169063,NA,23.7462171763486,24.4386175569695,24.4209677635415
"P78362,Q9UPE1",4,2,3,4,3,2,0.835519336555277,0.892093657138215,27.8312824375109,26.5748657493211,26.7070989618623,27.3547024540497,26.8320577191591,26.6721446807636
"P78371",29,27,26,27,27,29,0.117208059380211,0.262760445302724,32.5243837506985,32.5983764052582,32.5688503272369,32.6832337348156,32.7883693340812,32.8033263973126
"P78395,Q5VXH5,Q5VWM6,Q5VWM4,Q5VTA0,Q5SWL7,O95521,O60811,O60809,O95522",6,5,5,4,5,5,0.341994565406553,0.506307721888732,26.8762599898875,26.6517174275212,26.8570814736873,26.7558090100727,26.9844181895638,27.0864536821414
"P78406",12,9,10,11,12,12,0.93416046129679,0.95452055000045,28.2625635511109,28.0569074450013,28.5100080778093,27.7868018453584,28.2023196131808,28.7675579126631
"P78417",10,10,10,10,10,11,0.279969688228523,0.445394297714101,31.0836277885631,31.1095548959276,31.0606481239229,31.0928282571455,31.2764515337881,31.2887403165969
"P78527",94,91,96,94,97,96,0.0691023968013058,0.186550617981505,31.5576007874776,31.5334429420121,31.6616534671398,31.84465551134,31.7665144700863,31.8595901732739
"P78537",0,1,1,2,1,1,0.252179196099307,0.417351611893054,NA,21.6172081176136,23.7692546270141,25.2051010290152,22.7794646933305,23.9266251151861
"P78559",7,7,6,5,6,6,0.363200404089469,0.526399425929862,25.5998841337953,25.7979895297864,24.7187851091987,24.9992973358089,24.9479154025437,25.2596550848045
"P80210",11,12,12,10,9,8,0.00200018816261639,0.0134169328145755,28.8273925594867,29.1278140521552,29.3099358219616,28.1126343155506,28.2359363740494,28.3049031225312
"P80217",2,2,1,2,1,2,0.117362832852985,0.262765810611892,23.0156511218922,21.0849846905724,20.4374075064337,23.3275605723015,NA,22.8575874681327
"P80303",1,1,3,0,2,3,0.135653172043537,0.287644467503977,21.7141663222462,22.2246347598774,24.6872878960802,NA,24.5612535361797,24.6459679868449
"P80428",2,3,3,1,0,2,0.00361739891661163,0.0208340728937347,23.3424889826579,23.7986955638698,23.8163551405531,21.6842780127313,NA,22.4119548598193
"P82650",7,7,8,7,7,9,0.190046513553735,0.351941722598169,27.0890391445997,26.923743313486,27.469879470501,27.3039352585067,27.3441554145128,27.7730898503524
"P82663",2,4,2,3,3,2,0.285270939698856,0.451552339836703,25.4548835723904,25.8451468161303,24.8659107489348,25.6871615756325,25.8644035804236,25.5661528490811
"P82664",2,3,3,3,1,3,0.383809383822606,0.543183299996633,24.5646577476818,25.0801566928128,24.8689220946162,25.7432320706459,24.6308212556563,25.0361439399923
"P82673",5,5,5,5,5,5,0.163551121077201,0.322316313913751,25.7340500944971,25.9819817519396,25.7818352300039,26.4124632741951,26.0450037855426,25.8859200277828
"P82675",7,6,7,4,4,4,0.0315833615197349,0.108892531765311,26.3736641702623,26.3163754571573,26.2301701865667,24.6036745871499,26.0097677576507,25.264804627564
"P82909",4,3,4,4,4,4,0.205283350392436,0.369130011688215,26.1844931882116,25.9701787977259,26.4345431191063,26.3296527178554,26.6090098767156,26.367387701186
"P82912",2,2,2,2,2,2,0.403849360166385,0.559145590056541,24.1488318496844,24.430682235349,24.2439214160047,24.4037055640852,24.5028915891145,24.2761493379949
"P82914",2,3,3,1,3,3,0.14486566612617,0.297566685483238,23.7887199076095,24.4832659861141,24.5012433570578,22.5926871236892,21.8374290417016,24.6236630514142
"P82921",1,2,0,1,2,0,0.390201464418474,0.548255058751155,23.4720893190611,21.8424143872983,NA,23.5688783520667,23.0178699039981,NA
"P82930",5,5,5,5,5,5,0.216139180713331,0.380125000620835,25.9347385885538,26.1217867915004,26.2253065411771,26.3316013151867,26.1025548081047,26.4945838765868
"P82932",3,3,3,3,3,4,0.0183812268950865,0.0732782770695199,26.3207447779163,26.4485966456593,26.2938626315395,26.8594033484647,26.6575128075535,26.7077994836525
"P82933",8,7,6,7,7,8,0.0517089308948069,0.152916750556013,26.2732593157581,25.8605568055724,25.8063997946212,26.3694635718577,26.42144544932,26.3292124799306
"P82970",3,3,4,3,4,3,0.279628670795809,0.444991939568252,25.1191147006614,25.4353674775311,25.5555818823773,25.4932562649705,25.5881848079134,25.5640793054149
"P82979",6,6,6,6,6,6,0.903620893597997,0.934844249110492,28.7416307522696,28.9484643742132,29.1332828432557,28.5348097734925,29.1493748680459,29.226340014043
"P83436",2,2,0,1,0,2,0.349518705525303,0.513651143906985,23.5783326845789,22.1411007758593,NA,22.9418772668928,NA,24.4704601533824
"P83731",5,5,5,5,4,4,0.55631731200117,0.686695684975051,28.3441746081617,28.5914439944463,28.5320855296763,28.5869112699862,28.3590654487903,28.253090590748
"Q969Q0,P83881",3,3,3,2,2,3,0.943980462700892,0.961493308550556,28.2144450573105,28.2216415924189,28.2630547577912,28.0005605309171,28.3849756098903,28.3451014140198
"P83916",3,3,3,2,2,2,0.297225791742907,0.463933088409586,26.2208157933951,26.3826309916661,26.4744999005317,26.4139430199189,26.6537644964749,26.4644607451161
"P84022,Q15796,O15198",3,2,1,3,3,1,0.230792837080193,0.393962358936146,24.2432088738721,23.4930808173039,23.4739198590227,24.57777489215,24.7936647133411,23.495185411294
"P84085",3,3,3,3,3,2,0.134037892968417,0.285303580861136,26.0324716115316,25.5698611651997,24.4902821155699,26.2740160945677,26.2175797334327,25.7881167745186
"P84090",4,4,4,4,4,4,0.0932883681391077,0.227309517632369,30.0108113713311,29.9992325516078,29.965972187821,30.1978069076453,30.203729156432,30.1768041318073
"P84095",7,6,6,6,5,6,0.716028247875682,0.813280566678676,27.0081704155711,26.8556714582979,26.9821236236618,26.9623047695573,26.9511047286733,27.0590113289522
"P84098",2,3,3,3,3,3,0.190373819273594,0.352355500604956,28.2489073742677,29.6014566087588,29.5666379744591,29.730304707714,29.7166356031261,29.6976308844511
"P84103",5,5,4,4,5,5,0.981407236369263,0.987074462545031,29.5434331254722,29.5824644715024,28.7449892337424,28.48577088889,29.6647997408044,29.6898476479182
"P85037",2,2,2,1,1,2,0.336557273406916,0.500803324561542,23.7313482844544,23.8831052517487,23.1217998940007,23.3382468945282,22.7171179631393,23.6696599414979
"P86791,P86790",0,1,1,1,2,1,0.0494796476071781,0.148057879184749,NA,22.0322262110931,21.8687857162074,23.0205728569269,24.8002274899634,NA
"P87108",3,2,1,1,1,1,0.0356595303033545,0.118575567848745,25.2447253579694,24.2990301414125,23.5555320423261,22.7081024868451,23.1386065033397,23.4607552346367
"P89886",3,2,2,3,3,2,0.279389563553509,0.444950705181231,26.2041950513755,24.5990666662843,25.5859119214702,25.4599600092117,24.7331550528901,24.5011870038834
"P98175",10,10,9,10,10,9,0.256881103248017,0.42345083367415,27.2775545068189,27.3000429143856,27.1065725269206,27.2954177042717,27.6612835924672,27.2986402251173
"P98179",2,2,2,3,2,2,0.321771354671979,0.48660691989466,28.1056055255239,27.9613487718256,28.0060281159099,28.4355667718518,28.1346707204775,27.9958955752291
"P99999,Cont_P62894,Cont_P00004,CON__P62894",5,5,5,5,4,4,0.162830900277135,0.321398545251977,30.4902787213338,30.4637001654977,30.3923323245265,30.5123373995382,30.70855945623,30.6723030012072
"Q00013",15,15,15,15,15,15,0.0698998837062611,0.187977583154476,29.7474837645938,29.6989830321818,29.6907694239581,30.1041394063981,29.8922089826687,29.9102390196611
"Q00055",9,9,10,8,7,9,0.00011738003099298,0.00323006427099588,29.4401722337067,29.4067408854913,29.350609608298,28.2331621840933,28.3329845485066,28.4439245481094
"Q00059",5,5,5,5,5,5,0.363085494283852,0.526399425929862,27.6601616672137,27.4800150511579,27.5779841990479,27.6273359922162,27.7870424467189,27.6477468481923
"Q00169",3,3,4,4,3,3,0.266329285099096,0.432749236694021,25.1215060405772,25.2519693712475,25.5282113630311,26.0401393999099,25.7037974578648,25.1327871529113
"Q00245",3,6,5,1,0,1,0.000952433792887549,0.00814000522483081,25.2865136241037,25.8157700838043,25.6238170244274,22.5761626470299,NA,23.5020423397956
"Q00325",7,6,6,6,6,7,0.818752850356079,0.88158615373024,29.4357460161642,29.2471221019545,29.2681770165494,29.2335382566851,29.3561852222943,29.4496071170897
"Q00341",17,17,20,21,18,18,0.0899296404126154,0.222011052651085,28.1552543297016,28.3515467047645,28.3712855848166,28.5414208687579,28.8252506823244,28.4348453478677
"Q00362",1,1,1,0,0,0,NA,NA,23.5893057206975,NA,NA,NA,NA,NA
"Q00402",6,6,5,5,4,4,0.00336756658451063,0.0197178390151118,26.7550643534282,26.9558443964308,26.4194233895807,25.9688505488407,25.4733874463669,25.7271928177444
"Q00403",4,3,3,5,4,4,0.0888921953393896,0.220419478968707,26.0406273988935,25.8818539108589,25.8935780304543,26.7188499700038,28.7300665156608,26.3020493034157
"Q00534",10,8,11,8,9,11,0.758187336070255,0.838895046844487,27.4255556697064,27.1818495099857,27.7091167174932,27.2908818961912,27.4447266310482,27.7763929681242
"Q00535",7,7,6,7,7,5,0.388807078053627,0.546953297437736,26.1658672482775,26.0781138137514,26.0064110330557,26.2481291435024,26.404970214301,26.0024688731696
"Q00577",4,4,4,4,4,3,0.081180201650568,0.20899143656321,25.0580054876282,24.9849362635466,25.2498783190047,25.6053028925434,25.4636016866713,25.2054433024486
"Q00610",54,52,55,54,53,58,0.310709063501998,0.476873740428013,32.1221670356622,32.2258733216801,32.1376539314225,32.4141195869016,32.2190824191258,32.236536768306
"Q00688",6,7,7,6,6,6,0.399197286744684,0.556540296811316,28.0396046957842,28.2137223682401,28.2136122549217,28.275676098959,28.2468092531167,28.2463855011266
"Q00764",13,13,13,10,9,10,6.49525801198725e-05,0.00260108193059383,29.5828754899617,29.5335152416475,29.5311195470216,28.45757963469,28.3264534127793,28.4826085489355
"Q00765",1,2,1,1,2,1,0.996049042223277,0.997233639696684,21.3385924070604,23.9758464306018,23.9059452415025,20.8210175606963,24.3197498387216,24.0610054861237
"Q00796",7,8,9,9,8,8,0.176780452911953,0.336696103943543,26.9738118334552,27.3736127763036,27.7450711825467,28.2307960518424,27.6236204122665,27.535400936742
"Q00816",3,4,4,2,3,2,0.0119302156192951,0.0529986975312749,25.2674011846946,25.5564132401534,25.2071465036796,24.7393330967068,24.9295389030138,24.8103159110374
"Q00839",19,20,21,20,20,21,0.106462234217938,0.246670066529727,32.8682160184754,32.9522762902175,32.9808802445258,33.1696224687144,33.090376892454,33.1431596677304
"Q00955,P32874",50,48,51,42,38,38,4.05623997693758e-05,0.0021341737628658,30.5714319116803,30.5614078804478,30.5936173294398,29.4584532011962,29.3740439191029,29.4299659102062
"Q01080",3,3,4,1,3,3,0.0377076646158823,0.123368604346446,25.8067444848745,25.4997538064367,25.5511893535161,25.0862486400177,25.4184587186255,24.9196854859801
"Q01081,Q8WU68",4,4,5,6,6,5,0.0643798954816416,0.178346265540525,28.3076021943375,28.4382674509151,28.3644738803426,29.2384450682004,28.6634947430094,28.5907922602611
"Q01082,O15020",21,14,18,23,25,20,0.155048231708284,0.311762985015343,27.5593757829035,26.7332121773708,27.0260400861794,30.9213571322733,27.593153620646,27.5533916116327
"Q01085",7,8,7,6,8,8,0.854851601449548,0.905397773781128,27.0852575040573,26.9093536959034,27.133950564432,26.6514360696069,27.0960211210144,27.2705550625163
"Q01105,P0DME0",10,10,10,9,10,8,0.204262622401745,0.36794953842768,31.955033838336,31.9778727917325,31.9212228001807,31.9775237569983,32.2169626184664,32.1624488388302
"Q01130,Q9BRL6",4,4,5,5,5,5,0.197469337398059,0.359880821699097,29.2770670604376,29.243826529553,29.9345783977945,29.5250773872015,30.0192731933554,30.0281202564786
"Q01469",4,5,5,5,5,5,0.0631098110463203,0.175844658587642,26.5682161573667,27.2751997807968,27.2760816952879,27.561759060524,27.5480844772767,27.5428319768011
"Q01476",3,1,4,0,1,1,0.00768671738246554,0.0375489453567055,23.8585672059428,NA,22.838857852153,NA,20.8143645426141,21.2448244347227
"Q01477",3,4,3,1,1,2,0.00232013073092834,0.015004948983917,24.2694022850627,24.8619700579703,25.2720380908088,22.801344874626,22.9950866213348,23.5384057410144
"Q01484",1,2,1,1,1,1,0.479242172224543,0.623718683820193,22.0095607478056,22.2929446017947,22.2262336184429,22.1755216892969,23.3929369568843,21.8850547542197
"Q01518",15,17,17,17,17,18,0.161063489027212,0.32005083615726,30.2464195394714,30.4584632105356,30.2567460037708,30.4796467052891,30.6108026403014,30.457988209237
"Q01532",7,7,7,5,5,5,0.0118484658317408,0.0527747803493147,27.081242580202,27.0985525978199,26.8555641781495,26.5139084205891,25.3768054436714,25.8375647011728
"Q01560",2,2,2,2,2,2,0.0155117837163542,0.0644325818678495,26.3028689857026,26.5388233711153,26.6803795267381,24.7809768570865,25.7843258953573,25.7717073755664
"Q01574",1,1,1,1,0,0,0.400715645550556,0.55709545495089,NA,20.9427643876973,22.016588465601,20.8717319935911,NA,NA
"Q01581",13,13,15,13,14,15,0.0401516223851489,0.128358129536321,29.0929216832876,29.2188268494735,29.2090647178961,29.4903414064391,29.5812735943517,29.372681828926
"Q01628,P13164,Q01629",1,2,1,2,2,1,0.334602384487689,0.498921609790388,23.3746158894637,24.2936975931875,25.1206886650231,24.0335643900074,25.4205139485464,25.1081314463516
"Q01650",3,3,3,3,3,3,0.21420811050352,0.378045131430216,25.7995127798782,25.7323613732684,25.7782092407661,25.8786019436067,25.8695390231084,26.0127082001676
"Q01658",3,3,3,3,3,3,0.187253990098092,0.348625102832828,26.2260780810525,26.0740547035908,26.0658800008015,26.5567356783596,26.1437991725601,26.3289393472134
"Q01662",5,6,5,2,4,5,0.0348722989796326,0.117216244427888,27.1262119111919,27.1443834365332,27.0383077466415,24.4405083113821,25.9899647519166,26.4934374018739
"Q01664",2,2,1,2,2,2,0.487433717223255,0.630803921520539,23.8166795688823,23.6467114833998,22.5085220199883,23.5172836434073,23.5972307940092,23.6611081993291
"Q01780",15,17,16,18,19,17,0.0809201376019498,0.208640946925701,27.3395600682907,27.5464227384359,27.1531812570701,27.8048457726428,27.6990863188615,27.5176765850624
"Q01813",20,17,18,20,21,17,0.12885191897384,0.277364175462906,29.0855359037495,28.8836196013121,29.0283089519065,29.4299520730316,29.2268035613137,29.0837899516685
"Q01844",5,5,6,5,6,6,0.301748561442604,0.467895462110599,28.4631521735048,28.3821671427365,28.3977983378321,28.4830622798444,28.4782738172231,28.6705922202915
"Q01852",5,5,2,3,1,1,0.00220240932235955,0.0144284947953801,26.3953317477183,26.5369012297275,25.1933428396314,24.2612360771804,23.3320305187655,23.3753294051746
"Q01855",3,3,3,2,2,3,0.0003498711858459,0.00479415209112867,30.7984738022726,30.9976029136604,30.7732434021089,29.6351241137484,29.8563004997815,29.93182388818
"Q01939",5,7,6,5,4,3,0.000672130338013993,0.0065412915940437,26.4567270521979,26.7146270211274,26.6139671221041,25.6800522097294,25.4267378694635,25.1428397948917
"Q01970",5,6,6,4,7,6,0.0737513067902462,0.195855862564423,24.2879465790425,25.0609169306106,24.9873058564495,25.1429456555836,25.6323326537285,25.2717759634312
"Q01976",2,2,2,1,1,1,0.000670294855738303,0.00653620865955448,25.7405138689781,26.0562366216468,25.7866840577842,23.5946691790857,24.4691649033705,24.2946966371286
"Q02046",6,6,4,3,4,4,0.00131356331752793,0.0100072523632482,26.6077053238006,27.0650664726496,26.6257647188465,25.8940182438964,25.7326037395756,25.749069485597
"Q02201",0,0,1,0,0,0,NA,NA,NA,NA,23.076530332436,NA,NA,NA
"Q02206",2,2,2,0,0,1,0.0351668678085647,0.117478736310225,23.7072358283376,22.447751201987,23.5929223991201,NA,NA,21.225454690518
"Q02218",16,15,15,19,17,18,0.0863703745661394,0.216439410946391,27.6511616689627,27.088876772328,27.1636008349156,27.8221668019255,27.5734485427651,27.6778963805122
"Q02326",4,4,4,3,4,4,0.000522160944210581,0.00587061470799107,29.1388759573454,28.9951783330879,29.146971759795,27.8442158395477,28.1141826064716,28.2414855442699
"Q02455",4,2,4,4,1,3,0.128772868380096,0.277364175462906,23.9907723880055,22.545395652508,24.1388654871873,22.9012701498647,20.7044036230708,22.9854644388238
"Q02486",4,5,4,4,2,3,0.00832800729698696,0.0401764707326468,26.5117594845801,27.0719854611442,26.5618231809067,23.861824141699,24.4691649033705,25.7752731149059
"Q02543",7,7,7,7,7,7,0.452905652021035,0.600426889332873,29.9071917031534,29.9974864404806,29.9498275046894,29.8635919526328,30.218296404824,30.0957854147425
"Q02642",2,2,2,1,0,1,0.0047742879400238,0.0256814998775934,26.5622592516333,26.8276429712515,26.8096005085031,26.0050233746803,NA,25.9162886709488
"Q02725",19,18,18,16,16,16,0.0054025160154813,0.0284547532786194,28.4315252086349,28.1697029411798,28.1283488322782,27.2204254550393,27.5636663584567,26.6922697853589
"Q02750",7,8,6,9,7,5,0.00353116207338467,0.0204540133402132,27.1406454447111,27.7278302357938,27.4080821995753,26.570733492731,26.6256838226713,26.2961438713433
"Q02753",7,7,6,5,5,5,0.0101079422625782,0.046627641202404,26.8747143830536,NA,NA,25.443743763743,25.4448762222598,NA
"Q02776",3,3,3,2,1,2,0.00762382097658737,0.0373608964706876,25.046016200025,25.1876927410087,24.3882524125357,23.9082219740901,23.3711570664479,23.9594618166663
"Q02790",21,24,20,21,21,20,0.518233534047666,0.656203955997684,30.7983039635484,30.7283356465682,30.6521802855454,30.7902753572405,30.8241190369933,30.7823019862214
"Q02809",2,2,2,2,0,2,0.0200827654634025,0.0785732365264493,23.6191505024249,24.0106118487625,23.0970844460387,24.6215841804715,NA,24.6089697591234
"Q02818",2,1,2,1,2,3,0.619727505237194,0.73739543673806,24.3193440478769,22.8821527166744,23.7560429625613,22.7769959014797,24.5615294916207,24.6007416904093
"Q02821",7,6,7,6,4,5,0.00126089507098858,0.00978307373819253,26.9800546776915,26.7168925602879,26.9276152227251,25.9719191537755,25.4795339006939,25.2085207546166
"Q02878",14,13,14,14,14,13,0.581378289921037,0.706854236595254,31.5090803997869,31.497861207509,31.5333276875209,31.3953049942458,31.7746733450089,31.6077948248942
"Q02880,P39374",2,2,2,3,3,3,0.287721572190406,0.454008641403855,27.5303832369293,27.7207922730739,22.8804355597443,27.546618838859,27.6812614103261,27.6012739520058
"Q02892",2,0,2,0,1,0,0.0603308789359362,0.170722120350237,23.7058457254124,NA,24.4969415202984,NA,22.6128395162909,NA
"Q02978",7,7,7,7,6,8,0.503390622037557,0.644254543275766,26.6405144247632,26.5562614254588,26.6348743901938,26.6368554309134,26.6007091735904,26.8537596590565
"Q03001",1,1,1,1,3,1,0.366284664129695,0.528903327192421,24.3359139459732,24.5175116452747,22.984517167154,24.996109170014,26.8944527434021,22.9952983557236
"Q03048",5,5,6,5,5,5,0.000300023048040764,0.00439251134972144,30.2875352342562,30.1764682292671,30.1949955512594,29.0204047385915,28.9591782495964,29.3347963344401
"Q03063",2,1,2,1,1,0,0.0121313874143887,0.0535226336970817,24.1962970660981,23.6409963232483,24.5352544751204,22.0810516233279,22.9813120569032,NA
"Q03102",2,1,2,1,1,1,0.00126081169312176,0.00978307373819253,23.2077841933893,23.3446334596021,23.3733440466891,21.8916509168428,22.2973081027058,22.4863607175633
"Q03104",11,13,12,8,8,10,0.000749095810860469,0.00704596450773972,27.7959921696995,28.0995079387602,28.2248991905118,27.0783503717062,26.676221158684,26.902512897677
"Q03111",3,1,3,1,2,2,0.65992374007988,0.768566938239215,25.781094564813,24.0706574609514,24.4093099723834,23.0404980696662,25.4927620594385,24.6763437855951
"Q03154",7,8,10,8,9,9,0.166085092302901,0.325153411326338,27.2357228636894,27.4401198308497,27.5751598387859,27.4517269084446,27.8644315399007,27.7172832347244
"Q03161",6,7,6,5,3,4,0.000370162890091701,0.00486899155690933,27.1701368555589,27.8368381326462,27.7480727620845,25.9235930142214,25.736305744596,25.2869754961877
"Q03195",7,6,9,7,7,8,0.00198322874687696,0.0133742168230648,27.1105385706281,26.9448688857275,27.3239751508299,26.1460082668042,26.198986512156,26.4635974647755
"Q03219",2,3,3,1,2,2,0.0774993542792849,0.202434638256105,23.7954885233194,24.2650021601871,24.3364585279743,21.2627360844259,23.369865598999,23.5861883459955
"Q03252",16,16,18,18,20,20,0.0756096771590163,0.199643381483067,28.6797662251532,28.6677916983347,28.8801490391138,28.8297553572161,29.2767141762503,29.1708774609008
"Q03262",0,1,2,0,0,1,0.236497309506646,0.399805874515206,NA,22.5787025008036,23.6803566719821,NA,NA,22.1800287341332
"Q03362",2,1,2,1,2,2,0.0611815071021123,0.172160330012685,24.9764803530509,24.2439168657779,24.8863442816878,23.3801867337536,24.058850935906,24.3715902366688
"Q03426",2,1,1,2,2,2,0.0382463195002524,0.124714112198693,23.9950467616651,23.4170919514502,23.1065044897096,24.7458556741439,23.9326890683043,24.3476176486116
"Q03497",2,2,2,0,2,2,0.00604866624354317,0.0311118260653122,22.8708999598802,22.4978948022081,22.5887007186569,NA,21.8297970467161,21.8677101898858
"Q03529",2,3,3,3,1,2,0.12478902825912,0.272929461346257,25.7083643015366,25.1712981160781,25.4557418016589,25.6943297558911,23.4834350003372,23.9977261821353
"Q03532",1,2,1,1,1,1,0.0193290505433011,0.0763338813871883,22.8776238999302,25.5846494706051,22.9461310666888,20.8980853195666,21.1331212461012,21.75297900315
"Q03533",1,1,2,0,0,0,NA,NA,23.2481833594137,23.5502011109911,23.2808678595562,NA,NA,NA
"Q03558",13,13,13,13,13,13,0.000145883455310869,0.00347955220829496,30.723534388244,30.8048746415491,30.7833868199156,29.83824062476,29.8712653345919,29.8692556374277
"Q03629",1,1,2,1,1,2,0.0964091082462891,0.232474770865092,23.6943259796437,23.7885641162441,24.5018125185625,22.9458695220695,23.1682270108252,23.8768482357606
"Q03640",18,14,17,11,10,12,0.00302532060147747,0.0182785817680176,28.1985227481157,27.8251774978064,28.242420598987,27.2220507829076,27.3016303694482,27.4186292158116
"Q03655",5,4,4,2,2,2,4.81914043241884e-05,0.0023141097108582,25.7888840398504,25.3742157476403,25.6524803151041,23.893610361099,23.9219825624629,24.0617791736206
"Q03690",24,26,26,19,20,17,4.03255292677887e-05,0.0021341737628658,29.170058097948,29.2993627721364,29.2955347331049,27.9883242885999,28.0797971039018,27.9710913067482
"Q03701",18,19,17,16,18,19,0.0968352986573386,0.233245156661048,29.4087216954692,29.3293044746085,29.0380402258494,29.020217917461,28.9387099392051,28.9922983986749
"Q03768",2,1,2,1,1,1,0.0623785193544658,0.174556177983051,24.4775982614444,22.9337702813051,24.4453158969183,22.7086219802596,22.5436493172887,NA
"Q03769",2,0,0,0,1,0,NA,NA,22.3423846140269,NA,NA,NA,NA,NA
"Q03835,P32642",3,3,3,1,3,3,0.0459872446794128,0.141376489881749,25.8543909255887,25.7471784859162,26.0869302061865,23.9298125680529,25.4036047814947,25.2174361967501
"Q03862",3,3,3,2,2,1,0.02653794681317,0.0958687830964113,24.5316261219402,24.9521182372637,25.2644351777004,23.6983209611088,24.5490589420492,23.6966100714465
"Q03921",2,3,1,1,0,1,0.0892986939336278,0.220892185613272,22.7536971779168,22.4680569928739,21.652349824478,NA,NA,21.1012690723393
"Q03940",7,9,9,7,4,4,0.104706584197107,0.244961999434733,26.9505244469777,26.8513470765477,27.239864070658,25.6060001755144,25.2520762102757,27.1833065808717
"Q03973",4,4,4,3,3,4,0.0101873865131502,0.0468211913356884,25.8179401150882,26.4068285921161,26.4601946911102,25.1925994132383,25.2588563457579,25.6282405068621
"Q04062",7,5,3,4,3,5,0.0949598417268147,0.229823747274624,26.9637909815516,26.6521910245844,25.6518277439137,25.7674760954451,25.6101608368102,25.7861284471242
"Q04067",5,4,6,1,2,4,0.0827406471345305,0.211412775924839,26.4795824433451,25.3990052744361,26.8098094584696,23.5968088829126,25.1884606365049,25.7515411487661
"Q04080",2,1,1,0,0,0,NA,NA,22.1779324976256,NA,23.3313442314648,NA,NA,NA
"Q04175",2,3,3,0,1,2,0.022266223674245,0.0845614253974521,24.8096324399921,25.1705710011993,24.9397143702108,NA,24.2893328017367,24.4866834011007
"Q04178",2,2,2,2,2,1,0.00681930194500339,0.034272929476828,26.0555291863524,26.1887540925175,25.9237397290352,24.819220394461,25.3252452061866,24.1395455513271
"Q04182,P51533",12,11,12,8,6,8,0.000611861542104422,0.00623087227655129,27.428192335151,27.2166871678901,27.4567295558589,26.1695817586544,25.690359125321,26.2835139870387
"Q04206",6,7,7,7,7,8,0.103428155701722,0.24357522128361,26.3925082752861,26.4959331424818,26.580803040869,26.9395661704892,26.5044892283856,27.1443014921199
"Q04225",2,1,2,1,1,1,0.019838983132084,0.0778606867134081,24.3928862574832,23.7017365791871,24.4190947200176,21.6596697354788,23.1140203448588,NA
"Q04304",3,2,2,1,0,2,0.00192235981896367,0.0130684245566426,25.1732626837994,24.8065881384481,24.9583065474102,23.7247320270742,NA,23.9705455276137
"Q04323",4,5,4,5,4,5,0.067835805531529,0.184297462326518,27.2475147153598,27.3388053298402,26.969460154879,28.0085561120376,27.8567924674047,27.2682107139565
"Q04336",9,11,9,6,3,5,6.08075486136269e-05,0.00260075689397564,26.7297817628603,27.0817748528352,26.9610183809923,25.5377537123778,25.3162790226617,25.3998595915494
"Q04338",2,1,1,1,0,1,0.150666204492468,0.305766839006396,23.5432182809666,NA,NA,21.567160646787,NA,22.7861658997803
"Q04344",5,5,5,5,5,5,0.0133977731985952,0.057593321213706,27.460750397509,27.3829876970804,27.9836524668341,26.9809836126428,26.9098419995907,26.9418136314899
"Q04371",7,7,7,6,6,6,0.000910065164395493,0.00792541231958903,26.8734251112601,26.6855408275735,27.1908902983469,25.9069291399739,25.8901196637569,25.9348623935787
"Q04373",2,3,2,2,0,1,0.0671229253319796,0.183046175131991,23.7627724485635,23.6982551263289,24.2919791978663,23.5288162641242,NA,22.8322375815927
"Q04409",11,10,12,10,9,9,0.000452959580757293,0.00534555804300253,28.402187547468,28.4515245941219,28.6904573948286,27.0493480708167,27.5295140114782,27.2570227368102
"Q04410",1,1,2,0,0,0,NA,NA,23.0279407033899,23.548065065488,24.1100381769273,NA,NA,NA
"Q04432",3,3,3,2,2,0,0.00179678880078143,0.012381419144266,25.6569880781544,25.7629855578752,25.7492607530367,23.5216543817874,24.3540859894348,NA
"Q04438",5,5,5,5,5,4,0.000521092284082889,0.00587061470799107,27.0239441163778,27.151268219043,27.1229775356364,26.0697829460709,26.3129022852753,25.9227123734516
"Q04446",2,1,2,3,3,3,0.0631871026205841,0.175844658587642,24.0043118075319,23.3949644654005,24.2920988540861,24.2471716378171,24.5562080552911,24.8657710655044
"Q04458",2,2,1,0,0,0,NA,NA,24.6118706916043,24.0625568025873,22.6900329268814,NA,NA,NA
"Q04491",9,9,8,8,6,6,0.00209228796722068,0.0138326525162718,28.0018123270785,28.1339518788094,27.8682601376606,27.2523770524702,26.678019861835,26.5180289862075
"Q04493",2,2,2,2,2,0,0.266548227966865,0.432766023613191,24.6061072165621,24.8474026606206,24.8921183916453,23.6582873776853,24.8955750266488,NA
"Q04602",2,2,1,0,0,0,NA,NA,24.6115614123267,24.3463319539091,NA,NA,NA,NA
"Q04636",3,3,3,1,0,1,NA,NA,22.7228516074474,22.4421752451322,23.3791006124056,NA,NA,NA
"Q04637",38,39,37,39,35,36,0.211705971234353,0.375465892101376,30.6322484422206,30.6689476630018,30.5431402348118,30.749252478313,30.851177593905,30.707026956169
"Q04660",5,4,4,1,1,0,2.83316559121239e-06,0.000530863425443197,24.5747198444627,24.7880901478847,24.6174329860239,20.8097166597327,20.6464759389756,NA
"Q04697",9,7,7,5,7,5,0.00828736242449652,0.0400186114781376,28.107306590562,27.3700904119139,27.8438272434428,25.9508495831813,27.0433993510103,26.2134554347149
"Q04726",2,3,1,2,4,2,0.599595067930269,0.721084449551378,24.0184720792384,24.0493853363081,23.8209236579009,23.1984763390144,25.0582155058495,24.4209677635415
"Q04760",10,10,10,10,10,9,0.543302461222487,0.676197083166031,30.3841720398447,30.22134241258,29.8202185587538,30.4533652990093,30.4237715733495,29.9689017945934
"Q04767",2,2,2,2,2,2,0.0027665575662955,0.0171248557198022,25.6401050915101,25.6460696569732,25.8378459333468,24.2909438441222,24.7326037395756,24.9898207619085
"Q04773",3,2,2,0,2,1,0.00476500009018511,0.025658865091178,26.1237416165774,25.905842980537,25.5968750904018,NA,24.7080103469515,23.9203254985781
"Q04792",6,6,5,3,3,4,0.000655324167660935,0.00646492650557692,26.3813946499217,26.6397072861123,26.9195052914826,25.2789591572334,25.4052969572491,25.592734111808
"Q04837",5,4,5,5,5,5,0.992424615458707,0.994534887870832,28.8362872544576,29.0349444207732,28.7616921518403,28.6117977981546,29.0595166152415,28.966554039737
"Q04869",4,5,4,3,3,3,0.000564829952066574,0.00601889470018621,27.0774404206964,27.1226756136475,27.0206343655943,25.351240973285,25.8173429586166,26.0118076476822
"Q04894",7,7,6,5,3,5,0.00088641839251892,0.0077461925616143,27.8750365210567,27.8398035911228,27.6292023899349,26.2819542865622,25.7773041701182,26.6481332671155
"Q04917",9,9,8,9,9,9,0.0461807644343484,0.141811671675202,29.3716474420445,29.2862834269905,29.3029202584343,29.4487222075825,29.7974221872559,29.7672763114194
"Q04947",9,9,9,8,8,9,0.000499453809353934,0.00574656307755517,29.3251321765422,29.3903517599079,29.4151379669434,28.224323170091,28.3360122412042,28.604795233874
"Q05016",7,7,7,5,4,5,0.00147106071119751,0.0108156152143503,27.8740054261517,28.1007662860191,27.6695401220193,26.8656557083098,26.1404318370377,25.9858721295154
"Q05022",13,15,13,8,8,10,0.00647671388578916,0.0329444932901521,27.1962558173657,29.2776957603831,29.1673971344479,25.9907290035502,26.0942817426525,26.2453898141604
"Q05040",2,2,2,2,1,2,0.0165084861307489,0.0674630772220166,22.386551897597,22.1159136587172,22.7283139739265,21.5504774644753,20.9349699758529,21.8430792576306
"Q05048",9,10,6,8,6,7,0.493404794105694,0.635375334271621,27.5727829358623,27.8283241675061,27.1066575689225,27.5093898891166,27.0630231515333,27.4227756523005
"Q05050",11,12,10,7,6,6,0.000184994382746883,0.00362978506659514,26.8907338130328,27.1662669164163,27.3116336749445,25.931985741,25.7911077068034,25.8398217692358
"Q05086",7,7,7,5,6,7,0.824560328979351,0.885950695952925,26.2825170751683,26.1137970403881,25.8662121665124,26.1975646026352,26.0175832993192,26.151006290193
"Q05209",2,1,2,0,1,1,0.880201225079438,0.921238372954049,24.4677216486194,23.7522679870211,23.1301236740737,NA,23.9160599396835,23.5120405813869
"Q05359",3,2,2,1,2,2,0.0308084090486567,0.107393563909431,25.9854354204784,25.8870338604782,26.1011364585942,23.9031517429081,25.0876385423803,25.4623381979613
"Q05397",1,3,1,3,1,3,0.315984876056652,0.481459912205776,21.8596510614915,24.9810584029618,22.5259441810354,24.6960148922945,22.9807962965925,24.8091644999075
"Q05471",2,2,2,2,2,2,0.381139424348757,0.541224411691193,24.8087693582444,24.1365858870596,24.0443582836203,24.1759689949901,24.2078503805629,23.930696693733
"Q05506,P38714",18,19,18,13,14,12,0.000183443352873051,0.00362978506659514,28.8337041527394,28.9424507713856,28.8622535595552,27.7727496292715,27.9785531745073,27.7134110505881
"Q05515",6,7,5,5,3,5,0.016253368179559,0.066690302741635,26.4686952826903,26.8897072496169,26.3729481447211,25.5009172442319,24.3718967769027,25.7952754088645
"Q05518",1,2,2,0,1,1,0.919653457410163,0.944716211791485,22.053358361261,21.4463756157919,23.7661568671771,NA,NA,22.3094689241229
"Q05519",7,7,7,6,6,6,0.325204475883997,0.490541057428899,28.3623027582117,28.3167563923785,28.3523678768372,28.6349614420029,28.4380258901313,28.3520362228667
"Q05584",4,5,4,2,4,2,0.0487149510548838,0.146638389617532,24.7429726957133,25.9692668659368,26.0190809828632,24.0041419858045,25.1050180390067,24.0917096149648
"Q05639",2,3,3,3,3,3,0.595471269471346,0.718005581785574,25.9841936528955,26.2966995764902,25.4333502041153,25.9121472383585,26.6432105995365,25.7200549839744
"Q05775",3,3,3,2,3,2,0.00126370282411676,0.00978982049787386,27.8164648980924,27.8821567541671,27.3596650705246,26.0877470498722,26.6844481813327,26.1642150586664
"Q05785",3,3,3,1,1,1,0.180510699265968,0.340843807691655,25.2014849930092,25.0464339346014,24.3643814174446,NA,24.4550493409885,24.3603142301839
"Q05788",1,1,2,1,2,1,0.141633063749171,0.294748616071945,22.958411444363,22.5079145062133,24.5516891785769,21.4288002326246,22.6186594682583,NA
"Q05905",7,8,8,4,4,4,0.000299425811353397,0.00439251134972144,28.4172627749928,28.6070096495388,28.7171874863431,26.9428553403077,27.1261839126535,26.3845733062054
"Q05911",13,13,13,11,12,10,6.62328670412635e-05,0.00260108193059383,29.7278747206552,29.955052912635,29.9643306295675,28.4658801010904,28.5858805075508,28.645909943553
"Q05933",2,2,2,1,2,2,0.0152033956848725,0.0634123464940472,25.5643381785054,25.585740730444,25.5785484081969,23.5957394276814,24.881883932982,24.6613634487133
"Q05979",2,2,1,0,0,1,0.0433079566430661,0.135868626710638,24.8451603310928,24.2214341676599,23.8462434002378,NA,NA,22.8943271876386
"Q05D32",3,3,4,5,5,4,0.453357948152423,0.600868799821015,26.1834323294543,26.0523665946269,24.6295575440107,24.4489720673708,24.845236227216,26.1156023088901
"Q06103",6,7,7,4,6,6,0.00424798747792021,0.0236305999460077,27.0851461291361,27.4886591455672,27.3214127017823,26.0156582165115,26.5790817435977,26.4947271218871
"Q06124",11,11,8,8,9,12,0.230723174807273,0.393962358936146,26.6555336803367,26.7108810859532,26.2063372354997,26.4767949594284,26.8513715744512,27.2725614765258
"Q06142",1,1,1,1,0,1,0.00212362411730506,0.0139849092783675,23.3131798429802,23.6062215936832,23.645754016386,22.5487653288201,NA,22.467333647938
"Q06146",6,6,5,3,3,4,0.000313623251734929,0.00452038627670642,26.6776847652455,26.651243674938,26.4943958469753,24.9073063362816,25.2613216924693,25.4824424259529
"Q06151",5,6,7,7,6,5,0.0203724626427205,0.0794604701223023,26.7269291765807,27.2553087639832,27.4543925583131,26.6944078149343,25.8455761914877,25.6795733246358
"Q06169",2,2,2,1,1,1,0.00347145968846749,0.0202241555783729,23.5807362281027,23.6688803790565,23.5335348734658,21.0674993236255,22.5711274181415,21.5804552329804
"Q06177",3,4,3,3,4,2,0.00453351009968163,0.0247286819800129,26.2909241192164,26.994081270916,26.6514080779378,25.3179055383026,25.8484061159747,25.5588549682057
"Q06187",6,8,6,8,8,8,0.00507005245065839,0.0270135389538771,25.7513351892844,26.0939929961921,25.7099006387456,26.4043165195931,26.6555590845567,26.5554530957285
"Q06203",11,12,11,11,13,14,0.0751522233850817,0.198844358469381,27.9857934241299,28.2359297481251,28.0742360912301,28.2707112852753,28.8054723199693,28.3897278332985
"Q06210,O94808",20,22,19,19,22,19,0.135739578852039,0.287644467503977,28.8684182720599,29.1652096248265,28.9493059829548,29.2287224979907,29.5964608888027,29.0856931180165
"Q06217",0,0,0,0,0,1,NA,NA,NA,NA,NA,NA,NA,23.4731379563495
"Q06252",6,6,6,6,4,6,0.00442189759247446,0.0243300705224275,27.863393996211,27.8090218476625,27.6756867147399,27.0168822048978,26.3024148467663,26.9728919426754
"Q06265",8,8,6,7,6,7,0.45016211047766,0.598832978673338,27.5381337590837,27.2817186276255,27.1199473699092,27.2945940718846,27.3595118655778,27.7284724240141
"Q06287",4,3,3,2,2,2,0.000248545198227954,0.00397279049446011,25.1283105029521,25.1632796254909,24.7503497932328,23.5696955887053,23.8162159320769,23.7330089177665
"Q06323",11,11,12,9,11,13,0.752181851489728,0.836107071275223,28.7307788370261,28.6223789407659,28.7551155523257,28.5457538100281,28.7209463421939,28.7264001113895
"Q06344",0,1,2,0,0,0,NA,NA,NA,23.2525629122243,22.4291182528915,NA,NA,NA
"Q06385",2,2,1,1,1,1,0.0353827248124627,0.117810245898319,24.7509140013443,24.5201085697634,24.0551857124246,23.3009526541611,23.6927860217643,21.6117302308093
"Q06406",1,1,2,1,1,2,0.00224264438771514,0.0146162539385151,24.4429040347897,24.4689282602551,24.7837086390087,23.6135490629201,23.7157796559553,23.918788991082
"Q06409",1,1,1,2,2,2,0.977858192386106,0.985389081405153,24.0957769939455,24.1286438659308,23.9357372621348,23.2249155665362,25.0179101246603,23.8778151012094
"Q06413,Q02078,Q14814",2,2,2,2,2,2,0.499176734801628,0.640259443240991,23.5908127142616,23.651835841363,23.6191985680165,23.3551093739643,24.0537596417096,23.8943271876386
"Q06440",11,11,12,7,7,7,6.55847361345849e-05,0.00260108193059383,27.2409311546922,27.5798530329702,27.3232434868316,25.7645346989868,25.9651745458358,25.6491117320828
"Q06449",3,2,1,3,2,0,0.889408865966739,0.927343223166468,25.0375686234602,24.2969116016695,23.5115054528757,24.5487100647937,24.1581715721535,NA
"Q06489",3,4,4,3,2,3,0.0116448901492202,0.0521360531605754,25.1558059240654,25.8410192272412,25.6015895867498,24.9285389462171,23.9308745587102,24.287835444196
"Q06494",2,1,2,1,1,0,0.120090121898858,0.266687513718278,24.8963813718499,22.8713890681985,22.916260155323,22.2100714991833,22.2436656201776,NA
"Q06505",9,9,6,4,4,5,0.00139081976357752,0.0104228941036054,26.3661854020588,26.6591585826296,25.7422056750758,24.6780641350981,24.0365915457264,24.6908701296188
"Q06523",7,7,8,5,3,5,0.00087377699469441,0.00768893310139628,26.6705169625402,26.667264622262,27.124406237917,25.4060715768503,25.3181583832548,25.8080121691055
"Q06546",3,4,1,3,6,6,0.171577674770391,0.331157369226306,24.7855978419126,25.1310582481257,23.1330657673161,25.018628960328,25.3187706892869,25.2138905502128
"Q06587",3,3,3,4,3,4,0.125408659809191,0.273623818875258,25.3676879232253,25.6531850726538,25.5646489822063,25.1362493003419,24.8468786462281,25.5115026690446
"Q06608",2,2,1,2,1,1,0.0441030859562598,0.13797303843341,24.8814257408479,24.60357938395,22.7883815459679,23.1489732564703,22.2915636794962,21.7563093167548
"Q06609",1,0,2,1,2,0,0.956294979704517,0.969928904113959,22.3272158816225,NA,24.1743514630413,22.6384045387601,23.7676492162243,NA
"Q06625",9,6,9,3,3,3,7.15854960745447e-06,0.000801808315132431,26.3172214338035,26.4568884098979,26.5756514292297,23.74042224287,24.0683004054537,24.1516605242187
"Q06631",1,1,0,0,0,0,NA,NA,22.0928552134293,NA,NA,NA,NA,NA
"Q06685",5,4,4,3,3,3,0.000718077193829436,0.0068563476484546,25.1688131567385,25.0619866237276,24.840486901599,24.0575519321967,24.012167345519,23.6444710134853
"Q06705",3,3,3,2,2,2,0.00533608688942721,0.0281342117729612,24.711629005188,24.5875246497986,24.7408694101474,21.5289003103239,22.2715966543829,23.5533365983802
"Q06706",4,3,4,1,3,1,0.0266651445290583,0.0961353640373114,25.0664699866964,24.5930605564329,25.6393019335844,23.4549705008298,24.2767824554593,21.9880228283688
"Q06708",1,0,1,0,0,0,NA,NA,22.1028884441509,NA,NA,NA,NA,NA
"Q06787",0,0,1,0,0,0,NA,NA,NA,NA,22.2125426983881,NA,NA,NA
"Q06830",12,11,11,11,12,11,0.186133363904555,0.347050432293063,32.5151902325137,32.6434004908366,32.502412966876,32.7044634987778,32.7726961419798,32.6737073343325
"Q07020",7,7,7,7,7,7,0.613842480690057,0.732983066185692,30.7081582040525,30.7222871916739,30.764376412079,30.6263748566934,30.8934083729143,30.8720151926702
"Q07021",7,7,7,7,6,7,0.149648870318856,0.304420637930141,30.5378489510597,30.5158634210699,30.5406244998106,31.0257810357451,30.646705991937,30.6473120031525
"Q07157",10,10,8,10,10,11,0.104666478303333,0.244961999434733,26.1441565388908,26.4395712254468,26.2307165171071,26.5522806029473,28.3390838954768,26.7609331521036
"Q07362",2,2,2,1,1,1,0.0021958992237171,0.0144045285441494,24.2404111708909,24.3155086415099,24.3002122826384,21.0539353248119,22.6645725552907,22.3537082643137
"Q07381",2,0,1,0,1,0,NA,NA,22.6439452221468,NA,22.4839689820376,NA,NA,NA
"Q07418",2,2,2,2,1,2,0.783567537042176,0.856852052305701,22.1912725525827,24.7237580328796,23.9759175151044,23.794556365389,NA,22.9865893854318
"Q07451",3,3,3,2,3,3,0.0255562351979041,0.0932028602048396,26.8247601163956,26.8462855271606,26.9875829514356,25.5221118384185,26.2903321287503,26.4565843195055
"Q07478",13,14,14,13,11,11,0.00107497209685998,0.00878778523160104,29.4100116430234,29.9114570208071,29.7866415949789,28.6728125586397,28.7560692592462,28.4932581828721
"Q07505",2,3,2,2,2,2,0.00370727781204131,0.0212306805313159,24.680945861393,24.7182049447064,24.6949101783202,22.5339899761397,23.3944558117826,23.7151210099924
"Q07551",16,16,16,15,11,14,0.000547115665188909,0.00597812371700465,29.6757038532255,29.7915013993236,29.7890281878158,28.9448252487302,28.5058252191157,28.6089366754786
"Q07623",2,2,2,1,2,1,0.0453725091855545,0.140083462039264,24.6778767986202,24.5883167953454,24.6682846079145,20.7313451484224,23.8924523681804,23.1227084630449
"Q07653",17,17,12,11,9,9,0.000216297883335498,0.0038119402774274,27.2374276437644,27.4060565907623,26.7569318489238,25.560543395181,25.5443545543462,25.4327983675633
"Q07655",1,2,1,0,1,0,0.3633000195588,0.526399425929862,22.2042606865995,23.6503194096997,22.270630014899,NA,21.9634839974531,NA
"Q07657",2,2,1,1,2,1,0.219523700428819,0.383540024512613,22.9225379774732,23.7310842255992,23.2886847567408,21.5968088829126,23.6235047739769,22.4861071298564
"Q07666,O75525,Q5VWX1",7,7,7,7,7,7,0.75570830892398,0.837767374630015,30.3275115596553,30.1235510807713,30.0903013979373,30.4426010275792,30.0043952812188,30.2492750565323
"Q07688",2,2,2,3,0,3,0.356121295221952,0.520477043450833,27.3325400960874,27.5269937198298,24.8840043362265,27.13016819077,NA,27.9157324552911
"Q07807",2,3,4,2,1,2,0.00276255930804779,0.0171210884232508,24.3487373236152,24.7669924080613,24.9253991748763,23.8723503608839,23.439803915956,23.6338964552076
"Q07812",3,3,3,3,3,3,0.301544432101309,0.467895462110599,24.9380230830003,24.9025426638385,24.8444903052894,24.9778572895489,25.0708712336423,24.9917301368277
"Q07825",1,2,1,1,1,1,0.0222560170112516,0.0845614253974521,23.2376721646114,25.0340225665229,23.0467714111269,22.1698916877093,21.5513116108824,22.2447699286102
"Q07864",5,4,2,5,5,4,0.211944805444382,0.375509800667527,24.7772391508646,24.6788160454569,23.0613064378932,25.1562004966984,25.1324434078881,24.4204852770052
"Q07866,Q9NSK0,Q6P597",12,14,11,12,12,12,0.89272328797708,0.928047950618734,26.5112787768541,27.6802099538174,27.5838607653846,26.7868018453584,26.9474139581684,27.8578859492356
"Q07878",4,3,4,1,2,1,0.00475681807424718,0.025658865091178,24.1582643173615,24.7193805510981,25.1794705103052,NA,23.0249915645514,23.016061312792
"Q07955",12,12,12,12,12,12,0.664112334834049,0.7711336559188,30.8705200302096,30.8628628678629,30.8748535963348,30.7288192386546,31.0834499360089,30.9780242676928
"Q07960",8,8,9,7,7,9,0.464477360014746,0.610162586588943,26.7852688100484,26.5764885083528,26.6934614164678,26.6734304525163,26.8270451240106,26.8360052628203
"Q08162",2,1,2,1,1,0,0.0111027966048027,0.0501715206107737,23.1437245359965,22.7261082642176,23.7375343063655,21.0318059814162,21.9267246390608,NA
"Q08170",2,3,2,2,2,2,0.163929414603239,0.322778991683674,25.7522052548964,25.5574249300607,25.6771534273236,26.1906970843643,25.7196177656009,25.8494423193139
"Q08179",2,2,2,1,2,2,0.031324006385858,0.108358029441542,24.3992789322349,24.1734772645116,24.6736216240703,22.3844971308617,23.8543309499318,23.5358464880244
"Q08193",4,4,6,4,3,4,0.0230775414713586,0.0871423561648175,26.2987254572672,26.3382020888106,27.8551086781416,25.3441337934035,25.1238733782474,25.713571060788
"Q08208",5,3,4,3,4,3,0.281129751634803,0.446958254802452,25.4307190085352,24.0298373049647,24.9783362406721,23.8406513143738,24.8624730667432,24.1594159936411
"Q08211",44,41,44,43,41,44,0.273315704643023,0.440042416636543,32.0717675100889,32.087071728156,32.0857788392466,32.1805305747877,32.1978816238277,32.2282957653778
"Q08220",6,7,7,3,4,5,0.00118202392842117,0.00937268895204915,26.4758152589717,26.5097188395218,26.4915330976911,24.17256598835,24.2494665454676,25.2929843955864
"Q08245",4,4,4,4,4,4,0.000919263603132018,0.00794481778239074,30.5105325338209,30.6069333063696,30.621560232169,29.2958293442035,29.7729428587689,29.6588792304331
"Q08257",10,9,10,11,10,11,0.40856708841846,0.56394144608581,28.3569158678545,28.5959128838663,28.0910107985215,28.546618838859,28.5333000370716,28.3985204502857
"Q08299",1,2,1,0,1,1,0.970467009841219,0.9803657733416,22.3659287175921,23.8621338237961,22.9282582027371,NA,23.1116855207383,22.9557870905235
"Q08378",6,6,6,9,5,8,0.0843523141545921,0.213575703625968,25.4475899732151,25.1266003881941,25.5456045428459,25.9028815499977,25.4691649033705,26.2694335995808
"Q08379",15,17,15,18,15,17,0.195315793109243,0.357571609639285,27.5622592516333,27.6936729325274,27.4022047882748,27.9934723501128,27.573191964816,27.7903474547019
"Q08412",7,5,6,5,5,6,0.00205968448404971,0.0136707836122669,26.9675418576753,26.6336045567298,26.8489707282721,26.0610190474108,25.8799213643428,25.5185644711428
"Q08421",3,2,1,3,1,2,0.573979009444679,0.700451311115021,24.4378190893722,23.6946732989427,23.4401960339128,24.7838556093704,22.1571676407228,23.3921598006772
"Q08601",3,1,2,0,2,1,0.183828201637766,0.34491688204768,25.5258933994607,22.7965892768552,24.3062083079404,NA,23.3427151084948,22.3301664319831
"Q08623",2,1,0,1,1,1,0.879995694795037,0.921238372954049,24.3611534018302,23.8420989334332,NA,23.7677431979908,24.3389531058553,24.0733349707658
"Q08641",7,7,5,6,2,5,0.0295445686571222,0.104262528101115,26.2467780521984,26.403597470853,25.97364393981,25.2482780317322,23.5149823822495,25.3457447810942
"Q08647",2,0,0,0,0,0,NA,NA,24.3485888676528,NA,NA,NA,NA,NA
"Q08686",8,4,6,6,3,4,0.0813277147477664,0.209051545644259,26.7748104636859,25.4784669517629,25.4683448572841,25.5748606980055,24.446035028532,24.6769498751045
"Q08723",9,8,9,5,5,4,1.22534314498491e-05,0.00104901834327437,27.3906529272193,27.3630921025408,27.3295965691785,25.5687761649289,25.5628740190277,25.8087267226197
"Q08732",0,1,2,0,0,1,0.12492831412246,0.272929461346257,NA,22.535880172327,23.5210316076052,NA,NA,21.7744332441423
"Q08742",2,2,3,2,2,2,0.391847896958372,0.550196414117346,26.9529678297971,26.8208132598216,27.3266060730661,27.0198753492098,27.612426710862,27.0931861763931
"Q08752",13,15,14,12,13,11,0.140079819990108,0.293011932498442,28.864724701172,28.9842405221173,28.8566011693965,28.8076989837774,28.7251095221367,28.5171830788008
"Q08945",16,15,15,15,14,13,0.649653987082835,0.760464029839026,29.6598064824582,29.4634809327167,29.7511769143241,29.6518823143094,29.5641613497115,29.4723889633352
"Q08954",2,2,2,2,0,0,0.0087415589133397,0.0417782226009405,24.248628950014,24.5999016019047,24.0889805538862,22.8658220675483,NA,NA
"Q08959",2,1,2,1,0,0,0.497534694440756,0.638964592326534,23.7387307195878,24.210156547399,24.094616894056,23.8097397190562,NA,NA
"Q08971",6,7,6,6,6,7,0.000736653589627124,0.00696786007716593,28.3128431662339,28.3624048723678,28.0359875833986,27.4046982354416,27.3207079457197,27.3691701962611
"Q08972",11,12,11,10,9,8,0.000422340678934757,0.00519037170145853,27.8342675307358,27.8012493758752,27.789081178396,27.0219917421936,26.7660936207075,26.6536605948333
"Q08977",6,8,8,4,6,5,0.00845363751666616,0.0405887101679475,26.6172261595411,26.9084619507174,26.3934480980089,24.5661508816619,25.5821111507116,25.7054249614725
"Q08985,Q04898",6,4,5,2,3,3,0.000253565394773954,0.00401491789656189,25.8964321504093,25.779943762767,26.170402589003,24.5406048205613,24.7302122776915,24.8158299287988
"Q08AM6",5,4,4,3,2,3,0.174312195344172,0.334326301370337,25.3619258702225,25.1018848593385,24.887295039067,24.7634040834996,22.8814640019823,24.9924607180991
"Q08J23",26,28,29,29,29,29,0.0719407517907844,0.19256565936993,29.7822663575932,29.8489218147171,29.8527783183442,30.0551041790368,30.0468836392192,30.0486331448844
"Q09028",9,10,9,9,9,9,0.097920858365615,0.234963541854974,30.2138084712167,30.5458016044951,30.5160234932271,30.7069321684431,30.7227981277183,30.6448938077474
"Q09161",13,15,16,13,16,15,0.192921146253311,0.355507008290943,28.0121593285287,28.371601049825,28.3862151275936,28.2959836789023,28.6624900946764,28.5636355620384
"Q09666",40,37,37,40,39,43,0.318088798311016,0.483353345447936,29.4993341117943,29.6562546031568,29.5104098867636,29.7702893174739,29.6216781118938,29.6488414331061
"Q0PNE2",3,2,2,2,3,2,0.942672039924216,0.960935716177037,24.580356987345,23.7105855379085,23.1259677871439,23.7947893775902,23.805188318431,23.7336887700317
"Q0VDF9",14,14,13,13,15,12,0.409494106377581,0.564815601123201,28.2351708856145,28.3468001523768,28.2288894014172,28.4284511222067,28.4358637742682,28.2542755907016
"Q10471,Q8N4A0",5,4,6,5,6,4,0.451349741582545,0.599842048112476,25.5322471631455,25.3793451571081,26.2135885658018,25.859319800343,26.0197942111219,25.8334704064237
"Q10567",9,9,7,9,10,9,0.0312053146527755,0.108198757297221,27.5183076549124,27.3622963324091,27.1981716009952,27.7651145394302,27.6402906090291,27.8041104638507
"Q10570",10,10,10,10,10,9,0.173363530514899,0.333203650163909,26.5133330959476,26.4877307276738,26.7500884985495,26.7390909525234,26.9609444547232,26.7006144857714
"Q10589",1,0,1,1,1,1,0.59613067920523,0.718629131423774,24.580104104778,NA,24.7759864871598,24.2758326045956,25.029377433585,25.3277176505777
"Q10713",11,11,12,10,9,10,0.0754367030662064,0.199492558736863,28.0282952658736,27.9811338005442,27.8133569854896,27.7004368063481,27.5905361414352,27.7510135762315
"Q10740",2,3,4,1,2,2,0.00366076029560002,0.0210119321057679,24.8952637911285,25.5484976157455,24.8310472952264,23.263998925704,23.7065762253449,NA
"Q12008,Q12326",4,4,4,2,4,3,0.00874547500826375,0.0417782226009405,25.2923141105315,25.4944548630161,25.5912459060205,23.3627837628718,24.5149111362908,24.4825291011999
"Q12018",4,5,5,3,2,2,0.0165542002552605,0.06759520249743,25.3971990354672,25.9923990455045,25.9697032957471,24.8517245934862,24.6406498092539,23.29074223984
"Q12044",3,3,2,2,2,2,0.000385032998023399,0.00494816049592888,25.1531733456343,25.0533709322311,24.770929807153,23.8382794818547,23.9347143525984,23.6084932814262
"Q12055",3,3,2,0,1,1,0.190901847120818,0.352944813253021,23.8607549231443,23.9243120023683,22.9034567697717,NA,22.7324934516267,NA
"Q12068",7,7,8,8,8,7,0.000560235117252208,0.00600922337901266,27.4846745423622,27.1953171013069,27.2208979128519,26.4692964518976,26.3680563889525,26.3771953615126
"Q12074",7,6,7,6,6,6,0.000881244919371669,0.007739318303372,28.3144117523347,28.1789354295963,28.1920529700097,27.5646656526063,27.2330158282645,27.2929679218575
"Q12099",0,1,1,1,1,1,0.864764603876548,0.911123490650907,NA,25.1468388592489,25.3355590288197,25.424183652675,25.1069572408945,25.2811740100984
"Q12109",4,6,4,4,2,4,0.00174499224135901,0.0121908102504902,26.6189504903148,26.8585471950759,26.5649213546715,25.5928613322799,24.9422574566339,25.6684667607737
"Q12114",3,6,4,4,3,3,0.0188268788481273,0.0748186979243831,25.2458816032795,26.3260839939876,25.491090165571,25.0191276451034,24.2691150261855,24.1533311089713
"Q12117",2,2,2,2,2,2,0.00296721307242625,0.0180353709131468,27.8975995642658,28.3352705742583,28.1494711497684,27.4234680394614,27.4177348852938,27.3544062185385
"Q12118",13,13,13,12,11,11,0.00014144305408342,0.00345949296383346,29.6642679771895,29.7986046546196,29.7362761555814,28.5418547489575,28.7013577249707,28.7611415673569
"Q12122",10,11,11,9,8,10,0.00265295361807972,0.0165842434714364,26.9336750827368,26.7593852397003,26.5683834287656,25.9348958414586,25.0296267975197,25.248723088795
"Q12123",5,5,4,3,3,4,0.0220756951513709,0.0840273822227389,25.8546522975917,26.6488725756437,26.2987838126599,25.5635208124364,24.834143550563,25.5871291143117
"Q12125",1,2,3,1,1,1,0.325617726346823,0.490953771873971,NA,24.1040674805767,24.4026204507144,23.9314030158393,NA,NA
"Q12154",9,8,9,8,5,7,0.00173437281986744,0.0121671071015979,28.3920041449269,28.3669201273739,28.3980415638364,27.7140530768344,27.1123590533443,27.3827013938309
"Q12159",6,6,5,5,6,5,0.0110478652913144,0.0500473251896223,28.6617682528164,28.7982302620437,28.242227081121,27.1919582105184,28.0314956544341,27.4829335168479
"Q12164",4,4,4,3,3,3,0.000152357008928261,0.00348709802018266,26.2167954448764,26.383201678003,26.262238086812,24.9801130229887,25.2808104572594,25.0071558584412
"Q12165",1,1,1,1,1,1,0.00453219503257169,0.0247286819800129,24.2809620278166,24.4545009194404,24.3124154915735,23.8630469059938,23.4011784327981,23.2920615769607
"Q12176",1,2,2,0,0,1,NA,NA,23.0611164166469,22.3682092561293,21.6906502935276,NA,NA,NA
"Q12178",1,2,3,0,0,2,0.27525301932211,0.441085977346439,24.5348265242307,25.6517647942242,26.1053814122352,NA,NA,24.5189307410871
"Q12189",1,2,2,0,1,0,0.0445513086982776,0.138820888485503,23.5204673167319,24.3691544618083,24.3839925383071,NA,22.7198897599364,NA
"Q12191",2,2,2,1,1,1,0.0400108430092137,0.128152691470539,24.3687863384048,24.6951330048514,25.1558302009301,23.4250118142346,24.0929460021582,24.2693331275217
"Q12200",2,2,2,2,1,2,0.826893730337367,0.886889222132888,24.6326257175253,24.8469476365906,25.2986349323319,24.6052032531737,24.7663330522972,25.2352749492567
"Q12207",2,2,2,1,1,1,0.000297638955237548,0.00439251134972144,26.9947147641856,26.9391556180392,26.8051007488071,26.0322803701005,25.7393276079663,25.8869244924268
"Q12213,P05737",11,11,11,10,10,9,0.000231260054485603,0.00385648825347984,31.6884526171016,31.9399498082826,31.8483987220368,30.5462512649783,30.8483531059237,30.669767786864
"Q12220",1,2,1,1,0,0,0.0195357512414914,0.0769696408118356,22.8169585931634,23.1695127249436,22.5260052281121,21.5435057712599,NA,NA
"Q12230",7,11,9,7,8,8,0.00977028656974701,0.0455144082187391,29.1705830674937,29.8271973997328,29.7106281844108,27.9629529096648,28.7116904453418,28.7231637933047
"Q12242",2,2,2,0,2,1,0.00447973980401596,0.0245680409881483,23.6155768805946,24.0366730117823,24.1472239607768,NA,22.7999585344256,22.9112535297673
"Q12250",6,7,6,7,5,3,0.0125543277323727,0.0549496615045187,26.4062854435535,26.7264816074732,26.8597076783657,25.774729628307,25.8830988341408,24.79327363746
"Q12265",5,4,4,3,4,3,0.00615528428081122,0.0315317859050481,25.5669246556275,25.7623934400582,25.6398191634136,23.3564360047098,24.7657343988006,24.2301563849339
"Q12271",4,2,3,1,1,2,0.00351457740144186,0.0204047476490607,24.9231960730475,23.7424268580926,24.4030636920224,21.5204713599574,21.8902789564882,22.9307475158196
"Q12285",6,5,7,5,5,4,0.00411683274153834,0.0230278207945849,26.394235386065,26.4331094366939,26.9269411336506,25.8619075449214,25.32646356149,25.2482133926085
"Q12305",4,4,5,3,4,5,0.43517052886907,0.585989427170801,27.1643498640815,28.1537788555155,28.1322806816819,27.8629496785832,27.5271316516142,27.2302596226198
"Q12306",3,4,4,2,2,3,0.00116488353463315,0.00932036943936167,28.2178015828198,28.3108068174385,28.6262986877777,26.6729868631959,26.9962047699756,27.3931898414571
"Q12314",5,5,3,2,3,2,0.00460864558846195,0.0249766833340358,25.5550719118751,25.5785081645499,25.1901681685041,23.7644157285467,23.9155203118332,22.2456145420308
"Q12329",3,3,4,2,2,2,0.00131245477545848,0.0100072523632482,26.7330552793775,26.5412544129549,26.961112450372,24.6268289196509,25.5372515460905,25.304731562285
"Q12335",5,5,5,5,5,5,0.00237230943062227,0.0151869897770255,29.4072746926914,29.5309262645483,29.0584515719747,28.5716941644261,28.409183362257,28.5175356004985
"Q12363",13,13,13,13,12,13,0.00101716740067564,0.00846410632753319,30.3371303442377,30.5950510036823,30.5396799670423,29.5281244479457,29.7201354380103,29.7562358313804
"Q12377",7,5,8,5,6,4,0.504475544124169,0.644513579011738,26.1241969887862,26.5380548218433,26.5739301293346,26.1548396347177,26.8430245045951,25.4349498601523
"Q12402",2,2,2,2,2,2,0.000148299329052703,0.00348399958625677,27.2524823362754,27.3511092151096,27.2065276923861,25.940198273042,26.2474097148364,26.138739146395
"Q12429",1,2,1,2,1,1,0.120874274966763,0.267427053375873,24.6365830629753,25.252094347537,23.2616882908844,25.1845304792197,25.2558753058549,25.5069933127849
"Q12434",5,3,6,2,2,4,0.00932812585517551,0.0439928699294972,26.051863737012,26.016012756439,26.9798969556326,24.6291828460919,25.0783152974776,25.4011439987844
"Q12443",7,6,5,6,5,5,0.00164863946368408,0.0117451028646944,27.5150042129954,27.2957299215145,27.0103982670467,26.3449893015306,26.449188991872,26.2695340646433
"Q12447",4,4,4,4,4,4,0.000119655447638657,0.00323811289043782,27.7135900510019,27.6817764925933,27.703167451162,26.6473128384785,26.7903279471776,26.7203490164911
"Q12449",8,9,9,8,7,7,0.000708349619628952,0.00680204168963087,27.6940777011786,27.8702476174092,27.9813817827709,26.5870374072576,26.669179908362,27.0159455425325
"Q12451",2,2,2,2,2,1,0.0249768664991959,0.0918181606167674,23.584018812092,24.1058665249856,23.6106848106802,22.6371575887957,22.3518062076408,20.1772611509101
"Q12452",7,7,6,4,5,5,0.000353017111394848,0.0048061709694215,26.7418427210788,26.7354487409393,26.3193741369275,24.905796958976,25.3850925488181,25.0954548625493
"Q12458",5,5,5,5,5,4,0.0132201374385648,0.0570040226074283,27.2175475737974,27.1749446832087,27.3054972120379,26.7518239104353,26.6220833180159,26.0211460288685
"Q12460",12,12,11,10,11,10,0.000222468508784803,0.00381965874674084,28.55165823837,28.7233580674419,28.5501454103286,27.706022640544,27.6753767459537,27.5703453875797
"Q12464",7,8,9,5,6,5,0.0021650616510215,0.0142392270824344,26.4915314148125,26.6511252124803,26.5613268550943,24.976779444866,25.7994965154937,25.1001322056551
"Q12466",9,5,9,4,5,4,0.0121793721727149,0.0535871157181037,26.1834947545093,25.3775991937866,26.4289767924649,24.4170114968804,25.1827315635701,24.6700659056345
"Q12480",4,4,5,4,2,4,0.110549636461548,0.252663445143565,25.4938657510319,25.4450479143465,25.6208667267921,24.7270537322106,22.9576457875059,25.3757961205636
"Q12496",0,1,2,0,0,0,NA,NA,NA,NA,22.4147492497417,NA,NA,NA
"Q12497",2,2,2,2,2,2,0.00060949507364496,0.00623087227655129,25.1952654938139,24.9815861033092,25.2496318887633,24.0958778688571,24.3055690909262,24.2905442351677
"Q12499",9,8,10,9,9,8,0.000632363279534143,0.00630444770363781,28.4680718909268,28.086863729508,28.2713099472666,27.0685066828802,27.3379264986711,27.3017546052141
"Q12513",5,5,4,3,3,3,0.00100833519047113,0.00840445717338233,27.4406075802928,27.6042281520783,27.3348332175447,26.2480440576146,26.698615925952,26.4120762119699
"Q12514",2,2,2,0,1,1,0.0400671016723832,0.128250272843604,24.623144932496,24.3445162483219,23.1403948577792,NA,22.7062517914708,22.6133565406028
"Q12515",2,2,4,1,2,1,0.0178686571096228,0.0718587476597968,24.182953647608,24.5014632388503,25.7217863018971,22.1593256162848,23.7606958778205,22.9164982658312
"Q12518",2,0,0,0,0,0,NA,NA,23.2016493839667,NA,NA,NA,NA,NA
"Q12522",3,3,3,3,2,3,0.000755320214147861,0.00706209056600524,26.8900964394679,26.8706037818747,26.8515102378891,25.9964131085771,25.5491285214961,25.97031891713
"Q12532",5,4,4,1,4,2,0.048332363281957,0.146008831900218,25.580925811104,24.3071124877104,25.1322973900806,23.4454441139889,24.5127007646291,23.9080734196647
"Q12672,Q9UGP5",1,1,1,1,1,1,0.649108963474103,0.760002173043044,24.4057861053554,25.0202199118749,24.4174502481185,23.2945240414443,27.8661081177081,24.3771953615126
"Q12680",7,6,9,4,6,2,0.0273883081984315,0.0979733319477886,25.8347048254981,25.8242426642009,25.8972206796017,24.3427798605047,25.4085219734531,23.4055085449027
"Q12692",1,1,1,1,1,1,0.00514488409577225,0.0273257724161363,24.9995449037388,24.5911352843172,24.7910087118637,24.2422250550348,23.7096920639732,23.8786935078615
"Q12743",2,2,2,2,2,2,0.0247390364571979,0.0912093964564282,24.430122831814,24.3049455554993,24.518221277961,23.3081528076901,24.1415628466711,22.9944395459562
"Q12746",7,7,7,5,5,4,0.00124872291952542,0.00971848916259308,26.9508912183133,26.9409979549349,27.0085789792383,25.5152347115913,26.1767319820602,25.5799908455812
"Q12754",0,1,2,0,0,0,NA,NA,NA,23.4032036223906,23.5572256388811,NA,NA,NA
"Q12768",1,2,1,1,2,2,0.167144167901583,0.326215298327239,21.345274324744,23.1547484648449,21.827543054881,22.0462051188334,23.9911176065659,23.5079587630815
"Q12769",13,12,14,14,13,13,0.0493169061331361,0.14774596256137,27.7049182454442,27.3249111254418,27.8540959407156,28.2576165823968,28.0779295372451,27.9244786741051
"Q12788",15,15,13,17,17,15,0.276825673325177,0.442706169657405,28.6547684084435,28.8080658576873,28.5343633198331,28.8275150090274,29.0003137899256,28.6819278411374
"Q12789",4,2,5,4,5,4,0.0335527509334773,0.113741565513221,24.8368760839304,24.6033834720756,25.1821846518322,25.3486642005273,25.6531010656442,25.2769824471252
"Q12792",1,1,0,1,1,1,0.695954347371667,0.797337501031789,22.8261149250016,23.2106067765677,NA,22.2835740557533,23.2256514900443,24.3430423004195
"Q12800,Q9NZI6",2,2,3,3,3,3,0.0397286902968286,0.127763979710696,24.3488857643027,24.6622654055706,24.6257172453757,25.010225179176,24.7742716106467,25.009042442935
"Q12824",5,5,7,7,6,6,0.0272663205834968,0.0976060845267486,25.9329821456241,26.0871089458036,26.5944514106367,26.76334455287,26.7626923970056,26.8226016537066
"Q12834",1,1,1,1,2,0,0.242124832986945,0.406708523916548,23.0933868865663,22.9094923622949,23.0744448094386,22.8056293424157,25.1905139775656,NA
"Q12849",10,11,7,10,10,9,0.220558831642311,0.38415264090528,27.9733304938758,27.7174583896244,27.2354375503058,28.1772318847908,27.789400514529,27.9031605722293
"Q12872",3,3,3,4,4,4,0.0159141574203695,0.0656237551144416,23.6829490320252,24.6803957065509,23.744721501871,25.1644740717303,25.1098375795374,24.8740318463041
"Q12874",14,16,16,16,13,14,0.786118270130472,0.858846224965485,29.5256513052083,29.6696495691971,29.6214858376845,29.5898306221493,29.5606065587076,29.5765674545597
"Q12888",11,11,15,9,14,14,0.991042807207925,0.99379734349955,26.9752548893804,26.6923495437597,27.495825094217,26.5918559931942,27.4661649049473,27.0946045232622
"Q12904",8,8,9,9,8,9,0.211463490389443,0.37529939914163,28.912175871018,29.0201373565808,28.3078291848764,29.207547931567,28.954359263078,29.0101952557516
"Q12905",10,11,11,10,11,11,0.221535940950993,0.38431837130012,30.2974233533187,30.4726936619163,30.4109603005738,30.5393146966896,30.5864315023291,30.5064783784575
"Q12906",31,31,28,31,30,29,0.153427069311469,0.309563353708534,31.3532902787547,31.4925404192529,31.3928554507935,31.6572885842289,31.5591066119727,31.5576830510541
"Q12907",1,3,2,0,2,2,0.945903590214627,0.962481674894053,23.6568082321039,24.3822313768688,24.141457812361,NA,23.6426727214187,24.428305759641
"Q12931",21,20,20,23,22,21,0.0494615810329105,0.148057879184749,30.3501654316701,30.1009614484692,30.0805927809427,30.7229959455542,30.6693879659098,30.3337757790635
"Q12933",1,2,1,1,1,1,0.687534949625687,0.790543513778501,20.0156324216577,23.5081238199664,20.147025511242,24.4538495370661,20.5009792776037,20.5737883032976
"Q12962",2,2,2,2,2,2,0.835608923567808,0.892093657138215,25.0915695271839,25.3084952145978,24.8925919498445,24.9701922548093,25.0928505447829,25.1337072742742
"Q12968",1,1,1,0,1,0,0.0644391080204826,0.178346265540525,22.8746576793204,22.6812405796446,NA,NA,23.5094146046601,NA
"Q12972",6,8,9,9,8,9,0.440309756076654,0.589677378204485,27.7120762428905,27.9520990053045,28.0866629294713,28.0701920744748,27.8186278502876,28.3106915202094
"Q12974,Q93096",2,2,1,2,2,1,0.922332894812234,0.945737606921761,24.8742761599043,24.8016443321053,24.1718826516871,24.8074896993413,24.6975648276987,24.4141982239274
"Q12996",6,7,5,7,5,5,0.839586452634614,0.894484533275139,26.8921350444749,26.8026899102344,26.4560622284771,26.8692558705642,26.7693225992265,26.6150442735331
"Q13011",6,8,8,7,7,6,7.19579663087051e-05,0.00268552987875672,28.5393943763514,28.4690693883158,28.4635519231794,27.3729596903257,27.308325978029,27.1211059465073
"Q13033",5,5,5,6,3,4,0.503626008077568,0.644330032117476,25.1779492081531,25.7330554879951,25.5936264311095,26.1536591817609,24.5220892687437,24.8614229224047
"Q13042",4,4,5,7,6,7,0.00904870161564154,0.0429558194178622,25.2312608545449,24.7717511165703,25.2931454228958,26.3591210649002,26.0574819693825,25.6686191366759
"Q13045",5,7,8,9,8,9,0.17434477881795,0.334326301370337,24.8325833707509,25.0028344981708,25.9177808889614,25.2730756221803,26.068810084491,26.2234991868859
"Q13057",3,4,5,3,3,4,0.705008785922125,0.805140482258938,25.5125050933991,25.028561116024,25.9408023395858,25.3308583462502,25.7215021274661,25.7495257420949
"Q9UEU5,Q6NT46,Q13066,Q4V321",2,2,2,2,2,2,0.752694261055508,0.836308559742932,29.7936766654548,29.9768392896379,29.5811091051171,30.3212254306963,29.4801452836927,29.7963885647774
"Q13070,Q13069",1,1,1,2,1,1,0.900898501121829,0.933227370697694,27.1133811049717,27.2285652049325,26.4263899748251,27.7472409409521,26.4187633819407,26.4314370874382
"Q13085",24,26,24,30,29,26,0.992565901753488,0.994534887870832,28.7524367162394,28.9926328052537,28.6956396675782,28.9369294247294,28.8703258647703,28.6377283167986
"Q13098",9,10,8,10,9,9,0.372823116889741,0.5350814148432,27.1419309828143,27.5744910071117,27.1760544280719,27.5352456461932,27.4157329293206,27.3975631592065
"Q13111",6,4,4,6,4,4,0.552197047142815,0.683329395807623,25.7826063773042,25.5445999867249,24.6213429895195,25.9328858535421,25.8242591936193,24.9615776010626
"Q13112",6,6,6,9,7,7,0.00731001512689898,0.0361280688903784,26.4529686848455,26.2093200345622,26.2241782113027,26.8610732956455,26.7093029519592,26.8690898961396
"Q13123",8,7,9,10,9,10,0.0268927881082009,0.0966112892848668,27.202635336536,27.2035800748843,27.2164915324268,27.7607227703131,27.4625677348713,27.5154191770761
"Q13131",5,3,4,5,4,4,0.477427469915351,0.621850478501572,25.8571851516819,24.7529746708662,25.5408038911491,25.9813163463696,25.5124509936451,25.4068488300757
"Q13136,O75335,O75145,O75334",2,3,2,2,2,3,0.913511049644354,0.940011406068763,23.6102617148552,24.7124033357183,23.3895391096348,23.7253433644455,23.6454089241679,24.2094985688762
"Q13137",1,1,2,0,1,2,0.729664793442641,0.821198055186894,22.208520583744,22.4970724954259,23.5115054528757,NA,21.7211995598151,23.2910062038039
"Q13144",8,8,7,7,6,8,0.603771335851557,0.724554292560279,27.1600207726291,26.5293158620405,26.8562724479878,27.0345019900738,26.9773255963067,26.8440105467656
"Q13148",8,8,8,8,8,8,0.0604873545297947,0.170969013838832,28.6603485714414,29.0401556564454,28.917252499373,29.1865574971156,29.2902540812497,29.1349806739147
"Q13151",6,7,7,7,7,7,0.457200404557164,0.603428075102753,31.7206245997265,31.7173098809034,31.6347417075684,31.6039031592336,31.8596180301881,31.9208386369
"Q13155",6,6,6,6,6,6,0.0964234102083483,0.232474770865092,27.88146422178,27.7395772650849,27.8838753305721,28.3055714311129,27.9708473858666,28.0442602649659
"Q13162",6,7,7,6,7,6,0.364748971084016,0.527439751773652,27.1880859874093,27.3742588073798,27.2994833444762,26.8888977592278,27.3456583785417,27.166590636088
"Q13177,O75914,Q13153",16,17,16,18,18,17,0.520303495395503,0.657341909765554,29.3407967207817,29.4444499131131,29.3816189333255,29.2629424240463,29.5460159096288,29.6464580370999
"Q13185",5,5,5,5,5,5,0.374614781424033,0.536028119255748,29.7883847462928,29.9129398766542,29.875290426811,29.7966521216074,30.0731290533403,30.0829803451081
"Q13188",0,0,0,1,2,2,NA,NA,NA,NA,NA,22.2548308863405,22.750008930976,21.4994862305975
"Q13190",2,2,2,2,2,2,0.302173566330068,0.468183645255574,23.8582544039236,24.0787833514041,23.6635291003136,24.110459697623,24.4443899940996,23.7771115737668
"Q13200",28,28,28,28,26,29,0.113128212706491,0.255958612173677,30.5088728326992,30.5857841157609,30.5408605364115,30.7695855999159,30.6779641834316,30.7711102568177
"Q13206",6,7,7,5,7,8,0.0518975952218803,0.153205583556819,25.8360026776837,25.661983243426,25.8363082612921,25.8926309716314,26.3301934481752,26.3112853507632
"Q13228",10,6,9,10,9,7,0.333629407248973,0.497881714523815,26.7351861867231,26.0679090473829,27.125329938973,27.3095518451263,27.0721307217038,26.5916630686698
"Q13242",9,9,8,8,8,9,0.173118043667755,0.332985239362463,28.7260722996752,28.7677957223474,28.801191323729,28.8245937794604,28.9674021035314,29.0295051330341
"Q13243",3,4,4,3,5,4,0.298551095533382,0.465077875781819,27.1466348463219,27.7011874343321,27.6969111504764,27.4248800930545,28.0562463400399,27.8986207324362
"Q13247",7,6,7,8,8,8,0.218178355850989,0.38198227916927,28.0505409794876,26.4824139903468,27.3540165484667,27.939763732289,27.9799732771231,27.6451035451771
"Q13257",6,7,7,5,6,7,0.264359735105452,0.430874805426794,27.6043674574838,27.4723249391027,27.5608924298964,27.4709013513577,27.8070369666228,27.9453291382299
"Q13263",24,24,24,24,25,24,0.262405147690747,0.429764415881846,31.8400295061373,31.7582376721562,31.7070568952635,32.00209067292,31.8395352179096,31.8808789673802
"Q13277",3,3,2,2,1,2,0.753327830724565,0.836517557867097,23.6547684084435,23.2283746537128,23.1578342409553,23.7957210502354,23.0485321952331,23.4385285664049
"Q13283",17,15,14,16,14,16,0.335969452544694,0.500584573688274,30.5929370974877,30.4190899756063,30.3975550708152,30.621969990364,30.5907685292178,30.5527037951521
"Q13310,P0CB38",13,13,14,13,13,14,0.108559109197698,0.249923455131071,29.3592434463176,29.3493214208669,29.4817635959276,29.4668857502202,29.6725052338943,29.8834112727109
"Q13330",4,6,3,6,4,6,0.782772663714442,0.856168194980867,25.2913489808874,25.7058485164066,23.9307504094651,25.7158076375194,24.1714307285543,25.5790183878326
"Q13347",16,16,17,16,17,17,0.180854750673067,0.34123920270813,30.2741633442485,30.1793462197587,30.2131778925736,30.4171675874038,30.4160429375953,30.3155448105648
"Q13356",16,16,16,15,15,14,0.559496587407605,0.689608897753981,28.452096655356,28.0304658687402,27.9832819869319,28.3998716455664,28.2316075281315,28.1521782491636
"Q13362,Q15173",0,2,2,1,1,3,0.488659948129444,0.631790364587931,NA,23.1299365730265,23.738676130755,22.3413768017597,22.730703157261,23.9774503543907
"Q13363",4,4,3,4,4,4,0.193319813278804,0.355592999588944,26.3964990857542,26.403597470853,25.688674698546,26.4783008758757,26.4797529333422,26.5169009994097
"Q13404",8,8,8,8,8,8,0.907593853104881,0.936988769180945,28.8517549574647,29.1171329117777,29.0375273389654,28.695531397106,29.2055788188023,29.1717288199271
"Q13405",2,2,2,2,2,2,0.263208561298778,0.430124474589156,24.9919134598083,25.1647076584046,25.2320580512203,25.1704574733698,25.3372215413931,25.3477762545023
"Q13409",11,11,10,12,11,9,0.239001975663792,0.4033407881984,28.0399495081761,28.1077755547438,27.9247240493309,28.1665800893847,28.3930416231813,28.0539652390479
"Q13416",1,2,2,2,2,2,0.169477031565119,0.328609783660427,22.7423513191909,23.9540401396619,24.013993702684,24.4381235677579,24.1334182802881,23.9420027423251
"Q13422",3,3,3,3,3,3,0.0253225661068145,0.0926171480126865,24.9570877636865,24.9817745209512,24.9633119246269,25.3648804126581,25.4204378811078,25.1750175123332
"Q13423",17,17,15,18,16,17,0.0124050638796165,0.0544851979616893,27.6468669214469,27.6254875155623,27.5745451150811,27.9799593349705,27.9974801369619,27.9609141595353
"Q13426",1,1,2,2,2,2,0.797146216553492,0.868316916068943,22.1150533951343,22.680869267798,22.6983451681355,22.9628077515857,23.0276306781547,21.8124780793578
"Q13427",4,4,5,5,4,5,0.633156578795208,0.748612799507162,26.3652868065511,26.1703561016529,27.0963309194933,26.3993641550295,26.5526379269941,27.1704515929129
"Q13428",18,20,16,19,20,18,0.752473543954393,0.836247276240625,28.7358603184269,29.4562444479506,28.5934504553189,28.7834300334444,29.5299547578357,28.7916597247776
"Q13435",25,25,23,25,22,26,0.848674956430443,0.90074746899142,30.3361947443081,30.5292191807023,30.407253897534,30.3436710107539,30.4235343855083,30.4382008876587
"Q13439",0,1,1,1,1,1,0.345642484248066,0.509883232458231,NA,22.5651661222448,22.5398972643435,22.2658659044901,23.4958481011498,23.1494203592533
"Q13442",2,3,4,3,3,3,0.171120665746645,0.330632851665974,27.9276005683271,27.6188396965569,27.6900601692165,28.0676029839546,27.878343846756,27.9246913355207
"Q13451",17,15,16,15,14,15,0.789655170671115,0.861457509084191,29.7207052575455,29.7014162700913,29.907132208695,29.7325680575717,29.8123912113224,29.6859010204361
"Q13485",2,2,2,1,1,3,0.0472756370991348,0.143904041964087,24.3203284867011,24.451238870174,23.6675007976111,22.3990078474717,22.625353875262,23.9279835851932
"Q13492",12,12,11,12,12,11,0.506177604849734,0.645400958677788,29.0887336447968,29.0388885664142,29.0158650467243,29.0667590205939,29.272216395016,29.052968491316
"Q13501",5,4,5,4,5,5,0.226036079280128,0.38873280096831,25.6508004985914,25.3279230314613,26.0696366344942,25.7396357197945,26.461366682288,25.9600221792807
"Q13505",6,5,6,6,5,5,0.762386921853014,0.842445054097478,26.0364631099648,26.4438174707403,26.3182729942518,26.3770894152486,26.1935662641917,26.3708724546377
"Q13509",3,2,2,2,1,3,0.884558782816713,0.924258943913168,24.3367374661662,24.2744462987901,24.3045485386249,24.8539626316172,23.3122259883398,24.5627681616947
"Q13510",2,2,3,2,2,3,0.893364613630045,0.928474210585465,24.1608876307668,24.1293924164747,26.1566518654971,25.0246515010278,24.2280698866729,24.9374993803134
"Q13523",8,7,7,9,8,6,0.143236243310581,0.295841989949309,27.4014273988135,27.0201832212163,26.5919021570928,27.8691175687819,27.9670766517849,26.9555123572764
"Q13526,O15428",4,4,3,4,4,3,0.0179268304095107,0.0719780766283296,26.4589808201085,26.3537176064723,26.5321171902906,27.3634672756183,26.9429195774592,26.8016810020795
"Q13542",2,2,1,2,2,2,0.109079323613282,0.250360385619654,25.1232427106125,25.2369246394703,24.2846012016176,25.4452660053222,25.428743531312,25.3263017607891
"Q13546",5,5,5,6,5,5,0.22863951012328,0.39187586210814,25.1451611937734,26.0373439273201,25.9057888602719,26.5571306385285,25.7038599608993,26.1537121670739
"Q13547",9,11,11,10,9,9,0.451760475726065,0.599901788427877,28.22565376195,28.1254070214748,28.1085696898663,28.2988615668758,28.1210443572382,28.3216743493806
"Q13555,Q9UQM7,Q13557,Q13554",2,3,1,2,2,3,0.440826291425054,0.589677378204485,24.3449469164128,24.074973415103,22.4319228328456,24.5254503949022,23.2036484903277,24.7458235015353
"Q13561",13,11,10,12,12,13,0.0178896962648993,0.0718861223818667,28.5663742202708,28.6081085434724,28.4249243234697,28.9364674983544,28.8310923589391,29.118156859792
"Q13564",8,9,10,10,10,10,0.0236415900710599,0.0884545714436472,26.5516743595788,26.9268781175515,26.7788711303324,27.1487453965566,27.1204591566295,27.3220780246514
"Q13573",10,6,8,9,8,7,0.314621382883197,0.480008332890642,27.4739960247642,26.5367729958675,27.2195616837283,27.4545871112339,27.2268307473511,27.4156817773682
"Q13595",3,2,3,2,2,3,0.29315791195971,0.45985733332562,26.5807046285136,26.2380450445418,26.9418894891164,26.9713523402297,26.5387940856474,27.094982513712
"Q13596",11,12,10,11,12,10,0.288653948186092,0.454769523483452,27.1107574260655,27.1514357308041,26.8702651342183,26.9042320088072,27.5749870529373,27.3843259199072
"Q13601",1,1,1,2,2,3,0.000133359782589768,0.00341929066934475,24.1840356585354,24.0248720574895,24.1421217614918,25.3357108463412,25.2325826515487,25.5873977926202
"Q13610",6,6,5,7,8,6,0.0388021438645725,0.125876447437351,27.2932593115869,27.0492415054879,27.1687418108342,27.9659306094647,27.6649000763731,27.3682323154929
"Q13616",12,10,11,14,13,13,0.00601036403940154,0.030977906901038,27.6326104759911,27.3889671985812,27.4997158599001,27.9814315055519,28.0523858332415,27.9833936307109
"Q13617",8,8,7,7,7,9,0.607759306059232,0.727438922963313,26.2268051950058,26.2301997352736,25.5600852930204,26.10229321181,25.8340578908572,26.5212670442578
"Q13618",4,5,6,7,6,7,0.00801708843522612,0.0388248453368429,24.9505489013012,25.4531426284924,25.6545060656215,26.2118568591057,26.1285838807311,26.1525505329592
"Q13619",3,2,2,4,4,3,0.0096948725473185,0.0452576721224637,24.5797246977959,24.0613449030376,24.1062323087747,25.0296594004467,26.0615605899067,25.2586094702572
"Q13620",9,8,12,9,9,13,0.0798448187168458,0.206712547072675,26.3543488763019,24.982075938004,25.7113777322879,26.2250582242247,26.4840720281393,26.6642701042511
"Q13630",3,3,2,2,2,3,0.640522812077985,0.75256588132261,26.0104947117809,25.9446755856614,25.3030946724288,25.2606879327501,25.6334815707605,25.9601259262544
"Q13643",6,6,6,5,5,6,0.741329596174333,0.829888251391081,27.6688829379164,27.8649967206353,27.7873845136908,27.6474741235587,27.8617729672288,27.9506647097273
"Q13685",3,4,4,4,4,4,0.503254898364702,0.644254543275766,25.5141275315629,25.6943284233566,25.9971011077404,26.0003584940102,25.4994029509464,26.2091494255718
"Q13769",8,6,8,8,7,7,0.842541404735494,0.896120580189299,26.7827986762065,26.5594209358121,26.7610439437835,26.9367974608564,26.3870401367818,26.6693553934109
"Q13823",8,9,11,9,9,10,0.704941663893368,0.805140482258938,26.3711451029466,26.3850548510785,27.154251291952,26.6881653860121,26.7282624509083,26.7808049729519
"Q13838",18,18,19,18,18,19,0.210677050777532,0.374693585731449,29.8709884665391,29.8839976825654,29.8331252027241,30.0760155741514,29.9228386567232,30.042032088443
"Q13867",11,11,11,11,11,12,0.201985423246976,0.365804364582459,28.8652112379441,28.6506512653535,28.6341666084752,28.7130517134085,29.0497756757981,29.0305923184969
"Q13868",8,8,9,7,7,9,0.825171691780014,0.886124616081932,27.3596808882644,27.5148058758123,27.8148152002245,27.4532961088741,27.6628920379662,27.6855089006254
"Q13885,Q9BVA1",6,5,6,7,6,6,0.0478779887008153,0.145157095394849,27.5357722223509,27.2433354728756,27.6575161485643,28.3360611182776,27.6285676482086,28.2527094911034
"Q6P1K8,Q13888",3,2,2,4,3,3,0.0287405725716103,0.102386785961997,25.3017000279184,24.0226028053653,24.268636939015,25.9778829427053,25.4518523551273,25.439838537641
"Q13889",0,1,2,1,1,2,0.748842470308026,0.834047038043184,NA,NA,23.4141556702061,23.2797334948598,22.7270912886758,23.7489493941116
"Q13895",14,14,14,13,13,13,0.679924469795569,0.783516695548413,28.4455178887821,28.5295736472714,28.3503582520585,28.5730533143281,28.0962592287952,28.4458891387231
"Q13907,Q9BXS1,P50875,P37024",8,7,8,8,7,9,0.208823002092765,0.372445262560225,27.7207769495991,27.3822741980348,27.6409352776319,27.8261620038799,27.6356292316592,27.9100510691051
"Q13951",3,3,3,3,3,3,0.955521213421587,0.969338752559236,25.4365974277392,25.5250040269905,26.3502864279457,25.4676166913585,25.8668898544061,26.0296336612876
"Q13952",2,3,2,3,2,2,0.418185914052166,0.571343535806732,23.8023339353397,24.7217740168832,24.7216308378726,24.4886904861017,24.7318070259965,24.7738573198551
"Q14008",31,30,31,33,32,30,0.0675914097697006,0.183847178646612,29.0115734149273,29.0508138763422,29.0869431376749,29.3000162464249,29.2458168713579,29.2894010519824
"Q14011",3,3,3,3,4,3,0.0363926642129859,0.120223346532695,28.0579373893986,27.9321527024524,28.0287353697648,28.2218883324946,28.3350541591439,28.359881797099
"Q14019",5,5,6,4,5,6,0.945694854409971,0.962463169378353,27.8384363118764,28.1495081702663,28.5690625038739,27.836455603013,28.4343577802868,28.2324946270031
"Q14061",3,3,3,3,3,3,0.728278326299054,0.820969529249584,26.3195334152121,26.3184656275051,26.5736840616143,26.0295851527283,26.8353422527174,26.6045961453425
"Q14103",11,11,10,11,11,11,0.245629937557718,0.409870107236219,31.9084668989579,32.0588008374728,32.1552845625687,32.0986644997479,32.2327518766837,32.272383937838
"Q14137",13,11,11,13,14,13,0.146588105742564,0.300250008964189,28.5910951003908,28.2403068721874,28.3349784090147,28.5976772319229,28.8185196170424,28.5186278706724
"Q14139",1,3,3,3,5,5,0.190766356312071,0.352823458708265,22.486841263357,24.3798313607999,24.0754879477846,23.6227659102639,25.0685431322139,25.1752677722936
"Q14141",0,1,3,1,2,2,0.562884264868734,0.691424136770778,NA,24.2851731611223,25.5142006645286,22.6160038609985,25.2201821202028,25.0757116709854
"Q14145",7,7,4,7,6,7,0.53345618119666,0.668394318839301,26.3380653378161,26.2402517478282,25.438764614557,26.0447020997207,26.0624870510795,26.4764637294452
"Q14146",3,5,3,4,5,6,0.539510271745296,0.673521102962306,24.8175379327576,24.8694433799674,24.0085425700712,23.5895746276013,25.1583540301075,24.0315305925301
"Q14149",7,7,5,6,7,5,0.875285449258147,0.917926263866977,26.0457415143311,26.0049311019057,25.7276152016029,25.8341477095575,26.1410320750138,25.7207654600013
"Q14151",9,9,7,9,10,6,0.825248504068384,0.886124616081932,27.7679577791431,27.5862488765834,27.2783484209677,27.3669975262564,27.9439783391182,27.4711155101314
"Q14152",28,30,29,33,33,35,0.171065371228628,0.330632851665974,30.2674306327592,30.069283908652,29.840174945973,30.3405570552154,30.1532707944348,31.5964097699514
"Q14155",1,1,2,2,0,4,0.0820167866617446,0.210287997483739,20.6032603759922,20.3969099876798,22.3910592892588,22.0999945160947,NA,24.3436150131002
"Q14157",18,20,21,20,18,21,0.0447538424440541,0.139159004685374,29.0467999112401,29.0151983854136,28.9216579002231,30.621969990364,29.1232659572053,30.8992566295963
"Q14160,Q9BTT6",9,8,9,8,8,9,0.0656959080139711,0.18065453381358,26.0256629379526,26.0146874435251,26.301579907097,26.4061478352768,26.3193215426116,26.6406440967693
"Q14166",15,18,17,19,17,18,0.0480095622504966,0.145468685619231,28.9789461452039,29.0891391361709,28.8644932421693,29.3718375588902,29.3493590091203,29.1613889704415
"Q14181",2,2,2,1,2,2,0.436731227628597,0.586995590939873,24.0217345148998,24.7076267226774,24.5873752495608,23.3485530976213,24.5425034450134,24.4650311045978
"Q14191",2,2,1,1,2,2,0.56137455977154,0.690769805787418,23.8624195314384,23.8295076359167,22.7194614781942,22.9781548381237,24.0208231391355,24.2838621697461
"Q14192",2,4,1,4,3,3,0.00176943893027753,0.012261150295145,23.41751048745,23.5331263876175,23.0056268555766,24.2518467473582,24.2189143164157,24.4703436143427
"Q14197",1,2,0,1,2,1,0.19362861317181,0.355674729430653,21.2453474533701,23.7723611909012,NA,23.5269940597982,24.6509954849564,23.3359600868941
"Q14202",3,3,2,2,2,3,0.103609661286607,0.24357522128361,23.917702748729,24.2449219655597,23.9218077376373,22.1244507290236,22.6424379481069,24.1881864002438
"Q14203",19,19,20,18,22,22,0.00373269284908207,0.0212961740424357,27.9681459254481,27.9212403806355,27.6980404175224,28.7948330631885,28.5719511943786,28.4058513499515
"Q14204",91,94,92,96,96,93,0.313695047736134,0.479516495171855,30.9913311505075,31.0197933253306,30.938405811854,31.0897158051618,31.1801954593783,31.0341693011514
"Q14232",10,8,11,10,10,10,0.244852917546375,0.409520558452564,27.8376431864904,27.3082548355343,27.7740066371926,27.8692558705642,27.777868355032,27.9630381700694
"Q14240",5,5,4,5,5,4,0.245891306823891,0.410170736713169,27.3470105788957,27.2584227195217,27.4314231906711,27.2924297970309,27.6701079335073,27.653275653743
"Q14247",13,13,12,14,12,12,0.0247918054723322,0.091286034495001,28.6084804662225,28.4980423461336,28.518214884609,28.7969429582258,29.0742173550802,28.8799059281639
"Q14249",8,7,8,8,7,6,0.917072149291017,0.942447899505377,26.4752884271126,26.3662996661207,25.9302315546406,26.7446349350117,26.2458866285955,25.8705256884519
"Q14254",8,8,10,11,8,8,0.185219862885444,0.345985771980169,27.2740412113349,27.150262739824,27.4829106077759,27.5953381774936,27.4231548038338,27.4983750797585
"Q14257",4,5,5,3,4,4,0.368529457026977,0.530930487006064,25.2098860019456,25.5054003695778,25.6822067351399,25.4437809107026,25.7680079617293,25.6928692223846
"Q14258",9,9,9,12,9,10,0.374940944427537,0.536342880289858,27.371693100563,27.2227579826234,26.9669328052559,27.4702632528867,26.7575378429056,26.5406829940494
"Q14289",1,0,2,2,2,2,0.0736345705871003,0.195751692650234,21.8985023930821,NA,22.8461130107,23.1066168825086,22.9420455137746,23.4636852795954
"Q14315",52,54,55,55,56,53,0.112636731862258,0.255490075297582,31.0376779771838,31.0440179332434,31.2584214689589,31.3134958968148,31.3920600784159,31.3014885065132
"Q14318",5,5,5,4,4,6,0.640861826971161,0.752789090239846,26.3039987166287,26.0935571656274,26.343692127698,26.279396334398,26.1337662894178,26.5627135048387
"Q14320,Q9Y247",2,2,1,2,2,2,0.509745941658792,0.648382460669493,26.1736607929144,25.77875144379,25.0805191776977,26.3857390175558,25.9821781193573,25.4401955961854
"Q14331",4,4,4,4,3,3,0.739457859397162,0.828364899585275,26.0230606818466,25.7234425764213,25.204478962012,25.9976535269163,25.307791471403,25.3382608325519
"Q14353",1,2,2,1,2,1,0.355024840423807,0.519024737765745,23.1207151631829,23.9746351632455,24.0442872481423,24.2134918635202,24.5199608763623,23.5146423765752
"Q14376,P04397",9,10,10,10,10,10,0.0857655369358945,0.215523247295126,27.091924313707,27.2850815546515,27.6258240584883,27.5939161848755,27.6880703228395,27.7843248877776
"Q14444",9,10,10,10,9,9,0.453905477150034,0.601174507812505,29.748029070625,29.7047017793028,29.7012258294796,29.7645570048521,29.8499778621122,29.7850571236611
"Q14493",2,2,3,2,3,3,0.890392183119151,0.927343223166468,24.5658076109528,24.9427411591972,25.4822290649636,24.2428229571354,25.5821791542488,25.3494247229435
"Q14498",14,15,14,14,14,15,0.142863037672477,0.295738198067082,29.244226690431,29.4066005438002,29.3086241549647,29.5843230225606,29.4160667816267,29.5439225735998
"Q14554",3,3,5,4,5,5,0.108766920642975,0.250112896990806,24.6010062715555,24.4985691655811,25.2971452834294,25.0457548669733,25.3750009958893,25.4206963847199
"Q14558",3,2,1,4,3,3,0.0756123121712746,0.199643381483067,24.6373124643176,23.5690838983248,22.6272071672729,25.108727011656,24.6450183556393,24.4833955673874
"Q14566",32,34,33,35,31,34,0.196086551381282,0.358333274611742,30.7491542121296,30.8672039155553,30.7920058876157,30.9530206822229,30.9238284069078,30.9891879780661
"Q14651",1,1,1,1,0,0,NA,NA,22.9666183533386,22.6832069385446,NA,NA,NA,NA
"Q14653",0,1,0,1,2,2,0.0395398427181313,0.127451018231832,NA,24.2135619350966,NA,24.8037897380821,24.7703973214024,24.7280460146844
"Q14671",9,10,10,10,9,10,0.954378264934593,0.968373767815313,25.808796337366,25.8508726652552,26.2186964049232,25.8155791418908,25.8255523045571,26.2044977666021
"Q14676",9,8,9,8,9,8,0.257618115276563,0.423991235015288,25.9491298649059,26.4666144807181,26.4411675094175,26.5212847916635,26.7480068933462,26.3395533913946
"Q14677",8,9,8,7,8,7,0.503771822289903,0.644353374116561,27.700853495206,27.7325405316227,27.7771624084912,27.094884716899,27.8852500114083,27.7426546353307
"Q14683",24,23,26,21,25,24,0.632886508943013,0.748468685710878,28.8933123002388,28.6716802483576,28.7601251501999,28.6594794199262,29.0106775448735,28.8692280152019
"Q14684",9,5,9,9,11,9,0.0652381284438745,0.180093058338167,26.6438151641959,25.9794175299077,26.4763439371721,26.6659026680015,26.8440173636311,27.1673097364348
"Q14687",7,8,10,7,10,11,0.0368888132441658,0.121622320950575,26.3577643709652,26.5918760776792,26.6802652493376,26.8027039654057,26.9320222344395,27.1688366356089
"Q14690",19,20,19,19,20,17,0.00176962553259962,0.012261150295145,30.491014495295,30.4779627936946,30.1526871270136,29.6458402785874,29.629760689216,29.495711548498
"Q14691",1,2,1,2,2,2,0.0024145850699831,0.0153990772581876,23.0797497500757,23.4234315227915,23.4418147965177,24.2047503496161,24.2983019225207,23.9696388720321
"Q14692",16,15,19,16,13,16,0.438200053381021,0.587578550678801,27.6181347692328,27.803169768892,28.0973155628034,28.2950059468545,27.71087432044,28.0355237710542
"Q14694",16,19,18,18,17,19,0.159689237859799,0.318432822909531,28.9210636516567,28.9220997196006,28.8207111275288,29.121021423786,29.0013312726405,29.0596408510074
"Q14696",4,5,4,6,6,5,0.769840624951796,0.847495440444823,26.4125126322308,26.7439162008092,26.4276158876938,26.151659289131,27.0061228606141,26.6545583914828
"Q14697",28,28,26,25,26,27,0.4465646501188,0.595301675310124,29.6975424321338,29.628875167822,29.5092041240182,29.7008448385642,29.7445703049901,29.6621353032887
"Q14738",5,7,7,7,8,8,0.208098528060683,0.371809573836049,24.3989205432029,25.0578460739821,25.2040020958291,25.6523203842865,25.7498394257804,24.7571406953397
"Q14739",3,2,3,3,3,3,0.174584167540349,0.334577246127503,25.7118598548631,25.1092509457838,25.4930692785889,25.7054030592414,25.8038768171368,25.6516834733622
"Q14789",2,2,0,2,3,2,0.811242854659346,0.876676863261522,22.5194917477802,22.9730893209839,NA,22.9976788304748,23.2597069412904,22.2551975243697
"Q14807",8,6,7,8,7,8,0.0458863576046464,0.141152248636461,25.843554689615,24.8631978487802,25.3569079226549,26.1513408686323,25.989528989186,25.9359388663257
"Q14839,Q12873",21,26,22,23,24,25,0.0477082674935529,0.144806761462192,27.698889605412,27.8559798472779,27.8169997624805,28.1450947350081,27.9702629175654,28.435927429833
"Q14847",11,10,10,11,11,10,0.400399305202816,0.557059600182236,28.8698090086467,28.7164397369819,28.8166618917445,28.9202061854861,28.9084867199787,28.8650509781219
"Q14919",4,3,4,3,3,3,0.440790767392054,0.589677378204485,25.7446942048522,25.6726201129654,25.9218077376373,25.3559070779672,25.7995550070827,25.7673504223391
"Q14966",11,10,11,11,11,13,0.0588591855533953,0.16844064942221,26.3486445404289,25.9525989529432,26.1296048424341,26.9393027126651,26.3143562744528,27.6131322399746
"Q14974",24,24,27,27,27,27,0.103491598168613,0.24357522128361,31.5306081803447,31.6126478628426,31.5891353729924,31.7565138705105,31.7582151468678,31.8105547137673
"Q14978",15,16,16,16,15,16,0.629060189113226,0.745164872235203,29.94052464968,30.0080471801306,29.9337397957127,29.9053620461906,30.0831045906988,30.0642811446157
"Q14980",47,48,48,46,51,47,0.225192969780738,0.387811009329189,29.7478707772029,29.8794541549301,29.9061553520917,29.8272836638782,30.1659454585185,30.1047287405359
"Q14997",5,6,5,7,6,6,0.787759001726775,0.860076201594278,26.7564638055128,27.0119040074166,26.8327139734643,27.0254708121033,26.8102627832788,26.6377931759728
"Q14C86",17,16,13,15,17,13,0.806407093032749,0.873881619160784,28.1470617107501,28.3346068423428,27.9133441687408,28.1313218853863,28.3435537902168,28.0439666363948
"Q14CX7",8,8,10,8,10,8,0.150106351232045,0.30498277557243,25.790415040985,25.7599566214873,26.4417069355001,26.3814013048726,26.3435337317521,26.3249005933391
"Q14CZ7",2,1,2,2,2,1,0.564511633208025,0.692915737383653,21.0585229291532,NA,22.9248513828926,23.6103753970223,22.8050484817496,21.2600596354566
"Q15003",12,14,11,12,12,11,0.628970650697711,0.745164872235203,27.8397572193491,28.4427570805163,27.6702307647297,27.9038270038803,27.9432505239523,27.7605757987498
"Q15004",4,4,4,4,4,3,0.883314230945035,0.923730886232582,25.4612825641045,25.6744164105359,25.4779752607311,25.5158708984444,25.7757589559205,25.3905902655099
"Q15006",3,2,2,2,4,2,0.700816983449711,0.801409686077539,24.0304601452716,24.7803987520084,24.5714922079542,23.9657495337306,24.8957939069892,24.9336583256967
"Q15007",7,7,6,8,7,8,0.121707957830914,0.268331250547336,26.4792265090182,26.7394658385515,25.9789867437708,26.8447082629519,26.6931166461033,26.839054762222
"Q15008",13,14,12,16,12,15,0.0067847273530845,0.034167156391256,28.9095051146613,29.2516607896694,29.053849950939,29.5942927311074,29.5816988106305,29.6874684347781
"Q15019",10,11,10,11,9,10,0.374563169614977,0.536028119255748,28.5026318927251,28.3664872755732,28.4972529269351,28.8058938095668,28.3864853420405,28.5979774274495
"Q15020",19,19,17,17,19,16,0.472959016905568,0.618890153987052,28.1255622436452,28.0106580172199,28.1511624930653,28.1386837641116,28.2679952083578,28.1373910774365
"Q15021",17,21,24,23,25,26,0.110773064218066,0.252914115263794,27.9685082447437,28.3429549652624,28.4686227962312,28.4005894876396,28.7197877680698,28.689018499328
"Q15022",3,4,3,4,2,3,0.396671619101563,0.55424297319004,24.9316943787484,25.2199334389921,25.0426524660514,25.3065522447301,23.9494450502817,24.9428849319386
"Q15024",4,4,5,5,5,5,0.0717993186298585,0.192289691622171,26.9656071393689,26.8434889030947,27.3103050904479,27.5830798557099,27.7132825026898,27.1792125638195
"Q15029",34,34,34,32,34,33,0.633525522739341,0.748726907276293,30.9297884804939,30.8482761113358,30.8390237063528,30.8504466560033,30.937431358975,30.9914103911475
"Q15031",2,3,1,3,1,2,0.30358002631115,0.469067822850296,24.1569084805126,24.8264055154995,23.6257647188465,24.3778867260918,23.5122725593207,23.320268678309
"Q15036",2,2,1,2,1,1,0.000517559668683983,0.00587061470799107,27.3588519384303,27.4399141282699,27.2798575952681,26.2265488014882,26.5634424805529,26.4361735834302
"Q15042",11,7,11,13,11,10,0.0656810123827697,0.18065453381358,26.6231295904705,25.6287277823175,25.9862893859222,27.1168339644669,26.8039788655626,26.4400170779594
"Q15043",1,1,2,1,1,1,0.853455991295932,0.904301701706682,22.4616395207127,22.7698844306657,22.7975136280603,21.984256422873,22.9237653515561,22.9479073229736
"Q15046",23,24,23,25,25,25,0.064155114350867,0.178145949745041,30.1159455088358,30.2268175426462,30.1404862362046,30.3550728348761,30.4464786796474,30.4049560764895
"Q15047",2,2,2,2,2,1,0.779172274991684,0.853523999345694,29.4080095062424,29.4477273314665,28.846528586274,29.7068160904212,29.0049502340651,29.2186638433342
"Q15050",5,6,6,5,7,7,0.416575092671328,0.569759218273186,27.4868682424786,27.3260246311501,27.1232297623991,27.3367113977655,27.2545104904835,27.930368424632
"Q15054",0,0,0,2,0,1,NA,NA,NA,NA,NA,22.9342402584209,NA,23.4892162635261
"Q15056",6,6,6,6,6,6,0.134491957245853,0.285788336579218,29.5365666187084,29.2906437225692,29.3475184771758,29.8377813252623,29.5604339823695,29.5266010074805
"Q15058",2,3,2,2,3,3,0.485657415946459,0.629634396289929,22.7566540261749,23.905842980537,23.7119144824798,23.4797762374322,23.7387786488489,23.8954560230829
"Q15061",9,11,11,10,10,10,0.379580127005493,0.540073020142182,27.6752599925798,28.1104922111314,27.656877466777,27.8889659701468,28.0707379542368,27.9549918857383
"Q15067",2,2,1,3,2,2,0.211087024262834,0.375158536084297,24.4102739394929,23.994716268161,22.4268968117846,24.7963030402553,24.0306238224667,24.3316683502298
"Q15070",3,4,3,4,4,4,0.157977996558611,0.31576844504058,24.3654152116102,26.0452805282213,25.3144786321907,25.6536378113896,26.1249007392962,26.0910844606805
"Q15075",8,8,10,8,7,10,0.554733319317855,0.68585973689575,25.6450094419811,25.809244820869,26.2807321935386,25.5094963702435,25.7722463571601,26.0272391789922
"Q15084",11,10,11,11,11,11,0.146082815418693,0.29945791423694,29.4269185485165,29.3911322087048,29.2601332198521,29.6947902432069,29.5014944492559,29.493078941604
"Q15102",8,9,9,8,9,8,0.433117971354076,0.584003970450997,28.6743348440692,28.9582162458304,28.8379227739452,28.8181246848144,29.0034593057797,28.9779474175436
"Q15121",3,3,4,4,4,4,0.0695886716010031,0.187462602803556,25.8236657399534,26.0037440190985,26.0658800008015,26.7027358234168,26.4663491336592,26.050461424233
"Q15126",1,3,2,3,2,4,0.122605755020122,0.269957135399581,21.5353874958461,23.7973259707532,23.2264339892758,24.2278005602451,23.6031407344773,23.9892921904791
"Q15149",67,56,56,65,61,65,0.0403967766804096,0.128897106135659,29.3515319382848,29.3277673973306,29.1883411714715,29.7247167403203,29.4892624091404,29.621568932861
"Q15154",16,17,15,17,14,17,0.411660285559178,0.566565695465779,27.3641857227038,27.350671592748,27.4384673494661,27.3853909328571,27.1016062906209,27.3337357425695
"Q15172",2,3,2,2,2,3,0.0321653867526953,0.110222095310627,26.0575968500271,26.1766081501137,26.0632708158054,25.8370638188604,25.7207919193903,25.8213001077966
"Q15181",18,19,17,18,18,19,0.0873434146173352,0.21754301147819,31.6451964307754,31.464964319892,31.4016330568064,31.9605452219839,31.6738320244084,31.7299866811536
"Q15185",8,8,8,8,8,8,0.141617914782103,0.294748616071945,31.0022105295835,31.146265320359,31.0721799081597,31.2854640817933,31.2511462564501,31.2256281738882
"Q15233",16,16,17,17,16,16,0.140274712112697,0.293264723046867,31.0809773134629,30.9400407182068,30.8534119408415,31.1866129917896,31.1273640075272,31.148347685758
"Q15257",7,8,7,7,7,7,0.558479700901067,0.688691642883615,27.1902622329003,27.7084922349553,27.3341070409345,27.3047535767594,27.653780673904,27.6254172791511
"Q15269,P25635",13,11,12,11,10,9,0.204501106902223,0.368116568411663,27.3613373603948,27.7159867715023,27.7185514212116,27.7755562861519,27.7970377248843,27.8296029690601
"Q15274",7,7,7,7,6,7,0.334754570496857,0.498921609790388,26.9708008229686,27.1151374677956,27.3255835066719,27.0682657518441,26.8197097363832,27.0559081321311
"Q15276",1,1,1,2,2,2,0.00197163811270747,0.0133316520847194,22.0172023969835,NA,22.2329060058731,23.1012950480157,23.5278909044055,23.2769491319954
"Q15286",3,3,3,2,2,3,0.161874063116856,0.320897645412181,25.8840913236885,25.8529135879685,25.7183844780427,25.2450842016554,25.4576833847393,25.8579304933581
"Q15287",6,5,6,4,4,6,0.976342544788115,0.984798219037654,28.0628096411733,28.0822142568044,28.0961596085579,28.1450947350081,28.0769043604638,28.0287634002072
"Q15291",4,5,6,4,6,6,0.397050537135319,0.554618988681,26.0101193215484,25.9245472563502,27.193054521666,25.7719509503894,26.4221484291322,25.8405432858767
"Q15365,P57723",16,16,15,15,15,16,0.37707255001905,0.53756903700731,31.4775537132282,31.3940462888423,31.4611677627188,31.7321498906026,31.4490445082057,31.5089182488867
"Q15366",8,8,9,8,8,9,0.0485079968072641,0.146110772895409,30.5020063112854,30.5206533305042,30.4762616643517,30.8119322733403,30.7111852796051,30.7455316063331
"Q15369",5,5,5,5,5,5,0.409621573073693,0.56483717324467,28.0197546303756,28.8834935522061,28.9852028189258,28.7018741212889,28.9099774575543,29.046680423103
"Q15370",3,4,5,4,4,5,0.165876503328752,0.324916061425162,27.1376413935666,28.1179260312716,27.9920552842853,27.9871140540524,28.3410443183005,28.3186027204999
"Q15382",3,3,2,3,3,2,0.974511979328901,0.984058378166789,25.2683432247494,25.8777289180232,25.2956540948061,25.666682679573,25.3792339600066,25.4166800462054
"Q15386",2,1,2,1,2,2,0.153525282328228,0.309563353708534,23.2827035682635,22.5799177542707,23.8101019375903,23.5080759752869,23.7170188718371,24.2714081294461
"Q15393",31,33,32,37,34,35,0.0447700222953341,0.139159004685374,30.6204806466105,30.7548997317778,30.5603957837223,30.9469726656028,30.9668650687728,30.8839582142551
"Q15397",6,7,6,7,6,8,0.906389397054145,0.936423163125483,26.8548613611055,26.3459221555706,27.0783180050944,26.8482206935735,26.0682518552008,27.231807302054
"Q15398",5,5,4,7,4,5,0.0850398476977865,0.214019068620588,24.6602812887088,24.9306504335393,24.9057497623156,25.8460580479007,24.8277909548797,25.6153341538977
"Q15404",5,5,4,6,7,4,0.372837473951919,0.5350814148432,25.9365175889838,26.255885352686,26.1545968259761,25.9525475631456,26.2955257949573,25.2916659024943
"Q15418",8,9,8,9,9,10,0.131211907134557,0.280707896203579,25.9509401141138,26.3535865708391,26.2425289576547,26.2308606342232,26.6259477262786,26.6525054632945
"Q15424",19,17,19,20,21,20,0.552237298294737,0.683329395807623,28.88082273887,28.8629012283999,28.2357486268076,28.4861316528431,29.1243462886936,28.8548481379991
"Q15427",3,3,4,2,3,2,0.498312374658922,0.639597585996216,26.7223532741115,27.390245302353,27.3626591022207,26.3686420249341,27.5953452699756,26.7050783502241
"Q15428",6,7,7,4,7,7,0.430818990446338,0.582289749111071,28.2162260054753,27.8390237980976,28.2413365644484,28.000497397423,28.2880930910079,28.490818591542
"Q15431",2,1,2,1,1,2,0.428641091986866,0.580243482246892,25.3661854020588,24.6424272372158,25.3681604512145,25.1242467765304,25.1240602255899,25.9608519462473
"Q15435",4,5,6,4,3,4,0.460639407171387,0.606224503809973,25.1923731611674,26.0064506256847,26.2154193772886,26.2511464460015,25.8167362075766,26.0575187486474
"Q15436",1,1,2,1,2,2,0.187106495975866,0.348478949547972,23.2767394039209,23.0985873485766,21.7848825370071,22.6574675772352,20.6233990394288,21.9681540236687
"Q15437",7,8,12,10,9,11,0.494483870805839,0.63642309468418,26.4260658009225,26.985556506739,27.2331023360683,26.6224705685506,26.384761197235,27.0354745398767
"Q15459",21,22,21,22,21,21,0.177700524247027,0.337684480049561,30.0785317709748,30.0875642369463,30.1074014726837,30.2375882496063,30.2035910267903,30.3031252591992
"Q15532",1,2,1,1,2,1,0.418554981879207,0.571679090797334,23.6992243830332,24.0151109397273,23.6529462567291,24.465605711441,23.8666665442841,23.6717899799105
"Q15545",4,3,4,2,2,3,0.0362719771655513,0.120058818258978,24.3261456609821,24.624100047665,24.475922650838,23.9482595831376,23.7989992412176,24.2791462820312
"Q15555",4,4,5,3,4,3,0.10072396596398,0.239077421092135,26.6797809765608,26.7291776045967,26.436574226074,26.1024344056419,26.5098257842357,26.2983284170184
"Q15599",1,1,1,1,2,1,0.938457387664279,0.958380158732769,22.6661782772363,22.9907523040733,23.0834603824646,22.7627967557915,23.0006941580758,23.0157898368448
"Q15631",5,6,5,5,6,6,0.251281837535617,0.416822516056617,28.4956098378702,29.0362603344389,28.4422461599656,28.8909086268543,28.7237231299134,29.2164072926003
"Q15633",1,3,3,2,2,3,0.612454558583751,0.731844801373676,22.8075925777326,24.8431778321823,24.9904062844709,23.4889065177037,24.1789144919933,23.9695564205367
"Q15637",9,10,10,11,9,10,0.048118607225814,0.145537176705142,29.3073157748327,28.9704446692854,29.0543129786263,29.6646282726967,29.3684359592784,29.4343413430738
"Q15642",3,4,3,4,4,4,0.168176013046991,0.327343754104182,25.0461077503021,25.9345297226129,25.1203180650783,25.8438640056133,25.9450363243455,25.6034807415664
"Q15645",7,9,8,6,8,8,0.0491860614973529,0.147441422328267,26.5884887747743,26.7242310882728,26.7615841373873,27.0048471399774,26.9116019618539,26.9875220996677
"Q15648",3,5,6,5,6,5,0.27397108161649,0.440288874719977,24.4566065227002,25.7431606070985,25.3982916963825,25.389735966884,25.8350854718015,25.6636586632414
"Q15650",1,1,2,1,2,2,0.506251949768639,0.645400958677788,21.7704839078718,22.015066754628,24.3474393147822,22.0530394949228,23.8837610765398,24.0760180569788
"Q15653",1,1,1,2,1,1,0.855793077928795,0.905638138826387,22.9023508244397,23.1463010418928,23.3278467872286,23.0907249751378,23.3378258115761,23.0407425822312
"Q15654",14,13,13,12,13,12,0.362674795769113,0.526097183638653,28.757058161825,28.7120172452818,28.4160303839652,28.8240230931235,28.8457178196271,28.643101730015
"Q15691",11,10,11,12,10,12,0.867396250512281,0.912753846111985,29.9863302630904,30.0376883303067,29.916500786264,29.9796711258007,29.917323902104,30.102615589313
"Q15717",11,11,11,12,12,12,0.0390354288384924,0.126308745075737,29.8153742797514,30.0212835352706,29.9308608822288,30.1846694069525,30.1990253134281,30.3127038601324
"Q15738",3,3,3,4,4,3,0.0464414646936546,0.142081064910751,24.5541387846764,24.1294604472691,24.5049130893688,25.3940871783182,24.8650465113483,24.6955137606998
"Q15750",4,4,3,5,3,4,0.749482189048116,0.834207698739981,25.1094656988141,25.2850204804393,24.7592923258793,25.72148760703,24.9139542486753,24.8118343680117
"Q15751",0,1,2,2,1,2,0.576289960158529,0.702084078331098,NA,22.0341170496152,22.7168610642065,23.2312825013142,21.8397517459231,22.9575341682836
"Q15758",8,9,8,8,7,8,0.907431270458362,0.936988769180945,28.7493475074868,28.8021832195487,28.8900150997685,28.6771243689114,28.7612590859064,28.9573065441038
"Q15773",2,2,2,2,1,1,0.493481971163645,0.635375334271621,23.6860073349286,22.67882534264,24.0745143754652,23.3301350901221,23.0901751707368,23.211243019091
"Q15785",6,6,6,7,7,6,0.0638968700555013,0.177526452502936,26.4520361981326,26.6045340735453,26.4857905008382,27.2734309838086,26.7507170051462,26.7587877030354
"Q15813",8,8,11,7,10,10,0.757181359218928,0.838711194169914,27.2393306053216,27.0294181102533,27.3657890566952,27.1111147662482,27.2613216924693,27.4053561609532
"Q15814",3,2,1,1,1,2,0.54639151335414,0.678118960317169,25.2627211279819,22.9865070286993,22.8269981026193,22.3895045617923,22.9630036038631,24.1796581288624
"Q15819",4,4,4,4,4,4,0.545079499666367,0.677293124923695,27.3056438601237,27.3441645573339,27.3605924587698,27.0068599691018,27.4506982139252,27.2687133951605
"Q15833,Q9Y3P9",9,10,13,10,12,15,0.639129228908069,0.752267500132583,26.71459837467,27.0700373089393,30.7670691384281,27.1185802164948,27.3028688229537,28.4271353863728
"Q15836,P63027",2,1,2,2,1,1,0.431324630395449,0.582363193832508,25.2407311831012,24.3939454130199,25.5209295096581,25.3142935736428,24.6559145037688,24.123108814202
"Q15843",1,3,2,2,3,2,0.143750061901302,0.296359821495296,21.7717688438817,27.8893055525404,24.0107982026713,27.364154390126,26.8661081177081,27.1280484467075
"Q15907,P62491",11,10,11,11,10,10,0.0289198110298223,0.102652119122721,28.6658699990401,28.8114355571455,28.8344608888595,29.0646469496768,29.1124179136304,29.0846228958852
"Q15910",4,4,6,5,5,6,0.0595891996172657,0.169838974359889,25.9001848128305,25.2645685929288,25.8396275821329,26.3215489139883,26.0158473705059,26.1504972363134
"Q15942",7,6,6,7,6,7,0.26257235941623,0.429764415881846,27.2900740203355,27.2604431923035,27.6307407598901,27.2922235061832,27.7783136083787,27.8885170999815
"Q16181,Q6ZU15",13,13,12,14,11,14,0.03920572047375,0.126697437052406,28.5992681455886,28.6648903940662,28.3683448873657,29.0053820716759,28.7889218438374,28.9207253623195
"Q16186",4,4,4,3,4,4,0.554002415659953,0.685345628581539,27.5747674406194,27.3879723344608,27.4806812917213,27.5655194193734,27.4648746448273,27.6319441408122
"Q16204",9,9,8,9,9,7,0.229877253770001,0.39332994877787,26.9641543960649,27.1057455058505,26.9346263031935,27.1041981636034,27.2212741610096,27.1321058850993
"Q16222,Q3KQV9",21,22,22,21,21,22,0.211813882320636,0.375509800667527,30.2659574926984,30.578405379986,30.4733791558186,30.6226879787394,30.5470179022388,30.699744905921
"Q16385,Q99909",4,4,4,4,4,4,0.412225125328453,0.566725396851937,26.7217802644561,26.7785996233897,26.8657499671403,26.6804936322911,26.7237385415931,26.6818649361235
"Q16401",15,17,15,18,17,19,0.0244976912273907,0.0907512448498611,29.4809756745554,29.303834493548,29.2892168690271,29.6631932310921,29.7303541897299,29.7091426961566
"Q16512",9,9,9,8,7,9,0.719987204146171,0.815576444974727,26.5486404013068,26.270117694377,26.2613063648478,26.1128679503756,26.3762761114179,26.4210582118059
"Q16531",30,32,31,30,29,32,0.141243428873985,0.294258645334893,29.9997605803821,30.1301533282352,29.9244828564789,30.1789623710308,30.1926367804743,30.2621648379911
"Q16537",0,1,1,1,1,0,0.474608776607,0.619924729930684,NA,21.5619838979442,20.8859796585017,21.8792668167594,21.1864133154653,NA
"Q16539",3,0,5,3,2,5,0.451976512189198,0.599901788427877,24.6717190167915,NA,24.9190985957391,24.870030115631,24.6705717223161,25.7977853335354
"Q16540",3,4,5,3,3,4,0.262346629348995,0.429764415881846,24.7013186181377,25.0927723386687,25.0290405178023,25.2783343885304,24.818122692326,25.6474891780647
"Q16543",8,9,7,8,9,8,0.0906526611579318,0.223032923287245,29.0516813597864,29.0984005534165,29.1668466781234,29.1677050417134,29.4619904305439,29.5553329233595
"Q16576",15,14,13,15,14,13,0.0379254106825997,0.123907664526398,29.2824199337994,29.4939034201516,29.2612223275493,29.7206025427012,29.6310554617318,29.648744885483
"Q16595",1,1,2,2,1,2,0.951434615736088,0.966558551244529,NA,NA,24.5512893323825,25.0890064126712,23.5405449718558,24.8800101158447
"Q16621",3,4,3,2,4,4,0.555030435339232,0.685945370418023,24.684302542595,25.2979712604148,25.2326504249582,24.6249299040493,26.0649222677016,25.2753157474934
"Q16629",8,7,7,8,7,7,0.128664775071802,0.277364175462906,29.4471437295147,29.3995307365612,29.5037576138376,29.5221338278717,29.7564459616978,29.7013128756777
"Q16630",7,7,7,8,8,6,0.145971288842795,0.299350783574892,28.4147389933763,28.525960455656,28.2499861190003,28.8050626703416,28.8370173394783,28.3992475669179
"Q16637",3,3,3,3,3,3,0.0832341707546134,0.212224026492455,25.260592386655,25.5467156934231,25.4832774590515,25.7308033299944,25.754403055214,25.6128287189012
"Q16643",10,11,9,11,10,11,0.00222387225514143,0.0145314084873471,28.2907019826286,28.4851080374061,28.2359041399091,29.0288177024735,28.9173407474576,28.975973528128
"Q16658",23,23,22,22,23,23,0.434592848197646,0.585367593665682,31.7545917317905,31.7802728318474,31.7082132800268,31.7212730958347,31.919882141277,31.8864168884665
"Q16698",12,10,10,11,10,11,0.301707043055615,0.467895462110599,28.6080541894301,28.3362655999342,28.1686196193032,28.5782233584872,28.476171229268,28.5647617211322
"Q16718",4,4,4,4,4,4,0.522122296169855,0.658879156321655,27.3106061710173,26.611856794829,26.8059389767577,27.3384107442772,26.9426547655934,26.9203254985781
"Q16719",0,0,1,1,0,0,NA,NA,NA,NA,NA,23.2181208541491,NA,NA
"Q16740",2,2,3,3,3,2,0.0250245695698106,0.0918598116984834,25.0280519480597,24.7975400554025,25.1546461812245,25.5696955887053,25.4433421765306,25.3028348711132
"Q16762",0,2,1,1,2,2,0.111010577974198,0.253255586573443,NA,24.4575388585297,23.0256263637587,NA,24.9573836651845,24.8361409330906
"Q16763",4,3,4,3,4,4,0.615686263001435,0.734143369787594,26.3675597202954,26.3541834145816,26.3969293386366,26.5552407197814,26.354026250922,26.3881093820025
"Q16773",0,2,1,2,2,1,0.582282412313274,0.707677686379775,NA,23.0719323646004,22.0008908567416,23.2069582080766,23.3616646303133,22.0249280026359
"Q16774",4,3,3,5,4,4,0.0150030718881861,0.0628860967650284,25.1758170534528,25.156719109054,24.4664110382088,25.7258933466775,25.6593994319768,25.6914451525608
"Q16775",1,2,1,1,1,0,0.206376810309975,0.37018111359308,21.8892648811111,23.627283209211,23.1142401384892,21.6778241185854,NA,NA
"Q16795",7,7,9,7,8,7,0.771328091788666,0.847603006195674,26.5487534822728,26.7435828994237,26.8795519383089,26.7512837269446,26.8498189992929,26.6926444626862
"Q16822,P35558",7,6,7,7,6,7,0.224683120697843,0.38732916131222,26.3015466517013,26.1252194026384,26.7557393149126,26.7785195022111,26.5604426116767,26.6359760159869
"Q16836",3,5,4,3,4,5,0.223414850652447,0.386197265792439,25.8688259291059,26.419542105729,26.4979014749527,26.5254328437609,27.0899360566166,26.3030639144732
"Q16851",9,9,7,7,9,8,0.726379429198858,0.820058671632417,28.3435229423258,28.5153591500263,27.8622283748187,28.2180926205832,28.4172108319421,28.3040042470872
"Q16864",2,2,2,2,2,2,0.829109641335526,0.887486673853698,26.2070842742278,25.9329129955143,26.1441283494361,25.9808812175939,26.064216477963,26.3419280411775
"Q16877,P16118",1,4,1,3,3,1,0.590448016425567,0.714507170811101,22.5066425090415,24.7031085275337,22.4994723465159,24.7258933466775,24.4244260095256,22.1445352263056
"Q16881",17,16,16,16,15,17,0.266348687652923,0.432749236694021,29.5885830613782,29.5634078291402,29.6670337669942,29.6893173385072,29.649872602559,29.9721205167372
"Q16890",3,3,2,3,3,3,0.0285426241829365,0.101814120584755,25.8613013344817,25.4014863124242,24.8801490391138,26.2002716993331,26.0159228891213,26.2430212339913
"Q16891",19,18,19,20,16,17,0.232011777533526,0.395108391207633,30.080488536492,30.0210543723695,30.0352952737861,29.9051597164936,30.0443252040643,29.5428492943022
"Q1ED39",4,4,4,4,3,5,0.963114199710703,0.975474197461151,25.3853439161587,25.0693814296788,25.4867056261723,25.2356317255693,24.6838145588354,25.9719044435357
"Q1KMD3",21,21,18,19,22,21,0.346492845442852,0.510839276804392,29.9694890694745,29.8645880830343,29.7874375646769,29.9276128746109,30.1728764054245,29.9181376156829
"Q29RF7",16,19,20,20,21,20,0.068697496665142,0.185755383113293,27.5413847210608,27.6498807690416,27.5850210035702,27.7887772883276,27.7843111175068,28.019086009456
"Q2NL82",16,16,14,15,16,14,0.726165553925703,0.820058671632417,28.3575615134419,28.360957001066,28.0211758500399,28.2794795912208,28.2145998176434,28.0855029143194
"Q2TAL8",0,1,0,3,1,2,0.562805273324333,0.691424136770778,NA,22.9468159054542,NA,23.8118135503297,22.8174180624244,23.1067375886742
"Q2TAY7",13,14,12,13,12,13,0.0939236994981494,0.228410498875856,27.9301450594122,28.2949719248382,27.8412741617245,28.4216303011764,28.3863393079578,28.2284518956696
"Q2VPK5",3,3,6,4,4,5,0.303316839787766,0.468804577040393,25.2142515648524,24.6999052828751,25.8522002118992,25.5427568020149,25.5333176233,25.7128077756573
"Q32MZ4",10,12,9,12,10,12,0.239786424314524,0.404124534271825,26.7490311925077,26.6971769217275,26.3630151210367,26.8145740296047,26.6736385685535,26.9316916339707
"Q32P28",2,1,0,2,1,1,0.597385862621573,0.719798662237969,23.9063504016096,22.4007480857003,NA,24.2093899481153,22.4852688794533,24.0093232126451
"Q32P44",1,0,1,2,0,1,0.765192021354765,0.844251834832442,22.5245732875471,NA,22.2966026691638,22.6623027879097,NA,21.9579498275297
"Q32P51",1,1,0,1,0,0,0.576160912291659,0.702084078331098,20.5842205735133,17.2279883926994,NA,20.0451712881156,NA,NA
"Q3B726",5,4,5,5,4,6,0.481963515807164,0.625970099856514,25.2208360697778,25.0501402129492,25.3590797957992,25.6948292608008,24.9856268969425,25.4319608087352
"Q3E754,P0C0V8",4,4,4,4,4,4,0.000684647910052633,0.0066121540988066,30.1087043518029,30.343303285127,30.2906398668986,29.2600973903591,29.4594012676624,29.4539050552847
"Q3E764",1,2,2,2,2,2,0.0191008574428166,0.0756693576028758,25.6461876331784,26.0807373285505,26.3090787548945,25.4635919244952,25.2700018120835,25.3871065729509
"Q3E795",1,2,1,2,1,1,0.0101220674590617,0.0466483236639786,23.7082775272371,24.833522094273,23.4331603312072,22.2460984764557,22.7291317543585,22.5455254656381
"Q3E7Y3,P0C0W1",5,5,5,5,5,4,0.00156932619296796,0.0113562558749014,30.2953789387145,30.4682459466077,30.0573520406046,29.446221226789,29.5174515512271,29.4334635811593
"Q3E841",3,3,3,3,3,2,0.000417786635203915,0.005159511722286,28.2716942521661,28.1999404778964,28.3507891216607,27.2946970516513,27.5117728257736,27.2550791438415
"Q3LXA3",3,1,3,3,2,4,0.770475155964119,0.847495440444823,24.9650988455962,23.7387748018914,24.6908772001575,25.2345155868799,23.7455953103909,23.9452767309051
"Q3MHD2",5,5,6,5,6,6,0.496254343592824,0.637644540698895,27.1511106359745,27.2246697868334,27.5163276076991,27.0582314642408,27.6076742797531,27.6978175404135
"Q3SXM5",0,0,1,2,2,1,0.439732873272936,0.58930505250772,NA,NA,21.9508377721471,NA,22.1821843218813,22.1157960362424
"Q3V6T2,Q92614",1,1,1,1,1,2,0.464939538104042,0.610610922247404,NA,20.5461704947461,20.866376914836,19.9354919518942,20.9077923236999,25.676369044409
"Q3YEC7",5,6,5,4,6,7,0.157823486492772,0.315742878825933,26.1959051555152,25.9412498812924,26.2077016212519,26.2466394154918,26.3050335617299,26.4345466996151
"Q3ZCM7",2,2,1,1,1,1,0.928592453772755,0.950227002432372,30.8402357497998,30.3514373447876,30.5060644164876,30.9499181110468,30.4020261929362,30.40724078043
"Q3ZCQ8",6,5,6,6,5,8,0.122904025344392,0.270251762929414,27.6810195566419,27.199049400328,27.3576655918526,27.7888504009612,27.5159616575609,28.430359119715
"Q46845",2,1,2,2,2,4,0.0241188608217136,0.0898231068348674,23.7833479604472,22.1142096122533,23.8269650685928,24.4819050571096,24.7865998795983,25.1014120583558
"Q46851",3,2,1,7,5,6,3.87094325457232e-05,0.00208001429562179,24.4883513177412,23.9450235071349,23.5125327939722,27.6876321987131,27.0798573077553,27.5752303641687
"Q46938",6,6,5,7,6,6,1.19108447980712e-05,0.00103727029439754,27.5163264975958,27.9991162099247,27.6030973888152,30.0851535791285,30.0343565413431,29.9520476888825
"Q49A26",4,7,4,6,6,7,0.0353784585867463,0.117810245898319,25.8262268798151,26.2873394848325,25.7128309690064,26.9864766804874,26.5177760105504,26.3240947084779
"Q49AR2",4,3,4,3,3,2,0.891657467668964,0.927845461309423,24.6174880210261,24.1561515723242,24.7639585892512,24.692267468115,24.6283206889131,24.1149315132607
"Q4G0F5",3,3,3,3,3,3,0.934300059236235,0.95452055000045,23.6738535322833,23.2218808916273,24.3819140908917,24.5222877446604,23.3202880877835,23.3183275715343
"Q4G0J3",2,4,2,3,5,3,0.35784402567674,0.522088438386255,24.3225221248842,25.4054808299666,24.1028257073315,24.8619909433225,25.7249555443319,24.6046226920675
"Q4G0N4",2,1,1,1,2,0,0.0720167354087897,0.19256565936993,24.9454043753189,24.0533350750677,24.0793063483798,24.9292820289226,25.5004828125544,NA
"Q4J6C6",1,1,1,2,1,1,0.764503906648942,0.844045733876242,22.9810749729504,23.5434771476368,23.6628815088259,23.1755216892969,23.5707436278687,23.2263658925225
"Q4KMP7",4,1,3,4,4,3,0.0591997527559761,0.169032193991202,24.6825368418513,23.2689601737557,23.8759242198299,24.9997016785921,24.9619900753821,24.5417925461448
"Q4V328",2,2,1,2,1,1,0.731884791896468,0.823329640059924,23.0418536864223,23.6047542968409,22.3433572898512,23.2841052761734,22.4460499747901,22.8482185889881
"Q4VC05,Q9BQE9,Q8WUZ0",1,1,1,2,1,0,0.230968882166088,0.394129670209766,22.9617929901574,22.7735457411649,22.2322576148048,24.3223977126976,22.5855548978804,NA
"Q4VC31",0,2,3,2,3,2,0.463787362246234,0.609573241401438,NA,25.378601234378,25.9557217986808,25.8662101645199,26.1020806273146,25.6378710031331
"Q4VNC1",0,0,0,2,0,1,NA,NA,NA,NA,NA,25.688886443557,NA,21.2591964568857
"Q52LJ0",9,7,7,10,9,10,0.00505921829408921,0.0269842783563301,26.8843473703732,26.7884348675879,26.7967969913575,27.2515284706997,27.3529505344847,27.2677916791164
"Q53EL6",5,5,7,6,6,6,0.474148832475348,0.619644437990422,25.3711999120761,24.9852746110711,25.6812705799317,25.8353941473863,25.1839867437488,25.6002092323701
"Q53F19",5,4,4,5,5,5,0.0566901385332417,0.164092773485045,25.538703206512,25.1461329328444,25.1020751742942,25.7539376838053,25.6835610318967,25.5206762888389
"Q53FT3",2,2,3,1,3,3,0.878166654291919,0.920062180217483,24.6956688634874,24.7981821188057,25.300985447061,23.5883653837244,25.4100934742044,25.5272453616889
"Q53FZ2",4,4,6,5,4,5,0.835752758974071,0.892093657138215,25.3604909567091,25.1413841745558,25.5365175817525,25.6313372432318,24.6858411720444,25.5339240645227
"Q53GS7",1,2,1,2,2,2,0.0158343927492817,0.0654391937436328,23.2599768317108,23.6172275231519,23.1372012869325,23.9474214160605,23.9459614253973,23.7827537203435
"Q53GS9",12,13,13,13,12,11,0.217042152693884,0.38101664275272,28.0348263164127,27.8581880413039,28.0304397819498,28.0158206420696,28.2169557753573,28.2028152823384
"Q53H12",3,4,4,4,4,4,0.0268161528173958,0.096404546534282,26.3875854736599,26.7287286214636,26.709676704707,27.1686605619858,27.1161212787107,26.8987289900464
"Q53H82",4,5,5,5,5,5,0.780112121753263,0.853981589066338,25.8100368318886,26.473464323413,26.1700608203376,26.1980932156544,26.3492591167858,26.0818270620778
"Q53HL2",1,3,2,2,2,2,0.0189697443621322,0.0752680116049724,24.7901964259842,24.8374004772415,24.7432781725196,25.24593658125,25.1503039703143,25.71625166806
"Q53R41",1,1,1,1,1,1,0.663325347436881,0.77075139864359,23.4651220741309,22.4463537705121,24.0192074835401,NA,22.9780906939906,NA
"Q562R1",1,0,0,1,0,0,0.327306061136803,0.492617078308103,22.086887049323,NA,NA,22.518920696296,NA,NA
"Q58FF6",3,3,3,2,3,2,0.0613442269229722,0.17242609359373,29.8544039953135,29.9227868224209,29.4949644671798,28.8083482939533,29.6587466488362,28.4260842423985
"Q58FF8",1,1,1,1,1,1,0.106340315382042,0.246500657638684,30.7259472959272,30.5962821035252,30.5194610526491,31.1915296619143,30.7660936207075,30.8020427883343
"Q58FG1",1,1,1,1,1,1,0.396579861192877,0.55424297319004,26.8355260513169,27.1588703819603,27.8461720949194,27.2139057706401,27.8847676545014,27.6087050687198
"Q5BKZ1",12,13,11,13,13,12,0.0295919076549336,0.104262528101115,27.6983071983633,27.8624408346235,27.6336945610138,27.9437749656438,28.2438569246908,28.2202456627911
"Q5C9Z4",2,1,1,1,2,1,0.949205569140067,0.965258169866414,23.582125925259,22.5774463274721,22.3048569259146,22.1267108164819,23.6626187287134,22.776244490214
"Q5F1R6",6,2,4,6,6,4,0.162897197781312,0.321403807028674,25.2103354078381,23.7265040949457,24.9647763800979,25.4498231166764,25.181565060488,25.2171584215308
"Q5GLZ8",1,1,2,1,1,2,0.770816482558605,0.847495440444823,21.1696537411828,25.3027150339212,23.5930195274092,23.0303620896048,23.8835403628484,24.1143349885299
"Q5H9R7",16,16,17,17,16,17,0.57227167740664,0.699454530263646,27.7374556907457,27.7076950714756,27.8390237063528,27.9406853298095,27.7075272695574,27.8495095271701
"Q5JRX3",12,11,16,13,14,14,0.147083665663554,0.300932290020573,26.7908794878979,26.6409008785034,27.3013421524753,27.1881936933102,27.311200691558,27.2275902765321
"Q5JSH3",8,8,7,8,8,8,0.0747912668186639,0.19809684777193,26.171627188919,26.2626934633627,26.3395010585875,26.3875940522192,26.6213389743969,26.5631233807942
"Q5JSL3",7,4,7,6,3,3,0.326992397582684,0.492291684110325,24.9005392895794,25.7197420834996,24.7627070925996,26.4614102031618,22.6234783410664,22.8064896817526
"Q5JTH9",11,13,12,11,11,12,0.960502373718565,0.973805196638392,27.1387149871873,27.4900506531206,27.3497835590106,27.1916264420816,27.3841957747141,27.4251074939024
"Q5JTJ3",3,3,3,3,3,3,0.704735770776913,0.805140482258938,26.7422665652891,26.7736023313539,26.9258812140538,26.5789592181053,27.0575308834187,27.0064326828785
"Q5JTV8",0,1,0,1,1,1,0.0443596553680314,0.138309024236992,NA,22.5798380968732,NA,23.1408758571671,23.0704931727125,23.1205119698468
"Q5JTZ9",6,4,5,6,6,6,0.0375715046473183,0.123368604346446,25.2545438392539,24.342346120196,24.7142380951399,25.5070097605899,25.6333503122556,25.2728454929904
"Q5JVF3",2,3,3,3,3,3,0.435805471554446,0.586219290764716,23.9573798564914,24.3001184659575,24.9250520069125,24.8092207951104,24.5057624821387,24.5464433688943
"Q5MIZ7",2,2,1,3,1,0,0.652928961236195,0.762834084083506,23.8657429971158,24.370824347891,23.2175156423085,24.7573790504863,23.4030582463202,NA
"Q5QJE6",14,13,14,14,15,13,0.0560062236039987,0.162766073316339,27.3174490061742,27.5544890726059,27.7257117637201,28.0455590614572,27.8844230150882,27.7791594024156
"Q5R3I4",2,1,2,2,2,2,0.017115957899101,0.069328551201571,22.0891990896028,22.8797120043023,21.8957135414862,23.0439916598869,23.6118272669177,23.2630228790434
"Q5RI15",2,1,2,2,2,2,0.38438371060614,0.543563461201905,26.034180309443,24.8640157958714,25.7280575018825,25.8195639750868,25.8253225028616,25.860356070377
"Q5RKV6",5,5,5,5,5,5,0.0172242967269279,0.0695999382141703,26.5899338259976,26.718137092024,26.5620712797965,26.9554165228636,26.9779718203,27.011547383386
"Q5SRE5",14,17,16,17,15,18,0.135563108048786,0.287594118508495,26.9271035585759,27.5133728859026,27.4936156603637,27.7045507002484,27.461366682288,27.9061792148748
"Q5SSJ5",5,5,5,5,5,5,0.319548407122423,0.484405463498007,26.0388113143892,26.05324542826,26.1498013237121,26.1894791622921,26.0829123627155,26.3853924704577
"Q5SW79",7,5,6,8,7,8,0.0219850742453555,0.0838087622741816,25.4893616320108,24.7199679952523,25.0958169256487,25.8259910076676,26.9598980756812,25.9652831111218
"Q5SY16",5,8,6,7,7,5,0.880061664222748,0.921238372954049,26.2543853666418,26.6403042057455,26.6949328036845,26.9659306094647,26.4536933459361,26.2793624871296
"Q5T0F9",2,3,2,1,1,3,0.6578400550847,0.767378780192337,23.3056591549808,24.3664439832495,23.836185176698,23.381630135095,23.3278025650131,24.2706052568895
"Q5T1C6",2,2,0,2,2,0,0.274869735909005,0.440797967619724,23.0595753952382,23.6087613784181,NA,23.6481352039406,23.6685235302548,NA
"Q5T1M5",2,3,3,1,3,1,0.193279983316237,0.355592999588944,23.2982681730964,24.0271377458534,23.7551752282389,21.9487622497462,24.2515204478777,21.7728465363329
"Q5T200",2,2,2,2,3,3,0.449789651224917,0.598652840141516,24.31494373355,24.0979617068501,24.1077286688589,23.6850575828401,24.8690653185644,24.800800759096
"Q5T280",1,1,1,0,1,2,0.111109558472926,0.253255586573443,22.5443075772416,22.4517177658707,22.992241254237,NA,22.8846215374435,24.3351923555904
"Q5T3I0",3,3,2,2,3,2,0.804600371948363,0.872485289547269,23.1033636430488,25.2981528380758,24.9486988838807,24.4911369520939,24.4685764385519,24.8494647222805
"Q5T3J3",2,3,3,2,2,3,0.350569492624092,0.51459648568564,23.9533827936464,24.9490378580837,24.7687387953987,24.0482979232971,23.9560723387286,24.6547122433971
"Q5T440",2,2,2,2,1,1,0.218165393368064,0.38198227916927,23.6577671520733,23.9464143545854,23.7628797773854,24.0962560326969,22.6463978914749,23.0261494627777
"Q5T4S7",59,58,62,59,60,60,0.798650784446767,0.868886282591698,29.8891079536184,29.9157777639016,29.9768296648242,29.8175693508046,29.8996121258159,30.1733405447599
"Q5T653",3,3,2,1,3,2,0.892560051167549,0.928047950618734,25.3525177983326,25.221689455436,25.054092507785,24.870030115631,25.3935260904416,25.4484723925091
"Q5T6F2",6,6,7,6,7,6,0.881184524634746,0.922076452026125,26.5597285161589,26.9521951625372,26.8321997719972,26.6060831629481,26.6409762773237,27.0140479820653
"Q5T6V5",5,5,5,5,2,5,0.939663818024032,0.958683791524659,24.8103872131996,24.5148579577256,25.1145108129817,25.1819050098128,24.1503957010433,25.1879383714272
"Q5T8P6",7,9,9,8,8,9,0.728607091319524,0.820969529249584,25.8327691226303,26.2269129242892,26.2485995046937,26.1753874705405,26.1129946173854,26.1858816334825
"Q5T9A4",3,4,4,3,2,3,0.961999344121017,0.974540450692992,25.8156595980207,26.1590869990848,26.2984264740581,25.6902961668512,26.1742529691018,26.3740996652063
"Q5TC12",3,0,1,2,2,1,0.271556713903693,0.438361445167004,24.4464459263362,NA,23.3432880033517,22.382545093203,23.6596572402407,23.5738750845567
"Q5TDH0",7,8,10,10,9,11,0.0335709585534689,0.113741565513221,27.5070449534579,27.7378491859668,27.9327088453874,28.2096521212464,28.075697336724,28.1210131537727
"Q5TFE4",6,7,7,6,5,6,0.97698586949705,0.984991848017954,26.1889154204416,26.4697076523472,26.2681808181624,26.3709685272286,26.348739565122,26.1953607494676
"Q5U5X0",3,3,2,3,3,3,0.0847406167610219,0.213964325157718,26.5306449859283,26.3388347497807,25.6808365458409,26.635164778819,26.7772744700628,26.6460711691537
"Q5UIP0",11,13,14,12,11,14,0.228502724973111,0.39187586210814,26.1817458311375,26.5408708364806,26.9394088277644,26.7452228272381,26.7023904232209,27.251438431398
"Q5VSL9,Q9ULQ0",1,0,1,2,2,2,0.288167325188469,0.454570006098362,23.3466426823772,NA,23.1128860037541,24.0822929799609,23.6485296717553,23.1154681747134
"Q5VT25",5,4,3,5,2,3,0.742042997978176,0.829951103363101,26.1357929416359,23.8181567115802,24.1860531606952,25.0262896581535,23.9956177223512,24.4314221211787
"Q5VT52",9,9,6,11,9,10,0.0499015478729344,0.148879337451974,25.5607861987689,26.067589537185,25.3467482585463,26.4414759886122,25.9932671401757,26.2745150472212
"Q5VTD9",0,1,1,1,2,2,0.123906662721825,0.271637392972196,NA,21.4876776571726,22.7284731405417,22.3029690455833,24.0978059722143,23.889802992511
"Q5VTL8",3,4,3,3,4,4,0.496074566533764,0.637575734239706,25.2442466404423,25.4281403329035,24.5920479501343,25.0241050350358,25.5104512675189,25.304045117214
"Q5VTR2",4,3,7,6,6,5,0.0451636210059577,0.139951809632572,25.8565066784381,26.0239391681373,26.452988540506,26.4792797853952,26.6641453817721,26.6102924831923
"Q5VV42",1,1,2,2,1,2,0.000675984080979526,0.00656047248569435,22.0027466020166,21.3248784496294,21.7416581751866,23.7579767119725,23.0480399187305,23.5126065883152
"Q5VVQ6",3,3,4,2,3,3,0.405833709747337,0.561299580485706,26.3919681288737,25.8224132603228,26.083218392042,26.3807223575962,26.1167551878661,26.2904782275708
"Q5VW32",7,4,5,6,4,5,0.945310764765268,0.962266157361823,26.5853896037066,26.2427852908915,26.3113237813126,26.5933637392315,26.0814457815106,26.5050035843075
"Q5VWQ0",4,3,3,2,2,1,0.795061811826986,0.866709989038705,23.1503826675446,23.325519948386,23.4143755429552,23.2972403775,23.37755010094,NA
"Q5VWZ2",2,2,3,2,4,3,0.0397381136657104,0.127763979710696,24.7936902969398,24.3267071563536,24.7924050936867,24.8366395092662,25.9437137215385,25.8235599367314
"Q5VYK3",19,20,15,20,17,16,0.677993658836854,0.781865627221887,27.8856269225998,28.1581203022018,27.3816189333255,28.0838431752195,27.9250018067617,27.7216958992921
"Q5VZL5",4,3,2,4,4,3,0.263078007131108,0.430124474589156,24.5242841465991,23.6029915684967,22.0156612650447,23.5317549717564,24.5937946010439,24.5936438737201
"Q63HN8",1,0,2,3,1,1,0.37687633308261,0.53756903700731,23.1107355420157,NA,23.2341770040998,23.74042224287,23.2096650583035,23.2173667579591
"Q9Y4E1,Q641Q2",4,4,4,5,4,5,0.0642047171545007,0.178185728762298,25.035495090251,23.3992592129163,23.4109637439614,24.8208802766614,25.0300755440152,25.3184894302222
"Q659C4",1,1,1,1,1,1,0.86707475662095,0.912753846111985,22.0444772860853,22.4897141638618,22.4146393460293,22.7119324451859,22.2268176981171,22.1232570642192
"Q66K74",3,2,3,2,3,4,0.138234908782432,0.290997651195129,24.2412110683615,23.6118811418523,24.4794996694713,24.2911090256018,24.5555155173358,25.0940184422778
"Q66PJ3",2,2,2,2,2,2,0.331006563769305,0.495675705187892,24.0714260033905,21.8762783256413,23.0979060263803,24.4316949678196,24.2618312386393,22.6547635237227
"Q68CP9",6,4,5,5,5,7,0.296087100751784,0.462827468543297,25.3580225120209,24.8713972036433,25.1504614449961,25.1310450828067,25.2195264987233,25.95858970864
"Q68CQ4",5,6,4,5,3,6,0.859014253834944,0.908095645902115,25.0316165030714,25.4230430525995,25.1102078478681,25.4173142025133,24.8048969767145,25.2270213258821
"Q68E01",4,6,4,4,4,5,0.0996215819714575,0.238026778873147,25.4302631308553,26.5644618041162,26.3558779983335,26.6512430561667,26.7587868449122,26.7756268466818
"Q69YH5",1,3,4,3,4,4,0.92009589784707,0.944911742350268,23.1635568175428,24.6803492706096,24.7446340684574,24.1283203582524,23.4591726433189,24.8262943860733
"Q69YN2",5,6,6,5,6,7,0.0457925499851143,0.141035469496837,25.2576305809732,25.7902432959187,25.6033264368232,25.7646536596169,26.2631467338777,26.2994932502044
"Q69YN4",6,6,6,8,6,7,0.262540259800527,0.429764415881846,25.0973240253421,25.9075894888062,25.3892035601413,25.8853736919909,25.4297642125317,26.1283439182169
"Q69YU5",1,1,1,1,2,1,0.614142100680797,0.73312053386671,22.8530938200831,22.6978331166737,22.7986426622976,20.4101229385372,24.9971486499904,20.9964642223012
"Q6DD88",2,2,2,1,2,2,0.953712787216031,0.968143537349471,23.2087496063269,23.1519381494199,23.4877768923819,21.8520269314228,24.1486518190499,23.7369863601322
"Q6DKI1",2,3,3,2,3,3,0.766386216235103,0.845200169913429,24.4341160175197,25.590987079988,25.1711997345046,24.2175821492896,24.8029142912209,25.7296778712866
"Q6FI81",9,9,10,10,10,11,0.228592972100971,0.39187586210814,27.9808930013183,28.2946686146214,28.1713867558743,28.0896119410304,28.5511709220818,28.5241821128266
"Q6FIF0",2,2,2,2,2,2,0.155461585345003,0.312097165173931,23.8206452276708,23.9173152930909,24.0075956090652,23.7451323978717,23.6071564033556,23.806397358133
"Q6GMV2",3,2,2,2,2,2,0.527016488657891,0.663177009793048,25.3779074208111,23.8246418807449,22.9552874084181,24.5119078368779,24.4540835573055,24.4133497936512
"Q6GMV3",2,2,2,2,1,1,0.890945309649343,0.927624382706641,24.9033719724532,25.2557762860097,25.08987559009,25.1287363269675,25.1899786050608,24.9904304114777
"Q6I9Y2",4,5,5,4,3,4,0.0108360109329808,0.0492200460633866,25.3675414046611,25.5856415591058,25.3489354686821,24.8927942493878,24.6969369410888,25.0629389274607
"Q6IA86",7,8,9,9,8,10,0.200066479496496,0.363502081991656,26.1576712955213,26.6088101766404,26.6494246709136,26.7897420768765,26.4929248377399,27.0879736085778
"Q6IAA8",5,3,5,5,4,4,0.391923717678521,0.550196414117346,26.502648571184,25.7017137023243,25.9595689374468,26.3876326734223,26.0488717681087,26.3996454124606
"Q6IBS0",5,6,7,5,8,7,0.326853019355404,0.492291684110325,27.3524807828988,27.3749045492962,26.9798041031762,27.5145275081257,27.7010446401082,27.1400951145517
"Q6IBW4",0,1,1,1,1,1,0.910103436507204,0.937575455394226,NA,25.3755069810935,21.8360046336292,24.0224643940144,25.1956345807624,22.1055074777206
"Q6IN84",2,1,2,2,0,1,0.207855543515288,0.3715068472384,23.8298208075955,NA,23.6111644459919,23.597343313384,NA,22.5195841611028
"Q6IQ49",2,1,1,1,0,1,0.490699468517542,0.633731274733344,24.5190169080323,24.0552700877074,23.7556959314595,23.8725711421286,NA,23.9565527373899
"Q6JBY9",3,3,4,2,4,4,0.863462347456291,0.910701256421325,25.2299316456466,25.4942171410414,25.3622175168394,25.073436922867,25.725571356972,25.3938505251657
"Q6KC79",4,5,7,7,3,6,0.406979600587507,0.562576344435549,25.6542580015685,26.0779375679762,25.9554951766012,26.0788049183156,24.2616614099115,25.964290388317
"Q6L8Q7",4,3,3,3,4,2,0.604961647507679,0.725637920104793,25.3056438601237,24.690437117431,25.1282818143453,25.3983486380883,25.2692839798151,24.8373613917382
"Q6NUK1",1,1,1,2,1,1,0.986650071290696,0.990178722449693,23.0105181704276,23.0889642322438,23.5027433896826,22.6992672519487,23.3800555960508,23.5370710450214
"Q6NVY1",5,5,9,7,7,8,0.50193483747849,0.642980690870873,25.5095867381847,25.8130830469844,27.3180379750017,26.1394408254434,26.9484694278385,26.6715112251921
"Q6NXE6",6,5,4,5,4,3,0.735661146530749,0.825738766917069,26.5099186669182,26.4457310409472,25.5373758630221,26.5870878590784,26.1696442211002,25.2790797508665
"Q6NXR4",2,2,3,2,3,3,0.219864298061633,0.383545203442861,23.4818684981863,22.8255827542385,24.0194243160408,23.439525082242,24.1149231342654,24.3631415049849
"Q6NYC1",3,5,4,5,2,5,0.674570837764143,0.779871206579695,25.0815552530916,25.7037711685043,26.0106709624527,26.2349664391476,24.8936584058271,26.2726283089597
"Q6NYC8",1,0,1,3,2,1,0.364653237414072,0.527439751773652,23.4433211795203,NA,23.3583371544503,23.7694040591703,24.3640871064638,23.1904521173029
"Q6NZI2",7,7,7,7,7,7,0.152786817403775,0.308814011487181,27.4225616119029,27.6788160454569,27.6976452745957,27.9469235238619,27.7738548790415,27.7450048418442
"Q6NZY4",10,10,10,11,12,13,0.0172718660289813,0.0697363671561826,27.2317036521725,27.0523845353595,27.1078476308903,27.4431121190468,27.5142697642844,27.546014902403
"Q6P1J9",6,7,5,6,7,5,0.303138167410492,0.468804577040393,25.5392886894694,26.0280685698679,25.4812848584529,25.821366432165,26.0071869071576,25.8414446745385
"Q6P1K2",0,1,2,1,1,2,0.841306485316965,0.895450849719723,NA,22.1638377228877,23.3697203209763,21.9936246054072,22.6452787464064,23.3132684370423
"Q6P1L8",3,2,3,3,3,3,0.154018695095879,0.310434329181677,25.1559331851285,23.9555758203018,25.2849319191369,25.4325188300328,25.5587330014046,25.2623162940871
"Q6P1N9",2,3,3,4,4,2,0.207432675419555,0.371138039162106,24.615823621666,25.0298737509231,25.4751060583174,26.0476381374492,26.2256993753507,24.7677061017692
"Q6P1Q9,Q96IZ6",2,2,1,2,1,2,0.525670051329535,0.662299683029554,24.0534130132857,24.3332784617315,23.4517036702645,23.4434539846279,23.2518966796801,24.3765114577117
"Q6P2E9",22,20,19,22,20,22,0.0562040137724457,0.163089322380693,29.2197052263031,29.0346493098712,28.882882593536,29.6418386283403,29.2767141762503,29.3571859976226
"Q6P2H3",2,1,2,2,1,1,0.636045408218278,0.75016553345705,22.260166261207,20.2975293259525,22.8108370518109,23.2280594092708,21.5656349873981,21.7520589414447
"Q6P2Q9",61,61,62,59,60,61,0.71711504465058,0.813965863040467,30.9030276685267,30.9724608491273,30.9107895413303,30.9571742004089,30.9420753201206,31.0031638299713
"Q6P3W6,Q8N660,A0A087WUL8",0,1,0,0,1,0,0.0380968246246215,0.124387240581101,NA,19.3084928110054,NA,NA,21.2818157029446,NA
"Q6P3W7",7,7,5,7,6,5,0.576939047294369,0.702705359991285,25.5453571917229,25.5897514514837,25.392750840714,25.7032324268521,25.4449136176392,25.6061350485004
"Q6P3X3",6,7,5,6,9,10,0.0100870353224028,0.046627641202404,26.005018422152,26.0727639860266,26.0294353194777,26.3501513618185,26.7620021840764,26.8361183222648
"Q6P996,Q6P474",3,4,4,3,4,5,0.0472863895228691,0.143904041964087,25.5839242267117,25.8534697025327,25.595809172905,25.4357348756767,25.270930241616,25.343901284206
"Q6P9B6",1,1,2,2,2,1,0.164105414896788,0.322778991683674,22.0250267481416,21.8534285162118,22.7035183525454,23.9753410648457,23.0274109363194,22.0729052135267
"Q6PCB5",1,1,1,1,1,2,0.0424970014486833,0.133990233656242,21.785871977821,23.2326876465838,22.6235603027433,23.2883149144275,23.6774629810809,23.6598823732629
"Q6PD62",8,8,8,9,8,9,0.446189980675923,0.595098584916095,26.6691801709931,26.3211038729259,26.5118394189826,26.6879772247597,26.4984844326413,26.6571204504777
"Q6PD74",5,4,3,4,4,4,0.278409312063651,0.444211043429779,26.333796840012,25.9093140744863,26.2727961830781,26.4665567058486,26.2147314143817,26.4185839161824
"Q6PI48",6,6,6,6,6,9,0.0877837506228533,0.218508525907461,26.3201581511217,26.2940769762243,26.6041217948351,26.5842766864088,26.6694519775808,26.9923998504552
"Q6PJ69",3,4,2,2,5,3,0.713954037528085,0.812020230478351,24.3541455379226,24.7575156799848,22.9155457883951,23.9664737003434,24.8861316186104,23.8179838551823
"Q6PJG6",5,5,5,7,4,5,0.898717149366129,0.931927801570174,25.1200282255712,25.4209879706715,25.3163623537456,26.0448000639723,24.8702910578402,25.0735651452084
"Q6PJT7",9,9,10,10,9,10,0.677998702679047,0.781865627221887,26.8315480293822,27.0968139918721,26.946743047379,26.7147767068839,27.1669943099212,27.230001514552
"Q6PKG0",18,21,22,22,19,21,0.0954566318296823,0.230804905395752,28.6799506069083,28.6501475258733,28.632897630521,28.8231309435429,29.0105196368536,28.8092451286049
"Q6PL18",4,4,6,5,6,6,0.387663539234928,0.546218988732229,25.6384362360508,25.0998378186668,25.7831979504934,25.6552428033682,25.6118605758941,25.8419176782328
"Q6RFH5",7,8,8,8,9,8,0.247754219434318,0.412325061734016,26.8458178649636,27.2172473911954,27.5276144129183,27.540118444691,27.3979755724722,27.4124250425544
"Q6SPF0",3,3,3,3,2,2,0.993624198778896,0.995200441806902,24.2298107477255,24.5492351964149,23.6235793207311,24.8769246628115,23.7599746504896,23.7756975826304
"Q6UB35",14,12,14,12,13,13,0.0255580209334069,0.0932028602048396,26.695231103911,26.4930279432484,26.5319905436644,26.9090832203157,27.0447570655692,26.8583313285834
"Q6UN15",10,10,10,11,10,9,0.115860290008534,0.260624646684015,27.9656071393689,27.7361190344503,27.8381020527604,28.290004014618,28.0294397786096,27.9901154580343
"Q6UVJ0",1,1,3,3,3,3,0.253550723041261,0.419134209391999,21.8896730678048,22.412738243144,23.8210895135131,22.8836549791622,23.4115637680101,23.9626964672838
"Q6UWP2",2,3,3,2,3,3,0.534526245865273,0.668789029890292,24.6193966331158,24.9482281675203,24.7544806648069,24.4520778190426,25.2164191745564,25.1288054713382
"Q6UX04",1,2,2,2,1,1,0.800083824666183,0.869966669617565,22.9903727995612,24.416646021444,24.6655624974662,24.8660992903237,23.2657487277715,24.4204852770052
"Q6UXN9",8,8,8,9,8,7,0.0838220230995147,0.212970341386141,26.9955446146778,26.7285040774879,26.0593569565049,27.1347774440226,27.1843451661701,27.0705892286415
"Q6UXV4",2,0,1,2,1,2,0.591577804778761,0.715360184806685,23.6867121774021,NA,22.888735826372,24.247767493818,22.7792511593269,23.7340771132483
"Q6VMQ6",1,1,1,0,2,2,0.000930248174120191,0.00799905727838159,22.3912872563306,22.6883697691765,22.2911054066783,NA,23.7175142603014,23.8815884610295
"Q6WKZ4,Q7L804",5,5,5,4,5,5,0.38055737494664,0.540945700965811,27.5511745183182,27.2526566069027,27.4760148177362,27.3426005682508,27.783719879328,27.623715447319
"Q6XQN6",1,0,1,2,1,1,0.0554254825995573,0.161543054016367,21.595074000601,NA,20.4529029180816,24.4661910129515,21.7647041333386,23.8841277240397
"Q6Y7W6",8,6,5,7,7,7,0.401029315818934,0.55709545495089,26.6857135489009,26.7848759843517,26.5054034025946,26.5386061582687,26.4751462498753,26.6206995874668
"Q6YN16",4,5,4,4,3,3,0.768506709938642,0.846983938882846,25.5721155290972,25.8619905297152,25.6634597294138,26.1581261897549,25.6178768690693,25.0473202305899
"Q6YP21",5,6,6,6,6,6,0.0480926692436544,0.145537176705142,25.8587235815232,26.0715252261637,25.960171480445,26.2395742202631,26.2360228186195,26.2556371384494
"Q6ZN17",7,7,7,7,7,7,0.0778431312646556,0.202777543072602,26.6692396102606,26.6818344798937,26.7973239647501,26.822738222882,27.3898400525625,27.054451207672
"Q6ZT12",2,2,3,2,3,3,0.735308745501712,0.82552666671019,23.8964321504093,23.910126096125,24.518783782016,23.5482955171042,24.5004468301867,24.6515292980972
"Q70CQ2",1,1,2,2,2,3,0.00334594166200847,0.0196744485853373,21.3487818574251,22.1904017218033,22.2881569473276,23.6537983909609,23.302022661428,24.3744577989437
"Q70J99",13,13,14,11,12,13,0.0536283540983534,0.157303610075948,27.5710343107295,27.5078883398588,27.8555641781495,28.090679900889,27.8327009339602,28.1597864146714
"Q71RC2",8,9,9,8,8,9,0.547183384977876,0.678738525914355,26.5882058779845,26.7775147270828,26.6874471050741,26.2153426312752,26.8863519362592,26.5750948934853
"Q71UM5",4,4,4,4,4,4,0.247469123684369,0.411986336100774,26.4028221883121,26.4275871522829,25.6513847595816,26.2908612462897,26.6234221695234,26.5352616737426
"Q75N03",1,1,2,1,1,1,0.246512207145415,0.411070702638327,22.642638060323,23.0648352672455,24.3134769038152,22.6833721765519,22.9856783088429,22.6350613785228
"Q76FK4",5,3,4,4,7,6,0.467954474932682,0.613135681682225,24.969884228807,24.376395825661,25.1017680254795,24.5058004305866,25.9764980069876,24.9525952952525
"Q7KZ85",12,14,16,14,15,15,0.915287510312851,0.941188358019179,26.7081473560009,27.1898635944188,27.2184603296985,27.0294366458272,27.1796337715998,26.9670187340261
"Q7KZF4",38,39,40,39,38,42,0.221622908048793,0.38431837130012,31.8220978008326,31.8637896287668,31.7443266432957,31.9150071583277,31.9530862665885,31.9937244095065
"Q7L014",27,30,29,25,26,31,0.39942659998793,0.556706334585827,28.9067033668626,29.5405830871834,29.3893119231973,29.124038158926,29.6254569919337,29.7717901250024
"Q7L0Y3",11,8,8,12,11,10,0.202073848188382,0.365815076088353,27.7424784407085,27.3007982521206,27.3438075710077,27.918870603979,27.7401963662641,27.5173240978167
"Q7L1Q6",6,6,5,6,7,6,0.23265828372313,0.395809023605769,27.2199842162473,27.0384131205962,26.7441968218891,27.0617453580693,27.4532100808247,27.210685024483
"Q7L2E3",18,20,21,21,22,20,0.320540588688261,0.485282932468688,27.9424317967677,28.1153092274292,28.1172485358877,28.1051966701347,28.4654738376773,28.095265941572
"Q7L2H7",10,12,12,11,12,11,0.815732709007792,0.880210620209006,29.2591122438752,28.6304533540522,28.9246516957091,29.1609986209232,29.1465897139042,28.6724613042787
"Q7L2J0",8,8,5,10,8,7,0.516311489193938,0.654262250857647,26.7763288722315,26.7171189186536,25.7514597679749,27.4193180247144,26.3907915639068,26.3102765072075
"Q7L4I2",3,3,3,3,3,3,0.318458136033656,0.483562224465674,25.4451968396427,24.8448361025268,24.0847733369691,25.3914318043789,25.0560627404417,25.0972295115272
"Q7L576,Q96F07",10,10,11,11,10,12,0.366500662680292,0.529007390678148,26.5989015467705,27.3094563305368,26.806253186721,26.7041475915425,26.6519514755281,26.7562806399808
"Q7L5D6",3,5,3,6,5,4,0.127851042753875,0.276919218246064,24.2879465790425,25.0586322643585,25.6627427013941,26.3813237270678,25.4141866629279,25.5291487274297
"Q7L5N1",7,7,6,7,8,6,0.104819060466481,0.245111608526016,26.9940030836446,27.1029765827125,26.3631575039671,27.0166324956733,27.5380405507812,27.3701855461951
"Q7L5Y9",3,1,3,3,1,2,0.530786174706534,0.666915663791717,22.7536299063392,23.4552610041519,24.5886909770035,24.2378614157868,23.3172026666261,24.3092995348394
"Q7L775",1,1,3,1,1,2,0.853876600616817,0.90455761529269,22.8470742360571,NA,24.4036729265536,23.125970194252,23.4707084824687,23.9624479053235
"Q7LBC6",11,8,5,8,9,6,0.689346232081057,0.791518030970997,26.565536198095,25.9376412016594,25.3415547585304,26.0758118485199,26.5026041853503,25.7276804206357
"Q7RTV0",6,4,4,5,4,4,0.89407348379698,0.928791768691837,27.0953567990184,26.9495966650465,26.9675884693014,26.7574089394416,27.0655790720448,27.2571916212167
"Q7Z2T5",6,8,9,7,8,9,0.846531134211838,0.899795614247474,25.7668888744534,26.7561945305877,26.6146848808457,26.1940134736709,26.640274279621,26.4850981009612
"Q7Z2W4",16,18,16,18,16,18,0.202208610659014,0.365815076088353,27.8310167967367,28.1219064725359,28.0568679811985,28.1693908271832,28.0759991873456,28.4087429045761
"Q7Z2W9",3,2,2,2,2,2,0.382099881371223,0.542283366340559,25.2664192384261,23.6695355326755,23.9787451625721,24.0702161372387,23.7681275237433,23.8556792944103
"Q7Z2Z2",1,2,2,0,1,1,0.718545771585571,0.814787682721541,21.0869226472514,21.8797120043023,23.2130989035489,NA,22.4109819558724,22.2119680895847
"Q7Z3B4",11,13,10,12,11,11,0.303289642170278,0.468804577040393,27.8104141620838,27.9722000904044,27.7996929658786,27.8745015381513,28.0157844353066,28.1123572367835
"Q7Z3C6",2,0,1,1,1,1,0.247928550206633,0.412479284286463,23.9588394341031,NA,21.9966679883333,22.4187965427186,21.1043173936488,NA
"Q7Z3K3",5,6,8,4,4,8,0.849131820437054,0.900853775473127,24.8172697489031,25.342052609109,25.6181490229519,24.9308200552124,25.1754028593283,25.8637760962431
"Q7Z3U7",1,4,2,2,4,4,0.288956802853052,0.454962846387397,22.3088674878741,23.5715897089399,23.8818991105073,22.7080035145061,24.8014546939202,24.7620998899188
"Q7Z406",1,1,1,1,1,1,0.00657421594114804,0.0332729105398184,25.2350002314744,25.2409288439791,25.1778848998413,25.7608718629646,25.565146522426,25.7658081307132
"Q7Z417",9,10,9,9,9,7,0.63108306542801,0.746685538411075,26.9039277393427,27.4636495762743,27.2581248140455,27.4441337591223,27.0002819820251,26.8339686762743
"Q7Z422",1,1,1,1,2,1,0.760103005356264,0.840472915948882,24.678231254633,24.903577310296,25.2545218117253,24.5545700627425,25.118115977552,25.4284557388538
"Q7Z434",3,4,4,4,3,4,0.8252201097983,0.886124616081932,24.9917708751792,25.3167339872084,25.1527365476358,25.150430708334,25.0998973860558,25.3057442893913
"Q7Z460",6,6,7,8,9,8,0.0151934880630145,0.0634123464940472,25.7698299235004,25.839938712397,25.9776296479098,26.4253504706274,26.1777673983976,26.2886618341651
"Q7Z478",1,2,2,3,1,2,0.221970382004046,0.384621749400493,22.4579008272034,21.3100206877097,23.125833526752,23.0065783420258,22.5257710602064,23.4595815484013
"Q7Z4G4",0,0,0,0,1,1,NA,NA,NA,NA,NA,NA,NA,21.307330554638
"Q7Z4H3",8,9,8,7,6,8,0.286154762946054,0.452242712027696,27.9969069050773,27.8916137848119,27.6341666084752,27.7417371983945,27.397202734612,27.7860816299367
"Q7Z4H7",2,1,0,3,1,1,0.369053376764692,0.531482696805197,23.8131334096838,22.8788867240406,NA,24.0438936407245,23.2891328532414,23.8516585271318
"Q7Z4Q2",2,2,1,2,2,2,0.149422692003046,0.304205569249248,23.3607706928631,23.0794173637373,23.1553369774723,23.8366960910896,23.2775553608256,23.4140164594384
"Q7Z4S6",1,2,1,0,1,2,0.19462706004428,0.356977099296066,23.3875348962601,24.3043430518192,23.7755158501222,NA,24.0320185008361,24.7133987413761
"Q7Z4V5",3,3,3,3,3,3,0.517999833089306,0.656072506753783,25.0786492517788,25.5274068183804,24.5348500473258,25.0056526086512,25.5474925166661,25.1932792689835
"Q7Z4W1",6,5,6,5,6,6,0.982075274586057,0.987353147279891,26.3163297628861,26.1551327847232,26.34524983349,25.9324888142931,26.5763191025731,26.2944004330152
"Q7Z569,P38748",3,4,2,4,2,3,0.898202417805243,0.93158530027398,24.475968174129,25.0804734321842,24.4273980237488,25.2093462479611,24.1530533582145,24.4885834646863
"Q7Z5K2",5,5,5,4,6,7,0.212806550533875,0.37646248355784,24.9114348390347,24.7827364327758,25.1577357466702,24.790005089089,25.4801179138747,25.7249721414085
"Q7Z5L9",7,9,7,6,7,7,0.798091140045339,0.868848053929451,25.6942675650252,26.4505038915058,25.8820581026874,25.6365467096582,25.8499884523448,26.3198806658344
"Q7Z6E9",3,5,6,5,6,6,0.336546147045856,0.500803324561542,24.4552283271035,25.4766498206273,25.7202531389996,25.2645205773933,25.863732390364,25.6955386861072
"Q7Z6M1",0,0,1,0,1,1,NA,NA,NA,NA,24.0480473170095,NA,NA,NA
"Q7Z6Z7",34,31,37,41,35,36,0.0303640734086958,0.106432293398558,28.5942290106942,28.4911761294274,28.6689931286323,29.0332990372735,28.8360196496674,28.9035652212211
"Q7Z739",8,8,7,8,8,8,0.860537151593268,0.908467120994974,26.8359232508901,27.0634650596376,25.5557313922008,26.4363697578576,26.6866794838541,26.5588823700812
"Q7Z7A3",2,1,1,2,2,2,0.0251335342591821,0.0921927970538334,23.8764916881609,22.6319199697066,21.8755090420008,24.4628222818837,24.1116289862164,24.4213898069357
"Q7Z7C8",3,2,1,3,2,2,0.52217249312128,0.658879156321655,24.7097230846022,22.5239848621396,22.7694265299086,24.3171352035567,23.0755838245507,23.9743308350489
"Q7Z7F7",2,1,2,2,1,1,0.495475690130314,0.636968111694634,23.874740156741,23.1876600716539,23.7038421857791,24.452594794926,23.4025962241419,23.6400225580044
"Q7Z7K0",1,2,2,2,2,2,0.248702606695963,0.413358626660516,22.5676072228193,23.8279154883513,24.6433173475553,24.0310941057819,24.3508166500958,24.7678009348094
"Q7Z7K6",4,3,4,3,4,4,0.0242048990763812,0.0900286783761425,25.4125126322308,25.1131779612851,24.9664268035996,25.4968412257916,25.7439549520096,25.7524759171066
"Q86SF2",0,0,2,0,0,1,0.0961563855011574,0.232076560536587,NA,NA,24.4218860275173,NA,NA,23.3283929266008
"Q86SX6",2,1,1,2,2,2,0.20748820591592,0.371138039162106,26.6546633394356,25.1891947321791,25.5641288555733,26.5517292128119,26.0824557185773,26.4898487849276
"Q86TI2",1,1,0,1,1,2,0.181312317010179,0.341719594484484,23.1773642244926,23.1618169178261,NA,23.3624851154327,23.4163471578724,24.2599922182253
"Q86TP1",2,2,3,2,2,3,0.655332370224441,0.765031320143795,23.9092723676317,24.1830790447673,24.96859948109,24.3646057443963,24.2416521607946,24.928747162815
"Q86U06",1,1,1,1,1,1,0.58899974861315,0.713096292005038,19.4070269984611,21.2044457552458,22.1067494086544,NA,21.2420137579208,21.539094850453
"Q86U38",2,2,4,1,3,4,0.0686324842428757,0.185678991917924,25.2062857061828,25.6028200771988,25.6138713939524,24.8245937794604,25.3618310087371,24.5385169099639
"Q86U42,A6NDY0",7,7,7,7,7,7,0.246954062130226,0.411412878601266,29.4549008120828,29.1938133412859,29.2289870622763,29.4599003181041,29.6015858463661,29.3422385284527
"Q86U44",2,3,3,3,1,2,0.3744184960832,0.536028119255748,24.5766224670009,24.2497492386413,24.6531791711225,25.1167174724776,23.080001786754,23.7708796200552
"Q86U70,O43679",3,4,4,5,3,4,0.676705821384404,0.780925177547664,24.7588676921736,25.4676642126947,25.5060740876135,25.6843031667304,24.9157901509887,25.5286731213616
"Q86U86",1,2,1,2,1,3,0.400921370396332,0.55709545495089,22.6084525683207,24.1528755296252,21.1688232661057,24.1721176261495,21.9270673524967,24.5734411260511
"Q86U90",5,4,4,4,4,4,0.42310224502862,0.575104800764144,26.1161962483221,26.0194308570062,26.2976221384476,25.8873416746186,26.1918292577274,25.9867075354336
"Q86UA1",2,2,1,2,2,0,0.106104453280045,0.246500657638684,23.541271061018,21.9122154448477,22.1445889731631,23.7837969167058,23.4761931851447,NA
"Q86UE4",5,4,4,4,3,3,0.0412356637801752,0.130912217318457,25.0756476959663,25.0814232332768,24.9818269330789,24.62859472445,24.5836404555164,24.8941100026019
"Q86UK7",6,6,9,7,7,8,0.892770736894957,0.928047950618734,25.6995154308748,25.9323086926718,26.5395697312609,26.1483351579994,25.8722945693867,26.2572085085701
"Q86UP2",15,17,14,15,16,14,0.393264344514845,0.55115932412444,27.3250142832944,27.2677244605831,27.314066240033,27.2221590730214,27.1338590776764,27.2606494018844
"Q86UV5",8,10,10,10,8,11,0.0550797632479721,0.160813805876016,26.8561673221261,26.6370779016632,26.8147110908944,27.1238063262016,26.94093230265,27.1670401158065
"Q86UX7",20,19,17,18,16,21,0.728987088288831,0.820969529249584,29.7534357822227,29.8265418974084,30.6336355442197,29.869567001108,29.9064174642249,30.84291385721
"Q86UY5",1,0,1,1,0,0,0.505704134757153,0.645055732941817,23.5958246874834,NA,26.5960272655622,23.863602365532,NA,NA
"Q86V48",1,1,0,2,3,1,0.0520172351634151,0.153469074071501,22.1690821970509,21.3274901787711,NA,23.132714319211,24.0657736233283,22.4340896481011
"Q86V81",5,5,5,5,5,5,0.0939177322918692,0.228410498875856,29.3177808182138,29.327971200528,29.2917809954194,29.5822575128724,29.5256517263876,29.4557641393357
"Q86VD1",2,1,2,2,2,2,0.0121437145942597,0.0535234750572477,30.1044520505292,30.1971033185929,30.1643772353755,29.8455344531492,29.4869033959228,29.300935683105
"Q86VM9",8,9,8,7,8,8,0.716529782390717,0.813484362970445,27.0669889133472,26.8630546603487,27.0860160873683,26.8838411807066,27.1333950766944,27.1554891086303
"Q86VP6",24,22,25,24,22,23,0.128039427552064,0.277208379153654,29.8806141954956,29.6303481953301,29.7568776642121,30.1543460050711,30.0503288092874,29.8229439707187
"Q86VS8",0,0,0,0,0,2,NA,NA,NA,NA,NA,NA,NA,23.9826073735603
"Q86VV8",2,2,2,2,2,1,0.139361125978659,0.292322694069023,28.9570208174221,29.216366942587,29.200225316529,28.4259147213513,28.6960652955489,24.8710333959681
"Q86W42",5,5,4,5,5,5,0.0604198404931415,0.170873804216606,25.9295620846604,26.4701106210313,26.4247538022189,26.6371153554769,26.6747710136005,26.7682987060252
"Q86W56",3,5,7,4,5,5,0.578567206534032,0.704348749145191,24.6897039221092,24.9589868561908,25.1443769056865,24.3743830530975,24.9760840342327,25.0338982545072
"Q86WB0",6,6,8,8,7,6,0.7474851642186,0.833499709025511,25.9715240388117,26.5472505012538,26.5912945274495,26.4546239800458,26.2367789877447,26.6397375965567
"Q86WJ1",2,2,2,2,2,2,0.0182121724938521,0.0727766481538344,26.2565430602467,26.1391559693836,24.6787559386812,23.9111266218856,24.3887129621862,24.2929843955864
"Q86WQ0",2,3,3,3,3,2,0.396446341066075,0.554234837731732,24.1395089324357,24.7321149941981,24.8873742405734,24.9192714082713,25.2471524047009,24.4103763522738
"Q86X55",9,11,11,12,9,11,0.827531341693344,0.886982854312154,28.8213541457321,28.9635208047741,28.8797012366799,28.8586721382964,28.9831634062732,28.8974293622661
"Q86X83",4,3,4,2,3,4,0.775255893850764,0.851079660908544,24.6983508870485,24.6688335709829,25.1561917909944,24.2966317044063,24.8422297251089,25.1452508017754
"Q86XI2",2,2,3,3,3,3,0.00191083875585962,0.0130076099135404,23.6838907390044,23.6437614776711,23.7848995430016,24.6497463258118,24.4106296924008,25.0146874391276
"Q86XP3",18,19,19,19,18,21,0.0256432360082118,0.093384271865521,28.561659004052,28.4257878489814,28.3494601935401,28.7367809737507,28.7817966801577,29.0050254696009
"Q86Y39",2,1,2,2,1,2,0.403620268623403,0.559003558216838,24.1812874292084,23.4467687742739,24.2651058441868,24.9467924710353,23.5692348911765,24.5068796879096
"Q86Y56",7,11,14,11,13,13,0.14056995041657,0.29363888319028,26.7567435331028,26.9295178205279,27.3521526937447,27.2486608166394,27.3533490415077,27.36768493668
"Q86Y82",3,2,0,5,3,1,0.77805344541568,0.852853288366884,25.6892350388904,25.1473092850263,NA,26.2977624801673,25.3153793318649,25.0398397324381
"Q86YP4",13,13,12,14,12,12,0.279514667895476,0.444950705181231,27.1722354740697,27.485938518462,27.5388136017672,27.446452981306,27.5989626302053,27.6905825321787
"Q86YR5,P81274",0,2,1,1,1,1,0.089510692566973,0.221193007904002,NA,27.2155660682238,22.8267668485477,21.7577854872335,22.346787576946,22.3937091950212
"Q8IU81",3,5,5,4,7,5,0.118085443143504,0.263682393155543,24.0557792812312,25.3828022212718,24.8242371527908,25.0718033929406,26.1019857724515,25.4257236738023
"Q8IUE6",1,1,1,1,1,1,0.923876341448487,0.946551602567203,27.2015055429033,27.2454556401427,27.0524158274252,26.9863491719769,27.3786272140623,27.090060896256
"Q9BRT8,Q8IUF1,Q5RIA9,Q5JTY5,Q4V339",1,1,1,2,2,2,0.0026092861436415,0.0163720550453829,22.1852664993473,NA,22.750236571347,24.0003079803623,23.7736166926383,23.677656657866
"Q8IUF8",3,2,2,4,3,3,0.0150149738068945,0.0628860967650284,24.330887782361,23.8801972428429,23.8750458180399,25.0572120461106,24.4319166155257,25.0589532053732
"Q8IUG5",1,1,1,1,1,1,0.940791390387224,0.959599618910717,25.9972975857815,26.1262083908623,25.9971011077404,25.9116370203748,26.2647152724896,25.9766711066986
"Q8IUI8",4,5,4,6,5,4,0.034930809156084,0.117216244427888,26.1818916557571,25.6188518113403,25.2670551031098,26.8490624059899,26.5377250006835,26.1493148111593
"Q8IUR7",1,1,1,1,1,2,0.751513186814542,0.835547679198822,22.4616669752555,22.1598998563646,22.777260714855,22.3260136534658,22.6536900779644,22.618140345015
"Q8IV08",2,2,1,2,2,2,0.223614753651234,0.386410578409984,24.0504953455209,24.0107595826258,23.0416564735776,24.4690409622938,23.958379476743,24.0062719279571
"Q8IV38",4,4,5,4,3,4,0.909972023100828,0.937575455394226,25.247753552384,25.3862510212299,25.5586686077088,25.3322235082288,25.2485670428671,25.5597863401173
"Q8IV48",2,0,2,2,2,2,0.288373763335,0.454753630535462,24.128829271401,NA,24.7884239575929,24.5662873777158,23.9211225996681,23.1979319909589
"Q8IVD9",2,3,2,2,2,3,0.0613265486795268,0.17242609359373,23.8212872815492,24.3456879328181,24.6856492972963,24.9456911570408,24.6296373169222,25.5460010787844
"Q8IVM0",1,2,2,1,2,1,0.398952671219717,0.556540296811316,23.2941113906047,24.1420587093731,24.4479495826898,23.0964639805644,24.4046433973351,23.0666747217915
"Q8IVS2",1,1,2,0,0,3,0.0736266368978345,0.195751692650234,22.3318793976662,22.717879222723,22.0953027486165,NA,NA,23.1760897494996
"Q8IWA0",14,13,13,13,12,13,0.0515808524586638,0.152716814635821,27.4586025706408,27.4946133225737,27.662441906135,28.1494288683613,27.7553532534907,27.8275573181808
"Q8IWB7",2,0,2,2,2,2,0.563933585076514,0.692542800442858,23.7326002781782,NA,23.6874698477819,23.6726857784612,23.0023213573244,23.8911965642599
"Q8IWJ2",4,1,2,2,4,3,0.68454357475673,0.787794394189164,24.9949519130381,23.2895634452772,23.5043967900966,22.9936043056296,24.6944855689014,23.280542728217
"Q8IWS0",6,6,6,8,8,6,0.0440766588383827,0.13797303843341,27.0591853464969,26.7932737851672,26.8411208330512,27.1421217553507,27.2469164967548,27.2704714013466
"Q8IWV8",1,1,2,1,1,2,0.736475943351454,0.826286092818346,22.1850004605681,21.6222447893596,23.0657925207333,21.9526519889747,22.1648527084055,23.2929843955864
"Q8IWX8",14,14,13,15,14,13,0.853306024874594,0.904301701706682,28.4928417951391,28.5441598869033,28.5984785388629,28.5813502835302,28.6229594971587,28.4932581828721
"Q8IWZ3",17,16,16,18,18,15,0.0973084939589808,0.233938697280729,25.6317109403462,26.1287459638779,26.1872438616587,26.231248067808,26.4403817248708,26.3808890502064
"Q8IWZ8",2,2,2,2,4,2,0.259356780468209,0.42615845743166,23.5536880933736,24.0672521996359,23.6410644561494,24.0380986908075,25.0402593744455,23.6405405255686
"Q8IX01",7,7,6,9,6,5,0.866294348675544,0.912164426758427,25.6793531244903,25.617106234255,25.6622336265192,26.1188361558145,25.574132527626,25.1278822173864
"Q8IX07",3,3,2,4,3,4,0.0662284354194166,0.181409884654812,22.9542221202533,23.8021992230286,22.5245801228249,24.252271007041,23.4453024721357,24.4182516754329
"Q8IX12",16,14,15,17,14,16,0.909539864308344,0.937575455394226,28.4422607002624,28.4681618955115,28.5150146547284,28.2879363012813,28.6067971218095,28.4853864669507
"Q8IX90",7,7,6,6,7,5,0.983789779856889,0.988093493349999,28.2056096493362,25.3445748551523,25.4062731253946,25.3656648910988,28.4784108361428,25.1889656418944
"Q8IXH7",7,5,6,7,5,5,0.533775231418701,0.668394318839301,26.1596823451838,25.7598907043676,26.1518961667311,26.642579164047,26.1530533582145,25.7850278413602
"Q8IXI1",9,9,9,10,11,11,0.072564005799297,0.193516786321145,26.9711624762082,27.3315053828018,27.1285163634914,27.3303963077741,27.4618287439263,27.7468702274461
"Q8IXI2",1,1,1,1,0,1,0.234970102247399,0.3981328367835,NA,21.9988034369689,22.2499337600085,22.5125596590716,NA,NA
"Q8IXK0,Q8NDX5",3,1,3,3,3,3,0.0893014933720653,0.220892185613272,24.4251333556943,23.2094487604192,24.5714429145386,24.6412839893116,24.960525994174,24.984975057869
"Q8IXM3",3,3,3,3,3,3,0.220894966553861,0.384306648692559,24.9506467144502,25.2367983420842,25.168953584975,25.3144967329296,25.3204430010523,25.2358920716695
"Q8IXQ4",2,2,3,2,3,1,0.138085208454595,0.290975547728059,23.1043487420627,23.352698126596,23.4107433505847,23.1299281063396,23.1203842338121,22.8522310535706
"Q8IXT5",10,9,10,9,10,9,0.951384687007903,0.966558551244529,27.0189385934029,26.9844285934304,27.0791850093518,27.1129847536012,27.1624532452941,26.779747321671
"Q8IY22",1,2,2,0,1,2,0.827672892970691,0.886982854312154,NA,23.7734935020972,23.983346827783,NA,23.5961536534713,24.3067563060932
"Q8IY33",2,3,1,2,1,2,0.467761632053681,0.613042035159093,23.8050413922033,24.8625022289498,21.928935524365,24.003134024441,23.7757589559205,24.5806387867759
"Q8IY37",3,3,3,3,2,3,0.000386398502990614,0.00494816049592888,29.8060959247088,29.8733737734683,29.8806464344095,28.803037022574,28.9926916862107,29.0650771941681
"Q8IY67",15,14,14,15,14,14,0.0733667589717834,0.195451212851518,28.3250614417496,28.4118715161237,28.242420598987,28.8715359379122,28.6251476198053,28.454494331323
"Q8IY81",16,15,15,17,16,12,0.474931946824423,0.62002617301891,27.872392863624,27.6948227194309,28.0632795793554,28.2926876191165,27.8605119313239,27.8854066073409
"Q8IYB3",4,5,6,4,5,6,0.326914403245738,0.492291684110325,27.4850966669054,27.8324046043835,28.044091882541,27.8788355083456,27.8248915259978,28.3845578458045
"Q8IYB5",2,2,1,2,2,2,0.160954829920942,0.32005083615726,24.6340272502722,24.5911352843172,23.0380937339765,24.958799772458,24.6956803474714,24.8183501608948
"Q8IYB8",9,9,9,8,8,10,0.840747983947579,0.895450849719723,27.013330442353,26.850315548518,26.9167918184488,26.9151243845741,26.8146973893071,27.1344061742452
"Q8IZ07,Q6ZTN6",1,1,1,1,2,1,0.00340657638219703,0.0198690731021677,21.6013178216551,22.0162445610783,21.8030660212161,22.6383266359545,22.5004324369883,22.4439512548203
"Q8IZ69",16,14,15,14,11,15,0.660849942613641,0.769175950188586,27.9220616680679,27.8565450559201,27.8348202854801,28.1177655619104,27.5188066847544,28.2816804971154
"Q8IZ73",5,5,5,5,5,6,0.114459333439512,0.258095577322757,26.0676880410255,26.3138782154714,26.0192436245535,26.5417506296094,26.4185729749084,26.2470234007557
"Q8IZH2",1,0,2,1,1,1,0.617202856595979,0.735604442818851,22.2573854660497,NA,22.2337534624271,23.0478874253456,22.1002963115491,22.1391497361394
"Q8IZL8",15,17,11,14,15,13,0.214381004961643,0.378166855166047,27.7818369252746,28.0775056748097,27.5124814442884,28.3247595935437,28.0777486766225,27.8356660313164
"Q8IZP0,Q9NYB9",2,2,2,2,3,2,0.139122826011503,0.291957922923957,23.7322589330823,23.9929973948483,24.3855073556158,23.9891517592512,24.7539503597881,25.0297127499065
"Q8IZQ5",2,1,2,3,2,2,0.127079452105032,0.275839412368936,24.6997482268801,23.8499646609082,25.0477284463107,25.2892082957871,24.936630423915,25.1216625776148
"Q8N0X7",3,3,3,4,4,4,0.152851414219727,0.308820997289537,24.9809887787226,24.8686285051732,24.8692429341452,25.0480047223936,25.0099447056606,25.2931491225297
"Q8N108",3,4,3,2,3,3,0.676719362923406,0.780925177547664,24.0533219254276,24.4161999535605,23.7595952267153,22.7884613991668,24.509915155595,24.2832652336472
"Q8N122",4,3,1,3,4,4,0.342216306182564,0.506307721888732,24.2968223555842,23.9958361701819,22.5681957007106,23.4402998036127,24.2717315865791,24.9988577711099
"Q8N163",19,19,21,18,18,19,0.307173907446333,0.472657063307202,28.9812820574756,28.9305186665283,29.196334739171,29.0754462686459,29.1781161213672,29.2981683840628
"Q8N183",5,6,6,6,4,5,0.473838938314909,0.619399709479452,26.2406711862185,26.297441528332,26.5903217873935,26.1146190065936,26.263019480298,26.4024119933002
"Q8N1F7",26,25,27,28,26,27,0.306166254467861,0.472085550238662,29.8017986112412,29.7558640541137,29.7711658940844,29.9370283897133,29.9156552377198,29.825224010768
"Q8N1G2",8,8,6,9,11,8,0.167646656546336,0.326817160253007,27.0264983815629,27.1152233501685,25.342017160791,27.1659609914974,27.6258487680829,27.1266626167771
"Q8N1G4",15,17,17,18,18,19,0.0325788731114927,0.111336866093471,29.1931587964106,29.2705033282947,29.2195420240631,29.538619201997,29.4603265022043,29.5600806929369
"Q8N201",2,2,3,3,3,3,0.0383277942333808,0.124818625836755,23.6223469307511,23.3291971175929,23.5461313897769,24.4067577576199,23.9113042729709,23.7942515937543
"Q8N2F6",2,3,3,4,3,3,0.217497411413194,0.381451189252793,23.4604584808524,24.2459263655939,24.2730083775479,25.0064576278761,23.9632960364026,24.4754624473718
"Q8N392",2,2,2,2,2,3,0.0653207910589712,0.180095696309423,23.2598978954126,23.7800954417916,23.5850332116424,23.8205370094097,23.9762910354586,24.6257050829524
"Q8N3C0",2,3,3,0,1,3,0.463258580037558,0.609195284501355,22.4203949735561,24.4247626270295,24.3780864154985,NA,22.0473701530073,23.9884786253299
"Q8N3D4",2,2,2,1,2,2,0.0961663514557664,0.232076560536587,23.473042986907,24.2719215741268,23.8109372656438,22.4814853345311,23.4812633529577,23.474068202237
"Q8N3K9",1,2,2,1,1,2,0.221088200342644,0.384306648692559,23.6051754636886,23.9238413792877,24.2762177993071,23.2004124174635,23.4084069183558,24.0290799195242
"Q8N3U4,Q8WVM7,Q9UJ98",7,6,7,5,5,7,0.741929585944349,0.829951103363101,25.8522458871461,25.9836385291069,26.3246040852278,25.7950514713398,26.1421856773789,26.4537134887364
"Q8N3X1",6,4,4,4,4,5,0.400077717810344,0.557059600182236,28.081521755666,24.4085956213451,24.6537845726237,24.51318286572,24.9466482595169,24.931247171001
"Q8N442,P46943",1,0,2,1,0,2,0.728246409361319,0.820969529249584,24.5873568546248,NA,NA,24.3107132795437,NA,24.6474634085206
"Q8N4C8",4,2,3,3,2,3,NA,NA,23.6429528556872,23.907510147918,NA,NA,NA,NA
"Q8N4Q1",3,4,4,3,4,4,0.40191263610452,0.558169019786619,27.0900385100711,27.1753566110991,27.0012787990021,27.001317917429,27.3994235285412,27.2612389273172
"Q8N543",2,1,5,5,4,4,0.219906337194719,0.383545203442861,25.1643498640815,24.2674153668399,26.1882567926492,25.8890887416744,25.7385651083234,25.980379020083
"Q8N5F7,Q5M9Q1",2,3,1,3,2,3,0.395971463337834,0.553724214097286,NA,23.6610893657245,22.760840778653,24.3439745731141,23.1682451309235,NA
"Q8N5I9",1,1,1,2,1,2,0.020959902196795,0.0808417469398788,21.4773674443579,22.0219726379318,22.1360285374259,23.8872870446683,22.4961945974387,24.6728538209566
"Q8N5M4",2,2,2,2,3,2,0.905802783609404,0.936200094129547,24.6620744219399,24.3378782944865,24.7938001252612,24.8377707243168,24.4609784361143,24.425543355705
"Q8N5N7",3,3,3,3,4,2,0.409959801192786,0.564995076623401,24.629390905502,24.913251082835,24.9209568410978,24.6058009861949,26.6289791531148,24.7348534862205
"Q8N684",8,8,6,9,7,7,0.124632022786965,0.272872278758976,27.6083254710525,27.5521436903141,27.3132558406525,27.644325807585,27.7638470149471,27.7628375431609
"Q8N6H7,Q9NP61",8,8,7,7,7,8,0.48896011498145,0.631969688017222,27.3529434075751,27.4242636068524,27.0169287725358,26.7683662450193,27.2251986776711,27.3425966999886
"Q8N6M0",3,3,2,3,4,4,0.411202791814829,0.566090297480704,25.3478834931382,21.7987640094074,24.9151418592596,25.409042672638,24.0314209466204,25.3268489738546
"Q8N6R0",7,6,8,9,7,9,0.0101725821086867,0.0467957306293048,25.8308042488951,26.0440179332434,26.2155613259325,27.0001816885041,26.5703323106767,26.576719702713
"Q8N6T3",4,3,3,4,3,3,0.800665503588915,0.869966669617565,25.3192304155437,25.058882326022,24.7812386347932,25.4419967768646,24.8889931270485,25.0003920807212
"Q8N6T7",1,1,1,2,0,1,0.336612014826061,0.500803324561542,21.5655393914843,23.1555504076342,23.1784352070381,23.5033787251851,NA,23.0152307548712
"Q8N7H5",12,9,9,11,9,9,0.0680776469170325,0.184672499773325,26.941939871082,26.6060015942695,26.3069042498918,27.336011084636,27.268100888689,26.8063050286049
"Q8N8A6,P53734",4,4,6,3,4,6,0.594103279443361,0.717212156899718,25.6062624502196,25.2668588311664,26.158178918009,25.1446377520961,25.1267667961978,26.1355273851169
"Q8N954",2,2,2,2,2,2,0.130792682220689,0.280048256844723,23.6331133616202,23.6091517179879,23.6311664801629,24.1807019284026,23.6472301805479,23.9088476053773
"Q8N983",2,1,1,1,2,2,0.0845898725528861,0.213845568701015,22.8540981327174,22.9071292509049,22.5270426333847,22.6952037760214,25.2047177785124,26.9454863487828
"Q8N9N2",0,2,3,2,1,2,0.29009371209514,0.456468330153443,NA,23.5956235957857,25.0896690925528,24.2296977088089,21.9151964382117,23.7778651360931
"Q8N9N8",2,3,3,3,3,3,0.38506849552164,0.544202845797371,25.7820842938988,26.4525445751044,26.1738320642541,26.3270370615134,26.3030132399696,26.3178742705774
"Q8N9T8",5,5,6,5,5,8,0.655373296824827,0.765031320143795,25.9597144723998,25.6071012560097,25.9647576144317,25.53388528762,25.7989407270912,26.6421967731964
"Q8N9Z2",1,1,1,1,2,2,0.067403947980028,0.183436067482285,24.2626423416978,24.2190706117498,24.2655324696799,24.738909317711,24.3501778654758,24.5911808397236
"Q8NAV1",3,4,4,4,4,4,0.0788333074081022,0.204723411680372,26.2447054145769,26.6144109914965,26.5101688148203,26.9466614063029,26.7665275612092,26.6452971218987
"Q8NB37",3,3,2,3,3,2,0.128528989202812,0.277364175462906,24.8505170732294,24.5293158620405,24.3530705846876,25.5463593846652,25.0434240481376,24.6144116050355
"Q8NB90,P32794",9,10,10,11,11,10,0.226901091072449,0.389822248641817,26.5229362481639,26.6170819752519,26.9100831796244,27.0337618301392,26.9939062643792,26.6955137606998
"Q8NBF2",3,2,2,4,4,2,0.150673859094619,0.305766839006396,24.9694981201359,23.7912326659633,24.3021147117808,25.3749286280634,25.4888498601793,24.345522415045
"Q8NBF6",2,2,1,2,2,2,0.768768270011293,0.84708737605302,23.5419204263982,23.5084377336665,22.774779637075,23.7450118165651,22.9192073413169,22.850656058828
"Q8NBJ5",1,2,2,2,2,2,0.133131839471525,0.283977116669977,22.079928613568,23.7206455183346,24.1041893133318,24.0847724934654,24.2744275837026,24.3623253056668
"Q8NBJ7",2,3,2,2,1,0,0.313216002535573,0.479432533770814,22.9476114188674,24.1555504076342,23.415144833797,23.3562307725801,22.6724892650745,NA
"Q8NBN7",7,6,6,5,6,6,0.530473268141483,0.666688349684655,26.3371490500489,26.3687222799565,26.4001246777964,26.154930398797,26.6882914691038,26.6064532374133
"Q8NBS9",11,11,9,9,11,10,0.636489537990319,0.750270398223828,28.4528305766913,28.6310541140354,28.1248681623712,28.3984828039452,28.5542941092946,28.50090891049
"Q8NBT2",3,4,5,4,4,4,0.202647620914278,0.366215790067269,26.8388327111208,27.150514175333,27.1809089950692,26.9550256368713,26.8759881995251,26.6903949377384
"Q8NBU5",1,2,1,1,1,2,0.54432090418193,0.676516950546981,23.3148525507007,22.8427463694985,22.5408643126832,NA,NA,23.1500898638442
"Q8NBX0",2,2,1,2,1,1,0.275032165255384,0.44087193484765,24.7617693773061,24.8331044423461,23.9502161528231,24.3660177672775,24.0681061946382,24.1374186016429
"Q8NC51",16,17,17,18,17,17,0.403356605704306,0.558944915065144,30.9870904431594,31.1063180960636,31.1264522793369,30.9812875551377,31.2941383200113,31.3231774668478
"Q8NC60",1,0,1,1,0,2,0.42650438713344,0.578173284866077,18.0915854944523,NA,23.7258889336873,21.9775802063891,NA,23.7505817824315
"Q8NCA5",2,2,4,3,3,4,0.038598916761435,0.125340960137483,24.4161652511354,25.2682497680135,24.9914751249706,25.6563011207923,25.3258139000382,25.7812747914176
"Q8NCE2",1,1,2,1,1,2,0.480443267892869,0.624798904770051,21.8978126422232,21.4582540134733,22.8378418350666,22.2751480280077,21.8860544994839,23.0814913883776
"Q8NCF5",2,1,2,2,1,2,0.316782955600933,0.482094217758454,23.1769127892574,20.7245778970045,23.349165508552,23.8326165171299,22.6797781934835,23.2806756526231
"Q8NCW5",2,2,3,2,3,3,0.12093576249136,0.26744594410852,25.5390610298856,25.4381713366948,26.1525718056443,25.8484732588659,26.4998889886971,26.2314291337084
"Q8ND24",4,3,3,4,5,2,0.460239629063424,0.606014172679706,25.2382492298118,24.4426133547745,24.7758153641823,25.2512525741208,25.7905781046696,24.3833359502902
"Q8ND56",6,7,5,6,6,6,0.12336762837259,0.270926039526067,26.33632576483,26.8253349943995,26.6880155652418,27.0659748980112,27.024631311085,26.7355809566322
"Q8NE71",15,13,13,13,15,16,0.170198356723456,0.329376206823822,28.5788864870746,28.4108923271312,28.5133797999894,28.4309362240503,28.9213443578733,29.0583330747817
"Q8NEC7",1,1,1,2,0,0,0.0495708909715581,0.148243084841527,22.1071069564991,22.1924089590772,21.9982823487399,22.6556469798302,NA,NA
"Q8NEF9",2,2,3,2,3,2,0.474470768431099,0.619904772722577,23.7098964541922,23.4153074038199,24.480129988439,22.6586458939478,24.2547664917336,23.5844664958244
"Q8NEJ9",3,3,4,5,4,4,0.00593286398778244,0.0306723602889346,25.0999722257508,25.3247477389787,25.8798903257729,26.2430791250579,26.4958156128558,26.6458131995435
"Q8NEM2",2,1,2,2,3,2,0.721342055975853,0.81674483854159,22.9907153107176,21.9774649126032,22.9316262741328,22.1237460435905,23.5580762489338,22.7311036252759
"Q8NF50,Q96HP0",7,8,10,10,11,12,0.00393166886708674,0.0221886697739164,25.6031857107092,25.8018577769491,25.8592837689207,26.4221865818457,26.2747852671261,26.3112853507632
"Q8NF91",2,4,3,3,4,4,0.757772766439545,0.838895046844487,26.1286995967759,28.0210543723695,27.4398855635468,27.1409766683465,27.7585912894956,27.1844614832106
"Q8NFC6",0,1,0,0,0,1,NA,NA,NA,22.8928687154565,NA,NA,NA,NA
"Q8NFF5",2,3,3,1,3,2,0.513687735094672,0.651591348559314,23.8372464602289,24.2805244323011,24.696267072524,23.0717553199314,24.3805248923545,24.4408499740886
"Q8NFH3",8,7,5,7,8,8,0.0366984662014898,0.121073777128494,27.4745913538784,27.4266185755154,27.0314256273337,27.9317076515337,27.6194018817783,27.782037920259
"Q8NFH4",4,4,6,5,7,8,0.133106849486018,0.283977116669977,26.5554578570028,26.9129151748754,27.3281385649707,27.0332681791367,27.5358478047578,27.5911942371489
"Q8NFH5",4,5,5,4,4,5,0.380137923177468,0.540562119923814,26.4958444578549,26.8030098337396,27.0186471820282,26.725557271339,26.9133597797321,27.284873081314
"Q8NFW8",5,6,5,7,7,5,0.0246341234386508,0.091155280211447,26.1856571548832,26.2098831254093,26.4411675094175,27.0359811717217,27.0505438594956,26.505856661128
"Q8NFZ0",2,1,2,0,0,0,NA,NA,26.6674256099908,24.8850406729993,26.1885942783322,NA,NA,NA
"Q8NG31",3,2,2,3,3,3,0.207502241653888,0.371138039162106,23.4085659341147,22.4671313672984,22.7935127745319,23.4041485326188,23.5095576369351,22.9790731190955
"Q8NHP8",2,2,3,2,2,3,0.579070875651653,0.704792046485903,23.2446455827452,23.84309486861,24.1453044708423,23.8164114190637,23.6766989091903,24.2368172606117
"Q8NI22",1,2,2,2,2,2,0.00891228167219639,0.0424678629493056,24.7945079504336,24.8645472129075,25.2987242623723,25.5798721771576,25.6286170349952,25.7437759806173
"Q8NI27",21,20,22,19,22,23,0.0997710392962158,0.238045613127344,28.1169808903144,27.9439504796597,27.7618001582069,28.2382041393995,28.2248175956031,28.1458529244543
"Q8NI36",18,20,18,19,18,20,0.473483296914725,0.619255342495152,28.0820241354033,28.4396741048517,28.1853044468629,28.4830170932485,28.2024302153766,28.3663155803438
"Q8NI60",0,0,1,1,0,0,0.0209186036020367,0.0808415201177409,NA,NA,26.7440874895378,23.8894706307381,NA,NA
"Q8TA86",2,2,1,2,1,2,0.838937262076676,0.894484533275139,24.0487601843193,24.2775192637435,22.7857325912634,23.2609831133221,23.9016366647101,24.2495721824814
"Q8TAA5",0,2,1,0,1,1,0.0428526822676012,0.134744146245934,NA,23.1574198757385,22.3280101900342,NA,21.7490400614988,21.6409340565816
"Q8TAC1",1,2,2,2,1,3,0.0236142747822019,0.0884545714436472,23.3717698036214,23.8227919480499,23.8084298291036,24.6719248633376,23.9813533097638,24.5636423898934
"Q8TAE6",2,1,1,2,2,1,0.505725737962699,0.645055732941817,24.0145473931133,23.8211081301173,23.8400368457143,24.5651950475172,24.2529735282917,23.4814886543927
"Q8TAE8",1,1,1,1,1,1,0.211953759988739,0.375509800667527,23.1002279609841,22.6772998032333,23.049038908711,NA,22.5537827166268,22.7673551653084
"Q8TAF3",4,2,3,5,3,3,0.387792772439868,0.546218988732229,24.6826546224899,24.0130475251065,24.6912855421799,25.024750836246,24.6900120923221,24.4045939996798
"Q8TAG9",1,4,2,2,3,3,0.278377286168975,0.444211043429779,22.8557077586608,24.2460518664457,23.4076543028996,23.4010755031863,24.2709724287653,24.4391837007052
"Q8TAQ2",11,10,13,13,12,11,0.0518872154437822,0.153205583556819,27.2366256452497,26.8223922192009,26.7852608730028,27.5084134457352,27.3573280691721,27.2330957678366
"Q8TAT6",6,5,6,6,5,7,0.584776903854814,0.709855357214772,26.1790558496502,26.0011624542816,26.6620947567351,26.3313403156448,26.0548871494019,26.977819324864
"Q8TB61",1,0,1,0,2,2,0.00126988324492982,0.00982263441062866,21.8326895176105,NA,21.6477190950656,NA,23.2101755754521,23.3062340635388
"Q8TBC4",2,2,2,3,2,4,0.0659781362736473,0.181151617369946,25.1695697047744,24.5240987132221,24.7476474633631,25.4677263005952,25.0076680038559,25.7935531211961
"Q8TBF4",0,2,0,1,1,0,0.421427628212892,0.574077940591535,NA,22.0587322942251,NA,23.0649705988218,22.1031804882017,NA
"Q8TBN0",4,3,3,4,4,4,0.224285596099145,0.387172435371422,25.6535972068597,25.0978574068459,24.9318259582966,25.3214276162535,25.6724892650745,25.6216181254291
"Q8TBX8",4,4,3,3,3,3,0.830051402467566,0.888004147945003,25.5763055374416,25.7965121592337,25.4316676024848,25.8914875096305,25.7551572320694,25.2940383231583
"Q8TC07",4,6,6,6,5,7,0.0398192942263633,0.127862209241806,25.7125521823374,26.0114057404631,25.5229700970434,26.273702671887,26.0334118322477,26.300968448916
"Q8TCC3",2,1,2,1,1,2,0.620249169333949,0.737487198961578,24.3747033723611,24.2075811103945,24.7201642100073,23.6487798686105,24.1853751348926,24.9198561837696
"Q8TCD5",2,2,0,2,2,2,0.195002466557057,0.357407415349478,24.1556362251837,24.7971546801575,NA,25.1658258802818,24.5658688416528,25.0385433515601
"Q8TCG1",2,2,1,2,2,1,0.562885775173518,0.691424136770778,25.8634849126826,26.146334661352,22.4117128297024,22.5103763133361,26.2176453975347,23.1128276649957
"Q8TCS8",14,17,17,14,14,13,0.666517225769657,0.772795617808695,27.9660305807558,28.4588524123693,28.5532375367122,28.0333298947502,28.3525020824678,28.3183194781232
"Q8TD16",4,3,4,5,2,4,0.561831813366909,0.690910643196439,26.6316804377817,24.3377605330758,24.9362732811047,25.216625887289,23.9802184260603,25.4200327992828
"Q8TDD1",0,1,1,1,1,2,0.318704938674763,0.483562224465674,NA,23.0105527509811,22.9255457318259,22.8541750647713,23.3018079464007,23.6420933134064
"Q8TDH9",2,2,1,2,3,2,0.392654943677537,0.550763710223615,24.8587757029503,24.0805438092685,23.0302245988573,23.5494007130145,25.1153461224061,25.0429776473608
"Q8TDN6",8,9,12,10,10,10,0.176047290843888,0.335679451133439,28.2150559158105,28.5286711973705,28.5499577955586,28.9063901169746,28.5239490397793,28.6286517663588
"Q8TDP1",2,3,2,1,2,2,0.434292637299907,0.585119261403529,24.4397019117921,24.718521548369,24.6752739330179,22.8325711236669,24.8416049482069,24.7390193479445
"Q8TEA8",2,2,2,2,2,2,0.0498071705967495,0.148685590238878,22.6801438137025,23.241149225332,22.8675015226599,24.4438552017523,24.646775081953,23.0641749714803
"Q8TED0",11,13,15,15,14,12,0.230612637168745,0.393962358936146,27.5080422655831,27.8308365710712,27.9603126650653,28.1088910035253,28.118115977552,27.7829179522341
"Q8TEQ6",24,27,25,27,23,25,0.350200150210282,0.514203767067481,28.3870434806509,28.8869684712534,28.5509893749954,28.8905679990393,28.7884061746486,28.6590709676913
"Q8TEX9",15,13,19,14,15,15,0.985237450060155,0.989350767446092,28.2233784963746,27.8794288730991,28.1038485326426,27.9319062923364,28.0379556791885,28.2455770898166
"Q8TF05",8,7,9,7,4,7,0.679838515387644,0.783516695548413,26.0461535232622,26.20396775718,26.3590226831117,26.3743635644609,25.7949561884803,26.1917250212008
"Q8WTS1",2,2,1,2,2,2,0.0505050025912387,0.15014759746224,22.9043923982034,21.7373113869123,21.9973726586701,23.1833740814926,22.9215526451414,22.9237341121918
"Q8WTT2",4,2,4,3,4,4,0.951441123893842,0.966558551244529,25.4505325895298,24.429798603248,25.0378796895597,24.4677263005952,25.2094801713327,25.3075719318094
"Q8WU76",3,3,4,4,3,5,0.255971155332189,0.422381674479871,24.581368074581,24.2516881350061,24.5025365813335,25.253924428712,24.3834155177774,24.6534809684395
"Q8WU79",6,5,4,5,5,5,0.696910281504748,0.798026259777938,27.2157173874405,26.641616560225,26.550239208565,26.7824022636792,26.9698081673517,26.9090840792817
"Q8WU90",7,7,8,8,7,8,0.198093024243785,0.360435110034352,27.6518386198038,27.6464975729823,28.2574355736275,28.2663070667279,28.1976666476027,28.0013501962697
"Q8WUA2",5,7,6,6,6,6,0.267064691694951,0.433047755297335,25.7292972209436,26.2407556635819,26.2946242752563,26.1606370545441,27.2671494869056,26.1618175216391
"Q8WUA4",1,1,2,3,1,3,0.113519913979468,0.256549926402816,22.3563917601433,22.8747532264356,23.7335748444321,24.5979443111185,23.0789033833118,24.2051632082787
"Q8WUB8",3,3,0,3,2,3,0.749962128894014,0.834557989214291,24.5653605507979,24.7002259275808,NA,24.9802154725727,24.3110776069639,24.8595109193276
"Q8WUD4",4,5,4,5,6,5,0.00558018573720264,0.0291775550296176,26.8906063608449,26.6843836164415,26.7670825894403,27.3309989372903,27.2356121607724,27.2538948039971
"Q8WUE5",0,2,2,2,1,3,0.865406377063168,0.911553720579289,NA,23.3825739106144,23.6822752104568,24.793040868055,21.8664431995912,24.4588768780645
"Q8WUH1",2,2,2,2,2,2,0.873382834794934,0.916952130232636,25.2791716487625,25.1681556730127,25.0175078338449,25.0685789543458,25.2412215698226,25.092012622588
"Q8WUH6",3,3,2,3,3,3,0.0472512527325714,0.143904041964087,25.9296365200874,25.3279823162381,25.4428121288291,26.3189995174348,25.9356194811759,26.0228555011406
"Q8WUI4",3,4,3,2,3,4,0.00278449030200328,0.0172075596234053,26.8389648200025,26.9773590860913,26.9186336601757,25.5932967617459,25.6947686322081,26.2844422875877
"Q8WUM0",18,16,18,14,19,14,0.652226269859472,0.762414924568431,28.2014027905055,27.9018558060235,28.0872663872205,28.1499981809613,28.3652533519789,27.9109637425264
"Q8WUM4",33,34,35,34,33,35,0.420202625879387,0.572976188375758,31.220922241225,31.1683688312114,31.1780488000361,31.1600804041763,31.3225281243644,31.3825369052997
"Q8WUW1",2,2,2,2,2,2,0.0364168917432237,0.120223346532695,24.7382208432648,24.705392212819,24.8837661629307,25.4559874641384,25.0545440881591,25.0790783435182
"Q8WUX1",1,1,0,1,1,2,0.174943304566303,0.334635407639899,23.9655345369361,22.1577134291741,NA,23.81606708674,24.1332326410881,23.933489253267
"Q8WUX9",2,2,2,1,2,2,0.31385498575295,0.479516495171855,22.9766820943196,24.7846816107259,23.6739430546073,22.8533698895447,25.8928636306546,25.8854612352226
"Q8WV22",2,2,1,2,1,1,0.738854783176534,0.828182188804505,23.2849861543571,22.5042675771126,23.3868525259145,23.65469730641,21.83906898572,23.1357000844166
"Q8WVC0",2,2,1,2,2,2,0.167308494968867,0.326283864126543,24.8628353835825,25.0983093190824,23.672289219836,25.2058459398336,25.1701645718424,25.0871568471591
"Q8WVD3",4,3,2,3,2,3,0.583307099310729,0.708582048729796,25.4917162841426,24.3906001303242,24.3858998265307,24.4620889069997,23.950499035601,25.1064451573288
"Q8WVJ2",4,4,4,5,4,5,0.00924883343093728,0.0436848048125496,26.8259603064512,27.0918474390384,27.0466650346845,27.6838629084151,27.3561355127571,27.6797245320398
"Q8WVK2",3,4,1,2,3,2,0.883911752563423,0.924164409479993,24.7047442765503,24.8867722857949,23.5652679361817,24.4573864591074,22.987096554675,25.39556995675
"Q8WVM0",2,2,2,2,1,2,0.30289118238631,0.468804577040393,24.0876166313487,23.9260363080497,24.3361104012786,24.8018202673117,23.9104379195199,24.5303230824322
"Q8WVM8",10,10,9,10,10,10,0.202180439257998,0.365815076088353,27.311272872814,27.5485866541138,27.3481300401581,27.7674909357728,27.5198721251678,27.5106104248773
"Q8WVV9",13,15,15,15,15,15,0.139570980428096,0.292641354147908,28.0667069111491,28.294896103262,28.2675496131678,28.6605586083876,28.459794564848,28.2756492414941
"Q8WVY7",6,6,5,6,5,5,0.429197864901916,0.580578043818848,26.0912146533904,26.5604305195068,26.4536572908267,26.5334839112385,26.5431323900386,26.4316166704441
"Q8WW01",3,2,2,2,3,3,0.207268215672737,0.37111370342538,24.9170020954883,24.8469890083424,25.0006931856634,25.0005605309171,25.2397565984758,25.0463824006278
"Q8WW12",4,4,4,4,4,3,0.743095922995731,0.830808522433877,28.1504720869639,28.2636235843045,28.1600403914786,28.0660955599978,28.3117646949575,28.0682329440318
"Q8WW33",7,7,7,7,6,5,0.369123203403807,0.531482696805197,28.5493994892425,28.4008171343645,28.4277520359543,28.2402908535281,28.6046646581325,28.0018542121499
"Q8WW59",0,1,2,0,1,1,0.859293325905495,0.908200583626,NA,23.0466500956767,23.4221593946504,NA,22.6352720563312,23.6687461043017
"Q8WWK9",0,1,1,0,1,0,0.279486926456559,0.444950705181231,NA,22.7800954417916,NA,NA,23.2784285816145,NA
"Q8WWM7",23,21,21,23,21,20,0.312293502191784,0.478578422199848,29.1852831251422,29.2263802960779,29.1599379498967,29.2873412848034,29.4079849711452,29.2379172917444
"Q8WWY3",8,8,10,10,9,11,0.0314700211185504,0.108668775314826,27.3185863298759,27.3326876775132,27.7325061283419,27.9117041646301,27.8022284644086,28.0833613930263
"Q8WX92",6,8,8,6,5,8,0.358160531034299,0.522399319160913,26.3257497797069,26.7133794564532,26.6204141315258,26.2621842968087,25.8614928322685,26.7591454995174
"Q8WXA9",3,3,3,3,3,3,0.695862962485907,0.797337501031789,25.8504384415334,25.728346875908,25.347554458646,25.9146956251555,25.6745956225485,25.5631780221244
"Q8WXD5",1,2,3,2,2,2,0.476303518786831,0.621014216157016,23.0469863374969,23.610809483941,24.2180825289698,24.3058984430803,24.4645980103231,23.1556811773296
"Q8WXE9",3,3,2,3,2,3,0.269733890851214,0.436395221873633,23.8372464602289,23.4372373223166,23.3536439701095,24.135145548902,23.3593333154388,24.1155277914427
"Q8WXF1",8,8,9,8,10,10,0.185134790643681,0.345985771980169,28.2527798502908,27.9263887531966,28.0868353717295,28.2201001696204,28.3737738595336,28.2701785490413
"Q8WXI9",5,6,7,5,7,5,0.829703807265242,0.887888544596766,25.9413001168236,26.2929385276856,26.2261522098423,26.1229018224448,26.2445982586994,25.9933937005427
"Q8WXX5",8,9,9,9,9,8,0.0211833579873452,0.0815526990808541,28.4696938559365,28.2603267034495,28.3677418355442,29.0299006791451,28.9209411357794,28.6066189330159
"Q8WYA6",5,5,5,5,5,5,0.406656264060928,0.562283271221393,25.9602975365493,26.4178719974496,26.0431324311373,26.7525888243177,26.0548136431456,26.2415367602725
"Q8WYP5",4,4,2,4,4,2,0.544126660984245,0.676441979973277,24.0509516202459,24.1716285017348,23.9647013159682,24.2962202933787,24.0039670288329,23.4131679222307
"Q8WYQ5",4,4,1,4,3,5,0.299257374774001,0.465952219477027,23.9198026691039,25.4733839257958,21.6437862574437,24.7767953854636,24.1543346149958,25.5244417247521
"Q8WZ42",2,3,0,2,2,2,0.00328609872020001,0.0193902857894045,27.0683417571199,27.5198101612159,NA,26.1927983492547,26.2949657787605,26.3100323261327
"Q8WZA0",2,4,3,4,3,3,0.504107072177564,0.644455788805082,26.178116302784,26.6380345960224,26.7889751952892,27.2215092103794,26.7223816831605,26.2858501748021
"Q8WZA9",5,5,4,6,4,6,0.593833513664185,0.717057871747023,26.3055865029655,26.3509341820943,26.3766202045658,26.5227625844082,24.9844953713623,26.7247523282156
"Q92499",23,24,21,23,25,24,0.0342682455744318,0.115623853304245,30.0490000348189,29.964140785463,29.9876060402823,30.2663595770571,30.2940734520884,30.2828422544226
"Q92522",4,4,4,4,4,4,0.438211918512581,0.587578550678801,25.4565720838512,25.7160320744506,25.6889019160852,25.4264035602006,25.9144674566187,26.0035967497371
"Q92530",2,2,3,2,2,3,0.460031497558036,0.606014172679706,25.7660832022002,25.8292773022304,26.6177910489107,25.4442265996282,26.0182620076316,26.0388773792457
"Q92538",4,4,2,3,3,2,0.174643069238036,0.334577246127503,26.2930471774933,26.2783171636397,23.7170927981062,24.7100434461333,24.5033225874371,23.2507261485106
"Q92540",0,1,1,2,1,1,0.172070554724655,0.331348978998945,NA,22.3413479387722,22.3698337002872,22.4137382225531,22.9024647478027,22.6715061564259
"Q92541",5,3,5,5,6,5,0.237050824819256,0.400324085501571,25.7576942014201,25.7765376223784,26.3412367709834,25.6772744566867,26.9120078022731,26.7986674177055
"Q92544",0,1,0,2,1,2,NA,NA,NA,NA,NA,23.0296099023923,24.6203955875053,24.2585757281352
"Q92547",1,2,2,1,2,1,0.675078940780125,0.780101516788014,26.8531618424883,27.060613706643,26.9649640233369,26.4295957385793,27.1079967146704,27.057169610976
"Q92552",6,6,6,6,6,7,0.362341976061996,0.526067640439535,26.3654702388515,26.0435486878202,26.6974194300365,26.5312131604087,26.3912961927536,26.8243124271086
"Q92572",3,3,3,3,3,2,0.492996690490247,0.63528066948028,25.0959981000228,25.2340169986385,25.6673624339301,25.7959538744174,25.1003248020066,25.6501152565642
"Q92575",2,3,3,3,2,2,0.770708206028515,0.847495440444823,24.0736731223783,24.2415898870693,23.6102050158569,23.958799772458,24.1720633904461,23.576800895159
"Q92598,Q8TDX9",29,31,30,32,32,30,0.109796189074771,0.251510453975814,30.6447714211859,30.6547634911373,30.6761595486462,30.8903465478244,30.8488831188029,30.8102669947573
"Q92599,Q9P0V9",10,11,10,10,9,10,0.431619995080777,0.582606252045164,27.1201369400161,27.3426982546963,27.086619815686,27.2795836554933,27.2232377538069,27.3624352055519
"Q92600,P53829",2,3,3,3,3,3,0.130307798005327,0.279128366295551,24.4788874422839,25.1842584131392,25.1900397520154,25.2675877734574,25.3507368174842,25.4295950716275
"Q92609",3,3,2,5,3,6,0.00305795748846209,0.0184536956681267,23.5390610298856,23.8575413391149,23.2234255008295,24.8440328966101,24.3532095765706,24.6751308421697
"Q92614",4,4,8,10,5,7,0.100336530178562,0.238494030085608,25.1728015780627,23.8544989786068,24.9730096815354,25.5250642204617,25.1107335609275,25.6093402441222
"Q92615",8,10,4,9,9,9,0.287424175943338,0.453681097715562,25.8487337015647,26.6234963843058,25.1465623561423,26.6418993422921,26.0767957696711,26.2976224971167
"Q92616",62,65,66,66,60,65,0.0770939173230725,0.201866965473737,30.4275336204112,30.4312997661249,30.5104902351271,30.6967398313967,30.6610622909078,30.669767786864
"Q92620",8,7,10,8,8,8,0.660903508972176,0.769175950188586,25.3040369970942,25.5726908882912,25.9672887741398,25.9239925088771,25.3928284060365,25.8544519150893
"Q92621",27,28,25,27,28,27,0.0626257370783626,0.175150940189817,29.028555918001,28.9707294773094,29.0046140890086,29.2224568289294,29.1931377742428,29.3097555376105
"Q92625",2,2,2,1,0,1,0.104520677379753,0.244961999434733,22.2175231865784,22.9809528397261,22.5281808864558,21.7786225891997,NA,NA
"Q92665",4,4,3,4,5,5,0.0262353207780704,0.0951289341349846,25.0023786265359,25.2076777722994,25.3391826180077,25.4673609040831,25.9353267075961,26.3046171774524
"Q92667",3,4,3,4,4,3,0.292511838527757,0.458986423238179,24.5668289428238,25.6952938673192,24.7489120864793,24.3215084825432,24.9709512665579,24.4988464950437
"Q92688",4,4,4,4,4,4,0.921924472870528,0.945702784823119,31.3019827725788,30.8395956875247,30.7881668179814,31.0388274077625,30.8742710046408,30.9632193432581
"Q92696",3,2,2,3,2,2,0.143245852813622,0.295841989949309,23.7815895142286,22.3801058505106,23.6104929118982,23.8595982752683,23.8975984038359,23.9778603157588
"Q92733",2,3,2,1,2,3,0.778435163143423,0.853049387048407,23.7430291712194,25.2233158539346,24.6226281141028,23.5658778508055,24.2246760251932,25.2973597410471
"Q92734",6,5,6,5,6,6,0.644830426941916,0.756167823160603,27.0449400488698,27.1354346294261,27.4182590143806,26.8241657858729,27.5149823822495,27.6263981927992
"Q92759",1,2,2,1,1,2,0.666614632110965,0.772795617808695,22.7469995007966,23.4513477240648,23.3862921907069,22.9537584383089,23.275807332042,23.7476036860673
"Q92766",1,2,3,2,2,2,0.290552369051341,0.456905359924758,21.3990782453456,23.3859947825323,24.2891644159725,23.661485266659,23.6998229595281,24.3234335468137
"Q92769",4,4,4,4,4,5,0.175281727991609,0.334745145916889,27.6035901014432,27.4522046615621,27.4582632384207,27.7325680575717,27.62403333051,27.6702434790289
"Q92783,O75886",6,5,6,6,3,6,0.267604802027122,0.433645125132818,27.0242926916723,26.0441081552528,26.2776234561597,26.5158355620892,25.7213168894978,25.8651063822211
"Q92785",6,4,4,3,3,3,0.17503598237668,0.334635407639899,26.8589059982804,26.1295454812511,25.9312882841104,26.1713775237455,25.7916371145957,25.5880424164832
"Q92797",12,9,9,12,9,12,0.0139469957291411,0.0592982116396395,27.1590687430189,27.0901007289262,27.1342843091657,27.6321524633704,27.3903255959457,27.6553915598288
"Q92804",3,2,2,3,3,2,0.688645014215062,0.791072541915005,26.392148200149,26.1856985553206,26.1655777900547,26.5230087360964,25.7676193167384,26.1779642491204
"Q92820",2,1,3,3,2,3,0.155438032130634,0.312097165173931,24.0059129707905,23.2204764359697,24.4968896126567,24.7189113652009,24.0723728049397,24.8047807376744
"Q92828",2,1,2,1,1,2,0.148689012496523,0.302956112190375,22.4105868545881,22.3960732821975,22.4832355379124,23.0548111422164,22.417399513079,22.7448506892306
"Q92841",19,20,20,21,19,19,0.169186412068699,0.328424507055726,30.145086403153,30.0627304841783,30.247037968929,30.5450614133308,30.4325202220575,30.161095677836
"Q92878",21,20,24,22,23,23,0.793756808685161,0.865745117829571,28.5786096124,28.5446382499306,28.8938638678076,28.3992492267222,28.9187550554325,28.8583313285834
"Q92879",6,6,6,6,5,6,0.220503856345434,0.38415264090528,27.2179539667694,27.2288827343804,27.2617952120587,27.3179866022483,27.4149695481052,27.3990945201834
"Q92888",18,19,19,20,15,17,0.575648788514829,0.701980210233801,27.897662983614,27.8570073347089,28.2421109579404,28.0251605217395,27.616997596753,28.0286644736778
"Q92890",4,7,7,5,7,7,0.325189070602119,0.490541057428899,27.2863004957272,27.6516582169554,27.5566032241681,27.4983442569272,27.675456428649,27.8277278999181
"Q92896",4,4,3,5,4,3,0.589491789741168,0.713520975313357,24.8597656524565,24.4354775355119,23.9563448259081,25.1148056605435,24.5671749769135,24.1470746434394
"Q92900",28,30,26,30,31,32,0.304120018398742,0.469708660047912,29.763840927274,29.7587531597241,29.5619472356848,29.9682889842015,29.9122275848413,29.6691332865609
"Q92905",6,5,5,6,6,6,0.413282018613338,0.567310270460833,26.8815283543861,26.4989641539589,26.5708512621435,26.8009360275917,26.6997916207778,26.8306814498522
"Q92913,P61328",2,2,1,1,1,2,0.115837555125758,0.260624646684015,29.8759059345463,29.9582880592175,30.6519617781552,28.6146054020051,29.7784990900571,29.8355812109755
"Q92917",8,10,10,10,9,10,0.590864522262935,0.714668750466974,26.9630638777777,26.913507900866,27.084117009077,27.1938367918948,26.8495365333025,27.1591087430722
"Q92922",29,29,27,29,30,27,0.0796335990135235,0.206377274816474,29.1456472383218,29.1183974092168,28.9361105821113,29.3365363513505,29.7554097931823,29.2324302041977
"Q92925",9,9,10,8,8,8,0.635853690003549,0.75016553345705,26.9289664629464,26.9800024228565,26.767405376116,26.9023410123215,27.067644839144,26.8899336970613
"Q92945",26,25,25,27,27,26,0.446909852040064,0.595447550159421,31.0888447431193,31.0228866571573,31.0832961791045,30.9985388875092,31.2486045333413,31.2476291442637
"Q92973",19,19,18,19,19,19,0.0978676260930393,0.234947423667273,29.4252697414423,29.3978019860608,29.4674809194508,29.8127414881175,29.5560046567486,29.6287823004168
"Q92974",17,18,19,20,17,20,0.281271243488337,0.447042495550532,27.8320126975385,27.6855408275735,27.9390745666032,28.0223649012354,27.7542219940891,28.3306094678863
"Q92979",8,8,9,9,9,9,0.755110425312946,0.837618234821477,27.0217345148998,27.0202749461132,27.2669790095925,27.0177558469753,27.3020433054197,27.1258304793895
"Q92990",2,2,2,2,2,1,0.203975543110763,0.367563492062956,23.8115186331384,23.9834691733039,24.1942074479721,24.428469893733,20.3682102009112,22.8704152936062
"Q93008,O00507",15,16,17,16,15,13,0.794270602044517,0.866118482497162,26.9316943787484,27.1028899681751,26.8993233186093,27.4050798503204,27.0398137849374,26.6629959762509
"Q93009",31,28,26,30,27,27,0.12081658593025,0.267416553695746,29.1003525052643,29.271910017975,29.0730179661609,29.3598299382336,29.4398799072918,29.2891739583241
"Q93034",5,6,6,6,7,6,0.0870828983497361,0.217320019547686,24.776190901109,24.6365035803813,25.1246918086701,25.0668434391504,25.4179635034768,25.1676332146899
"Q93045",1,1,1,1,1,1,0.811476344908564,0.876741608156825,29.8224402545927,29.6996991164973,29.5622883313317,29.4920039118091,29.8766641094475,29.8323259993193
"Q93050",6,5,6,6,5,7,0.200647328907073,0.363902929375091,26.0242462198321,25.7195839242217,26.2222486039466,26.3122400595854,26.0159732326688,28.0239576326505
"Q93074",1,2,1,2,0,1,0.0603283806002888,0.170722120350237,23.3951161358354,24.1069725152009,23.3780864154985,23.1078176899781,NA,22.5509359786499
"Q93100",1,1,1,1,2,1,0.392863922008175,0.550903850656105,22.7742468656022,22.6756049359936,22.7958943658138,23.0439720565872,23.5125580436475,22.4570431227548
"Q969G3",8,8,8,8,8,7,0.246794612793146,0.411405805022503,27.4715270408807,27.4766765597323,27.6587346655735,27.6301135486455,27.6740214663417,27.749273618183
"Q969H8",4,3,4,4,4,4,0.429490703321042,0.580818619136434,26.7011442146107,26.5676034260208,27.2191684395138,26.4719035076577,27.4917307034735,27.3746290488746
"Q969S3",2,2,3,2,2,5,0.629562204669888,0.745235222823436,23.8839888922894,23.8083314740078,24.9064533634658,24.105020513309,23.3081697581122,26.5137944805526
"Q969T9",2,2,2,2,2,1,0.184221342362545,0.344937381302421,24.3141837003216,24.5422001324518,24.5675928296893,24.1366170299153,24.5148398868134,23.3003457712198
"Q969U7",2,2,4,2,2,3,0.549679348768534,0.681165454030879,24.5168385572559,24.5225972271031,25.6185307640511,24.6483931043776,24.5489893592464,24.8297505982643
"Q969X6",10,9,7,10,8,10,0.314413419004279,0.479934173282144,27.1886044389335,27.4060565907623,26.5388136017672,27.6367904424547,27.2610031346995,27.135049598504
"Q969Z0",11,13,13,12,13,13,0.68012457267694,0.783516695548413,28.0596955634253,28.1300895800838,28.3466906555821,28.3734473014571,28.3762270893468,27.9976655362423
"Q96A00",2,2,2,1,2,2,0.644432291812641,0.755928357163412,25.0873942368976,24.6894684167869,24.8033598705016,23.1971724228449,25.4320675408361,25.0749837433671
"Q96A26",2,2,3,3,2,2,0.920566293809556,0.944911742350268,25.5648175057287,25.60357938395,26.3873006374388,26.0814575689861,25.6353834783087,25.7543197088935
"Q96A33",0,1,1,2,2,1,0.0318022521461123,0.109348655949634,NA,22.4690035302722,23.0731920470107,23.7946728761939,23.897707694775,23.2855852656862
"Q96A35",3,3,3,3,3,3,0.740221200498574,0.829014918784545,23.6016915929878,24.4173148647758,24.922735416401,23.5870205895919,24.9109253073502,24.9756861918265
"Q96A49",5,5,6,4,6,6,0.0849985533542919,0.214019068620588,26.8431859294696,26.7549824132393,26.9098882603455,26.9179349607085,27.2113059919183,27.2224097273989
"Q96A65",11,11,9,12,9,11,0.0770914922273375,0.201866965473737,26.0228513680935,26.017759572297,26.1495041705633,26.3612663074662,26.1860240852946,26.4295501150187
"Q96A72",7,7,7,7,7,7,0.0907418395028535,0.223035051741564,24.7629952586088,24.4565088460566,NA,25.1172765482609,24.9522364297111,24.8553669696387
"Q96AB3",4,3,4,4,3,3,0.241564113925576,0.405901643192975,25.6992243830332,25.8543137630985,25.8682601376606,26.4227143787203,25.7787883938669,25.9790895013499
"Q96AD5",0,1,1,2,1,1,0.116904745517747,0.262438164271174,NA,22.3658319794371,22.2360938431948,24.1934833634166,22.5681366362632,23.0942075266751
"Q96AE4",22,23,22,22,23,22,0.494795523563383,0.63642309468418,30.5467732845641,30.6205347771574,30.5355008677264,30.5571306385285,30.7682433399961,30.6267086764673
"Q96AG4",7,5,4,7,4,6,0.0944882580182658,0.22923160002414,27.0557792812312,26.9390585877375,26.9597949205627,27.7971610472199,27.1049233770834,27.2757326029503
"Q96AT1",2,2,3,3,3,3,0.0326390739053413,0.111391866416134,24.3436067444252,23.9535022650166,24.3069190535205,24.5339899761397,25.1725151219966,24.7124629338299
"Q96AT9",2,1,0,2,1,2,0.665238621812879,0.771999876741248,26.6211490998963,23.5635557467006,NA,26.5600122902834,22.6017728568693,24.0207481867016
"Q96AX1",1,3,2,3,1,2,0.273188164948987,0.440010657256803,22.0579056091248,23.8172278744962,20.807325174912,23.4923586311137,NA,23.2368172606117
"Q96B26",6,6,6,6,6,5,0.126582054560913,0.274996110790181,26.89988090628,27.2702719603139,27.384918448981,27.5625290226123,27.7502934127902,27.2857839520833
"Q96B36",3,3,2,3,2,3,0.909121974350335,0.937575455394226,25.0406963190926,25.2873394848325,23.9530945750503,25.1141989468902,24.54703967696,24.7575705308264
"Q96B54",2,2,3,2,3,3,0.531171503656798,0.667233838590024,24.7659998311094,24.8920348896214,25.5703580330648,24.5385191970665,26.1476182628937,25.4529617126959
"Q96BD8",2,4,4,3,3,4,0.733551260500005,0.824469830170344,23.8665726686452,25.1537788555155,25.4280515169085,24.6714173635378,24.8210069296739,25.4523423087332
"Q96BJ3",3,3,2,3,3,3,0.128194102075759,0.277305528730046,24.5561330126384,24.5273551875298,22.7264203130822,24.8446519944973,24.8767368808628,24.8578191304729
"Q96BK5",0,0,2,0,1,1,0.0966013705683862,0.232792711231354,NA,NA,24.5243967928277,NA,22.58166904957,23.5789643431777
"Q96BM9",1,1,1,0,1,1,0.104965652303342,0.245227340325707,23.9786403999297,24.1701742385693,24.0355231026553,NA,24.6106276312993,24.2255375508495
"Q96BN8",3,1,1,2,3,3,0.26603831567995,0.432633461847852,24.1057372925348,22.7254783096015,22.1039984860631,23.4529491856361,24.6991333497181,23.1643231243615
"Q96BP3",9,10,11,9,8,9,0.632526541810541,0.748218164563241,26.5527862881662,26.5472505012538,26.6072507642851,26.5238875065844,26.2523326438065,26.7050783502241
"Q96BR5",3,3,4,3,2,3,0.60751931551331,0.727438922963313,25.6341186073054,25.775646794909,25.8711864977732,26.0061557983047,25.3008248041926,25.6381563334728
"Q96BY7,Q2TAZ0",1,1,2,1,2,2,0.44722760591007,0.595451591476205,23.461145249581,23.5617419229836,24.5251096119907,22.2183293310707,24.2534006265041,23.6326472783858
"Q96C01",3,2,3,3,3,3,0.233378566233247,0.396633626528981,25.9489829883427,24.8807631482766,25.5716893647759,25.8544098229233,25.7841485511603,25.89195810482
"Q96C19",8,9,8,6,8,8,0.533675154794609,0.668394318839301,26.9795754168148,27.0663996269483,26.6905141324175,26.952678094251,27.1548147930801,26.9273469616449
"Q96C23",2,3,2,3,3,3,0.0769941782657222,0.201864713546072,25.0235954568423,25.9959294561215,25.4971491321912,25.8847718281176,26.2517128513983,26.1388124745629
"Q96C36",9,9,10,10,10,10,0.466550106471834,0.612327848567334,28.4432169046447,28.5790437716372,28.5796087695013,28.5441088249562,28.6658629429545,28.6508995780457
"Q96C57",2,2,3,2,3,3,0.0665631275551461,0.182129120953978,24.7721563154549,24.6516937435865,24.8737272117426,24.9328858535421,25.1394848002245,25.6237678413209
"Q96C86",8,9,8,8,7,8,0.152963155340691,0.308923189774422,26.5523674011982,26.7380165099236,26.6106128516281,26.8801400274482,26.7201740628323,26.8853519773906
"Q96C90",3,4,4,3,4,4,0.860202309528439,0.908441485996518,26.6017071646921,26.8181778145655,26.6399366897907,26.9534610329682,26.3748832360807,26.8347610238119
"Q96CN7",4,6,6,6,6,6,0.0671650865531464,0.183046175131991,27.0569155300423,27.4562105472529,27.5396327241674,28.031291884251,27.691226342782,27.6267903715913
"Q96CP2,Q4VC44",2,2,2,3,3,3,0.0247034531844337,0.0912093964564282,23.869783146713,24.0028344981708,23.6974420160835,24.0900985541185,24.6048822301651,24.631813892535
"Q96CS3",4,3,3,4,4,2,0.30994400095916,0.475844118189884,24.9799348773974,24.3403490662418,24.3229946365198,24.8954041834642,25.4222623935881,24.4038009246008
"Q96CT7",5,5,7,6,5,7,0.0901471547633624,0.222439315441985,26.6677677681608,26.6873904368536,26.9686181968505,27.233377094721,26.8532042844775,27.2991324165274
"Q96CW1",12,11,10,12,10,8,0.875128091875402,0.917926263866977,27.655968653971,27.7981500224211,27.2192470969323,27.7249460246226,27.5426781794702,27.3051073343226
"Q96CW5",1,1,1,1,1,1,0.0840481029506072,0.213213551292841,21.7343966974573,21.2916563183652,20.8219185056872,NA,22.1605599444438,21.7974323488026
"Q96D46",10,9,9,11,8,10,0.106798494746508,0.246882927672591,27.1313987463768,26.8875970910753,26.8741668810987,27.9140522470118,27.1345547994585,27.223620187171
"Q96D71",2,2,2,1,0,0,0.0116534555569768,0.0521360531605754,23.1344545605982,23.2689601737557,22.8672606090579,21.9369030329204,NA,NA
"Q96DB5",4,3,3,2,3,2,0.10793672899654,0.248949097891752,25.5420502644076,25.3810032960107,24.0813848605401,24.3869566530543,24.3195051136568,23.8763205813661
"Q96DF8",4,3,4,4,4,2,0.943339551289,0.961228177034646,25.0264751813275,24.5049284808066,25.1464630892732,25.4907414814048,24.8227347083725,24.2862474472928
"Q96DG6",8,8,9,8,9,9,0.51063014270446,0.649180178907684,28.9647901512685,29.2007703051045,29.4300985732816,29.1170960370562,29.4552071480149,29.3883407005205
"Q96DH6",2,3,3,2,3,4,0.715435706433704,0.813156110080252,24.4388654051736,25.0262611272386,24.9062970373065,24.6268289196509,24.9338086557982,25.0513771304147
"Q96DI7",14,13,13,14,13,14,0.0255749681734127,0.0932028602048396,28.9340770811646,29.0079084194264,28.9900744142764,29.2354707973079,29.3130713099849,29.3101422127308
"Q96DM3",1,2,1,2,2,2,0.0591398966000808,0.168956797356905,22.574173962934,22.4319735735127,22.5799457153812,23.7343609994324,22.5674498021436,23.6044634043901
"Q96DV4",2,2,2,2,2,2,0.479548253308842,0.623956266734405,24.6025633496966,24.4214881249635,24.3368645696426,24.6377162517299,24.7531653510614,24.331090874389
"Q96E11",3,4,4,2,1,2,0.0128424264435797,0.0556875337117698,25.0402367888957,25.2871870332519,25.5522637634024,24.2345155868799,23.2001966204735,24.4922039245749
"Q96E29",1,1,2,2,2,2,0.113084320973804,0.255958612173677,22.0403287066455,22.0052240127012,22.6655440249402,22.7662943153874,22.3945332615231,22.9222182735455
"Q96E39",2,2,2,2,1,2,0.588332974194341,0.71263066010926,24.4750164386043,24.7252892695654,24.9771832004233,24.8667644077234,23.2669845134434,25.1530044076132
"Q96EB1",1,2,2,1,1,1,0.63738476294347,0.750800008775062,22.5875455696668,23.9745594252587,23.4843250918337,22.5958998965143,23.5181137263063,23.2971954941987
"Q96EB6",1,1,2,2,2,3,0.10665691036566,0.246882927672591,23.0415965739086,23.6342998950158,23.7837086390087,24.2884638497442,23.7541918150256,23.8771998981733
"Q96EE3",3,5,5,3,3,5,0.572090792905937,0.699454530263646,26.4705894233209,27.1191684228848,26.8028980804626,26.7296611922363,26.9384111517875,27.0950769958523
"Q96EK5",2,3,3,3,2,3,0.855207439855427,0.905397773781128,24.1788679892205,25.0311123660033,24.8954300393648,25.0900985541185,23.9896828028267,24.8140401836278
"Q96EK6",5,5,5,3,5,5,0.446778819226428,0.595430030583823,25.4787517932743,25.383658064591,25.6376549675413,24.3116906048882,25.5808865385923,25.6618738120414
"Q96EK7",0,1,0,1,1,2,0.127705206346826,0.276840771355288,NA,21.9460435930189,NA,22.8490680157585,NA,NA
"Q96EK9",4,3,4,3,3,4,0.49515353574558,0.636716015542496,24.9671309470697,24.6654124731143,24.6692983189399,24.5143860258228,24.8204305433135,25.6543788768436
"Q96EL3",2,2,1,2,2,1,0.373240155809056,0.535274283643254,24.3198742137903,24.406239101095,23.6552737102731,24.3122604057411,24.9890161585817,24.0282884909888
"Q96EP5",10,10,9,10,9,10,0.511518440544686,0.649817649124915,29.3755460348291,29.2226384107,28.9951822820601,29.2629687407534,29.3821711104195,29.2431491343777
"Q96ER3",1,3,2,1,2,2,0.965978704239117,0.97719976669573,22.9072578521317,25.4716677084444,23.8369235267961,23.4641560682413,24.7757589559205,23.8801855728277
"Q96ES7",3,3,3,3,3,3,0.0180173508769525,0.0722266978408626,24.3229755649217,24.2620265076212,24.4493450986684,24.9078450171335,24.6312156860901,24.7610522502207
"Q96EY1",6,6,6,6,7,7,0.0925413532317487,0.226137578700321,26.2936642082606,26.0732768750975,26.5151748349323,26.6823366880783,26.4462218456305,26.7602183568582
"Q96EY7",5,6,5,6,4,2,0.10596709376247,0.246500657638684,25.5045319962226,26.5759893922638,26.1751950874511,25.9062822882036,25.3050747633418,24.5766385056973
"Q96F44",0,2,2,1,0,2,0.273469242886975,0.440042416636543,NA,23.8314326245092,23.3387772283141,22.4883303615295,NA,23.523992636798
"Q96F86",9,6,6,5,6,6,0.810663570399881,0.876342684521643,26.5905773502577,25.8521099327398,26.323287397137,26.0789723467617,26.2435882313704,26.2828837284575
"Q96FF9",3,3,2,2,3,2,0.710630187745223,0.809698416039052,24.3319394736637,24.6841057475961,24.2934741877836,23.870030115631,24.8312854826666,24.2867107936429
"Q96FJ2",1,1,1,1,1,1,0.89762269567473,0.931341169060331,24.6310397349097,24.8992347800044,24.924241623297,25.5808858989753,24.8949729344291,23.7949031965196
"Q96FK6",1,2,2,1,2,2,0.762764792789458,0.842678252051521,22.973316051207,23.9307285120153,23.9332843503645,23.0720629595133,24.0098435951696,24.1375653885424
"Q96FN4",1,1,1,1,1,1,0.00611875743058001,0.0313764911490961,25.6934787360932,25.5072863826822,25.7384346663328,25.2170606304115,24.8447261305532,25.0067139608965
"Q96FV9",12,11,15,13,11,14,0.0919282872316061,0.225252683314215,27.0823589580654,27.1562851304655,27.4543257312968,27.6045055848348,27.3799969232777,27.6433601848779
"Q96FW1",9,10,9,9,10,9,0.273891876723016,0.440288874719977,28.3014316088368,28.2936065264116,28.1745137368215,28.5857334566676,28.5677932600766,28.1748387286363
"Q96FZ2",1,2,0,1,1,2,0.923804011513396,0.946551602567203,22.5960748296671,24.1270774586232,NA,22.4285900257181,22.6748634839341,24.7127092578314
"Q96G03",12,12,13,12,11,11,0.665953689181146,0.772561342226451,27.565695858901,27.6315645634022,27.9687117720113,27.6899047152029,27.8858699476955,27.7973905422591
"Q96G21",1,3,1,3,2,2,0.0138133763649631,0.0588787882020496,22.7577277429771,23.2904155623577,23.4992236095648,24.4730505774091,23.8808891614147,23.9581326796659
"Q96G28",2,1,1,2,2,2,0.531964602314163,0.667566013984804,23.9487871296619,22.8998570818196,22.6884701721594,23.8187048700529,22.8321549344574,23.7536495117626
"Q96G46",6,7,7,6,9,6,0.146245163382066,0.299669095433191,25.4795316009602,25.8116210599476,26.6487239933666,26.1331889149615,26.8661081177081,26.7844420704963
"Q96G74",3,3,2,2,3,3,0.56687862568631,0.69447100129555,24.4605271724387,24.2845012452201,23.8396275821329,23.6325761958618,24.476720025968,23.9713692658118
"Q96GA3",10,10,11,10,12,9,0.162563346301426,0.321262216560925,27.9532729618895,27.9076192405144,27.9179068982638,28.1406902545279,28.1851289049101,27.9887430843298
"Q96GC5",2,2,2,2,2,2,0.351727890071951,0.515532561007401,24.9389601381833,24.3111367442692,24.2950870387519,24.0764588775761,23.6504767165075,24.7750844224894
"Q96GD0",7,7,7,6,6,7,0.371471562929851,0.533647003514983,25.2285608756074,25.8924759152463,25.7756656149249,25.8745015381513,25.7328794225678,25.8785617809543
"Q96GD4,Q9UQB9",3,3,3,3,3,4,0.231496975200907,0.394694832639867,26.1441137720964,26.4384733883989,26.2406082553625,26.4840740888516,26.4172775402144,26.4205305169732
"Q96GG9",4,4,4,4,4,4,0.0820168986424404,0.210287997483739,25.6029056814774,25.472847827153,25.3578227940999,25.881895832001,25.7417344614125,25.6340265156125
"Q96GK7,Q6P2I3",6,5,5,5,6,6,0.0462411053749867,0.141811671675202,25.594635919466,25.2244946435486,25.5226641928742,25.6044058903821,26.4022958303617,26.1879915240491
"Q96GM5",2,4,3,4,6,5,0.0125497574601135,0.0549496615045187,24.3717844132654,25.144349771573,24.4655094697895,25.3584709582242,26.0831045906988,25.6512980043026
"Q96GM8",4,7,6,7,7,5,0.201827844744903,0.36578128590115,25.4782090696561,26.4466868750918,26.3065341097966,26.2997340767548,26.5370410719431,26.6276397267562
"Q96GQ7",8,10,9,11,11,11,0.0236338062302523,0.0884545714436472,26.9550414565075,27.6688452731436,27.1036781121072,28.0380740863436,27.8766814363079,27.801565211314
"Q96GU1",5,5,5,5,5,5,0.102032200524257,0.241146285338128,29.3195334152121,29.2145242664548,29.4068050352873,29.5213859983729,29.4705110332248,29.6264962474923
"Q96GX2",1,1,1,2,1,1,0.868912515830926,0.913789992343767,24.379797382842,23.4962497196781,24.8055408792063,23.571328674484,25.5217347546638,23.9041962471057
"Q96GX9",4,4,3,3,4,3,0.663836043177897,0.770990079119696,26.4438424408769,25.9966009368823,26.0396802396643,26.0173315726139,26.3914708308532,26.3226913948209
"Q96HA7",2,3,3,3,2,3,0.810201971759179,0.876301961318118,23.5581886831843,24.372377333832,24.2345506141086,24.3898130936671,23.7374358687503,23.8187163736245
"Q96HC4",14,14,14,15,14,13,0.964210742594056,0.975802136013339,28.8707138843797,28.631924771895,28.4886320278212,28.7981057187489,28.8398996347213,28.3791365031107
"Q96HE7",4,3,4,4,3,3,0.922226103223454,0.945737606921761,25.1806204026505,25.1109746371653,25.2873648709707,25.1914937133414,25.1566197471631,25.2648382243186
"Q96HP4",3,2,3,4,2,2,0.218149714868867,0.38198227916927,23.4724981110471,23.2387547101916,25.5789162518448,25.475087563333,25.0447570655692,24.5596494113636
"Q96HR8",1,1,2,2,1,1,0.978833673255548,0.985873414314106,22.0721814258774,22.0502767674816,24.0826997044146,22.3976891273553,23.8548939528817,21.8894543891407
"Q96HS1",8,8,8,10,10,10,0.0826250918319613,0.211311057642145,27.2356225197463,27.4757403960576,27.7250471824995,27.6323154521342,27.9147779938128,28.1247202157234
"Q96HW7",0,4,4,1,2,3,0.00190514269701616,0.0129863370615771,NA,24.3685781905641,24.124154216772,22.267612956289,22.8409799006204,22.8881812715282
"Q96I24",16,16,16,18,17,16,0.0710640078915845,0.190623634551457,28.8877995602691,28.9911126894101,28.651116571392,29.231549333125,29.1761745754236,29.0425955789945
"Q96I25",9,9,10,10,10,10,0.296150936117984,0.462827468543297,27.6893229661025,27.8241270808967,27.7214420376037,27.8255206635533,27.9983085213194,27.8116044014788
"Q96I51",2,1,2,1,0,1,0.502822919542311,0.643955011817498,24.811464776114,22.6685245996026,23.7572569144644,23.2173387972737,NA,23.3262051722281
"Q96I99",8,8,9,9,9,11,0.134123499863936,0.28536554246535,27.2468178814469,26.676373460453,27.4591293818199,27.4074626590424,27.5022807876636,27.6765710990009
"Q96II8",3,3,2,3,4,4,0.15172746885832,0.307534287802317,24.2057530818095,24.5779349693008,24.0052619765841,24.1463278663209,25.0848094926191,25.1789451587264
"Q96IJ6",3,3,4,3,4,4,0.327620013901033,0.492942713796281,24.6434370221624,25.1249976398246,24.6594536878835,24.7050931687793,24.6913366785276,24.4569960727257
"Q96IU4",7,5,6,7,7,7,0.263898541844932,0.430615393550687,28.3574231851383,27.5170177007209,27.9210535591645,28.2225921522114,28.2222017462118,28.194373302629
"Q96IV0",6,4,4,4,5,5,0.111092136517897,0.253255586573443,25.8314949149194,25.3454536720332,24.7653813868008,25.6642616756021,25.9147374927519,26.0061915437787
"Q96IX5",1,1,2,1,1,2,0.264341784117777,0.430874805426794,27.0923676742025,26.4893219356008,27.0863611059138,27.1406329649402,27.0137060320332,27.2760660006156
"Q96IZ7",1,2,1,2,1,2,0.452390796302076,0.599901788427877,23.585405352363,24.1406418218111,22.8408059470831,25.6200070335083,22.5246392017265,24.4238592991022
"Q96J01",9,8,10,9,10,10,0.331573688582228,0.496083738456409,27.754924333528,27.9382821103017,28.0945311393057,28.3910369293856,27.9229225601958,28.0317774053617
"Q96JB3",3,4,4,4,2,3,0.215021787377198,0.378687255244849,25.6707396407554,25.5927151839073,25.4608867205511,25.5281156886523,25.0592906851302,25.4465187241753
"Q96JB5",4,2,4,3,4,6,0.0615338024056664,0.172766668121746,24.8320525192746,23.7594951383894,24.7041569539723,24.9155798018803,25.3477399011171,25.2740811489535
"Q96JG6",2,2,1,2,2,2,0.805904166240226,0.873711513989994,23.7844459019317,23.4253168915263,22.5895966694881,23.6384305054272,23.215025270431,22.6392763578574
"Q96JH7",3,2,1,3,2,2,0.386542242432907,0.545370074449334,24.1917526204718,23.9917256057283,23.0148784757988,24.0675186098321,24.0063002562121,24.0293963694138
"Q96JM3",3,4,4,3,5,6,0.147241714348632,0.300978510390505,24.7547843000369,25.3892655240876,25.129487661075,24.9465827617477,26.2640371947891,26.0022472223371
"Q96JP5",0,1,1,1,1,2,0.56650250058149,0.69447100129555,NA,23.4358076590878,23.2711885542722,23.3973055522407,23.2185993786205,23.9096213758656
"Q96K17",4,4,4,4,4,4,0.106096782423432,0.246500657638684,28.2173951469145,28.1586203987025,28.1641729599711,28.3774881257498,28.4444461057129,28.3200180988543
"Q96K76",5,6,8,6,7,9,0.376139504338593,0.537144652647507,25.2720661085299,24.8617243743707,26.1331492619275,25.4904178338252,25.7380158589357,26.0737952829338
"Q96KB5",12,10,13,12,12,13,0.0540132640037318,0.158248837867082,28.5603776405852,28.1881908570263,28.3847431327201,28.749421545239,28.6499739816227,28.7243858984526
"Q96KG9",6,3,7,8,7,7,0.37649554696177,0.53731054882598,25.6099830558558,24.9353665922177,26.3256857959327,25.9577596173726,25.9953368759796,25.9310778157502
"Q96KP1",3,3,4,3,4,4,0.174130443755481,0.334170937920694,25.3262210546243,25.398497263344,25.773074632478,24.9535914814552,24.8446694420115,25.5669160355933
"Q96KP4",14,15,13,15,16,15,0.147159524124097,0.300932290020573,28.475568861566,28.3496864568085,28.154251291952,28.7898005281787,28.4072174780877,28.5724167375994
"Q96KR1",8,8,9,8,7,9,0.400811103346549,0.55709545495089,27.2035590555138,26.9155805262171,28.094230957532,27.3608139070624,26.8732119164767,27.0637502007849
"Q96KR6",1,0,2,2,2,2,0.20857901983817,0.372358425307527,22.2287625411386,NA,23.409199653512,23.1716511815994,23.4675018711129,23.5256759962993
"Q96L92",0,1,0,0,1,0,NA,NA,NA,22.2043165821959,NA,NA,NA,NA
"Q96M27",1,1,1,1,1,2,0.306187341631728,0.472085550238662,24.1196367857241,24.4276424798908,24.6237219476486,24.7672089434384,24.4339527762413,24.5693664042527
"Q96MU7",2,2,2,2,2,1,0.244507553799756,0.409342295896932,24.879885661307,24.5475560167403,24.6426606175627,23.8870685041785,24.9413564843696,24.0603862372502
"Q96MW1",2,1,2,3,1,1,0.371205320670068,0.53356925638186,24.3368123083337,23.6321888676421,22.3613054289059,24.4545133707836,23.7183807810093,23.7215000671972
"Q96MX6",0,1,2,1,1,2,0.27079618887735,0.437553278956973,NA,24.1077323919428,23.7273940006026,22.8526761839409,23.2097002721831,24.1100027920376
"Q96NA2",3,1,4,3,3,2,0.486673086977331,0.630627440308492,24.0982514485273,22.5924092134659,24.8427350774707,24.5024517036505,24.2889995388475,24.0290799195242
"Q96NC0",1,1,0,2,2,2,0.144444755825851,0.29700489184739,24.8605467119964,21.9304474097235,NA,24.9705017021435,24.5060492574795,25.786736932348
"Q96P11,Q63ZY6",5,5,5,4,5,7,0.914522384998776,0.940593069971252,26.0500161017017,26.1080431352907,25.7491518037891,25.8559459866827,25.6496657671764,26.3285858045673
"Q96P16",1,1,1,1,1,2,0.727426461855896,0.820873784368662,23.2633985124744,22.2098606059946,NA,22.9223032232689,22.6440805595449,23.0424525222392
"Q96P47,Q9UPQ3",5,3,3,2,2,3,0.0644112946278762,0.178346265540525,25.0732688991803,24.9817368393913,25.0258782089266,23.8174439232124,24.3282891674263,24.9379629915836
"Q96P48",3,3,3,3,3,4,0.0947613359864721,0.229453263694952,24.9415708167101,24.6775138481103,24.592096544541,25.2208373779775,24.7956014927687,25.4787104555898
"Q96P70",9,9,9,8,7,10,0.894221811749833,0.928791768691837,26.7289265790529,26.4522726506778,28.4077026201706,26.6538626177852,26.636611826651,28.6157359371696
"Q96PK6",19,17,17,17,18,17,0.819108501866713,0.881781125943897,29.6411963888699,29.5693440786218,29.3635489845849,29.1977518418982,29.8356275112534,29.6859794316106
"Q96PM5",1,1,1,0,2,1,0.168778713412656,0.327885108248972,20.5797752911589,21.2942317358519,20.7531426880632,NA,22.3559485895686,20.9742815253469
"Q96PM9",2,2,2,2,2,2,0.738923391127246,0.828182188804505,23.8217151587796,24.3180179887163,24.4877768923819,23.7156538140388,24.3054043338837,24.3351283595365
"Q96PU8",9,9,6,10,6,7,0.62866840328056,0.745070274690663,27.5160786615301,28.8192852880123,27.0611309168709,27.833197994527,27.4244829029921,27.4211185074987
"Q96PV6",1,0,1,0,1,2,0.428835660112384,0.580243482246892,23.0216600272697,NA,22.7846274230313,NA,23.3606500990923,22.8851596635076
"Q96PZ0",14,14,14,15,15,13,0.0332988463166834,0.113184705750719,28.2883819927836,28.2465145565052,28.3351235858743,28.6619164391146,28.6196089602556,28.5015149425896
"Q96Q11",5,5,5,2,4,4,0.0178046900675341,0.0716801843502722,26.1648558361609,26.2209553812885,25.7420742940502,24.7871971504051,25.5868636740268,25.2492326049723
"Q96QC0",7,6,6,6,6,6,0.212224270207191,0.375857219080127,25.7326287199576,25.7892317165675,25.8444699079299,25.8554992713606,25.9979135050321,25.9717809586037
"Q96QK1",16,15,15,16,17,17,0.0630588307771522,0.175844658587642,29.2133754321716,28.9186592882816,28.9667922670413,29.2524300722619,29.311354532535,29.5648128893007
"Q96QU8",3,3,3,3,3,2,0.932948255882466,0.953718202886529,24.0629453752653,23.1288480546002,23.6155696251119,24.0347486256913,23.7429211760926,22.9316281476436
"Q96R06",9,11,11,9,9,12,0.360646575854751,0.524658726835555,26.5943072712948,26.5713643641279,26.1610152712596,26.400532073416,26.4356285663115,27.5215482713622
"Q96RE7,Q96BF6",3,4,4,3,4,4,0.106248248157503,0.246500657638684,23.6661306250079,24.1615508115741,23.7479528187285,24.0482979232971,25.0796646465803,24.2424924587352
"Q96RN5",1,2,3,3,3,3,0.274898752326694,0.440797967619724,23.7611002754741,24.3635548941695,24.8111460221073,24.8954585069149,24.4322184503593,24.6826447645009
"Q96RP9",13,12,14,12,14,14,0.313132671665038,0.479432533770814,28.3215202729783,27.8652520603717,28.2749469955145,28.444458674758,28.2965622883138,28.2640989149246
"Q96RQ3",3,3,3,2,2,3,0.460376177506892,0.606035984515849,24.4744042769126,24.199049400328,23.8980267258957,24.1324746581531,23.9191858071087,24.0925427328423
"Q96RS6",10,8,8,10,6,9,0.748600738077812,0.833961695639838,27.1383929929797,26.9571865276043,27.1636008349156,27.6064150649548,26.6078746981382,27.3215128476407
"Q96RT1",1,1,1,2,1,1,0.166718810044803,0.326056232494782,21.9716589989578,22.4089543724256,22.5223582238283,23.7950223521633,22.5648919046925,22.4503229758206
"Q96S44",2,3,3,2,3,3,0.587528056815968,0.711987086555085,23.1895827677633,25.1898146637928,25.2592728168441,24.0734849398759,25.3144381457488,25.4312724500432
"Q96S55",3,1,2,3,3,3,0.00168352383453649,0.0118898962821515,23.9590339329293,23.3681170077771,24.1899113240952,25.4130705329817,25.4374527750572,24.9967555417931
"Q96S59,Q6VN20",7,9,7,7,5,7,0.798701051291478,0.868886282591698,26.669937838277,27.2308657116298,26.662788972022,27.3130130118577,26.7256329237813,26.7245080520483
"Q96S82",1,2,1,1,1,1,0.441034003749741,0.589796863367737,24.4403289736119,24.1124209481044,23.8481164487322,24.5310558222196,23.9856783088429,22.6199275633749
"Q96SB3,Q9ULJ8",6,6,6,7,3,8,0.803175402193543,0.871875984629182,25.7316044624852,25.3099066333156,25.7927434070498,26.1043626710486,24.7449879876958,26.3353683301025
"Q96SB4",14,15,14,14,13,14,0.734433554276018,0.824910803346268,28.7577570911998,28.5241181187604,28.4464855243621,28.552573443264,28.625807533498,28.6895504607628
"Q96SB8",4,3,1,2,3,4,0.45637935676672,0.603057954193816,24.3512587404896,23.9100468946185,22.3429646223491,24.4283197146832,23.5723877249593,23.9504662870076
"Q96SI9",8,8,9,7,7,11,0.533629133438748,0.668394318839301,27.45791459016,27.6314444739161,26.8525247914055,26.391316242397,26.6436994056853,27.9750497434308
"Q96ST2",4,4,4,4,4,4,0.0350804244338145,0.117345181334568,25.8505170732294,25.6685292814808,25.6449344429725,26.4026357689847,25.9110877333771,26.2146386420319
"Q96ST3",9,8,7,9,9,6,0.125252219684697,0.273400588430166,25.2254920837451,25.8909718648454,25.3986251389974,26.043354416259,26.5185046668644,25.5744444570724
"Q96SU4",4,3,4,4,4,4,0.118652444362116,0.264428269479325,25.2023067605416,24.7262342221391,25.4239350195403,25.612558042085,25.4929067521689,25.3864891130481
"Q96SY0",3,3,3,3,3,2,0.196660407381305,0.359122096053135,25.0104243335521,25.1046558765711,24.7720455142599,25.5531933795512,25.3855602097663,24.8829462093125
"Q96SZ5",0,1,1,1,1,0,NA,NA,NA,NA,NA,23.6844289301477,24.1763040931413,NA
"Q96SZ6",1,1,1,1,1,2,0.029560714098432,0.104262528101115,21.7988392274105,21.9889687100788,22.170594594921,22.8516238000925,22.631176247899,22.2330030367339
"Q96T23",4,4,5,4,5,5,0.431253264344791,0.582363193832508,24.8966860164011,24.7081278720185,25.1382665962228,24.6366117090969,25.6739576571004,25.1695725625762
"Q96T37",10,10,9,9,9,10,0.0817995879030411,0.210050695728653,26.8131065115465,26.9407072160011,26.6753427381738,26.9532001006035,27.1444901184741,27.1575715079338
"Q96T51,Q7L099,Q8WXA3",4,6,5,6,6,7,0.103619848860089,0.24357522128361,24.9888685937982,25.6581214864243,25.3642676088191,25.5087863475701,25.8295106328975,25.9587558651045
"Q96T58",5,4,5,5,5,4,0.986487811763228,0.990178722449693,24.7664444212642,24.5471486483793,25.0896002534718,24.4388692236774,25.1871199248283,24.7902424215127
"Q96T60",5,4,3,4,3,4,0.818386148510417,0.881512832841269,25.4896309297,24.2595421001864,24.3689831381868,25.0702161372387,24.6800069687633,24.6307193425138
"Q96T76",6,7,7,8,7,8,0.124576286665848,0.272872278758976,26.0917912789851,26.3930106489148,26.324574838544,26.8742259253812,26.3433732539944,26.5644887935791
"Q96T88,Q96PU4",13,11,12,13,13,15,0.0596765263789522,0.169838974359889,27.5485111550629,27.2515631235212,27.795425959014,27.8425262535945,27.9080798877043,28.3784379929769
"Q96TA1",6,6,6,8,7,5,0.99025308752059,0.993202610219718,26.1151275772024,26.323633246918,26.2091756109633,26.2438686899347,26.2782732877122,26.1302814498197
"Q96TA2",6,4,6,4,7,5,0.0821043120366183,0.210298620738823,25.9007418086239,25.9842217136375,26.0912342949206,26.4840740888516,26.2082249548885,26.1593256326191
"Q96TC7",3,3,3,4,5,4,0.0141403012567319,0.0599686495782981,24.5062299701585,24.852480906167,24.8661920739663,25.1413431950824,25.4586097213026,25.3001490803098
"Q99081",2,1,1,0,2,2,0.147102900999468,0.300932290020573,22.7695749001091,23.2952751713009,23.1874690189031,NA,23.3687937484271,23.535400936742
"Q99190",2,1,2,1,1,1,0.0199748480882377,0.0782722712906817,25.2439673151766,23.6863734452097,24.9471040322531,22.9599430775464,23.6197994462068,22.9087616052556
"Q99257",2,2,4,0,1,3,0.0534868810726435,0.156997793320681,24.7390139063668,23.7901141976166,24.5160715155637,NA,22.6452527094444,23.7188537288687
"Q99258",2,2,4,4,2,2,0.0206964502499892,0.0801864819170121,25.2423301802622,25.5977150112485,25.9629549730246,25.1330737361657,24.6229760237269,24.7824252004649
"Q99287",2,2,4,2,1,1,4.18329532906123e-05,0.00213432572798872,24.8341217363549,24.7361860466761,25.4028697907062,22.6470515183776,22.2136387976287,22.2969063743214
"Q99321",2,3,2,1,1,2,0.000884099517134359,0.007739318303372,25.3179040432512,25.5730660983151,25.2112018683763,22.156173292035,22.7447449870146,23.6711817183426
"Q99383",5,5,5,4,2,5,0.108535575167896,0.249923455131071,25.8952383815025,25.523063372806,26.0288789768812,25.1240613401496,23.4298624622471,25.5999695621244
"Q99417",4,4,4,4,4,4,0.0420457407272804,0.133065812289156,27.370596897098,27.1458975472626,27.4357621263954,27.5623579554347,27.7237231299134,27.6854461515642
"Q99426",5,5,3,5,3,3,0.666376011442968,0.772795617808695,26.0709086705618,26.1356886623026,25.8315001637598,26.2147114596663,25.882353447898,26.1481860557065
"Q99436",9,9,9,9,9,8,0.30939426650536,0.475289063296403,29.2425548971718,29.2316581399925,29.1844989444602,29.2904430221786,29.3904712271012,29.3223807069978
"Q99439,Q15417",10,9,9,9,9,10,0.469830374383258,0.61530851141972,28.2932593115869,28.1801263989685,28.3845327250813,28.2690350727089,27.9087578777731,28.3198564115894
"Q99447",6,6,7,6,6,7,0.190080581914038,0.351941722598169,26.4440335228618,26.4963288531241,26.6631359544362,26.7216714483862,26.6721538790217,26.7191234854619
"Q99459",23,26,26,26,26,24,0.155187755617028,0.311919360772626,29.2683873677877,29.1796952994546,29.3091970013172,29.4406013854792,29.5497371985558,29.3371748265363
"Q99460",21,23,22,20,21,23,0.211340182875094,0.37529939914163,29.9186593415101,29.8493090980734,29.8344095391757,30.1231685940507,29.8702910578402,30.1350266240067
"Q99471",5,5,4,4,5,4,0.634253337934598,0.749383300563194,27.877482422042,27.7645414496619,27.494070820493,27.4547714458718,28.1138298405457,27.8884625876903
"Q99496",5,7,7,6,6,6,0.860240670663501,0.908441485996518,25.1685608858713,25.9279932479891,26.0510023731052,25.3300948985928,26.3689238315756,25.648081750572
"Q99497",11,11,11,11,11,11,0.0999843241948887,0.238045613127344,31.5994338644787,31.4929948959796,31.5242042075856,31.7431811345859,31.7450828987212,31.7312410168717
"Q99504",2,2,3,4,3,4,0.0254238589926935,0.0928531538482248,22.8651619430215,23.7361860466761,24.3093447957179,24.8778597811626,24.655074280842,24.7267782256731
"Q99523",3,3,4,3,1,2,0.106758816034054,0.246882927672591,24.0228513680935,24.376395825661,24.8220428134383,23.5707845179321,22.5997051695111,24.3280070932914
"Q99536",8,10,8,7,9,10,0.638542177656046,0.751988001711515,28.1171443036963,28.5289290978075,28.2731296175195,27.707261005462,28.3639190103199,28.4808018374825
"Q99541",7,8,4,6,5,7,0.134812148246655,0.286348259375043,26.136588496133,25.7655923703075,25.3722974983981,26.1382017908834,26.1311193122266,26.1053573924106
"Q99543",11,10,8,8,9,9,0.729183749834824,0.820969529249584,27.1275103692778,27.0282327706049,26.7426654144686,26.7386973815234,27.1170603040736,27.2488080206551
"Q99567",10,10,9,10,11,12,0.0111956070425739,0.0504451482355403,27.4493735690086,27.4187768794194,27.483631120172,27.7356814886127,28.0903544803227,28.0825991965201
"Q99570",1,1,2,1,1,1,0.426048288060521,0.577790567348776,22.9043923982034,22.804314386928,23.93105779096,23.206327736078,23.0209435510297,22.4608960128414
"Q99575",3,2,3,1,3,3,0.659357619387879,0.768084717603362,23.9235947727988,23.5128253685993,24.1289183590471,21.3481562316682,24.1995407170357,24.7547025389451
"Q99584",2,2,2,2,2,2,0.550691531058385,0.681750716513702,25.8847825454733,25.4237366760063,25.916500786264,25.8219381701561,24.7351135735247,25.9695358069266
"Q99590",11,13,9,12,11,10,0.35166220711228,0.515532561007401,26.9246159382667,26.9358529212434,26.3150233982263,26.8373748999356,27.136987187001,26.8549876272081
"Q99598",6,7,5,7,6,7,0.117785942399413,0.263362901752739,27.416023574317,27.3442378333601,26.9714228148428,27.475905185934,27.5149823822495,27.5994767815455
"Q99613,B5ME19",18,19,18,18,18,18,0.163263479010604,0.321875032194598,30.3316249856371,30.46782564215,30.4052674872144,30.0280901045621,30.2590105534138,30.3078206059135
"Q99614",9,9,9,8,10,11,0.421628985412241,0.574077940591535,27.4848434070012,27.7428048966094,27.7129762121986,27.3816146223285,27.9423236823927,28.2573604858557
"Q99615",12,12,11,12,11,14,0.158566174374581,0.316568279354155,28.1051662152157,28.0958133438942,28.4450737865985,28.3224381192302,28.4217779824645,28.8040237677693
"Q99618",1,1,1,1,1,2,0.639524182452843,0.752267500132583,22.5216792670548,22.1496054480567,21.7279602074548,21.741147883781,21.9887801952753,23.3832740546281
"Q99622",3,1,2,3,2,2,0.780266290544674,0.853981589066338,24.429561499171,22.6889976702538,24.1722727449858,23.8176732682635,23.7358473338393,24.1578248123047
"Q99623",13,13,13,14,13,12,0.829152566603762,0.887486673853698,30.5368313203193,30.5286550770623,30.5253577431573,30.5843440839558,30.5465823387844,30.5275464285817
"Q99661",16,17,18,18,15,16,0.206401747923198,0.37018111359308,28.6100682073718,28.8651754631959,28.9739190092735,29.0744269503833,29.000981593891,28.9599806784021
"Q99700",11,9,9,11,9,10,0.471609326259339,0.617283935458907,27.0767684099518,26.9835820793814,26.872867470921,27.0974843810392,26.949128704476,27.1721543111139
"Q99707",3,3,4,4,2,4,0.707130322128809,0.806620428426516,24.0694456392622,24.2179833539927,24.856110588392,24.7769723128066,24.1278386869951,24.5672429919779
"Q99714",12,12,13,12,12,13,0.0622806800958778,0.17437899953674,29.7953796036832,29.7927100803688,29.7487268230912,30.0042962677337,30.0137533017385,30.0108213983077
"Q99719",4,4,5,4,6,5,0.193134616938091,0.355592999588944,25.4792265090182,25.7232397465537,26.0632182333873,25.5946357210205,26.6671137095545,26.4419052765707
"Q99729",5,5,6,6,6,5,0.213937694589022,0.377699858570133,29.6274954782934,29.4346759837776,29.4762781192911,29.9038776357144,29.5954294977271,29.6195834331482
"Q99733",10,10,10,10,9,10,0.0758697895496171,0.20021855120957,28.778672364763,28.9734797267001,29.0037239098596,29.1939748263813,29.1683821567983,29.1466508059235
"Q99747",7,7,9,9,8,9,0.348628750419162,0.51273705688761,27.3658370334994,27.0603461031474,27.3764791441853,27.6804778695251,27.1109456855694,27.629989180884
"Q99757",3,3,4,3,3,4,0.101588078159646,0.240676070724378,26.4101850307781,26.2827895004053,26.0933300372755,27.0883649878583,26.2726589039599,26.8161967817401
"Q99797",1,1,2,1,2,1,0.511072940860911,0.649416207368166,22.3077682915993,22.3141685362119,23.4149250782687,22.5721173370958,23.2312476494628,22.9969011794825
"Q99798",22,24,22,21,20,23,0.557675552276309,0.687867940060473,29.8805339784779,29.876923776239,29.7655214349312,29.7852451941524,29.940749998752,30.0186875987273
"Q99805",6,5,6,6,6,6,0.260380798758981,0.427285059951792,26.0665151181634,25.9054656158347,26.272978065963,26.2296330743475,26.1591520124507,26.4074880729489
"Q99808",0,1,0,2,2,1,0.290873472586095,0.457267945855078,NA,23.8439242897211,NA,25.4702814881888,26.0111827344229,23.7804995088835
"Q99816",5,4,3,4,4,5,0.32892107573113,0.493920777030654,26.0892612856488,25.2062271632587,24.3067413999493,25.7905893890609,25.2430291889165,26.161889686159
"Q99829",3,4,3,3,3,2,0.44425190467603,0.593471666363034,25.5232980030799,27.7494599174404,25.845795136822,26.2242150423007,25.8449528624476,25.5306584369295
"Q99832",22,22,24,21,22,23,0.332272905890478,0.496688501820895,31.7792834592325,31.8571934884938,31.9792410571873,31.8507968884602,32.0359865738442,32.1495991364673
"Q99848",9,8,9,8,8,8,0.724950242454935,0.819177555847847,29.3678985175952,28.8700186080984,29.3197079841398,28.8890341778408,29.0605237109353,29.380261169669
"Q99856",7,7,7,6,8,7,0.926423349507459,0.948391637284592,26.6391191829957,26.7157602354194,26.7654675718745,26.0530541053066,26.9102483353323,27.074332128236
"Q99873,Q9NR22",10,11,12,11,10,12,0.0813007439805114,0.209051545644259,29.445257584149,29.1750064798908,29.2196992938839,29.6386171270965,29.3947123481248,29.8133569711214
"Q99961,Q99962",7,8,8,7,7,7,0.540062108828788,0.673598260441514,26.9552852167583,27.0588287450284,27.1583594302734,27.2122712355044,26.9329557155726,27.3126022940764
"Q99986",8,7,9,8,8,9,0.0103326431715482,0.0474025255762854,27.7292829672469,27.6946503098017,27.8804474968691,28.4001109659459,28.2086655060915,28.1406902385675
"Q99996",3,1,2,1,0,1,0.223325970759038,0.38617578853266,23.458808900826,21.5217059516826,22.8076600079353,22.0690799369622,NA,21.3190266708795
"Q9BPX3",9,11,12,10,12,13,0.67567960377838,0.78026010029369,27.0731790564203,27.1996975113186,27.6059879588001,27.1440663198231,27.2831340258308,27.7532903494751
"Q9BPX5",3,3,3,3,2,3,0.017045527056086,0.0691217672708751,28.1840876578521,27.8349099182059,27.8563736010143,27.6306847352872,27.0158473705059,26.9717603767541
"Q9BQ04",1,1,1,1,1,1,0.969363910642502,0.979839326126732,23.2542189516623,23.2340802705742,23.2922783198099,22.8447082629519,23.738046378277,23.2266419007577
"Q9BQ39",11,10,10,11,10,9,0.188400479733593,0.350114357297417,27.1797653239245,27.1760977850383,27.2143622092696,27.3153496896644,27.4126769778696,27.3056789736071
"Q9BQ48",2,2,2,2,2,1,0.167038666134317,0.326215298327239,24.4746763808442,24.4703254916488,24.6935520067188,24.7683365822138,23.6244296208684,23.6230341520839
"Q9BQ52",11,9,9,12,11,11,0.0330760527334076,0.112578936897872,27.1012063910255,26.7738199652419,26.9470280429433,27.7162075018291,27.3403408832372,27.2418269499488
"Q9BQ61",3,2,3,3,3,3,0.141897920877336,0.294949135124043,26.3991714248732,24.7761900478322,24.6383845701779,26.0376557462437,26.1004197661352,26.1650793576608
"Q9BQ67",7,6,6,7,8,7,0.107637074734956,0.248593902371405,26.895314609038,26.6877369747569,26.4535235655598,27.3047535767594,27.0933993384574,26.7652145023293
"Q9BQ69",2,2,2,2,2,2,0.0358529659182752,0.118983791624973,25.0832514387873,24.9454486305779,24.9388357612063,25.7530985416901,25.2538275983148,25.3388354461221
"Q9BQ75",1,2,1,2,2,2,0.0592738970788141,0.169148279178017,23.5983241597664,27.8060455739125,23.8944846297366,27.56432400438,27.954063699508,27.8937407129871
"Q9BQA1",9,8,7,7,8,8,0.764227391479788,0.843924913503369,28.9617905637287,28.5257989412597,28.6516120974795,28.7893620856769,28.7401963662641,28.7489734132084
"Q9BQC3",2,3,3,3,2,3,0.639944356927255,0.752306616069528,24.3382335723263,24.9343155616921,24.9073909648684,24.4696248720624,25.0919433845664,24.989332856696
"Q9BQE3",4,4,4,4,4,4,0.46240919510149,0.6083951144719,29.5931133356078,29.3231649033947,29.2685381250671,29.8204869427774,29.2768979975287,29.5253219525326
"Q9BQG0",19,19,19,17,21,21,0.141044053254008,0.294219710879084,28.2284297778939,28.0520256783112,28.1438466005745,28.2555547961358,28.3959459894304,28.3533007050432
"Q9BQT8",1,2,1,2,2,1,0.148763686757966,0.302986041054228,NA,24.1512012088922,23.6308826806064,24.0617211536042,24.6482698671371,24.3333993921486
"Q9BR61",2,1,3,3,2,1,0.733859479816248,0.824632754739014,24.2933557258644,23.3875884177403,24.6259071298866,24.7296154879134,24.2553636513841,22.6575913741202
"Q9BR76,A9Z1Z3",7,9,8,8,9,8,0.318958757015014,0.483656764239818,27.3422653263454,28.0588287450284,27.9708623272519,27.9738626630615,28.184960996733,27.9443855149864
"Q9BRA2",4,4,4,4,4,4,0.513486296382535,0.651499443111828,28.0064659010551,28.1433731458471,28.0834258148892,28.1458941069592,28.100063618417,28.2125586829641
"Q9BRD0",2,1,0,2,2,0,0.318657619090592,0.483562224465674,23.7389572734577,NA,NA,23.931508983377,24.1401778150045,NA
"Q9BRF8",2,2,4,2,3,3,0.356437363644741,0.520637687614108,24.8624715195122,25.0812122203993,25.893321714326,25.4881502655276,25.2604720487222,26.1965060462498
"Q9BRG1",3,2,2,2,1,2,0.322544351130676,0.487338174562084,24.3229755649217,24.3268851533156,23.2436120969407,22.7551056761177,23.1282485911822,24.3411316144954
"Q9BRJ2",2,2,2,2,2,2,0.0843985556201609,0.213575703625968,24.122157536851,24.7593192964682,25.077953707876,25.4954799898672,25.0647032664553,25.1485684750144
"Q9BRK5",3,2,1,4,3,3,0.337563743552956,0.501923599848684,25.1076684939732,24.9402613024746,23.6876517765389,25.1757006282169,25.1417474171366,24.7054992244786
"Q9BRP1",5,4,6,6,4,7,0.0696357122280418,0.187489329671556,25.0419363199999,25.1873333374116,25.4486475094141,26.0803110752922,25.3333482073013,25.8142927181073
"Q9BRP4",2,1,3,1,2,2,0.36415819131479,0.527189172923762,24.3537017910465,23.4394340414938,24.3791569357787,24.0131820873521,24.5301486435844,24.5634785124535
"Q9BRP8",4,4,5,4,5,4,0.651190241948669,0.761423196120523,25.3857056933412,25.2488727531703,25.8825747062967,25.2490860141199,26.0414964014629,25.6132773796572
"Q9BRS2",7,6,6,6,4,6,0.174806840730644,0.334577246127503,26.0925006557866,25.8723934487699,25.9352201980205,25.930263372966,25.4836534415581,25.754822152506
"Q9BRT2",1,1,3,2,2,3,0.0579521143860702,0.166505193267372,23.832901787903,23.9567265089871,23.817851884822,24.5180600638595,23.9655916604151,24.8756607418713
"Q9BRT3",1,2,1,2,2,1,0.273407663290258,0.440042416636543,23.8689553199562,24.9155805262171,24.3016987697163,24.592995324575,25.1772948005155,24.5031819994179
"Q9BRT9",1,3,1,2,3,3,0.0697951295498446,0.187818433327792,23.6224697289842,25.3895211825745,22.9470432411254,25.1631661183406,25.5708464388461,25.4307035580753
"Q9BRU9",2,2,2,1,2,2,0.243116480928749,0.407561017315338,24.1114356670114,24.0287434978607,23.9499886641825,22.3471079806979,22.856109289951,24.6035073088234
"Q9BRX2",4,4,6,4,4,5,0.213195616974874,0.376653046988489,25.602220936666,25.6013738399815,25.8879483214991,25.6916732323136,25.9468859336256,26.1948318441418
"Q9BRX5",2,3,4,3,4,2,0.672620134471221,0.777794024545362,24.5875455696668,24.5372858629333,25.2007552188978,25.4523732565168,25.5788772848439,23.9443540502463
"Q9BRZ2",2,2,2,2,2,3,0.764980101640542,0.844202423724356,23.2168076446898,22.9082399195568,21.933115559364,22.9497879839102,21.8494122307443,23.8102698722315
"Q9BS26",11,8,9,10,9,9,0.718645639779146,0.814787682721541,28.0956885420255,27.907123298591,27.9856421679612,28.1762820264774,27.7842372259838,28.2074985796682
"Q9BSC4",5,4,4,6,4,6,0.726353195302642,0.820058671632417,25.9574772076194,24.9848610644305,25.2590891977728,25.7400895354364,24.8975437552615,25.984975057869
"Q9BSD7",5,5,4,5,5,4,0.595442255288961,0.718005581785574,26.4965815866483,26.0772147351072,26.015353273662,26.5393885733,26.4865083379241,25.9455282687038
"Q9BSH4",4,2,4,3,3,3,0.834331403056622,0.891141449955381,26.3165195262621,25.0529764544089,25.0701251513829,25.8059299351954,25.4699368993593,25.4131376080982
"Q9BSJ2",2,3,2,2,3,3,0.00789039939173287,0.0384231603076476,23.4200559214308,23.7955264043734,23.4845345271307,24.0490795011808,24.6826099088818,24.6825441651674
"Q9BSJ8",10,7,11,12,10,10,0.0472937457256749,0.143904041964087,27.3289702296078,27.1732133005476,27.5333830454572,27.8291511614643,27.8340578908572,27.5442167204318
"Q9BSL1",10,10,10,10,10,11,0.166986574516986,0.326215298327239,28.2710579597933,28.5242798214294,28.0921708839419,28.5444552935075,28.5016068095579,28.5299946389355
"Q9BSU3",1,0,0,1,0,0,0.888414436803865,0.92676194140775,23.3974143363069,NA,NA,23.3460589675228,NA,NA
"Q9BT25",1,2,1,1,0,1,0.0803866682216355,0.20768954536444,23.5656160307067,23.5969034099562,22.9880372720317,22.9346843956073,NA,22.7388065025596
"Q9BT73",4,3,3,4,2,2,0.868923645461713,0.913789992343767,26.2885657946927,26.2073394272939,26.2984264740581,26.8925765416059,25.9054462656586,25.8388742307061
"Q9BT78",11,11,11,13,10,11,0.0350029574713643,0.11731913615651,27.5718294030841,27.4107523887208,27.652398759846,28.0345019900738,27.7999643818183,27.8705808827072
"Q9BTA9",3,4,4,4,5,5,0.0101017374632355,0.046627641202404,24.3600491575812,24.7968548726697,24.7739745091199,25.1058658699769,25.6116273969078,25.5184235733234
"Q9BTC8",2,1,2,1,1,0,0.141249702223141,0.294258645334893,24.2472758387899,21.2840979454182,24.7381492471747,21.8269995924792,20.9273671599845,NA
"Q9BTD8",5,3,5,3,5,3,0.505407397217437,0.645055732941817,26.3056438601237,25.5168876871993,26.0666670828052,25.9716615388609,26.140270191828,24.9738787663517
"Q9BTE3",6,7,7,6,5,7,0.405455650703277,0.560930290797659,25.9311987775615,26.1413335717285,26.3482738996627,26.3943562912201,26.1750872944404,26.2591155074104
"Q9BTE6",4,4,6,5,5,5,0.906324881516502,0.936423163125483,25.7667499975398,25.994865638668,25.7253130517258,25.9533044792126,25.6686196042428,25.9176996406644
"Q9BTE7",2,3,4,4,4,4,0.0569698803610088,0.164525366325589,23.2867848328724,24.1097337869963,24.4949677157942,24.7283351786672,24.6448230317172,24.7881401503041
"Q9BTT0",6,7,6,6,7,6,0.0464189146216814,0.142081064910751,28.2316533411042,28.3229418292203,28.4008877332511,28.6668577262639,28.6164996578246,28.5276514371371
"Q9BTU6",1,1,2,2,1,1,0.175292201732364,0.334745145916889,21.3465832155468,22.2942074609297,23.2241782113027,25.0368187019481,22.5456593809485,NA
"Q9BTW9",7,5,10,8,9,9,0.130216375241268,0.279050874562429,26.1525782270138,25.6682951689526,26.7363036378426,26.5952880133725,26.6982551874922,26.7519726555694
"Q9BTY7",6,6,6,7,7,4,0.531888212192423,0.667566013984804,26.735611990762,26.4814815434941,26.6868784208298,26.7375766298895,26.9321556258723,26.5381833774133
"Q9BU61",4,3,3,3,2,4,0.120118667805054,0.266687513718278,26.4467233543532,25.5421234755833,26.1750491108314,25.1830625852071,25.556484977417,25.8248138693991
"Q9BU76",3,3,3,3,3,2,0.864271585046969,0.910984093504223,24.1668779518328,24.4936094513067,24.261504979005,24.1397389526833,24.7159036254541,23.940993864633
"Q9BU89",6,7,7,7,6,6,0.483054380466921,0.626802270742503,27.2693434687699,26.9260950548871,27.2266218116608,27.6391444056847,27.0991134611153,27.1317374982372
"Q9BUB7",2,3,2,2,3,2,0.105177028930545,0.24560756963855,24.3439046680279,24.6953628028865,24.3989585045633,24.8120437921178,25.0506667309381,24.588928304258
"Q9BUF5",10,10,10,10,9,12,0.110225580504894,0.252036852480859,28.3002806753566,28.5231475219524,28.239864070658,29.3797712942961,28.8362334984312,28.3854079219171
"Q9BUH6",1,1,1,2,2,2,0.0922485080605652,0.225674475955231,22.9161207912209,23.0433031755575,22.5258017278098,22.8122509783151,23.8630888734093,23.8389870655509
"Q9BUJ2",12,10,9,13,15,10,0.186425690841607,0.347467219350907,28.4812507739033,28.5947430645048,28.4772321847996,28.8409404676573,29.0681911650869,28.4619499464368
"Q9BUL8",6,3,4,4,5,5,0.347024863367372,0.511474346328741,27.1468482943236,26.2924221349253,26.6838036463222,26.8409052081644,27.0907727827088,26.923627714829
"Q9BUP0",1,1,1,1,1,1,0.77857011963832,0.853049387048407,24.1152802929799,24.4912820114164,25.3657748449812,23.9778059818674,25.1185380307451,25.2980493736896
"Q9BUP3",3,3,4,4,3,4,0.0570778004660317,0.164583475392332,24.9861513389652,25.0817748528352,25.6193654707194,26.1804567332156,25.4593133395101,25.919984193859
"Q9BUQ8",15,14,15,15,17,17,0.0183354707876755,0.0731536042247621,28.3782074358501,28.1518962878841,28.1453789814478,28.7031160507581,28.5432022558969,28.9557725226498
"Q9BUR5",2,2,2,3,1,3,0.197094311335934,0.359654395432732,24.2681470171247,24.686095959386,24.6066014595209,25.4179572411756,24.2777065330202,25.3909289371601
"Q9BUT9",2,2,2,2,2,1,0.510810458555156,0.649246005576772,23.8227842969943,23.7114947231169,23.8876118190081,23.7997900586486,24.1114405218085,22.7445808825163
"Q9BV20",7,6,8,7,6,6,0.888277432100019,0.92676194140775,26.9218745925723,26.5787323963655,26.6585026464285,27.1088910035253,26.6008098712271,26.5380443827564
"Q9BV38",8,7,9,8,8,9,0.749300822844438,0.834189653115993,26.9826877704167,26.9838643059236,27.4607935820746,26.8550803500856,27.2484170712268,27.5651710156758
"Q9BV40",5,4,5,5,5,4,0.491836634795403,0.634550917586611,27.1415025973785,27.1865161779216,27.3089752813238,27.0491039186684,27.4850179503526,27.4546416127321
"Q9BV44",10,8,10,9,8,9,0.714872961639554,0.812699376376634,27.5979026774183,26.9945482078528,27.3377342743052,27.5388148437702,27.2189799198038,27.3951863326775
"Q9BV57",4,3,4,5,1,4,0.807130761625861,0.874290687748708,25.5872939441249,23.8724950677654,25.7366553645563,24.9915932124485,23.9149804820642,25.7658793497076
"Q9BV68",3,3,3,1,3,3,0.40808256405929,0.563638236550034,26.2994552745244,26.1236663466145,26.1571774853374,26.006633665969,25.9081070134254,26.2809746877659
"Q9BV86",6,6,8,8,5,6,0.586146328681955,0.710663731678482,26.4336962022859,26.8308888663151,27.1321971367856,27.2959322358371,26.625485863281,26.9176569042748
"Q9BVC4",3,2,3,2,3,2,0.975995012386982,0.984798219037654,24.4396322214295,23.9511948139075,24.683917643797,23.6179014853234,24.9822296543031,24.4376347217381
"Q9BVC5",1,1,2,2,1,2,0.225892385551034,0.388666451271165,23.4424867694098,24.0006790583847,24.6772908552095,25.8486696679737,23.721718208373,25.0333461474952
"Q9BVG4",6,5,5,4,3,5,0.104582584215163,0.244961999434733,26.292738563119,25.9918939951456,26.119879960553,25.7383339898948,25.1255541338005,26.0443874854564
"Q9BVI4",5,5,4,5,7,6,0.0157479808862833,0.0651458242887934,26.5497062412485,26.3188683836958,26.2752042723599,26.7407699913501,27.0057426537228,26.8158528598407
"Q9BVJ6,Q5TAP6",13,12,12,14,15,13,0.0133899525232907,0.057593321213706,28.143054889753,28.1482077079498,27.9938495382786,28.4757235320631,28.4388710542099,28.5520156505929
"Q9BVL2",4,4,4,3,3,5,0.66679558918947,0.772828022257002,26.3726607212743,25.6753952673425,25.6417453880281,25.4634087134922,26.0344559484292,25.8326546843747
"Q9BVP2",9,11,9,11,9,11,0.185347841598845,0.34609683841618,28.0852018176714,28.2118361511078,27.9711893048086,28.4277470135977,28.2444478739049,28.1846390784643
"Q9BVQ7",5,5,6,6,5,5,0.331692637073149,0.496114749735409,24.4503942479618,24.4884204665955,25.0097072079071,25.2399165372752,25.0954733239358,24.4692943391445
"Q9BVS4",8,6,7,9,7,8,0.0150699492049406,0.0629720248919403,26.5096033364353,26.3569460569812,26.5110686112843,27.1143856551914,26.8309135176193,26.8223733972326
"Q9BW19",6,7,9,8,9,8,0.0485073576003443,0.146110772895409,25.5610745231366,25.4503405120514,25.9631240663716,25.9049067644628,26.2698962709122,26.2356692523593
"Q9BW27",8,8,9,7,7,8,0.963671725350266,0.975751765528207,27.108457786438,27.3158225487049,27.0259501566147,27.2938730076244,26.9147104914129,27.2192924450221
"Q9BW71",2,2,1,2,1,1,0.629498278243134,0.745235222823436,23.7223246290333,23.3447506613602,22.4811379263287,22.6869921137341,23.279435487742,23.0388734499578
"Q9BW85",3,4,2,4,4,3,0.103401228722441,0.24357522128361,24.6571679017881,24.4144143015452,24.0678206935562,25.2881328614914,24.8752946294715,24.4914001627422
"Q9BW92",4,3,1,4,3,3,0.827014103394555,0.886889222132888,25.5497869546214,25.0367455582355,24.3856755705102,25.7215488900851,25.0215755486449,24.5172394880613
"Q9BWD1",12,12,12,11,11,12,0.903829529098413,0.934844249110492,29.9350970359251,29.9309822378834,29.7603954443535,29.860516861335,29.7615593736746,29.958942768256
"Q9BWE0",5,7,5,7,6,7,0.125975097344821,0.274292838309366,25.4058217781017,25.9205623693247,25.523530752946,25.7346343032709,26.0199197294439,26.1215883725412
"Q9BWF3",13,13,12,11,13,13,0.627683415891844,0.744922896735669,26.6294214565114,26.5290580307395,26.4851364843072,26.3311997578698,26.8903393732684,26.6880166277315
"Q9BWH2",2,3,2,1,2,2,0.0922368351634713,0.225674475955231,25.1402810005598,26.6297621706626,25.1172485358877,23.7798002033707,24.5300076383513,25.21061525998
"Q9BWH6",4,5,4,5,4,6,0.488696288743823,0.631790364587931,24.6584859240092,25.0660086960205,24.9123423207856,25.1662762018015,24.5924448371424,25.4385285664049
"Q9BWJ5",4,4,4,4,4,4,0.754326355004662,0.837377625901569,27.8503466991379,27.6318647433914,27.622556748317,27.3401080914882,28.0211241500294,27.9571766055254
"Q9BWU0",9,8,8,9,9,9,0.0155670363469914,0.0645808887478859,26.3316766227035,26.2673535401437,26.2988135868819,26.606249123496,26.7482038886412,26.6340265156125
"Q9BX40",6,6,6,6,5,5,0.916400436149389,0.941949247657828,25.869602100195,25.7879393071099,25.8819587346282,26.0233595203999,25.926756771904,25.5362640674192
"Q9BX68",1,1,1,1,1,2,0.748412015483545,0.833935382794482,22.9373026163094,23.7208261374323,23.6219618961085,23.2649915845934,20.1365927239098,25.5301833283813
"Q9BXJ9,Q6N069",21,24,24,26,24,24,0.225058861019101,0.387811009329189,29.2577294058553,29.5691089779872,29.377113807312,29.5651352868513,29.6901225209678,29.4946913118954
"Q9BXK5",6,5,6,5,5,5,0.781267853576072,0.854892532151806,25.867453672164,25.8107092166818,25.8815810735722,26.4298958155479,25.2224962661575,25.6326212423637
"Q9BXL5",11,13,12,12,12,12,0.43058632194318,0.582144409029711,29.3546769300822,29.5820450946943,29.3973291432784,29.511828110148,29.6306445487166,29.4975175662115
"Q9BXP5,Q8IWL3,Q58EX7",19,19,20,20,20,19,0.537728241983414,0.671628424890757,29.5814746713908,29.549683283262,29.539601228058,29.5986368174335,29.6420041691332,29.6265616135854
"Q9BXR0",2,1,3,3,4,5,0.00351176992020863,0.0204047476490607,24.4522607407641,23.8499646609082,24.6982548783686,25.3144561033609,25.9137921450731,25.8840839814858
"Q9BXS5",4,5,6,5,3,6,0.668813200329165,0.774455633852044,25.9248399998271,26.2223434242436,26.4563291964721,26.0727404965868,25.8282210665947,26.4105130221723
"Q9BXV9",3,3,3,3,3,2,0.424808291221342,0.577101583926616,25.0647087573416,24.9223500592356,25.0230694467278,25.0655887118239,25.1194286266691,23.9669980841247
"Q9BXW7",3,2,0,3,3,2,0.620358198092959,0.737487198961578,24.896787550291,24.2591068886816,NA,24.8420048985615,24.541944152492,23.6668149894425
"Q9BXW9",5,5,3,3,2,4,0.240060098258645,0.404181185434806,24.7866940731426,24.4073617336635,24.0059916423091,23.9010970065481,23.3908575638656,24.5303789802621
"Q9BXY0",2,2,2,3,3,4,0.0578423067714293,0.16628428656943,25.7012604859713,25.3660109885463,25.6529695498607,25.6740164149988,26.3275389201622,26.3226752568412
"Q9BY32",4,4,3,4,4,4,0.454214455271542,0.601215202719224,26.576543241138,26.5222086572644,25.9806766804231,26.6206150964486,26.5206884302879,26.407838014535
"Q9BY42",2,2,2,2,3,2,0.181883107666565,0.34203383378818,23.8934840356403,23.7657236815778,23.7894838432111,24.0178806098102,24.6738300301504,23.8398894267517
"Q9BY43",3,5,3,3,4,5,0.00467082445693478,0.0252594585995477,24.6386487430802,25.2375875194141,24.7198084392115,25.6077916429005,25.9608136988396,26.17755385271
"Q9BY44",15,14,15,15,17,16,0.0891544210474001,0.220877552101098,28.2520359501827,28.3043807156718,28.2973241225323,28.4901390791067,28.7007314872872,28.4170428818633
"Q9BY77",7,6,7,8,6,7,0.557313001348431,0.687588658967007,26.6034967905649,26.5336919588377,26.852017603831,26.8285822753998,26.5615294916207,26.8850241542404
"Q9BYB4",4,5,4,5,5,5,0.243286705815241,0.407711065385793,25.570907055279,26.1332820232429,25.9146173594308,26.1674688744763,26.4105722499831,25.8751986745953
"Q9BYC9",3,3,3,3,3,2,0.450067718594501,0.598832978673338,24.8302461617788,24.8787815073353,25.144675116672,25.3273995122912,25.4180397014878,24.6782117443714
"Q9BYD1",3,2,1,3,3,3,0.122956237549848,0.270251762929414,24.9816590425753,24.4693583217527,22.8144070486459,25.3888101237327,24.9914248789481,24.9824439416666
"Q9BYD2",3,4,4,3,4,4,0.832773518892428,0.88985382778203,24.9283209284723,25.5463080876805,24.7918551652093,25.038836629669,24.945274264136,25.4513684220356
"Q9BYD3",5,4,4,3,3,4,0.435753814054719,0.586219290764716,24.9416200294147,25.3118263475647,26.1774315480111,25.1300296853977,26.3135577857382,26.1088054104638
"Q9BYD6",4,4,4,4,4,4,0.0267809141704985,0.0963464369481394,25.5947610990792,25.8589985758592,25.6503583786015,25.979626288088,26.0910117582006,26.2154211136442
"Q9BYG3",8,8,7,8,8,8,0.142676392319325,0.295594117147216,27.5657756826784,27.4136184165876,27.4069086312787,27.731959774632,27.9192261834853,27.4963018821973
"Q9BYJ9",2,3,2,2,2,2,0.275674543545193,0.441481331466954,23.3343704516223,31.4665219196264,23.9834209280445,23.9477357857819,23.5808525067461,23.287041664236
"Q9BYN0",1,1,1,2,1,2,0.939260722222095,0.958683791524659,21.7723887484574,23.3678863610875,23.2085418214522,22.226643800578,22.4555839585006,23.5342864561606
"Q9BYN8",1,1,1,3,1,2,0.878012353754176,0.920062180217483,23.736917006718,23.2636390812409,24.5920479501343,23.4321294265292,23.5729353412273,24.3838928917846
"Q9BYT8",5,5,5,7,6,8,0.0501517483032948,0.149449251138609,25.8002457256016,25.5275616998464,26.198347178333,26.5657754509114,26.320789457368,26.2083286060587
"Q9BZD4",3,4,3,4,2,3,0.181606964720649,0.342019678897836,25.3349400883911,25.4095483577377,25.2555039468377,25.2431645042584,24.3928284060365,25.1984597611701
"Q9BZE1",5,6,5,6,5,5,0.00465005455527121,0.0251740895591371,25.9144468343683,26.2326718135839,25.9512772924408,26.7264736561089,26.7998181898902,26.5406829940494
"Q9BZE4",6,7,8,8,6,8,0.606205073272283,0.726784197744671,25.6712442508338,26.3440766211895,26.1256824688746,26.3306173011592,25.9279344822069,26.2411611340245
"Q9BZE9",3,2,1,4,3,2,0.127317242535984,0.276236852254834,24.505364586096,23.0372822886384,22.4923664835419,24.7488052947238,24.4998709902186,23.8171593271162
"Q9BZG8",2,1,3,2,3,2,0.222471164842662,0.38522518122053,23.3483810036378,22.9396639501572,23.9107067444041,24.3070424016003,24.0330138748516,23.3218196854904
"Q9BZI7",1,2,2,2,2,3,0.0107102658986378,0.0488686116115803,NA,21.4020101678611,21.9394546632568,22.6909786044835,23.7304577383541,23.7930406929807
"Q9BZJ0",2,0,0,1,2,3,0.586124002092662,0.710663731678482,23.8526123390699,NA,NA,22.9346632493176,23.3024519956389,24.2441974900644
"Q9BZK7,O60907,Q9BQ87",11,12,11,11,11,12,0.399036545178633,0.556540296811316,27.6615815324329,27.6263916675739,27.3325081645984,27.5852704810834,27.7630223821491,27.6525696615386
"Q9BZL1",2,0,2,1,0,1,0.903732706176333,0.934844249110492,24.9166015693778,NA,24.3868525259145,24.4573864591074,NA,24.7752259441154
"Q9BZQ8",1,1,1,2,2,2,0.0107327417738864,0.0488828482415692,22.4778018929167,22.0096068570937,22.5829612442055,24.2603083261064,22.9846703014869,24.0590694501896
"Q9BZX2,Q9HA47",4,3,4,5,3,5,0.0511073713217533,0.151581522340679,25.8426062587364,25.7261667460488,26.7264867217471,27.0704326840552,26.6550419548011,26.7986674177055
"Q9BZZ5",9,10,11,12,12,11,0.20257113354538,0.366208588238266,28.4711009266203,28.8710870073382,29.0958383457154,28.9517641284042,29.0498678794415,29.3227640134957
"Q9C037",1,1,2,1,2,2,0.108911780299516,0.250279072926685,28.6743718614026,28.9925393058991,29.582776014989,29.3887474149543,29.6670255500002,29.6552794305738
"Q9C0C2",5,3,3,4,4,5,0.135569510229406,0.287594118508495,25.1112606676127,24.8220344731692,24.2540304933294,25.0057532606233,25.2029941547194,25.2381525980496
"Q9C0C9",14,9,11,11,12,14,0.814349551098085,0.878905893717186,27.3636348654841,26.9835820793814,27.1908902983469,27.0155082689946,27.0094137965088,27.3868750564551
"Q9C0E2",2,2,2,3,3,2,0.875823123083397,0.917987672690234,24.765610702303,24.3947380715137,24.3470362388736,24.4477871630049,25.010601751181,24.1740160381472
"Q9C0F1",1,2,2,2,1,0,0.150240363542016,0.305132318556785,23.282672487755,31.1033987541318,31.035574470861,24.009572841448,23.6690358509423,NA
"Q9C0J8",6,5,5,6,6,6,0.000917344634452696,0.00794481778239074,25.0631715703773,24.9812091941865,24.8256017554507,25.8743912993616,25.6357111401409,25.843583218177
"Q9GZL7",13,13,12,9,11,12,0.639038792291902,0.752267500132583,29.1461811644362,29.1601820838839,29.0242179190096,28.8501138563979,29.2476133861518,29.0204547077958
"Q9GZM5",2,2,2,1,2,2,0.890258706785353,0.927343223166468,24.071246082577,24.1086989293084,23.7392028219836,23.8581496183257,24.0034593057797,24.1241462445499
"Q9GZN8",2,2,1,2,1,3,0.2434191491619,0.407797718877863,24.1334036425671,25.1183631323772,24.0233938138926,25.2857309229863,24.2603020599108,25.4433754672727
"Q9GZP4",8,8,7,8,8,8,0.535817356975988,0.669904324278642,27.5530278984117,27.7702793401933,27.4849402215194,27.5956725603995,27.7653451407732,27.7027861450607
"Q9GZR2",7,7,7,6,7,5,0.663659631147483,0.770962464794374,26.6060761678262,26.5527145397365,25.8711464507214,26.422883986717,26.8097256478106,26.1707922973595
"Q9GZS1",3,4,4,4,4,2,0.513324352164004,0.651457613763915,24.7247860293073,25.5324576992899,25.566554510476,25.5076495839609,25.7527726864609,25.1679206900402
"Q9GZS3",6,5,6,6,6,5,0.122921934232183,0.270251762929414,26.9538220370782,26.5035643789135,26.7839851864934,27.1214859476702,27.2211649941191,26.8499574995509
"Q9GZT3",4,4,4,3,5,4,0.884734110833531,0.924258943913168,28.4291140308018,28.6837757088156,28.6229729989757,28.0050359620497,28.8629979185155,28.7516730117607
"Q9GZT8",3,2,2,2,1,2,0.59906083980735,0.720956945882041,24.3354645549278,22.3350375653917,23.8507996256743,24.4556190819796,22.9111310438961,24.2525570230533
"Q9GZU8",3,4,5,5,3,4,0.775614890025652,0.85110380393647,26.0383741933292,26.2789152990999,26.1931506340568,26.2128598815129,25.9127109886669,26.2536070318162
"Q9GZZ1",7,7,7,7,8,7,0.456689539345718,0.603078377510665,28.2443264377288,28.352384855963,28.1148829075089,28.1904646513618,28.5099866486965,28.3422385284527
"Q9GZZ9",6,7,6,5,6,6,0.0732137240837886,0.19514644873204,25.7826338501453,26.2966238456596,26.1060111239485,26.3097760544139,26.4989167493965,26.483944060271
"Q9H000",2,3,3,3,3,2,0.206088844053136,0.37018111359308,25.0112217525146,24.6385127054024,25.5897378283856,26.8040067945934,25.6263105149337,24.9999884732096
"Q9H074",5,4,3,6,6,6,0.00178898887710713,0.0123613992041971,25.983094274529,26.3352410815453,25.9481864452471,27.038443109249,27.0850254631349,26.8063050286049
"Q9H078",8,8,4,6,7,7,0.308701907545584,0.47451410073425,26.3418179096754,26.5581579618709,25.85016993385,26.2194710764349,26.5537480393751,26.8068819912364
"Q9H089",4,4,3,4,4,2,0.276808121417877,0.442706169657405,25.0122530526268,24.9027018885211,24.8983804576717,24.5376841027163,25.2224962661575,23.369342074952
"Q9H0A0",12,15,14,14,16,15,0.0205032920189089,0.0798643623102309,27.5939159258317,27.9840994525413,27.98207726978,28.3732035164922,28.4096624401125,28.2419549562522
"Q9H0B6",1,2,2,1,1,2,0.74083153781739,0.829514541679369,21.7303459066065,22.6762197883091,23.3136537299598,22.1780248167773,22.5444871841859,23.5468302615424
"Q9H0C8",6,5,5,6,5,4,0.359181838384036,0.523435506542922,25.9060477912171,25.4866423920041,25.7854521287255,25.8205370094097,25.9761875385583,25.8305452651782
"Q9H0D6",11,12,11,10,12,12,0.278434401801362,0.444211043429779,26.945379833637,27.0791356148757,27.2569758970134,26.872709113251,27.731255197206,27.6009413115209
"Q9H0E2",2,3,2,1,1,3,0.688381499081055,0.790953151306309,23.7845556501376,26.9357556685526,23.9944195518121,23.1091674047718,22.8197270399681,26.9867075354336
"Q9H0E9",4,3,4,4,3,4,0.542471345809976,0.675714615952205,25.026057513279,24.6282464186478,24.9318259582966,24.9328329212884,24.2684390137367,24.9311201564268
"Q9H0G5",2,2,3,1,3,3,0.221430788436674,0.38431837130012,18.8436189495961,22.6452848144888,24.5185281255426,22.8768916475581,24.8898175085346,24.4093433165876
"Q9H0H0",0,1,1,2,2,3,0.287327263529431,0.453669899370789,NA,22.8487751362778,NA,24.8809907621295,23.8107707004031,22.9714022055588
"Q9H0L4",3,3,2,3,3,3,0.377206961606228,0.537605068587205,25.008922112887,24.8562265110076,24.2563014395988,25.0083677501562,24.8661639700935,24.8797468903537
"Q9H0P0",1,3,3,3,2,3,0.548645934726062,0.680051684981924,22.5873945996081,24.5910364831227,24.5821492381461,24.310631805872,24.2430291889165,24.2956177723162
"Q9H0S4",6,7,8,10,8,8,0.0232328124706352,0.0875085278069935,26.5381663049924,26.7154203645848,26.969460154879,27.6718614356248,27.2021536939871,27.1782318360711
"Q9H0U4,Q92928",3,3,3,3,3,3,0.750961034397978,0.835301516129528,26.4343608533355,26.56923436976,25.7519600655462,26.6966852787635,26.7775714431065,25.6631999123633
"Q9H0U6",2,2,2,1,1,1,0.0159154820857634,0.0656237551144416,24.2799503474595,24.316704113107,24.4520249951199,23.4894824438754,24.0415458604883,23.2786804994343
"Q9H0W8",1,0,1,2,0,1,0.438109634284846,0.587578550678801,22.5219952606402,NA,21.7296928348859,24.322720933275,NA,21.7053308895102
"Q9H0W9",2,2,2,1,1,2,0.171847520981686,0.33129840781622,25.1337913653808,24.0129737771172,24.576462187429,23.883457798388,22.057697178738,24.5474380261551
"Q9H1A4",3,5,5,4,5,6,0.0761695567315484,0.200590422862905,25.1192017279599,25.780420414584,25.6144456676067,25.7659318672635,25.9847783359686,26.1919900682099
"Q9H1B7",0,1,1,2,0,0,0.615642641377989,0.734143369787594,NA,27.357222030481,27.3925415977963,27.2521649538163,NA,NA
"Q9H1E3",3,3,3,3,3,3,0.804381742196992,0.872435512097274,27.3440349902605,27.1410974017299,26.0140299745426,27.1248492802104,27.3489593982762,26.3674815716422
"Q9H1I8",1,2,0,2,0,1,0.810760119732654,0.876342684521643,22.4263436585904,23.1807174117612,NA,24.0328731366805,NA,21.9947798902256
"Q9H1K1",2,2,1,2,2,2,0.747332750358683,0.833499709025511,24.1552118906294,24.2816268015332,23.3458263350125,24.097389929827,24.543272118372,23.5127197630586
"Q9H1Y0",1,4,3,2,4,4,0.129181398350178,0.277419072794482,22.6247518729469,24.8926763368796,24.3791006124056,24.5881637445001,25.4340658120637,25.1899567956566
"Q9H223",4,3,2,2,3,3,0.82572130936839,0.886443854116841,24.7776802914225,25.3893507486172,24.1530330358228,24.4322941869927,25.2900407298693,24.8594664239757
"Q9H267",3,4,2,2,2,4,0.459451647604627,0.605450110109828,24.3635063018629,23.9214073779883,23.6950006776485,23.6795160149791,23.653327637304,24.1039308026992
"Q9H269",1,0,0,1,1,1,0.00666852983231532,0.0336490950879368,21.2083242497319,NA,NA,22.3066666295627,22.3801807566591,22.6119204136118
"Q9H299",3,3,3,3,3,3,0.259650751947549,0.426364092356005,28.3219456724528,28.0281415502805,28.0775372555268,28.6434365774305,28.2656153519982,28.1721095284769
"Q9H2G2",13,11,15,15,12,14,0.74705314157409,0.833499709025511,27.3829720297758,27.0292358136849,27.3831643269342,27.3924329539923,27.0462367529203,27.5469822267004
"Q9H2H8",2,2,3,1,0,2,0.84166010057089,0.895560389295042,24.2928928785583,23.6643798644584,23.4153645558567,23.3352703837876,NA,24.0891314774454
"Q9H2J4",8,6,5,8,6,4,0.481547164372591,0.625866035801608,26.8002728645898,26.91922506552,26.6612844164701,27.1861967296927,26.9907078082274,26.6167563587704
"Q9H2K8",7,9,7,8,7,6,0.66834662079827,0.774175867942758,24.9643239581811,25.6524040925517,25.1686603509635,25.5163655165604,25.549789358928,25.0452874945974
"Q9H2M9",9,7,7,9,11,6,0.0775157261725926,0.202434638256105,26.0942725732789,26.4500954081731,25.5554572790208,26.5361344183744,26.8043432653122,26.4251976830108
"Q9H2P0",8,10,10,11,10,9,0.0865919225529455,0.216522673670756,26.1216580826915,26.9951083327625,26.5698646353032,27.2520588927951,27.0433993510103,26.9268162273414
"Q9H2P9",5,5,6,5,3,5,0.524277464267559,0.661053144487811,26.2379687408363,26.2609866826248,26.3342813566592,26.6299176611551,25.1201313405735,26.2761493379949
"Q9H2U1",1,4,3,4,5,3,0.168695632809738,0.327849804279332,22.8635004977881,25.1104232799558,24.5021228756769,25.3931256508163,25.1846587127595,24.7214021411805
"Q9H2U2",7,7,5,6,6,6,0.454061250751938,0.601174507812505,27.1198107721016,27.2921638692152,26.6013481921134,26.9275298642574,27.437227224735,27.2170368780526
"Q9H2W6",2,3,3,4,3,3,0.0465990123958135,0.142304481022524,24.9251884708795,25.4470417379742,25.5498639790234,26.078158940807,25.6335143835209,25.8753087040374
"Q9H307",13,14,13,13,12,13,0.260964639340594,0.428104057586665,28.6506725623997,28.9094032211447,28.6623261989496,28.8593685373353,28.9693532737516,28.8629995292448
"Q9H3H3",3,2,2,3,2,0,0.389103504964329,0.546997440460569,24.4331362585409,24.4455671200606,23.7305760274699,24.374850701413,23.1749881026468,NA
"Q9H3K6",5,5,5,5,5,5,0.0999751127104494,0.238045613127344,28.2426797247766,28.3717088920298,28.2331802374718,28.3821477780165,28.6490410254111,28.5486734851211
"Q9H3M7",2,1,1,2,2,2,0.297649589048508,0.46445105785728,23.4228789240748,21.7739809931853,21.9367325674802,22.1103660921053,23.4876668681058,23.6282666220619
"Q9H3P2",5,5,5,6,5,7,0.235880725897562,0.399273976711992,25.7979098606905,25.8288584194724,25.5609793254018,25.8455239090212,25.7803600057003,26.2570902929452
"Q9H3P7",6,8,6,7,7,8,0.087195982449656,0.217461809848935,26.737030430598,26.6331248177476,26.4338654475071,26.8300040701743,26.9584580641784,26.818029648483
"Q9H3R5",3,2,2,3,3,2,0.341601638185455,0.506152042265463,24.3804510240406,23.6843373086837,24.00963444558,24.0302037669894,24.7226439030091,24.1491146125271
"Q9H3S7",6,4,5,7,5,7,0.0490675186483623,0.147189002783695,25.6875340586277,25.5101891642758,25.8208821910184,26.0048219618338,26.0291779113994,26.705944722256
"Q9H3U1",14,14,14,15,13,15,0.456696652935715,0.603078377510665,26.9673001597285,27.2260224502916,27.4811405502479,27.3176825889628,27.175695822075,27.6594863110196
"Q9H3Z4",2,2,2,1,2,3,0.374453724749882,0.536028119255748,23.3204647406862,22.8277813325199,24.1275779380264,22.0781062928563,25.2796367846644,26.0059905637356
"Q9H444",5,5,5,5,5,5,0.529186251340744,0.665567668207694,27.4233547615131,27.6003066171678,27.3600931699464,27.3887715340378,27.290748310793,27.457584087831
"Q9H446",2,1,0,1,1,1,0.668418325103616,0.774175867942758,24.5958872270954,23.7679104450257,NA,24.186840497638,23.9503936717126,24.0175614936153
"Q9H479",3,2,4,3,2,4,0.572469813524037,0.699454530263646,26.4841002547007,24.4802284518004,25.3456245856832,26.3105299573117,24.0415458604883,24.5924128823471
"Q9H488",1,1,1,0,2,1,0.635000793182228,0.749740672913341,23.2061628103178,23.4573220749018,23.2444780232506,NA,24.2987985758187,22.7882616982835
"Q9H4A3,Q96J92,Q9Y3S1",2,2,2,2,2,2,0.890008890027322,0.927343223166468,24.3411465243964,23.7594072201079,23.557026495387,23.919698810153,24.0580688283903,23.7800294378355
"Q9H4A4",16,18,17,17,18,16,0.0865016462131457,0.216439410946391,28.8009172655591,28.9082884917932,28.9341471776067,29.1658483996965,29.1877848500997,29.0053774016228
"Q9H4A6",3,3,3,3,3,3,0.140095786375715,0.293011932498442,25.7433397469914,25.5899492231747,25.642027058961,26.116880558629,25.8326008971575,25.7511334960222
"Q9H4E7",0,0,1,0,2,2,0.00434131779282407,0.0240175204507715,NA,NA,22.5674049987241,NA,24.5607704871098,24.5501422350835
"Q9H4L4",4,4,4,3,3,3,0.417045989074308,0.570094530666936,25.026150338851,24.362629162409,24.6958149162408,24.5493316630688,24.5187533920737,24.520057142644
"Q9H4L5",3,5,2,3,2,4,0.746090156701447,0.83281798486166,24.5163099765159,25.487571510313,23.7412200256279,24.1658258802818,24.2897492721189,24.8132593429174
"Q9H4L7",6,7,6,7,7,7,0.0428694997064375,0.134744146245934,25.5106486414255,25.9239198271298,25.5147391031693,26.4944940832374,25.9263550599141,26.1364824839095
"Q9H4M9,Q9NZN3",18,17,15,16,17,17,0.0771924957663634,0.202020360681814,28.3430572864439,28.1860256599679,28.071537430237,28.5615023151505,28.5345305556409,28.3523524473275
"Q9H501",7,8,9,9,9,11,0.256541558520953,0.423046494315813,25.6817121080366,26.3367591727949,26.569988000564,26.2128816786052,26.5837253693804,26.9249039655934
"Q9H583",32,30,35,35,32,34,0.153060346987306,0.308995928310505,29.0751991664925,28.9798609382411,29.0121925652216,29.4433211497454,29.1155047109912,29.1658261990325
"Q9H5Q4",3,2,2,3,4,1,0.73487522439778,0.825223378931344,24.9512823383241,24.661983243426,24.6226281141028,24.6761049388155,25.5643549957207,23.41970089207
"Q9H5X1",2,3,3,2,2,3,0.38298430552494,0.542623766397327,24.3365877701826,24.7845088121821,24.9089912923103,25.1021990749113,24.4520012093413,25.2422877194969
"Q9H6D7",2,1,1,2,1,1,0.0547193625801481,0.159853962054557,23.4331362585409,22.8335722043801,23.3478998351088,23.3619033613637,24.5442498379647,25.0801860962286
"Q9H6F5",8,10,8,11,8,10,0.656266499042132,0.765720047738925,27.6576922593985,27.7814165416069,27.9439851838329,27.9871777759243,27.63144572072,27.9848220922705
"Q9H6R4",13,14,12,13,13,12,0.486908776726556,0.630756338371565,27.4338886327659,27.6367189776556,28.0696628092357,27.7257864221071,28.1497190497671,27.7527514383365
"Q9H6R7",1,0,1,2,1,1,0.13771143463777,0.290672986358286,22.8573364598873,NA,21.3295266186323,23.3630509213453,23.1503406633058,22.6020826137309
"Q9H6T3",13,11,12,12,12,12,0.307489351677218,0.472938098453601,27.2701274889188,26.911926756749,27.4250948245679,27.4045073901419,27.311200691558,27.4461484130665
"Q9H6V9",3,2,1,3,3,3,0.0657380782319065,0.18065453381358,25.2252091032808,24.98523702082,24.0933815335915,25.3173785116003,25.4649299653634,25.7127338879186
"Q9H6W3",1,1,2,1,1,1,0.291744862294701,0.45820998117243,22.749003072264,21.6924094101595,22.474447179121,22.6053361041375,22.4703558099641,22.8963064078326
"Q9H6Y2",2,3,2,3,3,3,0.0449106066473913,0.139444775438372,23.291827765892,25.0092076220295,22.8194300987443,25.1127044099709,25.2187393594617,25.1646112599808
"Q9H6Z4",8,9,6,11,9,9,0.0309057768008898,0.107544204823386,26.9513801017612,27.0518462163082,26.6508250059334,27.2557663970515,27.3335905955816,27.2874386088088
"Q9H773",8,8,8,8,8,8,0.0440677595501743,0.13797303843341,28.0958543849272,28.0921092632503,28.1470337805177,28.4605659637234,28.3582714777094,28.3305292178492
"Q9H7B2",3,1,2,4,3,2,0.598192616264954,0.720255281228673,24.7794435059913,23.4799083389983,24.0404461290106,24.9581757694029,21.6647780674051,24.1729422580786
"Q9H7D7",6,6,5,5,6,5,0.899119713212431,0.932116098829286,26.0191018377278,25.9887849795742,25.830285331958,26.0850345006719,26.0826480074105,25.6010610709311
"Q9H7E9",1,2,0,1,1,1,0.269003514814532,0.435353012921563,23.6848318316933,24.5600267708046,NA,23.2378271389472,23.0120461988716,24.2640989149246
"Q9H7N4",3,3,4,3,3,4,0.284102597919009,0.450378132285104,24.6068521858326,24.5598248540735,24.5260255765637,24.4570920465681,24.7288614970294,25.5508312736015
"Q9H7Z7",5,4,6,4,6,3,0.676644082628806,0.780925177547664,26.3106252239163,25.2586404449048,26.0570704257995,26.1802114963491,26.4476222033043,25.4889574248206
"Q9H814",3,2,1,3,3,2,0.390215192280816,0.548255058751155,24.6760440539308,24.0304203298427,23.7872784058659,24.6297707280808,24.2560458170288,24.3385162446161
"Q9H832",1,2,2,2,1,2,0.855509975109202,0.905528265774639,23.1889527337183,24.0673232246225,23.9017954007987,23.8301177532476,23.3084164134076,23.8543402833552
"Q9H845",3,3,1,3,3,1,0.912224552071051,0.939185938139192,23.9420136706288,24.7975828685205,22.7919397832357,24.0806694524539,24.861240664288,22.3106931474763
"Q9H871",3,1,2,3,1,2,0.164696769157894,0.323424818673577,24.5730688728449,24.3036197151077,24.2008508196515,24.3727450892063,23.2501343845361,23.9800720963416
"Q9H8H0",10,9,8,10,9,9,0.133788183493391,0.284945583484018,27.584018812092,27.1847167961532,27.1811512951467,27.8586373095188,27.4008700328309,27.6701166431203
"Q9H8S9,Q7L9L4",4,5,5,5,5,5,0.0891643889792394,0.220877552101098,26.9645177190572,26.5472505012538,27.1569639753727,27.1222985047409,27.3270114858772,27.4189311769955
"Q9H8W4",3,2,1,2,2,2,0.722096852154547,0.817050000052109,25.0498106627493,25.0229690552825,24.8753253675359,24.5052309831583,25.2887078706554,25.4562901380969
"Q9H8Y5",0,1,1,2,1,1,0.399758401739749,0.557015086120682,NA,23.2072588572624,NA,22.1876392584082,NA,23.1337882168682
"Q9H8Y8",6,6,6,5,6,6,0.493031127373331,0.63528066948028,27.2619724845103,27.3852685256425,27.4082892008011,27.3668995802948,27.4308219345855,27.5012297827249
"Q9H900",2,3,3,2,3,3,0.426107674395999,0.577790567348776,22.7083469470942,23.4020777482576,23.7198529153592,23.045715707996,23.7771853662279,23.9133125620495
"Q9H910",8,9,8,6,9,7,0.17250514807887,0.33202904731771,28.186062244371,28.4129897760699,28.3319626878609,27.9690957613758,28.3377251174535,27.8149353337483
"Q9H936,Q9H1K4",2,2,2,1,0,1,0.0014280775528015,0.0106076760576476,24.5430885480371,24.364653429671,24.4989126280567,23.4571803766386,NA,23.5936973712649
"Q9H939",2,3,3,3,3,3,0.363130018912548,0.526399425929862,24.5178951380993,24.826069751248,24.7866415949789,24.9967169831217,24.6125598868097,25.0256340375429
"Q9H944",2,1,1,2,1,2,0.832517987654182,0.889843638454266,23.6036834062867,23.5867320690667,23.4684242738758,22.2856314462146,23.3328228929469,24.6517348614561
"Q9H967",3,3,2,2,3,3,0.732818110728374,0.823829129154021,25.1495989459934,25.0911315436576,24.1666060423547,24.1453231721934,25.1173184289342,24.7448603242515
"Q9H974",2,2,2,3,3,2,0.31117154835329,0.477400613161887,24.4114114873861,23.6577913448617,23.6755949956743,24.5529867637197,24.4914229632869,23.7544154259306
"Q9H993",1,3,3,2,4,4,0.0806703823057972,0.208316002569827,22.5133330959476,24.732831616505,24.3589084509536,24.4607678920159,26.3777851760362,25.5337010090302
"Q9H9A5",2,4,4,2,2,4,0.800610119094263,0.869966669617565,22.814165918964,24.5993614046232,24.6520142229472,23.1707537487578,23.4316600062571,24.9151118078128
"Q9H9A6",3,4,3,4,5,5,0.0146915673778969,0.0618392556881311,25.2171410663163,25.8177134775673,25.4713332007984,26.0066588125146,26.2865393446761,26.62737843996
"Q9H9B1",7,6,5,6,5,7,0.850054652759738,0.901643437860024,25.6788218211978,25.5391050699641,25.1297554901972,25.3477513158952,25.4961945974387,25.6116668309701
"Q9H9B4",7,6,6,7,7,6,0.313661566656333,0.479516495171855,28.0640533926081,27.9452070985352,28.0801814205423,27.9754695499543,28.3474098599282,28.230302636142
"Q9H9H4",2,2,2,1,1,2,0.0238061889989684,0.0890044860353734,23.8885911204746,24.1175745402135,23.7455955446948,22.2155123475606,22.6693175497912,23.5642977135663
"Q9H9J2",4,4,4,4,4,4,0.476105332811048,0.620916095024168,25.7267863991012,25.7148537352068,25.563286348011,26.3463610343567,25.7029846719048,25.5038653633089
"Q9H9P8",3,0,1,2,2,2,0.0472121295177708,0.143904041964087,23.2872651347199,NA,22.2593890968362,23.7195865399862,23.5812608359269,23.699297489251
"Q9H9Q2",2,4,2,3,4,4,0.171577383192147,0.331157369226306,25.2016082879834,26.1309053437729,25.2259016930235,25.3940871783182,26.6197663200219,26.6031353226974
"Q9H9T3,Q02908",6,6,5,5,6,6,0.418903888608564,0.571705901475778,25.6253218453152,25.5800023854367,25.5076721563207,25.4457112357674,25.5475621716989,25.4401063398336
"Q9H9Y6",1,3,3,4,4,4,0.227352546555352,0.390465050204381,22.2265992165892,24.4702180603403,25.4251084637853,25.1546580894265,25.1298870442866,25.0996425500005
"Q9HA64",3,2,1,2,1,2,0.546444051474529,0.678118960317169,25.0035577036058,24.4784135393847,23.6562036413617,24.4946554595246,23.7873669096771,24.1162727927714
"Q9HAN9",3,2,3,3,3,3,0.113156915657062,0.255958612173677,23.8930769259259,22.788150479779,24.1065044897096,24.4059190479036,24.1792741766226,24.2363376070755
"Q9HAU5",5,7,4,5,5,6,0.263112130534352,0.430124474589156,25.538703206512,25.3596744218189,24.2879049701999,25.4324065128852,25.3502177978018,25.7322801489348
"Q9HAV4",19,19,22,23,22,20,0.033006161277585,0.112416804189536,28.8985188720652,28.7423045303018,29.0151630108381,29.2848810045521,29.236422557394,29.1654438285572
"Q9HAV7",5,5,6,6,5,6,0.536487860223123,0.670410732802324,27.495693635102,27.8837708457035,27.7587729193005,27.8621855208454,27.7228752338908,27.8341385016702
"Q9HAW4",1,1,0,1,0,1,0.306183007622145,0.472085550238662,22.6296230769492,22.1376144694697,NA,22.6447524434551,NA,22.6842634488914
"Q9HB71",9,10,11,10,10,11,0.136508886187309,0.288738016805736,31.2464817876556,31.2839455329029,31.197592842576,31.59153958536,31.3765211967902,31.3729740795177
"Q9HB90,Q9NQL2",1,0,2,0,1,1,0.00470874278293091,0.0254372832049027,23.8739151702763,NA,23.7510898712736,NA,22.5259690441757,22.7992706383866
"Q9HBI1",1,2,1,1,1,1,0.827979441314948,0.886982854312154,22.3270350550034,25.0843741774823,22.06234508517,24.0626890156027,21.9651954044292,22.7864654860326
"Q9HBM1",6,6,6,6,5,6,0.177368717001045,0.337307752097996,26.6937271176489,26.7937031267494,26.6173136119771,27.0619873803884,26.7994087736636,26.8346478579459
"Q9HC07",3,2,3,3,4,3,0.0521899536173005,0.153766401133376,25.9868430559668,25.6721531760287,25.8479129742609,26.3297934264277,26.2124267366314,26.0297918341899
"Q9HC35",5,3,5,5,6,7,0.713415216208083,0.811590147988069,27.3879466892454,27.3841998362129,27.6724730729063,27.5314054393402,27.2314991403894,27.9271877618536
"Q9HC38",10,11,11,9,9,10,0.414827116619992,0.568393900928461,27.6555936844976,27.8683635717337,27.7078839799769,27.8269454772989,27.7768288958458,27.94464769447
"Q9HCC0",3,5,5,5,6,5,0.00130062066215978,0.00993863080872773,25.2438076764544,25.4355600734881,25.9040871189595,26.6070288824451,26.721779939831,26.6923946886134
"Q9HCD5",2,5,4,5,5,6,0.0652834391365628,0.180093058338167,24.9457969854627,25.9438827845012,25.996550509807,26.2310328397727,26.303137014478,26.4721780116346
"Q9HCE1",17,18,18,15,18,20,0.624330124159891,0.741474596080792,27.6765172432396,27.9361932540431,27.9175676173737,27.6494886671889,28.0089079870407,28.1404155964497
"Q9HCE5",1,2,1,2,1,2,0.612640400034251,0.731893722935904,21.829374050691,23.0417858496238,22.9275035383057,22.866332116295,22.5263932040709,22.9820025830538
"Q9HCG8",4,6,6,7,6,7,0.0452461025343486,0.140047191632023,24.7851042659715,24.9778125736393,25.277698990327,25.3964690048307,25.3438145248822,25.5914487645932
"Q9HCN4",3,2,3,2,3,2,0.000174728519728767,0.00360226021693878,26.5637467888514,26.5843268948957,26.6236268646036,25.4326311384369,25.6970311415029,25.4737484978641
"Q9HCN8",4,5,5,5,5,5,0.154438187841723,0.310855729750454,26.8983604125075,27.5958821112957,27.4280923504042,27.5890541051794,27.6666648411692,27.6704971173982
"Q9HCS7",6,9,6,9,9,9,0.0322441212160512,0.110367148134111,25.4765796727309,25.9511370803182,25.237691336752,26.0035876942048,26.5991138569814,26.1844437224828
"Q9HD15",2,2,1,1,1,2,0.437040642169546,0.587099011595314,23.9374802990537,25.9302795030613,23.9654517815703,24.2719880899881,24.1163326127123,24.0239278563801
"Q9HD26",2,1,1,2,2,3,0.106302018786389,0.246500657638684,24.6951435360539,23.5005693268542,23.2354219947198,24.5082180777289,24.3967001679033,24.8823769865626
"Q9HD33",5,5,3,5,3,4,0.838198998832431,0.89413793940921,25.813859469888,25.5930852227355,24.9205699039785,25.9649214693998,25.0878780375652,25.4837420082057
"Q9HD42",5,5,4,5,4,3,0.117006159830276,0.262549139628043,25.8614053893721,26.0416340292235,25.7408255772205,25.5333966407249,25.8168517988787,25.4096776149671
"Q9HD45",2,0,1,3,2,3,0.267252914645006,0.433213886993557,24.7933085666628,NA,23.5374768037282,25.6076258597119,23.9464897883554,25.5362640674192
"Q9NNW5",4,3,3,3,5,3,0.0092541558403144,0.0436848048125496,24.131075114931,24.3439886796848,24.5715907897329,25.1848861075054,25.0572373743222,24.8088419400491
"Q9NNW7",4,4,4,4,4,5,0.504091575544877,0.644455788805082,26.152599485478,26.0851285095024,26.0756269759278,25.8581217452774,26.154609022042,26.0351003280156
"Q9NP58",1,0,2,2,1,2,0.351819587763317,0.515532561007401,23.0445872629653,NA,23.5279573718963,23.8563646567112,23.0625016746437,29.8596944481495
"Q9NP66",2,2,2,2,2,2,0.628684029713144,0.745070274690663,24.9349116432315,25.1275543713468,25.1151196449776,25.116577669673,25.2286347548537,25.0203900349249
"Q9NP77",5,6,5,5,4,6,0.929007791576301,0.950459460249523,26.0629906171249,26.4594613871395,26.4384673494661,26.3664685390484,25.9295121772829,26.7331546273673
"Q9NP79",5,5,6,4,4,6,0.688230642095131,0.790953151306309,26.9158753322629,26.9174531963879,27.1580312093549,27.0945298540167,27.0153438120223,27.0352775983651
"Q9NP81",6,5,4,5,6,7,0.0161482528212908,0.0664208672641203,25.8781639606486,25.670564459062,25.2093973715295,26.0925883925796,26.3869817473812,26.4816765683618
"Q9NP92",3,3,3,3,3,3,0.251734146336075,0.417024982992297,25.2348395973708,25.6598417159227,24.9850131637914,25.4770490796663,25.5676215413309,25.5806387867759
"Q9NP97,Q8TF09",4,4,4,4,4,4,0.138194045749027,0.290997651195129,26.7966044757315,26.1338925370755,26.4516501091633,26.9619157456798,26.7446234713236,26.7108854635262
"Q9NPA8",3,3,3,3,3,3,0.492619408692613,0.635236311796372,27.233011124501,27.3384375299552,26.6999017778177,26.2634686669997,27.5224436957301,26.6792204457171
"Q9NPD3",5,5,5,5,5,5,0.580214395256556,0.705673708268929,27.3641857227038,27.3419645441374,27.3544463270432,27.5584178014757,27.5222664931209,27.2165158614197
"Q9NPD8",5,3,4,4,6,6,0.120452503751896,0.26715192464482,26.014430423214,25.6374845742857,26.1517972661981,25.8815942051275,26.7251557122737,26.8886261183849
"Q9NPE3",2,2,2,2,2,2,0.077013126708232,0.201864713546072,25.650830599576,25.5024353965041,25.4253266737291,25.8860299845263,25.6948000802586,25.7905691663264
"Q9NPF4",4,3,2,5,5,4,0.0120219220465909,0.0532513481087018,25.7035839475048,24.8419743931807,24.6304568765675,26.3164658947807,26.4819778796791,25.9215620517634
"Q9NPH2,P11986",9,9,10,8,9,9,0.772250648448753,0.848333628820064,27.9515633903515,28.0817748528352,28.1436393971846,27.8766357537235,28.2128989466838,28.2196824738726
"Q9NPI6",4,3,4,3,3,3,0.699632495547853,0.800417607024282,25.3427871371494,24.5139201954965,25.1172485358877,25.1727004698429,25.0676205531885,25.0179602154046
"Q9NPJ3",3,4,4,3,4,4,0.755199651826768,0.837618234821477,26.0724825852629,26.8237592542193,26.7090046939623,26.0307973872313,26.3879740459441,26.8885170999815
"Q9NPJ6",2,2,1,1,3,2,0.0905639922640153,0.223032923287245,23.7788376440148,24.0001582969875,23.6357939876164,24.0599773640596,24.0019350636507,24.5038653633089
"Q9NPL8",2,2,3,3,3,3,0.188914084696943,0.350796955360439,24.2883336199679,24.4635956124807,24.6170987137987,24.5745893106757,24.7391446448022,24.6515806916829
"Q9NPQ8",5,4,6,4,6,6,0.997514654197444,0.997829370657423,25.942554751985,25.4699494470641,25.510143098102,24.4540708489129,26.4346308583682,26.028743615444
"Q9NQ29",2,2,2,2,2,2,0.0860590277952449,0.216045799897506,24.6539276420469,24.7662050540082,24.4959030124499,24.7676244918534,24.9765497452308,25.011727571361
"Q9NQ50",3,4,2,3,3,2,0.402566964794561,0.558463537263754,25.1765281218665,25.6292330413739,24.3897068551197,24.8703065310594,25.1806221958825,23.9170798390744
"Q9NQC3",7,8,7,8,8,8,0.979291164455512,0.985873414314106,28.1212779473577,28.3337951995417,28.2920988540861,28.1320136595741,28.3179542234808,28.3072702040345
"Q9NQE9",1,1,1,1,1,0,0.870485881812862,0.915242337434797,21.4140244486438,21.7057937675957,23.6135602335844,22.063636890817,NA,NA
"Q9NQG5",9,9,9,9,9,9,0.272499977617753,0.439160948618025,27.081689235017,26.9768865516005,27.1666223579125,27.5192062845787,27.1308404003266,27.1351414928344
"Q9NQP4",2,2,3,3,3,3,0.0761084665335663,0.200590422862905,26.4623634595031,25.997626207168,27.5472346360645,27.4646907021879,27.659351087798,27.4942973433106
"Q9NQR4",6,4,5,7,7,4,0.687558435167087,0.790543513778501,25.7726266767899,26.0179984458245,26.1535435115792,26.1947199844788,26.2661339663117,25.0176412467893
"Q9NQS7",5,4,3,4,4,5,0.550626521888044,0.681750716513702,25.5242184246647,24.6981175280481,24.6621410481484,24.8961102288237,25.1444670922742,25.3808890502064
"Q9NQT4",6,5,3,5,5,4,0.526951909527886,0.663177009793048,27.5273533100877,27.1673441420217,27.0561195697844,27.2109622727282,27.1367557076518,27.0834090169404
"Q9NQT5",8,7,7,8,8,8,0.208817023215179,0.372445262560225,27.8433834912695,27.5333063661477,27.5848989171657,28.1751078080199,27.8677130118757,27.6723979851345
"Q9NQW6",1,2,2,1,1,1,0.509977781565147,0.648514041965146,22.804521954456,21.4301631670718,23.3825885100895,21.7800356109002,NA,22.3877484510385
"Q9NQW7",6,6,4,5,8,7,0.0868836264881248,0.217144580599465,25.5975747726622,25.7943683537975,25.2699133107562,25.6470063471425,26.3030957574884,26.1569380523623
"Q9NQX3",2,1,1,1,1,1,0.961688755325252,0.974421244362657,21.8104411104646,22.2788815647243,20.7902125926379,21.6467159268553,21.7093932352965,21.4650895902588
"Q9NQZ2",3,3,2,2,3,3,0.747810609806105,0.833633058956221,25.6608792474528,26.2246538655952,25.3820546208926,25.1452774876499,25.8948908114725,25.9100081055398
"Q9NQZ5",2,2,0,2,1,1,0.00329253074124484,0.0194055691645597,24.5099518555917,24.7087199150696,NA,23.5583491817681,22.8807343575043,22.8676924927747
"Q9NR09",5,5,5,7,5,7,0.424914034967944,0.577101583926616,25.0920129967069,24.4338808724533,24.8450205354392,25.2435486481452,24.5454361787912,25.2991980293636
"Q9NR12",5,9,9,10,11,11,0.0227096007974234,0.0860511580103418,25.9012479818944,26.5524608567675,26.811584312382,27.0368433278311,27.4042395800189,27.2846245621711
"Q9NR19",5,4,4,4,4,5,0.879663757366283,0.921238372954049,25.4770551036269,25.6745795994652,25.5742991522401,25.4730141765099,25.2433302386943,26.1275497012737
"Q9NR28",5,6,6,6,6,5,0.568173346457611,0.695551035617401,28.844469597843,29.0633537843646,29.0100573252891,28.8124538193066,29.3239139925628,29.0869525845342
"Q9NR30",29,29,30,31,30,29,0.0298286532101047,0.104919587301002,30.7949029835649,30.6170516509245,30.7347638244333,31.0437374089185,31.0292215592354,31.0111343677084
"Q9NR31",4,4,4,4,3,3,0.277233604416052,0.442994918034001,26.7090727630245,26.6036773299116,26.5063061751879,27.1922899026778,26.6819596139958,26.6222738661072
"Q9NR45",9,9,10,11,11,10,0.00154745732719082,0.0112610733642957,28.8820733664635,29.0235502861324,28.8538426452393,29.6532884890964,29.6023404488136,29.4847916489293
"Q9NR46",6,6,7,7,7,8,0.0916265688888823,0.224663009445507,26.6039166419984,26.6215629624021,26.2979796763047,26.8553596444512,26.8011625971727,26.7043353313025
"Q9NR50",12,13,12,14,14,13,0.0360184101187837,0.119454359494403,27.8951875609079,27.9064286933581,27.9405542784326,28.1734286934904,28.265985809816,28.1529953315193
"Q9NR56,Q5VZF2,Q9NUK0",5,5,5,4,6,6,0.920743372948794,0.944911742350268,27.5628992405718,27.0019987184578,27.2180667851256,27.3987702602024,27.4907348360028,26.9614324992961
"Q9NRF8",3,3,3,2,4,2,0.230707121524211,0.393962358936146,24.7975020547571,22.6112382426357,24.4792369552684,24.5727561096806,24.5549612475154,25.2170542420335
"Q9NRG9",5,4,8,7,7,8,0.0316380156917669,0.108932254437024,26.2623665558159,25.7986955638698,26.7821760308183,27.2052763367548,26.8759881995251,27.0653906688855
"Q9NRK6",2,2,2,1,1,2,0.0480591924479832,0.14553176322228,24.4064993927431,24.501620930546,24.4601946911102,23.5604063545691,23.440914304722,24.3684043059499
"Q9NRL3",2,2,0,2,2,1,0.697486328734976,0.79832391716301,24.2568792905593,23.5562867290174,NA,24.4754510083635,23.9779459768971,22.4127313372551
"Q9NRN7",7,8,8,8,8,8,0.182516924067655,0.342838595561817,27.6919582936808,27.7920387159186,27.7928385433907,27.7020682432554,28.2098213133392,28.1281869565123
"Q9NRR5",3,4,6,6,5,6,0.0238340626066281,0.0890427886287562,25.7901417670575,25.848022916742,26.6048444672701,26.7246708790868,26.8932199633254,26.8877537404046
"Q9NRW3,Q8IUX4",4,5,4,5,5,5,0.1865118347344,0.347499548964757,25.8024694289244,25.5071031284601,25.4429737934462,26.383513695982,25.6548479833437,25.767990582191
"Q9NRW7",3,4,3,3,2,4,0.465907503126215,0.611723108471669,24.8411560621024,24.6539656302134,24.5676422548264,25.1843970960085,24.3551210641519,25.1182451877277
"Q9NRX1",6,7,6,6,6,6,0.331107651265663,0.495680126420529,26.7213503578105,27.2284858116495,26.9426519121971,27.277813541187,27.0857451314442,27.0646189162541
"Q9NRX4",2,2,2,2,2,2,0.934851868453294,0.954891160274538,25.9300830520178,26.2138827835447,25.7580367730598,25.8332972477375,26.0143109673283,26.0961158912165
"Q9NRY4",2,2,2,3,1,2,0.968766982794587,0.979431951580356,23.1509446404185,23.2048073782683,23.2058768608617,23.8241943227292,22.3701019294583,23.4136528617448
"Q9NRY5",8,9,6,10,7,10,0.0217110616124889,0.0832314751747913,26.0804159040682,26.0256764187688,25.7417457891325,26.8155791418908,26.2407477712709,26.619123589086
"Q9NS69",6,6,6,5,6,5,0.577774890425098,0.703553753986782,28.1024174908372,28.0440179332434,27.6470292830478,28.2660970062964,27.9109253073502,27.9399737607226
"Q9NS86",3,3,3,3,5,4,0.00129032862810551,0.00990848121487135,24.2831386250906,23.9953136574204,24.7618433584896,25.5863140705461,25.6104942768563,25.6066388152094
"Q9NS87",2,2,2,2,3,3,0.803689940843184,0.87209935337358,22.1883224244133,23.8743635809044,23.5811213463366,22.0510901174766,23.9554424784082,24.2051632082787
"Q9NS91",3,4,6,4,4,5,0.800513662904228,0.869966669617565,24.5086237127675,24.7777968786153,25.5221797119135,24.4683837811934,25.0315703583793,25.619123589086
"Q9NSD9,P53847,Q6ZSS7",19,20,21,19,19,22,0.243066321547677,0.407561017315338,29.3139841252343,29.3553327348014,29.3683626203685,29.5695040903994,29.338983289128,29.6059228835645
"Q9NSE4",13,13,12,12,11,12,0.980907670061479,0.986768500593613,27.6498068136049,27.7993798731633,27.9056422374718,27.6617567606373,27.7881482709185,27.914822794608
"Q9NSG2",1,2,1,2,2,1,0.0931923716704464,0.227292728236511,22.2532359193185,23.3624555215542,22.5935050707924,23.6025436615994,23.4367985819506,23.0969879855498
"Q9NSI2",5,4,5,5,5,5,0.0789562859026288,0.204727002101734,25.9134937160327,25.388356149044,25.9806581204436,26.1695592974398,26.1403163780218,26.1663928206391
"Q9NSI8,O94885",8,7,7,9,8,7,0.739476803054841,0.828364899585275,28.9339843222383,28.8919145865034,28.4600615704604,28.8387527479079,29.2025408090938,28.4920030260937
"Q9NSY1,Q2M2I8",8,6,9,6,8,9,0.56817110153577,0.695551035617401,26.1986668868654,25.9622943660986,26.1985386928801,25.8358754373757,26.4601461280351,26.4446513877343
"Q9NT62",4,4,2,4,4,5,0.195302376400829,0.357571609639285,26.1642655181467,25.994865638668,25.3348041774971,26.2630055833368,25.9221974730906,26.5299596937372
"Q9NTI5",2,3,2,3,3,3,0.0340499684084004,0.115041063833331,23.033344685745,23.4082592111673,22.9281812142456,23.4615753226737,23.6472301805479,23.6404369469318
"Q9NTJ3",22,18,24,25,25,27,0.101012881611173,0.239643417793405,28.4770126608091,28.3559870017934,28.6226459549976,28.5544238525125,28.8576705639642,28.9645386330657
"Q9NTK5",15,15,15,14,15,14,0.154473942125052,0.310855729750454,30.232910591764,30.102911622297,30.0420923048947,30.3241291276678,30.2926456193703,30.3021025063981
"Q9NTM9",2,2,1,2,2,2,0.0148226849126508,0.0622387223462542,24.1089837416173,23.4469871493656,22.851709146602,24.7053410864739,24.7093185184549,24.4228358762591
"Q9NTX5",1,1,2,2,2,2,0.000190086496979696,0.00363284146766094,22.2140071162273,22.8113708905622,22.8845043721984,24.4597395989996,24.3311244150572,24.4260842423985
"Q9NTZ6",12,15,15,14,14,16,0.403318890970713,0.558944915065144,28.1457807383766,28.6379748212077,28.4521521664401,28.7178212118623,28.6341130853431,28.3693264504626
"Q9NU22",21,26,28,27,25,28,0.357034434787535,0.521208361304001,27.6769607173066,27.9827821375584,28.2155455545506,28.7242580623679,28.0854453132755,27.8772438499483
"Q9NUD5",1,4,3,2,3,3,0.498147447229482,0.639588905936989,21.707467381992,24.6524514367158,24.2389022635864,23.6688771832163,24.4457360708475,24.2296056591398
"Q9NUJ1",4,5,2,4,3,3,0.549969749072711,0.681358156135949,24.7052661203101,26.9613965439755,24.276641151939,25.0592501625518,24.5240021408831,24.9857906005933
"Q9NUL3",4,4,5,5,5,4,0.295638856524987,0.462456446053797,24.8875696710968,25.052115400942,25.7346097526629,25.6687818393944,25.865102404847,25.1654393294779
"Q9NUP9,Q9HAP6,O14910",2,3,2,4,4,3,0.00152747281981795,0.0111492271862724,23.8100098759551,23.4675834911928,23.6733919869761,24.6614213782973,24.3429719814857,24.5315523346715
"Q9NUQ3",7,5,8,8,8,8,0.264606105049143,0.431137237613943,26.3759239343202,25.6172275231519,26.6200567191517,26.6221915791834,26.7499756368843,26.3259475711131
"Q9NUQ6",2,2,2,2,2,2,0.929969803047148,0.951058407611084,22.1450757184621,21.9611060648717,22.0167332868742,22.1675183603372,22.6295715140514,21.4132649231748
"Q9NUQ8",7,6,7,6,9,9,0.0490727144501568,0.147189002783695,25.9395270076277,26.1091992032109,26.3977635879125,26.3332264803086,26.8476991550937,26.7777474179223
"Q9NUQ9,Q9H0Q0",7,7,8,6,7,8,0.100682663691003,0.239077421092135,27.9414477776037,27.9664038369715,27.9140732321982,28.1657357991078,28.0469144360949,28.287810645182
"Q9NUU7,Q9UMR2,Q9UHL0",14,16,15,11,14,12,0.200061405786296,0.363502081991656,28.4429127265352,28.6886895250131,28.4384673494661,27.9663185523812,28.4384015797375,28.4015413217721
"Q9NUY8",2,3,2,1,1,3,0.921647488866798,0.945610698002477,23.4787517932743,24.2721680833185,24.053845540437,23.7211811527006,23.5925123553379,24.597864079578
"Q9NV06",4,3,4,4,4,3,0.833344787853303,0.890275914434651,25.7991325873006,25.6749059219575,25.9214016905271,26.0237820259921,25.59635567859,25.8786715542122
"Q9NV31",5,6,3,4,4,5,0.908147324896776,0.937280780149901,26.0861259334832,25.7874220189743,24.8120224695447,25.2704390332218,25.0824557185773,26.1730854749389
"Q9NV35",2,2,2,2,2,2,0.0993485337621546,0.23755248690486,23.7646652380069,24.0500323976086,23.9526404689588,23.4056902242428,23.6353507080321,23.8065819994644
"Q9NV56",3,2,2,3,3,2,0.0905854926619868,0.223032923287245,24.7563518992887,24.3521152430517,24.3972352860539,24.8081246756625,25.0019350636507,24.6979544061059
"Q9NV70",2,3,3,4,3,4,0.0108229224626678,0.0492048437074124,24.3564360583017,24.6129033459829,24.4545395668537,25.5684695600807,25.060218604655,24.9752345476976
"Q9NV88",3,2,2,3,3,1,0.734311953977666,0.824910803346268,24.3720765750811,24.1111813418065,23.7562164468137,24.5040914135565,24.7106255048414,23.4301644007819
"Q9NVA1",1,1,2,2,1,2,0.0940820428100114,0.228465576073734,22.2525696134124,22.0671385523838,22.3597307206823,23.5948030035875,22.2096298435643,23.0445988423919
"Q9NVA2",12,12,12,11,12,13,0.617671430830808,0.735937610499269,27.6231295904705,27.54992157064,27.7034486289369,27.3726670445204,28.0266315818261,27.781157351144
"Q9NVC6",1,1,1,1,2,1,0.920698489155795,0.944911742350268,NA,23.3808604280413,23.0859470737568,22.6656956553515,24.2709724287653,22.5777099385118
"Q9NVE7",4,8,6,7,8,7,0.121634393944949,0.268331250547336,24.6256588198138,25.6529721200048,25.2910215906686,25.4356601652838,26.6277607579517,25.7230904340646
"Q9NVG8",2,3,1,3,1,0,0.433061601936299,0.584003970450997,23.4015705162226,24.2823612466742,22.9389351090531,24.4562821021546,23.5042559756564,NA
"Q9NVH1",8,8,9,7,7,8,0.154112866656893,0.310500235135208,26.8093358138763,26.667264622262,26.8727674677989,26.9927108325227,26.8808338762106,27.0694356109023
"Q9NVH2",3,2,4,2,1,2,0.728103225856313,0.820969529249584,23.8339626711341,23.0858824473163,24.6075632883114,23.3143585877273,23.9316219861248,23.8270226980928
"Q9NVI1",14,14,19,16,16,16,0.324656433880847,0.490326824649159,26.4293509431091,26.6985532109241,27.4052502020807,27.0096230317467,27.2764252669119,27.1261079118523
"Q9NVI7",14,12,10,13,12,11,0.152332195615072,0.308018382726873,27.6290242429176,27.6056348540123,27.5082387877219,27.8888977592278,27.6426564189509,27.8068819912364
"Q9NVJ2",5,5,3,5,5,6,0.101703271245408,0.240836016437205,25.1398521248348,25.2448591673338,25.3805643059429,25.3462418050038,25.6087261657987,26.1345348820557
"Q9NVM4",2,1,0,1,1,1,0.444639622340132,0.59367558351573,23.3639323545056,22.6357374628508,NA,22.2362495233314,23.1278014172024,22.7207164728859
"Q9NVM6",4,3,4,4,4,4,0.196272779777166,0.358543873654417,24.9110830296136,24.2376190775299,24.9910697959226,24.9983871499901,25.0765302910965,25.0520002575342
"Q9NVM9",5,4,3,5,5,5,0.000512296294446877,0.00585431806165424,24.4639575883618,24.6907137696178,24.3772971024704,25.408662104686,25.7396629801812,25.5640246982104
"Q9NVN8",2,1,2,2,3,1,0.0240386750551844,0.0896083746891042,23.3142901290805,22.5520091906853,22.6164872727889,23.908867956955,25.6616858719894,NA
"Q9NVP1",14,14,15,15,15,14,0.042620298649305,0.134211426731696,28.2491559219539,28.5137964174482,28.674711901384,28.9972106427867,28.9627085002345,28.7291726801387
"Q9NVS2",3,3,2,3,3,3,0.894091568352352,0.928791768691837,24.0082643991574,25.1685198854296,24.1037121978248,24.4384964438917,23.4980700074854,25.128768552522
"Q9NVS9",4,3,3,3,5,2,0.655783158103577,0.765332886224853,26.8151224814691,25.3577012274412,25.072530428004,24.8987683753202,26.6853664399357,24.6594224198285
"Q9NVT9",3,2,3,2,3,3,0.75807291829572,0.838895046844487,26.8223567367805,25.058882326022,25.0806923558271,24.8251072042219,25.5424335453045,26.0307800221273
"Q9NVU0",4,4,4,5,3,4,0.0775686718336403,0.202434638256105,24.431805520491,24.2500621401631,24.6146609613066,24.7727200564555,24.6025374189298,24.8899336970613
"Q9NVU7",1,1,2,2,2,2,0.554334089336388,0.685588022830092,23.0722893110927,22.1689832955649,25.372212609849,24.7249765931099,24.446035028532,23.1483718148883
"Q9NVV4",3,2,1,4,3,3,0.121023032080132,0.267521809644091,25.0856583825967,24.1061431020371,23.3410922080163,25.280124668741,24.7348077298821,25.009403422527
"Q9NVX2",7,8,9,8,9,8,0.14972845411599,0.304459912133601,26.51649169799,26.9329324849406,27.1032519726739,27.216734585352,27.200604193986,27.0471444339031
"Q9NVZ3",5,6,5,6,6,6,0.0497177512929903,0.148506423288524,26.5890858192221,26.8007688779387,26.4033129554274,27.3645468801076,26.927880970772,26.8988372395336
"Q9NW08",0,0,1,1,0,1,NA,NA,NA,NA,25.9802683057095,NA,NA,NA
"Q9NW13",10,10,8,10,11,10,0.0502595249609529,0.149597042963397,26.4639747199639,26.5749906417629,26.24574504979,26.8684258609292,27.0855052818941,26.6112176689952
"Q9NW64",5,5,4,4,4,5,0.983305970718756,0.987803989280119,26.0688374821568,26.3455122407956,26.0975979885782,25.0622051657672,26.7283546280417,26.7532903494751
"Q9NW68",1,1,2,1,2,2,0.216322389830276,0.380314789778184,22.5847248536544,19.2878674525872,23.2943107059504,22.9472117981828,23.4567861240459,23.1454259906574
"Q9NW82",2,2,3,3,2,2,0.0553354143087544,0.161373659164849,23.6009439534612,24.4765963409304,24.3044299105739,24.7159614446007,24.6986943354219,24.7439447098316
"Q9NWH9",8,8,10,7,9,9,0.764782139516577,0.844168397442795,27.0676654938071,27.4401883918591,27.2859536578771,27.2693495109479,27.3553399271351,27.2970805102778
"Q9NWK9",1,1,2,1,2,2,0.414617695147995,0.568393900928461,23.1452295703764,23.5237364285872,23.7898228422236,23.18880997482,24.0096413529262,24.0542568398656
"Q9NWS0",1,3,2,2,2,2,0.979378642353153,0.985873414314106,NA,24.9204247629192,22.98119626293,25.2984816035568,23.3673581131221,23.2607336345536
"Q9NWT1",2,1,1,1,1,1,0.15930444134461,0.317790968890846,25.2636662279442,24.6108582129377,24.2063848520785,23.9400666078469,24.4034893335659,24.2766825832573
"Q9NWU1",1,2,4,3,2,4,0.185602996376427,0.346445208683419,22.7326685375069,24.4426133547745,25.1247925848532,25.4743967654272,24.3681944260804,25.5617840213323
"Q9NWU2",4,3,4,4,3,5,0.454454856659681,0.601375813724927,25.2765599414325,24.6480417693778,26.000180578923,25.8050337525324,24.993573955129,26.2322369185191
"Q9NWU5",2,2,2,2,2,2,0.351943864699267,0.515565098780742,23.6482697711447,23.0960831521199,23.5695191564419,23.3848222138421,23.6360059721761,23.9907554526058
"Q9NWV4",4,4,4,4,4,3,0.0323811925883227,0.110736224619918,27.2802811671745,27.4071793653048,27.2080345892976,27.924138962538,27.6116773670063,27.5775990442566
"Q9NWV8",2,2,1,3,3,1,0.0232556159499709,0.0875135246821447,23.311017657666,23.1401016888805,23.2909617191088,24.5979443111185,25.0306238224667,23.5875858376685
"Q9NWX6",3,3,3,3,2,2,0.425581660993795,0.577604658749974,24.9586935427736,24.9136856711873,25.0311926701233,25.0176809840951,25.1578522151979,25.0122079626327
"Q9NWY4",2,2,2,1,3,3,0.511836627165003,0.649896129665769,24.1067909955939,24.4803884815697,24.5646737454645,23.9916948500575,24.9850098111912,24.8037173998832
"Q9NWZ8",1,1,1,2,1,2,0.0318829730532352,0.109449666580005,23.2856376590369,22.6428467029088,22.8609665605584,23.3859207617452,23.4366481507859,23.7444266845933
"Q9NX02,Q8WX94",6,4,5,7,3,4,0.770391481593594,0.847495440444823,25.2676367523827,24.6372214462671,24.924473207926,25.504127038735,24.0632424079504,24.8984908125802
"Q9NX08",2,1,1,2,1,2,0.966940443151729,0.977886470996556,23.0714260033905,22.6244669515517,22.8881185222797,23.3767509110781,21.7733069915129,23.3725882962319
"Q9NX14",1,0,2,1,2,1,0.164668503768353,0.323424818673577,21.8705691423963,NA,24.9032452866109,24.9357941407531,25.173824344191,24.6415241519017
"Q9NX20",2,0,1,2,3,2,0.0504233466253837,0.149993123559961,24.134265107357,NA,NA,24.8724055593627,25.2209247978789,24.7198344202537
"Q9NX24",4,4,3,4,4,4,0.0233201108270313,0.0875761188009928,27.6030457028875,27.3782720692341,27.3910062217372,27.9076699679177,27.7219496877222,27.9389213515568
"Q9NX40",5,5,4,5,4,4,0.239201911041482,0.403543370965439,26.9211260479131,26.9690197851786,27.0680478112148,26.9885152854945,27.2394979196285,27.2254339746915
"Q9NX46",5,5,4,5,4,4,0.192073242586554,0.354507782183661,25.6240038256398,25.534385766079,25.1872438616587,25.1847972086521,24.5977017902257,25.4283957490396
"Q9NX47",2,2,2,1,1,2,0.695993079003991,0.797337501031789,22.8724290047666,23.5483704085434,23.1368015930552,22.3324482345838,23.1554319301587,23.613989671848
"Q9NX55",5,4,5,5,4,5,0.055523487727031,0.161642153607627,27.5357722223509,26.8919145865034,27.7059206331945,27.9977167849805,27.8427407050386,27.9827299353321
"Q9NX58",7,7,8,7,7,7,0.420503340830411,0.57311451012801,27.5699204447627,27.5893434617272,27.5491132270338,27.4218660395127,27.8086362457798,27.8842589437442
"Q9NX63",5,5,8,5,6,8,0.345286218730887,0.509506482854137,28.0558929463911,28.2610254955286,28.5909298267842,28.0305500751469,28.881662931903,28.894093712406
"Q9NX70",2,1,2,2,2,2,0.437342434847324,0.587348215478286,23.3415941492963,22.7578941864637,23.7484761347518,23.1270439724834,23.7419475333757,23.7682276063656
"Q9NXF1",3,5,5,3,5,5,0.291438035746144,0.457870456781889,23.4155275958584,24.8521923795233,25.0319451655978,24.5498839701209,25.5028197435409,24.9857906005933
"Q9NXF7",1,2,2,1,1,1,0.628685311964286,0.745070274690663,23.6804741226359,24.8306378318546,24.3930576754412,24.6582873776853,24.2735014028398,24.4519882441762
"Q9NXG2",9,9,8,7,7,8,0.256954425898094,0.42345083367415,28.0638838532647,27.7796837044753,27.6779777983417,28.0947664389698,27.9439121892734,28.0245034220557
"Q9NXH9",8,8,8,10,10,10,0.014315529797658,0.0606100092271338,26.1840772581387,26.4871999347904,26.3219695062617,26.8083843581737,26.774569202397,26.7192460854229
"Q9NXR1,Q9GZM8",2,1,2,2,2,3,0.039984472386349,0.128152691470539,23.2679272329008,22.7734238470643,22.0962075776703,23.3500126249427,23.547666647943,24.2103361682267
"Q9NXR7",1,2,3,1,2,2,0.136568152772818,0.288742461136669,21.4430709071559,23.3012059701229,24.9144424837716,26.0587166483856,24.2606420175067,24.4208471570341
"Q9NXU5",2,2,2,3,3,3,0.0281405293834911,0.100521792019811,24.0392253069428,23.9941933495644,23.7677926248208,24.4817603389792,24.1912720820201,24.7856602068679
"Q9NXV2",3,3,3,4,3,3,0.90244210713756,0.934064566219634,24.7257579839162,24.6081268512817,24.6653777615621,24.4695518962642,24.7053280032209,24.7748485222582
"Q9NXV6",7,5,8,6,8,7,0.219183641007418,0.383315095266988,25.2755842112753,24.6694419575147,25.6201282087105,25.3798295406827,25.4861631412373,25.8727538574864
"Q9NXX6",1,0,1,1,1,1,0.158140129169871,0.31584254347055,NA,NA,21.3877933994082,22.0182199101458,21.8302093827473,21.6143905113066
"Q9NY12",4,4,4,4,3,3,0.719607697895259,0.815329403783974,28.136298277078,27.678467357832,28.1050834798433,28.6483608693441,27.5008425868806,28.1340383743602
"Q9NY27",6,7,6,6,6,5,0.824353718019562,0.885917155258896,26.0385582604447,26.1976711969867,25.4243717614628,26.376019159435,25.5338099506801,25.5243855964023
"Q9NY33",11,9,15,12,12,12,0.1960101078306,0.358333274611742,27.886905340974,27.759714910656,28.1407769472405,28.1895788490908,28.075697336724,28.1341763103056
"Q9NY61",8,7,7,7,8,6,0.413462121569715,0.567310270460833,26.8738120137898,26.6691377963184,26.7681582642895,27.0331447399887,26.7060770660835,26.9353901766615
"Q9NY93",8,9,10,9,10,11,0.343208637563631,0.506789808439775,26.7202033133924,26.8660178085404,26.7817500172198,26.6008622665667,27.08862022008,27.3201393524122
"Q9NYB0",6,7,7,7,6,8,0.861422306737739,0.90892919810577,25.813859469888,26.1487699871214,26.3920532462703,25.9907290035502,26.0115110127915,26.4712319868376
"Q9NYF8",11,12,12,11,12,12,0.126377510326528,0.27484450209018,28.8529656152932,28.9489463087239,29.0930939889718,29.0342553122856,29.3900100113353,29.2444275149914
"Q9NYH9",6,7,8,8,9,6,0.107955857632137,0.248949097891752,26.0672370296923,26.1287799949214,26.3905173501223,26.464580862069,26.9102483353323,26.3319570014922
"Q9NYJ1",3,3,3,3,3,3,0.261205532235896,0.428221078650928,26.5611225715962,26.52531428955,26.6679849660207,26.712404308738,26.7022183581723,26.7343683020757
"Q9NYK5",3,3,3,4,5,4,0.00555570689276998,0.029079663746509,25.3999596262164,25.4574304707876,24.9961466043959,26.2958910800642,26.1827091397109,25.8639313594946
"Q9NYL2",2,2,4,2,3,4,0.334159545745458,0.498476038263529,23.0359653523793,23.4529795476082,24.0464167924783,23.1178354074741,24.4273057925669,24.4229563166349
"Q9NYL9",7,4,5,5,4,6,0.237454472166886,0.400863148033068,27.3373173914364,26.8676500474823,26.366712517941,26.0831040590931,26.1675156171378,26.9520737700901
"Q9NYP9",2,3,3,3,3,3,0.428831467111415,0.580243482246892,24.4758322503452,26.0174471395326,25.9397334644653,26.2108313111074,25.754433229859,25.6365473700816
"Q9NYU2",8,9,6,8,9,8,0.109311684988384,0.250627925953847,25.7296962672876,26.2159665609784,25.5019418421408,26.2290727876842,26.2365845821062,26.1450135329166
"Q9NYV4,Q14004",3,5,5,4,5,6,0.0434759363462044,0.13631095871178,24.8605467119964,24.9720578385063,25.0648824134348,25.2813723870852,25.1806671081726,25.5311613225585
"Q9NYY8",4,3,2,4,3,6,0.164078339407772,0.322778991683674,24.9106808566259,25.3053370480033,24.5995122717172,25.7577974395223,25.0119149451893,25.3341360575201
"Q9NZ01",3,3,2,0,2,2,0.170723118911975,0.330265213950358,25.0592760649174,26.1386828770557,26.0531573369589,NA,25.5111300567539,24.2778816649505
"Q9NZ45",4,5,4,4,5,4,0.224024261439551,0.386985822343082,26.832477216081,27.4237089374719,26.9797112447434,27.1064291660239,27.5858805075508,27.4224744947916
"Q9NZ63",8,7,7,8,6,6,0.336969066546869,0.50118691258193,27.7069463339971,27.3710976795875,27.6467368903022,28.0730767443504,27.6516760855791,27.5803013537161
"Q9NZB2",5,5,6,7,6,6,0.0129060848248086,0.0558121870292024,24.9356036544337,25.0729231780106,25.2269660892047,25.5735032505579,25.5067659465359,25.4817488364485
"Q9NZD4",2,2,3,2,3,3,0.302920027251341,0.468804577040393,24.7851591160823,24.6317566857903,24.8838058612106,24.8553037899034,24.9091916242654,24.9378365669206
"Q9NZD8",2,1,2,1,0,0,0.710133830745543,0.809315428496331,23.8633550302549,23.3537467238857,24.2144253455266,23.6464577263998,NA,NA
"Q9NZI7",1,2,1,1,1,2,0.317889136046923,0.483353345447936,23.1083701085966,24.6716393707863,22.8694434226238,22.4461118257225,23.2134983209936,23.2407854099514
"Q9NZI8",19,20,21,20,21,20,0.111703354687075,0.25403607931638,30.5679491823667,30.6223487275736,30.6803081044236,30.8105825725768,30.8925517673548,30.7705188065518
"Q9NZL4",9,11,10,8,7,9,0.896782458047117,0.930877146649402,26.9329326373781,27.2469457441471,27.2572057536284,27.1422362140791,27.0955447875256,27.2559245060132
"Q9NZL9",7,5,5,7,7,7,0.0555118240086883,0.161642153607627,27.2710090026003,27.0598999869866,27.012578388415,27.6084048751076,27.5032687196877,27.2764826393805
"Q9NZM5",3,4,3,3,4,2,0.686367717438363,0.789533896784599,25.0475717651835,24.9204640803744,23.3406295091539,24.6463931690649,25.165678872054,24.1727274061274
"Q9NZN4",4,3,4,4,4,2,0.90531042539098,0.935882717693377,24.4553662059243,23.580972799778,24.6712776089292,24.3997280342805,24.6275960310084,23.5274694174497
"Q9NZN8",3,3,3,2,2,2,0.316494499169734,0.481800396415409,25.0118312462283,25.3085853464218,25.3657179967252,25.2388037098826,24.9899391224579,24.9453186569172
"Q9NZT2",10,10,10,10,8,11,0.980651120428804,0.986706934120695,26.4199676135279,26.1399835078408,26.4135233493296,26.301005969061,26.293346732015,26.36945144164
"Q9NZW5",0,1,1,1,1,0,0.270027323781172,0.436723326335119,NA,21.8276303922963,22.8136404111661,22.7169085347817,22.9783180772407,NA
"Q9NZZ3",2,2,2,2,2,2,0.044339356664463,0.138309024236992,25.0077004057801,24.6966030801699,24.5089853710626,25.2399165372752,25.0733891111778,25.1534762858308
"Q9P000",1,1,2,2,1,2,0.407390686828339,0.562990522344717,22.5462765965489,22.8177008117373,23.8406096197504,23.6017448271156,22.8421842959109,23.9443540502463
"Q9P013",3,3,3,3,4,3,0.0206402863106087,0.0801338094964524,24.9167517797003,25.4400375533373,24.3179498329115,25.9214605057353,26.2966451756219,25.6284494152254
"Q9P015",5,6,4,6,5,5,0.317663503448419,0.483288661421073,25.7578619014076,26.3680016890415,25.9070199038386,26.001317917429,26.3890822784345,26.331090874389
"Q9P016",3,3,3,3,3,4,0.00336893586815313,0.0197178390151118,25.4499099479795,25.2900199991606,25.4961886766385,26.3186146934347,25.942972534,26.4575693903739
"Q9P032",3,3,3,3,2,2,0.184033655379005,0.344937381302421,25.2237124266241,25.0099468591029,25.1086121526716,25.0277277168143,24.8682847600907,24.9080303971636
"Q9P0J0",2,2,3,3,3,4,0.0155730592941843,0.0645808887478859,25.465464391143,25.6049500226641,25.6496581544941,26.1453231721934,25.8748783273359,26.0055080973685
"Q9P0J7",3,3,2,3,2,1,0.992383625699081,0.994534887870832,24.8289165133456,24.3637284027636,24.0579326975872,24.8021100640386,24.6971881285258,23.7406630043026
"Q9P0L0",6,7,7,7,6,7,0.00432878295978017,0.0239744328178176,26.9333039078175,26.6355219189735,26.9533783187902,27.4157242888965,27.4468755150346,27.4777976921304
"Q9P0M9",0,0,1,1,0,2,0.858634060530284,0.907883742880148,NA,NA,23.6906502935276,22.4141629550828,NA,24.5205637365654
"Q9P0U4",2,2,2,3,2,2,0.0587468382685486,0.168405380303314,23.5195444981062,23.5625483484047,22.8806265418899,29.2560572976446,23.3227321466915,29.4357595737517
"Q9P1U1,Q9C0K3",1,1,1,0,0,1,0.645309757103536,0.756430629642599,25.0289323324,25.6017907011066,25.1217325711495,NA,NA,25.093299695471
"Q9P1V8,Q04922",2,1,1,1,1,1,0.0249200374172682,0.0916759715911302,25.8064742869037,24.3674249570567,24.6582009657445,24.0051492434318,23.4532955933627,23.6927193864764
"Q9P258",17,18,16,18,18,18,0.0385175786476759,0.125275138280368,30.8389152805895,30.783282427994,30.7603954443535,31.0369818405911,31.0806698139792,31.0813120761048
"Q9P265",1,2,1,1,1,2,0.490864650697162,0.633782553852599,24.6478475512999,23.2680952856824,23.0280710008445,22.8205827830959,23.5853377839327,23.4781309901681
"Q9P270",2,1,2,2,2,2,0.870904885275472,0.91549231540612,24.2758965167297,23.7121308120187,24.0478347443747,23.7870800342756,24.3754326996356,23.7508696593238
"Q9P287",9,8,8,8,8,9,0.128632346403034,0.277364175462906,27.9072704515932,28.16962024155,28.1512861720756,28.6304399687026,28.1268250716018,28.3911521091059
"Q9P289",8,7,8,9,7,9,0.109288828552687,0.250627925953847,26.2402711432248,26.3879012464792,25.6630896949357,26.0944588709647,27.0163507532887,27.2648550224026
"Q9P2E9",7,4,4,5,4,4,0.997454147782142,0.997829370657423,25.5188849803617,25.0253839756439,24.9368473662316,25.1330276620726,24.7743311339079,25.5764219579779
"Q9P2I0",5,7,8,8,7,7,0.496464996658429,0.637752975107254,26.2687355599636,25.873693631673,26.5604578738448,26.6156115057893,26.4049317690886,26.1676152455784
"Q9P2J5",29,29,30,31,31,30,0.0217283263878467,0.0832314751747913,29.4881112640942,29.527735921623,29.7029143443013,29.881683328722,29.9545726880046,29.9708338894863
"Q9P2N5",8,9,10,9,10,7,0.977871297168111,0.985389081405153,26.0901051098283,27.2436497684034,26.3868805369629,26.2488521710136,26.8977350162162,26.6040651082367
"Q9P2R3",1,3,3,3,2,3,0.330479204439088,0.495179608905913,22.9682812019629,23.893157235231,24.334252305501,24.3327050218476,23.7675296145628,24.3285858045673
"Q9P2R7",7,7,5,7,6,6,0.447184301695601,0.595451591476205,28.0111631337778,26.3941436184761,26.2747956347588,26.5144037118695,26.2913515615812,26.6740433803676
"Q9P2T1",0,1,1,0,0,0,NA,NA,NA,21.6816117959499,21.293498095035,NA,NA,NA
"Q9P305",1,1,1,0,1,1,0.156228930581732,0.313388533903228,22.7147654002588,23.3137135746603,22.1048161395568,NA,21.6918031478481,22.3018135496704
"Q9UBB4",14,14,12,12,14,13,0.104681670602374,0.244961999434733,27.5733388724129,27.8858362648692,27.7615841373873,27.8461845255175,28.1554433561339,28.0701086666835
"Q9UBB5",2,2,2,2,2,2,0.566732730194397,0.69447100129555,24.7206622406032,25.0816693759657,25.025410461475,24.6067966578907,25.2371245330991,25.4429895016269
"Q9UBB6",5,7,7,6,10,7,0.106571837366193,0.246810798045227,25.679648208462,25.8682820439634,25.8927892198926,25.8392399790879,26.460294129014,26.2364917988184
"Q9UBB9",2,4,3,4,3,4,0.409813874306082,0.564948111113543,24.9513801017612,30.4344867113005,25.1433824236447,30.080756046913,25.3596507226324,30.5934031102159
"Q9UBC2",6,12,7,11,7,8,0.328954562251261,0.493920777030654,25.4523989034764,26.749681223629,25.8372310611791,26.9269984848624,26.1704812152126,26.2113301862566
"Q9UBD5",7,6,7,6,7,7,0.0737351136588,0.195855862564423,25.4555040715693,25.2599771804424,25.6611454552833,25.8901795852037,25.6517732880344,25.8275459453479
"Q9UBE0",13,13,14,13,10,12,0.393577237665369,0.551419832553909,28.8788002013473,28.8959692828214,28.9308608822288,28.8384348997684,28.8010603493377,28.7881869007388
"Q9UBF1",3,3,2,3,2,2,0.722420030498945,0.817232603370699,25.2281574599567,25.0440901113023,24.3024117398523,25.346599463506,24.4220724478265,24.3934510781575
"Q9UBF2",12,12,10,10,13,14,0.0671882020777491,0.183046175131991,28.558292994597,28.5357467144506,28.4305062774147,28.1987427039158,28.2149287869849,28.3522733977102
"Q9UBF6",1,1,1,2,1,1,0.0595775740369055,0.169838974359889,22.1637593389564,21.8716656475893,23.1956792920502,23.1999374387542,23.3761074685021,23.1654753217201
"Q9UBI1",3,4,2,4,3,2,0.263047460127448,0.430124474589156,25.0652960727248,24.3818316513507,24.3941728882984,25.1848416587635,24.824632878068,24.7375190862817
"Q9UBL3",10,10,10,10,10,12,0.127605557124812,0.276743524704777,27.0501986895479,27.4676238525083,27.471531323301,27.5827425409923,27.536900738784,27.7338829547067
"Q9UBN7",2,0,1,1,2,0,0.307165229049411,0.472657063307202,21.916641626993,NA,21.6767135700959,21.7546266141705,23.032416732856,NA
"Q9UBP0",0,0,1,0,2,1,0.51228457778488,0.650301433121747,NA,NA,22.8312531621828,NA,25.978979352087,22.4925712094651
"Q9UBP6",3,3,3,2,2,3,0.961047035723903,0.973966407993867,24.3946129160936,25.0577030842361,24.8865424078181,25.148608663332,24.1775648754046,25.062475137795
"Q9UBQ0",6,6,6,6,6,6,0.732048831573203,0.823330805672734,27.9179403930744,28.0034378158748,27.9628986041711,27.7723799254946,28.212569514111,28.059205057305
"Q9UBQ5",8,8,7,8,7,7,0.0500537568239755,0.149245292631582,28.5975123061626,28.6162629946023,28.6292319894474,29.1268461703863,28.7888850164359,28.8940394104246
"Q9UBQ7",8,8,7,8,7,8,0.927980564222423,0.949793278599283,28.2431789272178,27.8065775018888,27.9712360098392,28.3328554619014,27.7648958663498,27.8645522454596
"Q9UBR2",5,5,5,5,5,5,0.0836068681987351,0.212637608898193,26.6413933407222,26.1711163717115,26.7339933009887,26.6984922110397,27.0486995309866,27.0906296328104
"Q9UBS4",6,6,6,6,7,6,0.504256290741157,0.644483432321251,26.2723596116553,26.3721761151205,26.0757833665761,26.370147837103,26.6496333197198,26.0916338531141
"Q9UBS8",1,1,2,2,2,2,0.0373399980780784,0.122709388609222,22.9079431030651,23.2594177674383,24.8866216506524,24.9350544055123,25.3811112981402,25.0716459018219
"Q9UBT2",17,18,17,18,19,17,0.233594146995475,0.396733031766692,29.4897950083335,29.5444469237529,29.5457613626381,29.6752865028235,29.641677933609,29.6641268210132
"Q9UBU8",3,3,3,3,3,3,0.026996215695914,0.0969139200284729,24.4007115987289,23.7578237741723,24.2836988592297,25.0193769228649,24.8967237781402,24.5458351850292
"Q9UBU9",9,8,10,6,7,13,0.394818475259072,0.55241776136664,26.1478937332886,26.3240197016716,26.9580991837385,26.5022376909855,26.4800266773976,27.3863347067719
"Q9UBV8",3,4,4,4,3,4,0.922598852060921,0.945818307643538,25.8204043837804,25.7515388565701,25.7610223318316,26.1077661133274,25.3311244150572,25.8283418272243
"Q9UBX3",5,5,5,5,5,5,0.271985478537978,0.438773124271902,26.1087865308944,26.1302085743548,25.9397334644653,26.1406787967923,26.2493809027119,26.2051106845674
"Q9UDW1",2,2,2,2,2,2,0.194637681936521,0.356977099296066,26.4341684858353,26.4268953780951,26.6960636197331,26.5752337722468,26.7751642018037,26.8192883949796
"Q9UDY2",1,1,3,1,3,3,0.123832228905879,0.271592092142247,21.7973171447532,22.1128063862688,23.3377342743052,22.5070808660898,23.8344861385349,23.9714516137693
"Q9UDY4",3,3,3,2,3,3,0.12898999171696,0.277364175462906,24.0927665821873,24.3688663549595,24.3741355248457,24.2619104307029,23.7723059640369,23.8431332618247
"Q9UER7",1,0,1,1,2,2,0.00231319718280252,0.0149794345773532,22.9243320769926,NA,23.5857166988662,25.3043853909847,24.970587651409,24.7268270073952
"Q9UEY8",2,4,3,3,4,4,0.314294350511714,0.479897449950021,24.2183196225921,24.8909919291683,24.2405152532648,25.0005100243428,24.8855255715354,24.3537588062759
"Q9UFC0",6,6,6,5,7,7,0.509153976884835,0.647792629029043,25.9645903726772,26.1307524232128,26.2179565734048,26.2531827430965,25.8890206140221,26.6199118034787
"Q9UFW8",2,2,1,2,2,2,0.318480289087833,0.483562224465674,24.3186621195867,24.3267664911144,20.9428729395456,24.1918033947423,24.1717922836069,24.3531269044477
"Q9UG63",14,14,12,18,16,16,0.377505084554501,0.53787818958668,32.3641168770527,29.0653109765127,28.5106830529441,29.1329355094718,29.0652750331317,28.8146771743623
"Q9UGI8",7,6,6,7,7,7,0.178683364837174,0.338847320393553,26.8825540885501,26.836942287073,26.4513822738259,27.6518220190366,26.9470179578802,26.8035323915422
"Q9UGJ1",2,2,2,0,2,2,0.607695040824953,0.727438922963313,24.135814448878,24.7106310107795,23.9332843503645,NA,24.5499632132165,24.2799444167844
"Q9UGL1",1,1,1,1,0,1,0.5554432363503,0.686119781561596,21.9922556054342,NA,21.2556143952095,21.9894368084437,NA,21.6867934014562
"Q9UGP4",2,2,2,2,2,2,0.715758250725147,0.813280566678676,24.125887113988,23.7528863543138,24.2971750914861,24.2072908461396,24.1285838807311,24.0379930196668
"Q9UGR2",0,1,0,0,2,0,0.0327794009579454,0.111795242564877,NA,19.3713652067807,NA,NA,21.537349756852,NA
"Q9UGV2",5,4,5,5,3,5,0.51983567999647,0.65724405999053,25.9187280917206,25.7987383427114,25.8721873129536,26.2026664332623,25.5756019979071,26.2403925028599
"Q9UH17",0,0,0,1,1,1,NA,NA,NA,NA,NA,23.4456667189055,23.5565541996439,23.6037198292688
"Q9UHA3",2,2,2,2,1,1,0.294529216476541,0.461435196160982,25.3227488627175,25.3148507096376,25.4907513609931,25.8596261198046,25.3983232144869,25.4431082712854
"Q9UHA4",4,3,4,4,4,4,0.00266443550218935,0.0166148934834054,25.2719486905588,25.2394797855604,25.2890744920132,26.8315664277426,26.2387431746252,26.0674916019211
"Q9UHB6",5,5,5,5,6,4,0.369418445265457,0.531604719953226,25.6742385945572,25.8667729485948,26.1338838062195,25.8664596003113,26.0625114236042,24.3298709991121
"Q9UHB9",11,13,11,12,12,13,0.418755476796632,0.571679090797334,28.1354918065774,28.3550054900046,28.0555910455237,28.1131599407105,28.5213358221667,28.3270340136625
"Q9UHD1",11,10,9,10,11,11,0.173505247531008,0.333349184206588,29.5325289949658,29.2259826841691,29.3162373390746,29.6105574102862,29.4965419125373,29.5651369122318
"Q9UHD2",3,1,3,2,3,3,0.400253024791183,0.557059600182236,24.1605494066319,23.1504638917367,24.4981867437441,23.7584546629594,24.6635188459747,24.5546563377992
"Q9UHD8",14,14,13,13,13,13,0.916192627676397,0.941927327985647,28.3986516929911,28.2850433835718,28.5447888050284,28.312046756793,28.4553463751755,28.420590834724
"Q9UHD9",9,9,7,8,8,8,0.360748318808133,0.524658726835555,26.4010874380554,25.7382618832951,25.6387374712929,26.336971427513,26.12027184229,26.0275560328549
"Q9UHI6",7,8,7,9,8,10,0.0231288552380393,0.0871908403401784,26.3663503893887,26.600490677434,26.3237703223108,26.7362275445892,26.8360552933294,26.9946299865723
"Q9UHJ6",3,1,3,4,2,2,0.0309154989910031,0.107544204823386,23.7799390220672,23.0956653631192,23.8953512788875,25.1270717320111,24.2349202621723,24.2869754961877
"Q9UHL4",3,2,4,3,3,3,0.35639850428696,0.520637687614108,23.6276178390959,23.7850271457353,24.6670856667516,24.4306457350163,23.9451156419694,24.7624330703458
"Q9UHQ1",4,4,3,4,5,4,0.00532216836335334,0.028090148801774,25.0958654404428,25.2113782712603,24.8215869659773,25.5966418327821,25.8154062415136,25.6729804164623
"Q9UHQ9",1,3,2,1,2,1,0.482399855047838,0.626214769428587,22.4625452448785,23.8739575882069,22.7374991589725,22.7858614626008,24.1235463371577,23.2900821185561
"Q9UHR4",1,2,2,1,2,2,0.273818727356831,0.440288874719977,NA,24.2377453030902,24.2683936925061,24.3496954619756,24.3494588945388,24.6917700641759
"Q9UHR5",2,3,2,3,3,2,0.595164866898602,0.718005581785574,25.0989576567239,25.5172256979878,24.9394470241091,25.6575508594752,24.6555913990126,24.6904199517399
"Q9UHR6",1,1,4,3,4,3,0.14240630955519,0.295519420527225,22.5633662532913,23.1535447142195,25.097734902388,24.7500675740727,24.649763105168,24.7451975094515
"Q9UHV9",4,4,5,5,5,5,0.0529072747442122,0.155549851416191,28.2853313333631,28.2014783167346,28.6633094143535,28.8951936607703,28.7590801283449,28.6894878872444
"Q9UHX1",14,13,14,15,13,15,0.00791340656391327,0.0384372469100904,29.4473820321596,29.2963928420709,29.4206381322557,29.9583447968821,29.7589109336408,29.8521673265136
"Q9UHY1",6,5,7,7,7,5,0.162132407660243,0.320897645412181,26.6755707093699,26.3628606510438,26.6751133748917,27.2878845704588,27.1276989203077,26.481922265088
"Q9UHY7",5,5,5,5,5,5,0.102211868416458,0.241344879508045,26.727642852104,26.5168876871993,26.900010433117,27.0103756767725,26.9336221182085,27.0028113574886
"Q9UI09",2,2,2,2,2,1,0.0420342728360021,0.133065812289156,25.2921211362478,25.6111992698376,25.690990640091,25.2974541746645,24.5583528127305,23.9707926984617
"Q9UI10",5,6,6,5,6,6,0.8971347016986,0.931051444068138,25.8884124190315,26.0490796786733,25.8687817048826,25.5310907877446,26.1381671543044,26.2236720413295
"Q9UI12",6,4,5,5,6,6,0.015667507521409,0.064866049582489,25.9322145768269,25.7211873078037,26.391076047018,26.6073937312383,26.6623292859998,26.8646630898406
"Q9UI26",13,14,14,14,13,14,0.220075799968826,0.383593800045377,28.1677196642492,27.9238904096889,27.7098446584945,28.0625317822048,28.3303553986191,28.0907717819237
"Q9UI30",5,4,3,4,4,4,0.878397899613663,0.92011360243646,27.9110453306582,27.415084180078,27.0251405381761,27.0038396713325,27.5500848987541,27.6572484340698
"Q9UIA9",16,15,15,16,16,15,0.0454769618420081,0.140320179758084,28.2053022460095,28.278999631588,28.1273013212024,28.4435765905878,28.4920926667298,28.4901721262403
"Q9UIC8",1,0,1,1,2,1,0.14479434433161,0.297541185198927,22.8956601233591,NA,22.8371695595468,23.4718561486693,23.2304495259081,22.9457797626539
"Q9UID3",2,2,2,2,2,1,0.901566739935164,0.933541124110807,23.9007924339433,23.4409697571628,NA,NA,23.6048822301651,23.6763437855951
"Q9UIF9",1,1,2,0,1,0,0.726886148998978,0.820447360579629,22.0454301406407,22.2850754473466,22.2298610279252,NA,22.1098375795374,NA
"Q9UIG0",3,3,1,2,1,1,0.220981991899249,0.384306648692559,25.313993629436,24.1402367410726,22.4333122315327,23.2926113085797,NA,21.8923104532625
"Q9UIJ7",4,3,2,3,4,2,0.222740487991953,0.385559357384289,25.0410179031621,25.8056518209068,25.1975968348085,25.79958688056,26.4364187130558,25.2763493280663
"Q9UIQ6",0,0,1,0,1,2,NA,NA,NA,NA,NA,NA,22.6907691476346,23.5046622122885
"Q9UJA5",2,1,1,2,2,1,0.131598047699621,0.281414792096015,23.3877949897149,21.9713444708235,22.5526583456393,24.1328433509844,24.115581062241,22.6063949080325
"Q9UJC5",2,2,2,2,2,3,0.100032771578352,0.238045613127344,23.3879250188605,23.5928632108282,23.8940116924956,24.0388858121751,23.9016366647101,25.2455941136709
"Q9UJS0",10,8,8,9,9,8,0.047733767142061,0.144806761462192,26.0735383938961,26.0588287450284,26.1960789903569,26.4332860966031,26.2865393446761,26.4973031081618
"Q9UJU6",7,7,8,7,6,8,0.848649999808286,0.90074746899142,26.5856730532221,26.2909478800659,26.3846379327365,26.3868407320353,26.5335638079912,26.4178287128815
"Q9UJV9",7,7,9,9,9,10,0.211075327544357,0.375158536084297,26.4415822801934,26.3300409504312,26.8705656435145,26.6855760151692,26.7401049426541,27.0305429187455
"Q9UJW0",2,1,1,1,1,0,0.0246715966987961,0.0912093964564282,23.8861384258992,23.0120294697483,23.7408694101474,22.6076988066619,22.4709729302819,NA
"Q9UJX2",4,2,3,3,3,3,0.0599530765757328,0.170354842621246,24.3970554837217,23.772448323321,24.135001599009,24.6072610696252,24.6470351558716,24.4030684681419
"Q9UJX3",8,9,8,7,7,8,0.693802829209475,0.79563514893752,26.6462631254492,27.2322125809824,26.4263899748251,26.7943087486823,26.7307645054651,27.0814074577478
"Q9UJX4",7,3,6,7,3,4,0.402229159939351,0.558185408495179,26.0882613814567,25.2900504309496,25.6916257389322,26.4050607719737,24.0045760607314,24.961370308357
"Q9UJY4",1,1,2,3,1,2,0.175981086877129,0.335679451133439,22.3814526990523,22.6063389129878,22.5261883538448,24.0388858121751,22.5316142816217,22.8198144543886
"Q9UJZ1",10,10,9,10,11,8,0.279337013351899,0.444950705181231,28.0680600192627,28.255386694843,28.060340807905,28.1882491250833,28.5410173470424,28.190708556335
"Q9UK41",3,5,5,5,5,5,0.376269924713664,0.537179024796132,25.5606900778401,25.9272694895555,26.3672805081219,26.3429192946326,25.9981683666295,26.1908234969682
"Q9UK59",2,2,1,1,1,0,0.660140523504679,0.768642181701737,23.1451270042566,22.8590847325024,21.3160799522621,21.8470470881968,22.4449734482302,NA
"Q9UK76",5,5,6,6,5,5,0.102073006939798,0.241146285338128,28.4984562167539,28.425822472139,28.6335175033883,28.9680952905283,28.7997816395934,28.6128353178645
"Q9UK99",1,1,2,2,1,1,0.382656347902592,0.542383701900787,22.88200028268,22.7548633504336,23.5905893562977,23.3022152778403,22.8948853364425,21.6883974209014
"Q9UKD2",9,9,7,9,9,10,0.179565653608707,0.339949818732226,27.9029802808199,27.7806045333449,27.4157901721433,28.0307355631847,28.5567618463985,27.7095284455588
"Q9UKE5",1,1,0,1,1,0,0.543865395450827,0.676283631812439,23.5303177922587,22.84561483163,NA,23.122094247741,23.7568451589352,NA
"Q9UKF6",15,11,17,17,15,16,0.203823315503705,0.367506264500118,28.052308184935,27.8158017905746,28.3846028643705,28.4115519064827,28.2797835459659,28.3090633338888
"Q9UKI8,Q86UE8",4,4,3,5,3,2,0.420288413766024,0.572976188375758,25.1965032920717,25.5588148463027,24.7120039214334,25.5591038191019,24.5660751521674,24.3207212276747
"Q9UKK9",9,8,9,8,9,8,0.0937868519896734,0.228297537060164,28.8712629964483,28.8377752519003,29.0277252284148,29.0724762469262,29.238770136604,29.1352793233561
"Q9UKL0,Q9P2K3",5,5,7,5,6,8,0.0911258348615197,0.223869937687517,27.1228521420839,26.6729935537339,27.1033372106309,27.3543072763328,27.1421856773789,27.5129460859143
"Q9UKM9",10,9,10,10,12,9,0.104385083973724,0.244847897305934,28.9116107115789,29.1310879776458,29.0902798955036,29.2089965990659,29.4294760377566,29.2361405603079
"Q9UKN8",5,6,6,6,8,7,0.326818806346218,0.492291684110325,26.346323019339,26.0456050169797,26.5091397883567,26.4813260974666,26.538408605352,26.382577545387
"Q9UKV3",21,23,23,23,21,23,0.309210555647989,0.475151358861574,29.4504763898677,29.6243866992994,29.4763110286069,29.6010954482451,29.7326918107023,29.6019390029745
"Q9UKV8,Q9UL18,Q9H9G7,Q9HCK5",3,3,5,4,4,4,0.574737245986994,0.70120720518848,24.4019282476437,24.2747538899988,25.5294552736316,25.2513374709956,24.9600550809277,24.6679841308816
"Q9UKX7",11,11,12,11,12,10,0.000809275645897159,0.00739177447997568,29.9017002240131,30.0844970025985,29.8633864179102,29.0365970500836,29.2361524757636,29.1616370945452
"Q9UKY7",7,8,10,9,8,10,0.0457421855258606,0.141035469496837,28.1248581068389,28.1367889548397,28.2452043818881,28.6167075250599,28.3177500348114,28.5637038391346
"Q9UKZ1",2,2,1,3,2,3,0.00200668225290422,0.0134426419886196,23.2967761886042,24.2869430772098,23.9082889281189,25.9154190827757,25.1475493328158,25.9096858380109
"Q9UL03",0,1,0,2,1,2,0.177320726557241,0.337307752097996,NA,21.8289380165558,NA,23.4703690144305,22.1699293060562,22.7601087235989
"Q9UL25",1,1,2,1,1,2,0.445293911504411,0.594392057877585,23.4214681132437,23.5028818439905,24.6203426561343,23.7276640867659,24.0283296341352,24.8943706207228
"Q9UL33",1,1,1,2,1,2,0.30684896930138,0.47260616571909,23.2964375856017,22.6894038136114,23.0122080001306,23.4659422888232,22.7643205908557,23.8458308973169
"Q9UL40",2,3,3,2,1,2,0.366566198252528,0.529007390678148,24.0259182637213,24.8451675279914,25.0723214326334,24.924817780778,23.4970171927518,24.201165946403
"Q9UL46",4,5,6,4,4,5,0.501783288385207,0.642949616852786,27.0606588144752,27.8603416240082,27.5805581427117,27.095948782128,27.4142057627438,27.4722798542377
"Q9UL63",2,2,2,3,3,2,0.114152204588332,0.257633058702262,24.8893567331869,24.7691335862952,24.8420814239325,25.9823140873607,24.998474141128,25.0997555622108
"Q9ULA0",6,7,5,6,7,5,0.784931335602904,0.857786277830002,26.5814154519133,26.5119384712276,26.3994306406247,26.566236193209,26.9196971577363,26.185846146758
"Q9ULC4,A0A3B3IRV3",4,4,5,3,5,6,0.717408656590014,0.814116181630232,27.8141820460597,26.9216823903194,27.1551560866137,26.6493276071785,27.7899158284922,27.9316387288921
"Q9ULH0",5,6,5,6,6,7,0.0484898655655302,0.146110772895409,24.9665506386621,25.271150961312,24.0281428392631,25.3611089668939,25.8053339672293,25.72394605985
"Q9ULK4",4,3,4,3,4,3,0.378814016448146,0.539325939707154,24.358133129764,23.4170919514502,24.0890494225422,23.987725667871,23.4353086219389,23.6120894439474
"Q9ULR0",4,4,4,2,3,4,0.187990167115565,0.349737876280191,25.9610503124813,26.4814815434941,26.0565774675771,24.3588649972403,26.014159757283,25.9494633126036
"Q9ULU4",7,9,8,6,5,9,0.68385410982179,0.78735972389101,25.5982929430741,25.723127050971,26.0480296038196,25.9998027465834,25.4971326072009,26.1624849057554
"Q9ULV3",2,2,1,3,4,4,0.0287437066905785,0.102386785961997,23.5549754094587,22.6881111422221,22.317514919769,23.4391971902294,24.5725931054196,24.3640199727648
"Q9ULV4",10,11,11,10,10,11,0.749225570722432,0.834189653115993,29.1089508750355,29.3271743515484,29.4913539871077,29.3813722136846,29.3745102665941,29.3096130522268
"Q9ULW0",10,11,11,11,10,9,0.711674065636884,0.810144920318222,27.6675446307324,27.6251860055942,27.6517578080614,27.8341902194911,27.7179321120456,27.5360274539353
"Q9ULW3",0,1,1,2,2,2,0.000667170024646165,0.00653076704358096,NA,22.7498272671191,22.5400786352902,24.6182306798578,24.3033432817304,24.0870048405167
"Q9ULX3",7,6,6,7,6,6,0.564506174912102,0.692915737383653,27.6078603856065,27.4785470666226,28.3658245853677,27.7407548735938,28.0099826202679,28.2105978183271
"Q9ULX6",6,5,6,5,6,5,0.0761418636377806,0.200590422862905,26.2914841379119,26.415642174686,26.4851364843072,26.693455205937,26.6977060645342,26.5569629807861
"Q9UMS0",2,2,1,2,2,2,0.117308414998543,0.262760445302724,24.7240423278204,24.5044564376356,23.7683948051632,24.9594754713348,24.7044536047106,24.8256112594727
"Q9UMS4",14,15,16,14,15,14,0.0370114152803186,0.121946939713561,30.3611304053602,30.5229209553757,30.4409483099462,30.9286749855099,30.6156901403391,30.8653141286454
"Q9UMX0",4,5,5,6,6,6,0.443011443092555,0.592284488899019,27.6808721623794,26.7131525105599,26.4441318600355,27.1959334921359,27.2106463233925,27.2505056087087
"Q9UMY1",0,1,0,2,1,2,0.11868122884768,0.264428269479325,NA,23.8445874834538,NA,26.0491527524036,24.4329727612836,26.1106758827094
"Q9UMY4",4,4,3,4,3,3,0.264733494448222,0.431205701534334,25.6806805273225,25.3412892007048,25.2417547885596,25.9455599922144,25.6005581139556,25.4405823099114
"Q9UN36",4,5,5,5,5,6,0.0084400576371406,0.0405620657708822,25.7621316779374,25.839190189314,25.8165423185285,26.3079201830697,26.1678781545689,26.2058283431625
"Q9UN37",4,3,2,3,3,2,0.590641451655971,0.714570053248936,25.5388008035067,25.4541478867983,25.4816521233076,25.7333584421644,25.525099126336,25.4311826399081
"Q9UN86",8,8,9,8,8,8,0.743667504697738,0.831031983678822,29.0843941234412,29.1229105472219,28.9909960874956,29.1003445027434,29.1269998836918,29.0788538244498
"Q9UNE7",5,5,3,4,4,5,0.178973082592596,0.339082160605852,25.5791870337129,26.2193902375661,25.7533295580599,26.4344081907246,25.8989639458602,26.2827344163517
"Q9UNF0",7,6,6,8,7,6,0.0953461799634807,0.230648254308209,26.3016616853927,26.2555892953794,26.592752408878,26.8180172174941,27.0581421689839,26.4590824424695
"Q9UNF1",5,4,3,5,5,4,0.151791586188358,0.307540835073163,25.2047692583645,24.5773864824035,24.4765018878363,25.1019166273545,25.303054499319,24.9903085021721
"Q9UNH7,Q86XE0",6,6,5,7,7,6,0.340575456791378,0.504915360215218,26.7779834973283,27.1743677864951,26.3660022156073,27.0799048068598,27.4182111322994,26.6970085234385
"Q9UNM6",15,14,15,15,13,14,0.71622718206493,0.813323627834973,29.5649772460866,29.6551179544074,29.5927220513698,29.6838235931029,29.7625911364306,29.5039543191694
"Q9UNN5",7,9,8,8,10,9,0.0111055854440774,0.0501715206107737,27.1780954170135,27.5738037268125,27.4737088770041,27.8312114950174,28.5190731186327,28.466521748823
"Q9UNP9",5,4,4,5,5,4,0.311241381734724,0.477400613161887,26.311958301957,26.0396263291717,25.782282514565,26.5095318622061,26.2125804964087,26.0649469615677
"Q9UNQ2",6,6,7,7,5,5,0.800727588012683,0.869966669617565,26.7522613701473,26.5676034260208,26.4019276134342,27.1182311351427,26.5107549758668,26.2880007600633
"Q9UNS2",7,6,7,6,6,7,0.271786754017308,0.438592618064352,26.8634589371324,26.6460221029142,26.7824954584829,26.8514445944478,26.8586884868605,27.0284666002663
"Q9UNX3",0,0,0,0,1,1,NA,NA,NA,NA,NA,NA,23.5243560983031,23.4456594568147
"Q9UNX4",12,16,15,14,16,18,0.121169871493906,0.267729230496814,27.4987907159533,27.6704241941218,27.6476138908201,27.6386576938304,27.954917384666,28.0409289699688
"Q9UNZ2",11,12,11,11,12,11,0.0932909582363691,0.227309517632369,28.4864888022343,28.6905639229353,28.3313078434191,28.7367430744155,28.7899894297493,28.7837681398444
"Q9UPN3,O94854",31,41,35,33,34,41,0.392180982936279,0.550275389199496,28.0595821974783,28.4171058845421,28.2925848554519,28.2806758773981,28.3935745282211,28.4884827665475
"Q9UPN6",5,5,3,2,5,4,0.184056163487625,0.344937381302421,25.875744971572,26.2251314263277,25.5841783970072,23.4523437154918,26.0457436924094,25.1641430103723
"Q9UPN7",9,10,10,9,8,9,0.153475711180506,0.309563353708534,27.4841678298215,27.3774130238809,26.8457136194166,27.0588379189308,26.7234302767142,26.8889531241755
"Q9UPN9",8,8,8,9,9,11,0.179724649185601,0.340123343213364,26.9497906244589,26.8234438995514,26.8876910031262,26.944037608106,27.0377077508427,27.3479189848971
"Q9UPT5",2,1,3,3,3,3,0.00634208073846668,0.0323901413650103,22.9375395217725,22.4504113120866,23.5814151044482,24.12378314088,24.5790135938993,24.2431065021754
"Q9UPT8",6,9,7,8,8,10,0.116433833242261,0.26149723953164,25.7654717022893,26.3535574501931,26.0035823435862,26.2760829783053,26.3317312438763,26.5712965404549
"Q9UPU5",8,9,9,10,8,9,0.206779347549848,0.370480103035501,26.0258254232154,26.1199047844916,26.1995596746513,26.4918377474568,26.1193817669033,26.3353203391825
"Q9UPW6",0,1,2,1,2,2,0.974203838357478,0.98394392872298,NA,23.8797120043023,24.7066277458776,23.6120953326226,24.4868534520347,24.7347564624442
"Q9UPY8",2,1,2,4,3,4,0.00441413687980902,0.0243138553761345,23.9708490486389,23.4936094513067,24.3523248427862,25.2901176529183,25.0286789851803,24.9145123085144
"Q9UQ35",29,25,24,26,25,26,0.161070921701001,0.32005083615726,29.9072074531853,29.8022098919166,29.9196505121824,29.9839084004447,30.0515111889405,30.1189702021633
"Q9UQ80",18,17,17,17,18,18,0.0924215425677605,0.225954119801432,32.2087695418406,32.2039081981838,32.1337993109276,32.2526089996746,32.5404159165503,32.5329400955156
"Q9UQB8",5,4,6,4,5,4,0.693877020603796,0.79563514893752,25.4203384704017,25.0608812605103,25.7290079885566,25.4533330106925,25.3488994471016,25.1547822205811
"Q9UQE7",21,23,23,18,20,21,0.830163450127955,0.888004147945003,28.4145617200014,28.5553755211996,28.7662753066478,28.3458343636857,28.7317917002688,28.7759215569234
"Q9UQR0",8,7,8,10,7,6,0.408637040719474,0.56394144608581,25.6795891964959,25.7566350481608,25.6054945630963,26.3239525478386,25.6458644538537,25.6515549951189
"Q9Y221",4,3,4,4,4,4,0.043035409808563,0.135181501830256,26.2452238532029,26.0202566016004,26.1622922678953,26.5786378543226,26.3674843801104,26.4507483334875
"Q9Y223",2,2,1,1,1,2,0.875159414643007,0.917926263866977,23.7001555295219,23.7010043395872,21.598757901124,22.872328280901,22.2331370944411,24.2812736609388
"Q9Y224",8,7,7,7,9,7,0.0769845174256674,0.201864713546072,28.128591525684,28.0799718960608,27.9614886665658,28.2155928470226,28.5536873521789,28.2911134253702
"Q9Y230",16,17,17,15,17,17,0.403021128052559,0.558940065292004,30.2790402018998,30.3955055443451,30.2444316475146,30.1889695443862,30.626034309132,30.5191208830423
"Q9Y232,Q9Y6F8,Q9Y6F7",2,2,2,2,2,1,0.75713837691871,0.838711194169914,24.5567114660963,23.8049278863699,23.8831705576099,24.5253801890558,24.0971398860444,23.8886697234397
"Q9Y237",3,3,3,3,3,3,0.858095516252179,0.90750428236804,26.1172641284135,25.9149491843588,25.8865622189348,26.0581101427051,26.0235049388423,25.9058560908209
"Q9Y244",6,5,6,6,7,7,0.0602493927601919,0.170722120350237,27.5966531174066,27.3882566513639,27.3946326625757,27.7107382186201,27.7523345882875,27.7225523522949
"Q9Y248",2,1,2,2,1,2,0.979432348649412,0.985873414314106,23.8082836477612,23.9974025739683,23.8133569854896,24.5670378752594,23.0626771458536,23.9582988887722
"Q9Y262",17,16,17,18,17,17,0.0421612280610152,0.133264307219141,29.2607896243395,29.2283865639014,29.2357291864912,29.5397274880812,29.5953452699756,29.4300220895551
"Q9Y263",7,3,7,4,5,6,0.492956887640899,0.63528066948028,25.643618542708,24.6546275904561,25.6267613010429,25.8051494202914,25.3561553967775,25.4533155384552
"Q9Y265",17,17,16,17,17,17,0.0386122617251878,0.125340960137483,30.4338886327659,30.4306960378072,30.426543270914,30.7905492260124,30.6731837454002,30.6669897854868
"Q9Y266",13,13,13,12,12,12,0.950169926249415,0.965849929057314,31.3426147740983,31.4182636025783,31.345087650921,31.1237338708345,31.4635947653508,31.4908993793405
"Q9Y276",3,4,3,4,4,2,0.982576903543565,0.987464373218971,24.4311046387045,24.8674869066639,24.1656267710718,24.8989309599872,24.8769032017439,23.661210304502
"Q9Y277",9,9,9,9,9,9,0.618846029409199,0.73669368242891,28.8860105670751,28.718137092024,28.7782039017125,28.9981595137837,28.9969701254529,28.6235844539888
"Q9Y285",15,15,17,16,13,15,0.0643868990409891,0.178346265540525,28.693895116221,28.7645414496619,28.7020703339179,29.0668796170197,28.8534156012819,29.4222674125313
"Q9Y289",2,2,2,2,2,2,0.560577939519222,0.690274591477524,25.0798123548205,25.3005112703651,25.1632083894199,25.2129688636809,25.2181706027855,24.8191282518606
"Q9Y294",3,3,2,3,4,3,0.330035984283204,0.494662242318832,26.2163683863983,26.3532225205101,26.1587203870585,26.1285052480438,26.6114941348496,26.5191560917656
"Q9Y295",8,7,10,8,10,9,0.106325599183044,0.246500657638684,27.2065314665106,27.1283034872479,27.9971561559782,28.3132163515396,27.8178339511981,27.8517479993661
"Q9Y296",1,1,1,1,1,1,0.235990982014334,0.399326783971323,23.391806045507,22.9228839719832,NA,23.3277055109391,23.8098418021556,NA
"Q9Y2A7",5,6,5,5,6,7,0.130903870291576,0.280167563068962,25.0803041547369,25.4684980705196,25.3229360772666,25.3273995122912,25.7304270580551,25.7818383716937
"Q9Y2B0",5,4,5,4,4,5,0.244752914901276,0.409488894722208,26.8652760971183,26.768260019789,27.149140900244,27.0228622965312,27.0197440007352,27.4561136004538
"Q9Y2K7",1,4,2,1,3,4,0.607073788777542,0.727152948135891,22.8641445348981,24.5266838182732,24.0608851515591,23.0907249751378,24.754312527492,24.618466414638
"Q9Y2L1",8,7,8,11,8,12,0.0174179978729898,0.0702702134636355,26.2617359900492,25.7967049455588,25.8453671190484,26.8688409254367,26.3399387662976,26.9697007075615
"Q9Y2P8",5,5,4,5,6,6,0.117278570356585,0.262760445302724,26.0027560360514,25.9729490523579,25.7565850315978,26.1127745009858,26.2037899292848,26.0907054474138
"Q9Y2Q3",7,6,7,6,7,7,0.164753921688203,0.323424818673577,27.7140222760137,27.8305227597936,27.7339933009887,28.2419473733785,27.8567221965861,27.8828367608399
"Q9Y2Q5",2,2,2,2,2,2,0.184158654320894,0.344937381302421,22.970405311653,24.2713667743948,24.3663147917196,24.438571007555,24.4333497689009,24.5139640996277
"Q9Y2Q9",3,2,2,2,3,2,0.598510424229166,0.720466194657178,25.5577392554738,24.7108583536377,24.6671779283774,25.4072531297284,25.4417690218788,24.6555325099575
"Q9Y2R4",1,2,2,2,2,2,0.102029933412593,0.241146285338128,22.4333602621188,23.8613967311419,23.8367594816495,24.2972074828162,24.0924686521088,24.1518785363144
"Q9Y2R5",2,2,2,2,2,1,0.533881946059763,0.668394318839301,25.0013874565606,24.8549927704111,23.6562036413617,25.4503409009973,25.1132770004439,23.9916489382887
"Q9Y2R9",6,6,6,6,7,7,0.683046711748991,0.786609425682662,27.0527069319135,27.0805438092685,27.0543570687517,26.706564555996,27.4303498330593,27.327154679013
"Q9Y2S7",5,5,4,4,5,4,0.137980215018604,0.290875653613927,25.0279592447639,25.3647112241643,26.0678905797209,25.7727496292715,26.0160990838523,26.1976680334343
"Q9Y2T2,P53677",5,4,5,4,4,4,0.728617075973073,0.820969529249584,25.3993864315861,25.4730086776641,25.5996331277769,25.764594180528,25.3102157206501,25.568087286505
"Q9Y2V2",3,3,3,3,3,3,0.0933654430461832,0.227381317659726,27.1142546053637,26.8087563584288,26.7271506403234,27.568418452937,27.0248814966472,27.2253476555458
"Q9Y2W1",15,14,13,15,14,16,0.521769397447972,0.658699631719496,29.0730667451018,29.2890648756121,29.2519482107196,28.9638274371795,29.443978442238,29.6143193176945
"Q9Y2W2",9,10,8,11,9,11,0.00358927005282928,0.0207193177563894,27.4667473570265,27.3743305707564,27.2982179856593,28.1024932323271,27.8331295845648,28.162178308147
"Q9Y2X3",13,13,12,14,12,13,0.343033238544985,0.506789808439775,28.6801349651018,28.5561349010088,28.4903929233929,28.6828797040475,28.7575754792466,28.63737153921
"Q9Y2Z0",13,15,10,12,13,13,0.84115684883967,0.895450849719723,28.5552005717232,28.9132115683106,28.5503955254084,28.7198549876082,28.4911423194234,28.9181109136953
"Q9Y2Z4",3,3,0,2,2,2,0.0162172915975683,0.0665963738693639,27.5460856416454,27.4257878489814,NA,25.0428640372465,24.1171776392809,26.2155427933171
"Q9Y305",2,2,3,3,4,3,0.0351602041016955,0.117478736310225,24.4158818835842,24.574041187934,24.9565713145724,25.339629042797,25.277958451482,24.9481667711469
"Q9Y312",3,2,4,3,3,3,0.416435361572968,0.569722375759767,24.0666505040941,22.483319219147,24.7878300813548,24.0708897317339,24.3821662282771,24.4317812685643
"Q9Y314",8,5,8,8,7,6,0.197188235818783,0.359695839335743,27.4664908551073,26.504613802521,27.1570460983294,27.6259452061098,27.1798584729539,27.5646934940843
"Q9Y316",4,4,5,4,4,4,0.161865385374325,0.320897645412181,25.8500976546521,25.9966382322069,26.0784914476338,25.4733417515442,25.4385048772302,26.0453266126962
"Q9Y324",2,2,1,0,1,1,0.00453182660592263,0.0247286819800129,23.5458104926798,23.0546970211493,23.480129988439,NA,22.3570300224732,22.3034630174346
"Q9Y333",3,3,2,3,3,3,0.0834976282358062,0.212478087635155,27.3516476844593,28.0005116912918,28.0121244680636,28.5297002550587,28.0740058051393,28.248298354479
"Q9Y371",4,4,5,4,5,4,0.758343849513349,0.838895046844487,26.1993462042116,25.6958911994996,26.1350849816644,25.8133669697976,26.1426007485207,25.8947614596508
"Q9Y376,Q9H9S4",8,9,9,9,8,9,0.705110237681417,0.805140482258938,27.2274713943551,27.507626650208,27.4817963803532,27.3714958673156,27.3377251174535,27.6948281431875
"Q9Y383",13,13,13,13,13,13,0.889873809801631,0.927343223166468,29.512749403571,29.4285550792168,29.4026204507144,29.2549727335392,29.6443264643588,29.5056078991581
"Q9Y388",0,0,0,2,1,2,NA,NA,NA,NA,NA,24.1155986705286,23.7337673762476,23.6204107832829
"Q9Y3A2",2,2,1,2,2,1,0.476676742852447,0.621180141420978,23.5976996975479,23.9048894477588,22.361396663652,22.9122224131244,23.5535052752719,22.1993670745479
"Q9Y3A4",3,4,3,3,3,3,0.507786552014262,0.646867559703414,25.3415568525255,25.2595110180039,25.4552343136039,25.1429456555836,25.2551077560854,25.3925596053191
"Q9Y3A5",9,9,9,7,10,9,0.168440920456341,0.327733085217635,28.5572495409223,28.5637382623617,28.6770904351672,28.5682480827147,29.1391555015494,28.9152509416722
"Q9Y3B2",5,6,6,4,4,5,0.753379206243799,0.836517557867097,26.437417800364,26.8767971407295,26.8533359208335,26.5197878636726,26.6256673270929,26.8485010804382
"Q9Y3B4",5,6,5,4,5,5,0.189481828864178,0.351306098330354,27.7252863818422,27.5015289458182,27.5951789421906,27.8238090275336,27.7334765550574,27.7786300701621
"Q9Y3B7",4,4,4,4,5,3,0.451891306870786,0.599901788427877,26.1762562841486,25.6158442248865,25.7557176233492,26.1003150458601,25.8049552497647,24.6470510332024
"Q9Y3B8",4,3,3,4,3,3,0.572424208579353,0.699454530263646,26.7160376156522,27.2732768537389,26.7847294740352,27.0499582704793,26.9601597416003,27.0878786600739
"Q9Y3B9",3,3,3,3,3,3,0.0887895737223964,0.220419478968707,26.0218508941231,25.9280128039895,25.3318099174084,26.2558298712748,26.2992950582007,26.056898001027
"Q9Y3C1",5,5,5,6,5,6,0.42305754439158,0.575104800764144,27.4732302404657,27.4918377644038,27.3878605811838,27.7523488949906,27.4570160539278,27.4796081672832
"Q9Y3C4",1,1,1,1,2,1,0.180269067630293,0.340770606512204,23.4739960247642,23.3481453772099,23.4538444853789,23.5609544389297,24.6287158034968,23.5471618012522
"Q9Y3C6",3,2,4,3,3,4,0.322312362723069,0.487133376455482,27.4200912430786,27.3200759780838,27.5153029662918,25.7565120013096,27.327721448652,27.5742818021389
"Q9Y3C8",2,3,3,3,3,3,0.504731895098566,0.644513579011738,26.0771044544521,26.0743197765723,25.848197830486,24.7336319359751,26.1920075085164,26.1714376220574
"Q9Y3D0",4,4,4,5,3,4,0.284172462402025,0.450378132285104,25.835393627154,25.5939975795836,25.8546125256316,26.5133952610153,25.5285968275203,26.2119053575008
"Q9Y3D3",1,2,2,2,1,1,0.648770530366026,0.759782042401762,24.3662953957085,25.4950885968461,25.4467408341325,25.8765669573171,25.3385908573183,24.713989465119
"Q9Y3D6",1,2,2,1,1,3,0.528963593184646,0.665453327316475,24.4785482958424,24.001645688264,25.3638976687701,24.506583053979,24.1897554745345,26.6141215392254
"Q9Y3D7",2,2,2,2,2,1,0.425033567776118,0.577108750225046,25.5976684673406,25.6488725756437,24.9397525584671,25.9673008744739,25.1049707088215,23.3629531922767
"Q9Y3D8",4,2,2,4,3,1,0.909740893069233,0.937575455394226,26.2824976474178,24.0686010768238,22.8329648372555,26.18956777312,24.9182703060162,22.5186828146779
"Q9Y3D9",5,5,7,5,5,7,0.875757565404629,0.917987672690234,26.8963305915031,26.673926732965,26.7646054893625,26.6788218199372,26.4262644293718,27.1286024061566
"Q9Y3E1",1,2,2,2,1,1,0.929480524862983,0.950750532823598,22.7132441777336,23.9193627863966,22.9102235052003,23.8949151803386,22.6777684965673,23.0938142032897
"Q9Y3E5",3,3,3,3,3,3,0.519399888120604,0.657021997219427,25.2060808739247,25.4004154784905,26.0464877231817,25.8685365564744,25.7127701296225,25.5777478028907
"Q9Y3F4",14,15,16,15,14,15,0.481417983438392,0.625866035801608,29.9680855300513,29.9471141004816,29.7767883556608,30.1269763063968,29.9585235504379,29.8907775455418
"Q9Y3I0",13,15,12,15,15,14,0.255792301239026,0.422224481555007,29.1224180530056,29.723273553512,29.6778060932209,29.6871615756325,29.7668978037784,29.7977098670846
"Q9Y3I1",3,2,3,3,3,3,0.228334433907693,0.39187586210814,24.6307345382678,24.5180833698774,25.2891044672891,25.5810885578908,25.0940433082492,24.9040668283982
"Q9Y3L3",3,3,3,5,4,3,0.0522093403175093,0.153766401133376,NA,NA,24.4800249544,23.1846016118902,22.3004528530793,NA
"Q9Y3L5,P10114",1,1,1,1,1,1,0.035039240589102,0.117345181334568,24.4327161580649,24.6223124709075,24.6269036137475,24.8838411807066,24.8061202167538,25.0069951840852
"Q9Y3Q8",5,3,4,4,3,4,0.797519999245171,0.868536765025303,25.887263095206,25.1180888883386,25.6657241219798,25.8516685980257,25.2900407298693,25.7389467905456
"Q9Y3S2",2,2,2,2,2,2,0.556611656746034,0.686891150311316,24.5953242729654,24.4070811574085,23.0167622493845,23.9174535363564,24.4339527762413,22.4219202006667
"Q9Y3T9",11,9,10,11,9,9,0.478204095814737,0.622528063907277,27.3531284159161,27.486071351078,27.6318048251191,27.7077251183954,27.5500848987541,27.5093348323619
"Q9Y3U8",2,4,2,3,3,3,0.315108529367215,0.480559535577839,28.8919440475804,29.1700750308601,29.017584722944,28.977331299292,29.3910536047621,29.2293130005303
"Q9Y3X0",5,4,3,4,4,4,0.857492648107623,0.907056621066305,25.9843608761851,25.0053574713161,24.8123562142783,24.9701406738,25.4722504118141,25.5603339252076
"Q9Y3Y2",2,2,2,2,3,2,0.566126373214725,0.69447100129555,25.6642530663064,25.7223153828013,25.8097258821145,25.5462555899214,25.7554889450282,25.6810091555166
"Q9Y3Z3",3,1,1,2,3,3,0.341610040008506,0.506152042265463,26.0575060259507,23.0902230674944,22.7200130181389,24.109897973395,25.1736889624952,25.5978107363216
"Q9Y446",10,11,10,10,12,9,0.241193267008459,0.405683380506069,26.6123654005816,27.0105195074151,26.7323407922659,27.4741785499825,27.5829949467682,26.5305187153623
"Q9Y448",1,2,2,1,2,2,0.245465490802391,0.409870107236219,23.5995722739033,23.5415356375675,23.8962174077415,23.5714646815584,24.0683975010583,24.233112939609
"Q9Y450",12,16,14,17,16,14,0.436872158920928,0.587028804125993,27.7547843000369,28.3738640449876,28.0550182589927,28.5026300232899,28.1808130634604,28.0367540048124
"Q9Y478",5,4,4,4,4,2,0.728084327846543,0.820969529249584,25.6560286400437,25.2852342288715,25.3879165636072,25.6719565761483,25.4768297602612,24.9266675867418
"Q9Y483",1,1,1,1,1,0,0.639334069257192,0.752267500132583,21.9245512028924,22.5494487700579,22.7369542648565,21.999822959332,22.4893068304545,NA
"Q9Y490",76,76,78,77,80,77,0.342077791714545,0.506307721888732,31.5925943506115,31.5520009426585,31.6123808053946,31.729581208721,31.6085613375128,31.750188857724
"Q9Y4A5",4,6,8,3,5,8,0.418771062354016,0.571679090797334,26.4559864976032,25.167128761238,26.6947065340729,24.6391444056847,25.446147121694,26.5888477914805
"Q9Y4B6",2,2,3,3,2,3,0.245543096220176,0.409870107236219,22.473042986907,21.7980794078614,23.6487473547683,23.7094873871398,22.7118069969346,23.5747426101636
"Q9Y4C2",7,6,5,5,6,6,0.399176241052896,0.556540296811316,26.089394553862,25.7173905018202,25.4890300477622,25.5521255457707,25.6823561701411,25.5677877546777
"Q9Y4C8",7,6,7,8,8,7,0.0580247501760691,0.166619109232135,25.8630432647127,25.3606020508757,25.5285668755137,26.2037197356433,25.9719637114985,25.8579527649036
"Q9Y4E5",3,2,3,3,2,3,0.455229173210809,0.601769838756293,24.4161652511354,22.7942739531512,24.7076148790266,24.4470461032799,24.0358965819937,24.7266318706092
"Q9Y4E8",28,29,28,26,31,30,0.104096721714355,0.244440976931292,29.4404116905859,29.6017171461306,29.5018836479651,29.5700146960731,29.8725343868676,29.9149298432866
"Q9Y4G6",1,2,2,2,2,2,0.222908252997298,0.385585474619641,25.0377067531019,26.383914718615,26.3499990957319,26.2719880899881,26.6118605758941,26.5082709763732
"Q9Y4L1,Q9BXT5",20,22,23,24,21,22,0.353913618102991,0.517699879825719,29.1564474175834,29.3204298651304,29.3747323795996,29.6484011630235,29.3012689534926,29.3433724334003
"Q9Y4P1",2,1,2,2,2,2,0.84696159907039,0.899941038321742,25.0073242876678,22.651703217207,25.1942714724264,23.5356639601305,25.0714526724576,24.7295561546568
"Q9Y4P3",2,1,2,1,1,1,0.294294442170153,0.461210433571655,23.6569281319619,22.3781375192487,23.6147087999882,22.5094679760448,22.9048591545579,22.9086239943969
"Q9Y4R8",8,7,7,8,8,9,0.0772363665322052,0.202030495781548,26.1376843526543,26.0388297101918,26.236059636249,26.262247489297,26.5351805488513,26.4490786756358
"Q9Y4W2",15,14,13,14,14,14,0.432689263453238,0.583737572035873,27.9218122286827,27.7514504520759,27.8657499671403,27.9984756654824,27.8453637232061,27.9865547534251
"Q9Y4W6",9,11,11,9,14,12,0.395133600541063,0.552705570848216,26.823291860225,27.2890458428215,26.9183429993425,27.0660955599978,27.4645057870328,27.0347851269348
"Q9Y4X5",3,3,3,3,3,2,0.53002643346785,0.666292562331038,24.9352082601069,25.3662708009624,24.2103790444993,24.6757254320289,24.9310347543289,24.2038320178496
"Q9Y4Z0",3,3,4,3,1,3,0.535628655724801,0.669894394812385,26.5935714539897,26.6397072861123,26.1567832884114,27.1509086140851,25.0851934178535,26.1114981228523
"Q9Y508",8,7,7,7,7,8,0.466610550214942,0.612327848567334,26.8996276019091,26.6374367363972,26.8571825700078,26.7146073791899,27.2555768627997,26.8498455194957
"Q9Y512",2,2,2,2,2,3,0.350737828537296,0.514694006955805,26.103561596403,26.1609851727635,26.2850822202237,24.9194316988155,26.4767383155965,25.9367404221846
"Q9Y520,Q5JSZ5",26,23,23,28,23,21,0.111703451229792,0.25403607931638,28.4855608612919,28.2293985707249,28.1996872465841,28.5341121031454,28.5744316690624,28.515560368605
"Q9Y530",1,2,1,2,2,1,0.507236567524604,0.646329945148027,23.0815909828217,24.8994741586241,23.8731274466019,24.3458840578125,24.5336693028573,23.9798265103267
"Q9Y547",4,4,4,4,4,4,0.809436209342153,0.876036488833772,26.3586492337831,25.6419742679935,24.8097676708973,26.3650961867562,25.7760859662033,25.0508316733186
"Q9Y570",5,6,6,6,6,6,0.253890797367856,0.419497028951599,26.9659700967378,27.092720001688,26.9206666479879,27.6514199861398,26.9662952679199,27.1381707266868
"Q9Y580",1,2,1,1,1,1,0.0441699471682487,0.13797303843341,23.137843290157,21.9490070210534,23.4392239037994,24.5368485246973,23.6311499551726,23.8815008204718
"Q9Y584",2,2,1,1,1,2,0.412069634100424,0.566725396851937,23.9187030920231,23.9912016018162,23.2610771606847,23.9054193677796,23.636791896496,24.3903131113767
"Q9Y5A7",6,6,6,7,6,7,0.157172093057642,0.314905292357855,24.8669354999578,24.8341066039199,25.3403981040622,25.0901460197798,25.3642057507743,25.6447808595776
"Q9Y5A9",10,10,9,9,11,12,0.288576421317371,0.454769523483452,27.7404997256717,27.9571386158416,27.4286366866049,27.5068142023928,28.3977341051107,28.2032536182701
"Q9Y5B6",5,5,5,5,4,5,0.00187069950343763,0.0127860665654444,24.4280869610017,24.4088198512244,24.1250948711725,25.6287581156233,25.3904615188148,25.0573635867801
"Q9Y5B9",24,23,23,25,24,22,0.178122470887282,0.338231804681075,29.5526050539246,29.5603989807081,29.6729326031032,29.7570091234093,29.7798894430539,29.7316057098544
"Q9Y5J1",7,8,7,8,8,7,0.0808175716345748,0.208589450345548,26.7684433832294,26.3843423738844,26.097734902388,28.2145046364933,26.9413299766657,26.7956475252042
"Q9Y5J6",2,2,2,2,2,2,0.986629467354327,0.990178722449693,25.1264500493434,25.0834263178017,25.1845392302634,25.0002574649456,25.1639988115443,25.2240522482209
"Q9Y5J7",4,4,5,5,5,5,0.209968087032838,0.373959382088457,27.5930545919599,27.630363218474,27.9888753581366,27.9224071954296,27.8589691668305,28.0951242346022
"Q9Y5J9",4,3,3,4,3,3,0.175033786679628,0.334635407639899,27.0643924115359,26.723104510798,26.7328918388487,27.3851975161735,27.0374597798828,26.9295739160993
"Q9Y5K5",12,10,11,12,12,11,0.288637158170271,0.454769523483452,29.4677942668164,29.1519172188038,29.3054231193876,29.5181262167376,29.4749356728794,29.3858906966531
"Q9Y5K6",13,14,14,12,14,17,0.154933003108373,0.311655355914135,28.1669305732484,28.0104271601569,28.0758876175908,28.1865297489781,28.2336112339589,28.4614003552982
"Q9Y5K8",2,3,3,2,3,3,0.197416333076288,0.359880821699097,24.0956000846821,24.4753657604282,24.5943301197004,24.2582820686934,25.0201205360475,25.0983611258615
"Q9Y5L0",21,19,19,18,18,19,0.707079928230645,0.806620428426516,29.0980638038527,29.7169208570259,29.6195800315409,29.1243568681052,29.3615933194003,29.6737271039132
"Q9Y5L4",4,4,4,5,4,5,0.0393254880315115,0.126922070317677,27.785200252297,27.8218660913949,27.9179553604496,28.760536382829,28.0163507532887,28.4180628681875
"Q9Y5M8",1,2,0,0,1,2,0.447266548814239,0.595451591476205,22.7781984592729,24.8367339706996,NA,NA,21.7951087409995,23.9356856508725
"Q9Y5P4",3,4,3,4,6,4,0.0424811973012702,0.133990233656242,24.5000276890791,24.7824336136834,23.8853135869757,25.050738949633,26.0182620076316,24.9965937048934
"Q9Y5P6",2,2,1,2,2,1,0.00385550371232026,0.0218565086991354,23.4241474753136,23.9680310387692,23.0650924891601,22.4411783108971,22.2736193134312,22.2606527712856
"Q9Y5Q8",7,8,8,9,7,8,0.986983918624607,0.990287310006032,26.561779073549,26.5915057285459,26.4973826598645,26.8639910600011,26.4225662547989,26.3555108855457
"Q9Y5Q9",3,3,2,4,3,5,0.00983896859552642,0.0457611697753259,24.2197001532592,24.3596164251941,24.1113949860567,24.7781512742524,24.7197414057468,24.6050473732468
"Q9Y5S9",5,5,5,5,5,5,0.272573663416652,0.439160948618025,28.935776605382,29.0691509148091,29.0295205465688,29.0496837125692,29.1734971500097,29.2223664779035
"Q9Y5T5",2,2,0,1,2,1,0.71116216280433,0.810047507561888,23.7230119539824,22.8016187166018,NA,22.598598446265,22.9184103614674,23.7265830822884
"Q9Y5X1",8,9,10,9,9,8,0.168039279499215,0.327203701137447,27.3144117523347,27.5745534709067,27.4839585068893,27.6766898162595,27.6086760933742,27.65122089813
"Q9Y5X3",8,7,7,7,8,7,0.724315841044419,0.818827062022238,26.300376621557,26.3908839298807,26.657690285446,26.504536665071,26.5925461132507,26.4086440786525
"Q9Y5Y2",5,3,4,1,2,3,0.31325796707491,0.479432533770814,24.811734041133,24.3866210634652,25.8285539740327,24.2154079091323,23.2260171193899,25.4228960977039
"Q9Y5Z4",3,4,3,4,3,3,0.437900491942838,0.587578550678801,25.9163762245658,26.3383786732711,26.1595240118342,26.3978118498563,26.0982815598372,26.3220134441979
"Q9Y606",5,6,6,6,5,5,0.691150719587676,0.7932293307515,26.2085778427982,26.7391315073057,26.336966062206,26.4705002938373,26.4070063458979,26.1779107257739
"Q9Y608",2,2,2,2,2,2,0.0314754342279925,0.108668775314826,23.5513680258017,23.9133696199147,22.9501099959214,24.8483610130835,24.3343578899153,24.0186776370492
"Q9Y613",8,6,7,9,9,9,0.11723925188088,0.262760445302724,26.4821561151293,26.3365529240779,26.7102364746441,26.8077206321588,26.8652700723515,26.6560961728054
"Q9Y617",15,16,15,14,14,16,0.671770326173597,0.776989218571751,29.7949029835649,29.9437328767739,29.764174254853,29.7296954695284,29.7734082472725,30.2325161006323
"Q9Y624",2,1,1,2,1,2,0.137775093032333,0.290685879242404,24.3843666643719,23.4635956124807,23.6491210857569,25.0232103712321,23.8015715160622,24.7676112624948
"Q9Y676",5,5,4,3,5,6,0.566810023822228,0.69447100129555,25.9839786230381,26.1018848593385,25.7944971355208,25.4240706847109,26.5761654672914,26.4921465278635
"Q9Y678",21,21,19,19,20,20,0.801834305429169,0.870607282184594,28.4124771245447,28.3927272674484,28.2624060382296,28.1208471887614,28.3145814093379,28.5188039658599
"Q9Y696",10,10,10,8,10,12,0.554825358336178,0.68585973689575,27.6421808793694,27.7003289768177,27.5987506456456,27.5289563384037,27.9427871776022,27.7386686200398
"Q9Y697",6,7,5,6,4,7,0.842214373521892,0.895961415471583,25.4868682424786,25.44586762746,25.7728174217373,25.8436387868577,25.0796164772663,25.6369887160455
"Q9Y6A4",2,1,1,1,2,2,0.7449848947239,0.832170339080712,24.4832214899772,23.9264279084541,23.887295039067,23.4737201900849,24.2224090072564,25.0351200257968
"Q9Y6A5",13,12,13,12,14,12,0.19759811689852,0.359902953243387,27.7994584727867,27.8667321403171,27.73217543724,27.9296534267985,28.077808966016,27.8918384607787
"Q9Y6B6",1,1,1,2,1,2,0.0180154326623773,0.0722266978408626,25.6035278948615,25.912361744156,25.002193344225,26.4373215575789,26.1447203602621,26.6164930932513
"Q9Y6C9",7,6,5,7,7,5,0.347578950951601,0.511842939141848,27.9957223776977,27.9822172055724,27.8655992179326,28.0579888109662,28.1958345831559,27.9574364709801
"Q9Y6D6,Q9Y6D5",2,2,1,2,3,3,0.0610088010772701,0.171865841740821,23.2489948679368,23.3387611988045,20.8529425800147,23.4246504931054,24.7566644040592,24.7593839812174
"Q9Y6D9",5,5,4,5,4,4,0.412474636228367,0.566914119071967,25.4251333556943,25.800491183948,24.8807458928937,25.8980636299598,26.0058694004868,25.1086931049739
"Q9Y6E0,O00506",4,4,4,3,3,4,0.0987099596929254,0.236407779236115,25.7616578818819,25.74657984346,25.7533730127298,24.9333092416716,25.5537133612898,25.5747697119349
"Q9Y6E2",14,14,13,13,13,13,0.231534505862587,0.394694832639867,28.6825294802421,28.5907338623668,28.7309070853458,28.8040140292481,28.8452574773301,28.780246864733
"Q9Y6G5",1,0,2,1,1,1,NA,NA,22.2697943324144,NA,23.8365954178475,NA,NA,NA
"Q9Y6G9",14,15,13,17,16,14,0.421778506738306,0.574077940591535,28.8425930816943,28.8683380948004,28.5171915831961,28.7190494948426,29.0413912954038,28.877491053737
"Q9Y6H1,Q5T1J5",3,3,3,3,3,3,0.951799860102582,0.966694128059604,27.5338149195644,27.5027111597939,27.30253053396,27.1316678139435,27.5707950342732,27.6709408772736
"Q9Y6I3",2,2,3,2,3,4,0.280674885639935,0.446375581664771,24.0806617221322,22.069040963975,24.4555014348328,23.5720085816745,24.7318070259965,24.8769361594002
"Q9Y6I4",2,3,3,4,3,4,0.0914173130212825,0.224258789737979,23.4058574499659,23.3612973814575,23.9272108070772,24.2397453889221,23.680388180297,24.2335936662723
"Q9Y6K9",2,2,1,2,3,1,0.14127444366207,0.294258645334893,23.860442595153,23.8985962427698,22.2266092909292,24.530915951645,24.9005463570397,23.5446180475984
"Q9Y6M1",11,10,8,12,11,9,0.0335969311923598,0.113741565513221,26.9008936792531,26.7305237162324,26.6486071806836,27.1063118308166,27.1909376732782,27.020330334317
"Q9Y6R4",0,1,2,1,1,4,0.240030642883899,0.404181185434806,NA,20.6446566329428,22.6685519281494,22.0622438797263,22.6053373516826,23.085012072942
"Q9Y6V7,P38719",2,2,2,2,2,3,0.244584250448811,0.409342295896932,24.2905764120348,23.9513487588515,24.1180924639848,24.798919093874,23.8838714207244,24.7903357847252
"Q9Y6W3",2,2,2,2,1,2,0.204755023470796,0.368311119498216,25.2332322718659,27.3651157208039,27.2969515160474,27.9777161890339,22.448170772876,22.1691274613702
"Q9Y6W5",4,3,3,4,4,3,0.0128441846711962,0.0556875337117698,25.2619724845103,24.9074704758375,25.1045981439322,25.7943524488365,25.9272922139533,25.4528437514897
"Q9Y6Y8",3,3,2,2,1,2,0.324813612210668,0.490326824649159,23.5494317819989,23.8361922073144,23.4633327781154,23.5213727979004,21.4912201809349,23.8059356513921
"Cont_A0A3Q1M3L6",1,1,1,1,1,1,0.643998525685802,0.755770574637311,26.0125576139018,26.1857639821835,26.2151038858453,26.6886043335222,25.8765705408053,26.182595411942
"Cont_Q1WEI2",13,12,14,13,12,13,0.7765800693776,0.851438012902256,33.5490462400221,33.4227811230326,33.3873968932378,33.3960101128019,33.4519983021795,33.4148777445087
