"protein_group","number_of_peptides_A_1","number_of_peptides_A_2","number_of_peptides_A_3","number_of_peptides_B_1","number_of_peptides_B_2","number_of_peptides_B_3","differential_abundance_pvalue_B.A","differential_abundance_qvalue_B.A","abundance_A_1","abundance_A_2","abundance_A_3","abundance_B_1","abundance_B_2","abundance_B_3"
"Biognosys|iRT-Kit_WR_fusion",11,11,11,11,11,11,0.536843850247077,0.668965213009332,33.6922408658677,33.6281889109343,33.4425417611287,33.7208404847816,33.6540383776979,33.6233457706149
"Cont_A2I7N1,CON__A2I7N1,Cont_A2I7N2,Cont_A6QPQ2",5,6,4,5,4,5,0.109809283190278,0.249104898017925,25.0615366803406,25.1589994581316,23.949835995899,25.4977135639769,25.3203466498442,25.2944601250151
"Cont_A2I7N3,CON__REFSEQ:XP_001252647,CON__A2I7N3",0,0,1,0,1,1,0.430412684214504,0.579760199125832,NA,NA,23.2900411087726,NA,23.4439602365791,23.5430307438338
"CON__ENSEMBL:ENSBTAP00000007350,CON__P01030,Cont_P01030",8,9,10,10,10,10,0.159402786253058,0.312503442581199,26.436335995233,26.6697622425698,26.9797628014854,27.1362406405035,26.8590652319417,26.9529083415359
"CON__ENSEMBL:ENSBTAP00000014147",3,3,2,2,2,2,0.806061281021079,0.871386626544588,26.6930721723989,26.6845497651506,26.6275445357847,26.2975006275272,26.7879775887886,26.7889676747907
"CON__ENSEMBL:ENSBTAP00000024146,Cont_Q7SIH1,P01023,P20742",20,22,21,19,20,23,0.588475885150173,0.71177689058118,28.4965800708645,28.6028885643084,28.2111474874915,28.6135801587112,28.3402674732502,28.6310591492733
"CON__ENSEMBL:ENSBTAP00000024466,CON__ENSEMBL:ENSBTAP00000024462",9,10,9,10,9,9,0.257216364693007,0.417040537899568,26.6743442127048,26.6543521797755,26.4813020522319,26.6219128225829,26.8376747913736,26.8245915845215
"Cont_E1BJK2,CON__ENSEMBL:ENSBTAP00000025008",0,1,1,1,0,1,0.0141427302639001,0.0587071296304935,NA,22.3158981877973,22.3769705485732,23.3678577726165,NA,24.1595513831859
"CON__ENSEMBL:ENSBTAP00000034412",4,5,3,6,2,3,0.696627425782328,0.792996135220094,27.1684684356632,27.7367523940897,26.4979630133887,27.4910669993859,26.6689249171448,26.7740394332634
"CON__P00735,Cont_P00735,P00734",7,7,8,8,9,8,0.18520302972244,0.343091830956436,28.6604506264443,28.3187372713559,28.6148216300427,28.8969647459157,28.5760668193528,28.8255974175838
"Cont_P00761,CON__P00761",6,5,6,5,6,6,0.672296240238929,0.774890209188983,33.4917406982067,33.4352636889655,33.3663943846423,33.5685987518453,33.493752466126,32.9839819637
"Cont_P01044,CON__Q2KJ62,CON__P01044-1,Cont_P01045,CON__P01045-1",1,1,1,1,1,2,0.289284729555105,0.450108095576531,23.6541718796574,23.6276278212037,23.4218281779399,23.3940669624027,23.9913951380068,24.0566307589696
"Cont_P01966,CON__P01966",7,7,7,7,7,7,0.256347732866973,0.416622143690463,31.892262342345,32.205630938132,31.8210692994734,32.3300017464413,32.0567274119818,32.1208213298813
"Cont_P02070,CON__P02070",0,3,2,2,2,3,0.429748087738349,0.579760199125832,NA,24.7662786934461,23.9461048216244,24.8037967683719,24.3073788860948,24.7818782500044
"Cont_P50446,CON__P50446,P48668,P04259,P02538,Cont_P48668,Cont_P04259,Cont_P02538,CON__P48668,CON__P04259,CON__P02538",1,1,0,1,0,0,0.0861608718446715,0.212238605483473,22.1891392050044,22.5725073844783,NA,21.6097718174183,NA,NA
"Cont_P02769,CON__P02769,P02768,CON__P02768-1",25,26,27,26,26,28,0.162399285798955,0.316463264233145,30.8198358847154,30.8979614847776,30.988314556494,30.9479566531652,31.1537397174956,31.2091893737626
"P05787,CON__P05787,Cont_P05787,CON__H-INV:HIT000292931,CON__Q9H552,Cont_Q8BGZ7,CON__Q8BGZ7,CON__Q6ISB0,CON__Q5XQN5,Cont_Q9NSB2,CON__Q9NSB2,CON__REFSEQ:XP_092267,Q9NSB2,CON__Q922U2,O95678,CON__O95678,Cont_Q922U2,Cont_O95678,Cont_Q9DCV7,CON__Q9DCV7,Cont_P08729,CON__Q3KNV1,P08729,CON__P08729,Cont_P35908,Cont_Q01546,Cont_Q7Z794,CON__P13647,CON__Q7Z794,Q7Z794,Q01546,Cont_P13647,P13647,CON__Q32MB2,CON__P19013,CON__Q3TTY5,CON__Q01546,CON__P35908,P35908,P12035,CON__Q6IFZ6,CON__P12035,CON__P35908v2,Cont_P12035,Q86Y46,Cont_Q6IFZ6,CON__Q9R0H5,CON__Q6IME9,CON__Q14CN4-1,Cont_Q14CN4,Q14CN4,P19013,Cont_Q6IME9,Cont_P19013,Cont_Q6NXH9,Q3SY84,CON__Q3SY84,Cont_Q3SY84,Cont_Q9R0H5,Cont_Q86Y46,Cont_P07744,CON__P07744,Cont_Q7RTS7,CON__Q7RTS7,Q7RTS7,Cont_Q8VED5,CON__Q8VED5,CON__Q5XKE5,Q5XKE5,Cont_Q5XKE5,CON__Q6NXH9,Cont_Q3TTY5",18,19,18,18,18,19,0.345144166805789,0.503050379861984,31.1307282859509,31.2114759630008,31.1602538624848,31.0735351024112,31.4744636311545,31.3981826328853
"CON__P08727,Cont_P08727,P08727,Cont_P19001,CON__P19001,CON__A2A4G1,CON__ENSEMBL:ENSP00000377550,CON__P13646-1,P13646,Cont_P13646,Q8N1A0,P19012,CON__P19012,CON__Q9Z2K1,CON__Q61782,Cont_Q9Z2K1,CON__P02533,Cont_P19012,Cont_P02533,CON__P08779,Cont_P08779,P02533,CON__Q9QWL7,CON__Q6IFX2,P08779,Cont_Q6IFX2,Cont_Q9QWL7,CON__Q04695,Q04695,Cont_Q9D312,CON__Q9D312,P35900,CON__P35900,Cont_P35900,CON__Q8N1A0,Cont_Q8N1A0,Cont_Q04695,CON__Q3ZAW8",10,12,10,12,10,10,0.777606181860542,0.853776029277447,28.3872137803473,28.6994147896881,28.2897246419326,28.5077148637716,28.435707587672,28.298108740697
"Cont_P08730,CON__P08730-1",1,1,1,0,0,1,0.280929410404821,0.441474326650635,26.7253015186064,24.7157938028708,24.3964600281136,NA,NA,26.6373574186635
"CON__P12763,Cont_P12763,P02765",9,8,9,10,9,9,0.089065965720774,0.216934829481138,31.1411131216943,31.0657025310165,31.1372757603808,31.2301352892317,31.3795058612075,31.4212263848362
"P13645,Cont_P13645,CON__P13645",4,3,5,4,4,5,0.337176145597227,0.496144946382588,24.9476458793276,23.8765970444477,25.9032002481153,25.157496409883,25.3026305258975,25.9611121108657
"CON__P15497,Cont_P15497,P02647",10,10,10,10,10,10,0.0518303364392374,0.151086258681023,29.5111818326595,29.1748081809735,29.5199661515245,29.8356670413345,29.6974410660521,29.7132756377893
"Cont_P17690,CON__P17690",1,2,2,1,2,2,0.876006519452909,0.918277054628716,23.4044115600272,23.6848255886943,23.6993863325127,22.7068458328932,24.0651185870076,24.2227650057384
"Cont_P34955,CON__P34955",12,10,11,11,13,10,0.221994621658821,0.382307725987957,29.7941625710319,29.5350762696336,29.6154384237055,29.8831967988919,30.1628815780471,29.6208813351761
"CON__P41361,Cont_P41361,P01008",2,3,2,2,3,2,0.13784487467946,0.287069650584747,27.0836121387759,27.0953571170669,26.7472982108746,27.1856539912816,27.3579879015962,27.1458295597875
"CON__Q03247,Cont_Q03247,P02649",4,3,4,4,4,4,0.0510253838636803,0.149408088052702,25.7596001935082,25.2494820143616,25.5244769265621,25.7987125789125,25.9439252030219,26.0229118611313
"Cont_Q05B55,CON__Q05B55",4,5,3,3,5,4,0.371485951788874,0.524843267903637,26.1859626025489,26.4223426717972,25.7389769939903,26.4750942150924,26.317913825701,26.1604809841263
"CON__Q29443,Cont_Q29443,CON__Q0IIK2,P02788,Cont_Q2HJF0,CON__Q2HJF0",22,24,23,23,24,23,0.169017832859948,0.324087864369796,29.8783281319069,29.9066712370245,29.9237357681255,30.0420391733389,30.1282529866733,30.0246847246372
"CON__Q1RMK2,Cont_G5E513,Cont_A0A3Q1M032",9,11,12,10,11,12,0.162276046527484,0.316463264233145,27.4481712776717,27.6309836356748,27.9623671745024,27.7609202776649,28.0376509780739,28.1318644549962
"Cont_Q1RMN8,CON__Q1RMN8",3,3,3,3,3,3,0.096188525422012,0.229504211807123,27.7711801691352,28.0742376509928,27.8800381053865,27.7385420209154,29.5487567490318,29.4592096659354
"Cont_Q28065,CON__Q28065",4,2,3,4,4,4,0.0968868673179522,0.229837076425045,25.4556141088452,25.2748049937461,25.4362100705029,25.3679435918268,26.0065306280336,26.1958671046259
"Cont_Q28085,CON__Q28085",2,2,3,2,2,2,0.176071823157112,0.333018100017722,23.9413633394785,23.4649896858224,24.3639975362198,24.1511184973255,24.4446650399788,24.3246953873724
"CON__Q28107,Cont_Q28107,P12259",9,8,3,8,8,6,0.258856717902082,0.418611962803721,26.7755659088469,26.3277952778914,25.432561350726,26.8560427473882,26.8117257695162,26.2835422455589
"CON__Q28194,Cont_Q28178,P07996",2,2,1,2,3,2,0.0103702515111867,0.0463814582294448,23.9304422062012,23.4276812026554,23.53951083999,24.2526353973162,24.7514316384373,24.2670343137823
"Cont_Q2KJF1,CON__Q2KJF1",3,3,2,2,3,3,0.542931839922678,0.675076329715797,25.976247481834,25.7395321221731,23.5751202552017,25.4800291680767,25.4055343295307,25.6623820311753
"Cont_Q2UVX4,CON__Q2UVX4,P01024",18,18,18,18,19,17,0.0698856697912327,0.184181643898096,28.205062894554,28.083114994997,28.1511571335101,28.2902633980564,28.5254453289755,28.4087489135824
"CON__Q3MHN2,Cont_Q3MHN2,P02748",1,1,1,1,1,2,0.652690193118831,0.758617238473403,24.6497396333422,24.3250698336955,23.7310412268604,22.898836932342,24.3363537371522,24.7245630020721
"Cont_P02081,CON__Q3SX09,P68871,P02042",8,9,9,9,9,9,0.29779000637199,0.458030346955165,30.451689750959,30.5281596137708,30.5152051663627,30.4259788589667,30.79003306511,30.7605487955008
"Cont_Q3SX14,CON__Q3SX14,P06396",8,7,7,7,7,7,0.352264169182926,0.507500453186009,27.1009648373649,26.779296099387,26.9919382822068,27.0015512841478,27.128880001311,27.1421433360231
"CON__Q3T052,Cont_Q3T052,Q14624",11,11,12,14,12,11,0.362416974073099,0.51616140539492,29.095911016286,28.6844922952743,28.4912256879452,29.027156950867,28.915222800616,28.8716246301895
"Cont_Q3ZBD7,CON__Q3ZBD7",1,1,1,1,1,1,0.348735743261363,0.505670959576221,27.1254453545439,26.4116893011009,26.7951640223737,27.3391832898659,26.7515376883209,26.9890633174109
"Cont_Q3ZBS7,CON__Q3ZBS7,P04004",4,3,4,3,3,4,0.447337141002182,0.596188149942143,26.4317538478801,25.9272897280373,26.5895425183358,26.3736857660625,26.3868126174781,26.713601668814
"CON__Q95121,Cont_Q95121,P36955",6,6,4,7,5,5,0.0569694992957265,0.161188185592297,25.9408847459329,25.9020671785979,25.7044087938854,26.5185788216304,26.0842270891693,26.1172559897618
"CON__Q9TRI1",1,2,2,1,2,1,0.610470959994325,0.725839423255597,22.5033429633951,24.205654966163,23.9791239360448,22.2779664733323,24.2601143929414,23.0800626962788
"Cont_Q9TTE1,CON__Q9TTE1",2,3,2,2,2,2,0.822917348333842,0.882913674294212,24.0737199620971,25.8948130571877,23.7349388834106,24.4534018875819,24.2664047300942,24.5807749377204
"C9JL84",1,0,1,0,0,0,NA,NA,23.7566548372587,NA,24.848225381349,NA,NA,NA
"O15355",1,1,0,1,0,0,0.119749774728532,0.263149553136591,26.1985977597696,24.4045896151286,NA,27.4505682744132,NA,NA
"O60343",2,2,1,1,2,1,0.162582118046109,0.316559804748761,25.4791208617298,25.1183262740647,23.8021159853116,23.5649314711036,24.8457298702845,22.8348491546863
"O75592",2,2,2,2,2,2,0.0337075154008831,0.11062855054592,26.5253684942892,26.628655696793,26.6070155369457,26.4282767220929,26.02329195784,26.0929823480973
"O94868",1,1,1,1,0,0,0.471590036910746,0.618579070994806,26.137784363317,29.24884865092,28.1865725363793,26.781990934266,NA,NA
"P0A9M0,Q86WA8",2,1,1,2,1,1,0.623011746230356,0.736506759860815,25.2719091219412,24.6195226368477,24.7559766805361,25.5289953111724,24.8361612301202,24.7261397181207
"P13533,P12883",1,1,1,1,2,1,0.0456064493006199,0.137560076491408,23.7544777028336,23.5829437324199,22.8137924637442,24.1911760643209,23.9304987396817,25.205489537438
"P13535,Q9Y623,Q9UKX2",2,2,2,2,0,2,0.531196521041904,0.665016061743459,26.8468092745153,26.2456542855439,25.9450209736352,26.8005923498109,NA,25.1012455996444
"P33892",0,1,0,1,1,0,0.00585038509317834,0.0296879385929695,NA,26.9936398629209,NA,29.5922015973603,29.1790797139635,NA
"P36022",1,1,1,1,2,1,0.00422967029319585,0.023080167948872,30.6206444026729,30.7505291604207,29.4524141493598,28.2721401511774,28.723992274051,28.6541166707261
"P38959",0,0,1,1,0,1,0.948102888656141,0.965887757492031,NA,NA,25.6825547551879,24.4676690897382,NA,26.7265828592094
"P40885,P54862,P40441",2,1,1,2,1,1,0.405975433688648,0.556007183574786,26.6052082317823,25.4994772191794,26.5740327510363,26.1509371517102,25.9064798047176,25.7185359140682
"P46674",2,1,1,1,1,1,0.366006597825379,0.519294856710133,25.1028800940357,21.966856316872,25.7559979917567,25.5936700912942,25.4089193138489,24.7736582846753
"P51160",1,1,1,2,1,0,0.398790523038309,0.550896335777381,22.9522424147956,23.716918115215,23.5049290064668,24.0546686791056,23.3510498115743,NA
"P75905",1,0,2,0,0,0,NA,NA,22.5704335858154,NA,24.0061815913041,NA,NA,NA
"Q02785",1,2,0,2,0,0,0.152728232179161,0.304655091911382,23.6976418728513,24.3030789174635,NA,24.7512332232792,NA,NA
"Q13315",1,1,1,1,0,1,0.0340635125819131,0.111636310631241,23.9455882199011,23.4563989940249,23.1253314787581,22.6740811375876,NA,22.7307221099624
"Q14126",2,2,1,1,1,0,0.876867783779424,0.918968718033938,27.041469759129,27.693430031909,23.3764161562823,26.2187765933002,26.3081824954106,NA
"Q14683",1,1,1,1,2,1,0.0619825908908595,0.1704427845956,25.5116780362775,25.6100893605824,26.33789554971,24.9963120757831,25.3159687060308,25.3619682728212
"Q5T4T6",1,0,1,0,0,0,NA,NA,21.8813190787398,NA,NA,NA,NA,NA
"Q5VZ89",1,0,0,0,0,0,NA,NA,22.5537139436952,NA,NA,NA,NA,NA
"Q8IVF5",2,1,2,2,2,2,0.711855238371942,0.804485893561527,27.1573445575776,27.2188259862076,28.2200583020973,27.8440341827477,27.5299126338136,27.5884207293877
"Q8N8E3",0,0,0,0,0,2,NA,NA,NA,NA,NA,NA,NA,25.2253107029214
"Q8NDA2",1,2,1,1,1,1,0.524861822699074,0.660894185799939,24.2209911831653,24.668089121402,24.333132340025,24.6743335114255,22.8080011816219,24.6498461054666
"Q8NDM7",0,1,1,0,0,0,NA,NA,NA,29.7656160371627,24.370637812108,NA,NA,NA
"Q8NF91",2,2,2,1,1,2,0.23354965920467,0.394483922458364,24.7613416997997,24.6246116828679,24.5869571284623,22.8262634210025,24.1447010667126,24.9201999088261
"Q8TDJ6",1,1,2,1,1,2,0.737114887522626,0.822783977704482,23.2898463599108,23.9652525320925,26.3215727044235,22.8897586474528,23.6418007680739,25.9025287309232
"Q8WXH0",0,2,2,2,2,3,0.853202359659967,0.901623619358065,NA,25.0085360705185,24.4994403756247,24.4128376307066,24.6069237095407,25.4678938644271
"Q8WZ42",2,2,2,2,2,2,0.248234093538381,0.408824525170431,24.2960992535215,24.3274861620725,24.9804743470245,23.8861243514926,24.5887907776428,24.0723665736257
"Q969H0",0,1,0,0,1,1,0.244218843519642,0.404653336211976,NA,23.663991082378,NA,NA,24.5629879583761,23.9298959954983
"Q9BXF3",1,2,2,2,2,0,0.997351829653669,0.998884532794739,24.9578903839474,27.4715991427214,27.7781084097551,28.0075103799432,25.4558655649562,NA
"Q9BXX3",2,2,2,1,1,1,0.838970454542623,0.892996550075466,24.5992346605424,24.653365946372,24.9972306596007,24.3701653118366,25.3903585212664,24.2787657989847
"Q9H4L7",1,2,0,1,2,0,0.285046690233877,0.445652118204179,22.9247874429996,24.0627784376722,NA,24.6224361069705,23.7323987681985,NA
"Q9NYH9",2,1,2,0,1,1,0.241613569480121,0.402277775170917,23.8376914093496,21.1615715732863,23.8755137354468,NA,25.0108658276615,23.62507662699
"Q9NZJ4",2,0,0,0,0,0,NA,NA,23.3406399436649,NA,NA,NA,NA,NA
"Q9UPN3,O94854",2,2,2,0,2,2,0.250336146271655,0.410951241198738,24.1698018549459,23.7886511849324,24.3143838268161,NA,24.4324699975442,24.2892031874751
"Q9Y483",0,1,1,0,0,2,0.117306741687991,0.259154167351388,NA,25.3776857597861,26.1475145051787,NA,NA,24.7330176616021
"Q9Y4C0,Q9HDB5",2,2,1,1,1,0,0.504908614750669,0.646384239615391,22.872174330837,26.5309110787681,22.3143027840127,27.7023390916534,22.9381224040333,NA
"Q9NZJ9,A0A024RBG1,Q96G61,Q8NFP7",3,3,3,3,3,2,0.242628837021291,0.403232333147952,25.5347298802393,25.0298270819482,24.3861424754782,25.5565701744429,25.4162008290477,25.1819494912971
"P0DPI2,A0A0B4J2D5",8,8,7,8,8,8,0.164126462200377,0.317938395141452,28.2062162118719,28.2041885234405,27.8310610711306,28.4932591035335,28.3254341239807,28.1923779893928
"A0A2R8Y4L2",1,1,1,1,1,1,0.771818870698045,0.848910734439676,26.3327546180822,26.4222048193256,24.4515031462638,26.546868548394,26.04659345929,25.1939633785057
"A0AVT1",24,22,21,25,20,22,0.476643573024582,0.623229572983131,29.0508379416631,28.7409310336107,28.6939848556298,29.2996493988638,28.7890186088756,28.8362163559054
"A0FGR8",2,1,1,2,2,3,0.00518326309838156,0.0272106401091101,22.7000969565762,21.5576841553524,21.7135195301273,23.4008544015244,23.2639768503489,23.8114225256184
"A0MZ66",4,5,4,5,5,6,0.00417656312423829,0.0228459004469725,24.8432013907419,25.3604649816072,25.079097719238,25.7678549001035,25.8384452407942,25.9548218280718
"A0PJW8",1,0,2,1,1,2,0.547337864081933,0.678488947818582,21.3861132311764,NA,22.2893816017956,21.7086951102516,22.05246380172,22.4735781590764
"A2A3N6",2,2,0,2,2,2,0.14647062793626,0.295823361859605,23.6712801019707,24.1374968983751,NA,24.6228284457413,24.4719901890483,24.0020353521459
"A2RRP1",6,5,6,6,6,5,0.579703347495061,0.704364335296701,25.5408596610289,25.0837077854557,25.3971160968111,25.3990460107691,25.1888238979125,25.1461056472519
"A3KN83,Q9Y2G9",4,5,5,4,5,6,0.415674493408662,0.566569178049093,25.3685766108945,25.4563720677744,25.4086848306513,24.8913986971001,25.1683617133273,25.6307961237409
"A4D1E9",4,3,2,4,5,4,0.0679404641224166,0.180200231003759,25.1842610100406,24.4453711455023,22.7693154214345,25.1376369706296,25.7450239015161,25.7379104799691
"A5YKK6",12,13,16,14,14,17,0.0316490366891604,0.105620267283065,27.0628105833292,27.2141358419874,27.4102970757714,27.7542207891447,27.5138366339149,27.6230152184217
"A6NDG6",7,7,7,6,7,7,0.177874543815944,0.333779641401915,26.9302645609635,26.946491851668,26.9997885982624,26.9884174150567,27.2827246498455,27.1736315250261
"A6NDU8",3,2,3,4,4,2,0.209841573290684,0.369898476565727,24.6517112018634,24.5889494323947,25.1927575983049,25.2208082236316,25.6834658752356,24.7614561112222
"A6NDY0",1,1,0,1,1,1,0.129575424482736,0.275911410292128,22.9268851386791,21.8262434603277,NA,23.3075212966828,22.9914772411008,22.8768874912236
"A6NFI3",2,2,1,1,0,0,0.604736558580942,0.722152379104151,23.2175180313759,23.1656352826711,21.0459234074185,23.0741180125259,NA,NA
"P30046,A6NHG4",3,3,3,3,3,3,0.0185302719816743,0.0715891067007749,27.347426025243,27.4804973176419,27.4485787901244,27.8233447134728,27.7453738726289,27.7477193885232
"A6NHQ2",1,1,1,1,1,1,0.0281609747303067,0.0968856460932574,26.9049175364772,26.842471474611,27.0414750706164,27.5858431538094,27.2824101202034,27.2054188880885
"A6NHR9",21,24,29,22,22,24,0.763237674065104,0.843160772188764,28.7291651555271,28.6618734736865,28.9159123971037,28.827251090124,28.7403444003527,28.8539586987563
"A6NKT7,Q7Z3J3",1,1,1,1,1,1,0.478422058439347,0.624838657486488,24.7680028003955,24.8564146278793,25.1043261485656,24.8843801227283,25.0166259037705,25.1588948334631
"A8MTA8",0,1,1,0,2,2,0.0133124945522662,0.0560254613906257,NA,23.8494598956545,23.3430971195283,NA,24.6252946074261,24.6812761515872
"P62308,A8MWD9",3,3,3,3,3,3,0.202487694732027,0.361687103902704,29.1473356234003,29.0477422881678,29.6163484469579,29.6203500163309,29.7966739386698,29.3115248471441
"P0DMR1,O60812,B7ZW38,B2RXH8",0,1,1,1,1,1,0.515238380775152,0.653647801194729,NA,21.8473915623824,23.2016728403838,22.1009327401573,23.4402054846188,23.3100512662979
"C9JLW8",2,2,2,2,2,2,0.630062129062055,0.741115816706887,24.2604477705865,24.5276855761531,24.3119505601675,24.5999609952308,24.5269772708341,24.2112006754738
"Cont_P00330,P00330,P00331",12,13,13,13,13,13,0.00578219448949776,0.029498088045975,34.9920422782771,34.3856988266814,34.807276889913,33.8189596526157,33.9613812012864,34.0182577572336
"P00722,Cont_P00722",2,3,3,4,5,5,0.00084517856184771,0.00735325327868639,22.9977104973535,24.3840696904388,24.1475957329766,26.0750979662862,26.8489053657215,26.9884475704784
"Cont_P01017",3,3,2,2,2,2,0.0909369090096248,0.220549802712338,24.1351664605124,23.9847995070183,23.9099390896814,22.7543401631915,23.7745171754272,23.6981948632805
"P05783,Cont_P05783,Cont_P05784,CON__P05784,CON__H-INV:HIT000015463,CON__Q92764,Q92764,Cont_Q92764,Cont_Q497I4,CON__Q497I4",11,11,12,12,11,13,0.0763115055931397,0.194596472060315,30.0494073771076,29.9118351416103,30.1999114272412,30.3578885632611,30.2212055948166,30.4329181552776
"Cont_P32503",11,12,12,10,10,10,0.000292853128919442,0.00417498741915779,30.0672315555993,29.992735053709,29.8731774502794,28.9201277400919,28.5690351248956,28.9496168904671
"Cont_P33433",2,3,3,3,3,2,0.166222648472515,0.320738397113253,25.4760990733161,25.3701590843977,25.7225600058001,25.596269662622,26.014178155285,25.7502883596753
"P60709,Cont_P60712,P0CG38,Q9BYX7,P0CG39",19,19,19,19,19,19,0.302797483560852,0.46230325301359,30.4557728008035,30.6841043137174,30.4583855370154,30.9808492031244,30.4955909249869,30.6862397422311
"P63104,Cont_P63103",13,12,13,12,12,13,0.236001881565814,0.396991365672287,31.4969442444419,31.4429492242518,31.3577531739089,31.5199223053335,31.6761797975733,31.5462541806135
"Cont_P68103,P68104,Q5VTE0",17,17,17,16,16,17,0.314615520888385,0.473545030734785,33.7374744502821,33.4779588008486,33.4644097509714,33.6812889212655,33.6722838592831,33.7388229880348
"P68133,P68032,Cont_P68138,P62736,P63267",2,2,3,1,2,1,0.0247865612598342,0.0880656483390681,30.2149149616855,30.2287717601847,30.427525900689,30.7331010190787,30.5493015117316,30.7128874095259
"Cont_P81948,P68366,Q9H853",3,4,3,4,4,3,0.3955134240931,0.547822093372408,26.8309917220958,28.0000269612119,27.3846821879827,27.9775934904622,27.6198775680623,27.5034107468786
"Cont_Q2HJ86,P0DPH8,P0DPH7,Q6PEY2",1,1,1,1,1,1,0.900603431169457,0.934399102341383,31.3401256868193,31.5598728246203,30.8179146823857,31.4243972453887,31.1209860174648,31.0835884236824
"P07437,Cont_Q2KJD0,A6NNZ2,Q9H4B7",4,4,4,4,4,4,0.11638788677021,0.257748320119272,32.8999368102017,32.4944638794644,32.7497717348224,32.9863186721775,32.9493169683982,32.9851559259876
"Cont_Q3SYV4,P40123",1,1,1,1,1,1,0.110504403575181,0.249812234444983,28.4912999492218,28.2821762664305,28.2558771990676,28.9322474033834,28.5128091528471,28.516176302503
"E9PAV3,Q13765,Q9BZK3",4,4,4,4,4,4,0.0311437267099259,0.104315478157623,30.5932562886529,30.6236438664998,30.3891376352473,30.9346032009327,30.83048553369,30.8564635492922
"O00115",2,2,2,2,2,2,0.975127451366529,0.98397067753464,24.250481065777,24.2485182590324,24.5797992441724,24.016658176538,24.4684552530295,24.5744977128685
"O00116",9,8,9,8,8,9,0.216684652365774,0.377440009199184,27.5223579555704,27.3384121113222,27.7005605432422,27.9853058992044,27.4783935744504,27.8604230266394
"O00139",5,7,6,5,6,7,0.416411458641565,0.567341984458064,25.7277421453434,26.217364932587,26.4669222672619,26.1669434644872,26.4005192068155,26.4144521050455
"O00148",7,7,8,7,7,7,0.835983245882405,0.890648194235295,29.2872438666919,29.1578532584022,29.1362323232112,29.4666175908947,29.118668104636,29.0913154007086
"O00151",13,14,14,14,14,14,0.176377392111201,0.333177740978562,29.2828280067722,29.6009259309558,29.386369651492,29.8981807279476,29.6890413582079,29.4502753910419
"O00154",5,4,6,5,6,5,0.277395798425326,0.437708189486957,27.7521393561362,27.6960549820786,26.6151447453247,28.1810545639903,27.6137235678948,27.5750856555263
"O00161",5,7,7,6,4,6,0.157673872813295,0.3107162884554,27.4841431531214,27.033260995975,26.9679437495595,27.0074477806314,26.6412121665395,26.9068365204352
"O00165",2,2,2,2,2,1,0.542712252429408,0.674987267061875,24.3302755784063,24.1837035754324,24.4410960661085,24.719851305479,24.3272750554014,23.0721341245732
"O00170",7,6,6,7,5,7,0.594729570824716,0.715683540517635,27.1152118541368,26.5608984530215,26.7576592977922,27.3452389944388,26.7101835050126,26.779032696733
"O00178",3,4,4,5,4,5,0.00906230232819167,0.0418020457241764,25.506580648958,24.9246840753742,24.9142232651857,27.1340633331458,26.3804980735345,25.9153057216416
"O00186",2,2,1,2,1,2,0.989776214782299,0.993259809027023,24.2931814511925,24.142726975361,23.1173907466247,24.3734332019038,23.4641870743242,23.6998006457527
"O00193",3,3,3,2,3,3,0.450125662862053,0.598331373536331,26.6226364760158,26.5517280849092,26.6963466731016,26.5145320379218,26.7480794776244,26.982069416013
"O00203,Q13367",7,6,6,7,6,6,0.216388057403332,0.377067348309397,26.3248800144498,26.3685574562117,26.3110515311361,26.6666478911943,26.6641846762325,26.2823035645409
"O00217",2,2,3,1,1,2,0.299646283490495,0.459491208498702,24.4210654363154,24.5476897476583,25.7755352156248,25.8781765012643,24.6568266057612,25.9659370077489
"O00231",17,18,18,18,19,19,0.0802846781063161,0.201607104299127,30.3343234351206,30.260249282848,30.1305107126243,30.5781927032764,30.5013456897317,31.5186661614263
"O00232",11,11,12,11,11,13,0.507169035990631,0.648278269035937,28.5572877178721,28.4960365135386,28.8394324374879,28.5008386424754,28.7553049725291,29.0248849112738
"O00233",6,6,6,6,6,5,0.886030329964977,0.925733501175707,27.446397726473,27.4915105620751,27.5085006312666,27.4854148179343,27.6417026844932,27.2578831539132
"O00244",3,3,3,3,2,2,0.227258404839501,0.387716096812941,26.2433896382637,26.6378262826846,26.5649381945005,26.8631171759752,26.6533929271002,26.5733758553298
"O00267",15,17,15,16,13,16,0.0962597575449586,0.229536340497494,28.3621284759961,28.4184087053187,28.2741841896198,28.5849205267933,28.5194080105382,28.5852003131184
"O00273",7,9,8,7,8,10,0.623215975500686,0.736557326485525,27.0685869164818,27.1418063821546,27.1263539766865,26.7269704701997,27.3251796669469,27.6775119779186
"O00291",1,1,1,1,1,1,0.0598407222312362,0.166686633501792,20.5510492476671,21.9115847500075,21.3715060405225,21.6278670427014,22.6992039138441,22.7082416939746
"O00299",13,13,13,13,13,13,0.442653343364862,0.591737139655907,33.5562448422673,33.6651535699252,33.3902965471732,33.7143833225552,33.5702273505862,33.6343552288404
"O00303",7,6,6,7,7,6,0.159280765580211,0.312503442581199,28.6413922906287,28.3216225144382,28.772799450013,28.788650414833,28.751711896208,28.9682653513628
"O00410,O60518",20,20,18,23,17,22,0.0772124798712308,0.196065185889329,29.1719070073274,29.1630803077814,29.4945663527942,29.7530638414473,29.4100474789371,29.7089370762105
"O00411",2,2,2,2,3,3,0.148441136383196,0.298320909330458,24.1310209089838,23.8418944460466,23.7119208396401,23.8036237384029,24.5200217738171,24.7506999391627
"O00422",3,4,5,5,5,3,0.253950512524989,0.413905765680242,25.5798865923804,25.8817993531052,26.4801414483375,26.424774647009,26.5403325539871,26.0224708109924
"O00425",12,12,13,13,13,14,0.00871972440046187,0.040467327278644,28.4207041755045,28.5386255324834,28.5887949072208,28.9041444442352,28.9666030186614,28.94444072888
"O00429",12,12,12,13,12,12,0.0676842378705348,0.180037607056679,27.8100420500057,27.9051184544923,27.7249898590153,28.2659783488895,27.9929209786765,28.0474274799249
"O00442",4,4,3,5,5,4,0.349718183772089,0.505707395860309,25.5837641122944,25.7051368941156,24.645325513042,25.9407496701721,25.6891718682016,25.3193518249443
"O00471",1,2,2,0,1,3,0.646150474347124,0.753897305363575,23.1247003165739,24.0771386337334,23.354063938449,NA,21.6711594745305,24.4904804923111
"O00483",3,4,3,3,4,4,0.308773097535926,0.467670275882768,26.9058212785342,27.1533133160989,26.7348091310347,26.7653989965541,27.4217331540005,27.3595575952358
"O00487",5,6,6,6,5,7,0.376998225653541,0.530089798039803,26.1210938657872,26.6571662802274,26.2464727880696,26.8629787945985,26.0163233145344,27.0435301017881
"O00505",4,4,4,4,4,5,0.424050156879873,0.574215991357782,26.4080027159189,25.964287132466,26.3126172198666,26.5039037181513,26.0001435770911,26.8275782940095
"O00507",0,0,0,0,0,1,NA,NA,NA,NA,NA,NA,NA,23.1533826370125
"O00541",7,7,8,8,6,8,0.244602674999847,0.404743345429562,27.2489149858704,27.4865748917089,27.4157706671196,27.6512488807647,27.3525048263959,27.7299020857687
"O00560",2,2,2,2,2,2,0.128964512622506,0.27541781248101,24.4104791961246,24.2713500941979,23.8852889242177,24.9580070560234,24.4239021342534,24.3835786692105
"O00566",8,9,10,9,9,10,0.0923178514574158,0.223062864027611,27.5768743299387,27.5560692912908,27.9340150359318,27.9836521616517,27.8992774999292,28.0888999271751
"O00567",3,3,4,4,4,4,0.612991214680498,0.727677835381845,25.9693476871184,26.0227164424623,26.1645209304843,25.8654123699728,26.2487823099033,26.2964845878562
"O00571,O15523,Q9NQI0",24,24,24,21,24,25,0.313442725092756,0.47225964638341,30.6041348127129,30.5670213721774,30.5739571994644,30.6679593980114,30.6222614175892,30.8256261453696
"O00584",1,0,0,2,0,2,0.0150819345340704,0.0611589203061592,23.3254822343848,NA,NA,24.7941911105222,NA,24.5597621805587
"O00629",9,10,9,8,10,9,0.549374715802379,0.680306040578299,28.898283551427,28.6651681314974,28.560521855359,28.6054555307168,28.8650289646151,28.9502494318277
"O00743",2,2,2,1,1,2,0.163456878247175,0.317315012154729,24.6658640939801,24.9188334061648,25.0127247614806,23.3036111101015,23.3517854969792,25.2731816435113
"O00763",1,1,0,1,1,1,0.091154050798427,0.220958969044859,20.6917373605773,21.7050009169521,NA,22.3663746346172,21.8487467568416,21.7688376029985
"O00764",6,6,6,6,6,6,0.221053100262451,0.381264364233384,27.3698684006503,27.2159660171283,27.2237999033006,27.4669590706487,27.4014077680641,27.3908816564476
"O13516",7,6,7,6,7,7,0.000713831905263834,0.00648705408727811,25.3380634765723,25.216951757819,24.9862267852837,24.2909939000164,24.2888756277669,24.3548196762291
"O13563",2,2,2,2,2,2,0.000701078677260117,0.00643329247800911,25.7132425756483,25.7730399166956,25.9282487591829,24.9098424928534,25.095371348147,25.0172481616611
"O14455",4,4,4,3,3,4,0.000973960804973579,0.008047905782882,27.8449256847138,27.5724353353777,27.2843045046772,26.1504610109872,26.3424215460774,26.5741968123176
"O14467",4,4,4,4,4,4,0.000298337332704995,0.00423992184361429,29.2661848010429,29.1772403847309,29.1451894522324,28.0674678419276,28.3554483393877,28.2552407765081
"O14497,Q8NFD5",16,15,19,14,17,16,0.709784655127967,0.803483274613843,27.6365783852669,27.6140656107356,27.7459039398274,27.4665037463461,27.9790135148468,27.7409722718189
"O14530",4,4,4,5,3,4,0.123696776674417,0.268972685981264,26.3625893423371,26.3052034545001,26.6158494730311,25.6901447138798,26.2227254355771,26.2800746095187
"O14545",5,7,7,7,8,9,0.0814757938221328,0.203444209861286,25.5771661142377,26.110750367284,26.4250484807076,26.3678265643653,26.6204417560498,26.6481837149723
"O14561",2,2,2,2,2,2,0.851716371682262,0.901305981817323,25.7129475520198,27.4767189784045,25.6690145697605,27.3925990345931,25.4759199897134,25.563846011341
"O14562",1,2,4,3,0,2,0.316205480450415,0.475454647928409,23.6507257543928,22.7728410000252,25.2280927029571,25.1931588477693,NA,24.3411872058871
"O14579",8,8,7,8,8,7,0.0214853903805305,0.0798178753387459,28.0842395586941,28.2180321188894,28.1747840279204,28.6869040611487,28.5772211977718,28.3962689747737
"O14617",4,2,3,5,4,4,0.0822307017322573,0.204768810754671,25.3880732893384,23.9354263404087,24.6401158073051,25.9964887050264,25.3006439694012,25.2755726931583
"O14646",7,7,7,6,7,6,0.381483021066995,0.533842190830561,25.5544913181944,25.7079894580132,25.9603432210493,24.9919146135519,25.8992774999292,25.5859399496958
"O14647",1,0,1,0,0,1,0.523223195097343,0.65974135324325,23.7308927727212,NA,24.6961023348775,NA,NA,24.613089900219
"O14737",7,7,6,6,7,6,0.289090829023902,0.450044882288469,28.9764072643798,29.008407518353,28.5654854876162,29.2662399768468,29.2560354786139,28.7585338369639
"O14744",14,14,15,14,15,16,0.107689367469103,0.245639447197024,29.5698048703815,29.634364389412,29.5996569093887,29.7358807609521,29.7772170914317,29.9245679950632
"O14745",7,7,6,6,7,5,0.364186721024631,0.517964600060911,27.4260236207968,27.3603066974827,27.0868279022285,27.4129699681039,27.6362157441671,27.2870516409948
"O14757",4,3,2,4,2,1,0.111235203811436,0.250116706993847,25.0586604746053,24.9923590430039,25.0694578387713,25.1235662716038,24.1696774821483,23.3543099800426
"O14773",3,3,2,2,3,3,0.544637990437626,0.676276132927721,26.358219305317,26.1461531113323,24.6640261495358,25.8726060842993,26.1544502861624,26.0306084919518
"O14776",13,13,12,13,12,11,0.0579868924454428,0.163293952676611,28.5507818468572,28.5370031863098,28.4883102777679,28.8684003245236,28.7777564688342,28.6974603749958
"O14777",6,6,7,6,8,9,0.224304208638036,0.384690150303278,25.2085724022387,25.8047299763989,26.5252273531282,25.738345897003,26.7506739124769,26.8841750632324
"O14787",5,3,3,5,3,4,0.842224101412584,0.89469647186418,26.0303601657847,25.594245171616,24.3113706055686,26.2585177176412,24.7470616711523,25.2898696824702
"O14802",3,5,4,3,4,3,0.696696297668158,0.792996135220094,24.1295185157766,25.111400314675,24.367126179443,24.8637812218804,24.8440258324776,24.2813822337781
"O14818,Q8TAA3",10,9,9,10,9,10,0.217715998835959,0.378285642603771,30.3531404276857,30.4612207784605,30.2594707918177,30.6659778098407,30.3768688968909,30.5759739514565
"O14828",5,5,5,6,5,5,0.223236245655822,0.383868734520113,26.9334335097421,26.8864034899309,26.9933852277712,27.3072975615409,26.9975910374286,27.0417505832499
"O14841",6,6,7,6,6,8,0.00376073294538927,0.0211286498729875,25.814916349998,25.6424963151571,25.7863640931123,26.422597956716,26.2138462048871,26.2927321075301
"O14880",3,3,3,3,3,3,0.0658185264628383,0.177206879244602,25.8418798338226,25.6824794059708,25.8269788340742,26.2017414439401,26.0162476573079,25.9690822456115
"O14893",1,1,2,1,2,2,0.504837137760951,0.646384239615391,22.8240094622555,23.2602261471012,23.8548870848568,22.5490274343075,24.1882419945667,24.3853260291069
"O14908",1,1,2,0,1,1,0.763602630056819,0.843271652945827,23.6477653668132,23.5329552803724,24.4322146419918,NA,22.95882436999,24.4392516759515
"Q5SRD1,O14925",2,2,2,2,2,2,0.86888798587149,0.913333408190262,25.8002159917898,25.5127184163026,25.6090462383434,25.949065239822,25.3103849736967,25.7658943274977
"O14929",6,6,6,6,6,6,0.0806301225823468,0.202106933637729,28.6269804111464,28.4355497020945,28.5464828560208,28.8648803760193,28.7027983782397,28.7780829303782
"P19105,O14950,P24844",8,9,9,9,9,9,0.134156604012982,0.282165344341511,28.5438318773787,28.6131299422975,28.6630661686283,28.7308278646574,28.7559470011962,28.9533028115137
"O14964",2,4,2,4,2,2,0.476594495720116,0.623229572983131,25.0245948348389,25.9187356937127,25.3396883716854,26.0025063951002,25.1732557427219,25.8373679989091
"O14965",4,2,2,4,2,3,0.340390777466602,0.499312773891523,25.1086779385738,23.5290688175405,23.836785077479,25.7986836402213,23.7641022881806,24.9181752547287
"O14974",7,10,8,8,7,7,0.289599783431257,0.450291142472187,26.6551549768273,26.9057594879312,26.9564907966416,26.5633312191979,26.7745768143367,26.7035071864515
"O14976",2,2,2,0,1,3,0.700429310264313,0.796251809974034,22.9099969545054,22.7800019904892,22.9002066441881,NA,21.8867628683599,24.4762626144063
"O14979",7,7,7,7,7,7,0.0365173446099643,0.117816213656759,29.8766828348273,29.865821607461,29.8846750383771,30.1963476114001,30.1387740015779,30.114662599601
"O14980",27,28,28,26,28,28,0.11312713936862,0.25255159350519,30.4855471308892,30.4090484018831,30.6275008559179,30.6375415091555,30.7504995791989,30.8048655034984
"O15027",7,5,5,7,6,4,0.592986116179034,0.714716687452775,26.2023016745022,25.1006213309228,25.7477055126518,26.0645705370623,26.1310476628758,25.4317220924579
"O15042",9,11,9,10,11,12,0.0246424187206018,0.0878271204713949,27.8157546108838,27.8981969064596,27.8393821527232,28.1933239567829,28.1341768642429,28.1510662081536
"O15063",0,0,2,0,0,2,0.526213924001027,0.661857431501565,NA,NA,24.1301407960864,NA,NA,24.3731756278792
"O15067",24,24,24,23,23,26,0.0884560988818465,0.216257622239541,29.3056540639836,29.3966131054229,29.2635802082486,29.6299170893217,29.4664907271096,29.5541730486175
"O15078",1,1,1,0,2,1,0.239815166088467,0.401186940849134,25.886225710209,25.7879880293055,25.5573275848595,NA,27.568003215661,25.5674786194215
"O15084,Q8N8A2",4,3,4,6,5,6,0.0158306058433683,0.0635732604378926,25.4750556080306,24.9322933669309,25.4697577383729,26.2239796233522,25.7300019069433,26.2004116448056
"O15105",1,2,1,1,1,1,0.0750401535676818,0.192972480595132,29.2224479561474,28.4730305365272,28.4908415753098,26.787936285109,27.5945113999107,28.5964572959793
"O15116",3,3,2,3,3,3,0.119100726635931,0.262481891262375,26.2419180842892,25.0256592732416,25.1903309139219,26.4827875473887,25.968220477693,25.9901710000594
"O15126",2,1,2,1,1,1,0.89017987750447,0.927482933034186,23.3759970408295,22.1425261687575,23.4910656534421,23.9268359402489,22.6120724957129,22.2241465166995
"O15127",2,1,2,0,2,2,0.0217824033862948,0.0805297578147195,24.9578903839474,24.8534731859886,25.1159301928715,NA,25.528534110682,25.4193792375905
"O15143,Q92747",6,6,6,6,6,5,0.326283537374443,0.486917074747205,27.5605706753495,26.8460726836578,27.4944545896117,27.5675323465879,27.6967134502042,27.3719643828098
"O15144",4,3,4,4,4,5,0.0144376924255855,0.0593911206902803,25.9782619047157,26.0380188013513,26.1062164966381,26.3104875903945,26.5680892362937,26.6870305634102
"O15145",3,3,3,2,3,3,0.226503127070331,0.387151467101854,26.4818419966441,25.0157167711908,25.1736437371258,24.5304946862063,25.0894384579806,25.2619480684471
"O15160",5,6,6,6,6,6,0.0569917894257729,0.161188185592297,27.3421897224511,27.4325073747071,27.5103336686525,27.6563682298167,27.6540738336487,27.7688495552872
"O15164",4,5,2,4,4,4,0.463851228399804,0.611168217708256,24.5856345176433,24.8182029749489,22.7183049996731,24.3902771978099,24.1450701604251,25.0041894476588
"O15212",5,5,5,5,5,5,0.106688227177959,0.244210583234244,28.4282267925589,28.6526787067741,28.6782147894436,28.755712255256,28.8070612415369,28.9149061235112
"O15213",2,1,4,3,3,2,0.283475749031047,0.444251586080259,23.8886309868301,22.8484917595474,25.3077987497968,24.5702980650837,24.8827736588544,24.7478406692631
"O15226",4,5,6,6,6,7,0.0591942836662033,0.165773064509036,26.2463486370014,26.5765909053169,26.5484221073573,26.6087686441898,26.9200497348657,27.1074026739355
"O15235",2,2,2,2,2,2,0.199479728364165,0.358276025576605,24.9293252154398,25.1495378226939,25.2140126978126,25.6675355669896,25.2355419324529,25.1678056627197
"O15247",6,6,6,6,6,6,0.0447762775166986,0.135727161482511,27.0149105204692,27.0413614947461,27.3154398613768,27.5535379157642,27.3414757606248,27.5526291964272
"O15269",2,2,2,2,1,2,0.967536048663281,0.979560464714134,24.4969142571499,24.8408634635103,24.1711846607654,24.8563486358339,24.0894864015873,24.5971306030531
"O15270",5,4,4,4,5,5,0.10737686357079,0.245294567656456,25.0891695576334,24.685560860439,24.7594249994038,24.9479697003143,25.2703857493191,25.2914347347736
"O15294",12,10,11,8,12,10,0.64066036951854,0.749024245449405,27.2611743454245,27.165223495872,26.7517935918927,27.0041888677718,27.4090153622522,27.0533765435099
"O15305",1,1,2,2,2,1,0.321632909875079,0.481078470442659,23.4166518619464,23.6933500671822,24.7998023845211,24.7255859770118,24.8137585936385,23.8335332272242
"O15347",4,4,4,3,4,4,0.165299000990111,0.319666825992745,26.9073692347352,27.2911867510099,27.4605285465811,27.2521494030685,27.7997906642463,27.6385352892209
"O15355",11,11,11,11,11,12,0.408805984220722,0.559044634297042,29.2245449910576,29.2575862369795,29.0704907092834,29.187202303471,29.3393857919657,29.3412273962967
"O15371",9,10,10,10,9,10,0.654145203108691,0.75934107292159,28.3083173288237,28.5361754052246,28.6378161755718,28.5583317801579,28.460710783797,28.6565734779502
"O15372",7,8,9,8,8,7,0.65049324261937,0.756835035151636,28.294335477089,28.5347097049378,28.7105194310811,28.0726228986638,28.7387786402446,28.4218821142835
"O15381",5,6,8,5,6,7,0.224276122161638,0.384690150303278,25.0753733756702,25.7920477484798,26.1482291528915,25.8844891988287,26.0996146420283,26.2305448896355
"O15382",5,5,4,4,3,2,0.0140295695321851,0.0583536670024265,26.2309157467766,26.1561840547499,26.0771032449977,25.7439776083293,25.6718896838612,25.20312089881
"O15392",2,1,2,1,1,1,0.0347903081964654,0.11369153724375,23.9836525986638,23.0345457076612,24.1007729583977,23.106965758951,22.4906692357264,22.7695067787244
"O15397",5,6,6,6,7,8,0.481909747612228,0.627955518025417,29.1109077180417,25.8687076567268,25.9634657588406,25.8847891155892,26.4944145812373,26.5104332667797
"O15400",3,4,3,4,4,3,0.233560077720307,0.394483922458364,25.4525779698678,25.8546790853924,24.5570829897992,26.0373101002662,26.2273516302853,25.2606567011653
"O15446",6,5,4,6,6,6,0.022412969065844,0.0822590224283026,25.5315548235587,25.414630293587,25.4130432247939,25.7832931179345,25.7537629370034,26.0752303700816
"O15479",6,6,5,5,6,4,0.869438011183739,0.913701038244694,27.1705110758776,27.1212334433913,26.7978577445971,27.2166337997108,27.2912953476127,26.4450377534852
"O15498",3,4,3,4,4,5,0.0530195586760003,0.153263197357397,25.2700653707351,25.9554931375063,25.4125295648502,26.1653732450542,25.9145937730282,26.0859384481116
"O15504",0,2,1,2,3,2,0.0398292199407105,0.125397447459987,NA,23.765105258244,22.9697751644417,23.9399102228921,24.3489045873536,24.3265804562921
"O15511",4,2,2,4,2,2,0.76055691970599,0.840782389077162,25.4165069257356,24.3115583580908,24.2153153010724,25.4980700402311,24.3529042989281,24.5231016781738
"O15514",1,2,2,1,1,2,0.835822078427065,0.890648194235295,23.7121211647556,22.7760031199542,25.0115827393726,23.3909530267298,23.4844405509499,25.0907656978858
"O15525",1,1,1,2,1,2,0.12676197555235,0.272507290115031,23.6147937542343,23.8262267905408,21.6186368188853,23.9656055104134,23.7782101336608,24.7922171484203
"O43137",4,4,4,4,3,3,0.00389280970132521,0.0216309352709447,27.2801172250048,27.193929923395,27.2428580368946,26.5487624819114,25.5750912910632,25.6001969061009
"O43143",20,19,21,21,19,22,0.0598574324528344,0.166686633501792,29.4682808443715,29.4271077077725,29.5394427446825,29.7230912985605,29.6826795333645,29.761149730651
"O43148",5,6,6,6,5,6,0.806408648008364,0.871555615307784,26.0756717068258,26.0664171929336,26.7019993094641,26.3855644840732,26.1845212222598,26.4367863008938
"O43156",4,1,3,3,2,4,0.358368393063638,0.513408901682574,25.2440840173401,23.577606268658,25.0353773901166,24.9876560314305,24.7371193723528,25.6305067402581
"O43159",5,5,3,5,4,7,0.148779855394953,0.29886996931386,25.628905121047,25.8149095084278,24.781200667761,25.9361266539229,25.5940045686949,26.4535694929541
"O43169",2,2,2,2,2,2,0.217948936896466,0.378373784208204,25.2098274654243,24.9054439378336,24.9732330618439,25.2496322929613,25.2118215547324,25.1556807267262
"O43172",11,11,11,10,7,10,0.711000370243753,0.804192839925372,28.1686835866652,27.8525834446748,27.6921204588896,28.1044605291624,27.4581138392742,27.8931946864929
"O43175",15,15,15,15,14,15,0.987244580868218,0.991810125065142,29.7442572321265,30.0292841370604,29.9970187958768,29.7896517870077,29.7296174240796,30.2606694505703
"O43182",0,1,1,2,0,0,0.243857724963778,0.404542881140599,NA,22.6430216362719,21.7016010255283,22.9658529497487,NA,NA
"O43237",1,1,1,1,1,1,0.182550566194561,0.339639348686619,22.4193594905421,22.2454423747315,22.4173723225672,22.6124611015203,22.3522011532774,22.8914699220791
"O43242",16,15,18,17,18,18,0.632058000686227,0.742009418201381,29.6377445136135,29.6858996486275,29.733916767411,29.5132584734686,29.9111597266331,29.8530852004968
"O43252",5,4,3,5,5,6,0.0434284167165335,0.13332465481886,25.976247481834,25.9658768583741,25.3391194631876,26.5874186425848,26.1958998309919,26.2486392940295
"O43264",8,7,10,6,9,13,0.219414563633141,0.380018693733633,26.5006621191885,26.2668432493735,26.8715063557788,26.58720085833,26.7716217249252,27.4068684303208
"O43290",13,14,13,14,12,14,0.202719248774084,0.361817375941851,27.8437135056416,28.2035870914288,28.3105872968611,28.2330560781166,28.2524803618871,29.2353536609462
"O43314",2,2,3,2,2,3,0.30961826188209,0.468639187361014,24.0455055348966,23.715298827726,24.1940166044419,23.9333878920707,24.1171227176077,24.8073318809266
"O43318",3,2,2,3,3,2,0.0711920027095674,0.186439676441473,24.1519788289633,23.4082134283626,23.6473949482928,25.0147161585868,24.4716959416394,23.9318615785965
"O43324",8,8,8,8,7,6,0.194512571022777,0.351989825071761,28.8346234509519,28.4120364282268,28.5416078392674,28.5004828497449,28.1469026958841,28.3991288587272
"O43390",21,21,22,21,21,21,0.999374951043665,0.999374951043665,30.8060712480087,30.4684984715995,30.4235063158992,30.7100143530531,30.4296607218422,30.5580168209824
"O43395",8,8,8,8,9,9,0.165567631345756,0.320050650084465,26.9622658065043,26.9442855288243,27.0273304576287,26.9663013254034,27.4134266905948,27.2649341727119
"O43396",12,12,12,12,12,11,0.11858931329707,0.261607566373904,29.1287114383751,29.1375094934367,29.0394628823068,29.3328273007077,29.2670990227402,29.2763716324164
"O43399",9,10,9,10,10,10,0.033063763367326,0.109143913517902,28.6679659716087,28.7897254916982,28.7978059896495,29.0953303535466,29.010973408117,29.044122787195
"O43402",3,3,3,2,3,3,0.16026843985054,0.313795975364018,25.4418296727159,24.9416334798079,25.2341944582912,25.2640827459148,25.5132827785125,25.922780451562
"O43432",0,1,0,0,1,1,0.00259693274167686,0.0158385122560559,NA,19.0932176419078,NA,NA,21.985368344424,21.7088598280674
"O43447",6,6,6,6,6,6,0.310229852459046,0.469253510251382,28.8330293313619,28.7915675881526,28.6580000810142,28.8837595955246,28.8587488167544,28.9033292555181
"O43482",2,2,2,2,2,2,0.105465667912845,0.242263029717219,24.4337961329892,24.7008247154405,24.2960921240246,23.8219643005601,24.1850148886187,24.3348714576603
"O43488,Q8NHP1",4,4,4,4,4,4,0.938676493567203,0.959068793651417,26.6652085348546,26.8219278971278,26.771324193835,27.120467032945,26.4765067045285,26.6145271922259
"O43491",8,8,8,9,7,10,0.131116172409812,0.277693583348914,26.111568146634,26.3331427886205,26.38150854738,26.5835942656293,26.3364547400465,26.6989979779298
"O43493",2,3,3,3,3,3,0.0356693423426019,0.115982565764041,26.2124804199057,25.6906286259284,26.3536133426646,23.1202910555571,23.6004113119051,25.7601821021059
"O43502",1,1,2,1,1,2,0.434114108015261,0.582821824828022,22.8585396557961,22.1866930792671,23.3565397027773,23.2554551571403,22.6998572628252,23.3053124827059
"O43504",3,3,3,3,3,3,0.0465032665100665,0.139113378241917,26.5220043517794,26.9368744902686,26.8250298768814,27.4191949955902,27.012586153029,27.1707396272081
"O43583",6,6,5,6,6,6,0.169529962086451,0.324411939873173,27.3572757506457,27.1807893514608,26.8090962334072,27.3660895413314,27.5576433240421,27.2760773378463
"O43592",8,10,8,10,10,9,0.209153374646195,0.369113228292433,26.8573922560194,26.5959083336145,26.7362141605896,27.3585512675967,26.994906001349,26.6855118036866
"O43598",2,2,2,2,2,2,0.362034207478421,0.516158407792525,26.9743779408701,27.2070319045022,27.2204058696656,27.0914671612224,27.3633510863633,25.3228078521418
"O43615",11,11,11,10,10,11,0.104857783075796,0.241397829531013,28.5326334553521,28.5449701270832,28.6220012003277,28.9864496849733,28.6757108442287,28.7720432417581
"O43617,P36149",2,2,2,2,2,2,0.654096591595616,0.75934107292159,25.7519239802993,26.0524125724096,25.7623984032611,25.9692098041209,25.9817153490994,25.8094483782749
"O43660",6,7,8,7,5,7,0.698373988188646,0.794509260378205,26.8215814738795,27.0038088435397,26.7847564239205,27.0646427398053,26.5954401282793,27.1793979880252
"O43663",5,3,4,5,3,3,0.264788799539823,0.424145541959505,25.6720391514978,24.9279112779595,25.745045256644,26.0769365702664,25.6083632076764,25.6582843049413
"O43665",3,3,4,3,4,4,0.16927898314014,0.324202653688211,24.6774623109087,25.1733878408239,25.143463564971,25.1905145304732,25.3172384497785,25.285832676033
"O43670",4,4,3,4,4,4,0.558809519534823,0.686399846019888,27.7362592283733,27.7992310421486,27.5762069402234,27.5525085833886,27.8962658951825,27.948852199452
"O43678",2,2,2,2,2,2,0.0900846236151062,0.218831764074608,25.3282353449353,25.2676107138515,25.5596491720141,26.1325717009668,25.8960466239547,25.4263066663826
"O43681",8,7,8,7,8,7,0.618904709792176,0.733361892486209,27.6109988505795,27.7644203133563,27.6868761152114,27.8128518205217,27.7393516764532,27.6836744999587
"O43684",10,9,10,9,10,9,0.431229238821874,0.580143847686639,29.2999690417739,29.3030452288324,29.281790325087,29.2207974246523,29.5359722108868,29.4487840598335
"O43707",45,45,45,46,45,43,0.228252472450593,0.388830388095446,31.6087508054627,31.6382194917119,31.6039774349736,31.7417817479347,31.8004589664376,31.7187772341603
"O43709",3,2,3,2,3,3,0.257055338372758,0.417040537899568,25.4503143635536,23.2488292181975,25.1312584763526,25.3340009036546,25.3890346976939,25.3037294228826
"O43715",1,1,2,1,2,2,0.0590677026958919,0.165520184090085,23.2429156347565,23.3689294212591,24.3759724890101,24.1793996193664,24.6236401784004,24.5457677234574
"O43716",1,2,1,2,2,2,0.0377125486113429,0.120563872995758,23.2899413032075,24.9567499898766,22.5637504625843,25.2491241078945,24.9259953401337,25.6961599789884
"O43719",5,3,5,4,5,5,0.0873387389365146,0.214329923092189,25.4325782757927,24.9616147195975,25.7968844407926,25.7170366480471,26.045407621561,25.8996933730735
"O43747",3,3,4,2,1,4,0.127730509966578,0.273957022316658,24.4991059705086,24.5886546539076,24.5695047650993,24.2160055095365,23.7796371318394,24.540512608996
"O43765",8,9,9,9,9,9,0.346338067709251,0.503824701814286,28.3724391754067,28.7428364567216,28.7313176576585,28.6533708153261,28.9357683337653,28.7430118903969
"O43768",5,4,5,5,5,5,0.47214647294735,0.61876823027458,27.5449925331459,27.4279146562327,27.6184305334007,27.3516639427205,27.8018403632487,27.8278651520306
"O43776",15,15,16,16,16,16,0.0407050714873605,0.12736387937266,29.8673680601211,29.7216250812843,29.8216739428725,30.2378931711159,30.1049635235233,30.0073132630645
"O43805",1,1,1,2,1,1,0.205941656227052,0.364714998333777,22.8616304231427,22.5578046326068,22.2911474610286,23.0558314396287,22.6886086133383,22.7893636543759
"O43808",2,2,3,1,2,2,0.261729847882834,0.42087119000405,23.6084633577637,23.7975209388257,24.6656152459005,23.8805572544256,23.6515756036124,23.3647229284564
"O43809",8,8,8,7,6,6,0.842724844278909,0.89469647186418,28.4831487426068,28.4269531342238,28.2652281894709,28.3851020015204,28.4092074398774,28.4520815647684
"O43813",2,1,3,3,4,3,0.0528405774121185,0.152859045119902,24.436300253553,23.4761878924273,25.2052048374167,25.049667829756,25.7638319377479,25.74358976528
"O43815",2,5,5,6,6,4,0.352313444813698,0.507500453186009,24.4335812917031,26.3423077995656,25.5968903212448,26.5707895703448,26.0351888920083,25.4297579467178
"O43818",5,7,6,6,7,7,0.150647509617338,0.301295019234676,26.8796430199317,27.3218811645762,27.1619336548486,27.1178019194654,27.5837452853601,27.6957325398627
"O43823",3,4,2,3,4,2,0.535188116970813,0.668259935369785,25.7180723749396,26.0003040207219,25.5265271685555,25.5976009613446,25.6620908022305,25.6824948585332
"O43837",7,7,6,7,7,6,0.886772336724647,0.925733501175707,28.040000469827,28.0821119271088,27.5677939945748,27.5490721617296,28.1813307598889,27.8577845828634
"O43847",15,17,15,19,16,18,0.105663148591782,0.242457380773422,28.2074209677172,28.5609297584505,28.3762497970438,28.6353758925739,28.608003467774,28.6552809430543
"O43852",11,10,11,11,10,12,0.220476792090821,0.381134947146012,29.4764945233214,29.27326201242,29.4504730529138,29.7500177552299,29.3274427583425,29.8333617941492
"O43865,Q96HN2",3,4,3,3,4,2,0.985633225612721,0.991258636320051,24.4191135523655,25.3876606311777,25.1329661966095,24.6884589211143,25.3815361034479,24.8520193800605
"O43913",2,2,2,2,2,2,0.358021069069453,0.513129788594045,23.618074615533,24.0781889104482,24.1326379458195,24.3861231194249,23.9720741937709,24.0646759106596
"O43920",3,3,4,3,4,3,0.911516378683245,0.941439375040291,25.1805531021028,25.1198230928412,25.716899928473,25.3251880785553,25.8963207077826,24.9017877137396
"O43929,Cont_Q2YDI2,CON__Q2YDI2",2,4,2,3,3,3,0.392849333574842,0.546273379489253,24.1673921991039,24.8313436946499,24.2711379275247,24.4313970739239,24.5451998444543,24.954443537529
"O60216,Q9H4I0",9,9,11,9,10,11,0.623728169012154,0.736971744893407,26.8455986777012,26.9771250813084,27.4319345471746,27.2567913508976,26.9018733816634,27.4405728253486
"O60220",2,2,4,2,2,4,0.574415255808986,0.699728276902695,25.5491466530082,25.6219733809489,26.4068400559066,25.6033115882525,24.2897104724409,26.5951097383987
"O60231",5,5,5,6,7,6,0.00213458449957041,0.0138717585285473,25.2188733891005,25.3290457848196,25.1179214906906,25.8137971644461,25.8295457816791,25.7903107360003
"O60232",2,2,2,1,1,1,0.0228843445605403,0.0833107903867736,24.9403051833492,24.8827814668978,24.3827788415087,23.9709572173725,23.7610955448954,24.3542462553561
"O60234,P60983",2,2,2,2,1,2,0.950634848546803,0.96715578618352,25.0575455633899,25.2156478925314,25.3453084944418,24.721134434372,25.152615846293,25.6935430726416
"O60244",2,1,1,2,2,0,0.0818529584868259,0.203939484771655,23.692024778656,22.8031555453526,22.1611517385627,24.2756894999196,23.7019911489492,NA
"O60256",4,5,4,3,4,6,0.712127671647731,0.80453849382292,25.4876311369901,25.4952373054439,25.8252736405644,25.5432286661116,25.390630922451,26.1489370936894
"O60264,P28370",15,17,18,17,17,16,0.162881434431477,0.317007296875596,28.0787546713333,28.28763470925,28.2725464128811,28.3233788042475,28.5403413228637,28.3799680416582
"O60271",14,14,12,11,14,11,0.690337431263208,0.789105327342209,27.5813257220567,27.3931710072835,27.1872048813558,27.4649545679327,27.6154726427191,27.281281689364
"O60287",3,4,3,4,3,3,0.0464712443116468,0.139108803510323,24.5306511623699,24.7487520616224,24.6086450472282,24.9330188152195,24.855009867245,24.9852208680668
"O60306",9,9,11,10,12,11,0.00311173516169582,0.0182464470535428,26.8660419316695,26.8230769139825,26.942607422728,27.4661393834092,27.4140010880971,27.3336922506842
"O60313",9,8,11,12,10,10,0.0881210195453462,0.215669576805724,27.0202854719892,26.5356339068312,27.0620475274311,27.3855837509626,27.0710550112827,27.3330457008819
"O60341",14,15,14,16,14,14,0.492518310013124,0.63673686962272,28.4492786410156,28.2512368818753,28.3587797002974,28.346179812573,28.4801317063481,28.4888632876865
"O60488",1,2,2,2,1,2,0.988560633382254,0.992476586595476,22.0822788213249,24.0428326989794,23.9291940820842,23.2890340854461,22.9337709586062,23.8577396313907
"O60493",5,4,5,6,3,5,0.452804661098136,0.601191753180936,28.0760043880443,27.2729562757214,27.6945131269439,27.62047281108,26.637724685128,27.8651265582046
"O60502",3,4,3,2,2,4,0.152104588933106,0.303543803461429,24.7383915369203,24.6471984609939,24.6480841009137,23.9366527433577,23.7282170405145,24.8537333304764
"O60506",16,14,17,18,17,17,0.24678233225097,0.406727239786461,31.1669210930289,30.8883258685934,30.9074588831593,31.4717313197602,31.0466150670802,31.0920917977853
"O60508",1,1,2,1,2,1,0.874633501928811,0.917470231271381,23.2315090550793,23.7133172271834,24.5498241315127,22.843804208168,25.214681644961,23.0833572952855
"O60522",1,1,2,1,1,1,0.0221907724514901,0.0818385642067082,24.6423221617797,24.3404415163564,26.186714838166,26.4353113146241,26.4955004710516,26.9508026781089
"O60563",2,1,3,2,2,3,0.298208989289533,0.458365703887752,24.918107483479,23.317322134326,25.1217966338032,24.854623689287,25.0139003131964,25.1780305385813
"O60566",9,9,9,8,8,8,0.902290645376166,0.935724010958416,26.1357608552366,25.8413378069848,26.307406177737,25.981881835007,26.2104775554065,26.0300301735344
"O60573",2,2,1,1,1,1,0.184091711659777,0.341948855289862,24.3387902461919,24.1984607462425,23.4058352895721,23.555234710227,23.5242842204105,23.6671352225235
"O60610",20,19,22,24,23,25,0.0147278047691376,0.0603117866861447,29.531860099643,29.0730747445753,29.4241099680323,30.1480438750642,29.9993463934748,29.7477193885232
"O60613",0,2,2,2,2,2,0.932355165665669,0.955177243603588,NA,23.7580445330958,23.9055653067218,23.8930802548739,23.4893762312781,24.1780305385813
"O60641",1,1,1,1,1,1,0.1242641184025,0.269820517921087,27.1523487703,28.3163284864844,26.6970128398246,21.1819046227452,26.943182557472,25.8003323440819
"O60664",15,16,17,14,16,15,0.842707749988064,0.89469647186418,29.4601739483318,29.4128345037914,29.1894750860443,29.1774979779813,29.4606412836786,29.5174039842896
"O60678",2,3,2,1,3,2,0.620198394357862,0.73448583599866,24.7864021806527,25.3389525915313,25.1113064328887,23.7180774873434,25.3763581179722,25.3729554771286
"O60684,O15131",6,8,7,7,8,7,0.251847764255139,0.412245963592372,26.1342633925713,25.9170344367834,26.1672638347755,26.3829224849442,26.3734865341422,26.0404442065406
"O60701",5,6,7,4,7,6,0.648473345606096,0.755641226731803,25.2187902749721,25.0734917433502,25.6487729244945,24.9417982928676,25.7426784268765,25.6519991691021
"O60716",8,7,8,9,9,10,0.0627339049255404,0.171783958145447,27.1797207102935,26.5261727391918,26.9171040964998,27.3437522418348,27.2394144769698,27.3461622980044
"O60732,P43355,P43361,A2A368,A8MXT2,Q96M61,O15480",5,6,6,5,7,7,0.602339558398909,0.721226526355859,25.7500847974791,25.9599063321805,26.5510037275646,25.7523692272243,26.1924889656669,26.9099830757521
"O60749",10,10,10,12,8,10,0.194783660990681,0.352200975600272,27.1428526536575,27.0219343115277,27.079012541671,27.5641315670277,26.9850178930202,27.5114336992618
"O60763",21,22,22,19,20,25,0.181370094130376,0.338331357378394,28.7035935935073,28.6605593442127,28.6777930104489,28.666750953015,28.9179251733481,29.1876694577676
"O60783",0,2,2,2,1,1,0.0971520283208712,0.230118148078824,NA,24.5610236706618,24.6233452264266,24.3708661974064,24.1295796028963,23.5476080737852
"Q99880,Q99879,Q99877,Q93079,Q5QNW6,P62807,P58876,P57053,O60814,Q96A08,A0A2R8Y619",6,6,6,6,6,6,0.446859419704769,0.595899641243249,32.158820973266,32.1227770881638,32.0128785977028,31.9331209798699,32.4181646096015,32.3456365116886
"O60826",0,1,1,2,2,1,0.0418735811144143,0.129661993610443,NA,23.3372281905803,22.8692699606778,24.4962867774878,24.2069242534491,23.5165109048673
"O60828",2,3,2,2,2,3,0.433161893755933,0.581885912636798,25.5695604769693,26.1030140746649,25.3844616387795,25.9239998755593,25.5997719163714,26.1522028959218
"O60830",2,1,1,1,1,1,0.148205587003636,0.297978795905945,24.1104709975181,22.4746147311523,22.359841605571,22.0653501355236,22.2638409041507,22.1893627279157
"O60832",14,12,12,14,12,14,0.183400012559126,0.340941669639255,29.2223702296194,28.9923636857089,29.1980106042587,29.4707327263746,29.2310723579694,29.3024708056751
"O60841",22,23,22,22,23,23,0.143766597173941,0.292522021465242,29.6642513410455,29.8346983005083,30.067188070246,29.9717659641188,30.1305846861873,30.2437843825367
"O60869",5,5,5,4,4,3,0.0872987594849547,0.214329923092189,27.5502865292599,27.5950525338109,27.6212409791743,26.963722550848,27.4605254427072,27.3492830239554
"O60870",1,2,1,2,2,2,0.1729932309119,0.3289683699125,23.5407931727905,24.210835664582,23.9159028595384,23.9636451163498,24.3324698670577,24.4030538904835
"O60884",6,6,5,6,6,6,0.11121279502505,0.250116706993847,27.9242243137635,28.1076676843998,27.7225381948676,28.2634643035278,28.117052166148,28.1655286370521
"O60885,Q15059",6,6,5,7,7,7,0.228166007798187,0.38882828822388,26.1548488263741,26.7538878533264,26.2372662181785,26.6990869868136,26.8030834040846,26.465093458393
"O60888",2,2,2,2,2,2,0.319671647062073,0.479402384581583,27.5613083123699,27.2693590077805,27.4676381642181,27.8408758405635,27.4235408639199,27.5556113336148
"O60925",3,3,3,3,3,2,0.730897110318578,0.817644094476055,26.739666514544,27.0279258802136,26.5225991506353,26.8452955861766,27.1252599786688,26.5471342685766
"O60934",2,2,2,1,1,2,0.116266050081468,0.257603555352918,23.6639728347488,24.2510040576933,23.9165894031267,22.4171418194652,23.099062290315,23.9948589672395
"O60942",2,1,1,2,0,1,0.714491763862729,0.80579389334713,24.1139610656901,22.7041122172867,22.6558807134083,23.9171651553557,NA,22.8608290306992
"O74700",2,1,0,2,1,1,0.243310106272886,0.404070151007247,27.0641990139834,24.53917226555,NA,25.7314192294487,23.6219175572514,24.0275147844744
"O75081,Q06455",2,3,3,4,4,4,0.138026961779108,0.287262317352322,22.3773827362209,23.7928369981541,25.1846738367753,24.1030902870298,25.7500977744676,25.7527560771768
"O75083",18,18,19,19,19,19,0.0667350753953366,0.178665149033759,30.1576697696707,30.1864820675767,30.0859592618857,30.4012966162522,30.3347670640111,30.3951853764195
"O75116",6,5,6,7,5,5,0.0840337481559212,0.208462185474341,25.1516305622046,24.7473882269163,25.3698581876411,25.6149284565647,25.414862255781,25.4248510220499
"O75122",7,6,6,7,6,8,0.179102879303331,0.335551267097248,25.0747765282216,24.7800708394258,25.0573685777153,24.9902937784515,25.2168339709247,25.618777447676
"O75127",1,2,1,1,2,2,0.0227484112202937,0.0830032224645352,22.5053614057009,23.1549236244696,22.1730501103178,23.1377467884525,23.8783960592048,23.9611957962998
"O75131,Q96FN4,Q8IYJ1,Q96A23,O95741,Q86YQ8,Q9HCH3,Q9UBL6",7,7,6,7,7,7,0.401479104954287,0.552503069925025,26.7814866902386,26.7839168539057,26.8401864987143,26.8982482524634,26.8269313442116,26.9678749519375
"O75150",6,7,6,5,5,7,0.850263050240272,0.900603676618556,25.4298881854349,26.0042693712165,25.5781126985661,24.8809946667054,25.6970910696386,26.2161005483041
"O75152,A0A1B0GTU1",8,7,9,9,9,10,0.010853186788243,0.0479769749301983,26.2987556257764,26.1665737173154,26.4579106996627,26.6857074755316,26.8824969889828,26.8038596890198
"O75153",17,17,16,20,19,18,0.12554313311419,0.271177922948359,27.8541184890368,27.6554081108085,27.6342844846015,28.0955364928042,27.9161354174356,27.8379833518896
"O75155",1,1,0,1,1,1,0.577561373280098,0.702248130304853,21.0919674861023,21.3887277070932,NA,21.6295339950916,21.9928107619206,20.8010618801929
"O75157",3,3,2,3,3,3,0.204845623281853,0.36362090794234,24.1040955259095,23.8267268003798,23.6148627578252,24.0212290166368,24.0313755659924,24.1787504103795
"O75175",0,2,0,0,2,1,0.750337641860943,0.833464894611547,NA,24.4073222569709,NA,NA,25.0404313121401,24.138466171374
"O75179",8,10,10,13,10,10,0.0197968278720998,0.0748865080866662,25.0244046374106,25.4015721249819,25.9232092015906,26.2672232736056,26.174318451579,26.2094932292924
"O75190,Q8WWF6,Q8NHS0,P25686",4,5,5,5,6,6,0.138875677521972,0.287585492898427,25.3887383641526,26.1773302363929,26.023706149073,26.0009225766637,26.5987112411312,26.3671565771368
"O75223",7,6,5,6,6,6,0.567403243376599,0.694338411020398,27.6336978988387,27.7120998961081,27.4556161804491,27.4542472131424,27.8061498623098,27.8217715155272
"O75251",2,2,2,2,2,2,0.75966348495844,0.840141774152825,25.3992647331557,25.2605037515784,25.1427139521419,25.7758739879027,25.0239192438366,25.215837537157
"O75306",4,3,4,4,4,4,0.791659206088317,0.86239384535333,26.4815649182886,26.6137638485054,26.5601862703873,26.1487365203978,26.8754239205414,26.8142049662898
"O75312",10,10,9,10,9,9,0.917330306749184,0.944024556595935,27.2196212008645,27.3216594672971,27.1402995084224,27.251515251392,27.2169875856931,27.248399293428
"O75330",5,6,6,6,6,3,0.634658346241328,0.743913508621002,25.7728228460902,25.9177582050304,25.8259640807469,26.0489137719199,26.0015200729851,25.0142264721846
"O75340",3,4,4,3,4,4,0.386086142770957,0.538796262869717,27.6192872753845,27.5372259693213,27.6762735842517,27.5893604941317,27.7518254987153,27.8291266501595
"O75347",8,8,7,7,8,7,0.826411095968662,0.88499704690353,29.7972620341298,29.9567833006109,29.6898353761583,29.44766449274,30.0533593791887,29.8130172887166
"O75348,O95670",2,2,2,2,2,2,0.977686848243531,0.985245726018774,25.802075618003,26.3230334415724,26.6012146792552,26.5377775727305,25.5670910814857,26.6531133494381
"O75351",0,1,2,1,2,2,0.596266086900632,0.716965178819369,NA,22.8160221564485,24.4077356088515,22.6489007082826,25.0527293981186,24.6799038745782
"O75367,Q9P0M6",11,10,11,9,10,9,0.547609887301188,0.678488947818582,28.843915606229,28.6159351290771,28.7206557601419,28.9023276172179,28.9469581211305,28.6070589815861
"O75368",5,5,5,4,5,5,0.267059494076492,0.425987906285649,27.5703749607265,27.3727722103872,27.4056179507587,27.4166516391087,27.8004498137041,27.6685709441783
"O75369",44,44,46,43,43,39,0.2344249221597,0.395290441217329,29.6127394206234,29.614684026054,29.5642842110639,29.748670194153,29.7781469266239,29.6755528869942
"O75376",2,2,1,2,1,2,0.0198996293718687,0.0752130150741219,21.914458255044,22.2480081408628,22.1451503983754,22.6789944817764,22.5928009760413,23.3807034041073
"O75380",2,3,1,3,2,2,0.397741188615428,0.550180504082348,24.7244675442987,24.8811375525786,23.8730792041667,25.3728890673416,21.5198794751494,23.9071406252675
"O75381",6,7,5,6,6,7,0.210137152436655,0.370133470816996,26.135518723984,26.4880902932111,25.9572695193567,26.5246102961381,26.2916704579116,26.5047031627683
"O75390",10,11,11,10,8,11,0.277908157853056,0.43823609268083,29.4140498542044,29.4691324839327,29.4621786200753,29.6150599303799,29.4863808022468,29.6279985119394
"O75396",4,5,5,6,5,6,0.264172542966379,0.423552768944497,25.0445679893471,25.98960793582,25.9499291517302,26.026082078365,25.7997613617239,26.2624744786398
"O75400,Q6NWY9",14,12,15,13,13,13,0.379221847314576,0.531656443592224,28.7106295184815,28.8456615715824,28.7781346431974,28.9613330735224,28.8616993298816,28.8244478368214
"O75419",2,5,4,3,5,4,0.119224401183639,0.262500829246989,25.1090367286878,25.5176301193297,25.7350686241179,25.817372406016,25.9355749881413,25.6695443707952
"O75431",3,3,2,2,3,3,0.0337586054205708,0.110716576512325,25.3736248614161,25.3289281362464,25.2303033538311,25.6776418321977,25.5456542200842,26.0142869680385
"O75436",7,8,8,8,7,7,0.0446322985871131,0.135560949503602,27.2002825363025,27.0993286319556,27.3409533887726,27.4906192216608,27.4974891487411,27.540288561934
"O75439",6,9,8,8,6,7,0.771872364413805,0.848910734439676,27.0078328854027,27.3444626842693,27.5433684478963,27.2516209626974,27.3011615653028,27.5031952316225
"O75459",4,4,4,3,4,4,0.605297842052138,0.722493133291956,27.3262693736464,26.9861989591029,26.9624133503483,26.9995384550234,27.3329964202741,27.2065665115562
"O75475",5,8,6,5,7,6,0.970804039677985,0.980909862460901,26.1390585960911,27.2625224878587,26.9067751783718,26.3092083623309,26.9714239503557,27.0684098371461
"O75489",5,4,5,5,5,5,0.133521596310189,0.281265812517344,26.9873653469917,26.6743996462442,26.7591485864197,26.9020245901477,27.2922329405524,27.0525912964959
"O75494,Q8WXF0",4,3,4,4,3,3,0.70778362581019,0.802192932434767,27.9499885375244,27.5430062851979,28.0621768031111,28.0714855749621,27.5791431115491,27.65854236684
"O75496",4,2,4,4,4,4,0.161281492906847,0.315373412190758,25.4640884743366,24.4625250968218,25.5267769988574,25.772960432471,25.4220758414318,25.8062608205027
"O75506",3,3,3,2,2,3,0.235894865347473,0.396957718817842,25.6826542558149,25.7818124848545,25.4825905180145,25.9905471540016,25.5735496389487,26.1112351874049
"O75521",7,6,5,7,5,5,0.527108234513867,0.661983911081644,27.6181061260888,27.3694156924303,27.3460590241305,27.7968593314452,27.2542456501679,26.6899370581471
"O75530",4,4,4,4,4,4,0.20751633689976,0.367076203542731,25.7016619761909,25.4339302049656,25.3187764756608,25.745389614875,25.7736819717247,25.5636255590289
"O75531",2,2,2,2,2,2,0.31345949347851,0.47225964638341,28.3762169039238,27.8267788747735,28.0640715167463,28.5446788192041,28.147708735117,28.218911770329
"O75533",32,30,31,30,30,33,0.376956403682617,0.530089798039803,30.4801397218567,30.2092306781111,30.4467975627402,30.294528005339,30.5802310606035,30.7238726465689
"O75534",23,20,24,24,19,21,0.139624006354883,0.288219328955193,29.5446610124825,29.6459800918222,29.8018115044045,29.8690033750741,29.8133704003261,29.9277832142398
"O75569",4,3,4,3,3,3,0.471863827033804,0.618579070994806,26.2686609363846,26.2603186878623,26.1898734838374,26.1504836879187,26.4257071301611,26.4379744160294
"O75600",1,1,1,1,1,2,0.616469112931452,0.731235593654,24.8909279399061,24.9474692289423,24.9998605872367,24.7494377096176,25.0286777249801,25.3377105203323
"O75607",4,3,4,3,4,4,0.882668393171391,0.923350885037351,28.4094144664149,27.9654417504075,27.9216710964201,27.8678142625135,28.2018772284884,28.1414511192769
"O75608",2,3,4,3,3,4,0.499145070469597,0.642341272632525,26.8439829668005,27.2063916315345,27.248852360517,26.844454773113,27.4049758134985,27.5501277739697
"O75616",4,5,5,5,5,5,0.141125987035243,0.289876971118765,25.3760864807072,25.4948178716245,25.729457504448,25.6650931430974,25.7339637964202,26.0132178343085
"O75643",46,47,50,45,46,48,0.139164154414883,0.287921484100089,30.8390573610064,30.8033519139636,30.8470304040249,31.04865523396,30.9568304323832,31.009021905269
"O75663",2,5,7,4,5,5,0.671843301338225,0.774888818189847,26.177605556246,26.902205563767,27.1669913817157,26.4638782769393,27.0266760666072,27.1882728293867
"O75683",4,5,6,4,5,5,0.345445774740958,0.50316846244197,26.8214446412298,26.8935805960714,26.9130960775364,26.6971787726277,27.2496406737786,27.2489135315518
"O75688",3,3,3,3,3,3,0.00398499173227505,0.0220625391779597,23.9682109867893,24.1655694046811,23.9704806316164,24.6608328068925,24.6448706805813,24.4904804923111
"O75694",19,19,20,18,19,20,0.1001770736034,0.234362979373697,28.9639713582467,28.9106318827256,29.0099886429825,29.144034767137,29.1618560059201,29.1783185304059
"O75717",11,11,11,12,10,11,0.0304311803949752,0.102911078548463,27.0527043003204,27.1428942928493,27.0913110835306,27.3368933762738,27.4356604446268,27.4067916238129
"O75746",1,1,1,2,2,1,0.124951138091483,0.270522311867452,22.9969933991098,22.8666464928058,22.0901417244143,24.5745634922036,23.9800612378,22.4976872442604
"O75792",3,3,4,2,2,3,0.139458967573405,0.288091968400506,25.3533249975456,24.9139396583723,25.6989429856419,24.8691377348554,24.4861896257742,25.1996493037054
"O75794",2,2,2,1,2,1,0.494626192084472,0.638868824543987,24.231410187305,23.6714334256344,24.0165368460647,23.5332800814936,24.2413360698823,23.5906538467617
"O75821",10,11,11,10,10,10,0.265500657746196,0.424689341037218,29.5224210899854,29.6061688677157,29.5769007829279,29.6398856137815,29.7775519011433,29.6823743032123
"O75822",12,12,12,12,12,12,0.924480031731607,0.949027431314039,29.6185590142891,29.6266380979298,29.636789402929,29.4673914956715,29.5526744569135,29.8223186945374
"O75832",5,6,6,5,5,6,0.524669042245823,0.660833840619946,27.4210654363154,27.3093388153622,27.4090101344068,27.2957587988511,27.5698085727394,27.5285475516476
"O75874",10,9,10,8,9,10,0.848675762932979,0.89913117289834,28.8454977487646,28.4528943607904,28.4873799517251,28.3877977287742,28.6300075884744,28.6710672338313
"O75909",4,4,3,3,3,4,0.525830706418097,0.661857431501565,25.956570181202,25.6725696525301,25.1281333732897,25.5257821027906,24.9056087106629,25.7109415891485
"O75934",5,3,4,5,4,3,0.955956168247946,0.970853080932131,26.803960552037,26.5088808384894,26.5784983685652,26.3289200706452,26.8520173672124,26.6795478858816
"O75935",0,1,1,0,2,1,0.300570732766498,0.460289923759908,NA,23.5243501008849,23.4861407242613,NA,25.0124344421039,23.4308763267383
"O75937",6,7,8,7,8,9,0.0613352917175588,0.169172672802602,27.055964629484,27.8790900658472,28.2409558993397,28.1268202380756,28.7040514315798,28.8438104782618
"O75940",3,3,3,2,3,2,0.0681309598350932,0.180600487372281,26.2527153778867,26.3263374373847,26.1336880855617,25.9702122558399,26.0268763574642,25.9722621637932
"O75947",7,7,7,6,6,7,0.407040643276642,0.557298743885966,28.1702961972592,28.0137694253775,28.025165807234,28.0588550712022,28.1863828079168,28.2884279998205
"O75955",11,12,10,11,12,12,0.12589626304772,0.271554965495839,27.3433338105689,27.5054364873335,27.5952712950529,27.5773495150344,27.76749238383,27.7960810772726
"O75964",3,3,3,3,3,3,0.342514968087956,0.500933475884193,27.0895332317066,27.165223495872,27.079949218431,27.2276385564928,27.2382256948919,27.1863053550612
"O76003",9,9,9,9,9,9,0.0438464631532294,0.134336846813319,29.2275686702947,29.3157349374748,29.3781029256262,29.5344405257185,29.5629188985144,29.7894243380706
"O76021",9,9,8,8,10,9,0.227154239292028,0.387683366872515,28.5758607315713,28.8352678603424,28.5205934920748,28.6063237897557,29.0901095235311,28.9452870860148
"O76031",4,6,7,6,8,7,0.0143726683058574,0.0592840079668367,26.3354785670858,26.393663238677,26.5952712950529,26.8412271091101,26.8282247900688,26.906293316603
"O76070",5,5,5,5,5,5,0.349220040539635,0.505670959576221,27.8223338215605,28.0480773389231,27.9512420090101,27.8860426378599,28.1592888814625,28.2049330801324
"O76071",4,5,4,4,5,5,0.317535221725716,0.476668536200301,26.385039618271,27.2361814508128,26.3316173693149,26.4520409758715,27.2812562578196,27.4158266822581
"O76094",15,15,16,15,14,15,0.153636579140925,0.305531854420619,28.3469983136243,28.3487483157677,28.5767499759408,28.7627757387856,28.5335294076468,28.61808099821
"O94742",1,0,2,1,1,2,0.134217184835835,0.282165344341511,26.385039618271,NA,25.9929693795358,25.9570479465287,25.4402731565922,24.2965840783481
"O94763",2,2,1,2,1,2,0.283690944426842,0.444283586843547,26.0161545118925,23.5457675703271,22.6473765663825,25.6460791337137,24.4572781133558,25.2823538020282
"O94776",15,15,15,15,14,16,0.0307272988416279,0.103449081149324,28.919214009078,29.0324258613404,29.031165831954,29.3333018509093,29.2549404741336,29.2953524003491
"O94788",17,17,15,17,17,17,0.0774727108588869,0.196561404325434,29.78799611576,29.3770280298481,29.5649229889499,29.9345538180906,29.7675298403756,30.0065532164892
"O94808",1,1,1,1,1,1,0.781793681418434,0.856774367493715,25.0918041200094,25.5936821973222,24.9199791867166,25.2478104673442,25.3059353866982,25.2229046123807
"O94822",3,3,2,2,3,4,0.891260816133332,0.927835312694883,25.360010360843,25.117270763916,23.849703982548,24.3921196224195,24.9032650358522,25.2248925405434
"O94826",11,10,9,11,10,8,0.631202707132456,0.741577839283612,27.5820528258306,27.5476265588603,27.593304592844,27.5780241050477,27.6232759492652,27.6773846382265
"O94832",1,1,2,1,2,2,0.0178213016262693,0.06966647645162,23.1705755332227,22.7571004867695,23.1736118279184,23.6857700666959,23.5350263904585,23.4685710409161
"O94842,O94900,O15405",2,2,0,2,1,2,0.957662204990656,0.971806849234883,24.4201259699796,24.5043299513459,NA,24.7576786325444,24.0470625842508,24.6249181616307
"O94874",3,4,4,5,4,4,0.0704014339311148,0.185111736074246,24.5465662167866,24.6383960299602,25.096066613798,25.3771588919263,25.0445423333201,25.1347239619145
"O94886",1,1,1,1,1,2,0.350414849629063,0.506230646939257,29.9623433753412,29.4588875015072,29.5826047781789,29.866624169042,29.8530237939693,29.778379799536
"O94888",7,7,7,9,8,7,0.449616337916137,0.598177233471396,26.749480804371,26.0805667107533,26.2033461469433,27.0053177862634,26.2156923202971,26.485717968125
"O94903",1,2,3,3,2,2,0.399542926952753,0.550896335777381,23.4532139697492,25.024206773707,24.8173914327156,24.94770873491,24.9890326736335,24.5545024211537
"O94906",16,17,17,17,17,17,0.853194953634031,0.901623619358065,28.0796130607445,28.420480551114,28.2879570392416,28.0106993485008,28.5205197086536,28.3613818339648
"O94913",4,4,3,5,4,5,0.114238603896587,0.25372761001764,24.8435787561864,24.8880214546464,24.2239693955651,25.5476092002457,24.9760732430096,24.9112614365265
"O94925",6,6,6,6,6,6,0.141735070249957,0.290604669878789,26.1238705656214,26.1462031895505,26.1387312194293,26.5304946862063,26.2565960128693,26.2589898089627
"O94927",2,2,2,2,2,2,0.0232380041299189,0.0842031571411358,23.3502324674826,23.4220669536806,23.2358152064276,23.6955011839418,23.6187319196536,23.9372318933785
"O94966",4,4,1,5,2,4,0.195415903412216,0.352924525481604,24.3061479944376,24.7314549970565,22.8115795522974,25.1744568193546,24.0851650832941,25.1285894919328
"O94973",2,4,4,4,5,5,0.0376246380324078,0.120367180016721,22.7921000048243,24.6768514396667,24.5222233019837,25.2391359013507,25.5007554728487,25.4298486584836
"O94979",16,17,14,16,15,16,0.206427367343037,0.365433313860665,28.4737328009802,28.6853541031338,28.4549599326935,28.6025575541666,28.680652131378,28.9644087814504
"O94992",2,3,3,2,2,3,0.107031053986219,0.24478097852006,25.8487709735311,25.7953724722471,25.893197316446,26.0484270737485,26.0128642482967,26.0626688247874
"O95071",8,9,12,8,6,8,0.320464606092939,0.480118073233494,25.9732451985332,26.4518142970747,26.6766676632461,26.3114411969283,25.9827740183791,26.1070812620532
"O95104",7,7,6,8,6,7,0.263037184227864,0.422377907232494,26.7943717330534,26.3825117807552,25.8570544733583,27.322473315507,26.1524552217704,26.9750414443255
"O95140",3,4,4,4,4,5,0.0120679885509983,0.0516455570071804,24.8305294636373,25.2028008422282,25.4255041095269,25.7318133380179,25.7743978902115,25.9273924118915
"O95155",7,5,5,6,4,7,0.889515041093198,0.927323495764892,25.9912145499786,25.6635946318724,25.5637942897411,25.7889563622503,25.4646529046658,26.0538278670848
"O95159",2,2,1,2,2,2,0.267045151497921,0.425987906285649,24.3898830525649,24.1831179472364,21.4450458581056,24.3627462341888,24.4433901436934,24.1647930523189
"O95163",11,10,9,11,10,9,0.0677212919134725,0.180037607056679,26.9198212779544,26.6640610329242,26.4310672422151,27.1879758368882,27.0299273526381,26.9212111713586
"O95197",1,2,2,2,2,2,0.034435862381124,0.112694694535644,24.0555923931301,24.6127253041469,24.8601705966186,25.3169273902956,24.9953410606567,25.1603534272997
"O95202",16,16,17,16,17,16,0.465940516087015,0.613100846376972,28.744834555513,28.6905713976994,28.7560885609321,28.7376366111012,28.9594724462089,28.7660081021118
"O95218",8,10,6,9,9,8,0.904930671789931,0.937609294732152,27.4725133521017,28.0181541035847,27.297469146903,27.432591110856,27.6974214055832,27.741033197727
"O95229",2,2,2,1,3,3,0.163320835441795,0.317229594413773,24.8611512551203,24.5731432480954,24.0851155445998,24.46197912872,25.2988205531415,25.2487764193068
"O95232",7,6,5,5,5,6,0.199562526512231,0.358276025576605,28.1327974573735,27.9000294035396,27.9150537636061,28.0012369646536,28.1659539273649,28.7896747049646
"O95239,Q2VIQ3",5,7,8,7,9,7,0.187085738786596,0.344575776698559,25.3687638984856,25.9275616890783,26.2112640704791,26.1389633765623,26.5152649565768,26.0229719938865
"O95295",2,2,2,2,2,2,0.0785571562902983,0.198327474818119,24.1243808967675,24.0063675158534,24.3838825366556,24.4578801446186,24.3849777978691,24.6142079177246
"O95299",2,2,3,2,2,3,0.194948057236276,0.352287319076773,24.8923356254018,25.8164627797328,25.8827732582909,24.873870232272,25.2670407362062,25.1294834012137
"O95336",6,6,7,6,6,6,0.251198041808461,0.411839627950293,26.879774442846,27.0518246008763,27.0301528734772,27.6081413065109,27.1308613253446,26.9654781883438
"O95347",14,13,15,14,13,14,0.34835516054481,0.505670959576221,28.0420570561209,28.0029795230833,27.9181519783148,27.8818144574506,28.1693599926305,28.4207034883923
"O95372",3,3,2,3,3,2,0.873856385035732,0.916865875927555,25.537931275939,26.3320719360623,25.5832625220315,26.3143792088132,25.7998492675058,25.4932320973349
"O95373",16,17,16,17,16,15,0.366763233936289,0.519857335120719,29.5186703251982,29.6369653000958,29.2874410802474,29.7834137664669,29.5595914789043,29.5313684843368
"O95376",2,1,2,2,1,1,0.787736733238277,0.86079834109418,23.4391567935238,22.5538638292532,24.0023060774718,24.0186472779711,23.1355915001313,23.2092290107221
"O95391",1,2,2,2,3,2,0.147223153525482,0.296657255469633,22.3572870769608,23.8232230868665,23.8002984685563,24.0766024528711,24.4642462357213,23.7185359140682
"O95394",10,10,10,9,10,9,0.185776301566436,0.343261031893917,26.8537840131025,27.5330829468511,27.1378483071063,27.5394064053742,27.3172179789051,27.5877433441555
"O95400",3,4,3,4,3,3,0.741830708225629,0.826834031498979,25.215753327674,25.6475051037178,25.0011198131532,25.7000324015199,25.0304269007874,25.3900893040342
"O95433",6,7,6,9,8,9,0.0143691446945767,0.0592840079668367,28.3401376261504,28.4386878507195,28.3545988382176,29.0066650599659,28.6700314075517,28.8140022612727
"O95453",2,3,4,5,3,2,0.297038824283387,0.457183237645348,24.8966543738127,26.0617168779072,28.7537959448039,29.4934602523301,29.071024661438,25.8278766251652
"O95456",4,4,5,5,5,5,0.0541827479719192,0.15604905066155,27.5127292543726,27.5230266039854,27.5285994505907,27.913561919025,27.705107849448,27.7562448005107
"O95466",0,1,1,1,2,1,0.371816679003186,0.524985357354545,NA,20.6194360638908,20.9150480376676,20.8297343025543,25.7319381424964,20.7567776269373
"O95478",4,5,3,4,5,4,0.203197540830935,0.362040953502434,25.9667764782215,26.2646921743209,25.5656921887733,26.1711521861687,26.4734788962987,26.0932114624739
"O95486",4,3,4,3,4,3,0.298067832163791,0.458303151442943,25.5201001372863,24.7927943470464,25.5152146095983,25.0694721104326,25.2247130252896,24.5876755881362
"O95487",4,6,5,5,4,7,0.228942775218087,0.389424660904144,24.7509759444547,25.1124601269543,25.0501217136272,25.4776089928014,24.7755307017492,25.8722756118865
"O95551",3,4,3,3,2,3,0.122788281359608,0.267762973022243,26.1199594354369,25.4477026648205,25.046292902885,25.0597005536899,24.6864167893079,25.2007838045701
"O95602",11,8,11,12,6,13,0.969362405402639,0.980605609856955,26.7992435912632,26.190728819185,26.6562598488993,26.832631645144,25.7625094947521,27.0062997786246
"O95626",1,0,0,1,1,0,0.00285683716765331,0.0171035317045071,21.7973413486936,NA,NA,25.3011618507714,25.8755907446675,NA
"O95639",4,3,3,3,4,4,0.689771846853952,0.788656432417977,26.1902714073951,26.3829368320839,25.8193915195276,26.3120495525432,25.5112441892984,26.2272257311925
"O95671",1,1,2,1,1,2,0.30835738497638,0.467350960220014,23.4013242030208,23.6476701920385,24.0558459442855,23.7741383350846,23.9099046339378,24.1037873931083
"O95684",4,5,5,6,5,5,0.0460168442395775,0.138293045731853,24.6979996693334,25.8670678737929,25.9764376075529,26.4132913083962,26.3146363220332,26.5531150808786
"O95714",1,2,1,1,1,1,0.0604450373614125,0.167765578204101,22.1738547576882,22.0361752118063,21.6532834702178,22.7345569859399,22.2914454034362,22.2767902680964
"O95721",7,7,6,6,6,5,0.327244036522263,0.487553002813378,28.3489457515442,28.3487120502915,27.8355049530998,28.0837096032654,27.962616858386,27.9126360349371
"O95747",9,8,8,9,8,8,0.458530479920334,0.606147797564927,28.0733063124545,27.9019584380807,27.9119010614476,27.9831429377185,27.9616349655822,28.2687003949473
"O95757",16,15,15,17,16,16,0.0610495291172706,0.168588348567184,28.1075449216607,28.0910278164922,27.9605189277123,28.568338855054,28.2408181395085,28.2960782637923
"O95758",5,5,3,5,5,6,0.424053852451637,0.574215991357782,26.6481203170034,26.3815195070452,25.7071890641648,26.6737656081939,26.4078623591611,26.3449762533326
"O95777",5,5,5,5,5,5,0.234470831638337,0.395290441217329,28.9075626125306,28.5394519093442,28.7211743568343,29.1182367848945,29.0117325714791,28.707285307624
"O95782",21,19,19,16,16,21,0.637301330057395,0.746244524569259,28.9853819251614,28.8393517425387,28.7584041342793,28.6614694772651,28.8406686751358,28.8908626918332
"O95793",8,9,10,11,10,10,0.045689903233469,0.137673275132817,27.5213474290003,27.4089788392109,26.9857725219087,28.0546807960258,27.8700613830187,27.5640388794846
"O95801",5,6,7,7,8,7,0.00913480308592786,0.0420939107858615,26.6430965968409,26.5339762960137,26.7934000191551,27.0794876293147,27.2888965047726,27.1012455996444
"O95810",3,3,4,3,3,4,0.671240948636387,0.774456552270915,25.9394227933239,25.7711144624709,26.2413517505744,25.8262009594202,25.8293448392267,26.6706194997812
"O95816",4,5,4,5,5,6,0.295694399482143,0.455883018059323,27.6420122713176,27.9431811008072,27.5283499357093,27.6749327224118,27.8498255195872,28.3569759276464
"O95817",4,5,3,5,5,4,0.594027954395898,0.715594277252201,25.1093057627288,26.3904254965813,24.8528160779275,25.1918372949677,26.2928993027892,25.6929133003052
"O95819",1,1,0,1,2,1,0.159184697485771,0.312503442581199,25.6273092019825,24.0810557717661,NA,24.7157498677856,22.9478231215706,21.2892965153124
"O95825",2,1,1,0,1,1,0.556919318890052,0.684744255948154,24.3227161260463,24.0069559206705,22.4196773090497,NA,23.8269888553252,24.1257551196245
"O95831",13,13,15,15,14,15,0.0397756036300688,0.125315126906336,29.0021999982158,29.146132244895,29.0744695569998,29.5087103064668,29.3839959921657,29.275088909634
"O95834",2,1,1,2,2,1,0.076555161379108,0.194999802463144,23.7418082573296,22.7155148377642,23.2635427322432,24.8681452444384,24.4246624077959,23.3741816037176
"O95861",9,9,8,8,7,9,0.449400521340664,0.598177233471396,27.7021079636356,27.8624726374464,27.7466548685937,27.8436835970881,27.7319995677547,28.0609615797678
"O95865",0,2,2,0,1,2,0.899956130542797,0.933939915272121,NA,23.6555722973079,24.2848511283738,NA,23.4702385325324,24.603792844338
"O95881",3,3,3,3,3,3,0.997819766193875,0.998929720666438,26.6635759657725,26.6293723858494,26.3839928597451,26.6091482160946,26.4617112144438,26.6071926820673
"O95905",1,1,1,3,2,1,0.0588381414560266,0.164978242976271,25.8845501060242,25.6020308112118,25.7444653564389,26.3975755000334,26.0261501707706,25.9672709260256
"O95983",2,2,3,2,3,3,0.130624414259018,0.277166780395181,24.4890791068996,24.1425261687575,24.9701867288824,24.9850643173505,24.8880754572618,24.9163204193905
"O95985,Q13472",2,2,2,4,3,3,0.0111533142686337,0.0489715300226247,24.4414379601868,24.6374938261695,24.0665395222284,25.2072678043877,24.8810574497352,25.3836098906317
"O95989",2,3,3,3,2,2,0.419466340546262,0.569864635369877,25.1846865963562,24.8591871604639,25.6237657078288,24.857238124539,25.1893608312217,25.0357632187444
"O95999",0,2,0,0,0,2,0.428947536035467,0.579402216652696,NA,23.6558537164136,NA,NA,NA,23.9721168302397
"O96000",4,5,5,6,4,6,0.302062597659471,0.461927204800833,27.3918748594982,27.8503310728658,27.7997196872615,28.0328269117625,27.6040236168614,28.0932496446661
"O96008",4,4,7,5,5,6,0.0151933992717077,0.0615015860492729,26.8309917220958,26.7584813824681,27.1420128747122,27.4150479631535,27.3157842954699,27.4993104415915
"O96019,O94805",10,10,12,10,10,10,0.590193922274325,0.712292241644305,29.1615936319897,29.0686559386428,29.0637272083909,29.4491171141491,29.1291423916636,28.9797477720539
"P00127",2,2,2,1,1,1,8.11701501794396e-06,0.000787868564082135,25.0570807626382,25.0999665082082,24.9342881496656,22.9424690116155,22.8061819526368,23.1626695593558
"P00338,Q6ZMR3,P07864",15,15,15,14,14,14,0.274233263832017,0.433617419413705,32.9364454745423,32.9071176606924,32.7695670668387,33.0463910483062,32.9778444382593,32.9853005949388
"P00350",9,6,5,12,11,12,6.1622729645265e-06,0.000669921145923048,26.4954226740589,26.0794657169374,25.896584448574,28.9530686149423,29.0410325990933,28.941209429659
"P00352",1,1,2,1,1,1,0.269583706623379,0.42854300087298,23.4847999528015,23.2629382124047,23.5038126443099,23.0509998460155,23.2385543289911,23.4202013294421
"P00358,P0A9B6",3,3,3,3,3,3,0.000605655557295575,0.0060327525161188,30.7604069721198,30.7503919046847,30.8011016595822,29.5420882366425,29.8829119738961,29.9465292735724
"P00359",16,16,16,14,15,15,0.000407302678916766,0.00483149358643987,33.1851313328851,33.0837361112546,32.9355741498557,31.6423871761532,32.0034948975369,32.0619556859677
"P00360",11,11,11,11,10,11,0.000775609011344531,0.00685722540649952,32.837895200797,32.5519801060542,32.7495041695836,31.8244111383391,31.9690969305029,31.8972529608195
"P00367,Cont_P00366,P49448",14,14,12,15,15,14,0.107225273410473,0.245070990630549,28.9186384658359,28.8493573696238,28.5527222447909,29.0200069903094,29.0471551566812,29.0338646804827
"P00374",3,3,5,3,4,4,0.185727140546154,0.343261031893917,26.0182811651747,26.1391249478398,26.4761366509356,26.4096199895929,26.4161434870878,26.4975083790513
"P00387",4,3,3,3,4,4,0.2149905114442,0.375780349888291,25.5993623552708,24.7608380860265,25.1938278235496,25.4762345496069,25.4372247708877,25.5953254322137
"P00390",10,11,11,10,10,11,0.103687050489029,0.239625290947796,29.3557647784153,29.3696122996775,29.2868696246096,29.5953495167228,29.4806116106121,29.5444138468062
"P00403",2,2,2,2,2,2,0.219173077028433,0.379787484848901,26.9747471211615,26.9134297543247,27.0454038622265,27.6543706456022,27.1634510254755,26.9523822137299
"P00427",2,2,2,2,1,0,0.0224646602327888,0.0823824597925905,23.7170724028002,23.3678991291805,23.976931389968,22.9861828827246,22.0728602850771,NA
"P00441",5,5,5,5,5,5,0.175078263854221,0.331740462931413,30.8953939070839,30.6442525518441,30.6855760309308,31.1360688672363,30.836925348657,30.9036966945819
"P00445",9,9,9,9,9,9,0.00139083294481821,0.0102338385391301,31.7393315798356,31.8004711916799,31.6936650184683,30.5984905823672,31.0591392738546,30.9277163035406
"P00447",2,2,2,2,1,1,0.00165503790264984,0.0116122513442959,27.1047928114689,26.7645834249706,26.7915298971349,26.1694522662339,25.7057804236229,25.8210915724908
"P00448",2,3,2,5,5,6,2.42833369276506e-06,0.00047200920217301,25.9159303327791,26.2891472854432,26.1875683542544,28.6594789487327,28.6334233243388,28.7136637616088
"P00452",1,1,2,1,2,3,0.120887135327973,0.264756174443694,21.5390101455722,22.8456327893494,23.096268629487,22.3401777719077,24.492222214145,24.9818838219222
"P00491",12,12,12,12,12,12,0.391005688714931,0.544828329846523,30.2492710624297,29.9813183182574,29.9589923395799,30.2274504554041,30.1341913893101,30.1836405185676
"P00492",6,5,7,5,7,8,0.293014258836372,0.45342170413995,28.1001754626404,28.3781833021133,28.5667616980602,28.2466971744064,28.6054492463956,29.0325212730947
"P00498",5,5,5,5,4,5,5.49835839372077e-05,0.00212572127052154,27.4824998445431,27.5001565402536,27.5068552360335,26.3783211996731,26.4721740632078,26.3998159317399
"P00505",8,7,7,7,8,7,0.251720871522516,0.412186150712749,27.7252576372386,27.7852037298173,27.8490547835017,27.9516703236661,28.0473094308663,27.8117126136979
"P00509",6,4,6,8,8,8,0.00219791959884103,0.0141623011439446,26.6075748814864,25.7076049172777,26.9135738069493,27.9431210913854,28.1813307598889,28.2609456600147
"P00519,P42684",2,4,3,4,2,4,0.204448541413607,0.363198693897537,24.0366684595763,24.537798682002,24.722385509106,25.1093569873911,24.2820955219741,25.3250530897658
"P00546,P51955",2,2,3,2,1,2,0.285707537099267,0.446297277315767,NA,27.0810208443341,27.1948500913563,22.5919010393711,NA,27.3459219623222
"P00549",21,22,22,22,22,22,0.00047486426128831,0.00532267999999329,35.0663206579122,35.2902346510709,35.1974062745174,34.3869167560373,34.3348144620971,34.4026307668069
"P00558,P07205",19,20,19,20,19,18,0.113194696139568,0.25255159350519,33.1169445533441,33.016414387497,32.890086253126,33.3410660104702,33.2092591630119,33.1565751408284
"P00560",23,23,23,23,23,23,0.000268565819633503,0.00399613699256041,35.8719410946807,35.8607165564242,35.7796381697418,35.0692026113641,34.9691376449208,34.9675348930267
"P00568",5,5,5,5,4,4,0.802452293541668,0.86892650442371,27.3926118684751,26.8852038266027,27.1343276398412,27.2521494030685,27.1955435165147,27.0918171204288
"P00579",2,1,1,2,2,1,0.00738296609119361,0.0354164997981338,23.0339311656683,21.7829595318343,21.6832138711854,23.9741382383467,24.1987694059953,23.4352207065558
"P00724",2,2,3,1,2,3,0.0105526947422744,0.046967213087079,26.0450368382807,25.6200515809566,25.7187380634337,24.9864369812231,24.4614333866233,25.241938582131
"P00729",4,3,4,4,3,3,0.0135149580271398,0.05666841775718,27.7778243107027,26.9668600972767,27.2829740142286,26.6554736540695,25.9570702183137,26.4578461720001
"P00815",19,19,19,17,19,15,0.000691473481588214,0.00641570953603543,30.3894769767584,30.4975747251091,30.4466325229824,29.2952204558862,29.7032684007913,29.283291247494
"P00817",8,9,9,8,9,9,0.000395306905102537,0.00478946825944674,31.1958425995653,31.0572941618847,31.0518088186771,30.2132725155427,29.8526883963871,30.1394880329137
"P00830",10,11,10,10,9,10,0.000194245984181743,0.00361755942775396,29.7598715499422,29.6352863913455,29.5333009676558,28.6532507891159,28.3165013152785,28.4343317769483
"P00864",1,1,1,3,3,1,NA,NA,NA,NA,NA,24.0185478880058,29.0968925020539,23.8217830372242
"P00890",6,8,7,4,5,5,0.00020339812574653,0.00364724568111413,27.3620814405396,27.7368632427291,27.6582566589632,25.9440502540021,26.0139003131964,26.3760188419349
"P00899",4,5,5,4,3,4,0.00690143103989485,0.0336371029957268,26.8052065820908,26.9499384669825,26.9351918816133,25.6722816949681,25.3627759953778,26.3585254825136
"P00924",9,9,10,10,9,8,0.000661122740379502,0.00625734842657944,32.7119587830481,32.8533504956672,32.7138798417433,31.9610664337211,31.8528561049249,31.5643143606848
"P00925",21,21,21,21,20,21,0.000272821247153726,0.00402786579131165,34.7641382500963,34.633873406064,34.5239920685367,33.7765426864481,33.673533703458,33.6856067730246
"P00931",12,13,12,10,10,12,0.000138931406697586,0.00325529255110844,28.7990351344237,29.0161689472284,28.7000067893334,27.5758305332179,27.5451998444543,27.7441370122623
"P00937",1,1,2,0,1,1,0.430688349318967,0.579760199125832,23.7798256855296,23.5966903351465,24.9787952664817,NA,23.8218036513217,23.6140482539737
"P00942",9,9,9,8,8,8,0.000225729991009938,0.00378595668745345,32.3291595817066,32.2955533973478,32.2629429837245,31.0770439487124,31.3437762590274,31.3650135227779
"P00950",10,10,10,10,10,10,0.000658132977472287,0.00624200133727354,33.9946993507341,33.688266074903,33.7728455274696,33.0382755391013,32.9095185581946,32.9087395147259
"P00956",1,1,1,3,4,2,0.000472385442331526,0.0053079369160503,22.326886437403,21.495981500286,22.5087181892127,24.3585120047127,25.133537616465,24.3530987294124
"P00957",1,1,1,3,3,4,0.000987190020835984,0.00809992963139165,24.8345488718705,24.833833175077,24.8985936120291,25.6118024268794,25.7263374678836,26.0772200681109
"P00958",16,18,16,12,10,13,7.43697744110415e-05,0.00251730188608436,28.6809583639529,28.8805456859128,28.5543161798981,27.3380885672631,27.3655303844225,27.4693214521752
"P00959",1,0,0,5,4,4,0.000518468688535983,0.0055226835555794,21.1251260996683,NA,NA,25.4530709731397,24.8476586830994,24.8105867459055
"P00961",0,1,1,5,5,4,2.26144331837205e-05,0.00132265441261709,NA,22.6054976200788,22.0753246453578,25.6632506610156,25.6593157672994,25.5932480394874
"P01111,P01112,P01116",2,2,1,3,2,2,0.157844861256675,0.310784746246418,24.9062858398137,23.3506183782814,23.1561477494593,25.5174714831105,24.2915454319818,24.401636250571
"P01120,P10301",5,5,5,6,6,5,0.0289236768672179,0.0986476079104918,26.7878035358294,26.8517136269159,26.7395591040324,27.3115628885755,27.2221351840122,26.9837180927622
"P01123",4,5,5,4,3,3,0.00458091967062651,0.0245479967532686,27.5797895207303,28.226819653921,27.6613889300939,26.6947705125728,27.0732385239114,26.6764929455323
"P02008",11,11,11,11,11,11,0.321143304973237,0.480503692124601,32.90587774362,32.9189207310687,32.8462329937047,33.0057604887887,33.1075661866815,32.9177791457139
"P02100",11,12,12,12,12,12,0.936076749981977,0.95708104100562,31.7058099076608,31.6799665449986,31.6472039373284,31.3970619005217,31.7670334622053,31.8310025212753
"P02294,P02293",2,1,2,1,1,2,0.00102333653226414,0.00833653796462324,28.4058140504561,28.2732237988758,28.3359721934887,27.1366986025868,27.4603400778038,27.5947052255569
"P02309",4,4,4,4,4,4,0.000314206632685868,0.00431750198287028,29.4731232053845,29.54789509214,29.5566884928968,28.751681752753,28.7610353460662,28.7135395733466
"P02358",3,2,2,3,3,3,4.68358234682188e-05,0.00192491015010824,25.7623114638067,25.8967193092567,25.2256940024026,27.7988861988707,28.169019747739,28.0171576030013
"P02359",3,3,3,3,3,4,5.40129546675523e-06,0.00066538889674186,26.1719928667002,26.0735795172097,25.9021992187312,28.063679739325,28.1978802256646,28.3158056925243
"P02400",6,6,6,5,5,5,2.37699941825645e-05,0.00136609490678345,30.948986796363,31.0782239065074,31.0136586738292,29.622047749999,29.7467995076876,29.6777029663849
"P02406",5,4,5,5,4,5,0.0012654996276599,0.00954249471303219,30.5416531278467,30.7843057186887,30.7855265539759,30.0620381480227,29.8576232226144,29.8547753637762
"P14127,P02407",6,6,5,5,5,6,0.000186485947360793,0.00361755942775396,31.3592211564508,31.3416319152706,31.246019542443,30.3815078956966,30.4388626676017,30.4595429331016
"P02413",1,2,2,3,3,2,5.94852980044927e-05,0.00223440592869064,24.0820595278771,24.8668653021416,24.8638536203128,27.8758603934242,27.717569796315,27.2381621848016
"P02545",33,33,33,33,31,33,0.488108816095869,0.633139726764104,32.1237748584311,32.1486028189937,32.0500445851019,32.0169396144488,32.27001035109,32.3213427006541
"P02549",35,38,40,37,39,40,0.064495171581834,0.175090197856292,29.1701618818686,29.150923595061,29.2707203343163,29.3494925466138,29.5480809574787,29.4779744218388
"P02557",7,7,5,5,5,4,0.00076321254757463,0.00680034305085051,28.5769959139018,28.5684546265527,28.1647456918501,27.4670501182674,27.4684736866111,27.2830402057531
"P02786",25,25,25,24,25,26,0.0831039875843838,0.20671777064338,31.7426322703918,31.7824945936756,31.8033268219788,31.9678383376043,31.9812196378071,32.0117073417433
"P02829",5,5,5,4,4,4,0.00010331495414121,0.00296429447039118,29.4205686793747,29.1905143501072,29.1782472142025,27.9095477399164,28.0316126348555,27.6758556845825
"P02919",1,1,2,1,1,1,0.733676855164132,0.82055254063711,26.9648698379696,27.4345590864171,27.4257184733081,26.8490731925733,27.6412121665395,27.6267790312222
"P02925",11,10,10,12,12,12,4.90174702661796e-06,0.00063890771244089,30.5591968459608,30.3641868438703,30.241698031329,32.6657547107523,32.4725118708938,32.5966382781347
"P02992",4,3,4,3,2,2,0.000857252734080351,0.00736784975491744,26.973269832826,26.7691430789818,27.0399005533476,26.1735867381178,25.8145999252164,25.7971479990218
"P02994",9,9,9,9,9,9,0.000880859853203827,0.00745544090967692,33.8807145888463,33.9405426596037,34.0600989098719,33.107150379645,33.272420980031,33.2755726931583
"P03841",1,0,0,2,0,1,0.0612218294098058,0.168961878867232,20.9033721174507,NA,NA,24.6694675431188,NA,22.9163549497346
"P03872",1,2,1,0,1,2,0.291492617027691,0.451694741467503,22.998214191075,23.1598264734144,22.9573584894805,NA,22.1976311569333,23.1407142357804
"P03965",5,3,5,2,1,3,0.0143606708939011,0.0592840079668367,25.520605926066,24.69115501915,25.696168976679,23.8017767929871,22.4870633686338,24.2331288890412
"P04040",13,14,14,14,12,13,0.355902800084996,0.510909122888195,29.5928955948522,29.7869177807098,29.601155366449,29.7812918060156,29.7772356940098,29.7605187421716
"P04046",9,8,8,7,7,5,0.00142406661519514,0.0104615006417395,28.0038590139908,27.6267427835556,27.5332077090531,26.6450333002352,26.3980438045294,25.8616227637799
"P04050",9,8,9,5,4,6,0.000334245857730154,0.00444556735558298,26.8984457194117,26.5919919551229,26.8283780225769,25.2166121390866,24.693625852904,25.4162693227346
"P04053",0,0,0,2,1,0,NA,NA,NA,NA,NA,24.727046502761,24.6180008859208,NA
"P04075,Cont_P00883",21,21,21,21,21,21,0.186332219050533,0.344063121351724,34.1844498794629,34.3140828440791,34.2695941877971,34.3428656561004,34.4441595518453,34.4711475687144
"P04076",1,3,2,1,2,3,0.068514216015536,0.181300379038791,23.9691006545257,25.3663236497231,25.0191318457907,22.9062047818256,23.6029660640314,24.4036082401698
"P04079",1,0,0,2,3,3,0.000693324156349291,0.00641570953603543,21.9385196756992,NA,NA,24.7294774314139,25.1261716786497,25.3012854639385
"P04080",4,4,4,4,4,4,0.753907125621554,0.836202045006909,29.5524110671522,29.7196633744385,29.5060318341659,29.3893358858237,29.7755232519477,29.7660081021118
"P04083",21,20,21,21,21,21,0.221257737777254,0.381473091360481,32.3739036361928,32.3432254750379,32.3966966914573,32.4103505031799,32.5292555695299,32.6471518749894
"P04147",20,19,19,18,18,17,0.0020569455754656,0.0134824507403363,30.5903481337609,30.4273652935564,30.5897368337837,29.2672075879606,29.8184413262163,29.6979940147433
"P04181",13,13,12,12,11,12,0.83930770593335,0.893147131902949,29.6244336598731,29.6442968735915,29.5005410455188,29.7678290313464,29.3304631535286,29.5758373261389
"P04183",11,10,11,11,9,9,0.69235158176153,0.791209397794614,28.9136086906548,28.7270758125533,29.6409065417951,29.0780278789035,28.9790782111423,28.9045808864645
"P04406",13,13,13,13,13,13,0.344142769895219,0.502072055088579,34.2532708796143,34.2522380826039,34.103926955917,34.3169747468923,34.2349853468026,34.4152135344409
"P04424",4,4,3,4,2,2,0.161894047456872,0.316300061883619,25.3346542520548,25.2653993099665,24.9241578313383,25.1156430473472,24.8288280015112,23.6572515954907
"P04449",5,5,5,4,5,5,0.000459540944289895,0.00518917274220421,28.1118031415025,28.1405919746932,27.986590093027,26.756517006299,27.053098200909,27.191932341769
"P04456",4,4,4,4,4,4,0.00091857019273191,0.00770315665302017,31.3431074484646,31.1520358272728,31.3675934965365,29.5315267799961,29.7074917270506,30.3195843883817
"P04632",5,5,7,5,7,6,0.65752194997754,0.762678651359658,27.8846286934597,27.8873025832237,28.0576884724619,27.5910324088406,28.2629866990264,28.2828728203206
"P04792",9,9,9,9,9,7,0.454772732382067,0.603102675909008,30.5129199175158,31.0500079482613,30.716910876684,31.081362283586,31.0195854084166,30.6547312648717
"P04801",13,13,16,13,11,12,0.00498351142196568,0.0264974115466287,29.2456298523666,29.1488631815652,29.0800343407157,28.5488571133531,27.6509097605911,28.0793901511447
"P04802",17,15,15,14,15,13,0.000543581571449289,0.00568765855264141,30.1365145037642,29.8894481518402,29.976016844745,28.9212911368817,29.2099484253827,29.065979993474
"P04805",0,0,0,3,4,3,NA,NA,NA,NA,NA,25.0941577444725,25.4646159394983,25.2602146521245
"P04806",18,17,17,17,16,16,0.000287796778154177,0.00414173155185917,32.959147967386,32.7293234764915,32.7095018701763,31.9118321738536,31.7583426434403,31.7561845136366
"P04807",17,16,16,15,14,15,0.000285345367100092,0.00413252560225593,31.9312635310098,31.8585811240857,31.90175141829,31.1350664486852,30.9668966439125,30.931258301251
"P04818",8,8,9,8,7,9,0.552865286041004,0.68244047541561,28.6181061260888,28.808568906728,28.6209192265155,28.7483892937619,28.6177598959042,28.9393786823201
"P04825",1,0,2,7,6,6,0.000266990640131819,0.00399613699256041,22.4708811624822,NA,23.3901026015996,26.0823908202622,26.7604031066576,26.3839688884204
"P04840",13,13,12,10,11,12,0.000113393766988021,0.00311830270775981,31.6691165182192,31.7783944023401,31.7020891847294,30.7174959344225,30.7862482789437,30.7533179813705
"P04843",1,2,1,2,3,2,0.0254915896715353,0.0901493271949953,22.6769541876344,24.1792076723372,22.4271271225366,25.2063518490455,24.8887368142085,24.0797852371381
"P04844",3,2,3,3,4,3,0.0734912415962986,0.190384465736692,24.5609313450131,24.0604419742582,24.4703293600084,24.9835376019367,25.1541752688384,24.4839133984678
"P04899,P63096,P09471",4,3,5,4,6,5,0.203600629574554,0.362256658392791,22.273438448248,NA,24.9061799714979,24.4269855020387,25.1995247786258,24.7774652467838
"Q99878,Q96KK5,Q9BTM1,Q16777,Q93077,Q7L7L0,Q6FI13,P20671,P0C0S8,P04908",1,1,1,1,1,1,0.0418983118228247,0.129661993610443,32.218751313576,32.4055443624222,33.3146578552508,33.583241509972,33.1993665163789,33.6925148273249
"P04912,P04911",2,2,2,2,2,2,0.00313375313830693,0.0183284382268669,30.6506063771597,29.9615340912409,29.6931781736551,28.8803795177979,28.7848426120149,28.8559010402526
"P05023,P13637,P50993,P20648,P54707",17,17,17,17,18,17,0.492556863853261,0.63673686962272,29.3303380871695,29.1853859335179,29.2110891924646,29.3446444772432,29.4144317361947,29.2219489091688
"P05030,P19657",18,19,17,17,16,16,0.000207625743010495,0.00365799792137814,32.5947081707245,32.6221256641899,32.4602874124909,31.5729675495265,31.6962412868745,31.6347856668722
"P05042",1,1,2,2,2,1,0.0188262700415423,0.0720621831660605,23.4699316902751,23.7314995006438,24.8771606030112,25.9444165198591,26.2036501258432,24.8611519578635
"P05055",1,2,2,8,8,7,2.2083608263723e-05,0.00131144892053932,22.6940829342647,23.5794865176313,23.7260890304149,26.8528409333717,26.9945220165069,26.9953085386379
"P05091",7,7,7,7,7,6,0.205609149697626,0.364267549872066,25.9796114677441,25.6678100791315,26.1655641694053,26.3370727180563,26.3683980748822,25.9392087560772
"P05114",3,3,3,3,3,2,0.153150054120356,0.304830081543222,26.889858223575,26.9375497963952,26.936602830421,26.9586806436065,27.2701954187628,27.1538147230655
"P05141,Q9H0C2,P18238,P04710",11,10,10,11,11,11,0.0244064850459817,0.0871701582727417,29.4578650200594,29.4241851834538,29.252029104577,30.0022268392569,29.7352015741836,29.6727769385859
"P05161",2,2,2,1,1,2,0.415054907476905,0.566062926131432,25.214336673946,24.9804993695847,25.0910070061681,24.6572622512056,24.3463389402781,25.4803850624842
"P05198",13,14,15,15,14,15,0.0887131607424841,0.216579771355757,29.3364316930823,29.8765517683545,29.7848086491207,29.9076706271448,30.0926979889725,30.0926290587978
"P05317",6,6,7,7,6,6,0.00322870770090427,0.0187396495312027,31.2158262060457,30.6409985735423,30.9571397614237,30.2131368154964,29.9766339112777,29.9356569683393
"P05318",3,3,3,3,3,3,0.000405937370465366,0.00483149358643987,29.2609977810316,29.1154260240208,28.8918935718823,27.959716318483,28.1511006754474,28.0594966171715
"P05319",4,4,4,4,4,4,0.000203868401728212,0.00364724568111413,30.2638202215304,30.3425882623395,30.3282709402247,29.4393356230324,29.4985501614544,29.4434399082753
"P05362",2,2,2,2,2,3,0.13366599770662,0.281265812517344,23.7677187661692,23.7578697563022,23.7559766805361,23.9245038830989,23.8518477946567,24.2498044436544
"P05373",3,4,5,2,4,4,0.0349634504540048,0.113849579565432,25.6369827498445,26.0579065281833,26.6875466683449,24.2830724248458,25.3933132712242,25.3469951518634
"P05386",2,2,2,2,2,2,0.302162550235681,0.461927204800833,31.2762286911468,30.588986275471,30.8373063774158,31.3492702876867,31.1095806725037,30.9747176433947
"P05387",7,6,7,7,7,7,0.13364224956327,0.281265812517344,32.2305538222174,32.1273294327844,32.0546812566428,32.2023076126853,32.441242068463,32.4264212738987
"P05388,Q8NHW5",10,9,9,10,8,9,0.136849741310973,0.285851195243622,31.8943779103089,31.7029157458587,31.7300231254588,32.1860135690231,31.9409755737202,31.8950644164045
"P05423",4,4,4,4,5,5,0.0189907766713529,0.0725593996438122,24.861364238334,25.1975911580725,25.4174423880956,25.6543546537712,25.6708326822409,25.8529442641375
"P05453",6,7,7,4,3,4,0.000250156042170191,0.0039352133254497,27.3329082167878,27.3368040814212,27.1794394913765,26.145941193483,25.6148731987749,25.9935503260333
"P05455",18,18,18,18,18,18,0.0729911778425752,0.189411691307069,31.7640603817295,31.8634121482998,31.7953130855554,31.9794536574776,32.0233546987146,32.1382452894299
"P05694",17,20,20,17,14,17,0.000329810889175448,0.00441449150717456,29.9144588965199,29.9865719171715,29.891117551267,28.7408030626084,28.9057925008416,29.0989655595951
"P05738",8,8,8,8,8,7,0.0415344687282248,0.128985872251982,28.5947582095723,28.0500860110454,27.7966151131328,27.8871317726033,26.8338163604566,26.9094410555929
"P05739",7,8,8,7,7,7,0.000746816570340493,0.00670664801947506,29.0293771815992,29.0073051725184,29.0877383537246,27.9941782006449,28.2355744271702,28.3325605983081
"P05740",1,1,1,1,1,1,0.00846792633990994,0.0395401023159357,28.8179167233926,NA,28.9664940706265,27.2295718884331,27.6598163134324,28.0869358707339
"P05743",6,6,6,6,6,6,0.000650669821044354,0.00624200133727354,27.3730461443159,27.3595870052395,27.3015631459152,26.0020289186633,26.4783386519518,26.3872114265892
"P05744",5,5,5,5,5,5,0.00649500164663415,0.0319980534686231,28.3498473321737,28.6065025545545,28.7845736208306,28.0753129890216,27.8520173672124,27.8404307688591
"P05745",1,1,1,1,1,1,0.00084928936283506,0.00735325327868639,25.8078888146279,25.7424721356083,25.114601132399,24.1142020024152,24.2282446095283,24.270820384763
"P05748,P54780",6,6,6,5,6,6,0.000617429975170821,0.00609678689768243,30.9188463273826,30.9203397829898,30.7842863120256,29.5272324252512,29.9645623042727,29.9317921878483
"P05749",3,3,2,2,3,2,0.00242594432489842,0.015119068319927,28.7970184972561,28.9060552534786,28.5115649200341,28.0856084330261,27.8124811528845,27.6864612158609
"P05750",11,11,11,10,9,9,0.000127232105591252,0.00318408626679894,32.180221003339,32.2204470950916,32.0548978124884,31.2021025047484,31.1118689661742,31.0517073824229
"P05755",1,1,1,1,1,1,0.000898971496294519,0.00759464438165851,27.6826542558149,27.3518637412976,27.3286113062281,26.5982162717659,26.6159387047619,26.5272056738969
"P05756",7,7,7,7,6,7,0.0255982759563312,0.0903864821306368,30.3513645113634,30.290771538086,30.3609531733366,30.1463392332264,29.7973345133338,29.8330760270806
"P05759,P0CH09,P0CH08,P0CG63",3,2,3,2,2,2,0.00047976525442442,0.00533585399552096,29.735478770204,29.4324560445112,29.8624537930149,28.2661353313572,28.5529569909869,28.6038799480264
"P05771,P17252,P05129",11,12,12,13,10,13,0.181842683566151,0.338736758852094,27.9145070064004,28.1056947384706,28.4157032183694,27.9590043718792,27.6695504290372,27.9929569569585
"P05937,P22676",2,3,3,3,4,4,0.0192575956097006,0.0733331812783425,25.6591113075828,25.9435557407128,26.1853703168068,26.5964194950721,26.3757095611197,26.455159878475
"P06101",5,5,6,6,5,4,0.00154797266435308,0.0110861087830122,26.8774069967193,26.6922300953739,26.8842363885074,26.1331914892944,26.0014691150691,25.6991234242184
"P06103",10,9,9,9,5,7,0.00547544673666079,0.0284175062714977,27.8924007627719,27.7938069703643,27.9087414546398,27.2340729462898,26.1494689402871,26.5026922374555
"P06105",21,23,22,17,16,18,0.000399111061888151,0.00481678482627974,29.3576532465702,29.4870692192933,29.5803048236294,27.7677366391414,28.3056568313202,28.2828728203206
"P06115",8,8,6,5,5,4,0.0104177422437746,0.0465026811312129,26.7211708249515,26.5843735835711,26.4447497340913,25.1294687590686,26.0195476657374,25.7772989021598
"P06132",8,9,8,8,9,7,0.148081021240214,0.297859620325333,28.8310257058433,28.9719310868241,28.7670479745004,29.0023053716504,29.0636001498719,29.0675841493866
"P06168",12,13,14,11,12,12,0.000234555770808383,0.00386297265858428,30.6307335627923,30.6228193622327,30.7884597231178,29.8312883864883,29.7653557516153,29.7602031444115
"P06169",19,19,19,19,19,19,0.000515494393748673,0.00551491352561617,35.1783273138407,35.0949612553525,35.2070599184339,34.2019315591897,34.4115732982929,34.4019686349314
"P06208,Q12166",7,7,7,7,5,5,0.00437891409166287,0.0236970416206003,27.3566148950057,27.434012248529,27.2890988636311,26.6072328343482,25.6033690327155,26.2419558033026
"P06367,P39516",5,5,5,5,5,5,0.000728922385342374,0.00658483944937012,30.9958176529193,31.0229914516988,30.91731849789,29.760140271831,30.1784600600835,30.096443822325
"P06400",1,1,2,1,1,2,0.112130632959291,0.251370981602107,20.7479265171227,19.9472776385195,22.3372974469493,22.5019143816229,21.5010294355976,22.900836910851
"P06454",3,4,4,4,5,4,0.405876823366345,0.556007183574786,31.2222536319751,31.3719248909775,31.2590949186857,31.1759531352993,31.5992963925613,31.4792167700499
"P06493",14,15,14,16,13,16,0.532649897649378,0.666469784167982,29.9922968099544,30.0866202506897,29.6916470195291,30.1002402343175,29.8753891630869,30.1006047025057
"P06576",20,19,20,20,20,20,0.153932255990221,0.305986471384483,32.2390946840014,32.076692034496,32.1338203243594,32.4998989371629,32.2285371578096,32.3380035853326
"P06634",8,8,8,9,7,8,0.00330588663028109,0.0191127873488521,28.5367232502231,28.3004038386998,28.4736765914858,27.5579898890393,27.1448856253723,27.78932123319
"P06730",5,5,5,6,6,5,0.126392171025827,0.272109997272215,28.8468092745153,28.8695925673586,28.579401878839,28.9220551442661,29.0884012875307,28.9932894783116
"P06733",20,20,20,20,18,20,0.667094525446913,0.771232951112219,33.8710375628507,33.5216399671446,33.7053002774859,33.8086682277418,33.7212101314772,33.7470938728377
"P06738",23,21,22,21,19,16,0.00117354123679296,0.0090740595292364,29.6703231306051,29.6597849075827,29.7012247674901,28.8325256438674,28.9567811563652,28.4837750520122
"P06744",16,15,17,15,17,16,0.138737217918923,0.287559831052306,30.824366616799,31.1115200098955,31.0320350877756,31.3497641499221,31.1560306191932,31.1511120596701
"P06746",1,1,0,2,1,2,0.0771594900376713,0.196065185889329,22.4119921261654,23.3006213272115,NA,24.5756447701563,23.3660727160128,23.7724665459031
"P06748",11,10,11,10,11,11,0.418262865338361,0.568907332043412,33.1314528335718,33.7540932337867,33.6451737813971,33.2106240595943,33.493752466126,33.3013660319395
"P06753",3,3,3,3,3,3,0.0895685489802904,0.217810085526698,29.6771825627951,29.8313281218811,29.7693196444777,29.9654637291701,29.9825352401152,29.9773706681462
"P06780,P62745",5,5,5,5,5,5,0.000494209950979167,0.00535961337524379,27.0268277783937,27.0499521865436,26.8774936690288,25.9245304049347,26.1359304350487,26.1894698865863
"P06782",3,3,2,1,1,1,0.000351969531656074,0.00451809253607854,25.0214057156815,24.9394389736184,24.383772205129,23.0467369565937,22.1342349636344,22.2923596480869
"P06785",4,3,3,2,1,1,0.000220072407739807,0.00375730753082425,25.4065804611155,24.6545399573419,24.8819727860203,23.1964750154621,22.6647897228595,22.596010046422
"P06786",1,1,0,0,0,0,NA,NA,22.429651217181,22.3459982584159,NA,NA,NA,NA
"P06787",6,7,6,4,5,6,0.000143281117513058,0.00329553331825233,28.8692887837463,28.8796674702302,28.9345094280493,27.8086188310656,27.7089357686832,27.9761806458096
"Q16778,P33778,P23527,P06899,Q8N257,Q6DRA6,Q6DN03",2,2,2,2,2,2,0.546092250488238,0.677344439023204,30.8442018669396,30.9767496727607,30.904457769078,30.7077045005929,31.1984638120667,31.1377536768151
"P06959",1,1,2,3,4,4,6.07335237083821e-05,0.00223440592869064,23.2849165572519,23.3626216702633,23.9849544872124,25.9441287473712,26.0952519741002,25.7217502010808
"P07108",4,4,4,4,4,4,0.396142733143075,0.54830192615252,27.311925653043,27.3291781279977,26.5798233234027,27.7174959344225,27.6376918988398,26.7915584265195
"P07143",2,1,0,0,0,1,0.065183974750555,0.176367142033622,22.8944914123268,22.856855327364,NA,NA,NA,22.2321027802445
"P07149",38,42,44,35,30,34,8.17257540540787e-05,0.00260722300695599,30.795835018738,30.9376221318782,30.854140670229,29.7607160311804,29.4524399724791,29.5494321640041
"P07170",8,10,9,8,7,6,0.000199739131329666,0.00361755942775396,30.5752116546924,30.5275990795154,30.5441091144862,29.6798510280796,29.5361700948531,29.3937522291197
"P07172",3,5,5,3,2,3,0.0209631228864696,0.0783883332853066,25.2736305003037,26.2614133030509,26.1732129032655,24.8990313059678,23.9360549709699,25.0481859972748
"P07195",10,10,10,10,10,10,0.442749550583984,0.591737139655907,31.2707896246842,31.3226476051361,31.1201998122394,31.1861518442943,31.4482984009336,31.4003059468155
"P07213",11,10,11,11,7,9,0.000174298772338389,0.0035183672540165,28.3368864810204,28.0785738204166,28.1766161735999,27.1916169184239,27.1093885860259,27.2074486780512
"P07237",16,15,15,14,15,14,0.256809380979839,0.416926831327411,30.3204715291083,30.2956709773641,30.327554117632,30.3883747298648,30.4324983461779,30.5156422017845
"P07244",21,21,21,18,19,21,0.0018044779675844,0.0123233959402995,30.2017025377333,30.2849080693439,30.1457385351609,28.9933566382979,29.3719254182225,29.520885624405
"P07245",17,19,20,16,16,16,0.00263619811203097,0.0160351143827804,29.8966771040816,30.0525149974851,30.3148613080417,29.3197786419931,29.2459084412008,28.8421074127158
"P07246",5,5,4,5,4,4,0.00985891048044732,0.0445751730543118,28.0221917502957,27.9172496490574,27.4899769477775,27.3083142599909,26.6562926547959,26.6615067656085
"P07251",13,14,15,12,12,13,0.000700287087157516,0.00643329247800911,30.4013123017227,30.2936001679201,30.2707949133977,29.3925750677677,29.6119515095739,29.5936597087842
"P07256",7,7,7,8,7,7,0.00642286707298572,0.0317799561680703,27.4131875276108,27.4677306100118,27.5842710806657,26.6312705247896,26.1652717482802,26.9449962067497
"P07257",9,7,10,6,7,8,0.000874202641775467,0.00745544090967692,28.2390114461157,27.8406159180326,28.3343317540119,26.5513582936418,26.969341199777,27.0331184974888
"P07259",47,46,48,42,40,41,0.000718099850875906,0.00651286584432581,31.078797602936,30.9513004807368,30.9656880635593,30.1597794901651,29.8964371776437,30.2490420624478
"P07260",4,4,5,4,3,4,0.000859205626833862,0.00736784975491744,27.8427699950473,27.6862727977702,27.8777874869669,26.5817959910059,25.9072415807997,26.6404962723159
"P07262,P39708",13,12,12,8,8,9,7.12574912787158e-05,0.00246270208495077,28.6478888376542,28.3624277002547,28.3998328703109,26.9793818500477,27.185149495586,26.8926463208924
"P07263",9,10,10,9,8,9,0.000126620667390829,0.00318408626679894,27.8360803594436,27.9990106208804,27.8655928550514,26.9343891964077,26.902692164342,26.8078205790555
"P07264",2,2,2,1,2,1,0.00358647214048744,0.0203662492768518,24.6313113060018,24.7594419857207,24.7776361262056,22.9723536256972,23.9871810861611,23.0379945326759
"P07267",8,8,8,7,7,7,0.000275374049922022,0.00405244005078795,29.2198029021267,29.4371707942083,29.3275899672218,28.4192420525251,28.4567671535343,28.294418610403
"P07273",4,2,4,3,2,1,0.037956275197665,0.121022394900751,25.0965161487021,23.8231395613177,25.2534337166214,23.6108797768744,23.5551631994783,21.6416924697937
"P07274",2,3,3,3,3,2,0.00551748465746743,0.0285382823212771,28.0581728069624,28.3288840155578,28.8727352900754,27.4183477081915,27.4981213353791,27.4436458190386
"P07275",1,1,3,1,1,1,0.186361473591284,0.344063121351724,23.0397393674978,22.9476454696626,25.237739390591,21.5400262647797,23.3026718834173,22.9022846731811
"P07278",11,11,8,8,8,8,0.00261400592332462,0.0159213551698357,28.2171269860824,28.1647291965155,27.5784381144236,26.9695183249991,27.0522375143632,26.8452565049555
"P07281,P07280",6,7,7,7,6,7,0.00268052300856812,0.0162182307229281,31.6219216892024,31.3262435107872,31.3009607413418,30.8286689723422,30.5006698488195,30.4771151142999
"P07283",6,7,7,6,6,7,0.000880180140039441,0.00745544090967692,28.138630315816,28.0063399284885,28.1607268162197,26.9326760164364,27.146729914586,27.3749513301312
"P07284",12,13,13,13,13,12,0.00106310280122995,0.00850103226148545,29.527609701548,29.7452353653438,29.68480661221,28.8827702915953,29.0102138450638,28.7857522118151
"P07311",3,3,3,2,2,3,0.773302156762237,0.850073358831163,25.688788019136,25.803883721658,25.4810184352663,25.526900552378,25.6032347223266,26.0036004391658
"P07339",5,4,5,4,5,6,0.758794344035818,0.839791314287094,26.2338798513161,25.5052933363589,26.1468807713486,25.3461303111219,25.8098064797067,26.4066072715089
"P07342",3,3,3,1,1,1,0.00203346837794493,0.0133862665803532,26.2815503461191,25.295482844738,25.2977326822627,24.0133701516092,24.179530204222,23.8986887563739
"P07355,A6NMY6",18,19,19,19,19,19,0.203241315633436,0.362040953502434,31.5054866129174,31.7673806359179,31.6054196678805,31.7069819126147,31.8270301900221,31.8846921891263
"P07384",14,16,15,15,14,14,0.468628665021647,0.616282493464616,28.9466676023931,28.8585301850615,28.921576097899,29.1806382298182,28.993049127108,28.8524931752443
"P07395",5,4,4,6,6,6,5.88920150007521e-06,0.000669921145923048,25.0224060490668,25.1987504925279,25.007829116914,27.4270791075564,27.4643201840563,27.1246907927293
"P07560,Q99260,Q14964",5,5,5,4,5,5,0.00190991817853893,0.0129082173785105,27.1147652684527,27.2907337855302,27.2221038845684,25.8967079075233,26.4470430835452,26.3726723767915
"P07602",5,5,5,5,5,5,0.142059492991071,0.290862110504068,27.8182253322656,27.9479289421752,28.0872514395127,27.9800838138103,28.318496850579,28.3323988611957
"P07686",4,4,4,4,4,4,0.522023826333327,0.659235782650572,26.0910778245861,26.0877114543267,25.8338804838313,26.539787356105,25.8239376026797,26.0841336630871
"P07702",4,3,1,1,0,1,0.52803126353411,0.662507872453963,26.4751077992232,23.9096980517776,22.428561138688,22.7628617742772,NA,24.0419088515887
"P07703",4,4,5,3,3,3,0.00104861696427605,0.00844958658815042,26.3542143878101,26.6074728412936,26.3281813568758,25.2740252036736,25.5061530362278,25.6646706564048
"P07737,Cont_P02584,CON__P02584",9,8,8,9,8,8,0.135094435730454,0.283487035787641,32.2285880558614,32.0809826414872,32.1215702491627,32.3056438968947,32.3178575564484,32.362961307064
"P07741",7,7,8,8,7,8,0.51557784464263,0.653714876948215,29.4340556901982,29.3253499815394,29.1511571335101,29.3936052819016,29.3786110601577,29.3887444164234
"P07806",18,20,21,17,18,17,0.000324608126906853,0.00440221362099449,29.2575378064964,29.4902782266103,29.6179176220533,28.4484486288218,28.4091114042614,28.4618366840344
"P07813",0,0,0,3,2,3,NA,NA,NA,NA,NA,25.434417566861,24.1936937215122,25.3821730054854
"P07814",49,48,49,50,50,52,0.187190279903059,0.344617456383274,31.4705186390763,31.5309190695684,31.5512647057428,31.5579257754336,31.7233841386476,31.7960957381371
"P07858",5,5,3,5,4,4,0.680558399372508,0.78145165314306,26.4403334705047,26.5668966740451,26.3366135971778,26.2821412733488,26.4713832379962,26.8146681851221
"P07900,Q14568,Q58FG0,Q58FG1",24,24,24,24,23,24,0.241349789126778,0.402132117602762,33.7382674199763,33.722867283265,33.6172175702058,33.7681385021279,33.8667564683377,33.8641234450954
"P07910,Q86SE5",11,11,11,11,11,11,0.0457752283062375,0.13777565941258,31.4123701109017,31.3340498242172,31.3962908370172,31.7169218036034,31.6096759154801,31.616139114309
"P07919,A0A096LP55",2,2,2,2,2,2,0.298928412833204,0.459007546060275,27.6717659396722,27.8415439946428,27.6228778810901,28.007572976539,27.6997787509457,27.8942360072506
"P07947",1,2,1,1,1,1,0.592158383098377,0.71409636365181,23.7169547134384,23.6545399573419,23.5515440535936,23.4543133481622,24.0553335858451,23.7198224883625
"P07948,P08631",1,1,0,0,1,2,0.169937886945453,0.324782840488126,22.7232962403123,22.535689977274,NA,NA,22.8769301990067,24.6523879343967
"P07954",17,16,18,16,16,18,0.0944775643410806,0.226369038090341,30.8418427318496,30.9612969228957,30.8962025843694,31.1661725881446,31.0506992958137,31.123394334568
"P07991",5,6,6,5,5,5,0.00138296604462991,0.0101923927231044,26.9020735130741,26.8637421015138,27.0773079334017,25.6401157772721,26.0786587390884,26.1362071861857
"P08047",3,3,1,3,3,3,0.279841781058928,0.440675942420031,25.1698878396908,25.3028393367695,23.313283571649,25.0879192578664,25.2424144946667,25.427336859886
"P08134",2,2,2,2,2,2,0.00621833410178303,0.0310372430769521,24.8590196918605,24.9891985392084,24.7558914325058,25.5546864696577,25.3323483274802,25.3429866386628
"P08195",9,9,11,9,9,10,0.923845283909092,0.948770924071989,28.6183424333221,28.7253170579681,28.9365793259115,28.7048119746473,28.6291420827033,28.9931104378758
"P08200",7,5,6,9,10,9,5.54247656207599e-06,0.00066538889674186,27.6775227898557,27.5835725484412,27.6012146792552,29.5512638261245,29.8889503126479,29.8239014649001
"P08237",3,2,4,4,2,4,0.543867116971748,0.676054983004118,25.5643041568361,24.3036776951931,24.3541202530279,25.465665573976,24.5143188509215,25.0650263770869
"P08238",39,39,39,38,40,39,0.380935449836573,0.533403168248755,33.9754198630906,34.079576618949,33.9122626582528,34.0140409752535,33.8363897939738,33.7653680031627
"P08240",3,4,2,3,3,2,0.508054479536628,0.648607705249119,24.0847070942703,24.8249342958003,23.6863841780889,24.8287823427435,24.5778279448754,23.9623668829631
"P08243",20,20,19,21,19,20,0.679466296409626,0.780590592853365,31.019346299868,30.966564723314,30.7797077774278,31.0982871038203,30.7934401014158,31.0575899391598
"P08312",0,1,1,3,3,2,2.93811476869438e-05,0.00152690015904476,NA,21.9969350638267,21.6981623640901,25.2807952148493,25.6307078558999,25.0799008515983
"P08397",14,15,13,15,12,13,0.305435263458232,0.464514000213891,29.8337587748725,29.7559403434164,29.6349075006422,29.7869738370256,29.9324144498538,29.89653521058
"P08417",5,6,6,5,3,6,0.0111264700945742,0.0489007288742269,26.9490494255675,27.1747468118924,27.0676388755537,26.4072494902773,25.7125823636183,26.48600881647
"P08456",2,2,2,1,1,1,0.0010671102803928,0.00850103226148545,24.7050183603493,24.7446566835444,24.8150613069004,23.7952938000292,23.8872483345065,23.3181761939889
"P08518",4,5,4,3,3,1,0.01811834246343,0.0703454283558875,25.0618147187652,25.613643125938,25.1085050176569,24.1389176587216,24.4969289805683,22.9549394982354
"P08524",7,7,6,6,6,5,0.00414904876472086,0.0227499524815583,28.0979177234615,28.4815230518059,28.2723601841906,26.895274179924,27.503348823598,27.4888270067062
"P08559,P29803",6,6,7,6,6,6,0.240617996476547,0.401574729394811,27.3253046828442,27.2903562056278,27.3623886734896,27.6490034405591,27.3615655724709,27.4500704243904
"P08566",16,13,16,13,12,11,0.00104475255086747,0.00844958658815042,28.2683698468287,28.1683912265356,28.3071007700428,27.5160113098485,27.1326072955939,26.9692278851678
"P08574",6,5,5,5,5,5,0.647974192377935,0.755259263173027,28.3740260934376,28.2295794353999,27.9761083253602,28.5866813939358,28.1393385693586,28.1246907927293
"P08575",9,10,8,9,10,9,0.510160466185817,0.650279979530511,26.8337078954311,26.5134174152863,26.360497716346,26.5244178189796,27.0694759721411,26.5599003366556
"P08579",1,2,2,2,3,2,0.0361247683322303,0.117296222869491,23.4762033783475,25.3422495147442,26.0119397184017,26.4435153225807,26.7463624626858,26.9752486387881
"P08621",12,11,10,10,9,10,0.492364325077425,0.63673686962272,29.4333619415516,29.1861573739297,29.1536465109124,29.3063310339126,29.3093664881245,29.4406103403341
"P08648",0,1,1,1,0,1,0.128817203419305,0.27541781248101,NA,22.6483303564747,22.8923172969253,22.0813111348803,NA,22.5295496143652
"P08670,P41219,Q16352,P07196",25,25,26,25,27,27,0.128309130845631,0.274829913176198,31.6486795721442,31.8145222421044,31.6512556987524,31.756708813556,32.0196247226575,32.0522905809623
"P08679,P43635",3,3,4,3,3,3,0.00041666460051016,0.00483670205477697,25.0798189982284,25.035533724089,25.1139693995032,24.3527681266019,24.1251898240314,24.2471300551425
"P08708",7,7,7,7,6,7,0.769212396873453,0.847620037327703,30.2425160841305,30.2553245802925,30.2308133182371,30.0549685429736,30.3220716719784,30.4845030424608
"P08754",2,2,2,2,2,2,0.0403533733486522,0.126523772657424,25.0513047577296,25.0283787745952,25.1477581748536,25.2221035146514,25.5686052524092,25.5282510334756
"P08758",7,5,8,7,4,7,0.323813961400255,0.484023359078626,27.9719759634707,27.2567361153291,27.2635427322432,27.8580576364048,27.3912339135311,28.1978926134029
"P08839",0,0,1,4,4,4,0.000162181236488304,0.0034253277817576,NA,NA,22.230524232726,25.7908488798052,26.2019215774852,26.062473813292
"P08865",11,11,11,11,11,12,0.0490918539199766,0.145615759156654,31.8501248032608,31.8981163717863,31.9242396214417,32.2313753370822,32.1000192482965,32.1309987548617
"P08997",0,0,0,3,3,3,NA,NA,NA,NA,NA,25.0246971543302,25.3260548108553,25.4285176472804
"P09001",2,3,1,3,3,1,0.970121123054275,0.980605609856955,24.7199527972379,24.9172300856318,23.2352038172415,25.119077153222,24.7327671628996,23.1011772508462
"P09012",5,5,5,5,5,5,0.193754216101249,0.351026591163522,28.7502716964916,28.6954847468772,28.6888310246814,28.8045895569743,28.8717001160068,28.9167412016258
"P09064",6,6,6,4,5,5,0.000339615240560198,0.0044797590065946,27.4987637347009,27.4091875171661,27.5777148683671,26.4334673528069,26.6691494910803,26.3467549548962
"P09104",2,6,4,6,4,4,0.285957359129913,0.446300880037859,24.4473379801559,25.8767781346128,25.0864381380799,26.1204438792518,25.3643222712137,25.3876629329161
"P09105",3,2,1,2,3,3,0.310870681748931,0.469755564802459,24.916366025839,24.898920277949,24.1446035333431,24.6245273485629,25.2965380371751,24.9879753197901
"P09110",4,4,6,3,3,5,0.747108137466284,0.831294469053948,25.6890280282933,25.75671132494,26.1638464362135,25.7076043233373,25.547121225627,26.1357809153673
"P09211",10,10,10,9,10,10,0.250087569029036,0.410690961090879,32.7983791674652,32.5919191873873,32.6223044460225,33.0641425111906,32.721814351045,32.7763152947009
"P09232",4,4,4,4,2,3,0.00348300863906604,0.019936619085846,27.3921512819881,27.4659930671362,26.9253711679314,26.2623840140684,25.2655987196412,25.9581171633095
"P09234",2,2,2,2,2,2,0.0368341075888251,0.118670338149873,27.9729618739287,28.0538725559149,27.937495718144,28.624927279868,28.1997135600025,28.3326818892444
"P09373",8,6,5,12,12,13,1.05185921689213e-05,0.00090539278253998,26.246369022832,25.8785877871662,25.6165069084494,29.0209685699081,28.7417559461269,28.6643687143819
"P09382",7,7,7,7,7,7,0.0655265520789665,0.176694943791583,30.414412784942,30.4461306585711,30.4657337449602,30.6547304149441,30.6912149848962,30.6624721019047
"P09394",7,5,5,10,9,8,3.44336284209834e-05,0.00161944549336625,26.1817261723573,26.0959448996493,25.4336009772821,28.5959949293748,28.4185880537392,28.4780109767661
"P09417",5,5,5,4,5,4,0.39328865124106,0.546492594218851,26.1548705470032,25.9044376610354,25.7875321828499,24.8073105509275,26.1526387911936,25.8707840399069
"P09429,B2RPK0",9,8,9,9,7,8,0.429620530972406,0.579760199125832,30.6244728747317,30.5489055929049,30.4728016121559,30.4421635741779,30.7816192079091,30.7835059895945
"P09436",20,21,22,21,20,18,0.000429317405653774,0.0049458232439205,29.7597465895036,29.6242432101408,29.8015534194233,28.8918870932368,28.615805559541,28.4909297968247
"P09440",2,2,2,1,3,2,0.230363905591909,0.391112816267319,23.8867489376622,23.5052152480219,23.541885972985,21.7313828447679,23.9065342306363,23.090842190823
"P09497",2,2,2,2,2,2,0.945925761707981,0.964746998638902,25.7680312007427,25.6930301639455,25.6559401026566,25.4106049712777,25.9136463322828,25.7585217989059
"P09543",4,3,3,3,3,3,0.126201773483977,0.271837086580866,24.7862339265222,24.8342476711555,24.8569948640187,25.0426471648285,25.0351142177077,24.953392209716
"P09551",1,2,2,6,4,5,0.000196562511126614,0.00361755942775396,23.2451535240135,24.3767470699977,24.6815453206204,27.2504577120975,27.2308550355256,27.5135751499161
"P09622",9,9,9,9,9,9,0.116584412312071,0.258058267330261,29.6491615147046,29.6571516376652,29.7082633280705,29.7753116003247,29.9081048940952,29.9283183881459
"P09624",11,12,12,9,9,10,0.000710173727581216,0.00646669170703694,28.2645501329406,28.5442419169585,28.4849068605633,26.9091457070196,27.0439734326254,27.508859755598
"P09651,Q32P51",15,15,15,15,15,15,0.695529515398344,0.792791508129767,32.537806354659,32.651749384888,32.3705977970026,32.563658010575,32.6067740281108,32.5394174234411
"P09661",9,9,9,9,9,9,0.229784658024676,0.390419966446395,28.7443654978607,28.9038602148277,29.0075964284954,28.9052871996624,29.082843035759,29.2463190448352
"P09733",7,7,8,7,7,8,0.00105017878024579,0.00844958658815042,27.6868665071018,27.6121332408804,27.5796427193789,26.9322803781394,26.4364710904605,26.6178487736556
"P09734",3,3,3,3,3,2,0.017871774680658,0.0698039692578439,25.9923818970967,25.5063861295095,25.2749503283814,25.0921284712521,24.3137131809832,23.9368064074754
"P09874",29,31,29,31,29,29,0.113291999257759,0.25255159350519,30.9298362191018,31.0246381371549,30.8837000797045,31.1293249425863,31.1588177460833,31.1384476694722
"P09884",2,3,4,4,4,4,0.349040659224171,0.505670959576221,23.6354891477362,24.5119154440432,24.7848817612249,24.9153513167338,24.7899998760124,24.2836593630467
"P09913",1,1,1,2,1,1,0.291417765402397,0.451694741467503,23.1977335486432,23.2959343218317,23.2278468658532,23.5265860760609,23.9823351522197,23.0623372895593
"P09938",11,11,11,11,11,11,0.000268920222866297,0.00399613699256041,29.2046170476386,29.5587524125214,29.3834239158943,28.3688697243285,28.3409724305283,28.3306185552204
"P09960",10,11,11,12,13,12,0.0292841323033438,0.0995485928225443,27.412460957855,27.0409126582801,27.3541061745893,27.6142380223984,27.8727103213138,27.6500667476759
"P09972",18,19,18,18,19,19,0.0159689063299302,0.0639036409448612,30.8156343984614,30.8798808003372,30.779380182558,31.2984347130509,31.1497218651728,31.1436996104146
"P0A6A3",0,2,1,2,3,3,2.9723783919248e-05,0.00152690015904476,NA,23.1794034379988,22.8305167651817,26.2288203449529,25.9402347308882,25.8834245562937
"P0A6A8",2,2,2,2,2,2,1.49386031194758e-05,0.00112684980568933,27.5192398891963,28.0007195102487,27.7792622301925,29.7899611614776,29.8723272232549,29.9409707682358
"P0A6B7",3,2,3,6,8,6,1.92582990586044e-05,0.00125142784027685,24.8312363872123,24.4743807363353,25.1054974525521,27.3835593213859,27.9208582693764,27.6830404040269
"P0A6F3",16,14,17,19,18,19,1.12453680486758e-06,0.00045670308559307,28.9099454765642,28.9930599223099,29.0202945258395,31.1925670519197,31.3234099496042,31.3165213404351
"P0A6F5",10,9,10,13,14,12,2.01972550783815e-05,0.00126219010503529,27.0139528735433,27.6989027821365,27.4202153269716,29.8860766857693,30.0827376729699,29.8577283933036
"P0A6F9",4,4,4,4,4,4,1.58586370321782e-06,0.00045670308559307,26.8916840898983,27.0571610043747,26.8641106847478,29.2002141422738,29.311680189037,29.3633027212321
"P0A6K6",3,3,3,6,8,6,0.00931884083758716,0.0426404733210357,23.4700713577365,25.3294280764378,25.2632428891494,26.30764331941,27.247064048523,27.0894264145477
"P0A6L2",1,0,0,1,1,2,0.000754836437855976,0.00675208594019405,22.6923360836381,NA,NA,24.9817034082488,24.690847674366,24.9071840635827
"P0A6M8",13,14,13,19,17,17,2.66422848065628e-05,0.00141328027078534,27.8022281674766,27.9040823368759,27.5204680457862,30.4662760302947,29.9708222141573,29.9448110712226
"P0A6P1",6,7,8,11,11,11,1.31949457782693e-05,0.00105801066987566,26.8323504479835,26.9271925866683,26.9524048913745,29.3592136676577,30.0238251683228,30.0205496684908
"P0A6P9",5,5,5,7,7,7,2.5337321772588e-06,0.00047200920217301,26.2358114728653,26.1988631559253,26.1726063264525,29.152211754996,28.6990326749155,28.9166602914959
"P0A6Q3",0,0,1,2,2,1,0.0275403578781968,0.0954704503346,NA,NA,23.1209694857563,25.5633312191979,25.6675285663913,24.4402726703406
"P0A6T1",1,1,1,1,1,1,0.000154296183425153,0.0033519008989788,21.2750700763828,20.7708156786405,21.2287316834466,23.0825857433951,23.8453892237029,23.1853564314659
"P0A6Y8",13,13,9,18,19,15,0.993639142454974,0.996478735519804,32.5254692974642,32.16717843721,32.1506101093968,32.4637402620749,32.229795119559,32.1456569782883
"P0A6Z3",0,1,1,5,8,6,1.83628363555691e-05,0.00122343742291236,NA,22.3599065929109,22.3447531343962,26.1737875726752,26.8692936764747,26.4518284642926
"P0A705",1,0,0,2,2,2,0.000698926674886559,0.00643329247800911,22.0654428382581,NA,NA,24.2238718670657,24.2978664857412,24.5396162119086
"P0A707",2,1,0,4,3,4,0.000100563771397677,0.00292371607763856,23.7646476280122,23.1167256821901,NA,27.1617777415337,26.5751255312948,26.8531697557042
"P0A763",4,5,6,6,7,7,6.46653444168715e-06,0.000670462048249472,26.5846189949218,26.8292242534689,26.9884052606556,29.0242826552301,29.2632789280916,29.225197462578
"P0A786",0,0,0,2,2,2,NA,NA,NA,NA,NA,25.5664619656503,25.6081624336758,25.5230449896321
"P0A799",6,7,6,7,8,8,7.07694689435746e-07,0.00045670308559307,26.6695327709932,26.6659251307895,26.737941551401,29.0062265508315,29.0260186668527,29.0060716464744
"P0A7A9",1,0,1,2,2,2,3.74695922372345e-05,0.00174424775292106,23.1236175519512,NA,23.5749269810315,26.3164019434849,26.1616051995843,26.4505622954412
"P0A7D4",3,3,3,9,9,11,1.49168166218458e-05,0.00112684980568933,23.7394927202931,24.5488519278497,24.5924574891854,28.0830563029043,27.7917099641399,28.3106014697565
"P0A7D7",0,0,1,2,2,2,0.000198965932718659,0.00361755942775396,NA,NA,22.121393044801,24.8214516461132,25.0189436485459,24.8978146076311
"P0A7E5",0,0,0,0,2,2,NA,NA,NA,NA,NA,NA,24.2740183606225,24.4152617368194
"P0A7F3",3,2,2,3,3,4,0.000352573639378334,0.00451809253607854,24.4175211735715,23.5485993596095,23.7198092282897,26.384273015993,25.7323987681985,26.0884307128978
"P0A7J3",1,2,2,5,5,5,4.37097124446473e-05,0.00188116705823095,24.9006493961684,25.8209661979619,25.9054692416899,28.815643095439,28.6929318096618,28.6774164742033
"P0A7J7",2,2,2,2,3,3,9.78971744764025e-06,0.000875699823453624,24.201019007807,24.6032230106372,24.5041679441617,27.2037971884949,27.8362469458088,27.7708203280805
"P0A7K2",4,4,4,4,4,4,9.00954576410549e-06,0.000838807097466311,28.4172676784522,28.3142871378913,28.2904605043549,30.0795322922608,30.3493551088738,30.3857664354107
"P0A7K6",1,1,2,1,2,2,0.000452196263594252,0.00511890658689077,24.7405351718954,24.5305530455014,25.1007393960327,26.4451986072598,27.1720790668594,26.4436308447012
"P0A7L0",3,3,4,6,5,6,1.50674787696294e-05,0.00112684980568933,26.2439615041386,26.390284560222,26.5114071260035,28.3149053927104,28.7401917180538,28.7187153610617
"P0A7L3",0,1,1,2,2,2,1.75896286124942e-06,0.00047200920217301,NA,22.6828200692195,22.5669414922173,26.7081436572333,26.7261216225124,26.5287593130357
"P0A7M9",1,1,1,2,2,2,7.88172322027308e-05,0.00257893277029507,23.3807743042906,23.9892729835976,23.7738522815863,25.5879880767918,26.0030479741138,26.0780884930689
"P0A7R1",4,4,1,5,5,5,0.000851056056805439,0.00735325327868639,26.7054929701211,25.6889337087171,24.8177590035358,28.9598457255818,29.0474019874593,28.4872297396265
"P0A7R5",3,1,3,3,3,3,0.00395723754792538,0.021935501450347,24.9263253726908,23.5301949233596,25.4764729645937,26.7667458228295,27.0365323688972,27.0974435285523
"P0A7R9",1,0,1,1,1,2,0.000963647452773807,0.00797851121516172,23.2328760312756,NA,23.2821307351971,24.5250476487473,25.0040148085601,25.1226533119461
"P0A7S9",2,1,3,3,6,6,0.000326161377443257,0.00440221362099449,25.3508241992123,24.4194173752667,26.0231927061091,28.1625650239766,28.6693499739868,28.660283078306
"P0A7T3",0,0,1,2,2,2,0.00562995710063204,0.0289232706003191,NA,NA,24.3761943397012,27.2915492455192,26.5027729261638,26.5162830989232
"P0A7T7",2,1,1,3,3,3,0.000906779048651676,0.00763083753416402,25.5824081654603,23.6488017176188,23.4872708397151,27.6117694852521,28.0511301623521,27.9834606111815
"P0A7U3",1,1,1,1,2,3,0.000124797548107464,0.00318408626679894,23.7639642641212,23.2815381007552,23.6676558012167,25.488880527148,26.0737475350281,26.3422157279934
"P0A7U7",0,0,0,2,1,0,NA,NA,NA,NA,NA,26.0055936098071,25.5847489940176,NA
"P0A7V0",4,2,4,6,6,6,2.58663525960658e-06,0.00047200920217301,25.7326110471088,25.4843714271629,25.6226909005577,28.1206406737998,28.5016384558329,28.3677485653716
"P0A7V3",4,3,4,4,4,4,0.000201497096979381,0.00363331919533571,25.7457938446269,24.6777293708581,25.7187161946433,27.9287147425559,27.9505258795072,28.0590079655475
"P0A7V8",2,3,3,5,4,4,0.0019554746986079,0.0131164234806862,23.8455717640085,25.9583290242129,25.5829742328729,28.3922634627999,27.998804056895,28.0476737955153
"P0A7W1",0,0,1,2,3,3,0.0101248201702989,0.0454620370245113,NA,NA,23.1021818731449,25.1105697674122,26.1470754564919,26.2973300384229
"P0A7W7",3,3,4,4,5,3,0.000387091987998639,0.004721694249331,25.3037990928427,25.2732772975543,25.5773410491309,27.2618383177795,27.6680262716613,26.7738012271965
"P0A7X3",2,2,2,2,2,2,5.43736051049684e-05,0.00212010586742621,24.8195550241598,24.8880214546464,25.0200904589775,26.4488174866163,26.9954178222115,26.7904991358035
"P0A7Z4",2,3,4,6,6,6,0.00215158691493834,0.0139623606059014,23.4922457814487,25.6004721675548,25.5342767127768,28.0735799500134,27.8345316636796,28.0300301735344
"P0A805",0,0,0,1,2,2,NA,NA,NA,NA,NA,23.5019143816229,23.889893459845,24.2921999931705
"P0A825",6,5,3,6,6,6,7.84462105751118e-05,0.00257893277029507,26.2313895889991,25.8265184840064,25.3079731919848,28.212729638757,28.2080176602945,28.2131257283195
"P0A836",9,11,10,10,11,12,6.04466598785144e-05,0.00223440592869064,27.0816711139336,27.6161159217056,27.2587377484814,29.1507671194908,29.6160759979024,29.5267639937947
"P0A850",3,1,3,8,7,7,0.00469864655111405,0.0250411513623625,25.1896566511732,19.9730429049548,23.6474868543315,28.8758946824838,28.6828781449978,28.640136958231
"P0A853",16,19,18,22,22,21,2.46959229266078e-05,0.00139089877026154,30.9770523600662,31.2698570370626,31.2643950706105,33.596957306999,33.454404515982,33.0846540904052
"P0A858",2,4,3,4,4,4,7.02198698274729e-06,0.000696397926419416,24.6911264069719,24.8740593924993,24.4559179542056,26.9000027814725,27.0599652705925,26.8923172014565
"P0A862",5,5,5,5,6,6,1.54293887075357e-06,0.00045670308559307,27.3458095600421,27.4360618227349,27.540587556635,29.6857309475364,29.6234415193624,29.6969736490165
"P0A867",0,0,0,3,2,1,NA,NA,NA,NA,NA,24.0911363924973,24.3945555683062,23.0407214156187
"P0A870",5,5,4,9,11,9,4.07409010285464e-06,0.000580812470288214,26.8174708384433,26.5670213721774,26.5297217338374,29.0983017988821,29.4112706608745,29.0975149096391
"P0A8E7",0,0,0,1,1,2,NA,NA,NA,NA,NA,22.8466286714631,23.6478038497232,25.074689006582
"P0A8F0",1,0,0,3,4,4,0.000130507249856067,0.00318408626679894,22.4559244234786,NA,NA,25.6177853118737,25.7776448900532,25.5651955472005
"P0A8G6",2,1,3,4,4,4,0.0121175278383164,0.0517120318039283,24.3129382619733,21.8820279045715,24.5183589155517,25.8098110639213,27.3867540954398,26.3085556237376
"P0A8L1",0,0,0,2,1,1,NA,NA,NA,NA,NA,22.780529333486,21.5078760002553,21.9454108241386
"P0A8M0",1,1,1,2,2,2,6.13206508312568e-06,0.000669921145923048,22.5722302661213,23.1146797895652,22.8923328085243,25.4981056830125,25.623739497662,25.4553529834965
"P0A8M3",0,0,0,3,3,3,NA,NA,NA,NA,NA,23.9497430142786,24.3781646779437,25.3142832491462
"P0A8N3",0,0,1,5,4,5,NA,NA,NA,NA,NA,25.2727757203186,25.122005892362,25.4289412840595
"P0A8N5",0,0,0,1,0,1,NA,NA,NA,NA,NA,22.18477735249,NA,22.74723901664
"P0A8Q6",0,0,0,0,0,2,NA,NA,NA,NA,NA,NA,NA,23.6579745697182
"P0A8T7",1,1,1,2,2,2,0.00014590218176999,0.00329553331825233,23.207617823465,23.0006918146694,22.647799291076,25.6857700666959,25.0715405219859,24.9276708024925
"P0A8V2",3,2,1,11,11,10,5.66187140403953e-05,0.0021705426340528,24.3071646653311,23.825893354348,22.8575272868635,27.555337482144,27.5130325805536,27.6298093506871
"P0A910",1,0,1,1,3,3,0.430808114608679,0.579760199125832,22.2598339334066,NA,25.9005614235987,23.3711775928406,26.2863891045484,26.435311075502
"P0A953",1,1,1,2,1,2,3.97186075174779e-05,0.00177643419112485,23.9577907881418,23.817112977772,24.3512454031078,25.992800238128,25.8660788337028,26.0099652209343
"P0A955",4,4,4,6,6,6,3.54581919250102e-07,0.00045670308559307,26.3304486729623,26.2802913440792,26.2300885780353,28.9627866055743,29.0724807342705,29.0673169139044
"P0A972",2,2,2,3,4,4,3.39571711957454e-06,0.000529887954657544,24.7508035073492,24.9151548566255,24.8155112734592,27.3906804292955,27.8269313442116,27.8506309412587
"P0A991",0,0,0,3,3,2,NA,NA,NA,NA,NA,24.738376071648,24.7322759490573,24.6606567350287
"P0A9A9",2,2,1,2,2,1,0.160517540828987,0.314148872270202,25.6167820898164,25.7742717242156,25.1847371670376,26.371508376861,26.2275694810711,25.4325070026253
"P0A9B2,O14556",8,9,8,12,11,13,0.00925101807543468,0.0424152205629478,30.7740819090169,30.6945576336921,30.5213302688132,31.0310574415532,31.4764700418421,31.5616003002049
"P0A9C5",4,3,4,6,5,6,8.39470197521584e-06,0.000797846466894472,25.0036660629351,25.0801823321903,25.0702464871632,26.7478348231535,26.8300910558678,27.0271350989591
"P0A9D8",1,1,1,3,3,4,0.976611757029303,0.984379769237225,26.695209487705,26.1603885731338,21.6108902818732,26.1473736228983,22.9838422284497,25.4795089318656
"P0A9G6",9,8,7,13,13,16,2.01590054600365e-05,0.00126219010503529,27.0617683827487,26.7247862188282,26.5355684042167,29.1235893752405,29.2357368897789,29.5909580951282
"P0A9J6",1,0,1,2,2,1,0.000412076946569557,0.00483252725285491,21.6956126816265,NA,22.1802083848054,24.6100884640978,24.8478287487246,24.1018150470727
"P0A9J8",1,2,1,2,3,2,0.000357532316011013,0.00453072896011733,22.282500993622,23.4713993003975,22.2747718469641,25.2604731733364,25.7656633217119,25.3297599865333
"P0A9K3",0,0,0,2,2,1,NA,NA,NA,NA,NA,23.9126797574339,24.0798658335219,22.8316852482382
"P0A9L3",1,3,1,4,2,3,0.00182446815695335,0.012385749601222,22.4068942070575,23.2947300688061,NA,26.4357021552327,25.4850238115363,25.3108723883823
"P0A9M0",0,1,0,2,2,1,0.486209055020178,0.631753263743108,NA,23.1931707079694,NA,27.0395158690418,24.0887191126232,22.752934943546
"P0A9M8",1,1,0,3,1,1,0.000503855508616497,0.00542733617316169,21.2520576308391,21.2116398815762,NA,24.2588753645533,23.3928005118706,23.5611431465307
"P0A9P0",4,3,4,9,9,9,1.32193354193145e-05,0.00105801066987566,24.382704530023,24.3863327419474,25.1241101285916,27.7303728036587,27.961242021268,27.9853648875942
"P0A9Q7",9,11,8,17,18,19,1.5497460015252e-06,0.00045670308559307,26.4966057802504,26.4068207310435,26.2110464412811,29.0155630006496,28.8470632954883,28.9456572111877
"P0A9W3",0,0,0,2,2,3,NA,NA,NA,NA,NA,23.8639471856102,24.4463881083877,24.2609966467454
"P0A9Y6",3,3,3,3,4,4,3.92899252469222e-06,0.00057819560960148,27.0425267216385,27.1948985543547,27.2456686059822,29.3360212582056,29.1672037518534,29.1593188893287
"P0AA04",2,2,1,3,3,3,4.51819077134959e-05,0.00190851724989786,24.469233150078,23.7723911742545,23.6245129278589,26.5440402409111,26.8726406746875,26.8748766052452
"P0AA10",0,0,0,2,2,2,NA,NA,NA,NA,NA,25.4332996029877,25.3994367408998,25.4420127007533
"P0AA25",3,3,2,3,3,4,5.30748170766426e-06,0.00066538889674186,25.5933163955199,25.5780023142417,25.3078278249596,28.0865569115356,27.7934768903141,27.8027510232379
"P0AAC0",1,1,1,2,2,2,0.720826920296382,0.810153340820915,26.357143603733,26.7381373902993,21.7512634376508,25.4770666058478,25.3654709926666,25.514544894751
"P0AAI9",0,1,0,2,2,1,0.00537641986154081,0.0280311170381133,NA,23.0758071846637,NA,25.7673522240509,25.4987712956127,24.9289549865142
"P0AB28",0,0,1,0,0,1,0.0128796813556045,0.0543543999484437,NA,NA,26.1789785943663,NA,NA,22.7581846924941
"P0AB71",3,3,4,4,5,6,2.10155107581641e-05,0.0012783034677166,26.0700389113257,25.7018244726512,26.1536262893811,28.160708599149,28.4916055770357,28.6597030744848
"P0AB77",0,1,0,3,4,3,0.00254507528236513,0.0156266937256389,NA,22.6578595818377,NA,26.2014350184364,25.2838982883409,25.9904170363066
"P0ABB0",4,5,4,10,11,9,1.17627785753519e-06,0.00045670308559307,25.3780974134354,25.608151653942,25.3465544429725,28.3716445600047,28.2485139664245,28.1330256525934
"P0ABB4",0,0,0,5,5,6,NA,NA,NA,NA,NA,26.2976235007139,26.5739951743547,26.827922516791
"P0ABE2",0,0,0,2,2,1,NA,NA,NA,NA,NA,23.5673794836382,24.2260656406186,23.1120570017483
"P0ABH7",2,4,4,5,6,5,6.16762124698992e-06,0.000669921145923048,24.8633860122138,25.1756466302217,25.4188429845524,27.8455057128973,28.0267386604871,27.8245915845215
"P0ABK5",5,5,6,10,9,10,1.69558946032679e-05,0.00119934534000211,25.7636509474607,25.5451600345064,26.305325216802,28.7851127421012,28.6260467450815,28.8500943976903
"P0ABP8",0,1,1,3,2,2,0.00675865109046932,0.0331288617274827,NA,22.8244920801905,22.5068349733205,24.3232178700022,26.0134455470553,26.1094617915957
"P0ABT2",5,6,6,7,8,8,4.64704353358009e-05,0.00192491015010824,27.0927114754109,27.7536687486042,27.5423185188834,29.5827794375707,29.9120579737845,29.9820178644937
"P0ABU5",0,0,0,2,1,1,NA,NA,NA,NA,NA,24.2153986248014,23.3003706038377,23.2936628356658
"P0ABZ6",1,0,1,1,0,2,0.00639011097904507,0.0316866155286996,20.469233150078,NA,20.8959888896603,22.8222831936345,NA,24.0565524303847
"P0AC19",0,0,0,2,2,1,NA,NA,NA,NA,NA,23.8232166894996,24.0431072835118,22.7358575170031
"P0AC33,P14407",5,4,3,14,14,15,3.48457664176377e-06,0.000529887954657544,25.8020201414676,25.1432957756675,25.5685586321278,28.8127801783098,28.8078263554094,28.7580221308966
"P0AC38",6,4,8,12,12,12,1.85044239765351e-05,0.00122343742291236,26.0234770657012,26.4157108499332,26.8663827236946,29.4672777121786,29.8351751334907,29.51248697639
"P0AC41",1,1,0,4,3,3,0.000161369030815811,0.00342491581323351,23.6409581455665,23.794967947466,NA,25.7352345234165,26.0009594368892,25.539195833969
"P0AC53",0,0,0,1,1,1,NA,NA,NA,NA,NA,21.5529855986981,24.3980438045294,21.9636038560889
"P0ACA3",2,1,1,4,4,4,0.00365309116446928,0.0206510556286355,24.1758940725161,21.1143521773374,23.0533508907489,26.4449212779033,26.1414443391741,26.4919728031954
"P0ACD4",1,2,2,2,3,3,0.00531422698211489,0.0277703361883255,22.817174420198,24.041325592967,24.1354584648819,25.0618241517517,25.5645754234778,25.4495783855844
"P0ACF0",3,3,4,4,4,4,4.57953130273961e-06,0.000633085509184792,27.2061638083543,27.3005913307453,27.6530019738809,29.9160817944067,29.8612430973339,29.8803079863292
"P0ACF4",2,1,3,2,2,3,0.000277897121334376,0.0040764201528213,25.8006047685586,25.0660643177139,25.9374111524732,27.5713486658247,27.6605426037774,28.044024023201
"P0ACF8",5,5,5,5,5,5,2.04267730101818e-06,0.00047200920217301,27.0651238926373,27.2566588066968,27.1330974760164,29.2272354526964,29.2469028565479,29.2671781631617
"P0ACI6",1,0,1,2,2,3,0.00159202316893796,0.011312787689556,21.3386219742207,NA,21.3472675473605,26.7717078562983,24.6096006969784,25.4295160207876
"P0ACJ0",1,0,0,1,2,1,0.0266897948450335,0.093159023781976,21.992216580338,NA,NA,24.6457895941846,26.3569526983321,24.4780767733014
"P0ACJ8",0,0,2,3,4,5,0.000244400843457023,0.0039229226058713,NA,NA,23.303051649038,25.885061713096,26.1053399598143,26.0129352892901
"P0ACY1",0,0,0,2,1,2,NA,NA,NA,NA,NA,24.2821619721349,23.4009210588162,24.4850196927719
"P0AD49",0,1,1,2,2,2,1.83474139299303e-05,0.00122343742291236,NA,22.1101959702589,21.9317169503306,24.9110209027689,24.6522898251644,24.9469835941684
"P0AD61",7,4,5,8,9,9,1.94764087373205e-05,0.00125142784027685,25.5402611565437,25.036542677377,25.3908164672734,27.5852560957989,27.9425191578922,28.0601804515075
"P0ADG7",2,2,2,4,4,4,4.64494237947564e-05,0.00192491015010824,23.3819327496034,23.59600610699,22.5814068541556,26.1880200262732,26.3863834007265,26.6015665661426
"P0ADN2",0,1,0,2,2,2,0.000323027861704365,0.00439896449282183,NA,22.8408552126787,NA,25.5515300369179,25.8937148066685,25.6931652422301
"P0ADY7",2,1,1,1,2,2,1.708843645334e-05,0.00119934534000211,23.4298522836559,23.2776422130452,23.0098322641735,25.4043807228968,25.846155565434,25.8453698575418
"P0AE08",6,5,5,7,7,7,0.000113467393574776,0.00311830270775981,28.0620579584388,27.7346446500949,27.072353149258,30.0076981615832,30.0941024935559,30.1041616447436
"P0AED0",0,1,2,2,2,2,0.00871882999595558,0.040467327278644,NA,23.0019468136327,24.1004372996072,25.0659177261262,26.2146157067521,26.3215535541912
"P0AEE5",8,8,7,9,9,10,7.78376323259489e-07,0.00045670308559307,27.3567093214901,27.4022851573019,27.4753602431453,29.8633938989147,29.7801904569882,29.7719985192778
"P0AEK2",1,0,1,2,2,2,0.0289307575261401,0.0986476079104918,23.2054047920103,NA,24.6135931315603,25.1062738054159,25.4334524252573,25.3281710973264
"P0AEM9",3,3,3,4,4,4,3.33596054091713e-05,0.00161560055252183,24.7900428766606,25.1374297228557,25.0706235144856,26.7516219568795,27.2002131562048,27.032620827664
"P0AEP3",0,0,0,2,2,2,NA,NA,NA,NA,NA,24.5529032476069,24.4102250245721,24.4525876325503
"P0AEQ3",3,5,3,6,6,5,5.19399237857283e-05,0.00204267183026287,26.3270792157136,26.8235988920051,26.0243432724361,28.904816762928,28.6978931829062,28.7654391392945
"P0AES4",0,0,0,1,2,4,NA,NA,NA,NA,NA,23.4714935356739,24.2060400865765,25.7150167208058
"P0AET2",0,1,1,2,2,2,9.73401889470372e-05,0.00291525550512484,NA,22.901572837463,23.0661958024448,25.1767299386622,25.005184320861,25.4406628596751
"P0AEU0",0,0,0,1,2,2,NA,NA,NA,NA,NA,22.4250821211775,24.3336847000154,24.2652053305063
"P0AEU7",2,1,2,3,2,3,0.108756500816592,0.24745494101012,24.9402547755981,21.3770771032973,25.029606461504,25.817372406016,24.9771619716879,26.8302152388323
"P0AEX9",11,9,9,13,13,11,3.3393218724613e-06,0.000529887954657544,28.3230351171017,28.2988279427897,28.1853070143324,30.6643905772901,30.4370976149274,30.3836215984905
"P0AFF6",2,2,1,5,3,6,0.00362444443729884,0.0205145353882845,23.7319414547016,22.9726664325271,21.2244500289519,26.2113824221556,25.2188954341294,26.2488449770582
"P0AFG3",3,3,3,9,8,7,1.60176443873063e-06,0.00045670308559307,24.1147652684527,24.1460028662472,23.8777874869669,27.2615233990805,27.1093885860259,26.8813033679753
"P0AFG6",3,4,4,5,5,5,0.000245935086646031,0.0039229226058713,25.0950226520163,25.4441768165197,25.5642568285474,27.0303028335119,27.8386021337641,27.8593570026821
"P0AFG8",1,1,1,4,4,5,0.000876206312511543,0.00745544090967692,23.8337893016761,21.7232697372057,21.7459511525779,26.5802480167515,26.0670676484239,26.1407585702401
"P0AFH8",5,5,5,6,7,7,4.41576040240373e-05,0.00188268214539867,26.0106681074001,26.5858512501812,25.9819874947189,28.3072467078057,28.6153894015086,28.4534207691726
"P0AG18",0,1,1,1,2,1,0.000854989364375486,0.00736784975491744,NA,21.987842979723,22.6090792726401,24.1812654607879,24.5741322344955,24.1039390004057
"P0AG44",0,0,0,2,2,2,NA,NA,NA,NA,NA,27.859098717229,27.6392484252551,27.390726327524
"P0AG55",1,2,2,2,5,4,0.00234913488896489,0.0147613682692256,23.8725547605243,25.7302528809777,24.8540908955204,26.9779768970395,28.2648983976818,27.8781489672353
"P0AG67",7,9,9,14,13,14,1.57563843443113e-06,0.00045670308559307,27.1462434999259,27.3187002435717,27.3653950903743,29.6026197147371,29.6820437923354,29.7723115475307
"P0AG80",1,1,0,5,5,5,3.21331257048255e-05,0.00159338390723276,23.1418974034597,22.5629556529441,NA,26.5115159680665,26.3762795205468,26.2015632567231
"P0AGD3",1,0,0,1,2,2,0.00032543757323125,0.00440221362099449,22.1641155010512,NA,NA,24.8934596903662,25.0104101038325,25.2363826473206
"P0AGE0",1,0,0,2,1,2,0.000784486394984533,0.00692229581028905,21.6841480034231,NA,NA,24.952294844454,24.3889567878767,24.8371856216835
"P0AGE9",4,4,6,7,7,9,1.69467434406812e-05,0.00119934534000211,25.9213798297436,26.0180355272845,26.5756033273779,28.9032363167243,28.8760494115726,29.2042703509917
"P0AGJ9",1,1,1,1,1,2,0.142392776679775,0.291168017576483,22.9849629218286,21.5045487222346,23.0312626863759,22.9653992785439,23.0893905127806,24.406069442696
"P0C0L2",2,2,2,2,2,2,3.16023312941214e-05,0.00158428390509651,24.2978313695831,23.7636262401319,23.2733432001655,27.2485521856438,27.0411255592429,26.8853882925726
"Q71UI9,P0C0S5",4,4,4,4,4,4,0.125356224997465,0.270985294608664,28.3833720838443,29.2147129956385,29.3402783772288,29.3093048516124,29.5268622103252,29.6037794433038
"Q3E792,P0C0T4",2,2,2,2,2,2,0.0761875176822341,0.194388957307803,28.7482216726551,30.0360563058446,30.091142159575,27.4630385773992,28.49378076786,29.2238684021055
"Q3E757,P0C0W9",5,5,5,5,5,5,0.0012417125862628,0.00937863049425644,30.8861014157979,31.0880873154303,30.8980143327437,29.7803762044408,30.2235284456944,30.0895221188855
"Q3E7X9,P0C0X0",3,3,3,3,3,3,0.00112730022948933,0.00879101478107751,30.3047733724284,30.2940710675035,30.1894948112959,29.1683440034195,28.5487349542446,29.2523157372784
"P0C2H7,P0C2H6",6,6,6,6,6,6,0.00595055364147568,0.0300958156456896,31.5031958169649,31.5258359812568,30.9230241460916,30.3326274433881,30.6007687451146,30.0567335587839
"P0C2H9,P0C2H8",6,5,6,5,6,5,0.000240839702829067,0.0039229226058713,30.5933564653734,30.3810408454028,30.5906333353138,29.6285542427443,29.4925802867814,29.5466986485695
"P0CX65,P0CX66,P0CX67,P0CX68,P0CX69,P0C2I4,Q03856,Q03855,Q12316,Q12088,P0C2I2,Q03619,Q04670,Q12441,P0CX59,P0CX60,Q12217,O13535,Q92393,Q99231,P0C2J0,Q12193",1,1,1,1,1,1,0.000663678583297631,0.00626853353416935,24.9487487805871,25.0012087111707,25.0130101258116,23.9278947213333,24.0847803389646,24.2906690702402
"P0CE48,P0CE47",13,12,11,15,15,15,8.94044222505066e-07,0.00045670308559307,29.3559301181004,29.512349363587,29.4378582877589,31.9288717499008,32.1105407214517,32.1336407085853
"P0CS90,P39987",19,20,21,19,19,19,0.000172571083744533,0.00349897459574472,32.0192344529277,32.071866962972,32.1960385497016,31.1170478420693,31.0867210485393,31.2010739339756
"P0CT04",4,4,4,4,3,4,0.00199671488160985,0.0131823636612216,27.7182928637514,28.0248878149499,27.8413419609834,26.8917514442272,26.976876907866,27.2523371094301
"P0CX24,P0CX23",6,7,7,7,7,7,0.00152534070770802,0.0109584319819905,31.1467896650056,31.2153098082674,31.1911704727212,29.8616461947047,30.3875098224617,30.3559419656676
"P0CX26,P0CX25",2,2,2,3,3,3,0.0096609173484152,0.0438975148839344,28.1006829673992,28.1244991399086,28.0281689387798,27.0093245794402,27.524780686521,27.6010967312837
"P0CX30,P0CX29",3,2,3,3,2,2,0.756207708044248,0.837741516293797,27.7329893749581,23.9572828693532,27.7358360179897,26.4422006252601,25.0978520915288,26.7738012271965
"P0CX32,P0CX31",4,5,5,4,5,5,0.000908273735434253,0.00763083753416402,30.2211519669829,30.3435894702564,30.2609733058281,28.85210908733,29.4463459926679,29.199733535598
"P0CX36,P0CX35",11,11,11,9,9,10,0.000413127055811796,0.00483252725285491,31.6891742642967,31.6220318956229,31.8483115914268,30.3801789465218,30.8201397200334,30.5427197123561
"P0CX38,P0CX37",9,9,9,9,8,9,0.000161410981991496,0.00342491581323351,31.7369757890114,31.7942930435082,31.7417399272288,30.5015944108145,30.7135509012144,30.8026050827147
"P0CX40,P0CX39",5,5,5,5,5,5,0.0001459223433334,0.00329553331825233,31.1710212843645,31.2434264977073,31.2041156853593,30.2007343727911,30.3100352718308,30.3138614282462
"P0CX42,P0CX41",3,3,3,3,3,3,0.000653186822523613,0.00624200133727354,29.9736700811407,29.9733430713174,30.1157433677089,29.338611152127,29.134931973894,29.0771959377318
"P0CX44,P0CX43",5,5,5,5,5,5,0.000120171945840784,0.00317997987878855,30.6525306122444,30.7254706854829,30.632660481007,29.4798532101243,29.6961035434567,29.6506182056124
"P0CX46,P0CX45",6,5,6,4,3,4,0.00837816726403614,0.0392818078710512,31.0447701991358,30.7006087677995,30.606601962592,29.9140128160255,29.5866142066593,30.2582237535821
"P0CX48,P0CX47",7,7,7,6,7,7,0.000362756996325845,0.00454642147592996,31.5510707036088,31.5196883806036,31.4429554964458,30.3553084820235,30.6412939311144,30.6299409594302
"P0CX50,P0CX49",6,5,5,4,5,5,0.0076728794917277,0.0364471252992368,31.9860459122258,30.6687167692467,30.5923500743187,28.8334440629539,29.3458724244916,29.7152152135713
"P0CX52,P0CX51",6,6,6,6,6,6,0.000171658174227938,0.00349897459574472,31.3888999679754,31.0859133537594,31.2047989413706,30.1725374809604,30.1795865056148,30.1328863582199
"P0CX54,P0CX53",4,4,4,4,4,4,0.000341664632678894,0.00449185606421071,30.5927553006835,30.3397629323821,30.426856747133,29.4302347375951,29.5780970537934,29.5613501774618
"P0CX56,P0CX55",8,8,8,8,8,8,0.000385789905813425,0.00471842774884945,31.71301946959,31.7026674792418,31.6529733634548,30.5993215082596,30.8818223838042,30.838424762937
"P0CX83,P0CX82",5,5,5,5,5,5,0.000259634253820272,0.00398824507770252,31.4479275436275,31.2834859008186,31.1936311505153,30.294528005339,30.4180154799623,30.3288360496079
"P0CX85,P0CX84",4,4,4,4,4,4,0.000167797213458058,0.00348838503939028,30.5561163571587,30.7176287906799,30.6619577040184,29.7300314136886,29.7118584532063,29.7312828461459
"Q5DJT8,P0DMV2,P0DMV1,P0DMU9,Q8NHU0,Q5HYN5,P0DMV0,P0DMU8,P0DMU7",1,1,2,2,2,2,0.0302198282958404,0.102348074748051,24.401719636483,24.5366275599111,25.451924186699,25.6404387518287,25.6055498258577,25.6561923005591
"P0DMV9,P0DMV8",24,23,24,23,24,24,0.38267325606301,0.535015444118741,32.831114909372,32.7348666629512,32.648406310382,32.7498493789144,32.9367971299861,32.8604650903764
"P0DP25,P0DP24,P0DP23",6,6,6,6,6,6,0.274077113761069,0.433617419413705,30.355623043602,29.9481922535598,30.3352413584664,30.3170536710993,30.3453455317481,30.5644865097263
"P0DPB6",3,3,3,3,3,3,0.356130577950728,0.511062502866066,26.5032406022498,26.4342856933821,26.4028984494051,26.4702331703627,26.5536174701507,26.6500018564113
"P0DTT0",1,2,2,4,5,5,2.99314520303881e-06,0.000525181862163964,22.7381016120703,23.1368922060682,23.0866753983627,25.6552179590817,25.8606954277623,25.9135769336205
"P10080",8,8,8,8,5,6,0.0019941847086376,0.0131823636612216,29.3019074062794,29.2660408125188,29.1297707846751,28.2628875505827,27.1254938028251,27.394604542335
"P10081",10,10,11,10,10,11,0.000301880745741871,0.00425055543850128,31.2843180095289,31.2128712676291,31.3553814754873,30.5055889543195,30.3742885959128,30.3214191004232
"P10155",8,6,11,8,7,10,0.65390654431325,0.75934107292159,27.6955529563035,26.7650182991384,27.6738504488361,27.6449045298558,27.2086247506594,27.7122971024083
"P10515",12,12,11,10,11,13,0.666004859486963,0.770168357155773,28.6314361930379,29.0058340666198,28.5543468152443,28.8381682042036,28.6703119043178,28.4361768242969
"P10591",7,7,7,7,7,7,0.000199246227579165,0.00361755942775396,32.5419905305545,32.3833883119478,32.3895884338472,31.5523584110384,31.5032588547763,31.5340432709906
"P10592",27,27,28,26,26,27,0.000317375217303322,0.00434794516918245,31.419902304911,31.2684199465553,31.2604100464348,30.5296536589637,30.3940752755765,30.3832312853218
"P10599",5,5,5,5,5,5,0.548156627582485,0.678981953578956,30.1731675535334,30.2016206644146,30.1304079675442,28.6903786960467,30.5010078088509,30.3647664224877
"P10606",3,3,3,3,3,2,0.909755574612243,0.940259386357284,28.2711779156409,28.5265254489283,28.4889835878345,28.478386058673,28.7033467229977,28.0328199161955
"P10614",2,1,1,0,0,0,NA,NA,23.7672641950616,22.4599703426945,22.7720493653858,NA,NA,NA
"P10622",2,2,2,2,2,2,0.000477467371966378,0.0053256874105394,28.8834494322008,28.7851501328992,28.8187183305085,28.0935327493698,27.9277796170661,27.7857226789538
"P10644",2,2,2,4,3,4,0.0626406447693992,0.171691996982056,25.3856690744565,24.7847534538086,25.9310639959906,25.7558016942096,26.2189173487618,26.5590712015518
"P10659",5,5,5,3,3,3,0.00135173108040528,0.0100373514014489,28.5504516540216,28.1255578432957,27.648818834375,26.8207108234898,26.3867345875662,26.2122030783145
"P10664",1,1,1,1,1,1,0.00132267242251612,0.00984344468436955,28.1188909207996,28.3391059341737,28.2195561121807,26.8042292525242,27.4052647280967,27.2222762760758
"P10746",1,2,1,2,2,1,0.238824527347718,0.40037582400089,22.8742654537853,24.0382346928655,23.1157973419077,25.0845050423976,24.0415221219285,23.1299450374217
"P10768",9,9,9,9,9,8,0.84743572227334,0.898234610829687,29.7020522227442,29.6188852420301,29.672298632772,29.6588613268173,29.4454565959565,29.8081259313433
"P10809",26,27,27,27,27,27,0.220219245183519,0.381122988060399,33.1440567696233,33.2098796749741,33.1285058625237,33.2526083285726,33.3186726068125,33.3375755494177
"P10869",3,3,2,1,1,2,2.978827579022e-05,0.00152690015904476,24.684280438637,24.7717854179977,24.5918845174588,23.3096998825288,23.3781332788308,23.4156892834573
"P10964",7,7,5,4,4,3,0.000692354213505568,0.00641570953603543,26.1734516947864,26.0455558475901,25.6595673452043,24.4962154011097,24.8353609713504,24.2355525978902
"P11021",21,21,20,21,18,20,0.820144232313649,0.880974331955466,31.0129196978437,30.9620675775082,30.8886290466143,30.8988558309271,31.0459975741422,30.9969549191871
"P11075",7,5,7,3,1,2,0.000194518416424906,0.00361755942775396,26.2827236489263,25.8796323304809,26.2270937290257,24.2310952464899,23.3206080875654,24.013782758394
"P11076,P19146",7,6,6,6,5,7,0.000611245294246425,0.0060497261198073,29.0620579584388,29.267441906692,29.2335326390991,28.2886673539178,28.3997654324868,28.453532313446
"P11142,P54652",22,22,22,22,22,22,0.172227295621018,0.327892615976532,34.2774761577536,34.3476440767252,34.3258614515106,34.4798757700355,34.5153123571056,34.4342375785844
"P11154",16,15,18,11,12,13,0.898917484058663,0.933286655046796,23.0618332527551,25.1260318905357,26.0893165194137,NA,NA,24.9379124099198
"P11166",3,4,4,4,3,4,0.304753655402847,0.464076074297905,26.0762681841276,26.2906431753656,26.2020483303545,26.4978205161021,26.2477301176872,26.2642899686195
"P11171,Q9Y2J2",15,15,14,13,14,14,0.716550446821329,0.807335919584811,28.7720300631456,28.4471472376202,28.2750767393604,28.1962377712813,28.3918172134209,29.2685313373767
"P11172",5,6,6,6,5,6,0.333915097514701,0.493303327351705,26.6844008237373,26.6921157636355,26.7823520187453,27.2448397749322,26.6978774594807,26.7722519283378
"P11177",7,7,5,5,5,7,0.639652476711415,0.748613288547325,27.2914239812602,27.1169812148918,26.8396838350247,26.8013724582984,27.0862706520403,27.1095750522268
"P11216,P11217,P06737",4,3,3,1,2,4,0.417230189704691,0.567756633217298,24.7620833426787,24.5227566157402,24.4721985397658,23.1975991980354,24.3465796636093,25.0101472376775
"P11233",2,3,3,1,3,3,0.76762208634075,0.846481014717549,23.4623694974405,25.05678809795,25.1838186060277,NA,24.3798121723917,25.1461056472519
"P11234",1,0,1,1,1,0,0.204077123953957,0.362821449523754,22.8033620751384,NA,23.0049626446003,23.0356609243122,23.5221545712895,NA
"P11274",3,4,3,3,4,3,0.55294157761095,0.68244047541561,24.4587846361798,25.4193897498674,25.1402995084224,24.4026681443336,25.49113385311,24.3656715914726
"P11277",8,8,8,10,9,11,0.0279698695508336,0.0963735233314978,26.2652444644389,26.1099289623563,26.3642771553778,26.6174244125495,26.5390868320572,26.9353375170982
"P11279",1,1,2,2,2,2,0.19555629829022,0.35292956759436,24.6438706164104,24.4695327692645,25.6082909623948,25.4338959581943,24.9716060480558,26.2642051835044
"P11310",5,6,6,6,6,6,0.479662885788306,0.625563775004646,27.7989656421167,27.8073291039964,27.7163086016625,28.0921166648022,27.681368010393,27.8711515104828
"P11387",6,4,6,6,4,5,0.555438420222373,0.684285734014168,26.7945111575562,26.5069322158337,26.8918208376791,26.9154313871293,26.5249756800453,27.1337219227961
"P11388",2,3,3,2,2,2,0.930566789720415,0.953773465446985,23.9958297789035,23.27141131484,23.9637794864892,23.5949704624742,23.8469782200536,23.8523352608046
"P11412",15,14,13,11,10,12,0.000577782446386995,0.00584833143459922,29.2016762541082,29.0319968204811,28.9587146044667,27.7640360906577,28.178178311222,28.068167036856
"P11413",24,19,23,22,22,23,0.232887657987325,0.394370265678611,31.0091700984752,30.6989027821365,30.8570619243526,31.0133982062338,31.0233546987146,31.0243718773974
"P11441",5,5,5,5,4,5,0.129502842997446,0.275911410292128,26.7724548224718,27.1488215267112,26.6353275223919,27.0457472949554,27.2283534716329,27.1740828608786
"P11484",2,2,2,2,2,2,0.00109859808688018,0.0086261694876891,28.9895287424635,29.0672901881166,29.0070145432035,28.4242214034675,28.1038217578126,28.2321062480572
"P11491",3,2,3,3,2,3,0.00717479790360919,0.03449044050186,24.7963502993017,24.5808209964295,24.8483053444929,23.6642039627667,23.3461784357398,24.2215079376592
"P11498",3,3,2,4,2,3,0.062578917965027,0.171668685361667,24.0295785702581,24.0349208008721,23.8273236876771,24.8807212995723,24.0247719153268,24.6674942869078
"P11532",0,0,0,0,1,1,NA,NA,NA,NA,NA,NA,27.068016861988,22.5291658077904
"P11586",20,23,22,23,21,22,0.128960923521392,0.27541781248101,29.3330282043991,29.5993874298083,29.403527789907,29.676449348167,29.5484297926472,29.8631966059432
"P11717,Cont_P08169",19,19,22,19,20,21,0.0580315094958022,0.163318782430506,27.7993130701836,27.9640220077564,27.9924810568711,28.111467034694,28.2684495509559,28.2069194428872
"P11745",4,4,4,3,3,4,0.000801809030212842,0.00703433229967497,27.200072046801,26.7407928616358,26.8666788129806,25.8237287172419,25.7653932636745,26.0317644337771
"P11766",6,7,7,6,6,7,0.159024749563379,0.31245851169968,29.5379520951007,29.5132394615703,29.5264928135054,30.0620532169863,29.5094087846081,29.8123940911745
"P11802",1,1,1,1,1,1,0.852619255390789,0.901447190310904,23.6795171741186,23.6016656551591,23.0805619868099,24.196193832892,23.0763286064241,23.2882028673012
"P11908",10,9,8,10,8,9,0.788338866488471,0.861001175226336,27.527064409837,27.8069068002858,27.4509503441503,27.3198542622069,27.5600672946781,28.1035220419958
"P11938",3,2,2,1,1,2,0.0113273062859662,0.0493554644475433,24.9726045592328,24.0945441995589,24.1678566430476,21.1861584811739,21.4964662260506,23.4555609138485
"P11940,Q9H361,Q4VXU2,Q96DU9",22,22,21,21,20,21,0.938149975990135,0.958745562380599,30.9083358646145,31.0555177170971,30.8783871795201,30.9857031498171,30.751446788898,31.1401234414423
"P12004",11,10,10,10,10,11,0.189382815499772,0.346919793718124,30.7907769036388,30.8142267995884,30.7550626657326,30.8556081352322,30.9589641114446,31.0299927742773
"P12081,P49590",5,5,6,4,6,7,0.32026525690103,0.480019137709186,27.9998137051929,27.7371957375544,27.8285806909823,27.910619280243,27.8827044963605,28.3102319532593
"P12235",2,2,2,2,2,2,0.175669039789026,0.332532016397318,24.721361507264,24.932138475765,25.0317556626461,24.9883159204532,25.1012799399864,25.2384211577341
"P12236",4,4,4,4,3,3,0.486764742690128,0.631942090101712,27.606002842422,27.2551891550255,26.7780559414394,27.7206304841136,27.5992332581462,26.9762841649888
"P12268",19,19,17,19,18,18,0.0610344777385438,0.168588348567184,31.2108725180168,31.2708621493487,31.2516985199221,31.5555729735111,31.4473634452261,31.4562995668365
"P12270",53,53,52,52,53,53,0.0751768050595655,0.193214977285486,30.7766426194352,30.753066038983,30.7136226814352,30.9464880950597,31.0685185975706,30.9238301637037
"P12277,P06732",16,18,18,17,17,18,0.316531335509608,0.475631077929787,31.6752341632776,31.7497054300615,31.6980045806567,32.0184935312222,31.703650181392,31.8173071409172
"P12385",5,5,4,4,3,3,0.0152679485775557,0.0617005988975743,27.1979654609834,27.1018268058108,26.3933396209802,26.2954717076021,25.8254928207691,25.5713214167035
"P12611",2,1,2,1,1,2,0.523581429585995,0.660010633260931,23.4342973049397,22.4686252963582,24.0089025773973,22.5391119654424,23.0601169578482,23.4127549874474
"P12612",9,8,9,5,3,5,0.000282092562932315,0.0041160526993273,27.0333405507499,27.0467366687766,27.3309737400199,25.3570192227809,24.9053908549426,25.7048821937427
"P12688",5,6,4,4,2,2,0.0024562513359082,0.0152454674753921,25.6927729946282,26.1007591504721,25.1485376413632,24.1214391526608,23.9120749164695,22.9793738961874
"P12695",9,9,8,7,8,7,0.00156585569236759,0.0111442022910779,28.1792402656953,28.1304178970959,28.0255194414646,27.2542612310689,27.4210665842195,26.9183045728973
"P12709",18,18,19,18,17,18,0.000254079614770175,0.00394817216358208,33.117658642425,32.9755758910338,32.7395860478836,31.8967873295412,31.7999554798464,31.8497695506708
"P12753",0,0,1,0,0,0,NA,NA,NA,NA,27.0579045774131,NA,NA,NA
"P12754",1,1,2,1,1,1,0.00680846831904449,0.0332306768058677,22.0427849725151,21.7031140447265,21.5765882933413,20.9222318048952,21.2612895381533,20.9098139873173
"P12758",0,0,1,2,3,4,0.00679191085203072,0.0332097505969605,NA,NA,23.0851833994097,24.99938737957,25.8602459025268,25.8945975533797
"P12814,P35609,Q08043",9,13,15,16,13,16,0.0983503672586518,0.23139472688704,27.8227440277165,28.2248056264377,28.4956037405148,28.6759177258234,28.4454800081591,28.5979045179167
"P12829",8,9,7,8,8,7,0.538886429982304,0.670960669644997,28.617554591974,29.043670793801,28.9898557522101,28.9192628947496,28.8545938296291,29.2239337943701
"P12882",1,1,1,2,2,2,0.00233964439225538,0.0147220106447849,22.9403354271545,22.9530601137395,23.3580006599056,22.2936247556183,22.3412583435671,22.2270447827412
"P12945",4,5,3,2,1,2,0.000519340474647866,0.0055226835555794,25.7265150407976,25.4379175899169,25.3398021264689,24.2080088663518,23.3973158472969,23.8718750425286
"P12955",0,1,2,1,0,2,0.284219283282463,0.444958260238365,NA,24.2061674688472,24.3633821832393,22.3143711121772,NA,24.3529073863178
"P12956",17,16,17,18,18,19,0.02722217734344,0.0945110905941959,30.6705890196646,30.5899070467229,30.7210106095961,31.0044868626284,30.931395060401,30.9762712254976
"P12962",3,3,2,3,2,2,0.0073071877314782,0.0350898846642143,25.2395850497406,25.1663597420892,25.0245555843799,24.695190305185,24.6443486033907,24.3560294834622
"P13010",20,21,22,21,21,21,0.0534583054289609,0.154157262558103,30.7010299245438,30.8625234374619,30.7345928511391,30.9113722307874,31.1669339950189,31.1411048863148
"P13029",1,1,2,6,6,5,6.05983493800816e-05,0.00223440592869064,21.7666502967819,21.9564758609134,23.2112796141657,26.8392589027464,26.6250465639888,26.3123164291271
"P13073",5,4,5,5,5,4,0.793209527263378,0.863426834496667,29.1058324904643,28.174992272555,28.2454409258679,29.0288849512937,28.4801774183945,28.2861333384177
"P13188",14,14,13,8,14,12,0.00180750454265373,0.0123256139366014,28.1465166083111,28.2450153422204,28.065662874891,26.3138325838727,27.1590033632362,27.0097427248357
"P13298,P30402",5,3,3,2,3,3,0.0035165006874978,0.0200528451704562,27.2867731547131,26.3982960394613,26.5318392231616,24.8262861336347,25.5006473153356,25.461074971267
"P13473",3,3,3,3,3,3,0.0463098361062636,0.138899061352251,25.0941620581168,24.9709937074933,25.0998665003749,25.7053214799189,25.334938953653,25.2837931999632
"P13489",15,14,14,15,15,14,0.0329961079692535,0.108999452973015,30.0535055102834,29.9808504045126,30.0584662988372,30.2790538308088,30.3419537616192,30.3291400415404
"P13517",2,2,3,1,1,1,0.00048071810437508,0.00533585399552096,25.9017629165338,25.5421185118601,26.366232973492,24.4264611988745,24.0204532176288,23.9413101859625
"P13586",3,2,3,0,2,1,0.0605611238510861,0.167765578204101,25.522862953548,24.6644573553018,25.3867206713476,NA,24.6128065388587,22.9714356436402
"P13639",40,40,41,39,40,41,0.717536883364602,0.807450237274127,34.0066900136643,33.9810990025853,33.947753558128,33.793092116838,34.1578714413747,34.1456138296875
"P13663",10,10,10,9,7,9,0.000441882990385064,0.00504053905271577,29.5730188617627,29.4811095370617,29.4943747534658,28.2846436729319,28.2829342981843,28.6914196411054
"P13667",19,20,21,20,21,18,0.023646182013189,0.0850069994831901,29.4798579814601,29.4833576272259,29.5022571778079,29.8091396563641,29.8436208275507,29.7464149762523
"P13674",6,4,6,5,5,5,0.189054742365442,0.346651018758498,25.2847101210834,24.6992327633761,25.5378260851569,25.3014886590276,25.7759180384278,25.5923568117922
"P13693,Q56UQ5",4,4,4,4,4,4,0.342032171652943,0.500639746583819,29.4863888621938,29.3157163851329,29.1901653094338,29.5308518654918,29.5126080383224,29.3548873567098
"P13796,P13797",26,26,24,26,25,25,0.158438690060548,0.311684909036749,30.8400708454463,30.7851769316071,30.7028839914118,31.1156691820485,30.9086484484062,30.8898876241105
"P13798",9,8,8,8,8,8,0.0180559660090949,0.0702227765843911,27.7403904319865,27.6023107016077,27.675597769722,28.0925298330688,27.9518450356736,28.0552887944261
"P13804",9,10,10,10,9,10,0.681122295888502,0.781902343694853,29.89200989443,29.9585666809207,29.8428978603938,29.9005590613706,29.7276934712688,29.9166333204442
"P13807",0,0,0,1,1,0,NA,NA,NA,NA,NA,23.3023380141925,22.6737455696799,NA
"P13861",3,3,5,4,2,4,0.568938483963001,0.695645534168687,25.655769072542,25.7451196475517,26.0991106833842,26.2097945689051,25.7018970734355,25.9392937217005
"P13984",1,3,2,6,4,5,0.00783938674395937,0.0371373648244472,23.774746364331,24.7011428951637,24.4557605149038,25.7271377365456,25.4687133017401,25.1619925846053
"P13987",2,3,2,3,3,3,0.054386219353397,0.156536235135771,23.028896104325,25.2100054467449,23.8624290488692,25.1030434181299,25.5087367112528,25.4653294917758
"P13995",3,6,5,6,3,4,0.969923389016206,0.980605609856955,26.6742078313468,27.1809523126087,26.9946501157889,27.7320406593831,26.4691187136257,26.691325053658
"P14020",11,10,11,8,10,8,0.0106678856161415,0.0474336200592956,29.1217829858439,28.5184879507533,29.169553611344,27.1714204115737,28.2953538569142,27.5292533020975
"P14065",5,4,4,3,2,3,0.0109037095112354,0.0481536522654946,26.3325433931568,25.4721186032479,26.2536450452179,25.2242166588558,24.5530786809234,24.9708705131401
"P14120",2,3,3,3,3,3,0.00509330318523051,0.0269445703484211,29.1985187375748,29.8791905006024,29.6184012290927,28.7573510890615,28.6203339136384,28.7349584262514
"P14126",13,13,13,12,13,13,0.000208478618929925,0.00365799792137814,31.7433998415138,31.7165050322542,31.6629880355655,30.4053407801166,30.5462481877541,30.7817301825705
"P14164",2,2,2,1,1,1,0.000157188245484895,0.00339854396162129,23.8720263588625,23.7928369981541,24.012760435109,20.8179036454975,21.9314405304899,21.2254012887969
"P14174",2,2,2,2,2,2,0.0455224228037828,0.137440961502884,29.9216894233525,29.7934606265765,29.6947077044667,30.2751592139176,29.9540190097533,30.2930271801111
"P14306",4,4,3,2,2,3,0.0104138947372038,0.0465026811312129,26.7759896285741,26.9271925866683,25.7466548685937,24.8442304735104,24.5600845941132,25.5236117748366
"P14314",10,10,10,9,10,10,0.573971418428967,0.699561210492371,28.8631533864653,28.8585811240857,28.5803349120584,28.8282791936259,28.8248090193325,28.8755150211619
"P14317",5,5,5,5,4,4,0.824686957080482,0.883773055720263,25.8234684403375,25.8469561781171,25.8004017979295,25.8808853260679,26.0520407138935,25.6363620229607
"P14324",6,6,6,5,6,6,0.140589347240724,0.289295715882807,28.642438353544,28.8739082009416,28.8028433828863,28.9912373766121,29.0001435770911,28.922581698831
"P14373",3,0,1,2,2,0,0.156114726555107,0.309011624799426,23.496502939958,NA,22.8443097663729,23.8784777330871,23.5476447948727,NA
"P14406",2,2,1,1,1,1,0.116729523024301,0.258128979174435,27.3229867896571,26.8904948291194,26.1386985286066,26.012297432376,26.2823472060455,26.3119719597775
"P14540",12,13,13,12,12,12,0.00119608255196683,0.00917063630600452,34.12028553649,34.0150582362146,34.2752974672701,33.2432026184186,33.4285359518471,33.4431590735002
"P14550",10,8,10,10,10,9,0.274313869449354,0.433617419413705,27.8728585038689,27.529887890753,27.8368153029091,27.8594455772891,27.9901630305737,27.8909999723845
"P14618",25,26,25,25,25,26,0.111710133867593,0.250780829140906,32.4290240508803,32.421666206851,32.3452358989295,32.6619815940227,32.629131775935,32.51377129061
"P14625,Q58FF3",25,25,24,25,24,23,0.620497240670504,0.73448583599866,31.1637539618884,31.0588467587424,30.9580663478659,31.1007831166243,31.1224511288336,31.1314345748937
"P14635",2,2,1,2,3,3,0.0140268130424927,0.0583536670024265,25.4875621497795,25.1454017293896,24.1825189520716,25.836104176786,26.6620263271214,26.5090028730071
"P14678,P63162",8,8,8,8,8,8,0.0671859739480255,0.179346058016906,29.5375981284855,29.6574737397074,29.6574012216178,29.8613864540122,29.8808704810945,29.8221747201807
"P14735",6,5,6,4,5,5,0.922023528338689,0.947571826150282,26.916366025839,26.6452863713372,26.8620330848099,26.7484791878377,26.8955805619119,26.7404238228327
"P14737",1,1,1,1,2,1,0.730762617089714,0.817644094476055,24.7380436201081,24.7908737409839,24.8379936010252,24.8995710953409,25.2681001237212,23.7796971613489
"P14742,Q6P9B9",8,9,9,6,8,9,0.00299399962087399,0.0176696329500998,27.6514341127906,27.8543725963411,27.8946789554788,26.6513610610875,26.8594870109363,27.2174674338761
"P14743",2,2,2,1,1,1,4.92785467416128e-05,0.0019864071962982,24.6773413454082,24.6845957394035,24.7111296233034,22.6373999326389,22.6358776562381,23.1512422700315
"P14747",2,2,2,1,1,1,0.000122721407173495,0.00318408626679894,23.7652168507621,23.1655035236828,23.5714436110313,21.2430714326844,21.7753042105897,21.3459251670613
"P14832",6,5,5,5,5,6,0.00054984814785806,0.00574006235818871,31.9385761371166,31.8546918543567,31.6438247537382,30.8566509845331,31.0034551412769,30.9261095150789
"P14843",1,2,1,1,0,1,0.0181626337350934,0.0704574278056939,25.1605717496557,25.7354326411438,25.071890974683,24.5467134801065,NA,24.261404475735
"P14854",3,3,3,3,3,3,0.157279226717043,0.310152983931873,27.8278617877511,28.0051439690059,27.8666294689861,28.4572294584015,28.0588638364831,27.9829455101189
"P14859",1,3,2,2,2,3,0.399240864632021,0.550896335777381,NA,23.6932586734955,22.8167213960962,22.2101688506372,21.8516442812768,23.810772516578
"P14866",20,20,21,20,20,21,0.150612627954547,0.301295019234676,31.8531817609373,31.7853109176802,31.5622747801601,31.8718171482296,31.9800483075865,31.9791474062932
"P14868",21,21,22,22,22,22,0.0527103716792065,0.15262554727523,30.539575064771,30.7111551933301,30.6412671344238,30.8811142485399,30.9372342503822,30.8676679161865
"P14904",3,3,2,2,2,2,0.000490472539630576,0.00535961337524379,24.316748643221,24.7902756972549,24.4674169249065,22.5782904812218,23.2153672237406,23.0763124880307
"P14906",5,4,5,4,3,3,0.0524326742127487,0.152258344849497,29.7083558543613,26.0632912450193,26.3550209874644,25.4638782769393,24.5640234598017,24.7317428060978
"P14907",4,4,4,3,3,3,0.00595776940430322,0.0300989413315961,25.674162368029,26.1071704132527,25.96551298536,25.0189950889382,25.2914203952161,24.5932480394874
"P14922",3,3,3,1,0,2,0.00312829986009039,0.0183200307596051,24.9930138159576,25.0128634254362,24.8423359225804,22.8583158945119,NA,23.75461617
"P14927",4,4,3,4,3,3,0.62499592264572,0.737619975724604,26.9269614535798,26.9723312894211,26.3544580943473,27.058371715794,27.2462041497994,26.3966635120158
"P15019",16,16,16,12,10,14,0.00043503160413556,0.00498646778408649,31.0475513694144,31.3392610857346,31.1121578684362,29.377953236858,29.2397925204812,29.9803414365481
"P15104",5,5,5,5,5,5,0.0162547260123898,0.0647633712388842,27.1898262652628,27.1178326638311,27.2562539113555,27.5742254265803,27.5362580345709,27.5156422017845
"P15108",26,26,26,25,24,24,0.000407278688404699,0.00483149358643987,31.2956905252567,31.1464139163371,31.2320587139472,30.1967594373816,30.3983147586181,30.4232686180467
"P15153",0,1,0,0,0,0,NA,NA,NA,23.4654178805398,NA,NA,NA,NA
"P15170,Q8IYD1",12,12,16,13,12,14,0.561621074329523,0.688605459379775,29.5510500729016,29.4956435157042,29.7575262508017,29.9108201054816,29.4966533341306,29.6840389789608
"P15180",14,12,12,8,9,9,0.000301546722727319,0.00425055543850128,29.2164507268336,28.9822536907131,28.836890863714,27.4955371493367,27.9143096061298,27.7089370762105
"P15254",1,1,0,3,1,3,0.0454322928902297,0.137350642919303,23.0556296210877,22.2971616252157,NA,24.9463509533335,23.2498208653259,24.8859614642114
"P15274",5,5,5,3,1,1,0.00177140186978569,0.0121520832029509,25.8849430003996,26.1747959073661,25.9959680330512,24.3589045854768,22.6168969877868,22.4378932342439
"P15288",0,2,1,7,7,7,0.000124743773355848,0.00318408626679894,NA,23.7282917282474,22.6907966665933,27.0610281687458,26.9340005906002,27.1260910597915
"P15303",12,12,12,9,9,10,0.000490414935969812,0.00535961337524379,28.0120956217236,27.6874203439975,27.8603490240773,26.9443642018579,26.6807953356019,26.9009590674018
"P15311",12,11,10,11,11,10,0.515407579861656,0.653680672596296,29.9042555090258,29.2774021807526,29.0079991347202,29.6807738000594,29.5796978547576,29.4469364006216
"P15374",6,6,5,6,6,7,0.0736459331580595,0.190599693065851,27.7387248784854,27.6260247866724,27.2796424100056,28.0425738528076,27.7210554105761,28.0299803076429
"P15424",2,3,2,0,1,0,0.004230012174543,0.023080167948872,24.0377053863712,24.0359301827509,23.4284755657805,NA,21.7008367318563,NA
"P15454",6,6,5,5,5,5,0.000134501073734452,0.00321253349935377,28.2736305003037,28.4967894602862,28.3142825226005,27.1645874939914,27.2712524931366,27.3456014524534
"P15496",3,3,3,2,2,1,0.0889680381352044,0.216812067293164,24.5881460730859,25.5344100089483,24.4435858009577,24.0008471133507,24.5735153612947,23.0130725323532
"P15531",8,9,7,7,8,9,0.278870653135288,0.439601907257493,31.1704842178005,31.1440127300283,30.853767318049,31.0892951060283,31.3410101863774,31.2545474167087
"P15559",4,3,4,3,4,3,0.501410269213839,0.643941828273701,26.7060118958445,26.470599654165,26.5946756077572,26.6191460743644,26.9306593156784,26.545600302413
"P15565",2,2,0,1,0,0,0.0114177870338412,0.0495603657929433,24.4182452000049,23.8671488944899,NA,21.9547175067209,NA,NA
"P15624",10,10,10,9,8,5,0.000122870109019929,0.00318408626679894,28.2301222276422,28.3024649122674,28.4036468234498,27.2577390030405,27.2033178735005,26.9922404967057
"P15625",12,10,10,10,8,8,0.000933457686741083,0.00777668168126859,28.7124384944213,28.6188852420301,28.4773327949211,27.915698256357,27.864118459668,27.7329686495235
"P15639",2,3,4,7,7,8,0.0020210695024667,0.013323871488805,23.3506724962636,25.1811967198218,25.4338141414434,27.6362668200661,27.6686682184057,27.5785673771776
"P15640",3,3,3,4,4,5,0.000199749884401924,0.00361755942775396,24.1851120571635,24.3296044845622,23.5667859958773,26.6993195232881,25.9779391323113,26.475325381004
"P15646",4,4,5,3,4,3,0.0124888775231738,0.0529993109402038,27.7956957221229,27.9078778023839,28.3996623692126,26.811561716072,27.5393325525203,26.9126901261971
"P15700",3,2,2,1,2,2,0.0195587887254299,0.0742322746800426,25.2370020355493,25.1815551088538,25.1853703168068,22.6284923755807,24.2567027566111,24.2562983083006
"P15703",3,3,3,3,3,2,0.000789905135520641,0.00694325092147431,26.9209711921426,26.9869447788499,27.1691535628039,26.2531423472626,26.1347229061723,25.9081393757684
"P15705",13,13,14,11,14,14,0.000633000652435569,0.00619688621547439,29.6114341900002,29.8356043127649,29.7928807839359,28.6872167304081,28.8567784503215,28.9816311693721
"P15873",6,6,6,6,5,5,0.0040371466289611,0.0222971706069256,27.428271720234,27.0871203069958,27.0431351989392,26.5709590160993,26.2487179120203,26.0019540025143
"P15880",11,11,12,11,11,12,0.694881472743336,0.792791508129767,31.2575757343938,31.3423606181511,31.2897798446356,31.0770439487124,31.4791599827948,31.5267286535443
"P15891",17,17,16,17,15,12,0.000118766391448497,0.00317641123115064,29.9047238037886,29.8421881412093,29.7661488848698,28.6679792001546,28.8670580226952,28.7972534758913
"P15927",7,7,7,7,8,6,0.0864025595679438,0.212495572102135,28.8256463203579,28.7287766930567,28.7298807237898,28.9653025972058,29.0226330138699,28.943276176508
"P15976,P23769",4,3,4,4,4,4,0.716982891856116,0.807424327980153,25.9693229857625,25.5798573300223,26.0609611541397,25.6365906573381,26.0179112004654,26.194799904044
"P15992",10,10,10,10,10,10,0.000310081843477355,0.00431750198287028,32.4361907891495,32.2668135019068,32.2496661220314,31.5059213342406,31.3806694978794,31.4062250495007
"P16083",3,6,5,3,5,5,0.836842044757385,0.891146920677682,26.2513955208265,27.152814918452,26.4913217001267,26.7419623557267,26.6012017514257,26.7128563467512
"P16120",16,16,17,14,14,15,0.00011906320046619,0.00317641123115064,29.937006064893,29.8662016808,29.9838857989058,28.865709372163,28.9835997573938,28.969877882494
"P16140",20,20,20,18,18,16,0.000234238722194463,0.00386297265858428,30.7183112362981,30.7983151674674,30.6689070472173,29.8306339786836,29.9203192967202,29.7905580056968
"P16150",3,4,3,3,3,4,0.633699900823979,0.743579665414377,26.469879311491,26.9253456568081,26.6575153092411,26.4026110233548,26.9303916790871,27.0567090833021
"P16152,O75828",7,7,6,7,6,7,0.135322204396665,0.283703996533816,26.7921391065653,26.6457587279071,26.1239119743415,27.0060699081194,26.6071916319225,27.2666280733889
"P16157",33,36,35,35,34,35,0.0975498309036856,0.230701051623957,29.1206991407345,29.670038005067,29.5216436767416,29.8131562602382,29.7456210836585,29.7603684661342
"P16220,P18846",2,1,2,2,0,2,0.610647020266327,0.725839423255597,24.4134598969595,24.7718719701795,24.8316981944937,24.5147963048905,NA,25.1037494887945
"P16278",2,3,2,1,2,3,0.0760143041938817,0.194265496999338,23.8071703547486,24.8027828478611,24.4530288335675,NA,25.2899191081469,24.9498541259786
"P16387",7,8,6,5,4,5,6.4953145285368e-05,0.00229702518443294,28.593236252474,28.7810440548588,28.198657557114,26.6885838622282,26.4978323701462,26.7237493340306
"P16403,P10412,P16402,P22492,Q02539",4,3,3,4,3,3,0.0382743938245639,0.121847721303322,28.9222158990809,29.0711857675155,28.9627827039194,29.2859087307165,29.2158076241106,29.5680625604705
"P16451",2,2,2,2,2,2,0.00176991337609921,0.0121520832029509,24.6986553991734,24.6998697550154,24.7511094854056,23.4220495134419,23.9764362438665,23.8822538692126
"P16467",1,0,1,0,0,0,NA,NA,23.1348493498307,NA,23.5059431320821,NA,NA,NA
"P16474",14,12,13,12,10,7,0.00116117170090571,0.0090243020434955,29.7833670874836,29.6573126976755,29.4846175210482,28.4528227374874,28.5318985712294,27.7870215532804
"P16521",27,27,26,25,23,21,0.000111345798000759,0.00309731421024064,32.1565854441473,32.1724384624829,32.1514457570808,31.220108822835,31.2306784369318,31.1036286621474
"P16547",6,5,5,3,5,4,0.00645938473875538,0.0318678878312701,26.5513760035868,26.3501836962864,26.5203425885888,24.4769581039833,25.6200601236149,25.4052700123338
"P16550",5,6,5,4,4,4,0.000407360955589845,0.00483149358643987,28.1174427113014,27.9434692939845,27.959686443534,27.1822196609005,26.8312383283266,26.8772068442519
"P16603",16,16,16,11,12,12,0.000188448159739431,0.00361755942775396,28.5424212531789,28.6270119402892,28.3659886411794,27.0100746158703,27.3061210604083,27.3830946507616
"P16615,Q93084,O14983",3,2,4,4,4,5,0.0185086105452679,0.0715891067007749,24.9062858398137,24.2098776785084,25.3243347802114,25.924769079519,25.5694304944886,25.923489292353
"P16622",2,2,2,2,2,2,0.0056279060492167,0.0289232706003191,24.2102455773069,24.5318313279483,24.3545706905419,23.7905287820691,23.5996036072796,23.8697367922155
"P16649",8,8,9,6,5,6,0.000190450233201417,0.00361755942775396,26.8555224417813,27.0320871554764,27.1791216471273,25.8714508940345,25.5489354538684,25.8210454630563
"P16659",2,0,2,9,9,10,2.41333623589526e-06,0.00047200920217301,22.6115307384001,NA,22.6310160557035,27.0065711049426,26.7819233306106,27.1508827875138
"P16861",24,27,30,21,23,25,4.96384086755797e-05,0.0019864071962982,31.209370016763,31.2709578378173,31.2887674593145,30.0414584397496,30.1242511776567,30.173292930452
"P16862",11,15,15,12,14,12,0.00302175185956312,0.0178103772394405,30.1175541636589,30.3466797273058,30.2299504909948,28.9722792189082,29.5325379024825,29.4587837124925
"P16930",8,8,8,8,8,8,0.0974024494513158,0.230591579863468,27.9163019615818,27.9286490208609,27.9844998229873,28.0570416528033,28.2250840298933,28.1964715013842
"P16949",5,5,5,5,5,5,0.0138468857780261,0.0577417668367049,30.740553263363,30.6522820734242,30.6242210910943,31.1870503106593,31.1339008601764,30.9487071261096
"P16965",2,2,2,2,2,1,0.0374968021071989,0.120126693267585,26.7175724755085,25.7035270089493,26.1596156323479,25.7503955949816,24.7709941088635,23.9419039749044
"P16989",11,9,10,9,10,11,0.488399042398923,0.633156132828612,27.7149819880938,27.9449093969598,27.655117572481,27.6747750594379,27.8463541801921,27.4457406937076
"P17028",3,3,3,2,3,2,0.474831414592053,0.621572715457373,24.4720252837943,24.571105507797,24.0349910370462,23.7990019339027,24.9081660541797,23.4409929374753
"P17066,P48741",1,1,1,1,1,1,0.429005979877104,0.579402216652696,31.3359408399905,31.3672780944224,31.2900558264711,31.2050396024065,31.6357643954781,31.5293767729385
"P17076",10,10,10,9,9,10,0.00712054795868108,0.0343019427534351,26.7408969581503,26.9900172162893,27.0453166718816,26.4568902520472,26.10728282418,26.3443828651519
"P17096",3,3,3,3,3,3,0.624640034514347,0.737476148409537,29.6769746067528,29.6630405847145,29.4268065481024,29.3044724647206,29.6719136976273,29.5575325848605
"P17106",5,5,6,4,4,3,0.00138252058496357,0.0101923927231044,25.8788279305385,25.9927675438612,25.9121401438671,24.8218503930917,25.2709354521419,25.0982808443279
"P17157",1,1,1,1,1,0,0.0418654966923409,0.129661993610443,23.4141424102152,22.9500799851066,22.6861694620373,22.2195722957757,22.3998698247329,NA
"P17169",0,0,0,2,2,2,NA,NA,NA,NA,NA,25.4375804346271,24.882441648641,24.8641982657516
"P17174",13,15,15,15,14,15,0.143133088430795,0.291896803496328,29.6205854236773,29.7499114067482,29.7210106095961,29.8388016134224,29.8338342473603,29.9935707826837
"P17255",31,30,30,29,21,26,0.000212975680929462,0.00368028430454623,31.437307383022,31.2871333185231,31.2552365623417,30.4574815195756,30.3141440536493,30.2921958352544
"P17423",1,3,4,2,2,3,0.833836765389319,0.890024174942928,24.3161272271597,26.0085727976048,26.8525968551637,25.2326812617288,25.3610294871086,26.1403890747736
"P17442",1,2,2,1,0,1,0.163903391365971,0.317776145946264,21.9585276343416,23.4692659247172,23.4495015244321,22.2699061453152,NA,21.8677560851648
"P17480",9,9,8,8,8,9,0.24484690797743,0.40485378549947,27.7440767711792,27.6597995234431,27.7022205308156,27.8136396501364,27.7846205393536,27.9234678174452
"P17505",11,11,9,7,8,10,0.000109457934944722,0.00308238950134457,29.1251127958485,29.0281749897173,29.0596106694818,27.869537295133,27.5837452853601,27.9390069426649
"P17535",1,2,1,2,3,0,0.12318830851671,0.268122644777304,22.5532657748514,23.7186253936539,22.1743264250627,23.3694640855993,24.4753697277879,NA
"P17536",11,11,12,10,11,11,0.00105456742123998,0.00845507306800843,30.0214623006585,30.0198632555924,29.8858928109158,28.4465567510283,29.1030204996055,28.8721532274933
"P17542,P12980",2,1,1,2,1,1,0.694409256946459,0.792791508129767,24.1536319489329,22.956902261241,23.22230442707,23.9974219576751,23.2100851358979,23.5849084255479
"P17555",8,8,8,7,7,7,0.000314122158177377,0.00431750198287028,27.875694755177,27.8562105547421,27.7057554668344,26.9064626208066,26.7350368538886,26.5279120809231
"P17612,P22694",2,4,4,3,3,4,0.0421197846805295,0.130183236932639,23.9599803091815,25.0177253585686,25.5400554867729,25.7971490583346,25.8951143492593,25.9678541276671
"P17649",4,4,6,5,2,3,0.0149016149451177,0.0608060531123674,26.2907717906377,26.5598963204531,26.9196748126464,26.1101733937934,25.0604300681917,25.2716978749312
"P17655",10,8,8,8,7,8,0.588755250877039,0.71177689058118,27.7215961585947,26.9236911340312,26.9730863980533,27.1235893752405,27.0850689068305,26.9993891382779
"P17661",0,0,0,0,1,0,NA,NA,NA,NA,NA,NA,28.4838752923021,NA
"P17695",4,4,4,4,4,3,0.0103613422830007,0.0463814582294448,28.0031353144316,27.3829368320839,27.7500292195065,27.1924982226913,26.588638142907,26.650391160225
"P17709",12,14,14,11,11,14,7.80895756927687e-05,0.00257893277029507,30.7663723935078,30.8850162890622,30.8433367220658,29.7786166188544,29.737670124427,29.8313602349566
"P17812",14,13,13,16,14,14,0.0179780868758661,0.0700393102713077,28.5197038121835,28.2443527240912,28.25369032589,29.0415042956382,28.7123644503121,28.7527137744552
"P17844",18,18,19,19,19,19,0.191947996002858,0.349307701159623,31.5290872447281,31.3892182830039,31.2851262085762,31.6517796570676,31.5851804591462,31.5018205645243
"P17858",5,4,4,5,3,4,0.809664747867019,0.873782310483244,26.6388941705095,26.505501551263,26.1865725363793,26.8139976123348,26.372147130644,26.2969488181299
"P17891",6,7,8,6,7,7,0.0247224211762495,0.0879747936084636,27.4203428242087,27.7903397852278,28.2064374367663,26.5422092340281,27.2138022209527,27.143342392163
"P17967",14,15,15,14,14,14,0.000312940130643795,0.00431750198287028,30.9188463273826,30.8649343800853,30.9210653736466,29.9411233294124,30.1459809564184,30.0451840733379
"P17980",12,13,15,14,16,15,0.104539173542891,0.240984188834093,28.9678401299154,29.0940813238017,29.2958942521208,29.2460606210817,29.4143121246172,29.9242997364085
"P17987",26,25,26,24,25,27,0.14568891044703,0.295130021962412,32.4437110807312,32.3479956202774,32.3358207093285,32.4806369602415,32.6574786073638,32.5521257863885
"P18031",5,4,5,6,5,5,0.14597132950486,0.295439753860325,26.1925797030114,26.4338755066644,26.8029207440282,26.6260285582778,26.7702764988802,27.1311207977421
"P18074",2,2,2,2,1,2,0.934082195549882,0.956299297485551,24.6781878909949,24.4408600872433,24.5286243997056,24.8435012588705,24.2360617601216,24.5199236845085
"P18077",4,4,4,4,4,4,0.389357633491579,0.542879143417572,29.2352928604353,29.1098091350541,29.0270876484228,28.1865389445625,29.2052825878263,29.1497358798765
"P18085",3,3,2,3,2,2,0.589278115058683,0.71177689058118,26.2196004335488,25.8590853234065,25.7459897800429,26.4989252240385,25.8190016558077,25.9108932114425
"P18124",13,13,12,12,13,13,0.330865594157974,0.490386237995023,30.8901844406574,31.1063812865965,31.0357702226539,30.4345013792381,31.0538508806606,30.9274486297069
"P18206",38,37,36,39,35,39,0.156507017943422,0.309352259903765,31.4356880398223,31.4125222659283,31.4141679067865,31.4674142512933,31.6182688361725,31.8001583817691
"P18239",4,5,5,4,4,4,0.00740017107536119,0.0354617441657539,28.1913624844017,28.7097581558997,28.7316969862595,27.5671076872845,27.8457866368957,27.8599742704505
"P18562",3,4,3,2,2,3,0.00378045498229791,0.0211872673577925,26.1308442380259,26.8524299855251,26.4975806905984,23.8627296746668,24.0347656865232,25.3609537416002
"P18583",19,23,24,21,17,21,0.614202906036638,0.728926549776052,29.2270264250718,29.1972165905747,29.2416409578045,29.626415845282,29.0716011993371,29.2386153569308
"P18615",4,3,5,4,4,4,0.573718580781239,0.699452494221894,24.3256520458488,24.7866393859765,27.0917333069059,24.5899626066572,25.2454728326905,25.0472796703821
"P18621",5,5,5,5,5,5,0.84104425247825,0.894369202751929,29.5948782957265,29.4107516404528,29.4065006860853,29.6676425267504,28.9783987552969,29.6292169627248
"P18669,P15259,Q8N0Y7",10,10,11,10,11,9,0.162463166338015,0.316463264233145,30.8349115611852,30.8331438116724,30.9314225913153,31.0987278905762,31.101654367265,30.9377183890891
"P18754",13,15,16,15,16,16,0.0408954109368124,0.12779818819757,29.9775436680047,30.0384190746206,30.0752170397364,30.2923458957816,30.2667015678386,30.3496626516283
"P18759,Q8IYT4",5,4,7,3,2,2,0.550854148355108,0.68100552587734,27.8082479104401,27.8772307606032,27.9937015537591,28.0306108844687,27.6572309825446,27.7146568830461
"P18858",7,8,9,9,5,7,0.378404537564284,0.531000153912109,26.8941583610086,27.1623376925705,27.5179568266302,27.1093103216396,26.8570952979018,27.0600339428629
"P18859",2,2,2,2,2,2,0.225927727919378,0.386602511165868,26.357521134232,26.5157449689628,25.8982267621563,26.5121161568915,26.5594097623846,26.4535546212658
"P18887",4,4,3,3,3,4,0.986949696627859,0.991732272250285,25.433008225145,25.3732429265302,25.1134704675325,25.0767456555156,25.2875388706262,25.5466603077113
"P18899",7,7,6,7,5,6,0.00194635922682799,0.013096299104409,27.6779763011627,27.6116497437317,27.3334037233245,26.643906169518,25.8907465800596,26.4088332859747
"P19073,P17081,Q9H4E5",2,2,2,2,2,2,0.0028771875034112,0.0172027908133183,25.5268630192488,25.6551266047589,25.05387104953,24.1919695047374,24.5607764014732,24.4535992358706
"P19097",38,43,41,34,31,31,0.000130117563317366,0.00318408626679894,30.754595954029,30.8256718892891,30.8787542152347,29.8097320910128,29.5357962912389,29.7425098638258
"P19211",1,1,2,0,0,0,NA,NA,23.6850627622856,22.4683903279991,24.8502630583314,NA,NA,NA
"P19262",5,3,5,1,1,3,0.00160408289464801,0.0113807560892445,26.2615778400547,25.2670274780854,26.4929848968286,24.0580574479152,23.8092825935879,24.2949250070725
"P19338",18,18,17,18,16,17,0.33529914103154,0.494547262006428,32.7462858638751,32.8502478213092,32.6672967877151,32.8135546210606,32.9225286471697,32.8794952734329
"P19358",11,11,12,11,10,9,0.00199044211777946,0.0131823636612216,27.408276065787,27.655466750989,27.7571270361957,26.9503683697461,26.7076869522963,26.5605909187572
"P19367,Q2TB90",18,18,17,17,14,14,0.71725153884889,0.807450237274127,27.8745741128829,27.9875504736231,28.0844962219851,27.9312908074573,28.1212791587928,28.0312264381476
"P19387",5,5,5,5,5,4,0.382624196711872,0.535015444118741,26.4839529710785,26.0804968313587,25.850382832103,26.5957867632911,26.4181300128985,26.0466685635639
"P19388",3,5,5,4,3,4,0.345917213618113,0.503533608336258,26.8297677737387,26.8475106540583,26.9144333214465,26.418234698932,26.9357350001615,26.7403019169607
"P19404",4,5,5,4,5,5,0.0656385984364032,0.17687140346537,26.4201440424104,26.4711328008972,26.3674888864569,26.6153064114946,26.6604941957947,26.6879157687924
"P19414",20,20,19,20,18,17,0.000267322429878227,0.00399613699256041,31.5419645793013,31.7083668303236,31.5020824798982,30.6336937800672,30.6116594322567,30.3727510213466
"P19454",2,2,2,1,1,1,0.000412800124503379,0.00483252725285491,24.6055420215592,24.4267470103933,24.3674051929316,23.2851560258997,22.882961764065,22.5342373519308
"P19524",3,3,6,3,1,4,0.448772982239696,0.59775250948248,23.7630526084568,24.3864458013919,25.2172050851556,22.7916226409327,NA,24.8640640053597
"P19525",4,2,3,4,3,2,0.44992338416587,0.598331373536331,25.5368982683242,24.63606814415,25.5334315195727,25.2635376919107,25.1323746216089,24.5007648657494
"P19623,Q12455",12,11,11,11,12,12,0.405128158495721,0.555505801549915,29.9218808913019,29.6412502791388,29.6515421182572,30.1887765595083,29.6990523134391,29.8022547652138
"P19784",7,7,7,7,8,8,0.0583421202860859,0.163905090291858,26.4252314554793,26.2562412684819,26.4328013310496,27.0426960374395,26.477019884334,26.8438955787882
"P19838",2,2,3,3,1,3,0.989152073032271,0.992851871765285,24.1273062679102,23.4701196535924,24.3549647080347,24.5371012403213,22.992154413402,24.443690741118
"P19882",23,23,25,23,23,23,0.000164135860745778,0.0034506350079366,31.9541445870632,31.946276164571,31.9169909273634,30.9422371773125,31.0698101438111,31.0658219118958
"P19926",3,3,4,7,7,8,1.38491864861466e-06,0.00045670308559307,24.6057962857546,24.375323647974,24.3029933052895,27.0798448941745,27.113402305282,27.2623046898858
"P20020,Q16720,Q01814",3,3,3,3,3,1,0.863709757301253,0.909330003135196,23.480369407927,22.9334003545117,22.8466652135317,23.5007763850813,23.428654863725,22.5081725943367
"P20042",17,17,16,17,17,17,0.114630559279909,0.254350491943066,29.8601091809405,29.7398529410976,29.7371590836911,29.9484132331941,30.0037254622429,29.9725787326384
"P20051",2,1,1,2,2,1,0.110923438511963,0.250116706993847,25.6802719033284,24.1661621983237,24.7551666207966,24.4346783004907,24.0623854697392,23.7721803820539
"P20073",8,8,9,11,9,10,0.0593891397563836,0.166013024245479,28.1633491463666,28.0990268354573,28.3161265922531,28.5360687886063,28.5266851762371,28.3688923876224
"P20081",5,4,5,5,4,4,0.00031341858751316,0.00431750198287028,29.6520305579673,29.4724814486732,29.786635341105,28.7256620825714,28.6050720109493,28.6020027044061
"P20248",1,3,1,2,3,3,0.0724360824675299,0.188722677451097,24.4325066051084,25.5777795519789,24.2198342697318,25.3921963390737,25.8173236322685,25.5257069461012
"P20290",5,4,5,5,5,6,0.0556832670898404,0.158219724941517,29.6082452557815,29.5621032219327,29.6212702258581,30.0139436044141,29.784342900448,29.8264877130517
"P20340,Q9NRW1",1,2,2,2,2,2,0.210114684200273,0.370133470816996,25.4740462070174,24.4806959037591,25.4080882498583,25.5377255584158,25.5187049752918,25.5139174872353
"P20449",9,8,7,7,6,7,0.000321003428415363,0.00438448395338588,27.1206713391246,27.3783254255535,27.2254939305501,26.1518436519228,26.2754941341998,26.3648968967147
"P20459",4,4,4,4,3,5,0.00386164795440051,0.0215047143359524,26.8551214518197,27.0748954846829,27.2709440599957,26.4902608993887,26.2464406730459,26.3218305709333
"P20606",5,5,4,5,4,5,0.00801788737134286,0.0379042509720892,28.6102069876468,28.9900869684247,28.6653940123713,28.020286224611,27.4316003688585,28.1140982017164
"P20618",6,6,6,5,6,6,0.294567371701692,0.454914133277968,29.2616282689497,29.377010249201,29.2947027828717,29.2373327923786,29.6319222197488,29.5647446947792
"P20645",3,3,3,3,3,3,0.361538263447562,0.516063065659504,26.3063631191908,26.3559687153292,26.2859880330452,26.6025989948446,26.6033354562905,26.1936963001341
"P20674",4,4,4,4,4,4,0.064517015036481,0.175090197856292,28.8285427861309,29.2821192988279,28.6483596698133,29.3499616474895,29.4013836296103,29.292611567565
"P20700",26,27,25,27,25,24,0.647658589975133,0.755259263173027,31.3857222879399,31.6138694724658,31.4751094388553,31.5828739644207,31.4832140233349,31.5770835527851
"P20810",7,9,9,9,8,9,0.0488301012536317,0.145189245942202,27.0707758732425,27.3647607938667,27.2165392961652,27.4076669806898,27.6068734685545,27.6756644513944
"P20839",8,7,8,8,7,8,0.00906109389146325,0.0418020457241764,27.3522645821794,27.3751242567719,27.3121100068187,27.8970999056536,27.7054989190991,27.7330911765982
"P20967",2,3,4,2,3,2,0.156085614348871,0.309011624799426,23.9244409279447,25.0317438523985,25.418358316561,24.0369176102846,24.3839617878847,23.9970646111166
"P21127,Q9UQ88",6,6,5,8,7,7,0.00882968972456456,0.0409360208571784,26.7605140327143,26.5572624057151,26.3960771835491,27.1996389323126,27.1023969909705,27.0285334465189
"P21165",0,1,0,1,2,2,0.188414643681733,0.346173018314968,NA,22.7931099353884,NA,23.1679743932105,24.5958283283827,23.6737890234873
"P21242",5,6,6,5,5,5,0.00370539190799518,0.0208691331904617,27.4479053839451,27.5365256782655,27.7234648688342,26.8971674807744,27.0790451192028,26.8831816616119
"P21243",5,5,5,5,5,4,0.000211524427092997,0.00367922167158761,27.2717288589186,27.5934618432184,27.2456686059822,25.8665447945608,26.214923392613,26.0622592701968
"P21264",7,5,8,4,4,5,0.00470504820664193,0.0250460092400239,27.4816341928665,26.9903891887139,27.7868439587094,25.3195517575668,25.6951074640059,26.4680263804925
"P21281,P15313",9,10,9,9,9,10,0.0331552512709898,0.109343904067618,28.4811578629521,28.4800338437039,28.2634677773119,28.737523394911,28.7611482168105,28.7025376438054
"P21283",2,1,1,3,3,3,0.0117674410111212,0.0507401378948346,24.3759374111637,NA,22.9971945998874,25.36008168721,25.3449339197452,25.4518135746465
"P21291",3,3,3,3,2,3,0.583435020906873,0.707692253490337,25.1149885785748,25.452138401099,25.4455163587451,25.7237582381175,25.0010104128107,25.7071293827343
"P21304",3,1,1,1,1,0,0.0315590197161883,0.105396960428442,24.7131835757489,23.4702263341885,23.439663847364,22.6524407512331,22.3395178265506,NA
"P21306",3,3,1,3,2,3,0.535403830639002,0.668259935369785,25.6716748575647,25.9493263368561,24.5590874462011,24.7805996648253,24.9397295436665,25.6180345562894
"P21333",83,81,83,84,85,83,0.099400273319188,0.233023662323811,32.3797815063296,32.3893064349678,32.3862362759712,32.5235108623168,32.6140048122584,32.6204922644225
"P21367",1,1,1,2,3,3,3.83078914001817e-05,0.0017527372113068,22.7809519991483,22.0992562065535,22.6156897649195,25.8427716754604,26.5355543666916,27.0438264749273
"P21399",8,8,10,7,8,9,0.481553913373473,0.627671129374224,26.8097661737183,26.580549258251,28.2707203343163,26.8033641545326,26.7809736619423,27.0431348428703
"P21576",10,10,10,6,6,6,0.000493505699300364,0.00535961337524379,28.495508439005,28.4281206133162,28.0384557347407,26.866296289687,27.1098613682818,26.5138604366564
"P21599",3,3,3,3,4,6,0.832884056177554,0.889602727518283,26.06867915009,26.1168960423534,25.9953724113373,26.4085584874784,25.2497693843232,26.7871985819377
"P21734",3,1,2,1,1,1,0.399555705204435,0.550896335777381,25.6426939424907,NA,21.943232714087,21.8593817612983,NA,NA
"P21796",11,11,12,11,12,12,0.205010051129644,0.363771238138248,30.5679913000095,30.2992408438436,30.3817330013322,30.6636956135574,30.5228071103536,30.5933729024229
"P21825",2,2,1,1,1,1,0.00315505610371096,0.0184294058196279,24.34740701853,24.1072218630447,23.23703720806,22.1636125679574,22.5551076513865,22.4010811424918
"P21827",3,3,2,3,2,2,0.0721305292823986,0.188141494903546,25.1100229416616,24.7534057790058,24.2118390753773,24.5149372274832,23.7524009473112,23.531128919439
"P21912,P21801",7,6,6,7,7,6,0.64028302097621,0.748774965827601,27.8686929707119,28.0536945882294,27.2337048178169,27.9547902276556,27.6322719315875,27.9319790014909
"P21941",1,1,1,1,1,0,0.631175733977803,0.741577839283612,22.8565965456041,22.3409433172436,22.7537585929924,22.8444099159821,22.6705699131855,NA
"P21954,P53982,P41939",10,10,10,10,10,8,0.000567398828614839,0.00584305520573566,28.3700087429102,28.4141520969313,28.3244497520235,27.514073860473,27.6483897686125,27.3309424106662
"P21964",8,8,8,9,9,9,0.0764450027951491,0.19482799036395,27.9805799210583,28.1098091350541,28.3826822279986,29.1190192124986,28.2430827134203,28.7538011647768
"P21965",3,3,5,3,3,4,0.211429633786343,0.372122681069945,25.2674560463832,25.9118007767083,26.4876045681174,25.5164864681699,25.3171565645419,25.505076311911
"P21980",15,13,14,15,14,13,0.253388983354334,0.413510941497477,29.1599983134924,28.9134787913921,28.8648519602403,29.3050328335641,29.1208980634503,29.0467622176937
"P22033,P27253",3,3,3,4,3,3,0.136319790309931,0.285271047428396,24.6295617514045,24.5506691150838,24.5366356607966,25.0654367315759,24.5028449259163,25.3979314891749
"P22059",10,10,11,11,11,11,0.295962382765023,0.456142023707444,27.2968474678598,27.3259395887163,27.1542732378407,27.2952460958211,27.2883744889762,27.8330188668738
"P22061",10,10,10,10,9,10,0.488977174510862,0.633545546753351,30.0618407821204,30.385555218328,30.2893197575567,30.5687843637497,30.0933705287964,30.4626866651274
"P22087",11,10,11,11,11,10,0.887603637280901,0.926389337285626,30.1417297312427,29.8559043909011,29.926933730611,29.8803966088098,30.0855947935386,29.8992675883681
"P22102",33,37,36,33,35,36,0.270698379824015,0.429838499393372,31.9010703043153,32.1084978737857,32.0383462198022,32.1472273188444,32.0733370073354,32.269856851281
"P22106",0,0,0,2,2,1,NA,NA,NA,NA,NA,24.606984969896,24.4693397993729,23.9435991693194
"P22137",30,30,28,23,26,27,0.00035392831818263,0.00452124326382749,30.2096967806069,29.9503448161886,29.8067063672746,28.9272264562155,28.9753210219876,28.8777888163845
"P22138",5,4,4,3,3,2,0.105119417690165,0.241711080394422,25.8125225655405,25.0371189054646,25.1280345754783,24.9033439765162,24.9532288527052,23.5452654020267
"P22141",1,3,1,1,0,1,0.516589116800088,0.654633208567223,25.7790931098628,25.537136860245,25.5494799009091,NA,NA,25.4732143770313
"P22146",5,5,5,4,5,4,0.000260497673794729,0.00398824507770252,28.0668564436332,28.1061667754012,27.9814498709879,26.7172969282782,27.1135201869703,26.9535394417388
"P22147",14,14,12,9,9,9,0.000361081932675086,0.00453789470210397,28.147772241408,28.8135437675261,28.1125220211573,26.6487787042021,26.6944298945499,26.8222899008155
"P22202",7,6,6,3,4,6,0.0930519879919337,0.223894076592406,26.4932940706354,26.2692517174288,26.2435269930019,25.0094746179241,25.0331214758723,26.4538817629998
"P22203",11,10,11,8,8,9,0.000195522945792259,0.00361755942775396,29.9664640361569,29.8785626686412,29.8906323263265,28.7953735672337,28.9428177254541,29.0390771830748
"P22213",2,2,2,2,2,2,0.217187740017663,0.378013889851209,23.7793749137588,23.4735295260202,23.9264698734871,23.6721869252613,23.549737173834,23.0640214787859
"P22217",4,4,4,4,4,4,0.000139145560601961,0.00325529255110844,29.4989562523322,29.6028885643084,29.4840386678743,28.4541094221131,28.555215273872,28.611164614426
"P22234",13,13,13,13,13,14,0.256782654443095,0.416926831327411,31.3096593140754,31.20066658402,30.9722382056271,31.3064073622719,31.3531663926778,31.312734602794
"P22256",3,4,3,6,5,4,0.00106775350412783,0.00850103226148545,24.0620000479504,24.9618044156046,24.7698052120185,28.1244554946403,27.1444241844469,26.6167866994081
"P22259",3,3,3,12,9,11,6.45579979841863e-06,0.000670462048249472,24.8060643327373,24.9008606885184,25.4158246238493,28.491246071569,28.1717960689494,28.1541807964095
"P22307",4,4,5,3,4,5,0.601999277118325,0.721008322975531,26.9503014390462,26.7231086012421,27.3464836792673,26.5642847744847,27.3690894228527,27.6183795177215
"P22314",23,24,24,24,25,24,0.065101335699557,0.176361219395118,30.7257329476458,30.6657359182013,30.6010515631702,31.0148002423411,30.9497503124031,30.811770624315
"P22336",4,4,3,2,1,2,0.000447920893602205,0.00508312218063,25.4618779847554,25.3301335795486,24.8783357870678,23.8531753679536,23.2580513171129,23.6266603239995
"P22392,O60361",4,4,4,4,4,4,0.346184533097858,0.503761990428207,30.8239397965714,31.1071854196316,30.9682197137981,31.1605537891981,31.1181982000932,31.0083260360376
"P22515",27,29,26,20,22,26,0.000169378631579635,0.00349610449907936,30.6534917682033,30.6388498862856,30.471747691987,29.2149270291709,29.2363053648795,29.5637805680767
"P22517",2,2,3,1,1,0,0.358817763832595,0.513787394414406,24.3269635518184,25.0863897315968,25.9447966275264,23.6168008282646,25.2262400792913,NA
"P22570",9,8,9,8,8,8,0.307437166374845,0.46681526564667,27.4039876227645,27.3047847792646,27.1491706479559,27.281747939978,27.611555104597,27.4388460806292
"P22579",0,2,1,0,1,1,0.170376977917679,0.325349423717225,NA,22.9058541395036,21.1037099957353,NA,20.9585724075313,20.7487329819841
"P22626",16,16,16,16,16,16,0.79794151588236,0.8665101631648,33.5382747536952,33.5082072374984,33.4400568544586,33.2722476184977,33.6843619015147,33.6506627996151
"P22695",14,15,13,14,14,14,0.246259479600203,0.406158982623328,29.4871438441781,29.6651535699252,29.3769774771289,29.639158540544,29.707511250764,29.6566380743073
"P22768",4,4,4,2,2,3,0.0261651325186503,0.0920318693524152,25.0137612678533,24.7726074541501,25.0576452475869,23.3962717947843,23.4552406287186,24.6826471245405
"P22803",6,6,6,6,6,6,0.000654153123293406,0.00624200133727354,30.8987213631578,30.9461563244712,30.9547046367963,29.7408595432734,30.1261366239172,30.0806424906685
"P22830",9,8,8,8,8,7,0.290253257212409,0.450539421368836,27.3479011117033,27.1657999644863,27.4061612364141,27.4572752909816,27.5369613594067,27.3578105101486
"P22855",3,3,3,3,0,3,0.0186047806091869,0.071670607938372,24.2945227959086,24.4605396502079,24.5343015639062,23.7089907747758,NA,23.9928136933694
"P22943",3,3,3,3,3,3,0.000771191796811259,0.00683141160592809,32.3629278442253,32.4199844423554,32.333970428414,31.0572986923694,31.4904940579121,31.4993464598926
"P23180",8,8,8,6,7,7,0.0018176228212179,0.0123578286050071,27.9353315432232,27.9510855114006,28.0442699765219,26.8950035054315,27.3046763013053,27.2712760712733
"P23193,Q15560",10,10,10,11,10,9,0.609632811731867,0.725397440388145,28.3961075286406,28.4757230317689,28.5066335971413,28.5534521661109,28.5450687479626,28.4518954657987
"P23201",1,1,2,0,1,2,0.812882988119731,0.875648687556603,23.0821326293968,22.9185910671372,24.2157492409311,NA,23.8460704364522,23.2030147493471
"P23246",18,18,19,18,18,19,0.502223259304667,0.643963110711773,31.9185265279818,31.8649026832998,31.7437226901496,31.79138888374,32.0190742257696,31.9804382065143
"P23248",12,12,11,12,12,12,0.00163505529204559,0.0115466288580681,28.9981802941324,29.0866202506897,29.0519932600563,27.7334795301765,28.2665955613695,28.2194366252837
"P23254",14,13,13,13,12,13,0.000407743321082716,0.00483149358643987,30.4090730405368,30.3219550560992,30.4051933664415,29.2311006075858,29.436013979922,29.5776636198608
"P23258,Q9NRH3",9,7,9,8,7,8,0.261428837108747,0.42083216474598,26.9168784375087,26.7555300789345,27.0357811940943,27.2156587495202,26.9246254505848,27.0870317404247
"P23284",8,8,8,8,8,8,0.111757436572438,0.250780829140906,29.8394628402224,29.9118351416103,29.8728089928541,30.0097152720709,30.0940128851682,30.1029769714623
"P23291",4,4,3,2,2,0,0.00116955124145033,0.0090585615679056,25.4907321521001,24.9255401818594,24.8837293380533,23.3330021531537,23.5166027260056,NA
"P23292",5,5,5,4,4,2,0.000762592522566008,0.00680034305085051,25.9543005962595,25.9954755771575,25.7915298971349,24.3437522418348,24.9300169044284,24.1783185304059
"P23301",4,4,4,4,4,4,0.000578914456096948,0.00584833143459922,30.9406642876052,30.8848912504904,30.8817481835287,30.2486581142786,30.0779430588648,30.0259354356309
"P23337",4,4,3,1,2,1,0.0170355579432687,0.0670545430001655,26.0245472878325,25.6467973682942,25.1870468210937,23.4614088964081,24.5879086650865,21.8614568782733
"P23381",12,12,13,11,12,13,0.0277010912871465,0.0957366503423957,30.1789198803862,30.0834637247645,30.0242592236593,30.4948005280702,30.321433960329,30.4894980571921
"P23396",15,16,15,15,16,15,0.223417356867234,0.383890765359066,31.7979228556304,31.9217726765476,31.8639376656485,31.86280579921,32.1374558169425,32.0977528210909
"P23443",2,1,0,1,1,1,0.00328700883911452,0.0190296120863457,25.8547738370102,25.0569656844592,NA,23.309894819366,22.2376720366137,23.3362271617922
"P23497,Q9H930",1,2,2,2,2,2,0.196353388323026,0.353917091082436,22.3398758933558,23.5675699159509,23.7505106260092,23.8419855574099,23.725628140366,23.7718941614318
"P23526",15,15,15,16,16,15,0.516171801465784,0.654286123447321,30.7985312393429,30.9204617867988,30.8663457082608,30.9031522019214,30.8857962768486,31.0231824387942
"P23528,Q9Y281",9,9,9,9,9,9,0.0812871895660413,0.203307104605417,32.6520497940294,32.5440043776411,32.5777111005113,32.7657580264589,32.8607121066678,32.8120787666122
"P23542",9,8,9,9,6,8,0.000491529412634558,0.00535961337524379,29.2956905252567,29.1062311321089,29.1173202424882,28.3802272934007,28.0559838989419,28.2034746739566
"P23585",1,2,1,2,1,1,0.0615767569736369,0.169633553933413,24.2190811534755,25.041325592967,24.1864460341177,24.2325527308328,23.5134614647784,23.2593641769352
"P23588",11,11,12,11,12,12,0.934288901554822,0.956299297485551,29.5182693860685,29.6105612823365,29.7295823128025,29.1383574975649,29.9125661678018,29.8687835818126
"P23595,P23594",3,3,3,1,1,0,0.00340912841627996,0.0196121612043747,25.243307924631,24.9359285303254,24.5649868511856,23.6868962435489,23.5669189160093,NA
"P23615",4,4,2,2,3,1,0.0271888427019797,0.094467250880755,25.3345008391409,25.3479212362709,24.0723702639917,22.8955285676512,24.2059516400792,22.1148882969458
"P23634",0,0,0,0,0,1,NA,NA,NA,NA,NA,NA,NA,22.8614568782733
"P23638",6,7,6,3,3,3,0.000738944908896985,0.00666218710353369,27.1475539489215,27.7394657369358,27.7588827547518,25.5055003067395,26.0907084255451,26.0906509508751
"P23639",3,4,5,4,3,5,0.0186391614458711,0.0716963360169174,26.6892530006209,26.916466905035,27.5394736974935,25.6251476028129,25.0278273594858,26.4464731817893
"P23641",4,6,4,3,3,4,0.000252623533490728,0.00394681013624898,26.4852664446183,26.6837449784791,26.1844521589619,25.0148158128689,25.1810608197551,25.2110599316035
"P23644",3,3,4,2,3,3,0.00708102656520512,0.0342199610068493,26.3901967601492,26.3468467760908,26.5345748980806,25.3566654428146,25.5446404163863,25.9998373004212
"P23724",5,5,3,4,4,4,0.00386538048125404,0.0215047143359524,26.6178540223699,26.6651098843269,26.2593693157225,25.3898546439094,25.8008158777595,25.7826834707583
"P23776",4,4,4,4,3,3,0.0169033960811096,0.0666493456542973,26.0589390678361,26.1471543455689,26.0645448066046,25.539700785226,25.2884162571915,24.4071141836713
"P23786",1,2,1,1,1,1,0.475292921028357,0.621998366532233,22.4799810871093,24.1805774744457,22.799388850812,22.7469922193825,22.3053163016917,23.2575935809582
"P23847",3,4,5,5,6,6,0.000141296401797664,0.00328874584184156,25.4256095886399,25.6824563852823,26.4186006709095,28.1981039169244,28.4194941644008,28.2238901998563
"P23919",3,4,3,5,5,5,0.0276138817900332,0.0956526414017704,26.1965734274158,26.7339228722688,26.4435593370155,26.7641546553389,27.2624552217535,27.1663908822698
"P23921,P21672,P21524",18,15,15,18,14,16,0.188697399402588,0.346410458697601,29.1075449216607,28.74807030543,28.7111241272281,29.3643797527141,28.9440445211225,29.0571006411932
"P24000",1,1,1,1,1,1,0.000333006221943952,0.00444203036405939,27.9138012339797,27.9278238886805,27.8313139315362,26.5805005172114,26.9445084421724,26.9214262421761
"P24031",2,2,2,1,0,0,0.0504124164997354,0.148293202551585,24.0042448387015,23.6963628153962,24.1665745892523,23.2000027107925,NA,NA
"P24276",7,7,7,3,5,4,0.00196902378169123,0.0131325825907535,26.3455812072243,26.4524894316468,26.3115301163257,24.3866622863133,25.4368102953778,24.8736545000972
"P24280",7,8,7,7,7,5,0.0234116614139224,0.0846307443504864,28.1380810524876,27.9549500671222,27.8409401660173,27.4178767778655,27.112458904862,26.0628248150068
"P24534",5,5,5,5,5,5,0.174657593441489,0.331304757289011,30.9208434691519,30.6060778488178,30.7218973515701,31.0600929307655,30.8949120483747,30.9100779083471
"P24539",5,6,5,4,6,5,0.611771934522838,0.726797803461767,27.6686507049304,28.4970512627214,27.8512508946955,27.5608933842415,28.1334794889829,27.8880868239648
"P24666",5,5,5,5,5,5,0.444438110993274,0.593538250102845,28.4312786917458,28.553428373899,28.2606166004137,28.0638001495443,28.3502057103063,28.4490638018875
"P24752",11,9,12,11,11,12,0.192370349659594,0.34963885862433,28.7181091254151,28.5964276787841,29.0764975383774,28.8601043817415,29.0472477231719,29.3564789230318
"P24783",4,5,5,3,3,2,0.00123902346549391,0.00937863049425644,25.8061196539805,25.7047289241706,25.8466251870348,24.620734738285,24.6229116281519,23.8379149922961
"P24784",1,1,1,1,0,1,0.080298138647855,0.201607104299127,22.5935151310646,23.1124943014883,23.0579218644109,21.6960730258825,NA,22.6206753890903
"P24928",20,18,20,22,19,21,0.0217279468378301,0.0804568940537184,27.4974796268805,27.6879364421554,27.667349901852,28.0421461250864,27.8743112664491,28.1282820826513
"P24941,Q00526",5,4,5,4,5,6,0.201990724982855,0.361082165898035,26.7244236375569,26.5488266730153,26.6830704157906,26.7340395444149,26.7500219497034,27.1524411201427
"P25039",2,2,1,1,2,1,0.0324559208281367,0.107448411333788,24.300739792205,24.5284029779784,23.723824476034,23.2215078252169,23.8018111023285,23.1959204439379
"P25045",4,4,5,2,2,2,9.61617394053699e-05,0.00291525550512484,25.6102703526785,25.4144362618794,25.1576327011888,23.6044046520132,23.9309269026291,23.8268436774621
"P25087",10,9,10,8,9,9,0.000378724601940796,0.0046822266505526,28.9892546887174,28.7649367702163,29.0050881719714,27.6413588328357,27.7062025774448,28.01675505128
"P25098,P35626",2,1,2,2,2,2,0.140362523679452,0.289166696205265,23.3002057108711,21.156329928199,23.8970870018162,23.9672543049253,24.0263755781746,23.958180058268
"P25205,P24279",30,30,30,31,32,31,0.0473245288234517,0.141015349766549,30.8972614737406,30.8600448523896,30.895416786276,31.3194509085897,31.1192992979467,31.0904788132448
"P25293",6,6,7,5,6,5,0.000166440764366003,0.00348304021576928,27.9020088109756,27.7969469095351,28.1460434909572,26.8231313338721,26.7655282990122,26.8251664321367
"P25294",7,7,7,7,5,7,0.000150604278179266,0.00334628409171388,28.6048902649419,28.5508771883697,28.5309988273255,27.4383607820004,27.1381802432901,27.4963538766062
"P25296",2,3,3,2,1,1,0.00760904535103197,0.0362461094455862,24.5719049464724,25.7832085825621,25.6010960512042,23.9734205561171,22.3537987162171,21.653216950389
"P25325",4,4,4,4,5,4,0.439389339548288,0.588691385321377,25.9390696861443,25.4121336088567,25.5611623008961,25.8373443562469,25.7453282290371,25.7434194683179
"P25342",3,3,3,2,2,1,0.000153304115556379,0.00334628409171388,25.6377600556256,25.5164166748479,25.556275531753,23.4193267511404,24.1009470341391,23.3834537767687
"P25343",3,2,5,2,2,3,0.028391465516579,0.0976050231248178,25.5976375220632,25.1685309401434,26.4211563758133,24.9004343384727,24.6080620361968,24.798366372793
"P25349",5,5,3,3,5,3,0.0113269890903653,0.0493554644475433,28.0167043969065,28.1548074768041,27.3678375572276,26.1955565758248,27.2001021497768,26.3756107689224
"P25367",2,2,2,2,1,1,0.00697094829124777,0.0339396649996503,26.2590339378163,25.7831227078573,26.511659588169,24.9831811357488,24.8788399653747,23.6581810672554
"P25369",3,3,3,1,1,3,0.0141077507594971,0.0586152631737938,24.3283509069171,24.5274805386625,24.9261668658638,22.2693382274721,22.7575274398355,23.973113109297
"P25371",2,2,2,1,0,0,0.514441220386222,0.653207075704672,22.0579544642172,23.8423890560877,23.3493256489444,23.6559210112808,NA,NA
"P25372",1,2,2,1,1,2,0.0273568028633901,0.0949062621009776,23.9419676518474,24.7058165877574,24.5566426141622,22.4687461949571,23.1213119869127,23.9392724807638
"P25373",4,4,5,2,5,4,0.152884817401424,0.304686768875435,27.5581091578766,27.7630059063402,28.2146796535541,25.7387984504246,27.8566728189957,27.1964715013842
"P25375",4,4,5,3,4,4,0.290025243377923,0.450526344459582,25.7794876199063,25.6610500925852,26.4613129752588,25.7530265051023,25.6733617891303,25.6660831624544
"P25386",3,3,4,1,1,3,0.317915651445757,0.477082632202482,25.8929347783034,26.0685678647109,26.4098230730314,25.3910835481099,25.7680017095477,26.3111678779631
"P25398",7,7,7,7,7,7,0.0802877463119726,0.201607104299127,31.4453769464037,31.5382916691404,31.5397831890834,31.8928532234278,31.6884974394501,31.6870700930923
"P25437",0,0,0,2,2,2,NA,NA,NA,NA,NA,24.8316137112405,24.5148187576307,24.697290824583
"P25440",2,2,2,3,1,2,0.374100325617404,0.527067846036627,23.9918469802473,23.7658876544168,23.1037903784208,24.0019535131993,21.9813226693543,23.2876690794713
"P25443",7,7,7,7,6,7,0.000180906327874204,0.00358802674542242,30.8651792940369,30.946276164571,30.8338401010503,29.7975292365997,30.0120645798733,29.8963984557535
"P25451",3,4,3,3,2,3,0.000650543452476334,0.00624200133727354,26.2126056357346,26.3725581977222,26.3982634996195,25.6034772572169,25.4292156545639,25.5692914992118
"P25490,O15391",2,2,2,2,1,2,0.455394420471095,0.603751626326398,25.0255454460424,25.1314048109249,24.18846874043,24.8623974478281,24.1676806720844,24.5568301536597
"P25491",8,9,9,8,7,6,6.88531320612889e-05,0.00241621529587384,28.986816364664,29.0384190746206,29.0353203217442,27.8351027998056,27.7275394441463,27.4889721251533
"P25516",1,1,1,3,2,3,0.609639146525241,0.725397440388145,32.2983660846511,32.4103086443292,32.2608090445534,32.140000210975,32.5512881517623,32.5265961198948
"P25526",2,1,2,3,3,3,0.00103731924008866,0.00842037432968767,23.3312600172305,21.7373796850979,23.2512582524632,25.7342362545793,25.3705697681352,25.4982006373164
"P25553",13,12,11,17,18,18,1.01076014486267e-06,0.00045670308559307,28.3486609247772,28.4025297440687,28.2388987699952,30.7348035375177,30.9094124753368,30.8951670786227
"P25555",2,2,2,1,1,0,0.000568877546157233,0.00584508866119211,23.8356332788975,24.3721871672142,24.1116728823947,21.851680959562,22.3354160928484,NA
"P25567",3,3,5,2,2,2,0.00243390707965169,0.015148000132839,26.9268342598358,26.2475538594608,26.9101306190598,25.7307823650162,25.2640703059298,25.2405946970014
"P25574",0,2,1,1,1,0,0.0441802734144375,0.134726208099374,NA,24.5214702638165,23.7047842225461,22.6162229517202,23.2214003113192,NA
"P25605",2,2,2,2,1,2,0.138631703215456,0.287559831052306,25.5858600923159,25.4346137588076,25.7102719823146,25.3035703231673,22.561758198281,25.0513733183392
"P25618",2,2,2,1,2,1,0.0101209224355694,0.0454620370245113,24.9080910462924,25.066769981863,24.9860087567143,22.6011163358813,24.2334607467232,23.5162830989232
"P25619",2,2,3,2,2,2,0.00010693407875842,0.00304717416982713,27.7511339936977,27.9275325528474,27.9146242551473,26.435553276057,26.4798208260151,26.7628010128093
"P25623",6,7,5,3,4,3,0.00825362484729035,0.0388977650344407,25.9967995275728,25.67962203561,25.6468663749205,24.5026251738928,25.1871222895597,24.0918362301114
"P25631",3,2,3,0,0,1,0.000537562731472817,0.00565060179949076,25.1884263522973,24.8695774020338,25.1436590521042,NA,NA,22.5637247667381
"P25655",4,4,4,1,0,1,0.00371267997096092,0.0208843970746285,24.5886607239577,24.2638000742,24.6902257685408,21.2052868652737,NA,22.7136761798471
"P25685",6,7,7,6,8,8,0.0119478155547673,0.0513722286153144,27.1084985100503,27.3446081685674,26.9700581276065,27.6016040898864,27.600495421804,27.7868445028978
"P25694",25,25,25,23,20,23,0.000187763551116276,0.00361755942775396,31.0520046987351,30.8730259342573,30.948482228804,30.0532715218823,29.818965512078,29.9006318390995
"P25705",18,19,19,19,19,19,0.106526910270204,0.243963737275436,31.7553571879866,31.6871550550548,31.7191671713715,31.8765374515035,31.9404772908322,31.9274486297069
"P25719",3,6,4,5,5,4,0.0148999658246539,0.0608060531123674,27.0406471414806,27.8249030114156,27.749280045507,25.6668381534208,26.1090102486368,26.9107415620279
"P25738",1,1,0,2,2,2,0.000131447000997265,0.00318408626679894,23.6656811772112,23.1031688638115,NA,25.9959335117139,25.7586253308207,25.81469134216
"P25786",12,13,13,13,12,13,0.295323676324501,0.455773549185512,30.3585729792818,30.4198765700469,30.4050234977211,30.3084412969338,30.7468944999537,30.6426339734107
"P25787",7,6,7,6,7,7,0.29014607628721,0.450526344459582,28.9906852846872,28.7441604857611,29.1194959878615,29.1217688302248,28.9737959227819,29.3086501745299
"P25788",6,7,6,7,6,6,0.176667460637251,0.333177740978562,29.441798517658,29.7008929027174,29.3791756128477,29.7522048609552,29.6782632992158,29.6918767263651
"P25789",8,7,9,8,9,8,0.31259464976648,0.471579627061733,29.1199483091539,29.5210487341167,29.4438074174184,29.5388434531217,29.6065384839263,29.4327107075757
"P25815",1,2,2,2,2,2,0.0849480654910062,0.209959769073599,24.0934369490781,24.8213007747354,25.2001385745882,25.1760617458658,25.3445724074755,25.4359736082005
"P26038",26,26,27,28,28,27,0.0977210519805492,0.230866617884653,30.9992240756179,31.0339152231804,31.1041754833218,31.1504553416986,31.3969231593598,31.2911039676157
"P26196",12,11,12,11,11,13,0.282520692041569,0.443364085687525,28.6385214091847,28.7571704373157,28.8916753582712,28.8862809563531,28.8327785404214,29.0100208395978
"P26263",1,1,1,1,1,1,0.00237329418244306,0.0148722088740456,28.5150578554049,28.5939514733065,28.448084225298,27.3176344204695,27.8613132963481,27.7186844235172
"P26321",9,9,9,9,9,9,0.00148186698721686,0.0106896507159129,31.8477333520762,31.4442650678274,31.5561302024925,30.6062617885792,30.8294094309244,30.8068313755684
"P26358",13,11,10,13,12,11,0.0393165957107386,0.124470721465919,26.9474201819829,26.4420571639847,26.6163191003272,27.1984329863136,27.1800931193022,26.9755593746993
"P26368",12,11,12,11,11,11,0.391743770172163,0.545190689300003,30.6274109553906,30.141764523048,30.3572703662727,30.7894333650786,30.3688672399902,30.4839570840661
"P26373",4,4,3,5,5,5,0.0109609075131525,0.0483594391441021,29.743733833178,29.9046991631887,29.4831699524051,30.1566781316423,30.2950420689129,30.3378273506297
"P26583",4,4,4,4,4,4,0.0791283269021825,0.199540087122473,29.8122643774072,29.6880511055668,29.698316525962,29.9453938636563,29.9720904461018,29.9496959733056
"P26599",17,16,16,15,15,16,0.0652581621553604,0.176367142033622,31.2726049262009,31.1716955249248,31.5355994402619,31.5250695128978,31.7118487207533,31.7310221370646
"P26637",22,26,26,18,20,20,3.15422671541429e-05,0.00158428390509651,30.2103500863468,30.3379371980953,30.2602222444246,29.0760891933045,28.9711637709067,28.9609342631989
"P26639",22,22,22,22,21,19,0.951864318914542,0.967967289000336,30.8268396870772,30.7717827131584,30.6601083683088,30.8129950942733,30.7504048240157,30.7160678015269
"P26640",28,27,29,27,28,28,0.0387695009790252,0.123080350359299,30.5103756681254,30.4941360314819,30.3997476222805,30.7117443186681,30.7494569297366,30.776909699629
"P26641",16,16,17,16,17,16,0.233677940167962,0.394536921926811,31.9636304091641,32.036928730623,31.9305967446815,32.1146888065976,32.0968552380371,32.1293123442466
"P26646",0,0,0,2,1,1,NA,NA,NA,NA,NA,24.0881086997997,23.0658985275812,23.329371032577
"P26755",1,2,2,0,1,1,0.327437974191103,0.487603032888549,22.6859288412449,25.0018730203772,25.3820333696754,NA,23.9481615738266,22.6936689941263
"P26783",8,9,8,8,7,8,0.000247036986757998,0.00392676910658533,30.7087257998831,30.6391464472694,30.4478698612105,29.6548503181238,29.6532226502378,29.5496060979413
"P26784",5,5,5,5,5,5,0.000299337400043731,0.00424092304037113,28.9923271987956,28.9595169164504,28.986953309303,28.0021797177688,28.1803744944988,28.1789033368726
"P26785",4,4,4,4,4,4,0.000527593091578167,0.00557148074948981,29.7752480373634,29.599783636449,29.6105556050745,28.9126597020365,28.906268884887,28.8236713516464
"P26786",4,4,4,4,4,4,0.000447542414208406,0.00508312218063,30.6148332319954,30.3426793099581,30.3406692118788,29.5586095070456,29.53570832337,29.4996885889112
"P26885",1,1,2,1,1,2,0.181402564696965,0.338331357378394,23.8337893016761,23.6317349368749,24.0370270069301,24.4952157608533,23.7589268029858,24.2988373578447
"P27144",3,3,1,3,2,2,0.701197690471331,0.796529846596168,25.7220653467906,25.8649597370123,23.6475787545157,25.6745227628359,25.2200783481817,25.0946616758477
"P27248",2,2,2,4,4,4,0.000102096219827712,0.00294786680287356,24.16230149633,24.7767106237114,24.8838463655148,27.119077153222,26.7082646642421,27.2975288959852
"P27250",0,1,1,2,1,2,0.000635129106661941,0.00620440896058195,NA,21.8777234585684,21.5118312372098,24.0323962840687,23.5840345611717,24.3887521939438
"P27298",0,0,0,4,2,3,NA,NA,NA,NA,NA,25.0370157427909,24.2631779829248,24.6263964951962
"P27302",2,1,2,4,4,6,0.000130586347077197,0.00318408626679894,24.2882788927594,NA,24.0571610404869,26.4137259490164,26.9445084421724,26.949643251895
"P27306",0,0,0,3,3,3,NA,NA,NA,NA,NA,25.2030758245647,24.9094158701091,25.0820188097053
"P27348",9,9,9,9,9,9,0.226661057044624,0.387276307954148,29.9427101058407,30.0962646219526,29.2901845999292,29.9774017489569,30.1933145550194,30.1112493280773
"P27361,P31152,Q16659",1,1,1,0,0,1,0.326488623184651,0.487063799531844,NA,23.2224721598906,24.5913590933978,NA,NA,24.7961631761949
"P27466",3,3,2,1,1,2,0.00175769017887658,0.0120943930558597,24.3293520565306,24.5033398588118,23.9548949564655,21.5916605478883,21.7037461001234,22.9411235160948
"P27472",9,9,9,8,8,8,0.000266468872627184,0.00399613699256041,27.6276066148526,27.7615356298771,27.6628104446841,26.6029304774219,26.814237342456,26.8038596890198
"P27476",5,4,5,3,3,4,0.00429850981338831,0.0233877991495722,27.8295636813552,27.6651681314974,27.699231176605,26.4399387661175,26.344009874936,27.1520746050461
"P27482",1,0,1,1,1,1,0.0564653524772588,0.1599968559014,23.9748209458845,NA,24.8987480472305,23.3734487455903,23.6466312975868,23.8208610105801
"P27550",8,14,11,16,16,15,1.17488313278023e-05,0.000985943719621891,26.9691994726388,27.4387900668174,27.0573858711368,29.4994372008681,29.5771357199284,29.3450804720027
"P27614",4,3,3,1,1,2,0.00232558438427958,0.0146537513274633,26.0138570738792,25.9798438757697,25.8443418390918,23.2331353125407,24.0731900372945,24.7148182007269
"P27616",7,7,6,6,6,6,0.000249078883816087,0.00393182653276467,29.0611890569404,29.1432706862643,28.819483293697,27.9462595182729,27.6510721896659,27.8716524559292
"P27635,Q96L21",5,6,6,7,7,7,0.023493977644364,0.0848047830882414,29.9449100551367,30.0062479667954,29.7126622110696,30.355677347677,30.1791641916027,30.3493629538726
"P27692",8,8,9,4,5,5,0.000838500857148379,0.00731403615738222,26.4039327941939,26.5870814839395,26.6348640431362,24.0322978368312,25.1014225904084,24.8719640675535
"P27694",14,15,14,14,13,12,0.770784281988264,0.848327598173814,28.9179347121435,29.783836386035,28.7202462099804,29.0694481236831,29.9109223603944,28.8093031137084
"P27695",8,9,9,9,9,9,0.0556870272523514,0.158219724941517,28.7161600590306,28.4324389340401,28.9528697819921,29.0289774643618,29.0865409068125,29.1527159453727
"P27707",2,2,2,1,2,2,0.700808372503631,0.796328853402345,27.4065439746006,27.1099803138679,27.1853070143324,27.1543335945586,27.4142882011116,27.3013350447793
"P27708",45,44,46,44,42,49,0.0671553843108915,0.179346058016906,30.0845816727675,29.9708711908238,30.089134674116,30.3419661138994,30.183943193575,30.6027907737518
"P27797",11,12,13,11,13,12,0.25989273824255,0.419840889469728,30.9468714647991,31.0158149830851,30.9604958096371,31.0227194794344,31.2230505173264,31.0962056948935
"P27809",3,2,3,0,0,2,0.057139068246603,0.16150460306134,24.4707694922969,23.8040530123225,24.7451526199959,NA,NA,23.1353841850274
"P27816",18,19,22,21,20,20,0.297645608830504,0.457962653451858,29.5431889697604,29.5935995684774,29.7049553414315,29.8875229796505,29.5778194009131,29.8337903386469
"P27824",11,9,11,10,11,11,0.0737200096818907,0.190652315288427,27.9509895836053,27.8855038359701,27.9467211305116,28.1054551886642,28.2019880984244,28.1513412953965
"P27999",2,2,2,1,0,0,0.000350103629797828,0.00451809253607854,24.2976739903922,24.5942941155219,24.3633821832393,21.7143514913515,NA,NA
"P28000",3,2,2,1,1,1,0.000359602391942335,0.00453178483989208,25.0731684028802,24.3248928701821,24.5547817669692,22.9518264792098,22.2071363728929,22.231409050107
"P28007",2,1,2,1,1,1,0.00293579655730183,0.0174246288717388,25.8775122990836,25.1478381228754,25.6228778810901,24.5868824991157,24.4788145774913,24.5337760153749
"P28066",9,8,9,9,9,9,0.180451017945167,0.336979700485274,30.5914519171881,30.5798233428541,30.6269911597314,30.6536308378634,30.8080813032229,30.8434700259487
"P28070",3,4,6,5,5,6,0.0164371101277137,0.0653758469072624,27.7360414685619,27.7136777206988,28.2179711364274,28.7502983387607,28.5424443133653,28.3421113021643
"P28072",5,5,5,5,5,5,0.370092777056297,0.52319902352985,28.6263539355177,28.6410281882449,28.5157244525531,28.6225587242983,28.8363540832585,28.6671288098473
"P28074",13,12,12,13,12,12,0.0290956907557702,0.099055627781958,29.6139644716116,29.6247524565424,29.841141077488,29.90974871436,30.2179198958274,30.1865514361362
"P28241",9,9,9,9,9,9,0.00024282650176357,0.0039229226058713,30.491686955539,30.4209980479956,30.4082475881921,29.6461113011858,29.5434727857455,29.6092968318905
"P28272",5,5,6,4,4,6,0.00576552944740512,0.029498088045975,28.0305022285801,28.0009502860696,28.4107032399184,27.3906804292955,26.9655585335183,27.5027641045028
"P28273",3,3,3,1,2,2,0.316332581482855,0.475489040107012,23.9151354947749,25.316224633034,25.1883739893956,24.622174488502,25.4719901890483,26.0151739492421
"P28274",4,3,3,2,1,1,0.000348824992746193,0.00451809253607854,25.27423049825,24.716918115215,24.550807195188,23.3221069341473,23.0923601062243,23.2626272714354
"P28289",1,1,1,1,3,2,0.00834156491105428,0.0392311537363192,23.1516305622046,23.0288206624576,22.9357263232383,23.6659817757346,25.0228652475171,24.5788673676409
"P28321",1,2,1,0,1,2,0.00124091987097291,0.00937863049425644,23.4091395111084,24.01684922795,23.6700101873194,NA,25.1653627241309,25.2295551545936
"P28331",15,15,13,15,14,15,0.100339874727156,0.234623530756168,28.3100738570937,28.083114994997,27.781200667761,28.6121400351997,28.2218618375969,28.4381322564254
"P28340",13,12,13,15,11,13,0.55840969628466,0.686093464705257,27.2215927339348,26.9001283911578,27.1526553224072,27.5537093997821,26.9096331189204,27.1866632772961
"P28482",15,16,14,15,15,17,0.756721713085182,0.838107418085603,29.8838426264001,29.9190581196926,29.6876025337069,30.1004750193037,29.7434517887122,29.7915143049314
"P28495",4,4,5,3,2,3,0.00240092605099429,0.0150041433488164,26.3983660005581,26.4168182727785,26.8926934061925,25.6647756416016,25.1016603097717,25.5422757647761
"P28496",2,2,2,1,2,2,0.00562200688179484,0.0289232706003191,24.7010373620555,24.9134297543247,24.809814988291,23.0719358229226,24.0198495795275,23.8632133992691
"P28625",4,5,5,4,3,1,0.0202985569221819,0.0765305922966889,25.3481290976457,25.7033908799588,25.7844430330122,25.0360341172234,24.0305767315086,23.0992773777295
"P28707",3,4,4,3,3,4,0.000523458976148463,0.00555353453299834,28.086803438951,27.6614355635174,27.7522744101077,26.4749493461931,26.7741294624099,26.7560639323301
"P28777",9,9,9,7,6,7,0.00117836002222229,0.00909590257424379,28.1438379141859,28.1683912265356,28.0603227438664,27.3533396041459,26.7831540018438,27.1497817736922
"P28834",11,11,10,10,10,10,0.00230606270583426,0.0145842569556266,30.4079343703586,30.098854351966,29.9875206517308,29.4612571620295,29.3890444361253,29.3653396303702
"P28838",16,18,19,18,18,18,0.0703062346390348,0.185076192973616,29.6354113135779,29.4921345438232,29.4056519121066,29.7353894956428,29.7978847612679,29.7627710063608
"P29012",0,0,1,2,2,2,0.00578393298059711,0.029498088045975,NA,NA,22.371773082641,24.0718208793542,24.8408965260528,24.632137052881
"P29083",1,2,2,2,2,4,0.0294912086971107,0.100177880920491,23.4024077251769,23.4415675708212,24.1895421507994,24.4818686734845,24.1686794225853,24.7518130364803
"P29084",1,2,2,1,2,1,0.735340143160519,0.821607086235191,21.8385571129705,24.3051137486061,23.9304031922411,23.7463201825515,24.2680154013416,22.842410705499
"P29144",18,20,18,21,19,19,0.0738145635617647,0.190788690633864,28.0738807938227,28.3773658205146,28.2672855222864,28.4683696634428,28.4955456987281,28.5867944701867
"P29218",2,1,2,1,2,2,0.341621318388364,0.500474134389119,27.095656445505,24.6282972187092,25.7538439671405,24.1710180547632,25.3343726515493,25.7362732334586
"P29311",11,11,12,11,12,12,0.00219155104751367,0.0141412388667007,29.7907594311455,29.6860431789506,29.6649400938051,28.5875191473075,28.9019757549145,28.0707871200476
"P29353,P98077",3,2,2,3,2,2,0.739886746347984,0.825474036889094,24.0329860657059,22.9756754647906,22.7975678929742,24.3564688608959,22.9867487069364,22.9936812435838
"P29372",3,3,2,3,1,2,0.83574628595812,0.890648194235295,24.2868524432757,24.3831068175572,23.7318216010338,24.7420526511447,23.2986297901295,24.100903823268
"P29401",20,21,22,20,19,22,0.994959617033197,0.997145380691002,32.1503006615572,31.9481623342317,31.7976765941572,31.923324826521,31.9604803869613,32.0097174390168
"P29453",1,1,1,1,1,1,0.0157425275168861,0.0633869466302159,27.8441850296465,28.4767853504074,28.4140835016356,27.0619929401875,27.5633504684242,27.6218246030345
"P29468",1,1,1,0,0,1,0.0501064094126165,0.147760465249099,21.8615665432675,22.1542332381084,NA,NA,NA,21.1243358425391
"P29509,P38816",8,7,8,7,8,8,0.000703773454506086,0.00643329247800911,29.2885808417697,29.1492171992737,29.2778252967292,28.4345944983914,28.5086022590037,28.577237122651
"P29547",8,9,7,9,7,6,0.0207483725419993,0.0778713092764775,28.680317174528,29.3499445653519,28.4239087787177,28.2817997004961,27.5848510269778,27.3955337646574
"P29590",6,7,5,7,6,8,0.0714037821834297,0.186565895945479,25.8815606069147,26.6647603519107,25.3915574156382,26.598931032696,26.7158937054604,26.7967260144117
"P29692",14,14,14,14,14,12,0.121903846191326,0.266343556668979,31.3683237340735,31.3251841110959,31.2702821043364,31.4808906010882,31.5466847727297,31.496777902817
"P29704",5,5,5,4,4,3,0.000587609916062506,0.00590457364994967,26.8950688659558,26.8277679312909,26.8763177985235,25.9286354060308,25.7401764489351,25.3432435173709
"P29952",6,6,6,6,5,5,0.000181682196008895,0.00358802674542242,27.5818104986207,27.5304635232997,27.4830412093173,26.6994435274175,26.5628843673438,26.5774759766218
"P30038",1,2,2,2,2,2,0.870926033297213,0.91484332578906,23.5836350293935,24.8987617618064,23.7962421148868,24.2696890266548,23.6941934582257,24.5232150485751
"P30040",6,9,9,8,9,9,0.0225211109077017,0.0825231389244459,28.1858988290358,28.1185560005426,28.470433266886,28.8740762383707,28.6531415589533,28.6282620479677
"P30041",16,15,16,16,16,16,0.106217441281115,0.243499480967058,32.3024773786477,32.1928343851653,32.2962515011018,32.5514194795283,32.4615271594943,32.4056486439498
"P30043",8,8,8,8,8,8,0.129609415224908,0.275911410292128,31.6769367933426,31.6234190484269,31.5852459506527,31.8016685001638,31.8067605500351,31.8152469995896
"P30044",4,4,3,5,3,3,0.0445160126293737,0.135478351978121,27.8708103000824,27.7682214542508,27.9336382424745,28.4408661864637,28.1607156256213,28.0648608896611
"P30048",6,6,6,6,6,6,0.208604155724276,0.368571711237083,29.3664491909598,29.3218996378118,29.1101273332088,29.6370965075971,29.4554657113524,29.3114427930816
"P30049",2,3,3,3,3,3,0.193668233267638,0.351018863792994,27.3996863942354,28.333985709119,28.3794350141707,28.2566860177803,28.6749522140092,28.51378912026
"P30050",6,6,6,6,6,6,0.0639401544766219,0.174109407387968,31.0997524055901,30.9657373543509,30.9866127967234,31.2942714578073,31.262189409677,31.2247400553551
"P30084",6,6,6,5,6,6,0.315451982738476,0.474478056463214,27.92186493661,27.9207667511902,27.8628249042814,27.9992866538113,28.0154908667463,28.0218791911528
"P30085",9,9,9,8,9,9,0.230531177124265,0.39125120165212,28.72313511162,28.9712245760162,28.965089023816,28.8998678934316,29.1640487034682,29.1611413658974
"P30086",9,9,9,9,9,9,0.262034453551519,0.421064169461793,30.935378962081,30.7599002300713,30.5637212437401,31.0937244040095,30.9960413584857,30.756561265275
"P30101",16,18,18,19,16,19,0.104390806393547,0.24088299611758,31.0645603652792,30.9865136488284,31.0479518513831,31.2038791388508,31.2453437382391,31.2361859860707
"P30153",18,17,20,17,19,20,0.0963800194188606,0.229600860881902,30.0445210960724,29.9761629012714,29.9464410227462,30.1606241594169,30.1494344470942,30.3288360496079
"P30154",8,9,7,9,8,8,0.243990768689125,0.40461137286797,27.2955673916381,27.1428106365308,27.1404627738604,27.5978670737321,27.4896995910481,27.1207627991374
"P30260",5,5,3,6,5,3,0.560365280535489,0.687755289158704,25.1131116983783,25.3145619602915,24.4052375290328,25.6884589211143,25.3709642704731,24.4947071126909
"P30405",4,5,5,5,5,5,0.114052621033648,0.25343792360229,28.2676669747877,28.1035901501456,28.1219785427489,28.6580839428518,28.3060694867747,28.331104311131
"P30414",0,0,0,0,2,1,NA,NA,NA,NA,NA,NA,23.2414741532516,21.8221516829502
"P30419,O60551",7,8,7,5,6,7,0.640213121710794,0.748774965827601,27.9995113611549,27.483803522776,28.2488902200696,27.1200038884656,28.152650263507,27.9579494300138
"P30520,Q8N142",9,8,8,8,9,8,0.416614565527075,0.567341984458064,28.533761393156,28.4631483389982,28.0391126498499,28.7869738370256,28.5819572951723,28.2249796677011
"P30533",1,2,1,2,2,2,0.00548490135611572,0.0284342272574999,22.9155663000459,23.6030284331143,22.7507673104759,24.4095062945742,23.9848117053622,24.2558208092874
"P30566",11,10,11,9,11,11,0.277222873698858,0.437609255991069,28.2569308244914,27.8622186105338,28.114601132399,28.265088458776,28.2262291774921,28.2406205527552
"P30613",17,19,17,19,20,19,0.0217829287907417,0.0805297578147195,29.3169088086596,29.4861298520191,29.4914017053973,29.8248730110858,29.703307562426,29.8589921293685
"P30622",1,1,1,1,0,1,0.506900446489371,0.648116546212026,23.0686191989154,23.0070588668449,22.9779549928171,23.0423832241164,NA,23.181913585944
"P30624",11,10,11,9,9,8,0.00118089386785227,0.00909872319972687,28.1320804806387,27.8737065875477,27.9465343980442,26.7772257615764,27.1437317462091,26.4785153402004
"P30626",6,5,5,6,6,5,0.152085618546301,0.303543803461429,27.779867938163,27.5652121934929,27.6312670214258,27.8329849264938,27.9555322688563,27.782588762228
"P30656",3,3,3,2,2,3,0.00013613157026243,0.00323454283092296,26.1878108091961,26.2504761837338,26.2293519610428,25.3434348695537,25.1768702760482,25.2394565848414
"P30657",2,2,2,2,1,1,0.0137716073287935,0.0575330335475787,25.1470517508197,25.2647844290635,25.2747420979144,24.7380139342473,24.2334607467232,23.5800122123307
"P30665",2,0,1,2,0,1,0.987551078172159,0.991899607798633,26.3945999141162,NA,22.2658195054868,24.2637473524364,NA,24.3461302555599
"P30740,O75830",7,6,10,9,9,10,0.0472907255775861,0.141006725545718,27.49250362811,27.4258534666628,28.1046357999404,28.107792862417,28.1724751706954,28.3745979353206
"P30822",3,3,3,1,1,2,1.02809726596911e-05,0.000901957639875205,25.925867220736,26.0052083920853,25.932309260149,24.2411816730956,24.0494305700773,24.3263205931778
"P30837",6,6,7,6,6,5,0.448149679795643,0.597096623606228,26.7577993791996,26.9379355437346,27.2627180137357,26.979126505792,27.3947301805719,27.0506263070326
"P30876",16,17,14,16,15,16,0.583763168896214,0.707902067119758,28.1266640809882,28.2653301489462,27.8624785367361,28.2682268003244,28.1301623451755,28.1097166155128
"P31040",17,15,15,15,14,16,0.319356240174958,0.479086868687326,29.5297888097012,29.4193414041457,29.2125846863372,29.4987916349796,29.524847164547,29.5511358130471
"P31116",10,11,12,10,12,11,0.000849786881864264,0.00735325327868639,30.3119743524318,30.4275369918656,30.444981086171,29.0801723092607,29.5786521992991,29.4378127996363
"P31133",0,0,0,1,0,1,NA,NA,NA,NA,NA,24.0801306423762,NA,23.8129999008082
"P31150",3,3,3,3,4,5,0.142476359678652,0.291208401816312,25.1704895894559,24.9825575562316,25.4049657377996,25.2508596683543,25.4917869682525,25.9857145894602
"P31153,Q00266",8,8,8,8,7,8,0.299470658805962,0.459491208498702,29.3794039477102,29.4210152946952,29.2036860444689,29.6423670196025,29.4065400759379,29.4040815785756
"P31323",8,8,6,8,7,7,0.244734707631506,0.404814987750157,26.7606567678162,26.3849187508111,25.8974348207693,26.635942910087,26.5331240745477,26.8077042373723
"P31350,Q7LG56",8,8,7,8,6,9,0.988005545280793,0.992137639791102,27.7455198271044,27.5443369217355,27.6806586789374,27.6869431485121,27.5727267503892,27.7163312268091
"P31373",9,9,9,8,7,8,0.00102925329717835,0.00836979240949669,29.3483285557953,29.5565560755444,29.5401699602288,28.8202119785993,28.7682038919566,28.75062731602
"P31382",5,5,5,5,3,3,0.000229097281717513,0.0038283582388106,26.6161038388239,26.5879420238045,26.535444253359,25.5531434251515,25.1421147633665,25.0537690067987
"P31383",5,5,4,3,2,2,6.19095296357788e-05,0.00224424192522624,26.0681717922585,26.4574756321651,26.5031779625695,24.6320827890701,24.277389341865,24.5846911685577
"P31412",7,6,7,5,7,7,0.00416903926536991,0.0228321214029022,27.6308897324223,27.5110212878581,27.7966151131328,26.4507340283962,27.0111948720331,26.9008499995476
"P31483",3,4,3,4,2,2,0.824274712076321,0.883773055720263,25.3761237456865,25.4561027776252,25.1903939963461,25.8948410763567,25.0956100666121,24.8282207767816
"P31539",30,31,30,29,28,29,0.000159687809007463,0.00342491581323351,31.6360922201264,31.601024887237,31.537266646047,30.6740850812684,30.6627998383206,30.7333208868194
"P31688",11,13,9,9,10,9,0.000365601222150299,0.0045570294411193,28.4459983768044,28.4343882218416,28.0451422753821,27.0514662470673,27.2515701272749,27.1406662052449
"P31689",12,9,13,11,12,11,0.0662727021982943,0.177949421676644,29.6396277630243,29.2600564736207,29.2511410771129,29.7719621435513,29.7557204354667,29.6392382813053
"P31751",3,3,3,3,2,2,0.271752052581111,0.430911666275645,24.3369534902819,24.0132661623204,23.9877157659618,24.1313083449613,23.7774961049202,23.8294132005092
"P31787",6,6,6,6,6,5,7.44927125430488e-05,0.00251730188608436,29.2700503304676,29.258397249699,29.17999555037,28.1703024765771,28.1182863188541,28.2385937805331
"P31930",15,16,12,15,15,13,0.129678400831825,0.275929507740105,29.6696771959442,29.5692796597508,29.5007477251034,29.7748887463436,29.7008775286385,29.8730986553433
"P31937",2,3,3,2,2,3,0.818070099278093,0.879574780322098,24.4861817123563,25.0933326215857,25.1745687972688,24.7626718960141,24.8750067758107,25.2946261715182
"P31939",23,28,29,28,27,29,0.126475780543855,0.272161561717485,30.795573826551,30.9929090995571,31.0587362793835,31.1352096939855,31.1075107023231,31.2907918535939
"P31942",9,9,9,9,9,9,0.255982760793907,0.416245618390306,30.048092342595,30.0922629914015,30.2176229817282,30.0949179866476,30.4096395210563,30.3655569944869
"P31943",16,16,16,16,16,16,0.0676937110345525,0.180037607056679,30.1062256872152,30.1501122682587,30.101242749544,30.3677973060165,30.3870223019566,30.293858046186
"P31946",7,7,7,7,7,7,0.294723069040747,0.455000555317729,30.2908805095513,30.2976448901624,30.2340682387544,30.2518323620737,30.5273489420831,30.4658235616367
"P31947",1,1,1,1,1,1,0.791475913985045,0.86239384535333,29.6825977581923,29.7228847714315,29.304279966347,29.6179124253624,29.7962517464531,29.438526781881
"P31948",23,24,24,23,23,23,0.123512372143366,0.26869978145829,31.8000944775609,31.7625227863171,31.8575896052366,31.9490978324197,32.030044449756,32.0009672730624
"P31949",3,1,2,3,3,2,0.0946766968344174,0.226727081868038,28.3907686396044,27.8822504067405,28.1653876743019,28.4780246847489,28.7017010630768,28.3406646286504
"P32074",9,9,7,8,5,5,0.00316232366719858,0.0184418358308146,27.7821899293658,27.8684547253913,27.4774297361175,27.0089494149495,26.2763156965468,26.5151435293214
"P32119",8,8,8,9,9,8,0.469855495205903,0.61744061224409,31.2334813895617,31.153178350403,30.9938032152416,31.2565806769719,31.2329860979145,31.1633253031756
"P32178",2,3,2,1,0,2,0.0509978679390017,0.149408088052702,24.009539491643,23.506464154498,24.3109644985875,22.5893604941317,NA,23.4098147112104
"P32179",2,2,2,2,1,1,0.0111093239726589,0.0488724551236931,24.4509513618894,24.2524934836001,24.4537122389597,23.864721430677,23.0171704045157,22.5809710019472
"P32263",7,6,7,7,6,6,0.000491450769296112,0.00535961337524379,28.4276875512976,28.2985651260322,28.3566380828817,27.500082478013,27.6526954753965,27.5984762752343
"P32264",2,1,0,0,0,0,NA,NA,24.0940714394151,21.5058398364035,NA,NA,NA,NA
"P32288",6,6,6,4,5,5,0.000740704697304301,0.00666488131972825,28.7503795118322,28.7869177807098,28.8209610733923,27.0145666642557,27.6085472259681,27.7048197218333
"P32319",3,3,3,3,3,3,0.324307226265721,0.484601888707573,24.8761427684735,24.7441273998401,24.861795454199,24.1238434908279,24.5702209087707,25.0153553100553
"P32321",2,2,2,2,2,2,0.529660480189764,0.66377124444115,25.1346819577541,24.967181395472,24.8396436143625,24.9124123292089,25.1133551499096,25.1985139099942
"P32322",7,7,8,8,8,8,0.173785240498739,0.330199194983444,28.5010295356842,28.4287726168423,28.3554430132217,28.5642166842902,28.7249570422669,28.5356949370929
"P32324",28,28,28,27,27,29,0.00110284003833339,0.0086445983760772,33.5965334651781,33.4930084854762,33.4581808849063,32.3895160312994,32.7561027444983,32.7567872690416
"P32327",3,3,3,3,3,2,0.0126401633875943,0.0535417134393735,26.0435594478902,25.8072024258624,25.8120716038168,25.488665285198,24.606521732653,24.5141171464974
"P32337",1,2,2,1,0,1,0.0165578425699392,0.0657414080104985,23.8208150438317,25.0926398342109,24.8889861983621,23.1230856320583,NA,23.0021492339244
"P32340",3,3,4,3,3,3,0.00216055420773167,0.0139723725677594,25.1734088091266,25.2480205849156,25.0490784998518,24.5588615513245,24.5400870038002,24.6101576463965
"P32352",3,3,2,2,2,2,0.00273627497538149,0.0165117545472095,26.7010076117788,26.655056219663,26.2472613614923,25.542433916539,25.7804985930818,25.2519267087898
"P32356,P35172",8,8,8,5,6,5,0.000493222431646865,0.00535961337524379,26.1335140779691,26.3246863853113,26.5989590765923,25.2888115853037,25.320632594923,25.2640864759716
"P32366",4,4,4,1,2,1,0.0136960571371573,0.0572698557834202,26.9814987375892,25.2740107936188,25.4602669755459,24.2085317398245,22.3281529928414,24.0263954244885
"P32368",6,5,7,5,2,4,0.00554171945432056,0.0285987829758036,26.9768373602194,26.9565215526912,27.2283384981772,25.8997060111333,24.6347216505345,25.8638849720655
"P32377",6,6,6,5,4,4,2.21353719600016e-05,0.00131144892053932,27.1654529477675,27.1268272626833,27.0960329417661,25.7500963241193,25.5169949031824,25.4634992221981
"P32379",4,4,4,3,2,3,0.000649987287013062,0.00624200133727354,27.0451071524809,27.1183432920953,27.1049286522456,25.8208248209646,25.4209332332983,26.1124978742746
"P32381",5,6,6,5,3,2,0.0113059954354563,0.0493554644475433,26.7023457672445,26.7762792602634,26.5621376715347,25.9773633975976,24.8795610217144,24.1470255574029
"P32386",5,3,5,2,2,3,0.0257471210432138,0.0908028317864875,25.2837966835915,23.7436420524711,25.5138541468646,23.1675083253768,22.8199555229141,23.7978041742897
"P32419",4,4,4,3,3,3,0.000410640313186151,0.00483252725285491,26.4256635995732,26.3151708396392,26.3751402449485,25.5341841782973,25.1232241078565,25.338902550782
"P32445",3,3,3,3,3,3,0.000607671002270818,0.00603964076766769,26.8149988234895,26.9587092561558,26.976748527297,25.730964354972,26.1046522224781,26.0129554729124
"P32449",6,6,6,4,6,5,0.000922087806974888,0.00771015567345501,27.6858897586057,27.7229407321399,27.7009480445505,26.4556244000999,26.9542822992952,26.7642405888884
"P32454",15,16,18,15,14,16,0.000504425808290346,0.00542733617316169,28.7294204191053,29.0883588304478,28.9872710485491,28.0085741528741,27.9411914428704,28.0191184357482
"P32457",6,6,7,3,4,4,0.000148769617841785,0.00334328569750848,26.5235696538772,26.5384347628909,26.7242820283241,24.7013951878342,25.0629715737655,25.2738218903079
"P32458",5,4,4,3,5,3,0.0142353259327373,0.0589728719842061,25.9000275225106,25.5862204304726,25.3843513515332,24.4500156235576,25.1740245891387,24.1814108171496
"P32463",2,2,2,2,2,2,0.00264700999584525,0.0160580579801144,27.1092833451415,27.4585514674431,26.9202454613614,26.4269106132515,26.1753352057591,26.1121964375411
"P32466",1,1,1,1,0,1,0.000770703142383365,0.00683141160592809,23.2487236856021,23.4916156726388,23.2381361252447,22.2206440704219,NA,22.1134733439005
"P32468",3,5,5,3,3,4,0.00174144768960055,0.012055145862055,26.2261894181593,26.3460186054326,26.822081138766,24.7300845241012,24.5749543220095,25.4215704423772
"P32471",6,7,7,5,5,7,0.000557407689992557,0.00579668085404663,30.9174066714955,31.1512043326835,30.9414131871466,29.6137240920283,29.9301072607971,30.0817253692789
"P32472",1,2,1,0,0,0,NA,NA,23.7299599705933,24.848885656015,23.3809558965244,NA,NA,NA
"P32473",6,6,6,5,4,4,0.000172378319535188,0.00349897459574472,28.5269385440139,28.6471748703922,28.7542227539828,27.6879590484285,27.4791256747089,27.5702930992557
"P32476",2,2,2,2,1,1,0.0147408246723041,0.0603117866861447,25.1268191177989,25.5641006074034,25.0726782944862,23.978947737919,23.8170630742912,21.8579733637558
"P32481",13,14,13,10,10,10,0.000254926478843934,0.00394817216358208,28.8550880309581,28.9331062728368,28.7410941010008,27.6072328343482,27.7601320620708,27.2730468184992
"P32485",2,2,3,2,2,2,0.0243856872678313,0.0871701582727417,25.0918041200094,25.8776631372449,25.6244428924191,24.7645102909301,25.0163233145344,24.7191793446339
"P32492",1,0,1,1,1,0,0.080535271649736,0.201980159024791,24.0849807033442,NA,25.2045178695041,22.8831579066513,23.7964169668175,NA
"P32496",5,5,4,3,3,4,0.00436222211204851,0.0236347473576785,26.5771985310728,26.3531948010391,26.4920895676376,25.2186468175809,24.9916003869815,25.8642430164392
"P32497",6,6,7,5,5,5,0.000395797793470281,0.00478946825944674,27.3502742001103,27.5477529336888,27.7155417060006,26.3049768064733,25.9099046339378,26.3946510176682
"P32499",5,4,5,0,3,3,0.00453102451861195,0.0243469185558395,25.9334841563883,25.6960207743218,25.1591805881888,NA,24.3164193881913,24.1586029376521
"P32501",2,2,4,1,1,2,0.0509035721672814,0.149242992433893,23.9204602323211,23.8947534462061,25.0933028939164,21.5284021049166,21.7707669043193,24.0498002126977
"P32505",2,1,2,2,2,2,0.300054200769951,0.459960261323884,24.3566526663411,23.0885108565404,24.42954486248,23.2133159368619,23.7726074274314,23.5225346924951
"P32521",10,10,10,8,6,5,0.00026052105066974,0.00398824507770252,26.7985486179655,26.8180562925187,26.9102263742147,25.5535550650833,25.655305133956,25.0943946407904
"P32527",7,8,8,6,8,5,0.0241126904842798,0.0864116999130279,28.6640033586101,28.8330660432459,28.6852263460172,27.5426931221167,28.1716262435535,26.3985959588744
"P32558",9,10,9,7,5,5,0.00156332571394471,0.0111435811047121,27.4484371224022,27.5993264652816,27.3628085498141,26.4200982206775,26.5550590450516,25.8558954140545
"P32561",2,1,3,1,0,0,0.146880290770279,0.296097165927535,23.7651030241779,23.0162502325371,26.2811240729076,21.7017294932559,NA,NA
"P32563",12,10,8,8,7,8,0.00699856069253343,0.0340377759907649,28.3873062252429,27.7825214417563,27.4109739525037,27.0016769927734,26.2309202356962,26.3276032125459
"P32565",7,6,8,6,3,7,0.00527861937385272,0.027647602277286,26.947670954631,26.6754410109578,27.1520886230769,25.5573229682293,24.6544303707698,25.9442343540437
"P32566",3,3,3,3,3,2,0.00135312825775779,0.0100373514014489,25.3253432828641,25.4389808508257,25.3509914646275,24.0618241517517,24.6574735542209,24.1222417280634
"P32568",2,1,2,1,0,1,0.0556994472284252,0.158219724941517,24.1767500681749,22.8402445201567,23.9745157344147,21.8693802398101,NA,22.8132409944441
"P32582",20,20,21,21,20,17,0.000190453465102774,0.00361755942775396,30.4121429684875,30.4193586706608,30.5961494851065,29.4194302649178,29.5761095905848,29.4380195150476
"P32588",3,4,2,4,2,3,0.00023635126824394,0.00387854131557142,27.0188541084579,26.9860124439067,26.8774936690288,25.9115829865388,26.1191906936524,26.0220095689073
"P32589",19,19,20,16,18,17,4.17954397400951e-05,0.00181968273368917,31.0318925215211,30.879629820466,31.0069585803245,29.779808239506,29.8034670679932,29.735799429431
"P32590",4,4,4,3,5,6,0.714308414466886,0.80579389334713,25.6871068361114,25.4189476715214,25.6715701144131,24.397785664785,25.941377396548,27.2427305433413
"P32597",1,1,2,0,0,0,NA,NA,22.7785180591744,22.6522097862667,23.1926316372413,NA,NA,NA
"P32598",4,4,4,3,4,3,0.00264228800186324,0.0160507561444742,26.9722841328708,26.5223193847619,26.584031011601,25.9132411953999,25.9593806312479,25.8282207767816
"P32599,P32599",12,11,11,9,9,8,9.77070759261929e-05,0.00291525550512484,29.048326214132,28.739521058179,28.8311875068732,27.3904884283582,27.660381237518,27.385902817178
"P32602",5,5,5,4,5,3,0.0204341823020358,0.0768513929611601,26.5793364333164,26.6925730362355,26.7021099243801,25.6900199078725,26.3299762568809,25.2259377193195
"P32608",1,1,2,1,2,0,0.144194157628522,0.292706544280006,22.2999543100487,22.9830660371826,24.4607900702002,24.2198143790116,24.6430425832581,NA
"P32610",1,1,1,1,0,1,0.56358637178247,0.690593883446583,23.7750855426659,24.3841263100123,23.8969323886941,24.3390639059409,NA,23.1915043905005
"P32614",10,9,11,8,7,9,0.000115719724329312,0.00314234156184716,28.1404962484936,28.1969547383372,28.2583616842922,27.0991244835434,26.7733686456379,27.0417505832499
"P32621",5,5,5,3,0,3,0.00389793722602902,0.0216330774028521,26.1796139586533,26.1151574240807,25.9013131133827,25.1173147145165,NA,25.3232636902501
"P32626",2,3,2,1,2,2,0.0107233948992629,0.047587672694978,24.4805080686067,25.6716189932005,24.3520915420389,22.0174541462359,23.3035649165878,23.3925426299562
"P32628",5,5,6,6,6,5,0.000829323127238813,0.00724783928441277,27.0243333069099,27.3206983852184,27.2983474109567,26.2408409125293,26.4468185541304,26.1464552822102
"P32771",3,3,3,3,3,2,0.0216715609911245,0.0804439879914645,26.0499038561395,25.9495941757452,26.0454038622265,25.5780409657572,25.7712930077066,25.6340280100247
"P32775",5,6,5,5,3,3,0.00855131527325409,0.0397666669486087,26.1611990224856,26.2432216726502,26.3562866945562,25.7274114032876,24.7190735161583,24.6246540140127
"P32780",4,4,1,4,3,4,0.344252999660016,0.502072309606455,25.1439473460546,24.883782935125,23.171312508259,24.9210518861764,24.9781980928477,24.9252705962855
"P32787",3,2,3,1,0,1,0.000404845613732175,0.00483149358643987,24.3252660817916,23.6003015886988,24.1972221058842,21.5198889529106,NA,21.782730822692
"P32790",5,5,3,4,2,2,0.0168859564010335,0.0666381774234557,26.6013561188079,26.3907073280026,25.596604742733,25.3987023892263,24.2345017148695,23.3934111627957
"P32793",1,1,0,0,0,0,NA,NA,23.2119335167426,22.9674912859342,NA,NA,NA,NA
"P32795",2,3,4,0,1,0,0.0950894918888859,0.227303046620004,23.1116531968157,23.9882304124186,24.3693567779174,NA,22.5548298788413,NA
"P32803",2,2,2,1,1,2,0.000905974329960819,0.00763083753416402,25.9876336623411,25.5505177702066,25.0458397349272,22.6973898863132,23.4394383136591,23.7341934522466
"P32832",1,2,1,0,1,2,0.672929764037788,0.775103689265055,22.4464438664217,23.350038773179,22.4590003010584,NA,22.2442675016798,22.9132092991318
"P32835",1,1,1,1,1,1,0.00333757712091326,0.0192490857466577,26.5010209921772,NA,26.3461298086675,25.5276340639814,25.6568266057612,25.7346096484142
"P32836",2,2,2,2,2,2,0.044667599099284,0.13557790225611,24.7016917129769,24.9019683239209,24.6078423301474,24.1081431870068,24.2928784836275,24.5552787493645
"P32843",3,1,3,2,2,2,0.811143236195035,0.874187442362805,23.9033928028817,21.4969452384593,24.2324493550526,23.6797488978861,22.9527229249847,23.5633499462588
"P32861",11,10,11,8,7,7,0.000409720459199425,0.00483252725285491,29.0073818599697,29.3904959595983,29.2529543388162,27.5507054826713,27.9770712756724,28.0362498758719
"P32891",4,6,6,4,5,5,0.0195970028335411,0.0743154837295216,25.6432204678815,26.4545129417839,26.1379300809502,24.6298072956427,25.3763581179722,25.344751756777
"P32895",3,1,2,1,2,1,0.157762600584295,0.310756901496353,25.4807160346414,22.8452544551955,24.5652301099989,22.5343649296893,23.6559851388135,23.2559572537043
"P32897",3,3,3,3,3,1,0.00710664493495416,0.0343019427534351,26.426617459468,26.3351942572077,25.9052194426665,25.3682166189925,25.3695040726678,24.5945433886572
"P32898",0,1,1,0,0,1,0.512369371343047,0.65182071167512,NA,22.7882062625492,23.0659207676444,NA,NA,22.7327823884377
"P32905",8,7,8,8,7,7,0.00585771561652873,0.0296921096028934,27.0486185002492,26.9357160866941,26.8509017369056,26.4866727733312,25.8443099785878,25.8962179195311
"P32911",4,4,5,4,5,4,0.00330975493327338,0.0191127873488521,27.8114206406896,27.4683983389142,27.4590238650734,26.9898122422758,26.8174104744713,26.7312521769345
"P32915",2,2,2,1,1,2,0.0285428274348795,0.0979777116312418,25.429672761358,25.6101135654536,25.546797006955,21.1160239863686,22.7849047862348,24.8267058952058
"P32929",11,12,12,11,11,12,0.170039667195562,0.324841273763047,28.2794200543525,28.2785638706926,28.0734651848608,28.4133007584978,28.4672288909405,28.3158465962552
"P32939",3,3,3,3,2,2,0.00589867858270856,0.0298665612589528,26.0945924192366,25.8953494452124,25.9748820029284,25.5250826312291,24.9185122698023,24.8654954724489
"P32969",7,7,8,7,7,7,0.064680375074262,0.175429174250168,30.3462614017973,29.59857944068,30.4745834172945,30.7453520793924,30.7186938585469,30.6609433543326
"P33136",0,0,0,1,2,2,NA,NA,NA,NA,NA,24.2186900774511,24.8487920754438,24.8250514809362
"P33176,O60282,Q12840",27,25,27,23,27,29,0.402207263728693,0.553126709072514,28.9466676023931,28.7477678104,28.8258930212769,28.8875739988368,28.9694388959075,28.9681092042697
"P33195",4,2,4,10,10,10,3.8926542970859e-07,0.00045670308559307,24.8918144205403,24.745846862389,25.0889443463496,28.270732567417,28.2775261216252,28.3944883474513
"P33201",3,2,3,2,1,1,0.00573610047011904,0.0294300793415476,25.5565644635752,24.7002336240021,25.4872451651017,24.3216075393953,23.4631957601017,23.3172611515728
"P33202",2,1,2,0,0,0,NA,NA,21.8495495389128,22.9076513405126,23.1294171295284,NA,NA,NA
"P33204",2,2,2,2,2,1,0.000542613197003261,0.00568765855264141,25.0685177374058,24.9362374834097,25.1065340996678,23.8973026215211,24.1797103609456,23.6825456156546
"P33221",0,0,0,1,2,2,NA,NA,NA,NA,NA,23.7339033447413,23.9559662154956,24.2298677758612
"P33240",9,9,9,9,9,9,0.511899683910381,0.651404841840769,26.8673680601211,26.9805929872506,26.8688482796163,26.7761385650421,27.1458080646882,27.0914348736117
"P33297",3,3,4,2,1,2,0.00259448653000353,0.0158385122560559,25.6040473137373,25.6868466849813,25.6605922696953,24.1701235265594,23.3440741754716,24.5788128285599
"P33298",3,2,3,2,2,2,0.903614154558911,0.936670705089241,25.433903541636,24.6029797846329,25.4208875673458,23.8024696746338,28.3940995366193,23.7575102432691
"P33299",7,5,6,6,5,6,0.0264692218981387,0.0926727477354634,27.1365969961189,26.3658363350618,26.5888248191049,26.2531001082369,25.6583464747065,25.871607934488
"P33302",18,15,17,13,13,12,0.000464419804444293,0.00523131641450583,28.041469759129,28.1993298105818,28.0510599614919,27.1838824545544,26.9992507018328,27.3067785609961
"P33307",3,3,3,0,1,1,0.00246618970293128,0.0152863551967018,23.5144908697262,23.5640756180985,24.23703720806,NA,22.2560023735902,22.109129509107
"P33309",1,0,2,1,0,0,0.129015314614625,0.27541781248101,22.9853342895143,NA,23.9790509048347,22.2741084641001,NA,NA
"P33316",9,7,9,8,8,9,0.131577040921945,0.278540352986502,30.0587823657635,29.501576202613,30.2324416964397,30.4361300973026,30.1432988034813,30.3835240300976
"P33322",7,7,7,6,4,6,0.00169934794539411,0.0118177215348901,27.333388107369,27.5400237392404,27.3186177641285,26.2199440497516,25.2042701255633,26.0370142912676
"P33324",0,2,2,2,2,1,0.119185787584251,0.262500829246989,NA,24.2497616937492,24.5516913801233,24.2568545470768,23.8808358546129,23.4433912341641
"P33330",9,9,8,7,7,7,0.000283876591771469,0.0041243471708963,28.3856875837168,28.4233417084833,28.308336545479,27.5984490235073,27.4264854313092,27.4800930780588
"P33331",2,2,2,2,2,2,0.00250989760683369,0.0154731795707774,27.636889445001,27.6999266155944,27.7741679812938,27.2060900406715,26.8302345148289,26.9050975477481
"P33333",5,5,4,5,4,4,0.00259676677199377,0.0158385122560559,26.8821380103844,26.6125561680055,26.400037445034,25.9428199666725,25.7275702508864,25.6533982341533
"P33338",6,7,4,4,2,4,0.00574151043708403,0.0294300793415476,25.6057962857546,26.3062645509332,25.5109525827442,24.5350182266171,23.5241423415649,24.5972921500037
"P33399",2,2,2,1,2,2,0.274863688304868,0.43433603950357,23.6699432040654,23.3733855374692,23.9229814376053,22.1589309444358,23.7443846046875,23.4690419328145
"P33401",3,3,4,0,0,0,NA,NA,24.5932843388358,24.9349626252794,25.3955848054943,NA,NA,NA
"P33416",8,5,8,4,4,6,0.0119906550702994,0.0514594246761108,27.5375981284855,26.2303039882945,27.8363618549539,25.7008378399266,25.4588006292093,25.7721088322217
"P33442",2,2,2,2,2,2,0.00230705945965999,0.0145842569556266,28.8266692665418,28.9621742510927,28.9118532402088,27.6373999326389,28.1194607216549,28.1808809247021
"P33570",0,1,1,3,2,3,0.00232011471258004,0.0146395066649933,NA,22.139846073168,23.3018843255332,24.7853391210907,24.9895979628084,25.1042421672134
"P33602",0,0,0,0,2,2,NA,NA,NA,NA,NA,NA,25.4024887566652,24.1644296622158
"P33734",9,10,7,7,5,4,0.00408749642947311,0.0224664562786221,26.9613967504747,27.0010425860626,26.5266021221888,26.0937332489936,25.7750538368799,25.3914872795059
"P33754",2,2,1,1,1,1,0.0124880638220058,0.0529993109402038,24.8467554917778,24.4907219886524,23.6721800618264,23.3768953052705,23.1521568716317,23.098258014888
"P33767",3,3,3,3,3,3,0.0227687071642656,0.0830032224645352,26.1102245840173,26.0099677345231,26.0258641514001,25.2449247368026,25.0488389379013,23.5085162158795
"P33775",4,2,3,1,1,1,0.0628047079017817,0.17187467153445,26.3604813219156,24.354033316684,24.9601582435458,24.5706370521481,22.016888096449,23.5636806752651
"P33892",20,21,19,15,13,12,0.0253872327802516,0.0899196862915433,32.5853454485398,32.6181257131254,32.4840627913942,31.9355905029667,32.2471244908708,32.2671622981251
"P33981",0,0,2,2,0,1,0.393977862046077,0.546901734766143,NA,NA,24.4380708238584,24.3651713924893,NA,23.5426952463615
"P33991",28,29,28,30,30,29,0.0942542529280791,0.225952654680976,30.9220404285177,30.8085029865963,30.7416726671509,31.0857418505012,31.0111474183415,31.0347223140825
"P33992,P29496",21,19,19,19,20,19,0.240336850847743,0.401574729394811,29.9624674768061,29.6821628392995,29.7836331246006,29.9736096231266,30.0280212369059,29.911634980643
"P33993",24,24,26,27,25,26,0.179843653657336,0.33642123052511,30.5988555002199,30.9107301455673,30.770177193966,30.9076873978909,30.9332327823158,31.0237459793221
"P34160",2,2,2,2,2,2,0.05623506476896,0.159542515843281,24.2916018002727,23.9689566949387,24.4920383891831,23.8631725248095,23.828483340142,23.9015696950547
"P34163",2,2,0,0,0,0,NA,NA,23.9729495542054,23.6660415569721,NA,NA,NA,NA
"P34167",8,8,9,8,8,8,0.00197215057679452,0.0131342349362578,28.5533794779217,28.1842889660028,28.5262273150749,27.4362231113925,27.7290789758695,27.3255894771191
"P34216",15,17,16,13,15,14,0.001435610603584,0.0105114600007899,27.9477963246107,28.3133211303593,28.3577619507342,27.187202303471,27.4245863984684,27.3050487600033
"P34217",1,3,1,0,0,1,0.315365457842042,0.474478056463214,22.8675165106278,24.1031688638115,22.9224042745256,NA,NA,22.5868188776223
"P34221",4,4,4,2,4,2,0.06641564441447,0.178228335187537,25.0046787682015,25.908360146126,25.360497716346,23.4498239885007,25.195877563915,24.3417015585966
"P34223",7,6,7,5,5,6,0.00288336151069131,0.0172075548128385,27.1005138189819,26.7358098366228,27.1917811122845,25.5149724559806,25.7417330672082,26.248656435402
"P34227",2,1,2,1,2,1,0.486366564274811,0.631777980131459,25.67003439556,25.0765081005017,23.335929423102,24.7286270722375,24.5690523171311,23.174757795808
"P34730",3,3,3,3,3,3,0.00019537679128961,0.00361755942775396,29.1589969587363,29.1866443870009,29.0874843320302,27.8214231599685,28.129463026189,28.1293996207436
"P34760,Q04120",10,10,9,10,10,10,0.00336421760840784,0.0193782332443896,32.7749875071218,32.3799544034718,32.5933754108471,31.9808093491198,31.872057252161,31.8674586327973
"P34896",4,3,3,3,3,4,0.110982054636761,0.250116706993847,24.8323232860025,24.4106613150288,24.632521195599,25.1491678363332,24.9418023435439,24.751135601265
"P34897",16,17,15,16,17,17,0.0364320101664837,0.117801309627402,30.0851516826686,29.9588042984854,29.8627012111326,30.2530209067305,30.3293217306421,30.2566264972198
"P34909",2,1,1,0,0,1,0.200362024762303,0.359235490786614,23.3702463580097,21.9264035564692,21.8624923930347,NA,NA,21.2379998714
"P34913",4,1,4,4,2,3,0.248656811538966,0.409225243232598,25.2974772422581,24.4475943055715,25.3325322588901,25.8711206697076,24.9629440075384,25.5637357893958
"P34932",28,29,29,29,28,30,0.0371264406320467,0.119191289347922,31.2820824279231,31.3227399198943,31.364670278149,31.5771913623614,31.5711396505662,31.6625123102363
"P34949",2,2,2,2,2,2,0.225508440063842,0.386029832484521,24.2877243299846,24.623173207236,24.4132053952091,24.5872176121322,24.545689166129,24.7584736456695
"P35176",5,6,6,1,4,2,0.000224927836500865,0.00378595668745345,26.7225197273919,27.2907337855302,27.1270132683881,24.0916088960357,25.1134494591132,24.318829440566
"P35180",3,3,3,2,1,2,0.0129386024444608,0.054552591822209,26.2296376572091,26.4127998140324,26.4794962647299,24.8797367487782,22.5215577057513,24.77213268256
"P35191",4,4,4,1,0,0,9.03390856932781e-05,0.00284225454436369,25.5427864882288,25.7039126380163,25.5403772268872,22.1784924821074,NA,NA
"P35194",1,1,1,1,1,0,0.682418155624612,0.782951365071004,22.1385797923232,22.7119465297218,23.4791348358396,22.5456930597642,22.6437088012524,NA
"P35197",5,6,6,4,3,6,0.0070778384930363,0.0342199610068493,25.8567247433804,25.7965215553518,26.107803813059,24.6310430088154,24.2616470011318,25.3240122546105
"P35207",0,2,0,0,0,0,NA,NA,NA,31.0611725256345,NA,NA,NA,NA
"P35219",3,5,4,4,4,3,0.404439447098436,0.554736247042413,26.6361427889349,31.8725845985045,31.7117697728155,31.2240200298847,27.1927567761449,26.7784391660376
"P35232",12,12,12,11,12,12,0.0729364582894133,0.189400410978507,30.5846149636455,30.7359068930351,30.5786339311837,30.935179209227,30.9321471386924,30.7886729765891
"P35236",1,3,3,2,1,3,0.0778402685287124,0.197172295962235,25.0854821852487,25.1753194884877,25.2000445869201,25.4353485421013,25.2709354521419,25.7139741855026
"P35237",11,12,12,12,10,11,0.0263548692202063,0.0924142301172798,28.4698531213858,28.3750886483,28.3843030982116,29.170470222062,28.7154355455594,28.7554307150715
"P35241",4,6,5,6,6,6,0.265050037619501,0.424377458686626,26.5275845387744,27.3419143313176,26.7324282670258,26.8471156684726,27.306842897762,27.4642375135202
"P35244",5,4,4,4,4,5,0.216146826887069,0.376790914886821,28.6963366544967,28.3032136641219,28.2411462259902,28.720248586385,28.5049673037139,28.70360097859
"P35249",10,10,9,10,10,10,0.0752397303259023,0.193267820803359,28.8120061430597,28.4747928608528,28.3221125880631,29.020286224611,28.8900861439945,28.7810488765749
"P35250",9,8,9,9,8,8,0.261251671661867,0.420695420445266,27.6907669016022,27.6393688280083,27.6556888237421,27.6756419926507,27.9318630663038,27.8168086396925
"P35268",4,4,4,4,4,4,0.280659858098934,0.441350457580007,30.1949846577943,30.1520877797761,30.1441110146715,30.0718448266862,30.4482399839498,30.5153750772584
"P35269",5,5,5,5,6,6,0.0140319975233805,0.0583536670024265,26.1891901095793,26.3058611273441,26.3397452501983,26.5820314067667,26.7063901617219,26.7163312268091
"P35270",1,1,2,2,2,2,0.041318332341021,0.128665004873541,23.6968066691489,22.7466397698235,24.1574390984901,24.5341841782973,24.4770565330503,24.427548867261
"P35520",13,13,12,13,11,14,0.248616995755382,0.409225243232598,29.4068176009724,29.4784270852212,29.5079471019614,29.5378902639796,29.5194747365878,29.8804462748546
"P35558",1,0,0,0,0,0,NA,NA,25.9720129472746,NA,NA,NA,NA,NA
"P35573",6,8,7,8,7,6,0.0844314726208063,0.208994236622962,25.6356759325852,26.2814317123592,26.232525938946,26.5751549164915,26.3538226661994,26.513717800338
"P35579",54,58,55,55,53,57,0.208873857501496,0.368762592075009,30.4575348713015,30.5967178196764,30.4352821201283,30.576294836253,30.6001379208628,30.9000862936058
"P35580",36,37,41,40,41,42,0.0423086078368043,0.13067831344042,30.1783857467108,30.0736234021369,30.1704333278517,30.4722983945841,30.407838328462,30.3683205898551
"P35606",15,14,17,13,16,18,0.105006070752156,0.241572211180705,28.3111462391716,28.3162913968246,28.5196837592538,28.6072741409504,28.5285871551663,28.7263674604037
"P35611",7,7,7,6,6,9,0.460619370166229,0.608514593829792,26.773869784375,26.344666358179,26.7403133417199,26.5725000585761,26.6365767214783,27.168476291673
"P35612",4,4,5,2,4,3,0.0205324162194708,0.0771572345907957,25.2406087750301,25.6183919697632,25.3755009429883,23.439244665735,24.8830502756784,24.3357754019511
"P35613",3,4,4,4,4,3,0.166069189572525,0.320738397113253,27.4172676784522,27.6717929411187,27.6187821386766,27.7108988168751,27.7793548171267,27.7881423680804
"P35637",6,6,6,6,6,6,0.835806620161617,0.890648194235295,29.5147616966541,29.4459103053302,29.2739237585628,29.2561855804226,29.4302050323716,29.4652336078714
"P35658",33,32,30,34,29,31,0.143803988740317,0.292522021465242,29.9328319448605,29.4953486970579,29.7284966613237,30.0994916020713,29.8178807789135,30.0632049705207
"P35659",9,9,10,8,9,9,0.314624065795075,0.473545030734785,29.6094939392033,29.1613262961301,29.3411309709101,29.4246433880776,29.9004052328955,29.4367223555637
"P35691",4,4,4,4,4,4,0.000199116900471709,0.00361755942775396,30.6170028469302,30.4338755066644,30.4938796707275,29.3998427069197,29.5742050423994,29.5786355623061
"P35719",10,10,10,10,9,10,0.00129964761170149,0.00970193951224898,29.1456698039761,29.1190238487638,29.112043401452,28.4911117695155,28.0043454190224,28.1527617444883
"P35723",2,2,3,2,3,2,0.0149416074254123,0.0608603688167241,26.1074214700295,26.2119365627285,26.7111516073954,25.2647113986072,25.8784238073424,25.0835187527004
"P35725",1,0,2,0,1,0,0.0727778636376612,0.18928883347492,23.7630526084568,NA,23.0152553996081,NA,22.122699464218,NA
"P35732",7,7,7,6,7,4,0.00155244853489061,0.0111007370159419,27.8123160187305,27.8466377715441,27.7340520095054,26.8032199210867,26.9846312669852,26.3218305709333
"P35749",1,0,1,1,1,1,0.342295313227535,0.500818222881338,25.2128351698651,NA,24.7816194471662,25.3182603579642,25.289251367655,25.0212672612097
"P35813",0,1,1,1,1,0,0.766761311325713,0.845968311383101,NA,23.3298396618454,23.4586441757497,23.2597501738311,23.4215732053382,NA
"P35844",7,6,7,4,3,5,0.000144083693843962,0.00329553331825233,27.6048107622807,27.5691395930265,27.630395425225,26.3176546162411,25.8926161754041,26.3549789193655
"P35845",2,2,2,0,0,1,0.0115850373981498,0.0500956783036581,23.4865959822919,23.3233582764498,23.4579106996627,NA,NA,22.5542361552847
"P35914",1,1,3,1,1,2,0.60116675768006,0.720636851969267,20.8538803501224,21.0075587866553,24.5671261223557,22.7895738869801,21.5509632919214,24.047437333356
"P38711,P35997",3,3,3,3,3,3,0.000153231552327732,0.00334628409171388,30.8217182935525,30.9719310868241,30.888872016602,29.8969309540026,29.9586196538444,29.9888324431073
"P35998",16,16,13,13,15,16,0.167669846636101,0.32233874435478,29.6942645272096,29.6179075566587,29.3766829841649,29.7245962392209,29.773808774845,29.7986151928091
"P36006",1,2,4,1,2,2,0.0775129255549004,0.196561404325434,NA,22.9479059599923,23.797650713666,NA,22.0118375576315,NA
"P36008",8,8,8,6,7,6,0.000131914139505699,0.00318408626679894,30.2132211222016,30.1283068416404,29.8286566842948,28.7913797944372,28.7978114070012,28.8183974633215
"P36010",5,6,6,5,4,4,0.000980173525482293,0.00805684977162202,28.6306554716374,28.3148070280017,28.7047345390678,27.7076659717024,27.2785252725801,27.3348230160859
"P36013",6,6,6,3,4,4,2.59412426849111e-05,0.00141328027078534,26.4516588081062,26.2315474806685,26.2566154626327,24.7224774417427,24.6778328890414,24.8966774218496
"P36015",4,5,5,4,4,4,0.00191819587939746,0.012925863518185,26.2986966483882,26.4659261967549,26.7769011554619,25.3648977883573,25.7359559826169,25.5697580843769
"P36016",2,2,2,1,1,2,0.012864579671928,0.0543409374660514,24.1532840810571,23.8857437985533,24.0101896765477,22.4367029688129,22.3749741773891,23.5663237814228
"P36017,P61020,P20339,P36019",1,1,1,1,0,0,0.79227331687994,0.862819496683286,23.7345016950201,22.9523729379313,23.9774432821743,23.6916415444214,NA,NA
"P36018",3,2,3,2,2,2,0.00118271434840816,0.00909872319972687,26.304876147483,25.6612837236266,25.7806560727364,24.8120205520593,24.7714125499067,24.6978433599883
"P36037",3,3,3,0,1,3,0.21476595684101,0.375531734422647,24.1989980723817,24.3909609292174,24.4887591860589,NA,22.7052486467347,24.462790106902
"P36041",1,2,2,1,1,1,0.478225576154608,0.624760904472314,23.004129102122,23.3964727722638,24.8571538167847,21.3139824202015,24.745784599985,23.0229038432412
"P36046",3,3,2,2,3,2,0.261010191177939,0.420695420445266,24.8708103000824,25.064616626251,23.632799752969,23.155102344579,24.6887605239461,23.7118868520675
"P36047",1,1,2,0,0,0,NA,NA,24.0858012193616,24.303378337393,25.7610611298384,NA,NA,NA
"P36049",2,2,1,1,1,1,0.00973050001795699,0.0441696926188257,24.0331751352352,24.1269795179777,23.8718210626658,22.2945444228279,23.3801884785384,23.0337512855375
"P36059",3,3,3,2,2,2,0.580080977564553,0.704373015610725,27.2219037824913,25.6732416920598,26.2686454909865,26.313893330206,26.0012397821703,26.1518179890652
"P36060",6,7,9,7,7,7,0.000223236722971786,0.00377187381554552,28.2201402866258,28.3386677690899,28.4697837260885,27.071605335477,27.1209273820509,27.3805156876227
"P36105",1,1,1,1,1,1,0.000850323861315299,0.00735325327868639,27.2086770325496,27.1975589410351,27.2034711760334,25.3654058690249,25.9024192884113,26.1634298672139
"P36114",5,8,8,4,4,5,0.0011131072403282,0.00871011188743951,26.8660419316695,27.083812370257,27.0519281657914,25.6373028435685,25.8614536841301,26.2204595435713
"P36136",4,5,5,3,3,3,0.000767298778684709,0.00682342500654901,25.8266351800188,26.2274193696357,26.2983327776028,24.393883074181,24.9439252030219,24.87174149469
"P36139",5,5,6,4,5,4,0.00613098235063266,0.0307408563621706,26.8871150840045,26.7867036356833,27.3139206637507,25.3850441807756,26.1709920520533,26.0717078706802
"P36147",2,2,1,2,0,0,0.508672314833613,0.649108559516347,25.3482810682609,25.3252762636967,23.6912068600719,24.1899409556677,NA,NA
"P36148",3,2,3,2,2,3,0.00516787814388393,0.0271611291387079,24.8941063147942,25.0444815344561,25.2356929493164,24.1028090507884,23.8045006257774,24.4956896191162
"P36404",2,3,3,3,3,2,0.0145485486220471,0.0596856823864917,24.0730764558395,24.171814420647,24.2962679873808,24.8912358616394,24.9187821190523,24.46196236496
"P36405",4,4,3,3,4,4,0.187092108479249,0.344575776698559,25.8558164302679,25.5844721417786,24.9434498177542,25.8436415210833,25.7278166811278,25.9435144568893
"P36421",4,4,4,4,3,4,0.00187094841384008,0.0126636003916001,27.3175638458112,27.140466287971,27.1385023681131,26.5200539521063,26.0518930959216,26.4019907911661
"P36507",4,2,3,4,3,3,0.0985998986670312,0.231862235937627,25.6720998582111,24.7818769498801,25.666658556985,26.2664492450573,25.7888783733568,25.812768042003
"P36542",6,6,6,6,6,6,0.553928097828376,0.683347750755287,29.1661265943841,29.102020448932,28.7973142250252,28.9064626208066,29.3244924086948,29.1558269779343
"P36543",1,3,2,1,2,2,0.496575785178063,0.640299245896643,25.0937542291273,25.8271849905483,25.3136600691675,25.6108138507181,25.515532609719,25.5605909187572
"P36551",6,8,10,9,10,10,0.0414152821352275,0.128858146918151,27.4563897703145,27.9169072508024,28.0524922185356,28.1669995121569,28.3223266777309,28.4454042225062
"P36578",15,15,15,15,15,15,0.0441166811308824,0.134724269544471,31.4521317192678,31.4814155493739,31.485469299115,31.8339736542872,31.7026220802963,31.6990371810668
"P36639",1,2,1,2,2,2,0.273342204033493,0.432831355362997,23.5582405448847,24.111400314675,23.8459445666252,23.8630618250173,24.1999245217242,24.1312695598624
"P36683",11,12,12,21,18,18,2.37925481073339e-06,0.00047200920217301,27.6449535466297,27.5399602137768,27.3713891940507,30.1924982226913,29.9626986526292,29.9569268835309
"P36775",5,7,6,3,4,4,0.00108940594092355,0.00858354041881386,26.1022269392418,26.2739344051763,26.1084382509482,24.0531168725255,24.6270792623671,25.0407214156187
"P36776",22,25,25,23,25,24,0.220691810329373,0.38123042570092,29.7606567678162,29.882450829766,29.8813819088157,29.9627704632609,30.1350916579948,29.9148791196453
"P36873",2,2,2,2,2,2,0.126966193356808,0.27257401133824,26.6468698870549,26.7949253593111,26.6835186665448,26.9143634162906,26.839528880456,26.9572153674658
"P36915",7,7,7,5,6,7,0.65934089321345,0.764205577957256,26.2945819441675,26.2090309280185,26.3599369564357,26.0841489298439,26.4114144964747,26.5956489124836
"P36957",5,4,4,5,3,4,0.432422924988119,0.581235528519681,26.5386139878091,25.5247867169494,25.847805502115,26.8142839181585,25.6169701638003,26.4968013559487
"P36959",2,2,2,1,3,2,0.779635353824786,0.855483490526892,24.3385607795465,25.3290163735757,24.1943311843784,24.512680812492,25.6063207022003,24.1645023475593
"P36969",3,3,2,3,2,2,0.754133897526696,0.836202045006909,26.1964890185612,26.0925532123929,25.4024083942828,26.0370402748746,25.7243010700798,25.6854104961683
"P37012",20,20,21,18,18,19,0.000110197877919439,0.00308418846054283,30.6377445136135,30.5784322718905,30.6181521184388,29.5108757857217,29.6017984985724,29.6853218462538
"P37095",0,0,0,3,3,5,NA,NA,NA,NA,NA,24.8210527888944,25.7190735161583,25.7479861926943
"P37108",3,3,3,3,3,3,0.0967127355543519,0.22967386756843,28.5161573416541,28.3747681324974,28.432334665983,28.5986568058361,28.6491218327541,28.7239959485681
"P37198",7,8,6,7,8,6,0.563510554513542,0.690593883446583,28.0405883651248,28.145610485853,27.8489049268417,28.1773866932666,28.3254850100023,27.8455398697239
"P37235,P84074,P61601",4,4,5,4,4,5,0.770481229621409,0.84819868955909,25.741750414175,26.1545419613076,26.0904662658916,25.5630586590288,25.9397295436665,26.2770692910772
"P37291",23,23,25,20,21,22,0.00019213675549609,0.00361755942775396,32.5880374904662,32.3912004005502,32.5420636414587,31.452949159129,31.5694219006494,31.5777659604326
"P37292",7,6,6,5,6,5,0.0044228389763109,0.0239063879264577,27.2149410052277,26.8654667819832,26.7192628149813,26.0712939374577,26.2404511596288,25.7126575291538
"P37302",6,6,6,5,4,4,7.39078370980898e-05,0.00251730188608436,29.1013030086461,29.0459540354595,29.1179214906906,27.9039763155957,28.0444063122568,27.7986590977693
"P37303",0,1,1,0,1,0,0.00230223649990371,0.0145842569556266,NA,22.4556233167586,22.6821555521663,NA,25.2969117869898,NA
"P37304",1,2,1,1,0,1,0.512588111221644,0.6519171907982,22.005575142457,24.097447842082,23.5007636223067,23.537031854964,NA,23.7912289527472
"P37330",3,3,4,6,6,5,0.144274920001257,0.292706544280006,23.3557005270253,26.3326588030276,26.2328781725028,26.7390548343632,26.6820517408275,26.6594452201426
"P37647",4,6,5,6,6,6,2.4346821844824e-06,0.00047200920217301,26.7279903609904,26.4075172477571,26.674414331994,28.9762827486585,29.00774249968,28.9918821331089
"P37685",2,2,1,5,4,4,0.000675257538086763,0.0063125510015406,25.4535671819045,24.1817505562619,23.4586441757497,28.0640409398379,27.564126969078,27.6661986699504
"P37769",6,5,5,8,9,9,3.30184356454862e-06,0.000529887954657544,26.5446444344494,26.1657834971507,26.2077468945743,28.7685125498271,28.90122484899,28.9070808954486
"P37802",9,10,9,9,10,9,0.159037409944467,0.31245851169968,31.0549174698455,31.2281804917171,31.0928305097278,31.3042431601723,31.319966152893,31.2790910150192
"P37837",10,11,10,11,10,9,0.511632787025228,0.651246867859679,31.3673867669739,31.3299223322519,31.1735280628908,31.2820325998494,31.4694065790298,31.3700943954567
"P37898",6,7,5,4,3,4,0.00106640229431122,0.00850103226148545,25.9883895554105,26.0438724017166,25.634330857853,24.8400746283296,24.2459890950116,24.7362487828651
"P37902",3,1,1,3,3,4,0.0744071183259747,0.191560538263598,25.927826073774,22.1792468275947,22.7506988657501,25.4441814722151,25.7763052711416,26.10672195225
"P37903",0,0,2,2,2,3,0.0103257869991523,0.0462733205207591,NA,NA,22.3691004345241,24.1532928685599,24.6784704879562,25.2269821414507
"P38009",19,19,20,18,18,19,0.000421981477284008,0.00488598857708031,30.9058374116414,30.9871544712036,30.8266922385882,30.0083708451536,29.7989663036959,30.0968009397923
"P38011",9,10,10,10,9,10,0.000123788635819459,0.00318408626679894,30.6947875067358,30.8173095525479,30.6918559089873,29.7541461753493,29.7402108042248,29.8044865832697
"P38013",8,8,7,6,6,6,0.000339426787765188,0.0044797590065946,32.3216511035216,32.3142221384526,32.2447149556099,30.9158817003195,31.2856569578486,31.3209096921905
"P38061",4,4,4,4,4,4,0.00404857084192974,0.0223062562571057,30.0664379344231,30.3340956189714,30.3741166201178,28.8265416261112,29.4743603688375,29.4510763450247
"P38069",2,4,4,0,2,1,0.137045723868184,0.285872241557685,24.4138955809897,25.3358530387899,25.7059099227032,NA,24.8311809863666,23.2044294337524
"P38071",5,5,5,3,3,3,4.18822198679008e-05,0.00181968273368917,27.5003031569073,27.5605227348786,27.4353985624199,26.2508808208448,26.3683388010663,26.2424206972491
"P38074",2,1,1,1,0,1,0.53051749076814,0.664530695465199,24.298067406184,22.8334434401493,23.0613751070977,23.5410506997112,NA,22.4740943374373
"P38075",5,6,6,5,4,5,2.53693541149416e-05,0.00141140235941907,27.5365148676536,27.3034382139225,27.365814092761,25.9179646538748,26.0218607250974,25.8832258273231
"P38077",6,4,4,4,4,3,0.0593423542722222,0.165983948614272,27.6410046673584,27.1947371610173,27.2930697888257,26.8997329927778,27.092025135485,27.0298306996259
"P38079",1,1,1,1,1,1,0.0031894096248782,0.0185351423040692,26.0005269860056,25.8538411943621,25.8889084585711,25.4492415565259,25.1920871567126,25.0918744487172
"P38081",8,5,6,7,6,6,0.175614604424479,0.332532016397318,26.217189394035,25.637968740599,25.8709357745113,24.8204257903879,25.6322225656431,25.8350637928588
"P38088",20,21,19,18,16,17,9.19682179912595e-05,0.0028736918525762,30.4197328385891,30.4801331720829,30.4961141805859,29.4344780985107,29.2797338460128,29.4609862018696
"P38113",1,1,2,1,1,1,0.00293958830934015,0.0174246288717388,23.5681911082544,22.8549936797611,23.9302521088772,22.1123777145629,21.364552088688,21.8860672556179
"P38115",6,6,5,3,4,2,0.00278353268077079,0.0167526069784648,27.8649137632689,27.5728700597858,27.7414439594278,25.2431394859424,25.3399047896163,23.0440595790177
"P38116",2,2,2,2,2,3,0.477451081057826,0.624106542058968,23.9145198354309,24.0791684793579,23.8990182690598,22.7847665326278,23.3129578174561,24.6877640578673
"P38117",9,8,8,8,9,8,0.135539997533459,0.284030072920367,29.3007545159117,29.2147925849218,29.0869549764699,29.402939438102,29.4154121772478,29.3686952415773
"P38130",2,2,2,1,0,0,0.00240893426290707,0.0150335952221369,23.286392508943,23.4174269931976,23.252225530435,21.9452951787183,NA,NA
"P38131",2,2,1,1,1,1,0.0496760557935573,0.146871138386396,25.8025748108481,25.3531658780122,24.0721648737851,24.1234738533571,23.9872840144985,23.7494890759146
"P38137",5,4,5,2,2,1,0.00752864483842162,0.036001758650817,25.2051363149496,25.0731054749145,25.5430473742471,24.3683726113201,22.8936983333785,22.4710885259907
"P38143",6,6,6,5,6,6,0.000565445040330206,0.0058361092171638,26.6014517501908,26.5230908794545,26.5033049212567,25.6509924358383,25.8525542155187,25.7879064794204
"P38144",3,3,2,2,2,2,0.345764569219875,0.503472060255688,23.8822429680099,24.0772086759736,23.1715681692628,22.8856666955267,23.6643778037901,23.5827343819766
"P38159,O75526,Q8N7X1",10,10,9,10,10,10,0.672991169044034,0.775103689265055,29.5871926798945,29.4042581395662,29.2207533535196,29.3758210793492,29.5642994680369,29.4589504049043
"P38166",1,1,2,0,1,1,0.906681804935936,0.938544487140644,23.8594995682529,23.4920360383296,23.6190867939498,NA,23.6779604313693,23.6764419750138
"P38174",4,4,4,3,1,4,0.054605566380049,0.156821766800032,25.814916349998,25.9422488820049,25.9913953032614,24.6576452336981,22.8899595258811,25.5007936514282
"P38197",3,3,2,2,2,2,0.000705095624507793,0.00643329247800911,26.129253225076,25.9444583193197,25.5704987491354,24.7323285483692,24.8242257325445,24.6603990510941
"P38199",1,2,1,2,2,1,0.36414136942212,0.517964600060911,24.2604477705865,25.5741114082025,24.5484959320803,24.1255979766445,25.0853574169886,23.7552919732235
"P38203",2,2,1,2,1,1,0.035990882399205,0.116944733265793,24.8459485100249,25.0542640075632,24.0412302585414,24.2192955794707,23.4370439234902,23.1611113137064
"P38205",3,3,2,3,2,2,0.00399437981021065,0.0220877099323406,25.6092878818022,25.5192550520132,25.5618207484021,25.0281569748538,24.5571753751651,24.3248905087632
"P38219",12,11,11,10,11,10,0.000160742193691211,0.00342491581323351,29.5841311286846,29.4275198229542,29.3371122696409,28.376645241063,28.4349059463206,28.2272866222022
"P38221",1,1,1,0,1,1,0.00468249030850655,0.0249842348390724,23.4176660079297,24.047416097355,23.6690145697605,NA,22.5709353455044,22.6048216720564
"P38227",2,1,1,1,1,1,0.243860789815135,0.404542881140599,28.296995095902,26.9274839911549,27.0243255783637,27.9086094888231,29.0837458298734,27.4342564187492
"P38230",4,4,4,2,4,2,0.0128369914136387,0.0542746569314364,25.7835391883287,25.7449873872802,26.0509557418566,23.8727710359972,25.2933364357992,24.5086879959644
"P38234",2,3,3,3,2,1,0.0110526595686779,0.0486701090273247,25.1087676444679,25.8556185793507,25.5558593920795,24.6157499714097,23.9369078796799,22.9476764217104
"P38248",3,3,3,3,3,3,0.00221773278864915,0.0142296722669725,28.3336279928122,28.4874645594454,28.5118173545906,27.0940634229374,27.6569883700761,27.6292827956227
"P38249",19,19,18,15,15,14,0.00249551008077064,0.0154261747811323,28.7954170885378,28.7095040036854,28.5917531793822,27.8788062779037,28.0104354255999,27.4463386710399
"P38250",4,6,6,3,2,2,0.00100628889983033,0.00822704294090672,25.306382674396,26.0674400432505,26.0135093776104,24.5008475361695,24.1335841167645,24.032780100687
"P38264",3,3,3,3,3,3,0.00144723500551193,0.0105299618742351,28.2059017622105,28.4784768056084,28.3048809868428,26.9946203866626,27.3753950043321,27.5393079467303
"P38286",2,2,2,2,2,1,0.00384228034272986,0.0214546914608734,24.6652542812055,24.7857824496911,25.0396204591778,23.4744385672744,24.0413238542114,23.0106163305254
"P38295",2,2,2,1,1,0,9.84106417775594e-05,0.00291525550512484,25.1140057553839,25.1547908835171,24.9039120963246,22.538335741655,22.9614044512277,NA
"P38314",4,3,4,2,2,2,0.00259665228620111,0.0158385122560559,26.143750362714,25.3057714623357,25.8170033396688,24.6539388039322,23.7686605701429,24.086398882703
"P38328",3,3,3,2,3,3,0.00445378192202713,0.0240451516311098,25.5401946407162,25.8812779598791,25.6359993029448,25.0555892751227,25.0198998923505,24.6264492648168
"P38426",6,6,5,4,3,4,0.000249074418300829,0.00393182653276467,26.4052298451268,26.365549602468,26.3845443486819,25.1357596238067,24.8594026650016,25.3668091642815
"P38427",19,18,20,18,14,18,0.000100618900523729,0.00292371607763856,29.3146259860131,29.2030455881646,29.2584181001702,28.1711410090279,27.9630748464303,28.2078895590988
"P38431",6,6,7,4,5,4,0.000619247581151499,0.00610152800262017,27.8229490870645,27.6951995447331,27.7106019045726,25.8835345032166,26.6627192835848,25.9333553390338
"P38432",5,5,6,4,5,6,0.0929311680283509,0.223839487088351,26.5507983545154,26.2739496831884,26.5784983685652,26.5983825268413,26.8699916083934,26.812234625297
"P38489",0,0,1,2,1,2,0.0336064601445158,0.110454563095372,NA,NA,21.5857873938018,24.3085784842688,22.9252434049477,24.2607926890098
"P38521",0,0,0,1,2,0,NA,NA,NA,NA,NA,23.0002029991381,24.2181939900699,NA
"P38523",4,4,5,4,6,5,0.0841160049955469,0.20853548684562,27.2794200543525,26.9821835588113,27.3687437070597,25.9525029579876,27.1144628938834,26.6043823666423
"P38555,P51996",4,4,3,3,3,2,0.018712821400215,0.0718349626154446,26.9908982308501,27.7402400413658,26.1339832996904,25.8463039154378,25.634163020448,25.2037222649519
"P38606",14,14,16,15,14,16,0.0670518826089896,0.179346058016906,28.7589072889901,28.7661863743443,28.8776161004418,29.0326423727756,29.035506214672,29.037639420926
"P38616",3,3,3,2,2,2,9.20429519492498e-06,0.000839799893584955,27.8758924252522,28.1958665354081,28.0317380592511,26.1137833647838,25.9030195473446,25.8498740746495
"P38624",3,3,3,2,3,3,7.9143048628082e-05,0.00257893277029507,26.854319137382,26.7929009724514,27.1281663043901,25.1117815287841,25.483820578097,25.3924185111416
"P38625",6,7,8,6,6,7,0.00316526906083468,0.0184418358308146,27.5750087582656,28.0188380073856,27.8993656227718,26.6514091356986,26.3472614950031,27.0903831723524
"P38626",3,6,7,6,5,5,0.246048465913808,0.406158982623328,25.6718873735379,26.6312818178971,27.0547895386289,25.8513350176258,25.9967988322476,26.1116499228792
"P38628",4,3,3,2,2,1,0.00544347624224839,0.0283160075451963,25.4178470304328,25.1597934019039,25.2996345652039,23.8620651444658,24.5489005863702,23.3180455091715
"P38631",5,5,6,4,5,3,0.00275052189315285,0.0165758003653412,25.7523834098885,25.6675077224206,25.1533027063269,24.1214391526608,24.6737455696799,24.0350875857326
"P38646",23,24,24,23,22,24,0.258659926051315,0.418590486926605,32.5136611458551,32.4459187810772,32.4098569355351,32.5763475885078,32.5723998219407,32.6061394552086
"P38687",3,2,2,0,0,1,0.000494607021257702,0.00535961337524379,24.0592176072791,23.8074346606118,23.7833351729323,NA,NA,21.439624122323
"P38688",3,3,4,2,1,3,0.033335067157009,0.109801138173484,24.7980202142666,24.5517784926603,25.3326465793039,23.7170978946791,22.3605527994978,24.2658152492682
"P38689",2,2,2,1,1,0,0.00108896127310296,0.00858354041881386,25.3804028107799,25.0647579284098,25.2692578054698,NA,23.2371354774609,NA
"P38701",4,4,4,4,4,4,0.0620739260555541,0.170591114858697,31.0084941344174,30.4190133010881,29.554729702193,29.5525300353055,29.5712469420578,28.1814646936162
"P38707",10,11,10,8,9,9,0.000207513786496445,0.00365799792137814,28.9755774315664,28.8857038075611,28.8184632526173,27.7968593314452,27.9985487691189,27.9550634617762
"P38708",14,13,15,9,10,13,0.000652960488976392,0.00624200133727354,28.5196616435305,28.4626457453541,29.1641234988081,27.2658213493383,27.2040930099728,27.3598750198885
"P38715",9,10,10,8,10,9,0.0107460976656313,0.0476420773086588,28.4919019141986,28.6025844548974,28.7682106711308,27.253628007193,28.0778373375994,27.8724313588278
"P38720",21,21,21,20,20,20,0.000206543772057244,0.00365799792137814,30.9291220332635,30.9353297453807,30.811328336296,29.6677613616294,29.9463295462837,29.9003590921394
"P38737",5,5,6,3,1,2,0.0118104588598889,0.0508775385446771,24.8005770022636,24.7836808020908,25.3913653544513,23.3423711634179,21.8368239655596,23.8705390075133
"P38753",2,2,1,0,0,1,0.101506883099599,0.236383052935361,24.2493422671966,23.378851160578,23.3173330010232,NA,NA,22.6274409746107
"P38754",4,5,5,4,5,5,0.000377302097691258,0.00467731567844435,26.4279661844488,26.5509717572164,26.4266559405295,25.3509931328211,25.6625742737247,25.5234134253428
"P38755",2,2,2,2,2,2,0.0123695646262286,0.0525908236951117,23.858966362407,22.9915639915994,23.7414116683578,22.6291174375282,22.342771530725,22.7462486547648
"P38764",16,16,15,10,12,13,0.000184913870593535,0.00361755942775396,28.7574775685442,28.7706326971223,28.5698260665508,27.1339486469467,27.5943424759551,27.3441582762335
"P38765",5,4,4,3,4,5,0.0156323233914178,0.06305451751693,25.8896494059247,25.3297808711186,25.4689778891453,24.3235397205425,24.6949499181089,25.0946616758477
"P38771",2,2,1,2,1,0,0.30546733902711,0.464514000213891,24.3807000132408,24.5513247594828,24.1260571970974,24.6789315959563,22.470871729478,NA
"P38773,P38774",2,1,1,1,1,1,0.00174470256985809,0.012055145862055,24.4834168685801,24.227529816397,24.3978811334023,23.7072652102324,23.5557185627961,23.7498766627369
"P38777",2,1,1,1,0,0,0.00122004639947331,0.00930744427156728,24.4388000351845,24.2435337754185,24.6717282736911,22.2408579524693,NA,NA
"P38779",2,2,2,1,2,2,0.108902460305994,0.24766352139379,23.97737787028,23.949575046045,23.8807614715046,21.4637614784418,23.4021105027818,23.6296119150586
"P38787",5,5,5,5,4,2,0.0149967032831851,0.0609607127691585,25.7192185489596,25.5954193673191,25.8700696338394,25.0547656116176,24.9954434084888,24.0281540290336
"P38788",16,14,16,14,16,13,0.000934156414146249,0.00777668168126859,30.5362439253079,30.2754003570571,30.4870750592461,29.4607085913936,29.7111380742885,29.3547480110828
"P38791",8,10,9,6,8,10,0.000516192037579594,0.00551491352561617,28.1725508281076,28.4932504696089,28.4151635148173,27.2164171788334,27.3707670327886,27.4876655333289
"P38795,Q6IA69",7,6,5,5,3,4,0.00145013466842886,0.0105342585308479,26.2204724035238,26.2327270204619,26.0082407045097,25.0251919226882,24.1346067443454,24.8827841093561
"P38809",4,2,4,1,3,3,0.0670816055493912,0.179346058016906,24.6049061649484,23.2407224168655,25.2691682147035,22.894294097343,23.4433901436934,23.227573645208
"P38817",5,5,3,5,2,2,0.711139090375749,0.804192839925372,25.6655287288525,25.4264721328006,25.0189897748346,27.136584125694,24.224582059706,23.6827486262848
"P38821",2,2,2,1,1,1,0.00951178692421782,0.0433927719482817,24.3581627094357,24.7175922822895,24.4039324638886,23.9729077072827,23.0277573070426,23.4278516809055
"P38836",2,1,2,1,1,2,0.221042697094611,0.381264364233384,23.1936796083827,23.331132452079,24.3128780028711,22.0187267850137,22.8871159508485,23.7732293721156
"P38841",2,2,2,1,1,1,8.00070107606858e-05,0.00258859562475353,24.8394222974287,24.8099235574823,25.0151485610076,23.183909043682,23.4550620257752,23.5852342497012
"P38845",7,8,8,6,5,4,0.00112665413931508,0.00879101478107751,27.780853481803,27.7461442537476,27.7091166598947,26.4823552090412,26.4930017014671,25.6382212844224
"P38858",1,2,2,2,1,2,0.884178607436147,0.924294868726788,23.4301394728757,25.048381051032,25.0798130123281,24.8755174579972,24.1640430124645,24.2904692648191
"P38861",2,2,1,0,1,1,0.0987952402553805,0.231962885252211,23.9646468193526,23.9921733225519,22.3162465558949,NA,22.1871670944493,22.2758216732656
"P38879",7,6,6,7,7,6,0.000674247270953205,0.0063125510015406,30.0812997381203,29.7267967882722,29.9644205705302,29.0965961725522,29.0105620277711,28.972448999709
"P38882",2,2,2,0,0,1,0.651402337823366,0.7573133193553,22.3172921627929,22.6559287522383,22.4052483996172,NA,NA,22.3477443094753
"P38886",4,4,4,4,4,3,0.016548093295454,0.0657414080104985,27.1079376520404,27.3376814108199,26.6196022178969,25.9820092691822,26.4705367587388,25.4892623182632
"P38891",4,4,4,4,4,2,0.0163102199945359,0.0649277692976201,26.6918601190538,26.6236288797182,26.6105556050745,25.9224602361924,25.9095788097844,24.7965384260695
"P38903",3,4,4,3,3,2,0.011389773369288,0.0494940693232231,25.6915157700545,25.802909914641,26.1612418575178,25.2103167957061,25.4080353683802,24.9459268140329
"P38910",3,4,4,3,3,4,0.00356443130808314,0.0202754808322635,28.8541184890368,29.4189614885204,29.3862319733298,28.1041678516938,28.0976971699761,28.4746440402601
"P38911,Q06205",3,3,3,3,3,3,0.0738719638119295,0.190828573350793,26.3893292844858,26.8913913770763,27.5666402028358,26.3015295048549,26.2896687416789,26.2839102970812
"P38912",4,3,4,1,1,2,0.00271192041482189,0.0163864648111489,26.875035659254,26.9914116186411,27.074576363962,24.6681376075158,25.0718317500004,25.9942456894721
"P38919,Q12099",14,12,12,13,13,11,0.892287478276363,0.928366702437601,29.9054501672676,29.6033750060692,29.5958369702554,29.8332674892996,29.7738833597099,29.5602111395093
"P38929",1,1,2,0,0,0,NA,NA,22.5972539455889,22.932564386463,22.5357024751441,NA,NA,NA
"P38930",2,2,2,1,0,1,0.000290903910653801,0.00417328188805862,24.3595957878846,24.4356794565177,24.4479721003637,22.773926383576,NA,22.2427443127344
"P38934",17,15,17,15,17,15,0.000143463313685608,0.00329553331825233,29.6523575361468,29.5716742523151,29.7364842017773,28.4510746851228,28.6461506015623,28.6562504527728
"P38968",15,14,16,15,10,13,0.000414507761329329,0.00483627725622609,28.3069007907746,28.058004127779,28.2247626627897,27.1976650409484,26.9185662436904,27.2694186686935
"P38972",22,24,24,20,19,19,0.0150196933696918,0.0609607127691585,29.8006498876483,31.5908655589503,29.8484052921905,28.638491734698,28.732997361827,28.7103691553052
"P38985",1,1,1,1,1,2,0.965132276138399,0.977343716702192,23.9861939320488,NA,23.9967618130112,23.5533149560637,23.8672537807673,24.6010027459481
"P38986",3,4,4,3,3,3,0.0171356718556278,0.0673390864325233,25.1351664605124,25.2296109452675,25.6387757640914,24.7507546380896,24.881998849469,24.4837386428451
"P38998",1,1,2,1,1,2,0.924022186683877,0.948770924071989,21.0753182924026,22.6381111844479,24.2890988636311,22.323153491277,22.5925033039099,23.3319620804015
"P38999",6,5,6,3,3,4,0.0187224398399306,0.0718349626154446,26.7676335449958,26.002647661371,25.5813154513263,24.8842710383805,24.7984714611706,25.3645331209735
"P39003,P32465,P38695,P53631,P39924,P54854,P47185",1,1,1,1,1,1,0.00021869087342943,0.00375063069392879,28.0862910272813,28.2846806165688,28.0352105685287,26.8575715414669,27.0973991971472,27.1053216815147
"P39004",9,9,8,8,8,8,0.000151624354923604,0.00334628409171388,29.7508645811812,29.6576494014243,29.4934483311629,28.4771660587223,28.6296367210078,28.5545024211537
"P39007",3,2,2,1,1,1,6.03163745322576e-05,0.00223440592869064,25.3637361662775,25.1858163669343,25.0491828551816,23.7530265051023,23.438550292897,23.3426654759445
"P39010",1,1,2,0,1,1,0.126092205721888,0.271837086580866,22.9100999048776,23.2797132132484,23.300599177823,NA,22.8902898106883,22.7609370282278
"P39013",5,5,5,4,4,6,0.0159648138990104,0.0639036409448612,26.5743917778434,25.9040428510112,26.6079604047917,25.6848309139834,24.8020451730747,25.4696597452746
"P39015",7,7,7,8,7,6,0.00767770438679671,0.0364471252992368,30.3787066567151,30.5313584954381,30.6183719241894,30.1300438816757,29.7875417616158,29.6983392058974
"P39019",7,7,7,7,7,7,0.591253905649023,0.713194161176849,30.4894279537832,29.8583264109775,29.7424123555984,30.2959382018746,30.1822582940656,30.0022387061586
"P39023,Q92901",14,14,14,14,15,13,0.261848382816009,0.420913432842366,31.5416012127334,31.613643125938,31.4289885929462,31.5555729735111,31.720920016175,31.756561265275
"P39076",6,5,5,5,5,3,0.00250092973035262,0.0154387570092945,27.0299102079551,26.7320334366383,26.6704625137194,25.7038078770865,25.9687679158503,25.1971999961645
"P39077",9,9,9,5,6,7,0.0410449003682259,0.128075810861728,28.1716386638486,28.2974006473972,27.7559020887851,26.8388367946707,27.7622388456488,25.9615304895019
"P39078",2,4,4,2,1,2,0.0546229257880867,0.156821766800032,26.8557897065173,26.759572927531,26.772062010493,25.9287147425559,22.2241454218766,25.3001280936613
"P39079",9,8,9,5,4,6,6.24767041875783e-05,0.00224424192522624,27.214836828238,27.4100914396735,27.4579106996627,25.5138094611245,24.8341597502649,25.3356463017236
"P39101",5,4,5,3,4,4,0.00502452607540683,0.026653358088379,26.5806467610864,25.9855647090295,26.4351989413084,24.9956558349162,25.4799122683614,25.5174502243443
"P39109",5,4,4,3,4,3,0.0136644745316503,0.0571902135902647,26.1919235910023,25.6945376585446,25.5739602216032,24.9729590003707,25.2692010621405,24.5666538294757
"P39265",2,0,0,2,2,2,0.00107453644881317,0.00852527874693161,23.1427037113061,NA,NA,24.8754625807633,24.8688747551997,24.7423972641873
"P39325",0,2,0,2,1,2,0.0730557610071535,0.189422255958584,NA,23.4200802262045,NA,25.7717520833881,24.2462471569103,25.5262161226077
"P39517",3,4,3,2,3,2,0.000133869899687093,0.00321253349935377,25.7998271102253,25.6728477758219,25.7401625257242,24.6740811375876,24.63432734587,24.3681351998649
"P39522",4,4,6,4,5,3,0.000329742848997963,0.00441449150717456,26.5318559182151,26.4514090646276,26.928305496028,25.4250371290507,25.3467802357072,25.4713647112901
"P39676",15,13,15,15,13,14,0.000564095621897117,0.0058353837349085,29.7842800411865,29.4761214929316,29.5869691085415,28.7441504280226,28.7221381085939,28.7944674719381
"P39683",4,4,3,1,2,1,0.0172510048747727,0.0676108971122963,25.6853033919319,25.9239832465502,24.9994646034171,22.6274239345272,24.7672226679898,23.4889140795261
"P39687,O43423",9,10,10,10,10,10,0.521332348077771,0.658996445533608,30.407820453896,30.2258129916315,30.1860387796352,30.1847684948346,30.4779587140805,30.4385643501077
"P39713",2,2,1,2,1,0,0.140526893615364,0.289295715882807,25.9859009296362,26.2782821039844,24.9740028022262,25.389470396573,24.0540566471723,NA
"P39714",4,6,4,4,3,4,0.0213489100061407,0.0794402344600441,26.7091511199908,27.1898869461922,26.9720776806787,25.8987883348434,24.9927287346838,26.4148798916518
"P39726",2,2,2,2,2,2,0.0331722847938586,0.109343904067618,25.6147937542343,25.8017659105251,25.3111385584346,25.3523738722227,24.5167453482232,24.4160556511846
"P39727",3,2,2,1,2,2,0.0149991972282126,0.0609607127691585,25.1499751460265,24.4345864228713,24.5372805959195,22.3834860030246,23.7786859565678,23.6092501063308
"P39729",3,1,3,1,1,0,0.136972975186882,0.285851195243622,26.9427730081119,22.234606000393,24.5781126985661,22.1693179766816,21.990553311788,NA
"P39730",14,14,14,12,11,9,0.836524310039526,0.891016554377846,28.6410046673584,28.6757301455843,28.6712254930844,27.3051601597701,31.0401956880919,26.9307509259179
"P39743",6,5,5,3,3,4,0.000100336443135227,0.00292371607763856,27.1284349381844,26.861405423707,26.8915298641918,24.9886203828455,25.3638863099052,25.5024047334607
"P39748",11,10,9,10,10,9,0.544121207676119,0.676186583878631,29.5226736000208,29.2801620454543,29.2487955693252,29.3170789259337,29.4685428104442,29.522765057302
"P39926",4,4,4,2,2,3,0.000582770504718694,0.0058688720585578,26.806313261628,26.5555037872498,27.2420214053268,24.8635599072045,25.3166241971866,25.4408729179219
"P39931",2,2,2,2,1,2,0.47319839899575,0.61979072529963,23.4065731638863,25.2917150310506,25.1099397550291,24.4118541726821,22.7393333428193,24.9275851495675
"P39935",10,10,11,9,8,5,0.000483276424965327,0.00535123070556268,27.2430014572818,27.1771178507184,27.3870234433956,25.9684639394999,26.1877046446167,25.5420240172671
"P39936",2,2,2,1,1,0,0.000344104973921311,0.00451093934203741,24.3698871137404,24.5899315925803,24.0366761825622,22.2659930013092,22.4778332668365,NA
"P39939,P39938",1,1,1,1,1,1,0.00229993511491683,0.0145842569556266,29.2598117172959,28.9395256621752,29.1181702097742,28.4751304300444,28.1344673378059,28.3577310468983
"P39940",6,6,6,5,4,3,0.00550631282720304,0.0285128253322364,26.5751223837801,26.9711067905697,26.6961245491534,25.8582381442469,25.7699474749748,26.2371949415711
"P39954",9,9,9,9,9,9,0.000312363741602466,0.00431750198287028,30.1718265095245,30.261598226416,30.2251475867624,29.2575547860906,28.9774275486534,29.323047999097
"P39958",5,4,4,5,3,4,0.0182528467894868,0.0707472277431085,26.8192535519947,26.9760924726526,27.1760189904078,26.2966402220758,25.2558913060257,26.3011036529429
"P39966",2,2,2,2,2,2,0.00195797553492927,0.0131164234806862,24.1491031107963,24.3695586821763,24.3993554164481,23.2554382887423,23.5952881954521,23.6055071498241
"P39968",6,7,7,6,6,5,0.00179460880120742,0.0122928008274899,26.5626842265429,26.7310321444934,26.8798425387547,25.9558546503144,26.0994718127196,25.8655848920003
"P39976",9,8,9,8,9,9,0.000644917962873269,0.00624200133727354,28.5742374915014,28.4265408571089,28.564907783239,27.4149535737367,27.7326904217607,27.6957325398627
"P39985",1,1,0,1,1,1,0.351836143831746,0.507293453906582,23.3143702792646,22.3974828664641,NA,23.218482418243,27.5107967448756,22.7431566849945
"P39986",11,11,11,9,7,11,0.00257458031869356,0.0157866067390861,28.2964044930728,28.1866038088569,27.910034857549,27.131193439538,26.5731211097261,27.2678126216094
"P40008",1,1,2,1,1,1,0.523732598373642,0.66001881596148,24.9854124600054,24.9403248778777,22.4101102018587,21.9171651553557,24.5678139522131,23.8649141102324
"P40010",3,4,1,1,1,1,0.125765734694444,0.271401741568615,24.7921670357314,25.9627904329676,23.0877595201803,22.0552695557209,23.5167453482232,23.7884018010667
"P40016",7,9,7,4,6,6,0.00676084398691065,0.0331288617274827,26.951677400086,27.3781122351424,26.9542635556884,25.5053584592806,26.2370142913198,26.2951407942606
"P40018",1,2,2,1,1,1,0.166975390331674,0.321410012950673,21.5125665352295,23.2409725373656,23.6246063031569,22.4520630549533,20.9416748725873,21.8455874695449
"P40019",1,2,2,2,1,1,0.042590739962983,0.13137184294194,24.1037355046859,24.5148143980592,24.5185599179959,24.1571804401905,22.8815891392007,23.4231205346352
"P40024",6,6,6,3,3,4,9.79795203349408e-05,0.00291525550512484,27.246369022832,27.1297004847781,26.8070406726963,25.548607617071,25.2760418944112,25.56959342449
"P40029",2,2,2,1,1,1,6.30552679331212e-05,0.0022473291586789,24.8527131687105,24.4808547529737,24.7163962209295,22.734266515301,23.1243851402595,23.0337035376308
"P40030",2,2,1,2,1,0,0.569081353248036,0.695645534168687,19.9463795113805,24.4300963067728,24.0957972155355,23.7302666021024,19.5546242927209,NA
"P40037",3,3,3,3,3,3,0.000120591082645861,0.00317997987878855,27.9100098237037,27.9214984028199,27.8340924748883,26.8313591155013,26.9825675097576,26.8596937269317
"P40040",2,3,1,2,3,2,0.76892501251086,0.847512346371936,25.1124855286459,24.9458590780599,23.968422054029,24.1219018366842,25.153625076863,24.3753124887094
"P40043",2,2,2,2,2,2,0.000870056464154489,0.00744689979263186,27.8659092517558,27.9259291532936,27.7111516073954,26.4901533853504,26.8554046394573,26.9869070524026
"P40053",2,2,1,0,0,0,NA,NA,22.6037099952994,22.7904295036074,22.8502790287421,NA,NA,NA
"P40054",5,5,6,5,3,5,0.00450267435639123,0.0242231136955858,26.4390854489133,26.5595203412021,26.6601368375896,25.5506711160152,25.0907802770823,25.9172697028373
"P40056",3,3,3,2,2,3,0.0112527699488618,0.0492187310706688,25.7657005135785,25.7280240916562,25.852118435293,23.908394945728,24.3493851386401,25.258955770693
"P40069",11,12,13,11,11,10,0.0011933741818368,0.00916527444030213,28.6410822003446,28.6634488506166,28.6896959247019,27.8558341498929,27.8889847449214,27.430861219272
"P40075",8,8,8,8,7,8,0.00777412210697572,0.0368664709480491,28.8031639134971,28.5086860946198,28.3197716317558,27.6328621327682,27.8159624215133,28.0228817938138
"P40093",4,4,3,3,2,1,0.00463458912737632,0.0247576060879283,25.5018409382299,25.3063990003979,25.2666873280036,24.0590242073435,24.1925336041991,22.8768520031898
"P40106",2,1,2,0,1,1,0.00127406719089188,0.00957544402775745,24.6304367939135,24.4424378438326,24.3359864500024,NA,23.3385983730763,22.9047582037164
"P40121",4,4,4,4,5,5,0.00221158299734124,0.014210199484325,25.0040037103492,24.9976235473759,25.2283999404395,25.6626465772679,26.0958487455838,25.9809761291849
"P40150",22,22,23,21,21,23,0.226885483701113,0.387369602037604,29.0737084734306,29.1730888591635,27.3685346460704,27.2933988547994,26.7320917007387,28.7325397227949
"P40159",3,4,4,3,3,4,0.00107991047584189,0.00854676929045071,27.032040346209,26.5945632773278,27.04627547598,25.5989975040857,25.6035033306016,25.9895352121474
"P40165",3,3,2,1,3,2,0.0446287779734493,0.135560949503602,26.1082517593878,24.8431718420219,25.2081363847687,23.2331695747278,24.7995269201161,24.2513108888479
"P40185",6,6,5,3,4,5,0.000350372203488803,0.00451809253607854,30.2620568434016,30.3047660855724,30.0619182401662,28.7741530527831,29.1413634048361,29.1627341465282
"P40202",2,2,4,2,1,2,0.0180450470589158,0.0702227765843911,25.3345391938988,25.4328905824535,26.1968924564509,24.7852222847576,24.4129095372386,24.9775465012427
"Q12690,P40212",7,7,7,7,7,7,0.000701011230303914,0.00643329247800911,31.0323359501525,31.0561841402551,31.0421743048678,29.8785324957526,30.230338763481,30.2436768831856
"P40215",2,2,1,1,1,1,0.602515600232283,0.721248010564071,24.39687911175,24.3984922539479,24.8272831209432,24.5683982641627,24.7992924404047,24.5356317166052
"P40217",6,6,8,2,5,4,0.0193394189008055,0.0735833436409297,27.0673181060502,26.9462042617057,27.8484052921905,25.8852797540223,26.7033388909684,26.1236443730286
"P40222",9,10,9,9,9,8,0.963916622339054,0.976601317087823,27.6386767381083,27.956997422683,27.5503894749726,27.1988716287739,27.923348402083,27.9877288667461
"P40227,Q92526",20,21,20,22,21,22,0.0396259044331274,0.125155681154143,32.0830129832985,32.0576824677714,31.9874922899076,32.3169273902956,32.3244924086948,32.2975133612252
"P40261",1,1,2,1,1,2,0.875257215888027,0.917913429627857,22.2789976042344,22.0111707017515,23.4165528422607,21.800991124629,22.3209184833381,23.3250856037678
"P40302",9,9,9,9,7,8,0.0253556971354656,0.0898777702657298,29.0470101933067,28.8356301904708,28.8658150493203,28.6603551196609,28.429897403828,28.5224283578688
"P40303",3,4,4,4,3,4,0.0188334439544053,0.0720621831660605,26.3501983217075,26.994752695816,26.9513816043955,26.0318547411099,26.1120105734614,26.1805485199436
"P40319",3,3,3,2,3,3,0.083609772175104,0.207636244236703,26.8112828408862,26.8507920714448,26.6452564807177,24.8711757123447,26.3818493242569,26.3521736692694
"P40327",2,2,3,2,2,2,0.124996250437865,0.270522311867452,25.2302974577252,25.1050250393364,25.8488249969244,25.3142577545015,24.7855086249716,24.5155994651839
"P40348",2,2,2,1,1,0,0.000571356170036728,0.00584833143459922,24.0625558927043,24.0915653558914,23.737358788198,21.5529306984929,22.2012207038879,NA
"P40357",2,1,2,1,0,1,0.0134133597185899,0.0562941555070905,23.4334380464028,21.7707810330335,23.2049238446251,20.5073076403931,NA,20.8306046394824
"P40363",2,2,1,1,1,1,0.00377035572063816,0.0211566578075662,24.8161529576002,24.9641924506627,24.4314142267691,23.1523872787738,23.9500638897374,23.5443719540707
"P40364",1,2,2,1,1,1,0.00136562364096692,0.0100972042951233,23.3677447602379,24.3502706431636,24.6921872848741,21.8790033688863,21.5814460335613,22.2808459159129
"P40395",1,2,2,2,2,1,0.635683456173376,0.744732390103477,22.1353073762227,23.5417124905977,23.2188450213579,23.797380797961,23.8339880655775,22.1517263294376
"P40413",7,7,7,6,6,6,0.423701768079741,0.574080031476025,28.8923356254018,28.9810375882221,28.8832367434242,29.0793982992742,28.9698947237283,28.981888977636
"P40414",5,5,5,4,5,5,0.00358931705799844,0.0203662492768518,26.808662140727,26.8189989908764,26.8828708464832,25.4639147745307,26.1011372754582,26.0812490028246
"P40425,P40424",0,0,2,1,0,1,0.0577250728942558,0.162976527564662,NA,NA,24.109339340909,23.2867745266019,NA,22.7780259245088
"P40429,Q6NVV1",5,5,5,5,5,5,0.927453095160218,0.951651151624137,30.0241995527147,29.570384154043,29.7121130836328,29.5581181077037,29.917300699441,29.8818284315429
"P40457",1,1,3,1,1,1,0.49409200587103,0.638359595237508,21.3990226806896,21.0440229172574,24.088368980884,22.1809102484161,24.3068016596411,22.227851916024
"P40462",2,0,0,0,0,0,NA,NA,23.4245289451291,NA,NA,NA,NA,NA
"P40471",4,4,4,4,4,3,0.004584135034625,0.0245479967532686,26.9852903167516,26.8586575292497,26.57596552539,26.182907181321,26.0909479167543,25.7649838074284
"P40482",7,4,6,5,5,6,0.00289472378222468,0.0172173792627236,27.1540883982637,26.617982786753,26.8399854542545,25.6876777939114,26.0373776203584,26.0494263479032
"P40495",4,5,4,3,3,3,0.000975557189376095,0.008047905782882,27.3995947392663,28.0327644877041,27.7852785908671,26.1408593904587,25.8243409683799,26.5526986185113
"P40506",3,2,2,1,0,1,0.00681075905600313,0.0332306768058677,24.2623844909233,23.6256177631005,23.5291731711024,21.9954437548214,NA,22.6342589571252
"P40509",3,3,4,2,2,2,5.07171371872664e-05,0.00201192678128965,25.6026147578898,25.6325215949086,25.9787770048659,24.1550119246585,23.8102138152054,23.8708063135155
"P40510",9,9,10,7,8,5,0.00116362681408562,0.00902800259499765,26.1802756915257,26.5225765955026,26.3001461825214,25.0956660509778,25.5598769871996,25.2738555796384
"P40513",3,3,2,3,1,1,0.0229004233110509,0.0833107903867736,26.2760090253525,26.4013763289564,25.7625469127101,25.7478498116479,24.6040403971656,24.3868220835522
"P40517",1,2,2,1,0,0,0.0912620941388699,0.221009440020147,23.0054595125529,23.9865905625443,24.0154690530763,22.5052662509529,NA,NA
"P40518",2,2,1,1,1,1,0.00430126336836719,0.0233877991495722,25.2108307304445,25.2611821155068,24.5156426380432,23.5050392514967,21.9772241599463,23.2756063416298
"P87262,P40525",1,1,1,1,1,1,0.000577569493712726,0.00584833143459922,28.6901300576441,28.8471769672195,28.822081138766,27.7175724679384,28.0003985828435,27.967666695706
"P40531",11,10,10,8,9,9,0.000282403440352794,0.0041160526993273,29.1047928114689,29.0149811114167,29.1699335547353,27.8520045075829,28.1738889401291,28.1129687431194
"P40553",2,2,3,2,1,2,0.0122782002598378,0.0522998595568443,24.5480224148777,24.9650254373509,25.3816190521513,23.2062471313971,22.7788762417978,24.2624235441117
"P40564",3,3,3,0,2,0,0.0791695647915631,0.199540087122473,24.4527193274067,23.7599656816697,24.6242794631702,NA,23.2657090424063,NA
"P40581",2,2,2,2,2,2,0.0038404702720692,0.0214546914608734,27.0378231718177,27.0540505016494,27.1074363793517,26.0899308075624,26.4589861920018,26.5277708271862
"P40582",6,4,6,5,4,5,0.00236910771037688,0.0148663952884998,27.258245629555,26.7032774293205,27.1435613118487,25.9365738421714,26.017306497598,26.237592280662
"P40616",2,2,2,2,2,1,0.429153899620662,0.579402216652696,25.4374078340942,25.3808670696649,25.166734908296,25.7026638993037,25.1045573364219,24.1965603619084
"P40692",1,2,1,4,4,5,0.00601995076675478,0.0303123790264187,21.8610554024151,23.4081020620388,23.471990972678,24.8408617880425,24.6634119073665,25.2598405048072
"P40693",2,2,1,0,0,0,NA,NA,23.3020113664171,23.9149589261266,22.4117776695378,NA,NA,NA
"P40763",15,14,12,14,17,12,0.072351365531979,0.188609674032508,27.8711408522756,27.8505359793094,27.7364842017773,28.250827939037,28.3031784168399,27.8936332289511
"P40818",2,2,1,3,3,2,0.254632676895037,0.414761582407811,24.0189257103724,23.5165199864625,21.7861762761609,24.7556526262063,24.6183332199023,22.8582430079007
"P40825",21,22,19,15,15,17,0.000213968309017646,0.00368348462542831,29.2975362695157,29.5200829346847,29.5259149014136,28.2051624203859,28.4534647793059,28.3964623888643
"P40855",2,2,3,3,2,2,0.960734188470843,0.974187456724602,24.6828350333405,25.3665815732137,24.8505425149988,25.0361323098415,24.8738381284881,25.0212672612097
"P40893",5,4,4,4,3,4,0.0280807332321346,0.0966824943433946,29.5353056548432,27.319070478655,27.191150770367,26.3094927332744,25.6333082264058,26.2582237535821
"P40925",9,9,8,8,8,8,0.526265247950365,0.661857431501565,30.6205461030073,30.7476440441503,30.4847461235523,30.4445930359491,30.901924569197,30.8464462631513
"P40926",16,16,15,16,16,15,0.307594627035048,0.46681526564667,33.1188248082884,32.8659007976643,33.1854949354366,33.1438852764942,33.1208577494015,33.4056966865426
"P40937",6,6,4,5,6,5,0.535545445793935,0.668259935369785,27.4684119329219,27.2282396294696,27.1128548803711,27.6847526236542,27.3976372779572,27.1063625529368
"P40938",7,7,7,6,7,7,0.408443445345179,0.558883922514909,27.2394211862607,26.6039524427118,27.0373602110789,27.432218080462,27.0604545270757,26.9740050254297
"P40939",16,18,16,18,17,13,0.329054745648061,0.489398888089921,29.7569231707554,29.8026239986464,29.7483162497936,31.0755518655916,29.8085546582372,29.6628741348015
"P40956",2,2,1,1,1,0,0.0166531433961315,0.0660049002373172,23.83465734926,24.2025761208738,23.13138991124,22.4046317302251,22.5305978704372,NA
"P40961",3,2,3,1,2,2,0.010121024047913,0.0454620370245113,25.3650135193306,25.0079115669581,25.4274857602268,23.3672490899128,22.9583204010605,24.5836043925809
"P40970",4,4,4,3,3,4,0.000657512253972422,0.00624200133727354,26.0876684322958,25.963340034695,25.7625469127101,24.603079619737,24.908546547571,25.0212271255865
"P40989",2,2,2,1,1,1,2.39560702636292e-05,0.00136609490678345,24.1213606609874,24.3172035257806,23.9971945998874,22.6206299731094,22.5745022318484,22.5588223680718
"P40991",1,3,3,1,1,2,0.1474219338784,0.29692665004559,22.5458905713664,23.9184034218644,24.551200233172,21.5437881835759,21.7119409817691,23.802762697842
"P41056",1,1,1,1,1,1,0.00964903290672918,0.0438975148839344,27.2873677127437,27.4604322508896,27.4430299562038,27.0312883651297,26.7393516764532,26.5018295535305
"P41057",3,3,3,3,3,2,4.12349473905999e-05,0.00181968273368917,29.4056771485558,29.4828289799057,29.2343550853686,28.0933558147939,28.0269890088528,28.0682641618756
"P41058",3,3,3,3,3,3,0.00414690036931438,0.0227499524815583,28.8671692185467,29.0871855189549,29.1172372920337,27.6098740755064,28.3080794935871,28.1859025863771
"P41091,Q2VIR3",15,14,15,14,14,15,0.279316302097495,0.440152321301821,30.5122842756899,30.458786699506,30.4976284864884,30.4389179146742,30.6736336442319,30.8764305160411
"P41208",1,1,1,1,1,2,0.205447928348303,0.364164340279278,23.2338634008798,23.1308313021496,22.0674053330556,23.4952157608533,22.9194295513926,23.6103177412799
"P41214",4,4,3,4,4,4,0.00431911228813962,0.0234290014964245,23.8527667298117,24.3092344575162,24.6260528479944,25.1686911267735,25.2830600725657,25.2561960003871
"P41223",5,5,5,5,5,4,0.335015836342949,0.494289212612074,26.5441470048541,26.708826045477,26.4692638828108,26.741540902369,26.2134942958594,26.1568868560345
"P41227",6,8,6,7,7,7,0.113349341256367,0.25255159350519,28.1398379595552,28.0981210669818,27.9958236624876,28.2165796475406,28.2582496539987,28.4065227688294
"P41229,Q9BY66",2,2,1,4,4,3,0.0678165083530549,0.180109815006048,23.5071592585959,23.7265958573696,22.5209697655064,24.235805322632,24.7422515669589,23.6222215840159
"P41236,Q6NXS1",4,4,4,4,4,4,0.522533228861128,0.659235782650572,25.8880561766934,26.1045955814514,26.1324573760452,25.9225399130201,25.5569673491561,26.234150805649
"P41240,P42679",7,6,7,6,6,7,0.906113534094885,0.938195629264835,26.2211778981787,26.0625308102509,26.3049174042814,25.9382824025128,26.1297427944627,26.4573271129186
"P41250",17,17,18,17,16,17,0.425859905778724,0.575977732037516,30.111691243958,30.0204325232637,29.86566692361,30.0774167284981,30.1246752524253,30.0944184852159
"P41252",36,34,34,34,37,36,0.0658407848135905,0.177206879244602,30.6063205641743,30.378289896006,30.3643645252516,30.7425341312846,30.7448032239139,30.6779098420288
"P41277",11,11,11,11,11,11,0.00018852891621197,0.00361755942775396,31.1461069263431,31.1298904227597,31.0838914896571,29.9854648125758,30.1382381816865,30.2436768831856
"P41338",10,11,10,8,10,8,0.0022095546294049,0.014210199484325,28.9230132236808,29.1024936893922,29.0759214546313,27.4613028668351,28.2674963681751,27.8684210851104
"P41543",2,3,2,1,2,2,0.00754866956634727,0.0360597178656296,25.0345923674532,25.1115713048072,25.0302762281898,23.157902554973,24.2783991022148,24.0662328879755
"P41567,O60739",4,4,5,4,5,4,0.111574148178775,0.250616082713722,28.9451298656715,28.6104100421731,28.8359334676474,29.1826909803765,28.9966965805303,28.9940821046954
"P41743",3,3,3,2,1,2,0.279659143231787,0.440540404497035,24.8124124109217,24.458228801089,23.7486268765043,24.4782595880958,23.2458686503265,23.8363646387416
"P41805",8,8,8,8,5,6,0.00024508902134748,0.0039229226058713,30.7994867528469,30.5812130738154,30.5650902411931,29.5655991364309,29.1140210767157,29.1111314849047
"P41807",9,9,8,8,7,8,0.000309780970946528,0.00431750198287028,28.3555285459901,28.2604420663107,28.0637272083909,27.3248866903628,27.143847175664,27.2114997106165
"P41810",10,10,9,5,5,6,0.000364549013779976,0.00455636329003904,27.8532486902612,27.725289123935,27.673229922699,26.1047063323593,25.8470349375675,26.5849627346838
"P41811",10,12,13,9,9,8,0.0025155162676049,0.0154868896259292,27.683181460294,27.9684658731779,28.24335218214,27.0853119055672,27.138527838772,27.1020048129448
"P41816",1,1,1,1,1,1,0.787250289009367,0.860636429058407,23.6414543006882,24.153595665023,23.3667354698832,23.446089398212,24.0085350586412,23.4830976910605
"P41818",4,2,4,4,2,2,0.0238923485910385,0.0857669062450628,25.8068662832125,25.219682872538,25.7783497394327,25.238282639532,24.3448134257204,24.1653016447391
"P41903",2,2,2,1,2,1,0.0229574012607083,0.0834515255389253,25.4806467159607,25.7366526230317,25.8787273024548,24.1077695044195,25.2825569092365,24.7864194933083
"P41911",4,4,4,4,2,3,0.0117311325296984,0.0506314348159735,26.33405968612,26.2587601267813,26.6096124359368,25.708251499822,25.0628250700801,25.8273946749382
"P41920",4,4,4,4,3,3,0.000252224416798036,0.00394681013624898,28.2303283784718,28.2217199004289,28.0276835617218,26.8794905060602,26.9998885262567,27.2214031325274
"P41921",8,7,8,9,9,9,0.0289325952179391,0.0986476079104918,28.4716416856859,28.2107079698535,28.5215026515992,28.1677839509898,27.7866179637736,27.8526059606911
"P41940",12,12,11,11,9,9,0.000380800933197196,0.0046951725871503,31.7276508788534,31.5912104675166,31.5805154294562,30.7775524949873,30.6363798359599,30.4146049005383
"P42025",1,2,2,1,2,2,0.0447724178814821,0.135727161482511,23.8225662860356,24.5715530632655,24.0027372045915,25.0562188183088,24.7091854022939,24.5350696349209
"P42126",4,4,4,4,4,4,0.192470106595735,0.349666643632713,28.2315131744229,28.0512898732791,28.0358689626139,28.4855496513469,28.3756407576826,28.1054636627546
"P42166",17,17,17,16,16,16,0.25288271044112,0.413199345408956,28.4120066658712,28.0633619627646,28.2725464128811,28.4383143445645,28.4893362604309,28.3364368593561
"P42167",1,1,1,2,1,2,0.111124303329809,0.250116706993847,23.099028972683,22.0378460648759,22.5784790875137,23.6307829466171,22.6061062388372,23.874365669027
"P42224",6,6,4,9,9,7,0.0555770464177974,0.158219724941517,26.1162607866653,26.1223709143133,25.011725541584,26.7237582381175,26.7471224558767,26.2770692910772
"P42229",25,23,24,23,24,22,0.113360658658399,0.25255159350519,27.6089391022167,27.1270810125812,27.3557946070725,27.8962211409301,27.6288122295916,27.5508230487017
"P42285",20,18,24,20,20,24,0.496478332784352,0.640299245896643,29.6173378601569,29.1995711244639,29.450028536325,29.4304215214364,29.511892737316,29.6551516258517
"P42330",1,1,1,0,1,0,0.814309780321025,0.876771587874561,23.6502327781225,22.7214424749177,22.7519303742714,NA,22.9208528806464,NA
"P42345",7,8,9,10,9,6,0.228793592274991,0.389316064139691,25.4809586237984,25.7362534697877,26.0626851750911,26.3701263637638,26.5641097180476,25.5772575973981
"P42356",1,1,1,0,0,2,0.00983098262683521,0.0445540890881881,22.4013681454249,22.0832196227786,22.0163375846912,NA,NA,23.3562204129515
"P42566",10,10,8,9,8,13,0.251328698863133,0.411839627950293,27.2777255216884,27.2632922536655,26.9330257431419,27.4142926748484,27.1507560963986,27.5521431482798
"P42574",4,3,4,4,3,4,0.394052170577885,0.546901734766143,26.0616988759335,25.7529235435469,25.4184391058675,25.7593449746629,25.0886711435107,25.68064100042
"P42677",1,1,1,1,1,1,0.377058613467594,0.530089798039803,28.5955986028183,28.6801755168819,28.4329346362048,28.4757187956363,28.8904645558107,28.790234191552
"P42695",0,0,1,1,2,2,0.553006220055502,0.68244047541561,NA,NA,22.6598225055897,22.1326497630411,23.4498131450045,24.041196507294
"P42704",50,49,52,50,51,49,0.203139882777808,0.362040953502434,31.6440447135991,31.3631998335105,31.4906814981899,31.6943505977747,31.6707325472389,31.6512505008458
"P42765",3,1,2,2,2,2,0.917545482490002,0.944033038141495,24.8584863085947,23.027791796202,23.9254848659368,23.4525781376254,24.2014336635223,24.3218305709333
"P42766",2,2,2,2,2,2,0.936101623184366,0.95708104100562,28.3683237340735,28.6186145647163,28.4053122626463,28.1669995121569,28.6328888634082,28.550058228064
"P42846",5,5,4,2,2,4,0.00646159496798001,0.0318678878312701,25.5861178487614,25.8866433029343,25.6228311382289,23.2581852368801,23.6142068576975,24.8724981023702
"P42938",4,4,4,2,1,0,1.46895945375501e-05,0.00112684980568933,25.9266816125391,25.9485990948324,26.0004723485284,23.7302666021024,23.6770673981988,NA
"P42940",2,1,4,1,1,2,0.143211556428881,0.291926327269239,24.6291865706532,23.2705539893522,25.1416377399112,21.8518594777879,22.1660812317422,24.6068450350405
"P42941",1,0,1,1,1,0,0.00583775336995403,0.0296568272535972,24.0703153161624,NA,24.125463454703,23.2568713989237,23.0873945792914,NA
"P42943",3,3,5,3,4,2,0.286529426623804,0.446830816905281,25.578915581839,25.5064381466374,26.7478341103796,25.0901909209117,26.0981618847351,25.0532980380388
"P43034",8,8,8,7,7,8,0.805193543808271,0.870654881927786,27.4190773814502,27.7003814195674,27.6023411595055,27.3072975615409,27.7482616955249,27.8042096170745
"P43123",2,2,1,0,0,0,NA,NA,25.2452677755568,22.5957909968167,NA,NA,NA,NA
"P43243",28,28,28,30,30,28,0.0948802058064203,0.226976139952223,31.3739327936225,31.372192519294,31.3821213968228,31.4603427617194,31.6748823201056,31.6945611477936
"P43246",16,17,16,18,19,19,0.0415058846666202,0.128984908616568,28.5385140989327,28.6142768067476,28.59067814577,28.8449102743501,28.8451833774092,28.8430443475465
"P43304",4,4,4,3,4,5,0.110235916820157,0.249576303986876,25.0701310521554,25.0882328538339,25.6619577040184,25.3834628490838,25.7912089413737,26.3432916770372
"P43363,P43358,P43362",0,0,0,1,1,1,NA,NA,NA,NA,NA,24.2603891222402,24.1584778620159,24.2364517965544
"P43366,O15481,Q96LZ2",7,7,6,6,5,6,0.976481604960207,0.984379769237225,26.8308557791001,26.9512765968367,26.9105136015523,27.058975884755,26.6145900414211,27.0337154747557
"P43487,Q9C010",7,7,7,7,7,7,0.218103746871562,0.378373784208204,32.3624576812617,32.3456125191654,32.1989319343386,32.6131431303008,32.4302523540182,32.3758197245722
"P43490",9,9,12,11,11,12,0.0935089020128548,0.224638025793914,29.1233378536289,29.1908987531719,29.5135989172155,29.4902385012914,29.6292039217666,29.5821427470119
"P43535",4,3,4,2,3,2,0.796117308158047,0.865147012819678,24.8354706697969,24.8672299106371,25.0229979040706,23.5343927355859,26.6270297184175,23.8970274206482
"P43555",5,6,5,5,3,4,0.022579559400221,0.0826046110535753,26.6465609720092,26.5585172505718,26.6110269585185,26.2582231183028,24.7326443751179,25.2195852994796
"P43582",3,3,3,2,3,2,0.00528527737795233,0.0276507286676818,26.224472551802,26.0659407909932,26.3649759662613,24.7531459780054,25.6325516400363,24.9153273183878
"P43585",6,6,6,7,5,5,0.03151829424591,0.105396960428442,26.5309524456624,26.8809971316118,26.6827341363032,26.4873192949642,26.0407784774518,26.0410975427626
"P43586",1,1,1,1,1,1,0.00148324175869637,0.0106896507159129,24.0928928780317,23.8277263004769,24.023352070033,23.2688202251123,23.2847778910757,23.3388059363476
"P43588",2,2,2,2,2,2,0.000489615954852642,0.00535961337524379,26.1960669001935,26.0795181642714,25.8401462920635,25.0753607674999,25.0856939392677,24.8518839814237
"P43590",3,3,3,3,3,2,0.102885952020722,0.238959594630632,25.3086883295874,25.4959972185722,25.6455786033079,24.4639512711988,25.5893333481798,24.22965936921
"P43593",6,7,8,4,4,6,0.00128710744663477,0.00964168172667952,27.1072643344919,27.4259222204475,27.5699775990056,25.4699242673785,25.6622842102709,26.3297113730231
"P43597",1,2,2,1,0,0,0.0428222207159269,0.131729582539486,22.3330733171595,23.2704314726827,23.7602326722972,21.2039588993936,NA,NA
"P43598",3,4,3,1,3,0,0.0191072375604207,0.0729432784524178,25.4768638018156,24.901572837463,24.879705626337,22.3130750648,24.0033533602587,NA
"P43603",6,6,7,5,5,5,0.000116550264532448,0.0031461674958404,26.767207363601,26.8298479418024,26.8513007674823,25.4345293156152,25.7043410452906,25.7370309963934
"P43609",5,4,4,2,3,2,0.0114890466537381,0.0497966280847052,25.6280917358432,25.6980262586286,25.5433684478963,22.2458589872959,24.1786290829929,24.2804435466338
"P43616",9,8,7,7,7,6,0.000702562966820447,0.00643329247800911,28.890999660796,29.0577157462705,28.9816093565544,27.9923448419623,28.2886355204848,28.0035090197398
"P43686",13,14,14,15,16,14,0.0244198733609303,0.0871701582727417,29.3386563950843,29.4510206100278,29.4951888749359,29.7285890980843,29.7352781818667,29.8037284441142
"P43897",5,4,3,4,4,3,0.526961252862535,0.661983911081644,26.8878993705369,26.4349690788532,26.2070611363344,27.0178022449325,26.7970483014475,26.2602656646962
"P45523",1,1,1,2,3,3,6.31872215339313e-07,0.00045670308559307,22.4788154971311,22.6112168763317,22.651543263821,25.9378620215108,25.8655469955156,26.2523029138354
"P45577",1,0,1,3,3,1,0.00999352911162708,0.0450498812324533,22.4569959062124,NA,22.4755155581337,25.9813719857126,25.7217051268857,23.956585873583
"P45880",11,11,10,11,11,10,0.383743152171844,0.536346893446063,31.0432309333549,31.2265532528417,30.8387534452391,31.3183789526106,31.2181254713911,31.0118651530345
"P45973",7,6,7,7,6,8,0.556829142674668,0.684744255948154,28.0410585089363,27.9099930110673,27.8955497975823,27.9628188896591,27.6051977670583,27.9993382019515
"P45974,Q92995",16,18,18,17,17,17,0.851307926812878,0.901082775433956,28.8083514791625,28.8033122189604,28.7643755077513,28.6962936216925,28.797151050709,28.8210800452703
"P45978",1,2,2,2,1,2,0.722519507494172,0.81105659281211,23.7270410705548,25.1385041560023,25.3268620459835,25.44103305883,23.3422887710668,24.6598835451067
"P46013",1,2,2,1,1,2,0.604854064129101,0.722152379104151,23.9002866691121,25.5349965895788,24.194771481083,24.4828776015726,24.9198070861257,24.9659161554867
"P46060",13,14,14,13,14,13,0.284833071427544,0.445613330539251,29.0805566995741,29.0850755043458,29.1233214784332,29.2413041142669,29.221971182378,29.1816891572391
"P46063",3,3,3,4,3,3,0.0494189273048546,0.146205672091275,25.3290440844853,25.5511230544785,25.4289568473747,26.5085820435155,25.7994389946902,25.7443923231651
"P46087",6,5,7,6,7,8,0.350007768152755,0.505936450669477,26.551359502537,26.6937155840428,27.0934209657998,26.6651725075547,27.1459233281438,27.1962937639143
"P46108",4,4,4,4,4,4,0.061486924504353,0.169488428754597,25.4341899256057,25.3070859909377,25.4042316456075,26.0626919962699,25.4982296824213,25.7749204538889
"P46109",15,14,14,15,13,14,0.0880949105348103,0.215669576805724,30.2778501874945,30.3457715151002,30.1959894592396,30.7759915837327,30.3951666187988,30.5162653000689
"P46367",17,17,18,16,16,15,0.000263510577949856,0.00399613699256041,30.1471991531698,30.0481666726512,30.02282078848,28.9842248238141,29.1241487961027,29.2382916770788
"P46379",15,16,17,16,13,16,0.500996915114702,0.643941828273701,28.7022565954846,28.7340061727571,28.7498152094871,28.8560427473882,28.6921821834631,28.8765969072576
"P46459",10,9,10,10,11,12,0.200818163176164,0.359643179524791,27.506189104928,27.4285324392976,27.5086903638633,27.4418856607264,27.7665181721455,27.8843405636866
"P46654",1,1,1,1,1,1,0.00107139931418009,0.00851519803360549,26.1462653504994,26.118785690446,26.2482161714374,25.5606032975345,25.4258020674183,25.2891031866635
"P46655",18,18,19,17,16,19,0.000579448883919081,0.00584833143459922,30.0945244760151,30.1464660716808,30.286556149584,28.9285163930621,29.2213970297981,29.3303756159185
"P46672",10,10,9,10,8,10,0.00162472581577757,0.0114914715838407,29.4925251132518,29.3318224452938,29.1279604726794,28.0368808088738,28.3979276657687,28.5184884567958
"P46680",7,8,8,5,4,5,3.39977319250538e-05,0.00161560055252183,26.698878875333,26.8789896240996,26.7793146546566,25.2834033561561,24.997335534897,25.316966907498
"P46682",3,2,2,0,0,1,0.000669768292041491,0.00629996484184182,23.9857055616298,24.0454126520524,23.9505810741787,NA,NA,22.1410984225094
"P46683",3,3,2,3,3,3,0.0902623868126738,0.219146891239711,25.0818310617515,25.115600800298,24.3280953516273,24.442182099838,24.2330267882176,24.3753124887094
"P46736",3,4,2,2,3,3,0.859598083924406,0.906492477776963,25.1332715693086,25.2384693788633,24.5599665724931,24.4364649199647,25.3632916048221,25.3105768382676
"P46776",4,4,4,4,4,4,0.288771702008365,0.44977005959787,29.8927101251239,29.9197906381348,29.9566762449407,29.889834038291,30.2150387578951,30.1139570677388
"P46777",11,11,12,11,11,13,0.258853009143598,0.418611962803721,30.9782035996864,31.0668052560116,31.1186985954985,30.9722150720443,31.3433993794429,31.4475992172459
"P46778",4,4,4,4,4,4,0.508057852522154,0.648607705249119,29.4937921706122,29.6320419037303,29.6430687468871,29.2368789929708,30.2729158162701,29.8355032448035
"P46779",5,3,4,5,4,4,0.342063588360755,0.500639746583819,29.2329285022853,28.9676395940964,28.9918704210134,29.1488386858262,29.2179473075951,29.2073384367343
"P46781",7,9,8,9,9,9,0.456645157685506,0.604531401439722,30.5174671733793,30.9375015707249,30.6631656045887,30.7162516954141,30.9043113030439,30.8570961099126
"P46782",5,5,5,5,6,6,0.819705062423697,0.880846718815761,29.9084324919907,30.1568594243245,29.9533112893648,29.9558611382881,29.8086092661308,30.3878108094401
"P46783,Q9NQ39",4,5,4,5,4,5,0.0976445425748286,0.23080539027273,29.6670715248238,29.5659766923077,29.6206998085532,29.8286689723422,29.8477720624103,29.7876410585677
"Q08745,P46784",2,2,2,2,2,2,0.0143884736800913,0.0592955889147031,29.5574109636933,29.2474682767467,29.4525949660207,28.6711045296343,27.3211022388364,28.4335026201841
"P46821",19,20,16,22,21,21,0.0191972369881388,0.0731714082801899,27.6447215585756,27.7496092975427,27.638509917941,27.9544006084317,28.0719045478192,28.0470332874867
"P46926,Q8TDQ7",3,2,2,3,3,2,0.0115179525524646,0.0498528458674986,25.3165544794533,25.0600167558907,24.9425137929106,26.0544747945413,25.7556071392578,25.5334664996401
"P46940,Q86VI3,Q13576",32,31,33,34,29,34,0.153577313633208,0.305531854420619,29.3011961572542,29.3349929028189,29.4511971569819,29.6529306703947,29.3941965767108,29.6857175626848
"P46969",2,2,2,2,2,1,0.0715799377188891,0.186919104678633,24.3505966388069,25.048238135651,25.4609992549675,24.2398181476439,24.1192846221684,21.9141779223492
"P46976",2,3,3,3,3,3,0.119442353391839,0.262851590087543,24.6768573819549,25.2715031409323,25.6803106073325,25.6033447235674,25.7145110174166,25.7669478964778
"P46984",1,1,2,1,0,1,0.00904136187974802,0.0417899624066975,24.6778251465666,24.6875350484333,25.1976301389457,23.4044035435495,NA,23.9780014991808
"P46985",2,1,1,2,1,1,0.317510666290291,0.476668536200301,24.7020485066082,23.4441768165197,23.4111498884479,24.3737440438206,22.3409684031794,22.7586277303691
"P46988",3,2,2,0,1,0,0.0126203813048704,0.0535076017777126,24.7269826322746,23.5313201508743,24.4252629121944,NA,21.7447012442392,NA
"P46990",5,5,5,5,5,5,0.0852961304039852,0.210646952862264,27.9783110018602,28.0893358616276,28.0981359348222,23.8627296746668,27.2015445675498,27.2452241015618
"P46992",4,3,2,2,1,0,0.0317511932728802,0.105698134001223,25.5102186257723,25.0318522727225,24.0749010085787,23.7505152859462,22.730653755713,NA
"P47018",5,7,5,2,4,3,0.0235032183974635,0.0848047830882414,26.2771070200122,26.7235561567105,26.4822040990914,24.2060027606544,26.0690627074016,24.782588762228
"P47031",2,2,2,2,2,0,0.256551549489109,0.416804903407875,23.8876902691465,23.0041441222426,23.6879935306811,23.1959301744512,23.0775859919468,NA
"P47035",2,3,3,1,1,1,0.00404623753580954,0.0223062562571057,23.8321603033764,24.2160614408299,25.0019107644016,22.3959963749404,23.1288893315641,22.6316534103841
"P47039",4,3,4,2,2,3,0.0598858816986931,0.166686633501792,25.2000509961617,24.4392806033025,25.33210347664,23.4433968637706,24.3043252127764,24.5653882350264
"P47044",3,3,2,2,2,1,0.0276817486753663,0.0957366503423957,25.7345307625674,25.1005179576201,24.6594306335747,24.5150781363118,23.9506974380346,23.0408481220304
"P47047",3,3,3,2,2,1,0.00889181644232761,0.0411821996039579,24.3719814453579,24.0824521761154,24.1918126221521,22.8666883556462,23.1753803782066,21.5439697219042
"P47068",8,7,8,6,5,5,0.00288552815252553,0.0172075548128385,26.5020800014067,26.0791684793579,26.6198364406494,25.1196795988415,25.3962232222711,25.6118111041174
"P47075",9,12,13,9,10,11,0.0966017007161855,0.22965796799042,27.8403409877635,28.9712716875024,28.8194578014578,27.6805971447253,28.1061340071248,27.8907803172317
"P47079",11,10,12,9,7,10,0.000367607059189571,0.00456954606000769,28.0991034770696,28.2882021111796,28.4393188415121,27.3114614795823,27.112930682185,27.2936296057124
"P47089",2,3,2,2,1,2,0.0112885544425768,0.0493279553324092,25.850005744043,26.1103226105753,25.9583071628935,24.6754056079798,23.5384021042909,25.1426046294054
"P47116",2,1,1,2,0,2,0.614617985191332,0.729229453431172,23.9795378877585,22.1394436290609,23.0402505946064,23.3372161754323,NA,23.37053159905
"P47117",7,5,9,6,6,5,0.0051992697667012,0.0272632973283803,27.2512533103272,26.8107030908669,27.3597967323951,26.453548936307,26.3193453955177,26.3560135715308
"P47119",2,1,1,1,1,1,0.0217238020979734,0.0804568940537184,25.3611027552132,24.0125338297966,24.4676772029279,23.3906305115099,23.6172694815751,23.5584905233226
"P47120",9,9,11,6,5,9,0.000266429469288708,0.00399613699256041,27.4705949903262,27.5833259865879,27.8109437372692,26.3806236767068,26.4635435374295,26.6268449754591
"P47122",2,2,3,2,2,2,0.108473340303151,0.246933821588311,23.7652168507621,23.6638978097068,24.9407899188483,23.0261809506565,23.6171364591196,23.5202645188703
"P47133",2,1,2,1,2,0,0.550294758676892,0.680890883939241,24.1179776041114,22.254613262226,24.2271705977373,22.3018807312397,23.7452369375212,NA
"P47137",2,2,2,0,0,0,NA,NA,23.8790909129197,23.7939454846019,23.9767119519813,NA,NA,NA
"P47143",8,9,9,6,7,7,0.000107539465441072,0.00304717416982713,29.1500895615294,29.1185560005426,29.0090948213899,27.3325025185025,27.788464968303,27.7145948329808
"P47154",4,4,3,2,3,1,0.00127747136559968,0.00958523745043707,25.8664133705257,25.6737976260602,25.2384717386044,22.5392782447896,24.0154151658513,23.1773103074042
"P47160",3,2,3,3,2,2,0.261112119621716,0.420695420445266,25.1304908311918,23.3445790728814,25.3566240289918,24.2052170027986,23.662445363834,23.8861377789126
"P47173",2,1,2,0,1,1,0.0464491479800309,0.139108803510323,24.7622544369063,23.3815762267889,23.9607500880917,NA,22.1457527349584,23.1406698999583
"P47176",9,8,10,4,4,6,0.00597315070960889,0.0301099597096528,27.8277936702299,27.4165414967507,27.9894479488383,26.5488829208508,26.9407928899766,27.0329194501595
"P47755",6,7,8,6,7,7,0.629704503680119,0.741073810662809,27.2350103693045,27.2970623968292,27.6308022356483,27.450199864033,27.4395210674101,27.4916541867982
"P47756",9,10,9,10,10,10,0.256004864328321,0.416245618390306,29.9033831066228,29.8662016808,29.3555309197178,29.8540250404119,30.0063782789496,29.9511450576122
"P47771",0,1,1,0,0,0,NA,NA,NA,22.8388571227031,23.0536283321038,NA,NA,NA
"P47813,O14602",3,3,4,3,3,3,0.0523460419758047,0.152249334514426,28.4772112717211,28.5288639765575,28.4054820973718,28.2701065335426,28.2298223066211,28.0244845102191
"P47818",2,2,0,1,1,0,0.00930052183348875,0.042599378116843,24.1504109660585,24.4025227564508,NA,22.2203675596322,23.0074799081402,NA
"P47897",23,22,19,22,21,19,0.714314807769079,0.80579389334713,29.6732831288339,29.324667947725,28.9480042623687,29.4615770652662,29.3818933654799,29.3368400382539
"P47912",8,5,8,3,5,5,0.000178743932848476,0.00357644658620504,26.7803607941394,26.2792870738151,26.8080688191486,24.8273645719962,25.0514993741368,24.546492990223
"P47985,P0C7P4",5,5,6,6,5,6,0.0279130548630706,0.0962563115811132,27.9665413796034,27.9427487030695,28.0526223532418,28.4084731542894,28.2191802983895,28.3200942647047
"P48015",5,5,5,3,3,3,0.0001701304688285,0.00349610449907936,26.4432887558748,26.3970340230162,26.2928054002447,24.8721111160158,25.1956548742425,24.6378548590912
"P48047",7,7,8,7,7,8,0.188959430931549,0.34661557053065,29.1446311072364,28.836975191951,29.0877806863256,29.1105930801163,29.2393874700708,29.3344192730332
"P48059,Q7Z4I7",5,5,2,5,4,4,0.331407854113084,0.490870983916847,26.2825646129298,26.2278137835352,25.091142159575,26.1795551983516,26.5558226696219,26.0228918163226
"P48147",17,15,16,17,15,16,0.124661684110591,0.270297815072489,28.2741305159192,27.8331697335497,28.1712725571342,28.4104629481066,28.3527545096905,28.3252644176819
"P48164",9,8,9,9,8,9,0.000208293421397104,0.00365799792137814,29.4077065284376,29.2524779766695,29.3745157466886,28.2769260764463,28.3284841128709,28.4834837529444
"P48200",1,2,2,0,1,2,0.990412572130503,0.993679822753322,22.1703176865613,23.8241415488849,23.5679518101152,NA,22.5311062893146,23.8270273666705
"P48415",4,3,3,2,2,0,0.00209403552196176,0.0137058680791815,24.9876092720986,24.2601644499626,24.4733914713266,21.904484676652,22.7973330457254,NA
"P48426",4,3,4,4,4,5,0.118510053780796,0.261607566373904,25.4805427316944,25.1820436777368,24.7808655566905,25.721622945353,25.4079200312061,25.4770529317703
"P48444",12,10,10,10,11,10,0.190255912571452,0.347530992279818,28.1679842285633,28.5181332702851,28.575542952201,28.688115277249,28.8188932219021,28.4916541867982
"P48445",3,2,2,2,2,2,0.489647998926247,0.634234574418382,24.9849238249318,24.0598749885795,23.8063205339651,24.3587475659902,24.1926228771202,23.4228774930172
"P48449",5,3,5,7,5,4,0.11322488181569,0.25255159350519,25.6699432040654,24.4586052381533,24.9338737499173,26.1883072242885,25.5853270854019,25.3698698340054
"P48507",5,5,5,5,5,5,0.141286763792748,0.28994471777428,27.1590781755597,26.580425723975,27.1312913361971,27.1827741384203,27.3373432607386,27.3238007431828
"P48510",4,4,3,4,4,3,0.00121001370920176,0.00925337941522014,26.4724436381661,26.5065421752669,26.8932748254807,25.5451963779687,25.7167475135678,25.7682159474914
"P48524",1,1,2,0,0,0,NA,NA,23.1203999672766,23.170633228371,26.3730575319538,NA,NA,NA
"P48526",1,1,2,1,1,1,0.000125567017042429,0.00318408626679894,25.5323241628135,25.5576138723076,25.647096213226,24.1327783266623,24.5181707954697,24.2764136695976
"P48556",6,5,6,6,6,5,0.526389230381976,0.661857431501565,28.3452861979966,27.7158162977065,28.1264776168323,28.3618847132789,28.3646887730988,27.9103081901289
"P48570",3,3,3,3,3,3,0.00196777876838022,0.0131325825907535,25.9757557322073,26.4320966819945,26.1827726350406,25.2227075860375,25.4387309515756,25.3897473705581
"P48589",5,5,5,5,5,4,0.000358544242682661,0.00453096630226676,30.9333227140044,31.0853149395481,30.9698284539547,30.0395005628258,30.2293872521368,30.008832156036
"P48606",3,5,3,4,3,3,0.0113593216119926,0.0494477339636547,26.3681270214528,27.0240251083991,26.2152532990077,25.8961399971948,25.3061416893456,25.2432812165828
"P48634,Q5JSZ5",17,18,19,20,16,18,0.392443009451685,0.545997258041655,27.4978221674035,27.5692640974529,27.5777148683671,27.7689188127533,27.5113336615326,27.6964867587738
"P48637",4,6,4,4,5,4,0.0527264056347572,0.15262554727523,26.3485849614747,26.3625354645902,26.3329037671183,26.6504633741699,26.5051649934882,26.6881685848872
"P48643",24,24,26,25,27,27,0.122519876565553,0.267305440885726,32.0695737982593,31.7853779060507,31.8446525066506,32.0805070887583,32.1933842622182,32.1081822728696
"P48681",1,1,4,2,2,2,0.277477440595414,0.437708189486957,22.7339900103044,22.1071807033579,24.338094862208,23.9247160441347,23.4440502306557,23.8887799169581
"P48729,Q8N752",3,3,3,2,2,3,0.855062892041691,0.902962248494026,24.7073898494029,24.9126841856153,24.9168563040931,24.4966436064181,24.750946739671,25.1742814039313
"P48730,P49674",2,1,1,2,1,2,0.943128967071859,0.96318655647679,22.6392450993956,21.8714364933038,22.7305554475838,23.0000821957015,21.3229425856939,23.0373278822249
"P48735",13,12,13,13,12,13,0.193826388237815,0.351026591163522,28.4447996641105,27.9458686676098,28.3068462142343,28.4584664272807,28.4151491974813,28.5363269896449
"P48739",3,3,4,2,4,3,0.53878719905237,0.670960669644997,26.0169912102554,25.8218024944556,26.232357449014,25.0140183858042,26.3176682710362,26.0361406406016
"P49005",7,9,9,7,7,8,0.651162915877219,0.757227943469761,26.2726099307713,26.8069068002858,26.4845210616465,26.3963712390298,26.627508572009,26.814320784942
"P49006",5,5,5,5,5,5,0.154727187677011,0.307234313636176,29.1628902180824,28.991876120091,28.8499785557648,29.1529759767913,29.3020151927668,29.1883398551035
"P49023",3,3,4,4,3,3,0.129533276507855,0.275911410292128,23.9602786229382,24.1281969822195,24.7233885769943,24.7126200434266,24.8829396353132,24.4790706669518
"P49089",6,7,7,6,6,6,9.81575000909455e-05,0.00291525550512484,27.8200756004733,27.8072235396572,27.9314225913153,26.8756546419502,26.8020744292479,26.8545219654799
"P49090",13,13,13,12,12,12,0.001227626535663,0.00934192396065425,29.2865005670391,29.5119122053469,29.1751227518721,28.4876603979427,27.9133619786878,28.2234541822512
"P49095",7,8,7,7,6,6,0.000303868044451279,0.00426537236549764,26.6447060913788,27.1214881789867,26.7697418863892,25.2873686221637,25.662219743805,25.3335144783714
"P49137,Q16644",0,1,2,1,0,1,0.301061443463491,0.460886679557197,NA,23.1504035662762,24.0436765118917,22.3822197088471,NA,23.505076311911
"P49167",2,2,2,2,2,2,0.00230121557807785,0.0145842569556266,28.4161354602207,27.8331697335497,27.8407894640508,26.9737538101238,27.0733597333247,27.0660772658363
"P49189",7,7,6,6,5,5,0.785115335452361,0.859125967938036,27.2033311880134,26.6548215778733,26.7540360405037,26.9031017306856,26.6976887650077,26.8573350050969
"P49207",4,3,3,3,3,4,0.199635610919713,0.358276025576605,27.2897434976213,27.3769035607157,27.2533129435235,27.2884612840645,27.6846247493769,27.5665163186296
"P49247",5,6,4,5,5,5,0.200406471734312,0.359235490786614,27.0675488818711,27.2449374029405,26.8753371737978,27.1544466717261,27.3055020550895,27.3413479608085
"P49257",3,2,4,4,3,2,0.504645527565001,0.646384239615391,25.3034856168154,24.6568851170652,25.3900476742219,25.547230309593,25.329062882527,25.013096750362
"P49321",32,33,33,32,29,32,0.50627327130203,0.64761531875653,31.5801737244424,31.8095573474277,31.7458033393248,31.6330345868486,31.8277488649849,31.9741346185168
"P49327",78,76,78,78,75,79,0.140011931670956,0.28875878493802,32.7888099197453,32.6898057518236,32.7034021077904,32.9282725511097,32.8530546819307,32.9381336415604
"P49334",2,1,2,2,2,1,0.68255098178154,0.782951365071004,25.2783836354567,23.4829710729086,26.7392357385619,24.9014587692651,25.0322737263899,24.5316361862725
"P49354",1,1,0,1,2,0,0.296622606622829,0.456850888390731,23.3942614035948,23.3606664090165,NA,23.3005243616623,25.0149608770464,NA
"P49366",4,3,4,2,4,4,0.535318421891898,0.668259935369785,25.307672732235,25.4094100737204,25.6076770094088,24.8196273979818,25.2653440964424,25.7387406113429
"P49368",27,27,28,29,30,29,0.0754565959713476,0.193498027443107,32.4227238168815,32.435754572166,32.5286969056216,32.7547056847769,32.7132106257513,32.6207199249394
"P49406",6,6,5,5,4,5,0.513129508401654,0.652423862131646,26.0435594478902,25.9016717192418,25.1715681692628,26.1896761519028,25.6214534229878,25.8944003576324
"P49407",2,2,4,3,3,4,0.24066315435454,0.401574729394811,25.0829730307513,24.4910900432232,25.2731943013986,24.9881636651588,25.2666167632865,25.6751926344566
"P49411",22,21,22,22,22,22,0.223659635046636,0.383939966156554,31.3743992323724,31.4190996512327,31.2374589401912,31.4081294000517,31.6132234425001,31.4990763007131
"P49435",3,4,4,3,2,3,0.0110285657492672,0.0486109342494272,26.9711744148238,26.8661763456923,27.0413002090877,26.5538808634192,25.6490405106357,25.9385288508893
"P49454",5,4,4,5,4,4,0.606947566291272,0.723704860799996,24.7604283848743,24.5013576329674,24.1266506952371,24.6901447138798,24.5412091779285,24.4680411037485
"P49458",2,2,2,2,2,2,0.144300091645273,0.292706544280006,28.4415982190766,28.2339055966576,28.4140835016356,28.7338579419926,28.5206975008826,28.4917990211564
"P49459",2,2,2,2,2,2,0.160139468816402,0.313678083615468,25.935559139528,25.8922077471001,24.9928970458662,26.0671915866687,25.8308082080627,26.4218897151963
"P49573",3,3,3,3,3,3,0.00543456378994148,0.0283019178193071,24.651957458592,24.555905946224,24.746569067943,23.456706864049,24.0848765346666,23.9252705962855
"P49585,Q9Y5K3",2,1,2,2,3,3,0.126815645969796,0.272507290115031,24.3824077402584,23.6533189660558,24.2503508399917,24.0891501860107,25.0055400712912,24.9195540512768
"P49588",26,26,30,27,29,31,0.293846335793875,0.454415926742935,30.6623044869124,30.7926610542075,30.7873523377741,30.7781947326071,30.8936255740979,30.9682263161739
"P49589",13,13,11,12,13,13,0.311414577707256,0.470421623675663,27.8735185949496,27.6242881508781,27.7125249488041,27.8794220978456,27.9023510613634,27.8210224077864
"P49591",14,11,12,11,13,12,0.256024814818763,0.416245618390306,30.1602417812153,29.9308551438212,29.7718248962864,30.2641980194174,30.099944880656,30.0533029447559
"P49593",12,12,14,11,12,12,0.236900335291375,0.397915806185291,28.1449318595226,28.3875688483751,28.4391529439415,28.3435043007063,28.6348612742644,28.5657597746011
"P49626",11,11,11,10,10,10,0.00642120834091429,0.0317799561680703,27.1504981142684,27.2326484144717,27.2426299127606,25.8581826057779,26.6125396572891,26.445142468419
"P49642",5,6,6,5,6,6,0.113558783009173,0.252833171345949,26.3083173288237,26.0390619778441,26.2283999404395,26.319995409335,26.5708048498197,26.4333065680267
"P49643",3,4,3,4,5,3,0.099555722480265,0.233268210557252,25.0550804112735,25.1132800924245,24.6867419671764,25.5751042324801,25.6692938415812,24.9827497234832
"P49720",5,5,4,5,4,4,0.627366631804523,0.739738065208641,28.1380261146517,28.4706663082823,28.334367435581,28.8324903083777,28.5013682123104,27.9823271459815
"P49721",5,7,7,6,7,7,0.0412668932421694,0.128592600389875,28.5303749307357,28.7340617037441,28.976931389968,28.996009232475,29.2757891078484,29.2664587727913
"P49723",7,9,9,8,7,6,0.00022072740426587,0.00375730753082425,29.5014779987648,29.8223458273279,29.6509692223732,28.4740888873672,28.6323542044078,28.6128302364833
"P49736,P29469",23,24,26,24,23,24,0.0505809878194843,0.148679424247737,30.1126700533279,29.9895986326416,30.2174295261407,30.4753567529001,30.3183690144138,30.4083845215835
"P49748",12,12,14,13,10,14,0.135239350263004,0.283660650988424,28.2053250930973,28.0955300191573,28.001272644351,28.3536843517976,28.186102602225,28.4064075299258
"P49750",7,7,6,7,7,9,0.0547922071373109,0.157110024488003,26.1497571866297,26.1629978138544,26.0203211411284,26.3266740061857,26.3817318744225,26.7902636322051
"P49755",4,3,3,4,3,4,0.879242070116467,0.920822388400212,26.4289185236705,25.7167607642238,25.6504247604828,26.0592174815137,25.6956114952937,25.9237469663158
"P49756",9,9,9,9,10,10,0.470044718309474,0.61744061224409,27.902720374512,28.0449471683724,27.9725362760101,27.8624251363203,28.3114232943194,28.0954910766798
"P49757",2,2,2,2,2,1,0.0262871035209942,0.0922475125098273,25.2160448190746,25.2110271854851,24.7904274678596,24.7193010435535,24.4022185854399,23.9578445868002
"P49770",7,7,6,7,5,6,0.779745527106926,0.855483490526892,27.3679958648031,27.298114471601,27.3507939260141,27.3811455764011,27.2906699469639,27.2524225948709
"P49773",5,5,6,5,6,6,0.0626626863163355,0.171691996982056,29.4760382252318,29.5303676004902,29.4631090172579,29.7446011645851,29.6607644529177,29.7930577582099
"P49790",16,12,16,15,17,21,0.113376953857657,0.25255159350519,28.5740750669984,27.6883377242309,28.1182945532383,28.4467414337233,28.5197638471463,28.8578969554179
"P49792,Q99666,O14715,P0DJD0,P0DJD1",53,50,54,54,48,50,0.201065350680559,0.359818550764921,29.4164525709024,29.3146213744683,29.3627035921886,29.5633652855987,29.4505048301219,29.5382916063989
"P49821",4,6,6,5,4,6,0.43081698269105,0.579760199125832,25.726076536106,26.5601469188627,26.5545612444547,26.6801102491819,26.1179455631447,26.8297569858178
"P49840",6,5,5,6,6,6,0.0934973745385586,0.224638025793914,25.8987310907984,25.7485101850098,25.6547289923816,26.2579074093839,25.972958054753,25.9345279239003
"P49903",4,3,4,4,4,4,0.0308920857476589,0.103777389676598,26.3957583435283,25.9291535750415,26.2698997098688,26.7034524135696,26.6312348918584,26.5850984985799
"P49915",23,25,26,25,26,26,0.0815717188626396,0.203507899183187,30.800181274483,30.9074716226433,30.867209154361,31.0309034719649,31.0596746960321,31.167807928883
"P49916",3,0,1,2,1,2,0.890120126046905,0.927482933034186,23.7662408860879,NA,22.9653581616724,23.1272397193036,22.6960586756182,24.059213219389
"P49954",3,4,4,2,3,1,0.00283945481591587,0.0170442011450108,25.5094034286658,25.9309375050524,25.9140513782208,24.2480648137217,24.5322777949863,23.2582748365977
"P49959",8,8,9,8,9,9,0.694689194278743,0.792791508129767,27.0328678846663,26.9239832465502,27.145921516374,26.7804384837646,27.1936491188614,27.3534335187752
"P50085",2,2,1,2,1,2,0.875731022564861,0.918199247285888,24.7085149425614,24.9437094109967,22.8942394644734,24.5730754105442,23.689013672752,23.9948589672395
"P50086",1,1,1,1,1,0,0.00305130519003268,0.0179573983426593,23.7121211647556,24.011581241422,23.8420950250693,22.8486651281354,23.0541942179617,NA
"P50094,O42831",1,1,0,0,0,0,NA,NA,22.730566360577,23.0477735628641,NA,NA,NA,NA
"P50095,P38697,P39567",11,11,11,11,9,11,0.0106880400511226,0.0474769607723674,28.0664523677964,28.2734148564757,27.6381052754347,27.2384533322725,27.3489045873536,27.3080951139109
"P50101",2,3,3,0,1,0,0.713239271142001,0.80559483905665,24.0843422014347,24.5297855320285,25.353951302696,NA,24.429821669817,NA
"P50107",2,2,2,2,2,2,0.0159427297442337,0.0639036409448612,24.6962097989071,25.2853931821126,24.8694196869154,24.3254693174073,24.3072139878159,24.4122041419125
"P50109",2,2,2,1,1,1,0.00267355021287858,0.0161975246628846,24.7277421453434,24.7869820180199,24.2141368059499,22.8002975323458,23.4440952255889,22.2045991026977
"P50213",5,5,5,7,7,7,0.0303266524012285,0.102633670811873,27.5600787077264,27.2755529747491,26.4674429548218,27.9384662806898,27.9178239256699,27.9367744909735
"P50226,P50225,P0DMN0,P0DMM9",2,2,1,0,1,2,0.401074356774727,0.552112617865512,23.2034403994018,23.4230592923928,21.6470456519403,NA,23.0115744453852,23.6383259602825
"P50278",2,2,1,1,0,0,0.257173311661403,0.417040537899568,24.0754651764427,23.9300845963424,23.1261231533934,23.0898314791834,NA,NA
"P50336",4,2,3,3,3,4,0.294086824603371,0.454479706585561,24.5893680692706,23.5381549218502,24.1954631045278,24.3728113170767,24.2312027357239,24.7819256283739
"P50395",21,19,21,21,20,21,0.072832910516595,0.189324067109234,30.9744394774796,31.0149011257897,30.9035562161246,31.2306716569452,31.1513734088387,31.1971933347691
"P50402",4,4,4,4,4,4,0.709590803639501,0.803463203326732,26.2317603135149,26.2041324003933,26.2155787801238,26.1602694585639,26.2468706159916,26.1224475346822
"P50416",3,3,1,3,3,3,0.0978993379684591,0.23087854559418,24.0883509556275,24.174763177236,23.1974104431758,24.1291005602429,24.6362977923965,24.5099470920019
"P50453",8,9,12,10,10,12,0.855047203562595,0.902962248494026,26.831807111176,28.2358285362691,28.574274489482,27.6125928003694,27.4541165502864,28.2867595172095
"P50454",11,11,13,11,10,12,0.801204918228182,0.868271209132894,29.2018602294291,29.260249282848,29.1112106409683,29.4589929625009,28.9904198064115,29.2461258799269
"P50479",1,2,2,1,2,2,0.340976842871444,0.500009117081249,23.462229082331,23.8732931919872,24.2733432001655,23.9059254042519,23.9891354699598,24.6035247999991
"P50502,Q8IZP2,Q8NFI4",8,8,8,8,8,8,0.16589173428683,0.320541334949817,30.071840348708,30.0946436768277,30.067188070246,30.2172022748114,30.2874866284057,30.2109499659005
"P50552",9,10,9,8,10,10,0.721218635500557,0.81034250715166,28.2565260279004,28.4449437436206,28.1853861419914,27.9418113958292,28.5991911670012,28.5893685347044
"P50570,Q05193,Q9UQ16",13,11,13,12,15,14,0.0267734826347867,0.0933083481893789,28.3588794266009,28.1964308912389,28.2412223496204,28.5321578659198,28.6527360341472,28.5934910060652
"P50579",12,12,11,11,12,12,0.602984417056362,0.721433940379427,30.6151292807753,28.7257360035733,28.7224291352583,29.1105056555332,28.9859196177057,29.0822544809259
"P50613",2,4,1,2,3,2,0.687944280431094,0.787647047176541,24.5970621191012,24.9077301138911,23.95704707004,23.6434711836565,24.9752431836299,24.3246953873724
"P50748",0,0,0,0,0,2,NA,NA,NA,NA,NA,NA,NA,25.7039323286527
"P50750",2,2,3,4,3,3,0.0551392513872591,0.157708629986631,24.4243847981499,24.6916583460537,24.8268368115689,25.5607056877386,24.9125627804343,25.0323022288572
"P50851",16,19,14,16,19,16,0.471866542538782,0.618579070994806,27.7390871189375,27.9404403905116,27.4151635148173,27.7195609156166,28.0786225106468,27.7328461120417
"P50897",5,4,4,5,5,3,0.66900250171311,0.772851206081339,26.6595400249101,26.5635257438538,26.7434338468474,27.1150156724434,27.0587414029921,26.1679688173754
"P50914",2,2,2,2,1,1,0.881730127596382,0.922792576759508,27.2515580299483,26.861405423707,26.8265527246083,27.434920368104,26.8366754478785,26.7758247262036
"P50990",31,31,32,32,32,32,0.0644529616896709,0.175090197856292,32.9816900840676,32.8606807930862,32.9318648147683,33.071740054174,33.2669003089765,33.2175057493438
"P50991",21,22,22,21,21,22,0.162233759043736,0.316463264233145,31.9829523347307,32.0934267716892,32.0346452072067,32.1201992956746,32.2372861344283,32.2832807882935
"P50995",11,10,12,11,11,12,0.0212340649783195,0.0791419970842268,28.5710262168219,28.4363348794294,28.590767762507,29.0144420738121,28.8604706826528,28.8275496050701
"P51003,Q9NRJ5",6,6,6,6,7,6,0.182636894451491,0.339661440068367,25.8898843236562,25.3151856871452,25.703723937069,26.1494401799737,26.0725595629411,25.6598577649715
"P51114",12,15,16,15,15,15,0.235106992030577,0.396070198538956,27.9089799249113,27.7118743516629,28.0009130157595,28.0571021368214,28.0907084255451,27.9725008942807
"P51116",5,8,6,6,7,6,0.177168754392349,0.33370927231127,25.338407781504,26.1117935616858,25.4565999927125,25.9572553755891,26.6598001694934,25.7617924541751
"P51148",6,6,5,6,5,6,0.0631703305264484,0.172668093386254,26.476933302492,26.2201587006761,26.2199424276311,26.9541408038135,26.5243551546014,26.5821087376286
"P51149",7,7,8,9,8,7,0.0408999024043079,0.12779818819757,27.9700638425269,27.7906601823956,27.9246129521521,28.475402013211,28.2116013127595,28.1120268516968
"P51159,O00194",3,4,2,1,2,2,0.193426898698113,0.35072079167758,25.3747442999853,25.6512032668338,24.8278915022123,23.9786412271624,25.1048894103193,25.0795925257796
"P51178",3,4,4,4,4,2,0.287814519863251,0.448432322273276,24.6221652277812,25.5371113994979,25.7880533462894,25.1329619691066,25.1655446586235,24.2356909726305
"P51398",6,4,5,6,6,6,0.0171373694318631,0.0673390864325233,27.1372567652039,26.5509717572164,26.9265077449657,27.5375868444076,27.4504814993215,27.3922788647101
"P51401",1,1,1,1,1,1,0.00800976268638396,0.0379042509720892,27.2930038267849,26.629014085825,26.7437562728273,26.2529522619076,25.8536273131949,25.8736322704184
"P51532,P51531",9,10,7,10,11,11,0.0365007539834592,0.117816213656759,27.172336253103,27.3134326257836,26.8144270248149,27.375724088187,27.7742189438931,27.6763017968019
"P51553",2,3,4,3,5,3,0.173373599872045,0.329554317756779,24.4973254571074,25.1876665796353,25.2562388447525,25.3207210908016,26.304407829529,25.0986612818178
"P51570",3,3,2,3,3,3,0.109632275108666,0.248950940291556,25.332466576425,25.092397280013,24.4996440310515,25.4868344309035,25.6695504290372,25.2117635136906
"P51571",3,3,2,3,3,3,0.254657429268803,0.414761582407811,25.9623402726678,25.5935108137057,25.1007729583977,26.1902057108373,25.6505036078785,25.8254652624005
"P51580",7,6,7,6,5,7,0.786868700430551,0.860425458140981,25.7787830619868,26.3978754899639,26.7784756345452,26.3767130922258,26.2587933411051,26.5506145014624
"P51610",25,26,25,27,25,25,0.229275452094702,0.38984517795603,29.419529452723,29.3426793099581,29.2323459603475,29.694875472178,29.4665368734157,29.3760502273863
"P51617",1,1,1,0,0,1,0.650762021881416,0.756954702657577,21.1466061766027,22.6324977630874,22.5745596887593,NA,NA,22.476812955233
"P51649",0,1,2,0,2,2,0.499064208135409,0.642341272632525,NA,23.4016280618231,24.1055309044109,NA,23.7373029797398,24.3154293237762
"P51659",11,10,12,12,13,14,0.0207944905376645,0.077885439928428,28.0508379416631,27.7638764747488,28.0013175916223,28.1955236065948,28.6328477428267,28.6071926820673
"P51665",9,10,10,9,9,9,0.555939885484535,0.684533807714021,29.6705320475627,29.2793061005814,29.2621741913867,29.5654077989756,29.4279317660181,29.5046852204739
"P51692",3,3,4,4,3,4,0.803485964845451,0.869426701049561,26.517602314126,25.772802078338,26.3231557905667,26.4096199895929,26.0131170156673,26.3751868785887
"P51784,Q13107",2,3,4,2,4,3,0.353978614194576,0.509095346139866,24.0871677098887,24.2989405638882,24.9727196733332,24.5442991580708,25.0378000604543,24.610691226934
"P51809",4,4,3,4,4,4,0.0605029175642588,0.167765578204101,25.8582995778537,25.9658011968492,25.7686438002675,26.1440290725392,26.194184259682,26.0567482438737
"P51812,Q9UK32",9,10,9,9,9,8,0.272491687977285,0.431784328083492,26.519779712653,26.5220621281562,26.3151795410872,26.8071091717177,26.5352552038832,26.5184173688143
"P51858",11,10,10,11,11,11,0.0983049610789052,0.23139472688704,30.1865098759561,30.1710803905888,30.1165735166441,30.2869406091983,30.4128760116416,30.4006916683714
"P51946",1,2,2,2,2,2,0.00448013797071465,0.0241303298965764,23.2732783853362,23.5530381143731,23.398536556314,23.8832889079112,24.0412247101341,24.1610093137237
"P51948",3,3,4,3,3,4,0.192219788713027,0.34963885862433,24.6916654971099,24.9678615555354,25.203768076703,24.9445734624799,25.3952538906028,25.4338343400767
"P51965,Q96LR5,Q969T4",1,2,1,1,1,2,0.604058273221072,0.722147233342382,23.1131206416915,25.2002626673058,24.1513596824091,23.9821112084185,24.3473817847469,25.0893881310348
"P51970",2,2,2,2,2,2,0.0706779923895024,0.185412881702651,26.1242034107562,26.3644021018779,25.2620729052715,26.8229890632699,26.4156464279413,26.5861841500588
"P51991",12,13,13,13,12,13,0.222785799962492,0.383238619694152,31.9497303426701,31.9735194722519,31.8351960916366,32.0467147210388,32.1261074109895,32.028683189115
"P52209",12,14,11,13,13,13,0.0713171025197055,0.186565895945479,30.6847619187769,30.9408133369175,30.3661108125082,31.0435510402404,30.9773789711546,31.122809963594
"P52272",31,30,30,30,30,30,0.92916299224177,0.952976971809117,32.8593179671414,32.6037055408526,32.6486036191824,32.7342598958224,32.7468944999537,32.6640996436447
"P52286",2,2,2,2,2,2,0.00167605495893501,0.01169138030988,25.8333822245087,25.9695039530559,25.7835651761278,24.513597906752,24.9383460207269,25.100789879814
"P52292",14,17,16,17,17,15,0.126929544571672,0.27257401133824,30.4381442616584,30.5271985645241,30.1698335793331,30.6747750594379,30.6445607200356,30.5496060979413
"P52294",3,2,2,3,3,4,0.00354205860822722,0.0201733724977935,24.4620184340391,24.0591659429856,24.4431093757101,25.102762172751,24.9471565615666,25.2261466642423
"P52306",3,4,3,3,3,3,0.727498458412778,0.815041249331801,24.7745767452559,25.2975584705263,24.8545686618481,24.8338748119947,25.0364577641049,25.2745292010919
"P52434",5,5,4,5,5,4,0.136476057493957,0.285467113382591,26.9641263084698,26.9072377096947,26.4506870305813,27.2967836586235,27.0863907715225,26.9262568785461
"P52489",1,3,1,0,0,0,NA,NA,22.236246757989,23.2139606600351,23.1348030221189,NA,NA,NA
"P52553",4,4,4,4,4,4,0.00942824808265299,0.0430547224755385,26.323991667298,26.0551354955977,26.2425690735656,24.8679245982591,25.6104362378962,25.5189859746117
"P52565",5,5,5,5,5,4,0.845210503049535,0.896500886982557,30.1393989333306,29.7139029834115,29.7627060130144,30.2870695421303,30.0286464704163,29.4557428283265
"P52566",4,4,4,4,4,4,0.842669808192861,0.89469647186418,27.1407704469247,26.9001283911578,27.1306339970624,26.8658820197514,27.208514389593,27.1910406333279
"P52594",3,3,3,3,2,3,0.515127771441608,0.653647801194729,25.0320876469104,25.1269118509417,25.2397524537654,25.0842676437956,25.0685277184208,25.6502354513055
"P52597",11,12,12,12,11,12,0.343638973629485,0.50197918594227,30.6547403144005,30.7283307544357,30.4774135797038,30.7838706770141,30.6727339279315,30.7772068102805
"P52643",1,1,1,2,2,2,0.00101390753150268,0.00827450117838148,21.6346670069859,21.7409210856706,22.1032812124232,24.3283588822696,23.1732466950309,23.8460044674924
"P52655",2,1,1,2,2,1,0.568624526992513,0.695608915257207,25.6955828192741,20.9552873664682,24.4729247894871,24.5504992704537,24.6315641915885,24.1126297330431
"P52697",0,0,1,1,3,3,0.0213911736805157,0.0795326278162288,NA,NA,21.6483321152918,23.9109673595582,25.5978183226761,25.8764083290955
"P52701",10,10,14,11,12,12,0.099726819925862,0.233549154261695,27.2650029957303,27.222947069109,27.8340924748883,27.8995306181428,27.8124811528845,27.7569680465672
"P52732",8,11,11,11,12,12,0.0556250105978983,0.158219724941517,26.9582886984283,27.0971715563453,27.0606678655811,27.1321124267756,27.5635230602465,27.5668600711726
"P52739",0,1,0,0,1,1,0.0730782925223822,0.189422255958584,NA,21.3274390528938,NA,NA,22.1241979401553,21.9071753760243
"P52756",2,3,2,2,2,2,0.828217282758344,0.88651507366109,21.9003903147201,24.9271731576096,22.1842177768017,23.163486723047,22.4209332332983,22.8612416470271
"P52758",1,2,2,2,2,2,0.17181394002086,0.327408184784946,24.0264479468794,25.0944057849909,25.3223788562564,25.2522973316929,25.4518806799577,25.3825479830805
"P52788",8,6,8,7,7,8,0.42021994627474,0.57071848612842,28.5974377553754,27.8555981620732,28.4188699057784,28.4067179640519,28.4427616553189,28.5846232690381
"P52789,P52790",13,14,16,14,16,14,0.164014855846145,0.317857167531909,27.6757073176687,27.9865253026853,28.153221799222,27.9562179319195,28.5437571274338,28.3166644274276
"P52815",4,4,4,4,4,4,0.0827629261504928,0.205981707091407,27.7173371687672,27.9737899118002,27.9615357564498,28.0322116899873,28.1850934108759,28.2967830387513
"P52888",11,12,8,12,10,10,0.575197061633555,0.700119795937108,27.9922968099544,28.0052820149393,27.6361961448764,27.899193263987,27.8646788384052,28.1564209710552
"P52895",1,1,2,1,0,2,0.213844306945081,0.374521922284052,22.3447893041693,23.0933672522232,23.6637535571796,23.3800396984575,NA,23.966958399569
"P52907",11,9,9,10,10,10,0.382346175197846,0.534886001610724,30.0862910272813,29.6754410109578,29.663662681614,29.9979482224686,29.9210603322224,29.9421636807359
"P52910,Q01574",13,14,14,8,9,9,0.00016822549510431,0.00348838503939028,28.998150028332,29.0445218356394,29.1567976039195,27.6321315103872,27.9541506605305,27.4650491978343
"P52948",19,18,18,20,20,21,0.330776031323597,0.490386237995023,28.5022678089732,28.2069518859193,28.1130212811834,28.6222726009874,28.3572912119006,28.346642849291
"P53004",4,4,4,3,3,4,0.624039536196977,0.737067059989835,27.0992727909132,26.9633589827448,26.8550860635539,26.8686415749939,27.0473094308663,27.224718270441
"P53007",5,5,6,5,5,4,0.15104801365949,0.301831379025226,27.7281071535784,27.8786882568929,27.63161551252,28.0752532636986,27.9868851262796,27.8257410507928
"P53008",2,3,3,1,1,1,3.9006482826107e-05,0.00176185717477921,24.5659059347206,24.9749087574967,24.6321032586726,22.4773920624889,22.725282602401,22.913191996377
"P53041",10,8,10,10,10,9,0.172067666569022,0.327754778658821,27.3331001921761,27.3517189868661,27.2817163122595,27.4997264987277,27.8144404000284,27.3580488736421
"P53044",5,4,3,2,1,1,0.000402845377651702,0.00483149358643987,25.664827258843,25.4127720616247,24.9031040254665,23.4585690022556,22.755377498316,22.3961374383793
"P53066",3,3,3,2,2,2,0.0081560810186748,0.0384778093145754,25.9858765100822,26.7930075899765,26.7855918003428,25.2845196892281,25.4883366291698,25.6790391781751
"P53073",2,1,1,0,2,1,0.285837076211742,0.446297277315767,24.8784070589924,22.9877386531411,23.5765689867452,NA,23.6509260043215,22.2513930133629
"P53075",2,2,1,2,2,0,0.00707170997209934,0.0342199610068493,23.6853033919319,23.5870814839395,23.4209682151451,22.9530335116553,22.7911205075267,NA
"P53081",3,3,5,2,2,2,0.000787379154048844,0.00693440868874677,25.6635454328672,25.2074479296048,25.9021029292918,23.8812133231231,23.7421905766594,24.3454251416699
"P53090",11,9,8,11,8,9,0.0401449726474309,0.125956922432998,28.9848932797439,28.4079349964326,28.4411755921427,28.3408238178196,27.7953151401498,27.8223474876847
"P53091",1,1,1,0,1,1,0.299632575174802,0.459491208498702,21.7648298037287,22.8355484153361,23.6208665692479,NA,22.0579624827129,22.1064684904612
"P53094",1,1,0,1,1,2,0.488690334429252,0.63335378001882,22.5212193784466,23.37896480783,NA,23.1759458943041,22.6399163972425,24.3838284216635
"P53111",2,1,2,1,1,2,0.0397619288328861,0.125315126906336,24.8400168109123,23.9934357504125,24.9689001999761,22.5766982364702,23.3949746022448,24.1369111838825
"P53131",4,3,4,5,3,3,0.124353520243291,0.269886184276828,24.7386814035184,24.4137708121255,24.950990703273,24.3841187335588,24.5148187576307,23.4301509898497
"P53141",3,1,1,1,2,1,0.202144433144597,0.361215395223522,27.4845752918219,25.0700115986564,25.1527848224334,20.660794597734,26.224953097986,24.2778254073613
"P53163",2,2,1,1,1,1,0.00705725964787704,0.0342138347647344,25.159619504237,24.4743807363353,24.2518024261194,23.6664893201693,23.5002506684005,23.6283476868128
"P53183",1,2,2,2,1,2,0.00854203084578451,0.0397640252229275,24.0976013578356,24.506464154498,24.5711529501981,23.5756447701563,NA,23.5195827696061
"P53184",5,5,5,5,5,5,0.000350732708333663,0.00451809253607854,28.8212393679186,28.8555471176151,28.9168181784065,27.9938622704912,28.0641186715467,28.1286081206932
"P53192",2,2,2,2,0,2,0.0145234188488734,0.0596362167313775,24.4452792687137,24.3671545714899,24.4797027548782,23.3211724417829,NA,23.9140741723912
"P53199",2,4,3,1,2,1,0.00578710846145278,0.029498088045975,24.8089382281914,25.6398668365093,25.3733354007992,22.800644370169,24.2659805701991,22.8500774509586
"P53200",3,3,4,3,2,3,0.0606044876984565,0.167765578204101,25.9273175364167,26.0059812447315,26.1470107907287,25.9142832865985,24.6720817827995,25.2596363835475
"P53206",2,2,1,0,0,1,0.897219915111432,0.932048357915904,22.9906792000492,23.982033932692,22.6636808571851,NA,NA,23.1286043949604
"P53221",1,1,1,1,1,1,0.00174891737271941,0.012055145862055,28.0550338584576,27.9726607846928,27.8860875591667,26.6831388969311,27.2513558709382,27.0736443743815
"P53228",2,2,3,1,3,1,0.688198406410718,0.787647047176541,27.1308663230788,23.68913995369,26.9289672610727,26.9305646906545,27.145692792023,21.340994276334
"P53235",6,6,6,2,1,5,0.00616543301433508,0.0308441320596343,26.5432346049082,26.582647724135,26.112272326339,22.7329102118404,23.6634763205841,25.1494145822825
"P53250",5,4,3,3,2,3,0.579765032669687,0.704364335296701,27.1926854995898,26.7365861051596,25.228277053298,26.8478150891684,26.579877033906,26.6268449754591
"P53252",8,8,7,8,6,7,0.00195027130275284,0.0131032955569344,29.9812997103265,30.0116407966261,29.7140341159285,29.260026595784,28.8386734431105,28.8664955379834
"P53254",3,3,4,2,0,1,0.0362953558956165,0.117599015337928,24.1370148849048,24.2196194169271,24.4988801749205,23.5538637179725,NA,21.7017853303065
"P53261",3,3,4,2,2,1,0.023094564169487,0.0837499218928455,24.6341809762328,24.9943633019372,25.1188498232396,23.6139091280527,24.4874272720386,22.9715187323988
"P53278",8,8,8,7,5,7,0.000678901519999156,0.00633363749332546,27.2417749364505,27.1317252018511,27.5618329390408,25.5779735217368,25.9572278640595,26.2051009231947
"P53297",3,3,3,2,2,1,0.00013694151305515,0.00323692840703416,24.7990768282013,24.4503008481649,24.8443819289877,23.3367538728059,23.4458788937056,23.2510371066968
"P53301",0,2,1,0,1,0,0.00351386268293971,0.0200528451704562,NA,25.4027183969607,24.9352295248284,NA,22.0759608558834,NA
"P53303",4,4,4,3,2,2,0.000392724995386501,0.00477763047720858,25.3832608463223,25.4940048714254,25.7407656951343,24.4095820922488,23.8281385964132,24.1229899750802
"P53312",1,2,4,1,0,1,0.112518817714359,0.251993542667112,23.4314311173656,24.3381052621866,25.335929423102,22.9346947193309,NA,23.472568731444
"P53315",2,1,1,1,2,0,0.395555891181217,0.547822093372408,25.4536731286904,24.038954098007,24.6390068948439,24.0363286750305,24.5236456556981,NA
"P53319",2,2,1,1,1,2,0.215664110331842,0.376524941191681,24.1356948234705,24.0916347012273,23.1494140380941,23.2908293121387,22.8779964268369,23.7354661449991
"P53327",1,1,1,1,1,3,0.125002418548134,0.270522311867452,22.0945425945203,22.5797436243544,22.9870913075148,22.8924295617677,23.3208531424091,26.0027469658225
"P53337",3,2,3,3,2,3,0.00227361772213074,0.0145269524486841,26.6382573116279,26.1424592270114,26.4767833384003,25.5068471624671,25.2630079540453,25.641306034086
"P53350",7,8,6,8,10,8,0.0239139642138798,0.0857669062450628,26.6299524609644,26.6173808361284,26.130453176281,26.9641096610084,27.420780817151,26.9425610991419
"P53365",2,3,3,2,3,2,0.829692776084104,0.887469740796175,23.5980209965813,24.2828141499426,24.2738195729752,24.107302265033,24.4645420063217,23.7663493721287
"P53367",2,1,2,2,1,2,0.502231157657782,0.643963110711773,23.8960307753414,23.4228388316588,24.2616226587063,24.1335127562249,23.5704957340008,24.5945433886572
"P53384",3,3,4,4,5,4,0.107840749579396,0.245861818881161,25.2546219610466,25.6127736251169,25.8315768593533,25.7171897597523,26.2690952391772,25.9539389957907
"P53396",32,31,29,33,29,32,0.0405445614522442,0.126948722954796,30.7793749137588,30.5896001882636,30.6182986593268,31.0670173985538,30.9037149896531,30.9468594626295
"P53549",2,3,2,2,2,3,0.016690323099945,0.0660948385259976,24.3918748594982,25.0700819877587,24.4606331617177,23.8723311228849,23.5959633300242,24.0839415317439
"P53550",3,2,3,2,1,0,0.00500517025573696,0.0265815910438556,24.9149303041842,25.1112977108672,25.0423840090749,23.2327412388951,24.0573939483877,NA
"P53551",3,3,3,3,2,2,0.000114713812479499,0.00313367911695494,25.4599805799614,25.4928764024372,25.5350717366704,24.491568345497,24.5476447948727,24.5845825277924
"P53582",5,7,9,8,8,8,0.213860063031555,0.374521922284052,26.6500940981901,26.9240806042477,27.215609774496,26.9839703353603,27.3627561605648,27.2508830814016
"P53597",4,4,3,4,3,4,0.638853377409495,0.747869927570469,26.9430245897746,26.8776832446329,26.3065625134153,26.3638810899072,26.304862137119,27.045011359019
"P53598",5,5,4,3,3,2,0.000805461658911484,0.00705281398839576,26.318107058409,26.3414187000846,26.2862979425269,24.6961848814946,25.191506568362,25.3526203240843
"P53600",2,3,3,0,1,2,0.000212107693912219,0.00367922167158761,25.5716120960543,25.8148675049037,25.8891416653781,NA,22.1572890662378,23.0598385748565
"P53602",3,5,5,3,4,5,0.0794780357089442,0.200098674891945,25.4069087982316,25.997660553315,26.3087724489089,26.340495861434,26.3921865147422,26.5667913272162
"P53618",25,26,26,25,26,28,0.0779379290895657,0.197200683586577,29.2737805231855,29.2821572774796,29.2404418919301,29.6780430408141,29.3475271214737,29.6067079588597
"P53621,P53127",20,22,25,21,20,23,0.190205668782352,0.347530992279818,28.9383316653302,29.2072719336253,29.1564141848286,29.3054656968241,29.1663801255465,29.4443195034033
"P53622",18,18,15,15,14,14,0.00100011423490275,0.00819124082518194,28.1969110134573,28.1110497215347,28.0340686398566,27.4551654838378,27.0697190137591,27.1780485397547
"P53633",1,1,2,2,1,1,0.0239036737878529,0.0857669062450628,23.517737442215,NA,24.5344506616938,22.9237398449289,23.0785331432675,22.7052669610598
"P53634",5,5,5,5,5,5,0.267621710053042,0.426437387796709,27.150062320566,26.9534722621698,27.0287423557569,27.1906248071819,27.2429749571338,27.1181381826547
"P53675",0,0,0,0,1,1,NA,NA,NA,NA,NA,NA,25.3507458320027,25.2744281779228
"P53691",6,5,6,6,6,6,0.000562326433459397,0.00583030270327674,28.4167696118972,28.2298551234093,28.0793958011259,26.9986569584407,27.3610692039675,27.1693820520247
"P53701",3,4,4,3,3,4,0.798222127997875,0.866608602552667,25.9351544990483,26.271962183745,26.3859221494177,25.9293228443479,26.0142034110036,26.4826605151577
"P53723",3,2,3,1,1,1,0.266670134456821,0.425845779816386,25.8783018219188,25.0443382322419,26.22156382385,23.7301452193216,23.8563629224822,26.5279120809231
"P53731",4,5,3,4,3,3,0.00230177352442402,0.0145842569556266,26.2665919224585,26.2739649610387,25.8959269993087,25.4466583294362,25.3606719861674,25.1994364854367
"P53738",2,2,2,2,2,1,0.00841274365625768,0.0393285952260259,24.5349301757309,24.5872290415184,24.6262393933369,23.8442304735104,23.6144734310614,22.7240699247096
"P53741",3,3,4,3,3,2,0.00147961154552486,0.0106896507159129,25.8255712757512,25.9849861790818,25.8304843836352,24.9546343925924,25.0430082619228,24.4561548354908
"P53834",4,4,4,3,2,3,0.00168269240339044,0.0117197599149117,26.4428084889854,26.5517280849092,26.4386551367385,24.113922924159,24.3364345400333,25.3657348134994
"P53839",5,6,3,2,0,2,0.00510304883407185,0.0269445703484211,26.1905045222803,25.8635593675187,25.4565475396578,23.9444165198591,NA,24.6084488613091
"P53849",4,4,4,4,4,3,0.00104854914708847,0.00844958658815042,27.0139528735433,26.9853594507633,26.131767719855,24.2414371907113,25.1177340191124,24.638744587791
"P53852",4,5,6,3,5,2,0.0266358181439916,0.0931131052665821,26.0500440075287,25.7378715741415,26.4705631399599,24.9797647817131,25.6856875549439,24.5497800109113
"P53860",7,7,7,6,5,4,0.000666929671588077,0.0062862255408777,27.5356810362578,27.4711328008972,27.6279521507815,26.2468138453895,26.4044941605575,25.6597546398233
"P53885",5,5,5,2,2,3,0.000144869392017501,0.00329553331825233,25.3300832267613,25.2616444535539,25.4290103131979,23.3857687000098,23.4035303719981,23.9892069538886
"P53886",1,1,1,1,1,2,0.831790944120481,0.888880367083072,24.1638564971234,23.9865905625443,24.1121391380966,22.7073885333116,22.9752535623202,25.9900069525811
"P53897",3,1,2,1,1,0,0.00294102679334478,0.0174246288717388,23.799966008532,23.2673651696349,23.8905012876076,21.8116305507738,22.3395500774373,NA
"P53912,P25608,P54007",6,6,7,4,5,6,0.000329974047335932,0.00441449150717456,28.4003278160305,28.247857248181,28.2823083085915,27.5375001413792,27.3872417065713,27.3519981598941
"P53978",1,1,1,1,1,1,0.000424423692873519,0.00490182503009872,27.6056850506831,27.6108032336248,27.6215334193352,26.3566457858281,26.7066558643698,26.7214043909781
"P53981",4,4,4,3,3,1,0.00171522424946724,0.0119099741644894,27.4841431531214,27.5657739055706,27.4943907210484,26.0181751146415,25.9266127081312,24.7600618544716
"P53985",2,2,2,2,2,2,0.490012717143202,0.634526828159888,27.2964537192108,27.4715325316892,27.1912295781697,27.3219700205287,27.4979407388913,27.4211598449042
"P53990",3,4,3,3,5,4,0.336033434825351,0.495150041884125,26.1558259310785,26.4745934604644,26.1936547526951,25.8981672226652,26.8706892028371,27.1119326287244
"P53992",15,15,11,14,14,15,0.0691852422166628,0.182863890493868,28.5738313959516,28.2376314153921,27.9719859441167,28.7257762333837,28.6436630902405,28.6064571760402
"P53999",5,5,5,6,6,6,0.140758306587052,0.289382331973921,29.9727616653881,29.8813230878952,29.945156499172,30.0293320428427,30.264712649219,30.1038063448918
"P54000",1,2,2,1,0,1,0.00838719550320479,0.0392837637429366,23.742270919096,24.7666261947372,24.7852994736144,22.168888166095,NA,22.9193903881191
"P54105",7,7,7,7,7,7,0.249555777442123,0.410223407363194,28.7901477605255,28.5346140640454,28.6640318279956,28.7408407166307,28.8286556811191,28.8872337525682
"P54113",6,7,7,7,6,5,0.0172475713831015,0.0676108971122963,27.2759291385885,27.3687005310411,27.398536556314,26.570365868869,26.6858619706105,25.5042150528317
"P54114",10,8,9,4,5,8,0.00919985155152341,0.0423508807043893,26.3407965240125,26.1655529347136,26.2257709457278,25.1007449748104,24.5307249919548,25.6772572872937
"P54115",18,19,18,18,17,16,0.000129932984765373,0.00318408626679894,31.910468214018,31.9141345019879,31.8688421209774,30.8953925840475,31.0235115389649,30.9353907638841
"P54132",0,3,3,3,3,4,0.0655112741599865,0.176694943791583,NA,24.3466724638763,24.4395046241459,24.7278977937987,24.7530669695851,24.6314535976806
"P54136",21,20,23,23,25,22,0.0455141420058521,0.137440961502884,30.1232545996086,29.8798180594626,30.069762205267,30.4695744003061,30.3533535733515,30.2369962309808
"P54198",2,1,1,2,1,1,0.391510998002531,0.545033009730712,23.7703297741558,23.2868778260466,23.343664461956,24.0358377119354,23.9189979621168,23.1997557010682
"P54577",23,24,24,25,25,25,0.384977747253964,0.53774295253294,31.1978205201395,31.1808402787969,31.0211592714924,31.168903838522,31.2475609437681,31.3060065846782
"P54578",16,15,15,16,15,16,0.157291672523153,0.310152983931873,29.9322142883889,29.7203642902764,29.8888112779412,30.043016722873,30.0273018832312,30.0211769544874
"P54619,Q9UGJ0",5,4,5,6,6,5,0.0377730974673235,0.120672878603592,25.7325528340175,25.1571452217493,25.9868988326908,26.3627070853064,26.3407509096427,26.0950240015289
"P54687",4,4,5,4,4,4,0.280631863670811,0.441350457580007,26.9760999745448,27.0387562973517,27.3176795666751,27.6605143663127,26.9638596306968,27.4915817641662
"P54709",2,4,3,4,2,4,0.320877450888394,0.480263428790307,26.3498757939659,27.0478986548703,26.1569226975751,27.2129468139856,26.4505374926087,26.8944003576324
"P54725",4,4,4,4,4,4,0.784398987421097,0.858754063022569,26.686385728945,26.7071297548161,26.6177270656708,26.4642614556058,26.8303779595261,26.8411698690125
"P54727",7,7,9,9,9,8,0.19108275007137,0.348570661108673,28.7252576372386,28.8909929801001,29.5147959001021,29.2275848158271,29.4514144371714,29.4916179759366
"P54730",1,1,0,1,1,2,0.00963766847394387,0.0438975148839344,22.6891480179004,23.0953052423987,NA,21.8920824054066,22.1770958839804,22.1555929688843
"P54783",8,6,6,5,5,5,0.00108099208254933,0.00854676929045071,26.6449535466297,26.5957861075764,26.7973401115533,26.0444787556335,25.9258879448129,25.9848093044647
"P54819",12,11,11,12,11,11,0.3381096560357,0.497245728831356,30.7899904318687,30.5489845084775,30.633458211213,30.6264769863589,30.9231802851987,30.8528737907945
"P54838",13,14,14,12,12,13,0.000416544758220052,0.00483670205477697,29.2249071327871,29.0750489360599,28.8177487944997,28.0248084920056,28.0408776521986,27.93725316438
"P54839",10,10,10,9,9,10,0.00370318707912995,0.0208691331904617,29.4722736963335,29.4069252299902,29.5636451502228,28.6775710190935,29.0014500053865,28.5179552115334
"P54860",1,1,1,1,1,1,0.165151396052064,0.319617010349696,23.1716408107945,21.6776554604074,22.2458294782648,23.2949219735163,22.6278189163392,23.1388065640238
"P54861",3,3,1,1,0,1,0.0664957131319162,0.178247534964536,24.903961536039,24.1905831455488,23.6241393662201,23.2907305503984,NA,23.2949914065681
"P54885",9,9,8,8,6,8,0.000501907470017487,0.00542583383464401,28.0583469929018,27.7410691923537,27.7093918205907,26.8871317726033,26.8656589777438,26.8919880069221
"P54886",16,13,14,17,14,14,0.242842136143547,0.403439848902716,28.3201810243503,27.6196669135658,28.2358839715001,28.5067408774548,28.1932587868352,28.3437571376125
"P54920",10,11,12,11,12,12,0.0562871604446235,0.159591066468846,28.2125952014972,28.0921113602026,28.5150949907133,28.4859990050666,28.7358717535243,28.7491740849317
"P55010",10,8,6,9,9,8,0.0807095974074228,0.202195048529743,28.4173129487046,28.7814471286224,28.2183578764686,29.182857291671,28.7950579261336,28.7424337839519
"P55036",8,8,9,10,7,7,0.360033629130439,0.514751399265098,28.8391249487903,28.5015598925887,28.7759030958988,29.1098643799963,28.6691494910803,28.8429024268302
"P55060",29,30,31,26,31,32,0.177317165746062,0.333779641401915,30.7637043585206,30.7455797086256,30.7477135503457,30.8337971454424,30.9170305729303,30.9979112541809
"P55072",34,34,34,34,34,34,0.132823471584776,0.280528091374884,31.8216755387985,31.8058637084015,31.7830123225034,31.9947309119937,31.9862978522121,31.9540717178817
"P55081",6,6,6,6,6,5,0.360661183392428,0.51531015199919,26.7956260687715,26.7214290305907,26.8710144887934,27.1231272321947,26.7792507925156,26.8881418435114
"P55084",11,13,13,13,12,13,0.82870366297479,0.886627981988732,28.8021588288064,28.9256860584372,28.8501283009513,29.1227516319336,28.8920459306981,28.6657494221749
"P55145",3,4,4,4,2,4,0.757527757751536,0.838592970362171,24.5875025012142,25.5283517468198,25.5892315591707,25.5232974422474,24.971762113507,25.5273187222673
"P55196",11,11,11,11,13,11,0.025451350993205,0.0900768527781234,26.643081112213,26.6193061947138,26.5150635104108,27.2317170007767,27.0827828293932,26.7987176356379
"P55209",9,10,10,10,10,10,0.214244523046214,0.374993396207006,30.2672149475818,29.4746100782161,29.8446525066506,30.3666996893806,30.0332180627646,30.1500800479131
"P55212",2,2,2,1,2,2,0.18858967136493,0.346355104978587,25.2618602191652,24.9422873359275,25.0921554067483,25.4419597762149,25.2170534155871,25.2552749025395
"P55263",8,9,6,9,6,8,0.821640451319093,0.881958526804165,28.6908418059423,28.8558023218472,28.1241679184548,28.9768263714929,28.3874367048876,28.0930587235991
"P55265",17,19,17,19,15,16,0.358440892560061,0.513408901682574,28.156965050791,28.2975133799654,28.0125552996987,28.5816866777718,28.2330267882176,28.1436189559596
"P55735",9,9,8,9,8,7,0.95083158724969,0.96715578618352,28.9451926625306,28.9198638695269,28.8051109209694,29.1393861979229,28.8862965567331,28.6126304633409
"P55769",6,5,6,6,6,6,0.169076965629135,0.324087864369796,29.4274628079387,29.4440614028173,29.4485128579424,29.4761259851449,29.6617321228667,29.7439394192414
"P55786,A6NEC2",19,18,18,17,17,16,0.798630592184602,0.866845767676934,29.0448141540354,29.0134263105184,29.22343388617,29.1029086615607,29.1245582787324,29.1451391098864
"P55795",6,5,6,4,5,5,0.824664613155005,0.883773055720263,26.7978533097247,26.5647751550697,26.8559811282342,26.2625518791014,26.7317692095498,27.064227968516
"P55809",5,5,7,6,7,6,0.0545654303517471,0.156821766800032,26.7036826826693,26.4542433043584,26.301621547528,26.9279211809073,26.922473980277,26.7060062257753
"P55854",0,0,1,1,1,1,0.252199418676375,0.412475524969164,NA,NA,24.333418005242,19.9091156840679,20.6275019682128,24.324630341044
"P55884",21,20,24,22,23,24,0.145236456599077,0.294344164817854,30.5630893796737,30.4165933963007,30.4671175471198,30.8464509045913,30.5393544898123,30.711488922113
"P55957",5,5,3,4,3,5,0.304026496940774,0.46340423623248,26.9072403018032,26.380384643631,26.6650252144157,27.0569206771594,26.6087813971249,26.9528031313232
"P56134",3,2,2,3,3,3,0.998120425292885,0.998996353704726,26.6705510385133,26.7002108848789,26.5225991506353,26.7078509009935,26.4906256701743,26.693971160855
"P56182",7,7,6,7,7,4,0.789916962804032,0.861899350469265,27.0078328854027,26.9334932099562,26.6081965250935,26.9590691088176,27.22322805206,26.1025360246328
"P56192",20,20,20,21,21,23,0.0510945744939686,0.14951472023187,30.1757121079899,30.0948599080992,30.0345079501648,30.4659343888105,30.3124762720816,30.3488633192214
"P56211",1,1,1,1,1,1,0.213114614781444,0.37421271031047,24.2248036729971,23.792410430326,23.7797339818041,24.0882981168605,24.2662350811005,24.1287385152818
"P56385",4,4,3,4,3,4,0.0800203992225857,0.201242040382269,26.8375019674163,26.9588993345541,26.8686511901296,27.0800830216061,27.0719045478192,27.219392894663
"P56537",7,7,7,8,7,6,0.327189755768083,0.487553002813378,29.6219609723991,29.6907716865702,29.5421486056035,29.5917841387964,29.9166759551118,29.7677734525216
"P56556",2,3,3,2,2,3,0.908481605700701,0.939581293404352,25.1490594951953,25.3728150091108,25.5634533767568,25.2575284674631,25.1905682010281,25.7075784008023
"P56628",2,2,2,2,1,2,0.0623691541389822,0.171299266214351,24.9973326116229,24.2813557158442,24.8039724439209,24.3515061331556,23.2436989247426,24.0935168917205
"P57076",3,3,4,4,5,5,0.0321652754600915,0.106640978669286,25.4735934875513,25.7972658428935,26.3806794916877,26.6209966179446,26.6026469673126,26.4927835093759
"P57081",3,2,3,3,3,4,0.0315547198466114,0.105396960428442,24.8611512551203,23.9581198539208,24.9783934575275,25.504400623969,25.3363941391585,25.4107954692638
"P57088",2,1,2,1,1,0,0.090024061567283,0.218801155498106,24.2495050077542,23.155719813806,24.0785865783856,22.8432431407638,23.1856967679029,NA
"P57678",7,7,7,6,3,7,0.81344018610078,0.876042051225628,25.9328509454823,25.4860606112825,25.8535133833665,25.8930260416563,25.5041762736149,26.0232726200726
"P57721",1,1,1,1,1,1,0.801564091755996,0.868376961907113,25.9993904057961,25.9451108967115,25.7531821853092,26.3737828943515,25.6333411124665,25.8618020780088
"P57737",6,6,5,6,6,6,0.176428332615892,0.333177740978562,26.8792486793413,26.4771171646274,26.555173723785,26.9628188896591,26.7339331259048,26.9291475155641
"P57740",13,11,10,11,9,11,0.634221548736712,0.743913508621002,27.5707820302365,27.5287999577853,27.3941614353237,27.3839451460966,27.3776543576649,27.5534620410402
"P58004",2,1,1,1,2,1,0.824893815845252,0.883787127263044,24.0656092166819,23.0006918146694,22.7402228540144,22.9694360592158,23.9234156433518,23.2095108421434
"P58107",7,8,8,8,10,9,0.0158802258031217,0.0637164380948471,27.1646980899346,27.0424381328863,27.0315620134863,27.6061584473635,27.4272443450779,27.4019445516815
"P58546",3,3,2,3,3,3,0.913155028179996,0.94206540899076,28.8912930273142,28.3938741435879,28.3470850601549,28.6683751859504,28.5171374866372,28.3821964444407
"P59998",5,4,4,5,4,5,0.0173604386406627,0.0679813914838655,26.6334173280402,26.4108558550691,26.5501437006891,27.0168074543115,26.8306648061402,26.9533291056777
"P60010",10,10,10,9,9,10,7.86734902769412e-05,0.00257893277029507,31.6358004423843,31.5837189246066,31.5032731826323,30.4505912969385,30.5667338152046,30.4265870124668
"P60033",3,2,2,3,2,1,0.911994690031773,0.941507077602387,25.7895673074816,25.1089700651495,24.9490532493488,26.1447577984246,25.261902277615,24.5944354873041
"P60174",14,14,14,13,14,14,0.159315412830221,0.312503442581199,32.7932863755551,32.7895418205606,32.7813937139957,32.8852933804861,33.00924798963,32.9720435090964
"P60228",14,13,14,15,14,14,0.380501807938557,0.533123233358629,28.9337816695334,28.8448389958116,28.8887626851713,28.8656403073423,29.0414973399539,29.0913392960807
"P60422",3,1,3,6,6,5,0.0121074154249396,0.0517120318039283,24.2820873997248,20.6795759025845,24.4261203195688,26.9399102228921,27.0178860095724,26.6107979193642
"P60438",3,4,4,5,4,5,3.33808740875902e-05,0.00161560055252183,25.2878431828117,25.6022985335891,25.1974104431758,27.3384867443279,27.7796519889782,27.8779273465826
"P60510",5,5,4,5,4,4,0.0927926457556909,0.223742098275614,26.3819995546145,26.5319335416322,26.2521197659885,26.8818144574506,26.5599634937109,26.6069252687132
"P60520",3,2,2,2,2,2,0.293957929534415,0.454434454264995,25.9870481826837,24.914292563324,24.9416521133612,24.6852692613308,25.1340955211637,24.8834907932012
"P60604,Q02159",2,3,1,1,1,2,0.29932209791253,0.459457406015129,26.0738348437306,26.0556865734142,24.3652274553403,24.5998945682197,24.9144584624382,25.2445538439827
"P60624",3,4,4,4,4,4,0.000129608434203332,0.00318408626679894,24.8610447517214,25.7310098856618,25.6878148023557,27.7051979800117,27.752355525503,27.8209647679997
"P60660,P14649",7,7,7,7,7,7,0.0307490035156693,0.103449081149324,28.1035554603775,28.0415858606259,27.9775712268515,28.4124500013399,28.3791749720643,28.2679394798237
"P60842",18,18,18,18,18,19,0.38068121440147,0.533210838225209,31.1146256820716,31.2596225586219,31.130767543316,31.1616793010137,31.3054633584372,31.3747157432094
"P60866",3,3,3,3,3,3,0.495448475150734,0.639387819982362,30.800181274483,30.9142876624574,30.8393192943025,30.7769099713383,31.0037731606854,31.0437029935183
"P60891",4,5,6,5,5,6,0.0515083138191774,0.150532304704092,27.2660088488289,27.4338755066644,27.2511977760515,27.4309117139946,27.8307365088832,27.967145923567
"P60900",12,11,11,12,11,12,0.320829809441899,0.480263428790307,30.3106345198858,30.0025646840138,30.0222671620713,30.395448247788,30.052744766784,30.4163227356778
"P60953",4,4,4,4,4,3,0.888569237069128,0.926761056129255,27.3037207302213,27.3217333701755,27.0061636730767,27.1645874939914,27.5792284705434,26.9748342201021
"P60981",5,5,6,5,5,6,0.157025593444402,0.310108552940849,27.5960386135089,27.6555253887861,27.6501381190401,27.9075364541579,27.7216741946478,27.8081695478234
"P61006,P51153,Q92930,P59190",1,2,2,2,2,2,0.280753842151947,0.441350457580007,22.9072351442463,24.062849180558,24.2005457837432,23.755175505064,24.5626426260048,24.3096569616334
"P61009",2,2,2,2,2,2,0.75490027204546,0.836699475478958,24.8046806117733,23.9706921092815,23.9182662466639,24.7183222816158,24.0292776813407,24.250283937773
"P61011",8,9,9,9,8,10,0.0713712393705834,0.186565895945479,27.1261102420467,27.1151915347817,27.1570195368275,27.4992814010656,27.2288976589733,27.4918714328833
"P61019,Q8WUD1",3,3,3,4,4,4,0.00423456829750238,0.023080167948872,25.7431091155592,25.7670170336653,26.1026176871006,26.6274793304923,26.4195227691542,26.7197977573661
"P61024",1,2,1,2,2,2,0.12975593751432,0.275965774797356,25.6846114734938,25.7893995428442,25.6562598488993,25.7277154165731,26.0648747690825,26.1026687969985
"P61026",3,3,2,4,3,3,0.0278059199230211,0.0960261973420306,26.6804529796036,27.0009502860696,26.9646280546966,28.915998425243,28.8875723474142,27.1854101607902
"P62837,P61077,Q9Y2X8,P51668",2,2,2,2,2,2,0.21054117870434,0.370701990447395,27.6669001845004,27.3649042456955,27.5576821740544,27.8945297028381,27.6775458775711,27.6173842123762
"P61081",6,6,6,5,5,5,0.0783350764010622,0.197882629660877,28.3444769921191,28.4022851573019,28.231024153099,28.0720842781458,27.8182786091124,28.1856787774006
"P61086",4,6,5,7,6,5,0.243709077249027,0.404542881140599,28.2507961101836,29.0400819425195,28.5438005496169,29.0882744410879,28.9074251630921,28.7417945545661
"P61088,Q5JXB2",5,6,5,5,5,5,0.25511876844131,0.415364675813439,29.9452554566564,29.9937790139851,29.7092267304709,30.0561189571938,30.0076632198316,30.0540387633919
"P61106",5,5,5,4,4,6,0.0713729907634515,0.186565895945479,26.3005434617553,26.444774104601,26.6681994622108,26.7882423839908,26.6649892038857,26.9654781883438
"P61158,Q9P1U1,Q9C0K3",11,11,12,8,8,10,0.0863796139297078,0.212495572102135,28.7620476954938,28.548163575446,28.5766594841812,28.0922937514055,28.3750508792972,28.4882826824858
"P61160",9,8,7,9,8,7,0.245496328614186,0.405486694836321,28.1963835005475,28.095054488538,28.2526711668596,28.3696978655508,28.6357643954781,28.1512037583316
"P61163",5,5,5,6,4,4,0.00253242338630991,0.0155699669654256,26.6549246235265,26.7058845395127,26.7067481090025,25.6202763344643,25.9858165919765,26.089254130739
"P61175",2,1,1,2,2,2,6.89483200126131e-06,0.000696397926419416,24.537931275939,24.350850155138,24.3880138897038,27.0197897707036,26.8450768936626,26.5688522223444
"P61201",6,6,6,5,7,5,0.267203496961933,0.426068630947339,26.9879750824477,26.7376943361566,26.7340520095054,27.0879192578664,27.6574735542209,26.6879157687924
"P84077,P61204",7,7,8,8,8,9,0.347755265119922,0.505389502194461,28.6437158457144,28.9232772066899,28.980196156256,28.3991987051879,28.6464765146556,28.9356835860835
"P61221",16,16,15,15,15,15,0.282438820838407,0.443364085687525,29.6965231865737,29.940271931496,29.8874743800358,29.7950109534881,30.1448279533273,30.116307500062
"P61224,A6NIZ1",5,4,4,5,5,5,0.24048779770612,0.401574729394811,24.4027443298736,24.2644768903101,23.68441475045,23.7316011390895,24.0021314276271,23.7506515241404
"P61225",2,1,2,1,2,2,0.132650398378071,0.280292319314849,24.2284409991158,23.3611267089457,24.2273550659367,24.2641665821029,24.4580952728457,24.5001890315273
"P61247",11,11,11,11,10,11,0.852640207407179,0.901447190310904,31.3456668437666,31.6162063095244,31.3899103466276,31.375760460637,31.4769282584701,31.5750343909929
"P61254",4,6,4,5,5,5,NA,NA,NA,24.8630110266203,NA,NA,NA,NA
"P61289",10,10,10,10,10,10,0.0467561641325202,0.139686719562906,29.2779499123838,29.3009100113126,29.3658315485532,29.5968688990792,29.5271719677158,29.6032097842513
"P61313",10,10,10,10,9,9,0.483692867824153,0.629919172998512,30.4605034937798,30.3503068694826,30.536840334901,30.3057711691845,30.6941737534495,30.6912146937975
"P61353",4,4,4,4,4,4,0.367642929897696,0.520646360185178,30.1590240315188,29.8529670211491,30.1478718732857,29.9142131694669,30.4227799989588,30.3711773151193
"P61421",4,3,4,4,3,4,0.132264522490933,0.279736092537616,26.1488632086718,25.4905905178325,26.0184568841105,26.4093167829629,26.169019747739,26.1643751458049
"P61457",1,2,2,2,2,2,0.0708965792491412,0.185879422146312,23.2747982664742,24.1707645197249,24.567223286623,24.6357809278221,24.9570176659035,24.7016551064473
"P61513",3,3,3,3,3,2,0.734251652385005,0.820994127004999,27.8368251859427,27.943421265786,28.1926080183175,27.7954098235961,28.2967560696671,27.6568641387834
"P61517",0,0,0,1,1,0,NA,NA,NA,NA,NA,22.3567833791097,NA,NA
"P61586",1,1,1,1,1,1,0.264770725379467,0.424145541959505,25.1548922673052,25.1519672471036,25.1541115279217,24.7420526511447,25.1285067417013,25.06856520789
"P61604",4,4,4,4,4,4,0.162242503472662,0.316463264233145,31.1480859790025,31.1647600951875,31.0987767381087,31.1759531352993,31.4443206478245,31.3708328379363
"P61758",3,3,4,4,4,4,0.0137962966122651,0.0575834447805614,26.9560467476417,26.9587092561558,27.4527264548142,27.7933780628164,27.7280784671457,27.6582843049413
"P61769",1,1,2,1,1,3,0.61087150845944,0.725917119456099,21.571970016271,24.4541893708254,24.6446810828554,21.4520924932034,22.4215122678497,24.8747211220724
"P61889",9,8,7,9,11,11,9.35772662671549e-07,0.00045670308559307,27.9993299243137,28.0660996091202,28.0746190845329,30.419641974514,30.6237105302503,30.598425835173
"P61916",1,1,1,0,2,1,0.416590016266116,0.567341984458064,22.8699743262427,23.3323067114966,22.4091998610626,NA,24.4076893291922,22.4802507569879
"P61923",1,2,2,3,2,2,0.0202516640211548,0.0764169489367314,25.9616202720301,25.6839979598118,25.7945001801713,26.1552153615109,26.9449059700851,27.3427939496113
"P61949",1,0,1,2,2,2,0.000604334761055916,0.0060327525161188,22.7549592470658,NA,22.7288713033985,24.0789873098312,24.5029169220757,24.6023984696314
"P61956,Q6EEV6",2,2,2,2,2,2,0.522362126637315,0.659235782650572,28.5590942689022,28.315400958813,28.4202825651065,28.3107006848376,28.7047166737614,28.5875061841647
"P61960",3,3,3,3,3,3,0.174252366545888,0.330758845074164,26.5561204688594,26.3758362417051,26.249397442243,26.7677514222919,26.520804165704,26.5440647035018
"P61962",3,3,3,3,5,3,0.065236164628986,0.176367142033622,26.1800622624702,25.9943076656596,26.2042836011112,26.5985820076451,27.1038217578126,26.2650189149975
"P61964",5,4,6,7,4,6,0.192685864017897,0.349666643632713,26.0788577050334,25.8504847554269,26.4603977669916,26.7685790370442,26.040852859151,26.7795073455417
"P61970",4,4,5,5,4,5,0.433574812446928,0.582269147595787,27.4434665919355,27.4256471856472,27.5315280225218,27.600110444824,27.4769282584701,27.5963899479859
"P61978",20,19,19,20,20,18,0.154801787586604,0.307234313636176,33.3484888146851,33.363154953355,33.2107393728285,33.4664183570388,33.5071336730033,33.4763605128491
"P61981",6,5,7,6,7,7,0.363375265952968,0.517228693690309,30.4584151001518,29.7853109176802,30.853767318049,30.2301352892317,30.8156182952442,31.0853291056429
"P62070",1,1,1,1,1,1,0.653184442357464,0.758998325531012,23.1545881533152,23.0262688872363,22.9210667991752,23.3907687411469,22.5995497442229,22.7854556744489
"P62081",7,7,7,6,7,6,0.861429928377685,0.907375509872777,31.1535993398825,31.504305532894,31.2346896676844,31.0666419216131,31.2452092525675,31.4890446789033
"P62136,P26570,P33329",5,4,4,4,4,5,0.0299347716924239,0.101608949747647,27.2966506069684,27.1847766100976,27.0099216255685,27.4512127662894,27.6475759280986,27.5132184621399
"P62140",10,11,11,12,11,11,0.0401077348332255,0.125926693949879,26.1105157954513,26.5626505117529,26.7340520095054,26.8697439208285,27.1932030164952,26.9402280134453
"P62191",14,13,13,12,12,11,0.90525207709948,0.937729331455002,29.47111843293,29.3886980767504,29.3298466973548,29.5536022246596,29.3558220848992,29.2314775708042
"P62195",21,21,20,22,22,19,0.950093039523441,0.966835700715132,30.10692755784,30.0206601674521,29.9966806510162,30.1589343260865,30.1153755541579,29.874765547546
"P62241",9,9,9,9,9,9,0.432706491536667,0.58144536506341,31.0118707919721,30.9778052604154,30.9383058878791,31.3435166987748,31.1104668942101,30.8622166568214
"P62244",5,5,5,5,5,5,0.222729927045321,0.383238619694152,29.8848415129358,29.9507032645835,29.8265019889067,29.954416844667,30.0918755698621,30.0630831367124
"P62249",7,6,6,6,7,7,0.119845510232247,0.263233133211126,29.5880978151528,29.5453024486705,29.6910898330624,29.6423670196025,29.9332160862923,30.0440734060431
"P62253",3,2,3,3,3,3,0.350649722474745,0.506230646939257,25.8022420348107,25.1599256833977,25.775976660698,25.9959839926628,25.6808271568325,25.7234780093399
"P62256",1,1,1,2,2,1,0.0547735671337298,0.157110024488003,21.822675668123,22.1411063382295,22.7305380952983,24.0554439569054,23.9191058715406,22.3863983589447
"P62258",16,15,16,16,15,16,0.371796254701782,0.524985357354545,31.7753186815237,31.6248423048977,31.6001986106117,31.7072228154892,31.7917836292854,31.8298572411033
"P62263",4,4,4,4,4,4,0.62763971865688,0.739868836308188,30.4817640737351,30.4854208015627,30.4759587610519,30.2997772010556,30.6982076154342,30.66905133545
"P62266",4,4,4,4,4,4,0.329888484836844,0.489574257588055,29.8002680661835,29.8155394145828,29.682565967161,29.8045895569743,30.1021890948622,29.8154350643022
"P62269",9,9,9,9,8,9,0.445395400813938,0.594294769965834,30.7716051787247,30.8934935882675,30.7902167663943,30.8713442673586,30.8653790058739,30.98620043149
"P62277",2,2,2,2,2,2,0.0317650464085217,0.105698134001223,29.3345152222946,29.5611645275174,29.5032097032887,29.8368477077992,29.7337644264138,29.8191912194599
"P62280",6,6,7,6,6,6,0.265711925441721,0.424729433729899,30.2987654551067,30.2945418134341,30.4059575282678,30.375942309133,30.540560527459,30.4942951278415
"P62304",2,2,2,1,2,2,0.609007117228356,0.72514240869605,28.3834184302805,28.3104192207423,28.064759887041,28.0111365004331,28.5636524905647,28.4974001836854
"P62306,P54999",3,3,3,3,3,3,0.309984461053933,0.469037847869998,28.7115527488004,28.6815294974907,28.6949300466492,28.638491734698,28.9048052046322,28.9870354917565
"P62310",2,2,2,2,2,2,0.507553320786606,0.648443165521762,28.2887540626735,28.3048595516112,27.8960817202097,28.5699081314655,28.2302028717048,28.0928677772629
"P62312",2,2,2,2,2,2,0.82463533370007,0.883773055720263,25.9943496560391,26.1205029519715,25.9695987437335,25.8127945070368,26.1842967726054,26.1909692728372
"P62314",3,4,4,3,4,4,0.589156287886944,0.71177689058118,28.967623752706,29.3206983852184,29.1763972351305,28.8537116948815,29.5024713881665,29.4879741409075
"P62316,Q06217",7,6,7,7,6,6,0.203896659844713,0.362641934585411,30.7197802824795,30.6954134516267,30.6765972998915,30.7364096288852,30.9126339134807,30.9221518695696
"P62318",5,5,5,5,5,5,0.398641263215635,0.550896335777381,30.0258334763959,29.9268525403584,29.8016824676851,29.9822513631084,30.0220365670186,30.0629612926144
"P62328",2,2,2,2,2,2,0.559241742249219,0.686745848759337,30.8956376398803,30.9381645324263,30.9216592219471,30.7159644108807,31.2361700339812,31.1084774655212
"P62330",1,1,2,2,2,2,0.021171829515845,0.0789745594859238,23.3883171857042,22.6408623380803,23.6316852006383,24.1470326972543,24.1284600774592,23.9550739666715
"P62333",13,12,11,14,12,12,0.00513726075947867,0.0270938538551927,29.2900896396012,29.2716179153294,29.2278775977822,29.738975661833,29.7220607999616,29.6671448414844
"P62380",2,2,2,2,1,2,0.93422995477895,0.956299297485551,23.443431026477,23.6435136555201,23.2883917757028,24.1282717691456,22.6364815634994,23.7122846722936
"P62399",5,4,3,6,6,6,0.000243545935864451,0.0039229226058713,25.7523259891903,25.509867136951,24.790718757475,27.5940369813411,27.3948271782552,27.4657866965933
"P62424",8,9,9,9,9,9,0.423421627754231,0.57404144600737,29.9515836262367,30.3439533736612,30.3131423597446,30.0111833302846,30.6258814737189,30.5265519393059
"P62487",3,3,2,2,2,2,0.081375412190672,0.203346332517594,25.5229975898264,25.491536840434,25.2366096252177,24.3497690876908,25.456980849657,24.0436486583499
"P62495",16,14,15,16,14,15,0.0381005566251916,0.121379007907908,30.0994702986199,29.7434434542042,29.9487735940561,30.4615999127833,30.2019326645214,30.2987297443829
"P62633",4,4,4,3,4,4,0.18436680253739,0.342320453062911,28.6774093897503,27.940295998274,28.426789814704,28.6765477752549,28.7119752375218,28.5963562728101
"P62701,Q8TD47,P22090",14,15,15,15,14,15,0.187485812888664,0.345022298668045,31.427058181645,31.6220694037811,31.5961866847466,31.6524803832322,31.6978637013429,31.835003857221
"P62707",3,4,3,5,5,5,0.000579327442420054,0.00584833143459922,23.4850764106046,25.4083526241793,23.9054115996003,27.5602960833141,27.7094817861149,27.7767165448886
"P62714",1,0,1,1,1,1,0.740086600229046,0.825495127199244,24.3860392145516,NA,23.8875473336927,24.2979715845892,24.1683163205785,23.6493787517194
"P62750",5,5,5,5,5,4,0.943631084315057,0.963268070406196,30.5215790705315,30.6106217739628,30.5006523382051,30.5081352455795,30.7331508073749,30.4201328396773
"P62753",5,5,5,5,5,5,0.841571651382131,0.894630086177281,29.6325479915548,29.8959154163018,29.8531448496263,29.4218513088522,29.9842767687437,29.8587113947809
"P62768",0,0,0,4,4,4,NA,NA,NA,NA,NA,25.3273160957834,25.8320122217979,26.0229118611313
"P62805",5,5,5,5,5,5,0.233910110755278,0.394782806239578,29.3264140216462,29.142915206171,29.1810078217323,29.3153605893125,29.3994029007495,29.3800267279561
"P62820",2,2,1,2,2,1,0.444968918388804,0.593899416527129,25.2694235132417,25.5433358904915,22.5709979071393,25.0769365702664,25.541945130621,24.7785578917128
"P62826",8,8,8,8,8,8,0.600839449664089,0.720636851969267,31.2673405249019,30.9563668611413,30.8720103454629,31.2005290410488,31.0917409475429,31.0458007414562
"P62829",4,4,4,4,4,4,0.353253311660639,0.508533167496318,29.707634187627,29.8516880361,29.9552848012956,29.7721279589203,30.0522221402932,30.1383320272101
"P62834",1,1,1,1,1,1,0.139369353411514,0.288091968400506,23.3869715466257,23.5394773288197,23.77981783261,24.1457591958745,23.6706724629014,23.8187381103576
"P62841",4,4,4,4,4,4,0.708117259735819,0.802192932434767,29.2953703559863,29.415762779373,29.2168296489112,29.3024329230695,29.3773844037554,29.3804961324175
"P62847",3,3,3,3,3,3,0.059459856082799,0.166023283332177,28.8184995958548,28.5036786511493,28.4089084848624,28.9410905561581,28.8181701208465,29.0530085121882
"P62851",2,2,2,2,3,3,0.478889521909707,0.625270177147133,29.7090956505653,29.769955788631,29.7159525936592,29.6797528261041,29.8701137117733,29.9094681614377
"P62854,Q5JNZ5",3,3,3,3,3,3,0.844736730628862,0.896206736076481,29.1935580254592,28.9699755607358,29.0039445728676,29.1275116254887,28.6265424456015,29.289199020913
"P62857",2,2,2,2,2,2,0.281680973690122,0.44235063751268,29.8992724927053,29.3265289550283,29.6225272727104,29.8119560370657,29.7752438566165,29.8718472210816
"P62873",4,2,3,4,3,2,0.364461221238017,0.517966383578764,26.1484269207602,25.0014301815624,25.8434796367637,26.1863841169188,25.9409257531752,25.8022255682486
"P62877",2,1,2,2,2,2,0.599785766264729,0.720058596236762,26.2980870741577,25.5888757434194,26.2577296756904,26.3143387251787,25.7152879715627,26.6338180260288
"P62879,Q9HAV0,P16520",6,5,6,6,6,6,0.127380007307801,0.273333769208931,26.574586642273,26.0574095551195,26.3761111496898,26.6102038909141,26.5812585255655,26.6814539438163
"P62888",5,5,5,5,5,5,0.0203786190817953,0.0767056602732263,30.2413658643443,30.4216877552113,30.4016219163259,30.7174959344225,30.7639858935104,30.6571547410688
"P62899",4,4,3,3,3,3,0.111566081551895,0.250616082713722,30.2502879400336,30.1128018358713,29.1721711899567,29.0311652104887,29.353628061084,29.3819815730958
"P62906",6,6,6,7,6,6,0.180229394923147,0.336831831068988,29.8674840383847,30.1335786995891,30.0625645606612,30.0894133972923,30.3061726321984,30.2701999134202
"P62910",6,6,6,6,6,5,0.246349165858697,0.406160063117953,30.6092958076311,30.6114532767208,30.4018773133184,30.6222930402487,30.8835515085284,30.6380609847915
"P62913",7,6,6,6,7,7,0.16434106685528,0.318218992781743,30.3381543427993,30.3967358857405,30.3119650560459,30.493236751936,30.5912772961373,30.4683097767791
"P62917",6,6,6,6,6,6,0.70377848012466,0.798666026449925,29.8803985382481,29.9314606313194,29.9728113632529,29.8538683761538,29.9190552900032,30.1661640255918
"P62937,Q9Y536,P0DN37,P0DN26,F5H284,A0A0B4J2A2,A0A075B767,A0A075B759",8,8,8,8,8,8,0.141349638827268,0.28994471777428,33.5535442490769,33.3416774699854,33.342533101883,33.8771799342756,33.5767884141013,33.5321080660849
"P62942",3,3,4,3,3,3,0.974079039070624,0.983130215982342,27.9502388641707,28.0845965146956,27.8807223799046,27.7402004645561,28.1046522224781,28.0558276892979
"P62979,P62987,P0CG47,P0CG48",6,7,6,7,6,6,0.0264433917068291,0.0926534200972,30.5461108532887,30.4185814728227,30.5294568290135,30.9916488201313,30.8175190198742,30.7534689935694
"P62993",5,4,6,5,6,6,0.0783375776342709,0.197882629660877,28.0323359501525,28.0048218104501,28.2480191989005,28.1799996173127,28.5804229664761,28.5454607700331
"P62995",6,6,6,6,6,6,0.561661752378812,0.688605459379775,29.6249825709182,29.4808779170229,29.3370054257656,29.7537730484778,29.4259634464191,29.5314037111138
"P63000,P60763",5,5,5,4,5,4,0.608679495834795,0.725011973889905,26.5453736877539,25.7709845640608,26.4275927989775,26.0371874586169,26.5624699288163,26.5808838655804
"P63010",20,20,20,20,21,21,0.140399875513955,0.289166696205265,28.7118480577676,28.6488841899878,28.7616450127526,28.7767997956888,28.9459655093164,28.9986503854708
"P63020",2,2,2,4,2,3,0.00019983011306313,0.00361755942775396,24.3488508155364,23.3155419814564,23.8922087110625,26.4714136604699,26.0536143664785,26.2227301019668
"P63092,Q5JWF2",2,1,3,2,0,1,0.550984523457532,0.68100552587734,24.1104709975181,23.5003132612402,24.8600912884419,24.3003445061,NA,23.3668723364781
"P63098,Q96LZ3",1,1,0,2,1,2,0.122909737381933,0.267899771589288,22.9231560577031,22.8840792364275,NA,24.9442072364699,23.0052859727927,24.0682544496678
"P63151,Q66LE6,Q00005,Q9Y2T4",11,10,11,11,10,10,0.0616551146614748,0.169746911940644,28.0443452327162,27.9839591837011,28.0132241120239,28.4480335510456,28.2224084786465,28.2024130881539
"P63165,G2XKQ0",2,2,2,2,2,2,0.868425892766397,0.913058060106085,26.6620638107515,26.8660750008122,26.7622286594552,26.3945916811541,26.9601936462262,27.0407610125677
"P63167",2,3,3,3,3,3,0.95263151066462,0.968081602092446,27.7652168507621,27.200053631171,26.9406399193638,27.6741442351861,27.0849486772341,27.1973598604276
"P63172",1,1,1,1,1,2,0.105556310728043,0.242349214665995,24.4912139337178,24.594783463278,23.1936390179514,24.6059269361751,24.7548213740863,25.662665091677
"P63173",4,4,4,4,4,4,0.018537976247003,0.0715891067007749,28.3893846708599,28.4527256541258,28.5260398749966,28.8671244728561,28.7445749012122,28.8137415986799
"P63208",5,4,4,5,5,5,0.70281600901634,0.797772240142459,28.1728726307873,27.987876511665,28.1289070554899,28.0641613199156,28.2656941917562,28.1051323514565
"P63218",3,3,2,2,2,2,0.570084422694653,0.696320650260085,26.1821311932422,26.375266681871,25.6011197775948,25.9294285750215,25.9590395530825,25.8747877597698
"P63220",4,4,4,4,4,4,0.552027028123591,0.681924533522833,29.8936378143528,30.0470496032644,30.0201614420295,29.7529144902693,30.253256284907,30.2962441241714
"P63224",0,1,1,2,2,2,0.000631524436588252,0.00619573006390453,NA,22.8895139653538,21.8440691982513,25.3255496612962,25.1826797034569,24.967083418276
"P63241,Q9GZV4,Q6IS14",5,6,6,6,6,7,0.868297688619853,0.913058060106085,32.069789813688,32.1287028999086,31.7383056588991,31.7217469550168,32.1217553864498,32.0034137850105
"P63244",16,16,16,16,16,15,0.511490778245223,0.651246867859679,32.1867754678274,32.191874474576,32.0888703232145,32.1888800687846,32.2519516925742,32.2452616869163
"P63261",1,1,1,1,1,1,0.129454114750548,0.275911410292128,26.9335601230241,26.7700099529997,28.015451249829,27.5198784204063,27.901600350807,28.5150010198097
"P63279",6,6,6,5,6,6,0.947031042266237,0.965351805301036,29.235087417826,29.271082223339,29.085450546705,29.2142491792656,29.0308638635706,29.3193803873858
"P63284",1,2,0,5,6,6,0.000238874021954173,0.00390588992170229,22.2444351642019,23.2323182225357,NA,25.8607906053697,25.9384524926857,25.8660095591985
"P64581",1,2,1,2,2,2,0.00135824110751942,0.01005892196835,23.6939394372527,25.5287871536899,23.9860450970975,27.1053382054863,27.3051924528048,27.2603506816408
"P67775",9,11,10,9,10,8,0.217972676054781,0.378373784208204,26.5690389659461,26.0115079393342,26.075140173664,23.7285663131126,26.1271295116634,26.0026859841163
"P67809,Q9Y2T7",6,6,6,6,6,6,0.60714556724017,0.723751784099727,31.1480859790025,30.9873291915527,30.7897614420917,31.0469050828479,31.0418225695025,31.0507246200955
"P67870",5,4,5,5,5,5,0.0594655951259924,0.166023283332177,27.8387869782027,27.7088825541643,27.99266193639,28.1598076537758,28.1904117471167,28.0644227430594
"P67910",1,1,3,4,4,4,0.338665297827942,0.497741974449443,22.9906402577586,23.5487003922116,27.6430687468871,26.1835057225923,25.9628393278808,25.8859835047275
"P67936,P07951,Cont_Q5KR48,CON__Q3SX28,P09493",7,8,7,8,7,8,0.214293683452798,0.374993396207006,26.9883408000653,26.9600392793352,26.6564881956932,26.8553473050797,27.2873298903925,27.1799374141078
"P68036,A0A1B0GUS4",5,5,5,5,5,5,0.435404217736955,0.584210012151762,31.786884050044,31.9353901180311,31.3435971017156,31.8256986841995,31.8256817087666,31.8635464265217
"P68066",1,0,0,1,1,2,0.021817164851276,0.0805910170457662,22.3471637104865,NA,NA,23.7183222816158,23.6871139730864,24.5084016844588
"P68371",20,21,20,21,21,20,0.636066558338354,0.744989894515936,28.6740411255102,28.8209348274109,28.771324193835,28.4806876919784,29.0191135539428,29.0453567669825
"P68400,Q8NEV1",9,8,9,8,9,9,0.103145897787427,0.239101415501138,28.1866957953998,28.195059929639,28.2590009350994,28.2965787449038,28.5407358671579,28.4908573378186
"P68402",4,5,5,5,5,4,0.139481484306601,0.288091968400506,27.9163019615818,27.6254261828545,27.8967584291233,28.0546807960258,27.9981657527341,28.0385319936752
"P68919",1,2,1,3,3,3,8.87026980657959e-05,0.00281015075400112,23.83009426151,24.9720488049949,23.994595929042,27.2150083497613,27.5187405802484,27.5182040838503
"P69441",3,1,3,5,4,4,0.0062107825959525,0.0310335051508601,24.8160430798362,22.2127879858845,24.5975088808273,26.940303774622,26.9639903865804,26.6519473258132
"P69783",4,3,3,4,4,4,1.69698273653303e-05,0.00119934534000211,26.7512058285393,26.5347415838263,26.9041813527286,28.6104924175578,28.9361016274509,28.9140687685431
"P69891",8,8,8,8,8,8,0.707966331134956,0.802192932434767,27.2919178688556,27.6871335430024,27.5757240701525,27.1309636012325,27.9526359507873,27.7664571248382
"P69892",1,1,1,1,1,1,0.834751356027399,0.890227278457927,27.9921752481882,28.1864820675767,28.0882251036568,27.7252053889807,28.2836154449594,28.3917356667215
"P69905",4,4,4,4,4,4,0.969505065060664,0.980605609856955,29.4493671933752,29.5558022753383,29.2618740636971,29.4186301926177,29.4034098531444,29.4303512494948
"P76015",1,0,0,1,2,2,0.0439372810088188,0.13436554753494,22.8378862379609,NA,NA,24.4736992477503,23.5989301744891,24.3619365795173
"P76108",2,3,3,5,6,7,6.22667772410528e-05,0.00224424192522624,23.8828725534621,24.7993478075601,24.4640290305894,27.2824724182949,26.9479500504715,26.986804292686
"P76402",2,2,1,2,1,2,0.00559483438462592,0.0288402649295632,25.0491561520332,24.4660064408405,23.9276812679773,25.9275242363344,25.5545381600978,26.2270517427167
"P76558",4,4,4,5,5,5,1.93938455764837e-06,0.00047200920217301,24.8437943492739,24.8283506365833,24.5967951346885,27.1591879273014,27.3827494554712,27.3010044736508
"P76621",1,1,2,3,3,3,9.82043511615798e-05,0.00291525550512484,22.534529556936,22.2010085186302,23.2456837833789,25.6055961414471,25.2439660115144,25.3947439638435
"P77581",7,7,8,10,9,10,4.897236410672e-06,0.00063890771244089,26.8835805088411,27.0107013704611,26.9021607037266,29.3450160791997,28.9983253552522,29.0925335603506
"P77674",5,3,8,7,8,9,2.62257041872721e-05,0.00141328027078534,26.1842822923383,25.7614702494663,26.4492379462746,28.4598395944019,28.5851060778122,28.6902210749771
"P78316",6,7,7,7,7,7,0.0276931677520348,0.0957366503423957,26.1245139969482,26.3123024065456,26.2652356759985,26.5961198146092,26.5687944120837,26.5152860247574
"P78318",1,2,3,2,1,3,0.648814829329043,0.755653114985727,25.1292974435806,25.4725180610325,26.1284626504722,25.0251919226882,25.3402674732502,25.8805292416077
"P78330",2,3,3,3,3,2,0.66870184468906,0.772699547991766,24.8901974878066,25.0037535703384,25.1979125557853,25.2903354358147,25.3001883313478,24.7626569761643
"P78332",2,0,0,1,0,1,0.0227794902511175,0.0830032224645352,24.6353646110673,NA,NA,23.0114736414404,NA,23.4257912936359
"P78344",16,17,18,16,18,17,0.157130660457024,0.310152983931873,28.6789584202032,28.7600911222675,28.7928548172688,28.8996992656433,29.0070129606901,28.8585429278031
"P78346",4,3,4,4,3,3,0.178388109905003,0.334424808736626,25.8812980743788,25.638443498745,25.7789161809437,26.077413746642,25.9185392569987,25.8801752168727
"P78347,Q86UP8,Q6EKJ0",21,21,23,25,21,21,0.241806545437279,0.402406667624761,29.2452218720062,29.0604419742582,29.1573422873973,29.2440695797575,29.4543027164962,29.246383427391
"P78356",0,1,1,1,1,1,0.794969587805002,0.864689148376369,NA,24.0991734302131,NA,23.7409084913946,24.4416634888267,24.4339549465841
"P78362",1,1,1,2,2,1,0.0288703318131759,0.0986476079104918,23.232349157717,23.5428287742288,23.5019840044808,24.7874988883009,24.6019581496143,23.6573548997076
"P78371",30,27,28,28,28,30,0.143736831143902,0.292522021465242,32.4840621127026,32.5087753554899,32.5282485579608,32.5932864246394,32.7352350905455,32.7362273882559
"P78395",4,4,4,4,4,4,0.302673244972141,0.462268277054873,26.6284359163203,26.6374700763438,26.3745851487351,26.7505003251187,26.6264020144122,26.6910727901426
"P78406",11,7,9,9,11,11,0.495856160155782,0.639732975857092,28.0735935817334,27.7078085104348,28.1244155630811,27.3252885272962,27.5620553712001,28.3629266663295
"P78417",9,9,9,9,9,9,0.308334448026498,0.467350960220014,31.0071412554052,30.9931411280311,30.9207683578053,30.9984365001129,31.1665079604531,31.1242120564754
"P78527",74,74,80,78,81,84,0.0306890027299981,0.103449081149324,31.2892117606834,31.3227399198943,31.4559277935915,31.6768922171906,31.6141089629256,31.7245660832757
"P78559",7,7,7,5,6,7,0.190296453028274,0.347530992279818,26.3650135193306,26.5250178131467,26.4705631399599,25.6081413065109,26.179530204222,26.4967580575617
"P80210",10,12,11,9,9,8,0.00167035018778749,0.0116873275409303,28.8606919030445,29.1175985654621,29.2846738677046,28.0130085098318,28.2389823059066,28.3178903055738
"P80217",1,1,0,1,0,2,0.102927576380796,0.238959594630632,22.0429352063006,NA,NA,22.6421041523982,NA,23.2104968187779
"P80303",1,1,3,0,2,2,0.125756427464532,0.271401741568615,21.747465665804,22.2144192731842,24.6620259418232,NA,24.5642994680369,24.6589551698875
"P80428",1,2,2,0,0,1,0.0257559983190958,0.0908028317864875,22.5703033046048,23.3957989830209,23.3103841473826,NA,NA,21.5852125303802
"P82650",5,5,5,5,5,6,0.107044728660131,0.24478097852006,26.7806423505495,26.5162616935532,26.8162677190493,26.8402433415706,26.957306680473,27.1969157492833
"P82663",2,4,2,3,3,2,0.283297064499467,0.444124126545213,25.4881829159482,25.8349313294371,24.8406487946778,25.6818528906785,25.8674495122808,25.5791400321238
"P82664",3,2,2,2,1,2,0.350867423751821,0.506230646939257,24.920255797711,24.6968643289964,24.4187622178601,25.5144086967683,24.6338671875135,24.7387406113429
"P82673",5,5,5,5,5,5,0.146283389752962,0.295677813049628,25.7673494380549,25.9717662652464,25.7565732757469,26.4071545892411,26.0480497173997,25.8989072108255
"P82675",2,1,2,1,1,2,0.443886111265255,0.592974652882018,23.7746332871635,23.4411322373716,23.5832144778388,23.3192693626639,23.8012257592601,24.3875695294066
"P82909",4,3,4,4,4,4,0.19127103415164,0.348570661108673,26.2177925317694,25.9599633110327,26.4092811648492,26.3243440329014,26.6120558085728,26.3803748842287
"P82912",2,2,1,2,1,2,0.4851369900931,0.631079255433339,23.8557629822716,23.6737513064082,23.0935727583094,23.7843457105286,23.1502643544476,23.0399767906298
"P82930",4,4,4,4,4,4,0.177937247419767,0.333779641401915,25.7748028995913,25.9380898137955,26.0350261643283,26.1593006246448,25.941058604139,26.3619841192121
"P82932",3,3,2,3,3,3,0.0364251500046323,0.117801309627402,26.3540441214741,26.4383811589662,26.1205722861831,26.8540946635107,26.6605587394107,26.5741968123176
"P82933",7,7,5,7,6,7,0.0152696133615435,0.0617005988975743,25.9142632331428,25.8503413188792,25.6123459294737,26.3641548869037,26.1808583315037,26.2042526740466
"P82970",3,3,4,3,3,3,0.238749560827002,0.40037582400089,25.1524140442192,25.4251519908379,25.5303199281202,25.4879475800165,25.5912307397705,25.5770664884576
"P82979",5,6,6,6,6,6,0.69536398107017,0.792791508129767,28.759371643233,28.9890170649146,29.1080208889986,28.6025161122983,29.1699835665985,29.370803307493
"P83436",1,1,0,1,0,2,0.266142339150408,0.425268424239637,23.1506375404554,22.1308852891661,NA,22.9365685819388,NA,23.5421359104723
"P83731",5,5,5,5,4,4,0.553043059537815,0.68244047541561,28.3774739517195,28.5812285077531,28.5068235754193,28.5816025850322,28.3621113806475,28.2660777737907
"Q969Q0,P83881",2,2,2,2,2,2,0.905983432864683,0.938195629264835,28.242797109542,28.205991316584,28.2260325223425,27.9952518459631,28.3880215417475,28.3447196829885
"P83916",3,3,3,3,3,3,0.313729472121596,0.472510350550914,26.5506167598859,26.5894160418544,26.5866695767142,26.6309779976606,26.8325279202452,26.6394507463777
"P84085",3,3,3,3,3,2,0.377545248045593,0.530288903266815,26.0657709550894,25.5596456785065,24.4650201613129,25.3729668134167,26.2206256652899,25.8011039575612
"P84090",3,3,3,3,3,3,0.113741034436976,0.252868713012419,29.8196817606923,29.6634196925976,29.6479577809082,29.986640227804,29.9017880650713,29.8726816311922
"P84095",6,5,5,5,4,5,0.865299661805495,0.910610624488274,26.5143554371947,26.071119828302,26.4473915495904,26.4566518431035,26.0134708156021,26.4586170008184
"P84098",3,3,3,3,2,3,0.522703121780306,0.659267802477677,29.1042305107092,29.5912411220656,29.541376020202,29.72499602276,29.2326198335336,29.7106180674937
"P84103",4,4,4,3,3,4,0.810001181725919,0.873782310483244,29.3682300647421,29.3714341100833,28.7197272794854,28.4768948074604,29.5696796935576,29.7028348309609
"P85037",2,2,2,1,1,2,0.34758162216951,0.505311459635852,23.7646476280122,23.8728897650555,23.0965379397437,23.3329382095742,22.7201638949965,23.6826471245405
"P87108",3,2,1,1,1,1,0.0386606699265007,0.122820317691293,25.2780247015272,24.2888146547193,23.530270088069,22.7027938018911,23.1416524351969,23.4737424176793
"P89886",1,2,2,2,2,2,0.236499956481452,0.397404492506269,25.8050128258616,24.5888511795911,25.5606499672131,25.2345650671364,24.7362009847472,24.514174186926
"P98175",9,9,9,9,10,8,0.284514902471783,0.445268262461844,27.0312123327983,27.1940106674858,27.0009579742363,27.2082703267762,27.5592020583316,27.0510195190931
"P98179",2,2,2,2,2,2,0.342593696790592,0.500933475884193,28.2284719596764,27.8717898537662,28.012243081142,28.3871723837323,28.2128122277479,28.0088827582717
"P99999,Cont_P62894,Cont_P00004,CON__P62894",5,5,5,5,5,4,0.176200176398215,0.333122753720951,30.4930836146593,30.4284809674784,30.332653724029,30.4727518940113,30.6841882964796,30.6501965214496
"Q00013",13,14,14,15,14,14,0.0605841381395942,0.167765578204101,29.7675802792059,29.6824506300527,29.6751188761506,30.1180193685649,29.9109223603944,29.9133931280864
"Q00055",9,9,10,8,7,9,0.000243888382641449,0.0039229226058713,29.2220851965174,29.3730753406614,29.2997917241144,28.2278534991393,28.3360304803637,28.456911731152
"Q00059",4,5,5,5,5,5,0.239176052615665,0.40037582400089,27.4534788869725,27.6152117319163,27.7616980813017,27.979892403018,28.0537126627952,27.5258625468784
"Q00169",3,3,4,4,3,3,0.68363510802405,0.783997828759606,25.154805384135,25.2417538845543,25.5029494087741,25.2944048682173,25.706843389722,25.1457743359539
"Q00245",3,5,3,1,0,1,0.00130153156104699,0.00970193951224898,25.6000325672277,25.659834600904,25.099261878463,22.5708539620759,NA,23.5150295228382
"Q00325",7,6,6,6,6,7,0.350602794964998,0.506230646939257,29.2395236031167,29.2031258236965,29.2090279213991,29.205053249365,29.3592311541514,29.4359133905262
"Q00341",14,14,14,16,14,15,0.0858916466804787,0.211804157922348,27.9989669821631,28.0120759331219,27.8155010485049,28.1787215436252,28.2068027126305,28.1442179957029
"Q00402",6,6,5,5,4,4,0.00344910450777495,0.0197923119053703,26.788363696986,26.9456289097376,26.3941614353237,25.9635418638867,25.476433378224,25.740180000787
"Q00403",3,3,3,4,3,4,0.0942133861453887,0.225952654680976,25.8257077175873,25.8716384241657,25.8683160761973,26.5173659779579,25.8671698877032,26.3150364864583
"Q00534",7,7,8,7,8,8,0.0983199205465716,0.23139472688704,26.9117461124913,27.0418101916181,27.2017510755207,27.1977747724595,27.3636484572889,27.359319480905
"Q00535",5,5,4,5,5,3,0.535909970180622,0.668460605690375,25.7993547559297,25.7275779203086,25.5779680457318,25.8903942521789,26.0939621046112,25.4886528452991
"Q00610",50,48,53,49,49,54,0.215755047062274,0.376539603939592,31.9471458494785,32.1312351013801,32.0111776843254,32.3279353411595,32.1242073007375,32.1439876252368
"Q00688",4,5,5,5,5,5,0.0349214261709969,0.113793961565777,27.5237883243164,27.6120123817833,27.8778364508061,28.0295015930542,28.0077107882634,28.0826632070569
"Q00764",13,13,13,10,9,10,7.06110675937265e-05,0.00245899000276779,29.6161748335195,29.5146139882809,29.5012404569671,28.4334300767549,28.3294993446365,28.4955957319781
"Q00765",1,2,1,1,2,1,0.99877218960374,0.999124716899779,21.3718917506182,23.9656309439086,23.8806832872454,20.8157088757423,24.3227957705788,24.0739926691664
"Q00796",5,7,7,7,7,5,0.148026400125284,0.297859620325333,26.2114991864003,27.3238011152646,27.128660180714,27.9772099819647,27.634163020448,26.991728521456
"Q00816",2,2,2,1,1,1,2.64097483690738e-05,0.00141328027078534,24.0600529030899,24.2921978607208,24.1624643441904,22.2801569513969,22.6026704821112,22.5386407474636
"Q00839",17,17,18,17,17,17,0.0706098454956699,0.185340687658945,32.6717042701239,32.6597191343784,32.7414540502389,33.0136709310968,32.8372599694051,32.9530365561098
"Q00955,P32874",46,43,43,36,35,30,3.3921044566983e-05,0.00161560055252183,30.5291396121047,30.4535689902349,30.4746643561731,29.3260918655454,29.1942344189584,29.2721827967281
"Q01080",3,3,3,1,3,3,0.0419227182322234,0.129661993610443,25.8400438284323,25.4895383197435,25.5259273992591,25.0809399550637,25.4215046504826,24.9326726690228
"Q01081,Q8WU68",3,3,3,5,4,4,0.0470636519374582,0.140421438939623,28.2153055654624,28.3230260581115,28.2420594445616,29.1687079209466,28.6038977583586,28.514181316821
"Q01082,O15020",16,10,14,16,16,13,0.0348872322326934,0.113763798031127,26.7650745661285,26.2634769363605,26.6013332975526,27.0089494149495,27.0972799907814,26.890231032991
"Q01085",7,7,7,6,6,7,0.752969416724708,0.835371225461605,27.1185568476151,26.6898272240679,27.108688610175,26.6461273846529,26.9503279020065,27.1287943950693
"Q01105,P0DME0",9,9,10,9,10,8,0.179587445812333,0.336182982271589,32.0534982285603,32.00762677707,31.9719228718465,32.0270874790098,32.3383648878227,32.2499254025132
"Q01130,Q9BRL6",4,4,5,4,5,5,0.190415392492064,0.347609051840255,29.2892983358669,29.2336110428598,29.9013901876307,29.4851226356367,30.0227271671514,30.0555092757498
"Q01469,A8MUU1",4,5,5,5,5,5,0.0333748869581253,0.109852982902574,27.3559537365087,27.8195747812238,27.7852785908671,28.2017195585624,28.0587414029921,28.0663204180524
"Q01476",2,0,1,0,0,0,NA,NA,23.0684347181355,NA,21.9002220711942,NA,NA,NA
"Q01477",2,2,3,1,1,1,0.00143777971076127,0.0105114600007899,24.3027016286205,24.2032180890421,25.2467761365517,22.796036189672,22.998132553192,22.5023874813989
"Q01484",0,0,0,0,0,1,NA,NA,NA,NA,NA,NA,NA,21.8980419372624
"Q01518",14,15,15,15,15,16,0.143089142425333,0.291896803496328,30.1510154483706,30.3403102024301,30.1025003655244,30.375942309133,30.4979633146886,30.3428541677046
"Q01532",5,5,5,3,5,5,0.00382304789751359,0.0213996865134442,26.5708308708602,26.5451600345064,26.7204646512013,25.0002935950778,25.3993980663776,25.9313277176823
"Q01560",2,2,2,2,2,2,0.0148574299150371,0.0607344043659491,26.3361683292604,26.5286078844221,26.655117572481,24.7756681721325,25.7873718272145,25.7846945586091
"Q01581",10,11,13,11,12,13,0.0485286989066642,0.144414823491326,28.9742548597762,29.0526263208419,28.9969060897292,29.2893368777328,29.3010063060297,29.2094095653139
"Q01628,P13164,Q01629",1,2,1,2,2,1,0.846929377621313,0.897906535140235,23.4079152330215,24.2834821064943,25.0954267107661,24.0282557050534,24.4868449825233,24.0061781126337
"Q01650,Q9UM01,Q92536",4,4,4,4,3,3,0.417292413673301,0.567756633217298,26.0966518444938,26.040733084588,26.0302762281898,26.2120344582513,26.1835782989646,26.0554945780431
"Q01658",3,3,3,3,3,3,0.186787347320675,0.344570917297582,26.2593774246103,26.0638392168976,26.0406180465445,26.5514269934056,26.1468451044172,26.3419265302561
"Q01662",5,5,5,2,4,5,0.0348819308599076,0.113763798031127,27.1595112547497,27.1341679498401,27.0130457923845,24.4351996264281,25.9930106837737,26.5064245849166
"Q01664",2,2,1,2,2,2,0.490618716235458,0.634973346589151,23.8499789124401,23.6364959967066,22.4832600657313,23.5119749584533,23.6002767258663,23.6740953823717
"Q01780",13,13,12,15,15,14,0.0770199842596377,0.195979337425316,27.2089908779605,27.3124660457216,26.8967584291233,27.6340790150972,27.4722476063103,27.3436768965023
"Q01813",18,16,16,18,17,16,0.225147731169083,0.385846712844988,29.0250761600445,28.7094192763302,28.7890586597245,29.3249369261008,28.9382328856603,28.9377848375169
"Q01844",5,5,5,5,5,6,0.313009932734863,0.47189402284747,28.5468559187421,28.3719516560434,28.2920413387301,28.4777535948904,28.4813197490803,28.6835794033342
"Q01852",4,3,1,2,1,1,0.012692259280766,0.0537125109822398,26.2363452948798,24.8733335284764,24.5423803005694,23.9067848547448,23.3350764506227,23.3883165882172
"Q01855",3,3,3,3,2,3,0.000350955941317214,0.00451809253607854,30.8265840487243,30.9873874269672,30.7479814478518,29.6355986760323,29.8593464316387,29.9448110712226
"Q01939",6,6,6,4,3,3,0.000385299455114964,0.00471842774884945,26.5787051100535,26.7044115344342,26.588705167847,25.6747435247754,25.4297838013206,25.1558269779343
"Q01968,P32019",2,2,2,2,1,2,0.471759995375039,0.618579070994806,23.2200447888658,23.5943430577673,24.1315870411223,23.8413114008364,22.7235289560443,23.5301138503773
"Q01970",3,3,3,3,4,4,0.0217277810469895,0.0804568940537184,23.7545923708018,24.2761785385461,24.2470187694216,24.4779704708522,25.1090575462367,24.8484496371624
"Q01976",2,2,2,0,0,0,NA,NA,25.7640497023115,25.4023829969846,24.7847982042319,NA,NA,NA
"Q02046",6,6,4,2,4,4,0.000292722225118767,0.00417498741915779,26.6410046673584,26.8641480942112,26.6005027645894,25.5725000585761,25.7356496714328,25.7620566686397
"Q02201",0,0,1,0,0,0,NA,NA,NA,NA,23.0512683781789,NA,NA,NA
"Q02218,Q9ULD0",15,14,13,18,16,17,0.0603845767768367,0.167765578204101,27.9463539116609,27.5381803641879,27.5998498673924,28.1715321574427,27.9457669049741,28.05033132764
"Q02326",3,3,3,3,3,3,0.00047699580125712,0.0053256874105394,29.1538438897963,28.9567833006109,28.9987083323632,27.8389071545937,28.062226692247,28.1998886867383
"Q02455",3,2,3,2,1,2,0.00923385249777487,0.0424152205629478,23.3957473152533,22.5351801658148,23.5018823453862,21.6563043499415,20.7074495549279,22.0675394516261
"Q02486",2,3,2,1,2,2,0.0160830795339581,0.0642478185936223,26.3109123328765,26.5352515502653,26.2314380664689,23.1981960639195,24.4722108352277,25.5464651020883
"Q02543",7,7,6,6,7,6,0.52781114793982,0.662413880853221,29.8058983562785,29.9648503607534,29.8998238087628,29.7337633483434,30.1615994989336,30.0828074356964
"Q02642",2,2,2,1,0,1,0.00346400429582255,0.0198527482381187,26.5955585951911,26.8174274845583,26.7843385542461,25.9997146897263,NA,25.9292758539914
"Q02725",13,13,12,10,12,10,0.0119826375564214,0.0514594246761108,27.9090443151298,27.7541616874434,27.5487296854505,26.5051101926637,27.2044250838702,25.9750621651108
"Q02750",7,8,6,6,6,5,0.46553040361308,0.612737940358589,26.1076908054248,26.8838029574004,26.5753618115088,26.3919853584575,26.3649759662613,26.3091310543859
"Q02753",6,6,5,5,5,4,0.00849175871748112,0.0396108417884958,26.9080137266114,NA,NA,25.438435078789,25.4479221541169,NA
"Q02776",4,4,3,2,1,2,0.00129141148932375,0.00965806428572942,25.5555118096464,25.910268252007,24.9658446944669,23.9029132891361,23.374202998305,23.972448999709
"Q02790",20,22,18,19,19,19,0.384292907333056,0.536950763630444,30.7109434830829,30.5828327364302,30.4533837190811,30.6576252892028,30.71782181746,30.7043198491475
"Q02795",1,0,2,0,0,1,0.855582909572251,0.903302298881882,23.2056899941543,NA,25.5323618891645,NA,NA,24.1224662429191
"Q02821",8,7,8,7,6,6,0.00215809768003299,0.0139723725677594,27.2405473719937,27.0544952699857,27.1782472142025,26.195512616684,26.3545808767355,25.6590841466205
"Q02878",12,11,12,12,11,10,0.51966278377914,0.657432506822085,31.3518383028424,31.2562432018077,31.325132208517,31.2244913558304,31.5726410058323,31.4072811952586
"Q02880",1,1,2,2,1,2,0.110377717317862,0.249649552009958,21.7224054128428,21.9160088028163,22.8551736054873,23.2303402052371,22.3079229167298,23.2182204199621
"Q02931",1,1,0,0,1,0,0.001052450063002,0.0084529527947449,21.0133396457392,21.3907129640694,NA,NA,25.5323130665478,NA
"Q02978",4,4,4,4,4,5,0.488308473265867,0.633156132828612,26.1561514856418,26.2291855039771,26.2167406136146,26.0918214721507,26.303581449027,26.5310161692502
"Q03001",2,2,4,2,3,3,0.456130025387669,0.60402472447563,25.079910516564,25.2508798694311,25.8498238027417,25.5782432789031,25.4777160507948,25.6584649531171
"Q03048",5,5,6,5,5,5,0.000347395592093751,0.00451809253607854,30.320834577814,30.1662527425739,30.1697335970023,29.0150960536375,28.9622241814536,29.3477835174827
"Q03063",2,1,2,1,1,0,0.0113916643554108,0.0494940693232231,24.229596409656,23.6307808365551,24.5099925208634,22.0757429383739,22.9843579887604,NA
"Q03102",2,1,2,1,1,1,0.00121093106332451,0.00925337941522014,23.2410835369472,23.3344179729089,23.348082092432,21.8863422318888,22.3003540345629,22.4993479006059
"Q03104",9,10,10,8,8,9,0.000939861075017109,0.00779572040768737,27.6825035905711,27.8970070139223,28.0177638317708,27.0730416867522,26.6792670905411,26.8663000489581
"Q03111",2,1,3,1,1,2,0.306835833107092,0.466284167433228,24.8480994590847,24.0604419742582,24.3840480181264,23.0351893847122,24.0367561601294,24.6893309686377
"Q03154",5,6,6,5,5,5,0.260570068450549,0.420339693165278,27.0737659158483,27.1903727021029,27.2442260247091,27.2711497724635,27.2794711987691,27.3725937279491
"Q03161",6,7,5,5,4,5,0.000596239405797008,0.00596500914308323,27.2034361991167,27.8562105547421,27.2353108290543,25.8492967405861,26.1255873218775,25.7344382880623
"Q03164",1,2,1,2,1,2,0.792992725089477,0.863396852472122,23.7021674182127,23.8432130295186,21.9556374272971,23.8823061083904,22.1752538917892,24.0345309443981
"Q03195",6,6,7,6,6,7,0.000526203794190812,0.00556970234129579,27.0746846836175,26.9346533990343,27.0743200139674,26.0582991985133,26.0066321851525,26.2992677314388
"Q03219",2,3,3,1,2,2,0.0760539626569089,0.194265496999338,23.8287878668773,24.2547866734939,24.3111965737172,21.2574273994719,23.3729115308561,23.5991755290381
"Q03252",17,16,15,17,19,21,0.101062760112085,0.2355893263318,28.7421986379747,28.6592440166265,28.6470100281523,28.6727633447458,29.3004627669556,29.1955159049205
"Q03362",2,1,2,1,2,2,0.0642216552444541,0.174704347778891,25.0097796966087,24.2337013790847,24.8610823274308,23.3748780487996,24.0618968677632,24.3845774197114
"Q03426",2,1,1,2,2,2,0.0400575309671018,0.125855686137685,24.0283461052229,23.406876464757,23.0812425354526,24.7405469891899,23.9357350001615,24.3606048316543
"Q03497",1,1,1,0,1,1,0.00702110169740886,0.0341110393435348,22.4018660658199,22.1514949945221,22.0583919913248,NA,21.2949422825197,21.5262048095263
"Q03529",2,2,2,3,1,2,0.240420447867467,0.401574729394811,25.7416636450944,24.9439014758363,24.8888695871046,25.6890210709371,23.4864809321943,24.0107133651779
"Q03532",1,2,2,1,1,1,0.00515007112427202,0.0271300513498025,22.910923243488,25.5744339839119,25.6145337027322,20.8927766346126,21.1361671779583,21.7659661861926
"Q03533",1,1,2,0,0,0,NA,NA,23.2814827029715,23.5399856242979,23.2556059052991,NA,NA,NA
"Q03558",11,11,11,11,11,11,0.000128776347180482,0.00318408626679894,30.666119376531,30.6830260393896,30.6421321891887,29.7622008010138,29.7585122625154,29.7657985103366
"Q03629",1,1,2,1,1,2,0.0925366346741089,0.223242796077887,23.7276253232015,23.7783486295509,24.4765505643055,22.9405608371155,23.1712729426824,23.8898354188032
"Q03640",16,12,13,9,8,8,0.00458551729961515,0.0245479967532686,27.9653033866146,27.3467886743594,27.7247176575389,26.8918870932368,26.7640121769987,26.9037919412872
"Q03655",4,4,3,2,1,1,0.00841400897426595,0.0393285952260259,25.4276965403038,25.3640002609471,25.199292465064,23.888301676145,22.9066213078358,21.1227805050305
"Q03690",21,22,22,14,16,13,3.84203685073827e-05,0.0017527372113068,28.9828758661202,29.067686829544,28.9417879557207,27.5882727096338,27.7452977991737,27.4665975100237
"Q03701",14,14,15,14,13,17,0.215985541389701,0.376677459741152,27.7923485621333,27.576281201123,27.7756928900862,27.8366539333193,27.7688402071873,28.9017223115935
"Q03768",1,1,2,1,1,0,0.0783103378489923,0.197882629660877,23.3930096968272,23.0418999142488,24.4200539426613,22.7033132953056,22.5466952491458,NA
"Q03862",4,4,4,3,2,2,0.00306380154285884,0.0179884976042755,24.9813517662621,25.3896924771201,25.589590352259,24.2588753645533,24.5521048739064,24.249187716955
"Q03921",2,2,1,0,0,1,0.0966244059478647,0.22965796799042,22.7869965214746,22.4578415061807,21.627087870221,NA,NA,21.1142562553819
"Q03940",6,7,9,6,3,3,0.000267008049945328,0.00399613699256041,26.7198206601231,26.8411315898545,27.2146021164009,25.6006914905604,25.11956637103,25.3837035508415
"Q03973",4,4,4,3,3,4,0.00837586416200193,0.0392818078710512,25.851239458646,26.3966131054229,26.4349327368532,25.1872907282843,25.261902277615,25.6412276899047
"Q04062",5,4,2,3,2,4,0.244116893728174,0.404653336211976,26.6432823994136,26.3324094137364,24.8551258560003,25.2902531066544,25.2326361139252,25.462051074316
"Q04067",4,3,5,1,2,4,0.0102909257777106,0.0461624418858561,27.0061483372069,25.9562549969177,26.7476197744646,23.5915001979586,24.6754713198848,25.4576089110205
"Q04080",2,0,1,0,0,0,NA,NA,22.2112318411834,NA,23.3060822772078,NA,NA,NA
"Q04175",2,3,4,1,1,2,0.030004971107327,0.101771507949164,24.8429317835499,25.1603555145061,24.9144524159537,23.3397800613494,24.2923787335939,24.4996705841433
"Q04178",2,1,2,1,2,1,0.0633579134050166,0.172973549343917,26.0888285299102,24.8390058362642,25.8984777747782,23.6037422879958,25.3282911380437,24.1525327343698
"Q04182,P51533",11,10,11,7,5,6,0.000272484000447759,0.00402786579131165,27.158861587203,26.8934811581528,27.3772892277002,25.94770873491,25.6268810763594,25.7989517633634
"Q04206",7,7,7,7,7,8,0.0758895464118012,0.194171682967267,26.7812052985777,26.4857176557886,26.5555410866119,27.1276268245178,26.6788210472848,27.31162740816
"Q04304",2,1,1,1,0,1,0.0651808346738163,0.176367142033622,24.7617410933395,23.8128288646303,24.2031742142502,23.7194233421202,NA,23.0493594355611
"Q04323",4,5,4,5,4,5,0.008337987536939,0.0392311537363192,26.9288680152963,27.1347569595176,27.2651907562502,27.8083313986712,27.5775203303475,27.6143941697704
"Q04336",6,8,7,5,2,5,0.000575240001927833,0.00584833143459922,26.4880967143958,26.6509444684631,26.8090962334072,25.3021828808646,24.7145421036175,25.412846774592
"Q04338",2,0,1,1,0,1,0.141271819615924,0.28994471777428,23.5765176245244,NA,NA,21.561851961833,NA,22.799153082823
"Q04344",4,4,4,4,4,4,0.0317987756837251,0.105733246843406,27.0379409476487,26.9748711633274,27.6464640697576,26.7431959042138,26.5262336409597,26.6049180870498
"Q04371",3,3,3,3,3,3,0.00385934112072122,0.0215047143359524,26.1902714073951,25.7106106507391,25.9368848546699,25.284023647835,25.1949865989086,25.2042173195065
"Q04409",11,10,12,10,9,9,0.00155915992035633,0.0111312794314016,28.4354868910258,28.4413091074288,28.8548870848568,27.0440393858627,27.6800154961243,27.0155970890137
"Q04432",3,3,3,2,2,0,0.00164355125351938,0.0115886875093592,25.6902874217122,25.752770071182,25.7239987987796,23.5163456968334,24.3571319212919,NA
"Q04438",5,5,5,5,5,4,0.000431305511824454,0.00495621094444121,27.0572434599356,27.1410527323498,27.0977155813794,26.0644742611169,26.3159482171325,25.9356995564942
"Q04439",1,1,1,1,1,0,0.63015963459141,0.741115816706887,22.931923423155,23.4731037324538,23.1389927193468,23.4086115811376,22.6409112329934,NA
"Q04446",1,0,1,1,1,2,0.228447953440753,0.389018127509038,22.9572129968443,NA,23.1825189520716,23.0878813664945,23.4680422790639,24.3664932617991
"Q04491",6,7,5,5,4,4,0.00937484845120027,0.042853766166709,27.5266448143825,27.7130017214482,27.4714719242677,27.042085010773,26.0388680335913,25.8637954470862
"Q04602",2,2,0,0,0,0,NA,NA,24.6448607558845,24.3361164672159,NA,NA,NA,NA
"Q04636",2,3,3,0,0,1,NA,NA,22.7561509510052,22.431959758439,23.3538386581486,NA,NA,NA
"Q04637",37,37,35,35,36,36,0.113077568460477,0.25255159350519,30.6310263669825,30.5279194114713,30.4858709067341,30.7183567024794,30.8322772565245,30.7118775268402
"Q04660",2,2,2,0,1,0,0.000938029714910413,0.00779470229402788,23.3917716481898,23.761797121895,23.8604481409088,NA,21.098471611433,NA
"Q04697",7,6,7,5,6,4,0.0185330332491047,0.0715891067007749,27.7666389258313,27.1799742694951,27.7877823647966,26.4163876268395,26.9958015687334,25.6671865229073
"Q04726",2,2,1,2,3,2,0.593898245766351,0.715594277252201,24.0517714227963,24.0391698496149,23.7956617036439,23.1931676540604,25.0612614377066,24.4339549465841
"Q04760",6,6,7,6,7,6,0.177937765867922,0.333779641401915,29.6975673207473,29.4184778148031,29.8838219855765,29.8957984672834,30.1002720696035,29.7817746043964
"Q04767",2,2,2,1,2,2,0.0144796118782315,0.0595099003499929,25.3875927667802,25.63585417028,25.8125839790898,23.923761073676,24.7356496714328,25.0028079449511
"Q04773",2,2,2,0,2,1,0.00605798785174319,0.0304367187000577,25.7353734667796,25.6876956193238,25.2825746277088,NA,24.4107623268734,23.4134891211453
"Q04792",5,4,4,3,3,4,0.00633173343357081,0.031465542400817,26.4146939934795,25.8878417703693,26.343153863812,25.2736504722794,25.4083428891063,25.6057212948506
"Q04837",4,4,5,4,5,5,0.682107061673354,0.782835827761972,28.8321127633086,29.02472893408,28.7221019069559,28.7371836930227,29.0625625470986,28.9699298696311
"Q04869",4,5,4,3,3,3,0.00059422682531308,0.0059579401694028,27.1107397642542,27.1124601269543,26.9953724113373,25.345932288331,25.8203888904738,26.0247948307248
"Q04894",7,7,6,5,3,5,0.00165191109192644,0.0116117386769929,27.9083358646145,27.8295881044296,27.4214251342047,26.2766456016082,25.7803501019754,26.6611204501581
"Q04917",10,10,8,10,9,9,0.0491468640444691,0.145684206478797,29.4270132161619,29.3185336067814,29.2586061371655,29.4702785916942,29.800468119113,29.7634310041036
"Q04947",7,9,9,8,8,8,8.06804417897908e-05,0.00259200123552835,29.3462614017973,29.3648325215641,29.374602498725,28.2041249619919,28.3227855745298,28.3718463500262
"Q05016",7,7,6,4,2,5,0.00226032737790783,0.0144622910210596,27.9073047697095,28.1655529347136,27.6442781677623,26.4793613163678,24.8303205833587,25.7035822206501
"Q05022",8,8,7,3,4,5,0.00230816166636616,0.0145842569556266,26.4080209408549,26.4859814749428,26.3802647851143,24.3800242256207,25.2885415545824,25.3111022188419
"Q05048",8,9,6,7,6,6,0.88062861614399,0.921851249850592,27.4759078278371,27.6817886254736,26.8032301471193,27.3695030515554,27.1853738126262,27.2899696301679
"Q05050",7,9,8,5,4,4,0.00165050904917703,0.0116117386769929,27.299207705672,27.7176147491006,27.5488526983292,25.3602777774935,26.438768585953,25.510661998232
"Q05086",4,3,2,4,3,5,0.240955909306482,0.401900715223512,25.5869552393073,25.292499547228,24.8100613361271,25.6888649401792,25.3030853934207,25.6199175722818
"Q05359",3,2,2,1,2,2,0.00294726078616166,0.01743891531319,26.0187347640362,25.876818373785,26.0758745043371,23.8978430579541,25.0906844742374,24.4093240820471
"Q05397",1,2,1,2,1,2,0.329663038820764,0.489398888089921,21.8929504050493,24.3872934649277,22.5006822267784,24.0641372447037,22.7930059215542,24.3043232738992
"Q05506,P38714",16,17,17,12,14,12,0.000199361379724571,0.00361755942775396,28.8229490870645,28.9677812755526,28.8252584065408,27.7365040491896,27.9815991063644,27.7561845136366
"Q05515",5,5,4,3,2,4,0.0133839996728181,0.0562226579257793,26.2887342670514,26.7273547828801,26.0504866603067,24.7755505499368,23.4499625247912,25.3921702414729
"Q05519",6,6,6,5,5,5,0.422287695976066,0.572844623563131,28.282504969911,28.1831504883735,28.1995980618595,28.4568627453335,28.3000743993463,28.2143988947575
"Q05584",3,5,4,2,4,2,0.0376096709950392,0.120367180016721,24.7762720392711,25.9590513792436,25.8855227167974,23.9988333008505,25.0313256517937,24.1046967980074
"Q05639",1,2,2,2,2,2,0.304772450371881,0.464076074297905,24.9490494255675,25.7339006579929,24.5713951716256,25.2710663411056,26.2049562431715,25.1620653928335
"Q05775",3,3,3,3,3,2,0.00211827394260946,0.0137900467343817,27.7677755774882,27.7165471889959,27.3344031162676,26.6794817539625,26.6874941131898,26.177202241709
"Q05785",2,2,2,0,1,1,0.199773891511827,0.358383206086101,25.234784336567,25.0362184479082,24.3391194631876,NA,24.4580952728457,24.3733014132266
"Q05788",1,1,2,1,2,0,0.364659952564905,0.518087419371254,22.9917107879208,22.4976990195201,24.5264272243198,21.4234915476706,23.4834484664622,NA
"Q05905",7,7,7,4,4,4,0.00023153557571032,0.0038549828335419,28.4505621185506,28.4394372673141,28.5550818684601,26.8748313424942,27.1292298445106,26.397560489248
"Q05911",12,12,12,10,10,9,4.89819281493829e-05,0.0019864071962982,29.561390248763,29.7638492774363,29.782587409204,28.2901090193178,28.3412241175269,28.4687697171793
"Q05D32",2,2,2,2,2,2,0.399289269156946,0.550896335777381,23.4484016792684,22.7125959698052,23.6126990206037,23.0752843211752,23.8516216669068,23.7245630020721
"Q06010",3,3,3,1,1,1,0.0515469576007313,0.150548796782674,30.5720635489652,30.3698267497576,30.6832665426329,30.9516215215923,30.8036131988391,30.8307878504854
"Q06103",5,6,5,4,5,5,0.00211147516514124,0.0137804716786471,27.3013678701604,27.434012248529,27.2073728850344,26.0103495315575,26.5821276754549,26.4458752602187
"Q06124",8,8,7,7,8,7,0.514461425472794,0.653207075704672,26.2161697259339,26.2230103785281,26.4829768334649,26.2452857689422,26.6648444220146,26.3494428793617
"Q06137",2,2,2,0,1,0,0.000177352419581787,0.00356423673185952,23.7453900111629,23.7442597389716,23.5928870686949,NA,20.8766635188788,NA
"Q06142",1,1,1,1,0,1,0.00144409003509382,0.0105299618742351,23.346479186538,23.59600610699,23.6204920621289,22.5434566438661,NA,22.4803208309807
"Q06146",6,6,5,3,3,4,0.000354876901925653,0.00452124326382749,26.7109841088033,26.6410281882449,26.4691338927183,24.9019976513276,25.2643676243265,25.4954296089955
"Q06151",5,6,6,5,3,2,0.0262454925512196,0.0921723918542445,26.982845277541,27.1307975592384,27.4220968112227,26.8131383537979,25.0274770632498,24.8391449696706
"Q06169",2,1,1,1,1,1,0.172283779152948,0.327892615976532,23.6140355716605,21.9803720398091,22.2858906191715,21.0621906386715,22.5741733499987,21.593442416023
"Q06177",3,3,2,3,3,1,0.0181145054395174,0.0703454283558875,26.3242234627742,26.4924300199554,26.03600938114,25.3125968533486,25.3363537371522,23.8036030211591
"Q06187",4,5,4,6,5,5,0.152947999435926,0.304686768875435,25.4185708933922,25.7155913335643,25.4625410566342,25.7497969911637,25.8001422481008,25.6823679579164
"Q06203",9,9,9,9,11,13,0.0286821224181409,0.0982538006307621,27.660565367371,27.90294668694,27.7260237564957,28.0230755991224,28.5779048382601,28.2360454973345
"Q06210",15,17,16,18,17,15,0.373532935676333,0.526483722997451,28.3440960322434,28.6929158955964,28.4562721298288,28.8577451656041,28.9756777274019,28.2937126791608
"Q06252",6,6,6,6,4,6,0.00344912055343476,0.0197923119053703,27.8716034981456,27.8483317083827,27.6678030629664,27.0347324337058,26.4186262172459,27.0200225373945
"Q06265",5,6,5,4,4,6,0.781580633898543,0.856774367493715,27.1590781755597,26.8480238677668,26.8242170336789,26.7383308094438,26.7584293401258,27.5641766266601
"Q06287",2,1,1,1,1,1,0.0235593024774813,0.0848283645637486,24.3272719682679,23.8786882568929,23.3323893456327,22.7624345130368,22.9210037574782,23.2412840252389
"Q06323",11,10,11,9,9,12,0.504978831650428,0.646384239615391,28.7640781805839,28.7835144696632,28.7260781516335,28.6812251543296,28.6988755571021,28.6802152926468
"Q06406",1,1,2,1,1,2,0.00191812443333064,0.012925863518185,24.4762033783475,24.4587127735619,24.7584466847517,23.6082403779661,23.7188255878125,23.9317761741247
"Q06440",7,9,9,5,5,5,0.000232665608776865,0.00385971093541839,26.6536954510263,27.385767311785,26.9011011379671,25.2209378050788,25.3277222199311,24.9806046356742
"Q06449",2,1,1,2,1,0,0.726331372146007,0.814533854407592,24.7685707011432,23.6568851170652,23.4862434986186,24.28141662868,23.9858423490986,NA
"Q06489",1,2,2,1,1,2,0.0888946439713468,0.216812067293164,23.4966400587188,24.6847336533723,24.3095712632876,23.0923456926862,23.2396261935405,23.8881638507425
"Q06505",8,8,5,3,3,4,0.00145772151670653,0.0105725366601195,26.2355034087526,26.5010705061004,25.4053734054507,24.1876443733506,23.6289276867595,24.3789504330036
"Q06523",7,7,8,5,3,6,0.00631177168722815,0.0314005479139965,26.703816306098,26.6570491355689,27.09914428366,25.4007628918963,25.321204315112,26.2049595829668
"Q06546",3,3,1,3,5,5,0.196595438640236,0.354080895604866,24.8188971854704,24.9037466725728,23.107803813059,25.013320275374,25.1654536942451,24.8576946785173
"Q06587",3,3,3,4,3,4,0.413054825768016,0.563672185209001,25.4009872667831,25.6429695859606,25.5393870279493,25.6006582942503,24.8499245780852,25.5244898520873
"Q06609",1,0,2,1,2,0,0.9499499592473,0.966835700715132,22.3605152251803,NA,24.1490895087843,22.6330958538061,23.7706951480814,NA
"Q06625",9,5,8,3,4,3,0.0020567225753274,0.0134824507403363,26.1578215102297,26.0594141485847,26.2402095766474,23.735113557916,25.0646796850701,24.1646477072613
"Q06685",3,2,1,2,2,1,0.136550664888841,0.285492270037989,24.1290763375033,24.3066678617437,22.9475984495049,23.3168142333058,23.3494972442454,21.9757499262838
"Q06705",3,3,3,2,1,1,0.011234465933712,0.0491858287808004,25.6359560645236,24.8356560677125,24.7156074558904,24.1600667332013,22.27464258624,22.2149394311186
"Q06706",1,1,2,0,0,1,0.175105443827015,0.331740462931413,22.5303565134128,23.1637895609012,24.3837170362015,NA,NA,22.0010100114114
"Q06787",0,0,1,0,0,0,NA,NA,NA,NA,22.1872807441311,NA,NA,NA
"Q06830",12,11,11,12,12,11,0.168738765832137,0.323847812253348,32.5469386800456,32.6261519579926,32.4747655233862,32.6991548138238,32.7740884482085,32.6843201987303
"Q07020",7,7,7,7,7,7,0.595142575552285,0.715991674490908,30.7414575476103,30.7120717049807,30.739114457822,30.6210661717394,30.8964543047715,30.8850023757128
"Q07021",7,7,7,7,6,7,0.144985124261256,0.293965394168822,30.5711482946175,30.5056479343767,30.5153625455535,31.0204723507911,30.639453106399,30.6602991861951
"Q07157",7,6,5,9,8,8,0.00965622522823819,0.0438975148839344,25.6494929977247,25.8024439483902,25.5326853494432,27.8775738488631,28.2677082410015,26.4062231285313
"Q07362",2,2,2,1,1,1,0.00210854117632023,0.0137804716786471,24.2737105144487,24.3052931548167,24.2749503283814,21.0486266398579,22.6676184871479,22.3666954473563
"Q07418",1,2,1,2,0,1,0.231044314636414,0.391976260086025,NA,24.7135425461864,23.4391330349511,23.789247680435,NA,22.1748876935683
"Q07451",3,3,3,1,3,3,0.103242702111526,0.239204269696689,26.8580594599534,26.8360700404674,26.9623209971786,24.011373756022,26.2933780606074,26.4695715025481
"Q07478",12,13,13,11,10,10,0.00062080825119273,0.0061037225041837,29.2147065964214,29.7713092881589,29.500366139664,28.3288499340351,28.3950696439354,28.1263709501874
"Q07505",2,2,2,2,2,2,0.0063000895627839,0.0313766469273146,24.5540302143717,24.4443397377945,24.6696482240632,22.5286812911857,23.3975017436397,23.728108193035
"Q07551",13,12,12,12,9,9,0.00109638254059405,0.00862361577618978,29.4644083638311,29.4721485664186,29.4592693006809,28.737787552202,28.2724671719286,28.1548212013337
"Q07623",2,2,2,1,2,1,0.044561413567769,0.135526112464108,24.711176142178,24.5781013086522,24.6430226536575,20.7260364634684,23.8954983000376,23.1356956460875
"Q07653",16,15,11,10,7,9,0.000221821560463352,0.00376189575774652,27.2728301146849,27.3602347444122,26.7316698946668,25.4453280093842,25.4170797871545,25.6184856431085
"Q07657",1,2,1,1,2,1,0.216801459420706,0.377499335067657,22.9558373210311,23.720868738906,23.2634228024837,21.5915001979586,23.6265507058341,22.4990943128991
"Q07666",5,6,6,6,5,6,0.778146124671583,0.85416328699513,30.050225016258,29.9012415341139,29.8137617520957,30.1890525677435,29.6919848486557,30.0326706023726
"Q07688",2,2,2,2,0,2,0.0596373297971567,0.166400916534941,27.3658394396452,27.5167782331366,24.8587423819695,23.4563400181038,NA,24.8545895427109
"Q07716",1,1,1,1,1,0,0.574327322868597,0.699728276902695,24.7078636797843,24.517036433592,23.4757226187787,24.2903354358147,24.6931211272975,NA
"Q07807",2,3,3,2,1,2,0.00199272672723223,0.0131823636612216,24.382036667173,24.7567769213681,24.9001372206192,23.8670416759299,23.4428498478131,23.6468836382502
"Q07812",3,3,3,3,3,3,0.302434762296447,0.462058735966641,24.9713224265581,24.8923271771453,24.8192283510324,24.9725486045949,25.0739171654995,25.0047173198703
"Q07825",1,2,1,1,1,1,0.0334091833823847,0.109886585861888,23.2709715081692,25.0238070798297,23.0215094568699,22.1645830027553,22.4039468076516,22.2577571116528
"Q07864",2,1,0,1,1,1,0.361907211809535,0.516158407792525,23.6632400682686,23.1445329781517,NA,23.3176223028708,23.2410425988332,22.9808440535625
"Q07866,Q9NSK0,Q6P597",10,11,9,12,12,11,0.019792488747657,0.0748865080866662,26.2247829801487,26.5247610373089,26.429331066534,26.729492611845,26.7952122600462,26.9208885050045
"Q07955",11,11,11,11,11,10,0.643744841911734,0.752052232727613,30.8952313956739,30.8391581484999,30.8433994056938,30.7131843737279,31.0809302560722,30.982275603671
"Q07960",4,4,4,4,4,4,0.0726215612217224,0.189095926725306,25.9923818970967,25.7070165978263,25.8199828506717,26.2682894975731,26.1140623187101,26.023513075926
"Q08170",2,2,2,2,2,2,0.13849214948733,0.287559831052306,25.7855045984542,25.4430358521482,25.6518914730665,26.1853883994103,25.7226636974581,25.8624295023566
"Q08179",2,2,2,1,2,2,0.0309344062345021,0.103843091421485,24.4325782757927,24.1632617778184,24.6483596698133,22.3791884459077,23.8573768817889,23.548833671067
"Q08193",4,4,5,4,3,4,0.000210729184609919,0.00367922167158761,26.332024800825,26.3279866021174,26.3507939260141,25.3388251084495,24.9971311002869,25.3164763673064
"Q08208",5,4,5,3,4,4,0.258599965766022,0.418590486926605,26.242797109542,25.7653008970695,26.0802215920649,23.8353426294198,25.9646178499113,25.9801917528825
"Q08211",42,40,42,40,40,42,0.303161960853376,0.462704873005388,32.0935686854268,32.0681824780275,32.020854452371,32.1447037259443,32.1697710148425,32.2138063536035
"Q08220",4,5,5,2,3,4,0.00198654472493931,0.0131823636612216,25.6484134708717,25.7187600927849,25.6910954059924,23.6303927654002,23.4931792931515,24.675524197611
"Q08225",1,2,2,0,0,1,0.0143389145994628,0.0592840079668367,22.493263148416,23.1562503626916,23.2955644052937,NA,NA,21.2487901311177
"Q08245",4,4,4,4,4,4,0.000879741704829282,0.00745544090967692,30.5438318773787,30.5967178196764,30.596298277912,29.2905206592495,29.7759887906261,29.6718664134757
"Q08257",10,9,9,10,9,10,0.598178117355414,0.718317602362569,28.3424281489735,28.5682989069889,27.9398427854946,28.4584664272807,28.4195418386747,28.2863420948812
"Q08299",1,2,1,0,1,1,0.984005956139581,0.99051967606107,22.3992280611499,23.8519183371029,22.9029962484801,NA,23.1147314525954,22.9687742735662
"Q08378",6,6,6,8,5,7,0.0805171699968504,0.201980159024791,25.4808893167729,25.116384901501,25.5203425885888,25.8975728650437,25.4722108352277,26.1873430850011
"Q08379",14,16,14,16,14,16,0.156790771632724,0.309778908700081,27.5516894876804,27.6433953969815,27.2180098150971,27.8902584627261,27.5762378966731,27.7515953241354
"Q08412",5,5,5,4,5,5,0.001435111037283,0.0105114600007899,26.7893434559649,26.6233890700366,26.6313831944774,25.7617221296592,25.8829672962,25.3197434891359
"Q08641",6,6,4,5,1,4,0.0502813062162296,0.148180438603643,26.0818539099922,26.1834270584076,25.5994579872009,24.9803772610434,22.5402273233102,25.0611275150516
"Q08647",2,0,0,0,0,0,NA,NA,24.3818882112106,NA,NA,NA,NA,NA
"Q08686",6,4,5,5,2,3,0.017895120248094,0.0698353623368732,26.0306206035579,25.3478051169847,25.6116630414848,25.1948310786652,23.9374406916817,24.0281540290336
"Q08723",5,5,5,4,4,3,0.000191115024874536,0.00361755942775396,26.6658183669621,26.7049782528455,26.6013332975526,25.3373516498572,25.3952538906028,24.8668361841255
"Q08742",2,2,2,2,2,1,0.37285149731742,0.526120795163028,26.9862671733549,26.8105977731284,27.301344118809,27.0145666642557,27.6154726427191,27.1061733594357
"Q08752",12,14,14,12,12,11,0.192364029236923,0.34963885862433,28.8819739988065,28.6893404413726,28.7242547971302,28.7024551027806,28.5424880930864,28.5153216464174
"Q08945",13,13,12,13,12,11,0.596619325553239,0.717200886211826,29.5946781465827,29.311629059192,29.0709833123113,29.5650463145315,29.3921330690859,29.3095131779128
"Q08951",2,2,1,1,2,2,0.916322148780804,0.944024556595935,25.2116244874187,24.5437414551975,23.0298532538284,24.9645224640559,25.0280775190191,23.0464437688445
"Q08971",3,4,4,3,3,4,0.000640286972806841,0.0062281218975369,27.2414681432456,27.337389026963,27.3224364212968,26.5667848625939,26.163519344065,26.333142701826
"Q08972",10,11,9,8,7,8,0.000641816544449279,0.00622971718250556,27.7009183572677,27.64947314127,27.4536465409684,26.8413675925847,26.5346742989276,26.5884884504213
"Q08977",6,8,8,4,7,6,0.133444685637562,0.281265812517344,26.8007713551076,26.7863823585322,26.6720445402406,24.2454344029788,26.4023343793032,26.4128314771401
"Q08985,Q04898",5,4,4,2,3,3,0.00028750098964281,0.00414173155185917,25.6335887944563,25.7697282760739,25.8787273024548,24.5352961356073,24.7332582095487,24.8288171118414
"Q08AM6",4,3,4,2,1,3,0.144016760239135,0.292522021465242,25.1734088091266,25.0916693726453,24.8620330848099,24.4683241819705,22.8845099338394,25.0054479011417
"Q08J23",24,27,28,26,26,27,0.102297112727304,0.237859035811398,29.7816625321598,29.8394807908004,29.8291632041072,29.987560830218,30.0362525810309,30.0132531485454
"Q09028",9,9,8,9,9,9,0.0658972786189365,0.177254354398342,30.2471078147745,30.5206142043805,30.485308624759,30.7016234834891,30.7333425913621,30.6578809907901
"Q09161",11,11,13,12,13,13,0.0739277739048096,0.190828573350793,27.9235870246636,28.2362598645444,28.1950858964794,28.2255950025836,28.6025965771678,28.6250304097248
"Q09666",28,25,24,29,29,30,0.794568787288986,0.864622574030688,29.2303541452544,29.8129129892427,29.2912511380676,29.5091525050698,29.5026964224894,29.4728108824011
"Q0VDF9",13,13,12,12,14,11,0.375741637208247,0.529101523139608,28.2125430291786,28.3026521366653,28.1738670818187,28.379018135108,28.4060830053959,28.2306316761149
"Q10471,Q8N4A0",3,2,4,3,4,3,0.0726622445307896,0.189095926725306,24.4293495649169,24.6719436790181,25.4629849989623,25.3340009036546,25.4480343373475,25.720984367244
"Q10567",7,7,6,7,8,8,0.120174059379658,0.263539310651155,27.4296189003122,26.907927028522,26.8797447454965,27.4680512630226,27.2354119462644,27.6158567426296
"Q10570",7,8,8,8,8,8,0.0414368482088836,0.128858146918151,26.1185345733187,26.1673799541937,26.4458070408744,26.5749014786268,26.6768759620076,26.5388874789445
"Q10589",1,0,1,1,1,1,0.595985014333784,0.716816144316036,24.6134034483358,NA,24.7507245329028,24.2705239196416,25.0324233654421,25.3407048336204
"Q10713",9,9,9,7,6,8,0.0345555402899266,0.113005286596878,27.8579260438493,27.7755780194603,27.5707653113052,27.2730257035764,27.2984680365107,27.5049184528985
"Q10740",2,2,2,1,1,1,0.010774966915539,0.0477182292761882,24.9285631346863,24.8242667484141,23.9506555608473,23.25869024075,23.0689362733637,NA
"Q12008",2,2,2,1,2,2,0.0490530716524131,0.145595388990441,24.2081538050964,24.3936069921598,24.5299211594922,22.5175277493706,23.8980188662863,23.7956470481969
"Q12018",3,3,5,3,2,2,0.0531491300331753,0.15345970329832,24.7477537151293,25.3518347915732,25.8453036892574,24.6145010839008,24.6436957411111,23.3037294228826
"Q12044",3,3,2,2,2,2,0.000441958706945706,0.00504053905271577,25.1864726891921,25.0431554455379,24.745667852896,23.8329707969007,23.9377602844556,23.6214804644689
"Q12068",4,5,5,5,5,4,0.000857936715925559,0.00736784975491744,26.8702812589907,26.6072303307802,26.5645732170459,25.5053939224529,25.3222246808387,25.8329845696626
"Q12074",7,6,7,6,6,6,0.000922784962232888,0.00771015567345501,28.3477110958925,28.1687199429031,28.1667910157527,27.5593569676523,27.2360617601216,27.3059551049002
"Q12109",4,4,4,3,2,4,0.00123979516196706,0.00937863049425644,26.6522498338726,26.4708662521591,26.5109020690962,25.328759753383,24.9453033884911,25.6814539438163
"Q12114",4,6,4,5,3,4,0.021938250900783,0.0809727351208513,25.6799096825819,26.3158685072944,25.465828211314,25.3054453297002,24.2721609580427,24.6724096028711
"Q12117",2,2,2,2,2,2,0.00196811547881322,0.0131325825907535,28.0574177581104,28.3250550875651,28.2626430159429,27.5313308695997,27.6031003994327,27.3673934015812
"Q12118",12,12,12,12,11,11,9.62850928034324e-05,0.00291525550512484,29.7282166380433,29.8064579671054,29.6919255320861,28.5724069653696,28.7044036568279,28.7450486295226
"Q12122",10,11,11,8,9,9,0.00629405369606041,0.0313766469273146,26.9669744262946,26.7491697530071,26.5431214745086,26.1366299175412,25.484659301304,25.1820572019952
"Q12123",5,5,4,3,3,5,0.0233567428064673,0.0845255519740282,25.8879516411495,26.6386570889505,26.1637179253535,25.5582121274824,24.8371894824202,25.6001162973543
"Q12125",0,2,1,1,0,0,0.327783247958921,0.487878361236084,NA,24.0938519938835,24.3773584964574,23.9260943308853,NA,NA
"Q12151",1,1,1,2,1,1,0.62979902760625,0.741073810662809,22.6295742557494,22.720797005859,22.5427954048856,22.9702585060305,22.5874334579068,22.5695550011454
"Q12154",6,7,7,6,3,6,0.0171995647741371,0.0675253136829721,27.7354606149896,27.9118596874677,27.8114052437996,27.4067179640519,26.188622496391,26.7543747349662
"Q12159",5,5,4,4,5,4,0.0236104199687395,0.0849453753133987,28.6041745832203,28.7121844661852,28.1046776396237,27.0874455441728,28.0934601770897,27.4080967786631
"Q12164",2,2,2,2,1,2,0.00447027633910668,0.0241056745378306,25.3279271343878,25.5026098819061,25.2881560026935,24.6588573413012,24.1915512373005,24.760879340809
"Q12178",2,3,3,1,1,2,0.0122305933382102,0.0521457633728179,24.931913283004,25.7923464342721,26.0801194579782,21.9129364419005,22.2542584807197,24.5319179241297
"Q12189",1,2,2,0,1,0,0.036440034447702,0.117801309627402,23.5537666602897,24.3589389751152,24.3587305840501,NA,22.7229356917935,NA
"Q12191",2,2,2,1,1,1,0.036895204974758,0.118783292233484,24.4020856819626,24.6849175181582,25.1305682466731,23.4197031292806,24.0959919340153,24.2823203105644
"Q12213,P05737",10,10,10,9,9,9,0.000535784676247224,0.00564491845967629,31.4756361287382,31.8686697198533,31.769946365397,30.3297514306532,30.6280491552957,30.6827549699067
"Q12230",7,10,8,6,6,7,0.00185129712140135,0.0125492087189197,29.2038824110515,29.7112257149012,29.7032984993993,27.8893755196139,28.2241017508246,28.5881498134597
"Q12250",3,3,3,3,3,2,0.0392456915003702,0.124332530989367,25.6224165793286,25.8657709234497,26.0963191289896,25.2373434682931,25.115098872997,23.6663141681991
"Q12265",4,3,3,1,3,2,0.0167820638152537,0.0662855195889069,25.167176855415,25.39143983214,25.2692876678223,22.5968089866326,24.5814460335613,23.7234780093399
"Q12285",4,4,5,4,3,4,0.0185666512849058,0.0715985318357904,25.985534592919,25.6045843189927,26.5713709513128,25.2884406754601,25.0624343208369,25.2612005756511
"Q12305",4,4,5,4,5,5,0.711904768151663,0.804485893561527,27.1976492076393,28.1435633688223,28.0540963934394,28.0505551671249,27.7132203490212,27.2432468056624
"Q12306",3,3,3,2,2,3,0.000355792707521717,0.00452124326382749,28.2511009263776,28.025568534851,28.2076845663839,26.8035083735601,26.9992507018328,27.227678003054
"Q12314",3,4,2,2,1,1,0.00458996958144193,0.0245479967532686,25.1178438994999,25.0390260187947,24.3817847934394,23.7591070435927,22.7366908642225,22.2586017250735
"Q12329",4,4,3,3,2,1,0.000153086358306722,0.00334628409171388,26.943150364156,26.7581537578406,26.8863796322603,24.9109138143602,25.5402974779477,25.2177651730251
"Q12335",4,4,4,4,4,4,0.00653958201718979,0.0321829268203018,29.1037523826878,29.2326484144717,28.6787769696907,28.373540061367,28.1104521283084,28.2543019941714
"Q12363",12,12,11,12,11,12,0.000691670988710439,0.00641570953603543,30.2159563368392,30.4074824299067,30.3320284266422,29.4462565912165,29.5646875152999,29.6198214918955
"Q12377",6,5,7,5,5,4,0.0260328041432482,0.0917078397694968,26.157496332344,26.5278393351501,26.5486681750776,26.1495309497637,25.5628843673438,25.4479370431949
"Q12402",2,2,2,2,2,2,0.000153141307165694,0.00334628409171388,27.2857816798332,27.3408937284164,27.181265738129,25.934889588088,26.2504556466935,26.1517263294376
"Q12434",5,3,6,2,2,4,0.00835756776784845,0.0392659363099121,26.0851630805698,26.0057972697458,26.9546350013756,24.6238741611379,25.0813612293347,25.414131181827
"Q12443",6,5,5,6,4,5,0.00126926516345573,0.00955509517439776,27.4130059194735,27.1090385789474,26.9851363127897,26.3396806165766,26.3225306498846,26.2825212476859
"Q12447",5,5,4,5,4,4,0.00171902456626212,0.0119182219928386,28.0896468610565,28.0917213782102,27.6985105912272,27.1963476114001,26.7933738790347,26.7333361995338
"Q12449",7,8,8,8,6,6,0.000339762520009147,0.0044797590065946,27.6368116863548,27.7135650761513,27.82853002655,26.5817287223036,26.5483600323609,26.8768741833132
"Q12451",2,2,2,2,2,1,0.0233640335465256,0.0845255519740282,23.6173181556498,24.0956510382924,23.5854228564231,22.6318489038417,22.3548521394979,20.1902483339527
"Q12452",4,4,4,3,3,3,0.000636519484159841,0.00620470488619059,26.2500541216442,26.0615044721883,25.5993867248192,24.3542653114197,24.7352820121441,24.2247879810081
"Q12458",5,5,5,4,5,4,0.00297460177163876,0.0175778928526114,27.2508469173552,27.1647291965155,27.2802352577809,26.4148025378235,26.6251292498731,26.0341332119111
"Q12460",9,10,9,8,9,8,0.000255307055733607,0.00394817216358208,28.2872190962057,28.4195140599987,28.252708926332,27.4211700665241,27.3537029123119,27.1561011589951
"Q12464",6,6,4,5,3,4,0.00853511549181016,0.0397640252229275,26.7609421956618,26.3185373100303,26.2389902602792,25.7413903534702,25.6650857170618,25.8624295023566
"Q12466",8,4,7,4,5,3,0.042706057911805,0.131460888119875,26.0011311853296,24.9337640042049,26.0984553215462,24.4117028119264,25.1857774954272,24.3608585927105
"Q12480",4,4,5,4,1,4,0.168663158139412,0.323838942521885,25.2677774487885,25.2894496104738,25.595604772535,24.7217450472566,22.3298747993929,25.3887833036063
"Q12486",1,2,1,1,1,0,0.344978036500169,0.502968936565602,22.3517795611491,31.178495758678,21.6651341614693,21.8605799209188,21.6729523106515,NA
"Q12497",2,2,2,2,2,2,0.000648941137390779,0.00624200133727354,25.2285648373717,24.971370616616,25.2243699345063,24.0905691839031,24.3086150227833,24.3035314182103
"Q12499",9,8,10,8,9,8,0.00147580073349042,0.0106866713431481,28.3395166498796,27.9157816554692,28.1102315327712,26.9936094765461,27.3409724305283,27.2085946886538
"Q12513",5,5,4,3,3,3,0.000577228550363529,0.00584833143459922,27.4739069238506,27.5940126653851,27.3095712632876,26.2427353726606,26.6184162914373,26.4250633950125
"Q12514",2,2,2,0,1,1,0.0426975445276613,0.131460888119875,24.6564442760538,24.3343007616287,23.1151329035222,NA,22.7092977233279,22.6263437236455
"Q12515",2,1,3,1,2,1,0.0964797062104963,0.22965796799042,24.2162529911658,23.186433368188,25.2932166504373,22.1540169313308,23.7637418096777,22.9294854488738
"Q12522",3,3,3,3,2,3,0.000749345958601682,0.00671614197080722,26.9233957830257,26.8603882951815,26.826248283632,25.9911044236231,25.5521744533532,25.9833061001726
"Q12532",4,2,3,1,2,2,0.0497124987491281,0.146883691252281,25.4126971331643,24.4401522565522,24.29802544288,23.4401354290349,24.1527076237059,23.9210606027073
"Q12672",1,1,1,1,1,1,0.819832347236239,0.880846718815761,24.4390854489133,25.0100044251817,24.3921882938615,23.2892153564903,27.8691540495653,23.5773940882866
"Q12680",4,3,4,2,4,1,0.0518742973189726,0.151117844424747,25.0947962297045,24.9918389654781,25.1082379322807,23.1646189322519,24.9270688538679,22.2793431643487
"Q12692",1,1,1,1,1,1,0.00546773441387862,0.0284097999955743,25.0328442472966,24.580919797624,24.7657467576066,24.2369163700808,23.7127379958303,23.8916806909041
"Q12743",3,2,3,3,3,3,0.338267230260324,0.497317146132001,24.9411114679297,24.2947300688061,24.9309696139838,24.2146179691162,24.7694388358435,24.4159335389461
"Q12746",5,6,6,4,4,3,0.00239123025794317,0.0149640499818062,26.6951348097968,26.6441048028511,26.6922318338108,25.1973796999534,25.9514098474698,25.1142110989586
"Q12754",0,1,2,0,0,0,NA,NA,NA,23.3929881356974,23.5319636846241,NA,NA,NA
"Q12768",1,2,1,1,2,2,0.160917953515567,0.314797471671535,21.3785736683018,23.1445329781517,21.802281100624,22.0408964338794,23.994163538423,23.5209459461242
"Q12769",11,9,12,11,11,10,0.12122258403181,0.265236176668163,27.5390134741682,26.8585556547984,27.5642081472348,27.9699681330461,27.8764662549852,27.4801660797054
"Q12788",15,14,13,15,15,13,0.529704953079366,0.66377124444115,28.6733210381277,28.6726333938536,28.4850354372793,28.7159261019536,28.8076077928476,28.5619021147421
"Q12789",1,0,3,1,3,1,0.648646234951301,0.755649674118446,22.8847596630064,NA,23.8425767798737,21.5493026579946,24.6095338327955,22.5070495265944
"Q12800,Q9NZI6",2,2,3,3,3,3,0.0311101942045856,0.104279725173637,24.3821851078605,24.6520499188774,24.6004552911186,25.004916494222,24.7773175425039,25.0220296259776
"Q12824",4,3,5,5,4,4,0.0245230369318664,0.0874699722307855,25.6859047905153,25.6654826255875,26.2760653372534,26.5307386230971,26.3672319092572,26.5429468767798
"Q12849",9,10,6,9,9,8,0.174297295826017,0.330758845074164,27.7452313313696,27.4790401836048,26.8642095434892,28.023447108577,27.5764944746222,27.7129184716318
"Q12872",1,1,1,2,2,2,0.0317429721543765,0.105698134001223,22.588043120877,23.7000062166403,22.8407291788561,24.31684656478,24.3096031701103,23.5701696518926
"Q12874",11,12,11,13,9,10,0.246187289885916,0.406158982623328,29.3357612178566,29.2828976614261,29.241070098343,29.1632956874721,29.1234172879181,29.1764275339202
"Q12888",10,10,14,9,13,13,0.569856188547997,0.696320650260085,26.8011877373436,26.5106971814067,27.2203286396642,26.5865473082402,27.3256885361423,27.1075917063049
"Q12904",8,8,8,9,8,8,0.046389038293705,0.139045198880343,28.8681300323746,28.3786451521124,28.2825672306193,28.9314887759024,28.9574051949352,29.0231824387942
"Q12905",9,9,9,9,9,10,0.176638961299638,0.333177740978562,30.2180368347801,30.3467705170884,30.2641609618812,30.444130596634,30.4423863078151,30.4226989832508
"Q12906",29,28,26,29,27,27,0.336905909788177,0.496115158312997,31.2366916602252,31.3418596744617,31.2342116691906,31.4251589794816,31.415388271977,31.3106322585263
"Q12907",1,2,2,0,1,2,0.963971006323206,0.976601317087823,23.6901075756617,24.3720158901756,24.116195858104,NA,23.6457186532758,24.4412929426836
"Q12923",0,0,1,1,0,0,0.00552907486717323,0.0285658431982382,NA,NA,26.7205738594101,21.1503929780541,NA,NA
"Q12931",18,19,17,20,20,18,0.0287760453716398,0.0984818597039917,30.0727028607151,30.0992855220352,29.9270520376381,30.6202476793888,30.5361700948531,30.2260465485762
"Q12933",0,1,1,1,0,1,0.721350486966876,0.81034250715166,NA,23.4721452372082,20.121763556985,24.4485408521121,NA,20.5867754863402
"Q12955",0,1,0,0,0,0,NA,NA,NA,28.1761372037739,NA,NA,NA,NA
"Q12962",2,2,2,2,2,2,0.860717819554406,0.906834802033995,25.1248688707417,25.2982797279046,24.8673299955874,24.9648835698553,25.09589647664,25.1466944573168
"Q12972",5,8,8,8,7,8,0.311589508487398,0.470530068758527,27.4666631054566,27.6908002969963,27.8575709844908,27.9472388781916,27.5709250436426,28.1539062501102
"Q12996",6,6,5,6,5,6,0.430760902908586,0.579760199125832,26.9254343880327,26.7404611948944,26.4308002742201,26.8319248228082,26.8823586341478,26.7830622427183
"Q13011",5,7,7,7,7,6,0.0877538480901025,0.215197385863299,26.8507031906198,27.0432450845476,27.1069351825286,27.3676510053717,27.3113719098861,27.1340931295499
"Q13033",1,2,2,2,1,2,0.799050844213288,0.867095611632022,23.8354164626902,24.7826932576425,24.5845111097888,25.1869369965084,23.4916708805011,24.1340188958397
"Q13042",4,3,3,6,5,4,0.00759850816324276,0.0362461094455862,25.2645601981027,24.8421829891778,24.6209601808393,26.4818686734845,25.9257536894186,25.6504949568357
"Q13045",5,7,7,7,7,7,0.163205680281459,0.317229594413773,24.8658827143087,24.9926190114776,25.8925189347044,25.2677669372263,26.0718560163481,26.2364863699285
"Q13057",2,2,2,2,2,2,0.984364375165631,0.990661875028813,25.5458044369569,24.8537594228357,25.2960921240246,25.1451675450347,25.3480632372455,25.1900055605807
"Q9UEU5,Q6NT46,Q13066,Q4V321",2,2,2,2,2,2,0.695647612241003,0.792791508129767,29.8302948788009,29.9561883502783,29.5037967806689,30.3056438968947,29.4831912155499,29.80937574782
"Q13070,Q13069",1,1,1,2,1,1,0.907907058095974,0.939199999780915,27.1466804485295,27.2183497182393,26.401128020568,27.7419322559981,26.4218093137978,26.4444242704809
"Q13085",16,21,20,24,22,21,0.084959608441443,0.209959769073599,27.8075572622193,28.2104685117699,27.9590386235677,28.6148544972782,28.3908449158771,28.1175751430843
"Q13098",8,10,8,9,9,9,0.347002670129575,0.504630596471508,27.1752303263721,27.5642755204185,27.1507924738149,27.5299369612392,27.4187788611778,27.4105503422492
"Q13111",4,3,3,5,3,3,0.699513318882308,0.795408714043143,25.5357644410875,25.1813596349641,24.0937751234821,25.6779250498616,25.5512000355927,24.2360368514269
"Q13112",4,4,4,5,5,5,0.00613199896746498,0.0307408563621706,25.8005492354341,25.7245179310732,25.6691956422479,26.0952655608391,26.3215105006122,26.3785275229334
"Q13123",7,6,8,9,8,9,0.0207565787111347,0.0778713092764775,26.8964984994631,26.8125974966495,26.8554839386366,27.5627690074167,27.1402645610726,27.2476275923982
"Q13131",4,2,3,4,3,3,0.349234410473979,0.505670959576221,25.1939755935326,23.6051673438707,24.9204356274515,25.348939305384,24.8355324927457,24.8874154164898
"Q13136,O75335,O75145,O75334",3,4,3,2,3,4,0.312053877123467,0.470919545960058,24.880510190005,25.4950276037769,24.6302907982866,23.7200346794915,24.6197281872444,25.2229744106362
"Q13144",7,7,7,6,6,6,0.679018101328407,0.780272185959746,27.1164392524435,26.418201357,26.8310104937307,26.9272595459308,26.9803715281638,26.7274441329791
"Q13148",7,7,7,8,8,7,0.0666516709360407,0.178546636999541,28.9077559644093,29.0299401697522,28.8654200136247,29.1812488121616,29.2933000131068,29.1128745816443
"Q13151",6,7,7,7,7,7,0.337087108325216,0.496144946382588,31.2118515677802,31.1580498735979,31.1022908389768,31.1299720038867,31.3260827863509,31.401318246032
"Q13155",6,5,6,6,5,6,0.0742540736916397,0.191274468764122,27.8368251859427,27.6977643365924,27.8437002492025,28.2951948154955,27.9460978970238,28.0369448156931
"Q13162",6,7,6,6,6,5,0.227435611908785,0.387728423590387,27.2213853309671,27.3640433206866,27.2300272076491,26.8835890742738,27.2685024870941,27.0918171204288
"Q13177,O75914,Q13153",15,15,14,15,15,15,0.435818658239471,0.584594154333568,29.3756811618925,29.366552917325,29.2311391409476,29.1985974928655,29.5481245664878,29.6033270853866
"Q13185",4,4,4,4,4,4,0.353470910930116,0.508685897685548,29.8092832632398,29.8883258685934,29.8259945337341,29.7801197318353,30.0563825308994,30.0766649672543
"Q13190",2,2,2,2,2,2,0.291846962353174,0.452090269017039,23.8915537474814,24.0685678647109,23.6382671460566,24.105151012669,24.4474359259568,23.7900987568094
"Q13200",27,27,27,27,25,28,0.163556156239949,0.317372685991767,30.5550880641423,30.6189153141526,30.5351338294652,30.7498493789144,30.6810101152887,30.7758693302334
"Q13206",5,5,6,5,6,7,0.0632893458052408,0.1728898177027,25.745303460712,25.3904254965813,25.8110463070351,25.8873222866774,26.1081112994964,26.0315851241912
"Q13228",7,6,7,8,7,6,0.223681340433065,0.383939966156554,26.5869713382092,26.0576935606897,26.5617719848172,27.0424516578267,26.6686040365837,26.4321900710768
"Q13242",8,8,8,8,8,8,0.239242546301277,0.40037582400089,28.8216498853379,28.7874797602173,28.7665720556702,28.809696192807,28.9704480353886,29.0537690067987
"Q13243",3,4,4,3,4,5,0.300530452001055,0.460289923759908,27.1799341898797,27.6909719476389,27.6716491962194,27.4195714081005,27.818350930091,28.132793487832
"Q13247",6,6,6,7,8,7,0.498752193003689,0.642341272632525,28.0838403230454,26.4721985036536,27.3287545942097,27.2584756357043,27.9830192089802,27.590045157473
"Q13257",2,2,2,2,2,2,0.204229288005091,0.362950530533395,25.8070321483588,25.3792204814195,25.9247456686823,25.9811424947329,25.9173783514529,25.9458633826018
"Q13263",24,24,24,24,24,24,0.28659074315319,0.446830816905281,31.8762547500626,31.7386079862893,31.6766676632461,31.9872513828838,31.8350947154579,31.880411703966
"Q13283",16,14,14,15,14,15,0.285857221463541,0.446297277315767,30.5834050718637,30.2643884607838,30.3118744544167,30.5258345494891,30.5737124466843,30.5184884567958
"Q13310,P0CB38",11,11,12,11,11,12,0.0577518866783345,0.162976527564662,29.1198648592966,29.0761883498906,29.144741896764,29.2918319782267,29.360274658971,29.6416226318138
"Q13330",2,3,1,4,1,3,0.717506957695496,0.807450237274127,24.2086561070944,24.5567099280168,NA,25.0279594941826,NA,24.0545928323533
"Q13347",16,16,16,16,16,16,0.15732003612853,0.310152983931873,30.2879125091061,30.1390410726594,30.1725304864157,30.3892157763418,30.4141925031221,30.3237600643529
"Q13356",13,12,13,13,13,11,0.283627045859847,0.444283586843547,28.2341882622713,27.8814985723179,27.7716931493304,28.3062801460961,28.1047115230943,28.062278775433
"Q13362",0,1,1,0,0,2,0.293104034526241,0.45342170413995,NA,21.6179731575198,22.9338436071101,NA,NA,23.2096517372107
"Q13363",3,3,2,3,3,3,0.0974825207049263,0.230661441626491,26.2991683999999,26.0505944309706,25.4938541134588,26.3649759662613,26.3721865426187,26.4263369766938
"Q13404",3,3,3,3,3,3,0.893506836575663,0.9289375999221,27.191944760564,27.2782211742167,27.1239615154557,26.8462759158058,27.3535033004069,27.3217653953086
"Q13405",2,2,2,2,2,2,0.234461619251212,0.395290441217329,25.0252128033661,25.1544921717114,25.2067960969633,25.1651487884158,25.3402674732502,25.360763437545
"Q13409",11,11,10,12,11,9,0.253176037911776,0.413510941497477,28.0529957008831,28.0729210830597,27.8475055135419,28.1412131893938,28.3381505322381,28.0229820157687
"Q13416",1,2,2,2,2,4,0.0607829626002556,0.168055682049919,22.7756506627487,23.9438246529688,23.9887317484269,24.4328148828039,24.1364642121453,24.795177680642
"Q13422",3,3,3,3,3,2,0.156131476361832,0.309011624799426,24.9903871072443,24.971559034258,24.9380499703698,25.3595717277041,25.4234838129649,24.9232530507845
"Q13423",14,15,15,14,14,15,0.0886272919337243,0.216560099518827,27.4186251684757,27.4051477176659,27.5937816153872,27.640471045308,27.7570415675806,27.7257210709612
"Q13427",5,5,5,4,3,5,0.222052163220835,0.382307725987957,27.3404718873116,27.3541778391025,27.374654547443,26.5833255072379,27.0311758988353,27.4792167700499
"Q13428",16,18,15,17,17,14,0.447010577412374,0.595927017578975,28.6737000762889,28.8938043063322,28.4374596981608,28.8031117365386,28.9083427243056,28.6798339551593
"Q13435",22,22,20,22,19,24,0.828711467601919,0.886627981988732,30.3782416087488,30.3639177261874,30.1880146685161,30.1765796222633,30.2321041927531,30.4338607236117
"Q13442",2,2,3,2,2,2,0.241867400838907,0.402406667624761,27.9608999118849,27.5313584954381,27.5987214394577,28.0111365004331,27.8150204070882,27.8773731459609
"Q13451",14,15,15,14,14,14,0.419405768719247,0.569864635369877,29.6024634606277,29.7391614321735,29.7884597231178,29.5869537171451,29.9997928705679,29.9438850370534
"Q13464",1,1,1,0,1,0,0.00509915590790232,0.0269445703484211,23.7753116172634,23.7005519341002,23.780991232464,NA,22.7081491403586,NA
"Q13485",1,1,1,0,0,2,0.356545568539026,0.511497133231144,23.0784913295529,23.1105792798197,22.9380875390857,NA,NA,23.2416974641415
"Q13492",10,10,10,10,10,9,0.334758227174456,0.494228813064682,28.9741625420644,28.9618186417997,28.9174137771702,28.9803070943088,29.1865509052128,29.0409837251584
"Q13501",4,3,5,4,5,5,0.21520524708189,0.375867663548079,25.6840998421492,25.3177075447682,26.0443746802371,25.7343270348405,26.4644126141451,25.9730093623233
"Q13505",5,5,6,5,5,5,0.727401960955092,0.815041249331801,26.0697624535227,26.4336019840471,26.2930110399947,26.3717807302946,26.1966121960488,26.3838596376803
"Q13509",2,2,2,1,1,2,0.274245869546586,0.433617419413705,23.9885358115607,24.2642308120969,24.2792865843678,23.2657250478265,23.3152719201969,24.5757553447373
"Q13510",2,2,3,2,2,3,0.195650783964519,0.35292956759436,24.1941869743246,24.1191769297815,24.6803779825845,25.0193428160738,24.2311158185301,24.950486563356
"Q13523",5,6,6,7,6,6,0.0675725958751742,0.179956907403704,26.1309546599099,26.8165886473861,26.3068389405512,27.078296107079,26.6916058901453,26.968499540319
"Q13526,O15428",4,4,3,4,4,3,0.252883071543579,0.413199345408956,26.9659844142187,26.8651625763857,26.5068552360335,27.3581585906643,26.9459655093164,26.8146681851221
"Q13542",2,2,1,2,2,2,0.112575088476532,0.251995855559341,25.1565420541703,25.2267091527771,24.2593392473606,25.4399573203682,25.4317894631692,25.3392889438317
"Q13546",4,5,4,5,4,4,0.239122492937822,0.40037582400089,25.1402658815308,26.0271284406269,25.6292673793258,26.4178014147458,25.6292904920024,25.9452289148534
"Q13547",8,11,11,10,9,8,0.219525446232543,0.380066446190838,28.1320253138207,28.1054801251621,28.0833077356093,28.4248308971812,28.1240902890953,28.281030297668
"Q13555,Q9UQM7,Q13557,Q13554",2,2,0,1,1,2,0.882027679223045,0.922892264361361,24.3782462599706,23.3529344729205,NA,23.736806152644,23.2066944221849,24.4241530049773
"Q13561",10,8,7,8,11,11,0.00181764642568166,0.0123578286050071,28.200072046801,27.9355712208254,27.9149106083271,28.6370762769918,28.8031199479007,28.881496834681
"Q13564",6,8,8,9,8,8,0.0230930547452194,0.0837499218928455,26.3403381921405,26.7188498852192,26.5708864596481,27.0096996463969,26.8737546174441,27.0676327323383
"Q13573",7,6,7,7,6,7,0.22100048889514,0.381264364233384,27.2625860831881,26.4277086697429,27.1294829323992,27.3167253180156,27.1119869732121,27.4171999510417
"Q13595",3,2,3,2,2,3,0.280489867260307,0.441350457580007,26.6140039720714,26.2278295578486,26.9166275348594,26.9660436552757,26.5418400175046,27.1079696967546
"Q13596",8,7,6,7,9,8,0.0578027228407765,0.162976527564662,26.6370449497212,26.7813396532961,26.5895425183358,26.7997973610146,27.2792610465414,27.0609127716401
"Q13601",1,1,1,1,1,2,0.0457842831366662,0.13777565941258,24.2173350020932,24.0146565707963,24.1168598072348,24.7588690732761,24.2426300829217,25.0062997786246
"Q13610",5,6,4,6,7,5,0.130945979943027,0.277590873838331,27.2245967311563,27.1273347178559,27.0185634780033,27.9693255071821,27.6554508762672,27.0592523120482
"Q13616",9,8,9,11,11,11,0.00711720159689362,0.0343019427534351,27.5147616966541,27.2023031978765,27.2933634971005,27.8160005609481,27.9090220232356,27.8482007815711
"Q13617",4,4,3,3,4,5,0.589352760149768,0.71177689058118,25.5503690940032,25.208791191395,24.0605470823719,24.7177714360809,25.33861450889,25.5139460116788
"Q13618",3,4,4,6,5,6,0.00998780524416571,0.0450498812324533,24.1544143451057,25.0318522727225,25.1549845462279,25.8912358616394,25.7855678112464,25.8600303726084
"Q13619",3,2,2,3,4,3,0.00992229412601975,0.0448173324781209,24.6130240413538,24.0511294163444,24.0809703545177,25.0243507154927,26.0646065217639,25.2715966532999
"Q13620",6,6,9,6,7,8,0.266791436072565,0.425858128538503,26.1798488018358,24.9718604513108,25.3463846042483,26.0795114497246,26.4871179599965,25.4284268517839
"Q13627,Q9Y463",2,2,1,2,1,2,0.842014070452138,0.89469647186418,24.5634207839903,24.0103345991254,23.3597967323951,23.8590709648213,23.2656411524723,24.5375972797435
"Q13630",3,3,2,2,2,3,0.979281213707747,0.98641662550999,26.0437940553387,25.9344600989682,25.2778327181717,25.2553792477961,25.6365275026177,26.3932250926283
"Q13643",4,6,6,4,5,6,0.465288177558786,0.612595863210154,27.3451434299365,27.653001808899,27.533580707299,27.432031529089,27.6862899924155,27.764300540063
"Q13685",3,4,4,3,3,3,0.834413465024092,0.890227278457927,25.5474268751207,25.6841129366634,25.9718391534834,25.7378026454436,25.5024488828035,25.8531472081335
"Q13733",0,1,0,0,0,1,0.137762406335746,0.287069650584747,NA,24.485031500123,NA,NA,NA,23.6713358075794
"Q13769",8,5,7,8,7,7,0.217262696008301,0.378013889851209,26.9830899680167,26.4440953489823,26.6196022178969,27.0695680534426,26.8052160129693,26.9090072927992
"Q13823",7,7,9,6,7,9,0.533632818420848,0.666967922639975,26.3774460292202,26.1650916992688,26.7259149600671,26.4736629968541,26.4970554891687,26.6437586658207
"Q13838",17,17,18,17,17,18,0.19707580646348,0.354658709698776,29.9340506445644,29.9141651353826,29.8015534194233,30.0910093807836,29.9493045852281,30.1015540782352
"Q13867",8,8,8,8,9,9,0.0861592465907071,0.212238605483473,28.6896803514168,28.3941201603557,28.351040845055,28.6338762726411,28.8934196317145,28.8251376951952
"Q13868",6,6,7,5,5,6,0.769452518416215,0.847679881433174,26.9789245752292,27.0062939483747,27.4213579493005,27.0776999767285,27.214681644961,27.2634079597729
"Q13885,Q9BVA1",6,5,6,7,7,6,0.0425531815433466,0.131344799865187,27.6201528373538,27.2564268559408,27.674357953595,28.3307524333236,27.6932473252542,28.2942940593987
"Q6P1K8,Q13888",2,1,1,2,2,2,0.0223376544854194,0.0821147298650147,24.7427334325378,23.2066797895347,23.0627540930953,25.2766871568769,25.0380981790064,25.0178517408355
"Q13889",0,0,2,1,1,2,0.79097565212564,0.86239384535333,NA,NA,23.388893715949,23.2744248099058,22.730137220533,23.7619365771542
"Q13895",12,12,12,11,11,11,0.590376028239684,0.712323575992975,28.3074871131484,28.3218442173955,28.0941376234431,28.3450408492605,27.8091370358981,28.2597129324043
"Q13907,Q9BXS1",6,6,7,6,6,7,0.184923734146993,0.342935802918122,26.8114206406896,27.1715520170375,27.4322679872206,27.3984350714313,27.4117979879817,27.4177336471918
"Q13948,P39880",4,2,1,4,4,4,0.244282176222661,0.404653336211976,24.9153919419806,24.5246069498665,23.8628249042814,24.5013454955584,24.9688461043467,25.0315851241912
"Q13951",2,2,2,2,2,2,0.949738258082823,0.966835700715132,25.224472551802,25.3242438181907,26.2137954828789,25.2561803117375,25.6963042509142,25.8731208932458
"Q14008",23,23,21,27,26,23,0.0286770707105402,0.0982538006307621,28.7545422046872,28.7120435133024,28.5698260665508,29.0878008440246,28.9866277204997,28.9564809312268
"Q14011",3,3,3,3,4,3,0.0390268859586598,0.123811303020449,28.0912367329565,27.9219372157592,28.0034734155078,28.2165796475406,28.3381000910011,28.3728689801416
"Q14019",4,5,5,3,4,4,0.606925626574997,0.723704860799996,27.6331522943973,28.43110369167,28.4488424887252,27.6231716546635,28.2868595741566,28.1195448209808
"Q14061",2,2,2,2,2,2,0.872528517105516,0.915893947316006,26.2629488782939,26.2532066222888,26.4877329046421,25.6272349205189,26.7912384181181,26.7565461970984
"Q14103",10,10,9,10,10,10,0.0675464453244712,0.179956907403704,31.9456949390258,32.0533775288989,31.7271044753568,32.1157054794594,32.2300329889825,32.2824438064848
"Q14137",10,9,9,10,11,10,0.330511697740542,0.490334583424267,28.3591151110216,28.0088665806412,28.1163452733016,28.442487738889,28.3648373284241,28.1543180499692
"Q14139",0,1,2,1,3,4,0.501579767095141,0.643941828273701,NA,23.616778634241,22.8069460464065,22.2394941208825,24.5861428202627,24.6967883359705
"Q14141",0,1,3,1,2,2,0.573481477665865,0.699452494221894,NA,24.2749576744291,25.4889387102716,22.6106951760445,25.22322805206,25.088698854028
"Q14145",5,5,3,5,4,5,0.672042203424052,0.774888818189847,25.9180306987731,25.8420387248259,24.9823700878812,25.4903504883005,25.726614935918,25.9101348049121
"Q14146",1,1,2,1,2,1,0.858108399899963,0.905528399877857,23.3366624560371,22.6524542550721,23.9832806158142,23.1448124380302,23.781656299476,22.8156682305038
"Q14149",6,6,3,5,6,4,0.678545441292938,0.780122052212294,25.9435779150529,25.9263180198838,25.0988250494403,25.6947238614082,26.0420176720453,25.5944085107048
"Q14151",7,8,7,8,7,5,0.957239184250446,0.971723444270256,27.5245450046198,27.4548499177135,27.1536262893811,27.3197534343744,27.6024285973061,27.1820033476514
"Q14152",24,22,22,25,23,26,0.50636647128552,0.64761531875653,30.1683339499917,29.8096232194018,29.6706038366407,30.0309342671972,29.9611928957026,29.9949764823785
"Q14155",0,1,1,1,0,2,0.156463022365933,0.309352259903765,NA,20.3866945009866,21.3831210773165,21.3263689134891,NA,22.6888054850217
"Q14157",15,18,19,16,16,17,0.392880964073705,0.546273379489253,28.7315701336729,28.6497675267753,28.7436756730876,28.7966057726792,28.8233323425924,28.7885256049111
"Q14160",5,5,5,3,5,5,0.192706350997773,0.349666643632713,25.3654265385912,25.5754756589339,25.3337607288547,25.6440833483863,25.4852424734774,25.7275917282978
"Q14166",14,16,15,16,14,15,0.114555595978871,0.254307848591537,29.0731913887247,28.8576639463573,28.8234545770202,29.1710012874607,29.1588034668515,29.0944423292473
"Q14191",2,2,1,1,2,2,0.560808370004828,0.688113981700383,23.8957188749962,23.8192921492235,22.6941995239371,22.9728461531697,24.0238690709926,24.2968493527887
"Q14192",2,2,1,3,3,3,0.0210130164030285,0.0784463018253814,23.4508098310078,23.5229109009243,22.9803649013196,23.8131670039958,23.9519637005859,24.4833307973853
"Q14202",2,2,1,1,1,2,0.0923642591293637,0.223062864027611,23.7010968607684,24.1508695208001,23.7714928709124,21.2009489816692,21.7990931026819,24.0873959871597
"Q14203",18,19,18,17,18,19,0.00761946930256843,0.0362461094455862,27.9352050853153,27.8416986160503,27.587508109165,28.7471151922377,28.4331596562076,28.2830402057531
"Q14204",79,82,78,82,83,81,0.155846498818057,0.308968892770381,30.7826292798095,30.8313281218811,30.6967214297322,30.8923448145041,30.9829546891778,30.9576479852362
"Q14232",8,7,10,9,8,9,0.368361611922735,0.521397975051665,27.5876956029221,26.9538537761323,27.4873478608141,27.5927023882387,27.5487785434897,27.456911731152
"Q14240",4,4,4,4,4,4,0.259544214185438,0.419426392176397,27.318242829606,27.1636576332306,27.3256707620133,27.1933789889219,27.6109707302416,27.5921406736558
"Q14247",11,12,11,12,11,11,0.0222899574878967,0.0820716594509967,28.3817490198705,28.3212529337822,28.3796079224779,28.5843750606321,28.7989846279377,28.76729492686
"Q14249",6,6,7,5,5,4,0.467180754155425,0.61455553646397,25.9626629149683,26.0315992792907,25.851420455137,26.2620692144772,25.6575705714726,25.3431150837342
"Q14254",7,7,8,7,7,5,0.809983489719733,0.873782310483244,27.1888719265144,27.0536055961533,27.3417345867267,27.3852947206018,27.3464994269617,26.9753522248618
"Q14257",4,5,5,3,4,4,0.334409321217022,0.493873526510862,25.2431853455035,25.4951848828846,25.6569447808828,25.4384722257486,25.7710538935864,25.7058564054272
"Q14258",6,5,5,8,6,5,0.854139431994859,0.902404837600868,26.6273718203137,26.2344709714236,26.1549360590678,26.728171316416,26.1279233301614,26.2858660860591
"Q14315",49,53,51,52,54,51,0.0966556989350299,0.22965796799042,31.0714808164608,31.0581815646751,31.2036762784161,31.2883582380988,31.3911002074177,31.3054917042156
"Q14318",4,3,3,2,2,4,0.827660302290163,0.886126800996885,26.1818540859737,25.3712163283574,25.7447875519962,25.8586546146291,25.4901173081703,26.1326263060668
"Q14320,Q9Y247",2,2,1,2,2,2,0.670026626608398,0.773642488126427,26.2069601364722,25.7685359570968,25.0552572234406,26.3804303326018,25.9852240512144,25.21878052675
"Q14331",1,2,3,2,2,2,0.166797492748139,0.321203107605324,23.6301243396553,24.6780988663245,24.6311740762486,24.7945394193218,24.7477909188718,24.8333046452637
"Q14376,P04397",6,8,8,8,8,7,0.0325233757646694,0.107593647743598,26.3442865247558,26.4590890843827,26.9297231924711,27.0262303842614,27.0691113329275,27.1772382645068
"Q14444",9,9,10,10,9,9,0.486769948403642,0.631942090101712,29.7614058955046,29.6776369822031,29.663662681614,29.727620419303,29.8440826661769,29.767369706958
"Q14493",2,2,3,2,3,3,0.645388678571609,0.753393846377604,23.8908236122464,24.3546691070611,25.4569671107066,23.6868962435489,25.5852250861059,25.3624119059861
"Q14498",13,14,13,12,13,13,0.15572416900049,0.308875503904451,29.2697745644396,29.3793021453792,29.2744817675589,29.5376301939679,29.4123251224132,29.5022969046897
"Q14554",2,2,2,2,2,2,0.50129290774616,0.643941828273701,24.4077839987281,24.1756139193863,24.0966052594535,24.4198536530473,24.2779784546214,24.2671697018306
"Q14558",2,2,1,3,3,3,0.0979285369848178,0.23087854559418,24.3264236643306,23.5588684116316,22.6019452130159,24.8245816931881,24.6480642874965,23.9051410476212
"Q14566",29,30,29,29,30,29,0.116027073630386,0.257324020370356,30.6039359437291,30.7186815198202,30.6176391080813,30.8422453045062,30.8907912861585,30.7951424719187
"Q14651",1,1,0,0,0,0,NA,NA,22.9999176968964,22.6729914518514,NA,NA,NA,NA
"Q14671,Q8TB72",7,8,6,7,7,6,0.918911405632094,0.945012135368263,25.8139263001779,26.0751234636971,25.6834514378097,25.6208656840569,26.0803725121658,25.9280989908555
"Q14676",7,5,5,6,6,5,0.0193966877123441,0.0737397411197617,25.6872570214147,25.8648380196979,25.3982634996195,26.2303874068939,26.1383888106288,26.0768532427845
"Q14677",6,6,6,6,6,6,0.892637271056754,0.928456732914024,27.2150451746953,27.1792403017922,27.031650039054,26.510844873178,27.474084966519,27.3255894771191
"Q14683",18,19,18,16,18,18,0.81619175767586,0.877969063550406,28.6249041678401,28.4888144881495,28.4120224842359,28.2838169135735,28.7716441347356,28.5893008549708
"Q14684",8,5,7,7,9,8,0.159388502915896,0.312503442581199,26.744250014122,25.9692020432145,26.2732389726423,26.3792503721231,26.8355324927457,27.1272102957211
"Q14687",6,6,9,5,7,10,0.0526998001674906,0.15262554727523,26.2361400020953,26.2524624695723,26.5351959195877,26.6195393087535,26.6416536402021,27.1059841411207
"Q14690",13,13,15,11,13,15,0.790922721227345,0.86239384535333,26.5667224837066,27.0116178910693,27.2629429837246,26.6021347912443,27.3108579648695,27.1497817736922
"Q14692",9,10,13,10,8,11,0.440304857492397,0.58939869714798,26.9984223976807,27.1419738064372,27.4980904318071,27.5767589899093,27.0669215601203,27.5101473014585
"Q14694",16,18,18,16,17,18,0.14269395629307,0.291522538562018,28.9543629952145,28.9118842329074,28.7954491732717,29.1774979779813,29.0428287679677,29.0221800451177
"Q14696",2,3,2,4,4,4,0.968695004200181,0.980516221247221,25.84125909346,26.1014997050668,26.7202462099804,25.2080960250916,26.4860075293875,26.9087903624866
"Q14697",22,23,21,22,23,20,0.258313596593811,0.418475364936422,29.4268108541432,29.3097673487909,29.199206259391,29.4666403587264,29.5701951412211,29.363836946476
"Q14738,Q15173",4,6,6,4,7,6,0.235306202317827,0.396259466583214,24.2370841071164,24.8932424791812,25.0414051285482,25.3463679025985,25.6474456710016,24.5744977128685
"Q14739",1,1,2,2,2,1,0.11235429183565,0.251748663729979,22.3133742438138,22.5626154914222,23.9802189607964,24.7578572612874,24.6345245116732,23.051200360659
"Q14807",8,5,6,8,7,7,0.150558221300794,0.301295019234676,25.8490931894771,24.7564270392817,25.3861149365607,25.9008118449805,25.8375035245014,25.6822156624406
"Q14839,Q8TDI0,Q12873",14,19,17,17,15,16,0.949928083063375,0.966835700715132,27.6071145625657,27.8333770918024,27.5469448190218,27.7725332051648,27.5513044689809,27.6372264847758
"Q14847",10,9,10,10,10,10,0.457975954631938,0.60559023334229,28.8018120854585,28.661260362225,28.7713505509284,28.7619225230412,28.8753196456658,28.8576722015554
"Q14919",4,3,4,3,3,3,0.453789020927499,0.602168079497162,25.77799354841,25.6624046262722,25.8965457833803,25.3505983930132,25.8026009389398,25.7803376053818
"Q14966",6,6,9,7,6,8,0.737591878158126,0.823115006887811,25.5331933569323,25.4314393303802,26.0435717574927,25.2860480774116,25.6097009874425,25.8664117602161
"Q14974",26,24,27,26,27,26,0.208104026088651,0.367973087990863,31.6684034776072,31.6288050363761,31.5549057960722,31.7488667918896,31.7776262927507,31.7636259456686
"Q14978",13,13,13,12,13,12,0.584970154128867,0.708800489544725,29.8751180627131,29.7955906556295,29.6761046602962,29.548728068939,29.9226926354201,29.6226845904746
"Q14980",43,44,44,42,47,44,0.0912717634804815,0.221009440020147,29.5210946867226,29.7654802093567,29.7020546179823,29.7734353901693,30.025768150034,30.0071866164383
"Q14997",5,5,4,7,5,6,0.037427570538024,0.119989161485921,25.4298522836559,25.799008100117,25.4739875674079,26.3017541362358,25.8842943954669,25.941925177133
"Q14999",1,1,2,1,1,1,0.799551440721228,0.867341752897614,24.979341656115,23.4627395761265,24.2088527721004,23.8234442798204,24.6031003994327,23.8792454883991
"Q14C86",13,14,11,14,13,11,0.378787945546122,0.531319318630371,27.9661082028876,28.1816446922026,27.7776361262056,28.1801107006652,28.2504985272547,27.9477967876921
"Q14CX7",3,3,6,4,7,5,0.0639647888606387,0.174109407387968,24.0584747158925,24.5592194872373,25.5914307534024,25.3676705129816,25.8550944703848,25.8020386936782
"Q15003",11,12,10,12,12,10,0.285053240008723,0.445652118204179,27.7461687316541,27.8064315608046,27.3795041799804,27.8985183189263,27.9462964558094,27.6705555264294
"Q15004",4,4,4,4,4,3,0.859031966876951,0.906104932460729,25.4945819076623,25.6642009238427,25.4527133064741,25.5105622134904,25.7788048877777,25.4035774485525
"Q15006",2,2,2,2,3,2,0.686654859021248,0.786472374304527,24.0637594888294,24.7701832653152,24.5462302536971,23.9604408487766,24.8988398388463,24.9466455087393
"Q15007",6,7,5,8,7,7,0.123946860891452,0.269259799708002,26.512525852576,26.7292503518583,25.9537247895138,26.8393995779979,26.6961625779604,26.8520419452646
"Q15008",10,11,9,14,12,13,0.0118976800441666,0.0512049210957436,28.9056922071818,29.2333949985135,28.7087038204247,29.4610971838065,29.5817655932997,29.6087293476878
"Q15019",10,11,10,11,9,10,0.533525382864021,0.666967922639975,28.5178050015136,28.35627178888,28.4540735244438,28.7307520311248,28.3172179789051,28.5708416264391
"Q15020",13,13,12,12,13,12,0.395419363820595,0.547822093372408,27.6846866980964,27.4404245402259,27.7033813867075,27.6762721624848,27.8041793161022,27.6952295081139
"Q15021",17,19,22,20,21,22,0.158137848970513,0.31122729378925,28.0085542329382,28.2943911914476,28.3521690799498,28.2955024701116,28.5681752517977,28.5227827761482
"Q15022",3,3,3,3,2,3,0.395979368741506,0.548242148770486,24.9649937223062,25.2097179522989,25.0173905117943,25.3012435597761,23.9524909821388,24.9558721149812
"Q15024",4,4,5,5,5,5,0.0655343807311176,0.176694943791583,26.9989064829267,26.8332734164015,27.2850431361908,27.5449376217953,27.7163284345469,27.1921997468622
"Q15029",32,32,32,30,31,31,0.594679985671217,0.715683540517635,30.8823347996689,30.7481252977127,30.7376313132568,30.776634516437,30.8539589647955,30.9271809062005
"Q15036",2,2,1,2,1,1,0.000557812997572659,0.00579668085404663,27.3921512819881,27.4296986415767,27.254595641011,26.2212401165342,26.5664884124101,26.4491607664728
"Q15042",10,7,7,10,10,10,0.038380737469471,0.122101062995625,26.7988266474597,25.8837028432446,25.7962628395418,27.1479870861079,27.0147336789888,26.741033197727
"Q15043",2,2,1,1,1,2,0.558024778329897,0.685805236729793,22.77596703333,23.6364959967066,22.7722516738033,21.978947737919,22.9268112834133,23.4519922402589
"Q15046",20,20,21,21,22,22,0.21760996956524,0.378285642603771,30.0078178534931,30.0559620334051,30.0354959095238,30.0412597140545,30.2963407412851,30.2586493901218
"Q15050",4,4,5,4,5,5,0.109737829757941,0.249066656395884,27.1981762580382,27.0343436939927,27.097967808142,27.3314027128115,27.2575564223407,27.9678749519375
"Q15056",5,5,5,5,5,5,0.110146901272143,0.249498591660137,29.4139591072525,29.1481757226317,29.2030999642525,29.7298417176815,29.4295660381747,29.4318428756671
"Q15061",8,10,9,9,9,9,0.332196454410705,0.491719735568343,27.6632400682686,28.0045916531437,27.5861901964005,27.817429537928,28.0279274285044,27.8997042889779
"Q15067",1,2,1,2,1,2,0.494829328880025,0.638950296731014,23.8393141777419,23.9845007814678,22.4016348575276,24.391582491584,22.8228883237543,24.3446555332724
"Q15070",0,2,1,2,2,2,0.189832103256455,0.347238995611848,NA,25.1579070715401,23.6501495857913,24.9064089081522,25.2481811511776,25.2483650043684
"Q15075",5,5,7,5,4,6,0.510064560932467,0.650279979530511,25.1743091403799,25.4346957635088,25.9748453802611,25.0123722991411,25.1662267087052,25.7835592300488
"Q15084",11,10,11,11,11,11,0.105335423310854,0.242085743649429,29.4357550831893,29.3296743068195,29.234871265595,29.6894815582529,29.504540381113,29.5060661246467
"Q15102",7,7,7,6,7,6,0.624131971227693,0.737067059989835,28.6874297151877,28.8387837930128,28.6500807839167,28.6973417675296,28.8219262948109,28.8371856216835
"Q15121",3,3,4,4,4,4,0.0582647685375097,0.163874151706609,25.8569650835112,25.9935285324053,26.0406180465445,26.6974271384628,26.4693950655164,26.0634486072756
"Q15126",1,2,1,2,1,3,0.176614392521018,0.333177740978562,21.5686868394039,23.4856121146173,21.9870913075148,23.9816014401927,22.4944109602375,23.3977460011371
"Q15131",0,0,1,0,0,0,NA,NA,NA,NA,23.1861929963128,NA,NA,NA
"Q15149",50,45,48,48,45,53,0.0255195599010538,0.0901783363815706,28.9915976898788,28.9124486627936,29.0541180592682,29.389576074793,29.2133348088164,29.3976996254012
"Q15154",14,14,13,14,13,11,0.399543061492778,0.550896335777381,27.1836649782036,27.1443157085773,27.2373730771278,27.200296296407,26.9685593924742,27.0804980454226
"Q15172",1,2,1,1,1,2,0.290047458390202,0.450526344459582,24.1503238125839,24.7768831329835,23.1278369595557,24.6727554501441,24.1744766604115,24.742786760691
"Q15181",16,15,15,16,16,16,0.103625835803559,0.239605201690742,31.5470938446942,31.2940239844612,31.3543701224554,31.8696664396606,31.5470121247806,31.6111062828094
"Q15185",8,8,7,8,8,8,0.0948679937671725,0.226976139952223,30.9606824911866,31.0301889317221,30.9879743650896,31.2104881101934,31.2010315649398,31.1714857493926
"Q15233",13,13,13,14,13,12,0.490635915547294,0.634973346589151,30.9897418593914,30.7765758364883,30.6515421182572,30.9792541835691,30.7968391106937,30.9440835229918
"Q15257",6,7,7,7,7,6,0.205320378038705,0.364164340279278,26.9519274338892,27.2244499177757,27.3088450866775,27.2994448918054,27.6568266057612,27.2584791505746
"Q15269,P25635",7,7,7,6,7,7,0.393262088809508,0.546492594218851,27.228936288372,27.0165570661344,27.2841567329839,27.0218985209776,27.4756448849852,27.5314389370307
"Q15274",3,3,5,4,3,5,0.0704414673005021,0.185111736074246,25.9680626554794,25.8852038266027,26.5026700160663,26.5954536350691,26.3831797545606,26.8111904131506
"Q15276",1,1,1,2,2,2,0.00165707488494884,0.0116122513442959,22.0505017405413,NA,22.2076440516161,23.0959863630617,23.5309368362626,23.289936315038
"Q15287",5,4,5,4,4,5,0.782555783256872,0.857353382136852,28.0146711683259,27.9957257209475,28.046885292437,28.1397860500541,28.0799502923209,27.9346451299864
"Q15291",2,3,2,2,3,2,0.696355691873162,0.792996135220094,25.4320406588531,25.2158069635984,24.3196418677093,25.4861517534541,25.3893462948962,24.5681381120424
"Q15365",15,13,13,14,14,15,0.359812390401888,0.514726912829542,31.5069231628362,31.3678597631552,31.4278185578018,31.7173045828683,31.4457843322235,31.5118979500556
"Q15366",8,8,9,8,8,9,0.0470030445413219,0.140332388218266,30.5353056548432,30.510437843811,30.4509997100947,30.8066235883863,30.7142312114622,30.7585187893757
"Q15369",4,4,4,4,4,4,0.329502968164902,0.489398888089921,28.0133540212493,28.7780847345638,28.8061404431018,28.6085953281563,28.8849851098195,28.9070537447134
"Q15370",3,3,3,3,3,3,0.0758410188586423,0.194156413037669,27.1709407371244,27.3550446697159,27.2721366780256,27.4029156424442,27.636461874858,27.5535314230606
"Q15382",2,2,2,2,2,2,0.227384255705499,0.387728423590387,23.9676175700232,25.3802994928765,25.270392140549,25.661373994619,25.1811508054118,25.429667229248
"Q15393",28,27,25,31,31,28,0.0288909136935374,0.0986476079104918,30.5478694177122,30.4283093814838,30.2916187270984,30.8658302276442,30.8887264828374,30.6577196335546
"Q15397",5,7,5,6,6,7,0.177806473912468,0.333779641401915,25.792865089221,26.3357066688774,25.9161317437042,26.3426411332656,26.0712977870579,26.6167866994081
"Q15398",2,2,3,3,3,2,0.0892880109154059,0.217359608215625,24.1469207138641,24.3004413390582,24.732081631983,24.9123588376148,24.8761744772431,24.5905997514452
"Q15404",3,3,3,2,2,3,0.0196575560751087,0.0744831983510349,25.8076401574651,25.7168057234011,25.8459445666252,25.4242870536252,25.1742958489009,25.4993536634449
"Q15418",5,8,6,6,7,7,0.251205304557485,0.411839627950293,25.2043809552437,25.933725322424,26.0101718080317,25.6580281145499,26.2225724305805,26.4359133905262
"Q15424",18,17,16,16,18,18,0.628984398564101,0.740879634972741,28.7602642123007,28.3589389751152,27.8691438633717,28.1577220601597,28.8067696628196,28.4579870272472
"Q15427",3,3,4,2,3,2,0.495061691507332,0.639069450100863,26.7556526176693,27.3800298156598,27.3373971479636,26.3633333399801,27.5983912018328,26.7180655332667
"Q15428",4,4,4,3,4,4,0.28619063676126,0.446512204139832,28.0776666443789,27.5081017052351,27.9796715523129,27.8744881623406,28.1152283899334,28.2954561174888
"Q15435",4,3,4,4,2,4,0.268074375245261,0.426711549151738,25.0749142841656,25.6147292655491,25.7336408342204,26.2458377610475,25.2738074125382,26.07050593169
"Q15436",1,1,0,1,1,1,0.118854292248312,0.262065384841372,23.3100387474787,23.0883718618834,NA,22.6521588922812,NA,NA
"Q15437",4,4,8,7,7,8,0.791693429272193,0.86239384535333,25.5802101173836,26.2757666123981,26.6821734962461,26.0597247030533,25.8165418171199,26.3973131029498
"Q15459",19,19,19,19,20,18,0.285354367574901,0.445970066761459,30.1454238644294,29.9902962045986,29.794567615583,30.1732352103549,30.1739454620998,30.0572229812433
"Q15545",4,3,4,2,3,2,0.550116186124079,0.680854596065667,24.1186013951762,24.6138845609718,24.6149567597826,23.9429508981836,24.816947255639,24.0426999329491
"Q15555",3,3,4,3,4,3,0.929649993989592,0.953047926422589,26.3048174197769,26.3375644643878,26.3179394362906,26.0971257206879,26.5128717160929,26.311315600061
"Q15631",5,6,6,6,6,6,0.143963192556888,0.292522021465242,28.528909181428,28.7578533698922,28.6963744361907,28.8820876175462,28.7267690617705,29.229394475643
"Q15633",1,3,3,2,2,2,0.6067990937169,0.723704860799996,22.8408919212904,24.8329623454891,24.9651443302139,23.4835978327497,24.1819604238504,23.9825436035793
"Q15637",9,8,9,11,9,10,0.0527262582761281,0.15262554727523,29.3015150363865,28.8330660432459,29.0014973667055,29.6295104042238,29.3288649085094,29.4094390882284
"Q15642",2,3,3,2,3,3,0.716891092257512,0.807424327980153,24.570668062351,25.5601970333216,24.7890951087084,24.56601998953,25.6855606939409,25.1039768997409
"Q15645",7,8,7,6,7,8,0.174072127891773,0.330606597602943,26.6217881183321,26.9521361682347,26.7363221831303,26.9995384550234,26.914647893711,27.0005092827103
"Q15648",2,4,5,4,4,3,0.889512036277551,0.927323495764892,24.2534864277012,25.5858512501812,25.2047677138672,25.086734681857,25.1142508385288,24.6845744375905
"Q15654",12,12,12,11,11,11,0.364428099104921,0.517966383578764,28.6876174023672,28.6753253408803,28.3648012952712,28.7944668619228,28.8283325248971,28.5514137688876
"Q15691",9,9,10,10,10,10,0.34525731968938,0.503054580780247,29.7831387587594,29.8883258685934,29.7641636154759,29.8559906008419,29.9203698339611,29.9967635760925
"Q15717",10,10,10,11,11,11,0.0289639934882368,0.0986809098531263,29.621803833194,29.7780578037895,29.6949856268411,29.9872751888815,29.9694551779527,30.1152502793684
"Q15738",2,2,2,3,3,2,0.0441681511986391,0.134726208099374,24.3248800144498,23.5915016594374,23.9434872461192,25.1267049746201,24.8626043489386,24.2120448504779
"Q15750",4,4,3,4,3,3,0.737084588732546,0.822783977704482,25.1427650423719,25.2748049937461,24.7340303716223,25.716178922076,24.9170001805325,24.8248215510543
"Q15751",0,1,2,2,1,2,0.544844308476422,0.676348227284201,NA,22.023901562922,22.6915991099495,23.2259738163602,21.8427976777803,22.9705213513263
"Q15758",7,8,8,7,7,7,0.669357078171909,0.773065060916519,28.7656436204859,28.7793499142234,28.9535900665269,28.5845848797166,28.7643050177636,28.9570580197434
"Q15773",2,1,2,2,1,1,0.496855138972653,0.640478424411767,23.7193066784864,22.6686098559468,24.0492524212081,23.3248264051681,23.093221102594,23.2242302021336
"Q15785",5,5,4,5,6,5,0.018844845356666,0.0720621831660605,26.1600957055121,26.39141166578,26.1797731524906,26.9378094652717,26.6142068576975,26.6121309094257
"Q15813",9,10,12,8,10,11,0.710233053928324,0.803791414542549,27.2786228751413,27.1817668423508,27.4183987117798,27.2126210388819,27.3292456036644,27.4925953503258
"Q15814",1,2,2,2,1,2,0.86753733044135,0.91254445503192,22.7672869270189,23.5047987054924,24.1671516544527,23.5418807889406,22.9660495357202,24.1697260919108
"Q15819",8,8,7,8,8,8,0.572157747329721,0.698096721935862,27.3389432036815,27.3339490706407,26.6172578965476,27.0015512841478,27.4537441457823,27.2817005782032
"Q15833",7,8,10,9,11,12,0.023534163829398,0.0848047830882414,26.5764851923857,26.9731784109831,27.1815831104101,27.915631543678,27.2937942426501,28.3037294228826
"Q15836,P63027",2,1,2,2,1,1,0.280615450930606,0.441350457580007,25.274030526659,24.3837299263267,25.4956675554011,25.3089848886888,24.1178750519138,24.1360959972446
"Q15843",1,2,2,2,3,1,0.0191990740270468,0.0731714082801899,21.8050681874395,23.4073222569709,23.9855362484143,26.5939202537193,26.8691540495653,24.2695369383117
"Q15907,P62491,P57735",10,9,10,10,8,9,0.0260662247393228,0.0917547201086348,28.5676854174597,28.6789645006877,28.7399901452788,28.9414837860812,29.0081546846774,29.0120671263011
"Q15910",4,3,5,4,4,5,0.111002883034754,0.250116706993847,25.5907817203235,24.4612912216535,25.1606624231271,25.7539820114148,25.5699803937413,25.5628812836767
"Q15942",6,5,6,6,6,6,0.359525533905018,0.514477881328323,27.2607707379129,27.1737645514011,27.605478805633,27.1385289985705,27.7813595402359,27.8295278047147
"Q16181,Q6ZU15",11,11,10,11,9,12,0.0443942104985238,0.135197856004183,28.4684556264586,28.445689918428,28.30968015826,28.85074895895,28.5785454571369,28.7676239303018
"Q16186",4,4,4,3,4,4,0.694795665668055,0.792791508129767,27.6080667841773,27.3777568477676,27.4554193374642,27.5602107344194,27.4679205766845,27.5575498818067
"Q16204",7,7,7,9,9,8,0.109878764093653,0.249138629122885,26.9139295819217,27.0955300191573,26.8614389348774,27.1176859332097,27.2243200928667,27.1998443595437
"Q16222,Q3KQV9",17,18,19,18,16,19,0.242602870225586,0.403232333147952,30.1181112963327,30.3982259563912,30.3048809868428,30.4980343965691,30.2989345842005,30.5603492526215
"Q16385,Q99909",4,4,4,4,3,3,0.253617626985958,0.413510941497477,26.7550796080139,26.7304755706503,26.8404880128832,26.6751849473371,26.6230441192018,26.6335555030473
"Q16401",12,13,12,13,15,15,0.0379620883610204,0.121022394900751,28.6307335627923,28.9590656326118,29.2989874749355,29.4347341658527,29.4605022733967,29.5249428442345
"Q16512",8,8,8,7,6,7,0.857526216933673,0.905144516809675,26.4199813823827,26.091339960527,26.053506958076,26.1075592654216,26.1584321572103,26.2193054294448
"Q16531",19,21,21,18,19,21,0.166381537427036,0.320762411518867,29.2967736481734,29.4071167917358,29.3836308305284,29.467619035739,29.542006443069,29.5851324375578
"Q16537",0,1,0,1,0,1,0.575384100860193,0.7001606476725,NA,21.551768411251,NA,21.8739581318054,NA,19.8864550910846
"Q16539",3,0,4,2,2,4,0.399999210435327,0.551131500454836,24.7050183603493,NA,24.4620447240816,24.5151485855655,24.6736176541733,25.6092501063308
"Q16540",3,3,3,3,3,3,0.0624249849122711,0.171349447153899,24.7346179616955,24.6240364647159,24.818167305752,25.2730257035764,24.8211686241832,25.1821290046599
"Q16543",8,9,7,8,8,8,0.110733762464071,0.250116706993847,29.0704016818149,29.0736234021369,29.1220612210515,29.1432657930468,29.3636980131512,29.5542597328915
"Q16576",13,13,13,12,12,12,0.260840127021116,0.420626602852715,29.1839044848745,29.3554598415511,29.15947868815,29.4790859631659,29.3012909352681,29.3659718714281
"Q16595",0,0,2,2,1,2,0.980270049158529,0.987194694097397,NA,NA,24.5260273781255,25.0836977277172,23.5435909037129,24.8929972988873
"Q16621",3,3,2,2,2,2,0.944356409338475,0.963577262223691,24.7176018861528,24.7713958689091,24.5043201887447,24.6196212190953,24.7129869724538,24.6339230218471
"Q16629",7,6,6,7,6,6,0.100676575132078,0.235069883253176,29.457909034186,29.3745544157292,28.7842340679132,29.4878174577223,29.7063588993694,29.6533237810781
"Q16630",7,7,7,7,7,5,0.174970603254864,0.331740462931413,28.4480383369341,28.5157449689628,28.2247241647433,28.7653693818516,28.8292658898909,28.3813367669803
"Q16637",3,3,3,3,2,2,0.911956752067234,0.941507077602387,24.8484755456816,24.4271867056357,24.85719355224,25.1171754828771,24.4289883331987,24.6658521197149
"Q16643",10,11,9,11,10,11,0.00204731105103592,0.0134579726438413,28.3240013261864,28.4748925507129,28.210642185652,29.0235090175195,28.9203866793147,28.9889607111706
"Q16658",21,20,21,21,22,21,0.29044236838438,0.450679620601886,31.7520406462021,31.7272850453555,31.6515063189287,31.7119844276877,31.9311442804877,31.8954065953921
"Q16698",10,9,9,9,9,8,0.804180838230234,0.869958169038068,28.2522687922026,28.1157030985389,27.9459740555821,28.2591067359073,28.2808889261713,27.899322183174
"Q16718",4,4,4,4,4,4,0.522448283107022,0.659235782650572,27.3439055145751,26.6016413081358,26.7806770225007,27.3331020593232,26.9457006974506,26.9333126816207
"Q16740",2,2,3,3,3,2,0.0222499117819078,0.0819903857423774,25.0613512916175,24.7873245687094,25.1293842269675,25.5643869037513,25.4463881083877,25.3158220541559
"Q16762",0,1,1,0,2,2,0.103384383227021,0.23941094227496,NA,24.4473233718365,23.0003644095016,NA,24.9604295970416,24.8491281161332
"Q16763",3,2,3,3,4,4,0.00924863887375178,0.0424152205629478,26.0993405108873,25.9902590092744,25.9725729573398,26.5499320348274,26.3570721827791,26.7128563467512
"Q16773",0,2,1,2,2,1,0.554406908714026,0.683603618079088,NA,23.0617168779072,21.9756289024845,23.2016495231226,23.3647105621704,22.0379151856785
"Q16774",4,3,3,4,4,4,0.0166144287827908,0.0659087166148624,25.2091163970106,25.1465036223608,24.4411490839517,25.7205846617235,25.662445363834,25.7044323356035
"Q16795",5,4,8,5,6,4,0.724127813789686,0.812662013901242,26.1265976315401,26.3320866106463,26.711591218899,26.35986595711,26.4977239932603,26.0896369557113
"Q16822",4,3,6,4,4,5,0.775936573253942,0.852147965138297,25.5732057851529,25.2057510742853,26.3011104532386,25.9145770737139,25.6644743578748,25.7628490218288
"Q16836",3,4,3,3,3,4,0.831568813960137,0.888851201800878,25.7689964800489,26.3826534784464,26.1705452532998,26.0239794386836,26.0115997467249,26.1635389694354
"Q16851",6,6,6,5,6,5,0.635380748927392,0.744568963937006,27.9572927059546,28.0665847784318,27.2814942509921,27.863047986946,27.9395965702537,27.8461064323455
"Q16864",2,2,2,2,2,2,0.81502244128076,0.877331849250313,26.2403836177856,25.9226975088211,26.118866395179,25.9755725326399,26.0672624098202,26.3549152242202
"Q16877",0,2,1,2,2,1,0.628234467168041,0.740187406823502,NA,23.6795759025845,22.4742103922589,24.4839578135487,23.8390156789183,22.1575224093482
"Q16881",13,14,13,13,12,14,0.186957332410605,0.344575776698559,29.2283171502289,29.2089110646865,29.3680292902389,29.4498543938385,29.322811064517,29.6024722443622
"Q16890",3,2,2,3,3,3,0.0319898793562403,0.106291208756859,25.8946006780395,25.391270825731,24.8548870848568,26.1949630143791,26.0189688209784,26.2560084170339
"Q16891",16,15,15,16,13,14,0.843096072113373,0.894882336198513,29.7470514941144,29.5576860378869,29.5972204509457,29.7658690485481,29.7504427268358,29.4702037895194
"Q1ED39",5,4,4,4,3,5,0.730433562210367,0.817526474681966,25.6266515453616,25.2365577978615,25.4823329168995,25.1127129608268,24.8522434329536,26.0256753770387
"Q1KMD3",17,16,14,17,19,18,0.0548735753186812,0.157208847059095,29.6635072658269,29.3781122351424,29.4089593105299,29.8495621588688,29.9588000942729,29.6712111188427
"Q29RF7",8,12,12,13,13,11,0.0392001551404137,0.124274571056683,27.1615666073844,26.9872243618825,26.9432626613629,27.3911603198767,27.2807314696864,27.3503217676258
"Q2NL82",13,13,12,12,13,12,0.60298720181209,0.721433940379427,28.1892961550084,28.0388462101024,27.5949734821499,27.9766345279997,27.8636980327261,27.6617642517846
"Q2TAY7",10,12,11,12,11,11,0.0757398374850614,0.194115246408343,27.8218551002512,28.1675691077905,27.7559553690008,28.3303521155961,28.326400651609,28.1106128605604
"Q2VPK5",2,1,3,3,2,3,0.202941518961145,0.361930887216866,24.7215961585947,23.9277559155815,25.1833115632843,24.9938369930899,24.9442963824886,25.357142882775
"Q2Y0W8",2,2,0,2,2,2,0.105709717307834,0.242457380773422,26.208844425265,26.2005520519612,NA,26.6036263430208,26.5458114706202,26.3414926249243
"Q32MZ4",8,8,8,9,8,9,0.398991775839673,0.550896335777381,26.6561527496664,26.5193581605782,26.2679880837754,26.5292918228575,26.5278443548493,26.8222899008155
"Q32P28",2,1,0,2,1,1,0.604369597252433,0.722152379104151,23.9396497451674,22.3905325990071,NA,24.2040812631613,22.4883148113105,24.0223103956877
"Q3B726",4,4,5,5,4,6,0.265119631139168,0.424377458686626,24.926172671538,25.039924726256,25.3338178415421,25.6895205758468,24.9886728287997,25.4449479917778
"Q3E6R5",2,1,1,1,1,1,0.194624755712618,0.352053186185949,24.4017928530092,23.0506301028349,22.7557379733562,23.2888692738209,22.229550412943,22.4370751480065
"Q3E754,P0C0V8",4,4,4,4,4,4,0.000611337952922219,0.0060497261198073,30.1278264511659,30.3148255920411,30.2467306383454,29.2320117044509,29.4534182129666,29.4583576332503
"Q3E795",1,2,1,2,1,1,0.0225995566654293,0.082611520438853,23.2350802268048,24.6678100791315,23.4078983769501,22.2407897915017,22.7321776862157,22.5585126486808
"Q3E7Y3,P0C0W1",6,6,5,6,6,6,0.0112008643200331,0.0490858242343814,30.3286782822723,30.4580304599145,29.8357318295974,29.4522479539991,29.5057309553032,29.5790616463629
"Q3E841",3,3,3,3,3,3,0.000384749354061568,0.00471842774884945,28.3049935957239,28.1897249912032,28.3255271674037,27.2893883666973,27.5148187576307,27.2680663268841
"Q3LXA3",1,0,1,1,1,2,0.610616761349137,0.725839423255597,22.6656323954891,NA,22.8287184892372,22.4100671030881,23.1183638589119,23.179038258553
"Q3MHD2",5,5,6,5,6,6,0.479186208128932,0.625478535474732,27.1844099795323,27.2144543001402,27.4910656534421,27.0529227792868,27.6107202116103,27.7108047234561
"Q3YEC7",5,5,4,4,6,6,0.499835435997047,0.643048296395524,26.229204499073,25.9310343945993,25.126222082184,26.2413307305378,26.3080794935871,25.5159982908992
"Q3ZCM7",2,2,1,1,1,1,0.908816220128732,0.939677266881633,30.8681631524757,30.3412218580944,30.4733687888944,30.9446094260928,30.4050721247934,30.4128850175121
"Q3ZCQ8",6,5,6,6,5,7,0.152975396436949,0.304686768875435,27.7143189001998,27.1888339136348,27.3324036375955,27.7835417160072,27.519007589418,27.8398619725101
"Q46845",1,1,1,2,2,3,1.18866515956168e-05,0.000985943719621891,21.776125192608,22.1039941255602,21.6969906392223,24.4765963721556,24.7896458114554,25.1143992413985
"Q46851",2,2,1,6,6,5,1.83556146713106e-05,0.00122343742291236,24.521650661299,23.9348080204417,23.4872708397151,27.6823235137591,27.5333531898573,27.422300105027
"Q46938",5,5,5,6,5,5,2.08264554557907e-05,0.0012783034677166,27.1316390870171,27.7155350870472,27.5778354345581,29.8662099932598,29.7716628093117,29.6899370581471
"Q47706",2,2,2,1,1,1,0.0157217458928806,0.0633591914870331,27.0381764704704,26.7565145177587,26.7680521767565,25.6837344625668,21.6735664847948,21.409912817024
"Q496Y0",1,1,0,1,0,1,0.612113756531524,0.727014568418852,22.9802833246775,23.8376834001559,NA,23.1259301652347,NA,NA
"Q49A26",3,5,3,5,5,6,0.0223166082788545,0.0821035217484955,25.6016270579303,26.078118915783,25.4266291642037,26.832631645144,26.372147130644,26.1995606332419
"Q49AR2",2,2,3,3,3,2,0.332518081784068,0.49203616253614,24.2136695317187,23.9543877262421,24.550708918959,24.686958783161,24.6313666207702,24.1279186963033
"Q4G0F5",2,1,2,2,1,2,0.678860031684712,0.780272185959746,23.2126849334721,22.071228846174,23.9725362760101,24.2296362882325,22.0231664679046,21.9864795238647
"Q4G0J3",1,3,2,2,3,2,0.189643695705074,0.347172768782725,23.3352217380319,24.4953945616934,24.254278845336,24.246283446695,25.1880629001538,24.4099986541386
"Q4KMP7",3,1,2,3,3,2,0.0441205740244277,0.134724269544471,24.4508805981842,23.2587446870625,23.469393861192,24.7526082720102,24.7566944157594,24.3200045395375
"Q4VC31",0,2,3,2,3,2,0.409221870223454,0.559300798904031,NA,25.3683857476848,25.9304598444237,25.8609014795659,26.1051265591718,25.6508581861757
"Q502W6",2,1,1,1,2,1,0.389368820092568,0.542879143417572,27.2687211544779,27.3246863853113,27.2405751706961,23.7873822267522,27.6045269411046,27.5026922374555
"Q52LJ0",6,5,6,7,7,8,0.00616612197246525,0.0308441320596343,26.7714635227728,26.6048029809338,26.6484744746548,27.0745961219058,27.2471714998351,27.1578364300413
"Q53EL6",3,3,2,2,2,2,0.852626751908546,0.901447190310904,24.1564986628883,24.3752097135186,24.280175983965,24.8324054996712,24.6418661534233,23.543589732969
"Q53F19",5,4,4,5,5,5,0.0634869292962514,0.173222112110944,25.5720025500698,25.1359174461512,25.0768132200371,25.7486289988513,25.6866069637539,25.5336634718815
"Q53FT3",2,2,3,1,3,3,0.883134690078888,0.923626881279203,24.7289682070452,24.7879666321125,25.275723492804,23.5830566987704,25.4131394060615,25.5402325447315
"Q53GS9",9,10,11,11,10,9,0.180456249076178,0.336979700485274,27.8519765018522,27.6358660585498,27.8103794731702,27.8822241782015,27.9174863820824,28.0535727884998
"Q53H12",3,4,3,4,4,3,0.0266796519712083,0.093159023781976,26.1671983912304,26.4713993003975,26.3914202316852,27.0988894786494,26.8683160042086,26.6002237746822
"Q53H82",4,5,5,5,5,5,0.752249543668395,0.835076395598882,25.8433361754464,26.4632488367198,26.1447988660805,26.1927845307004,26.3523050486429,26.0948142451204
"Q53HL2",1,2,2,1,2,2,0.205471067926099,0.364164340279278,24.823495769542,24.6925730362355,24.7180162182626,24.5995623872781,25.1533499021714,25.7292388511026
"Q562R1",1,0,0,1,0,0,0.348442687897628,0.505670959576221,22.1201863928808,NA,NA,22.513612011342,NA,NA
"Q58FF6",3,2,3,2,3,3,0.711292877926102,0.804192839925372,29.8963685913058,28.1457357252334,29.4321679632985,28.8030396089993,29.673333801138,28.3532741049584
"Q58FF8",1,1,1,1,1,1,0.109530538967255,0.248843784247319,30.7637043585206,30.586066616832,30.494199098392,31.1862209769603,30.7691395525646,30.8106099685477
"Q5BKZ1",10,11,9,11,11,10,0.0439433170706508,0.13436554753494,27.5450754014099,27.6962830130651,27.4022858544881,27.7224621873159,28.0492826847775,28.0338149469549
"Q5C9Z4",2,1,1,1,2,1,0.943492337118508,0.963268070406196,23.6154252688168,22.5672308407789,22.2795949716575,22.1214021315279,23.6656646605705,22.7892316732566
"Q5F1R6",5,2,4,6,5,4,0.162051140157595,0.316463264233145,25.2436347513959,23.7162886082525,24.9395144258409,25.4445144317224,25.1846109923451,25.2301456045735
"Q5GLZ8",0,0,1,2,1,1,0.259325657529037,0.419221704339996,NA,NA,22.9850126738904,23.0250534046508,23.8865862947056,23.7387894277281
"Q5H9R7",15,14,14,15,15,15,0.149775931039845,0.300209928560533,27.6676615413394,27.5473105733495,27.1845154989558,27.7652953424356,27.6705923465587,27.7531669533629
"Q5JQF8",1,1,1,1,1,1,0.0520021269955356,0.151393556703021,22.1589612218856,24.5958105536124,24.6008824961284,25.1633069255591,25.7037774191443,25.6185917606894
"Q5JRX3",8,9,12,10,10,11,0.191958440773164,0.349307701159623,26.1696083705308,26.2947300688061,26.7667835945328,26.7792070524125,26.5140509724835,26.8142049662898
"Q5JSH3",4,5,4,5,6,7,0.134299890836491,0.282209167202244,24.8118064101319,26.0939904615908,25.7577870113608,25.7832931179345,26.245107035072,26.825396307064
"Q5JSL3",4,3,2,3,2,2,0.398087047310779,0.550492000555251,24.1172643696186,25.608369775909,22.4151068342299,24.3729668134167,22.6265242729235,22.6367131093142
"Q5JTH9",9,11,10,10,9,11,0.527580106850464,0.662306122028568,26.8805627290185,27.3272653245017,27.1170091536888,27.0317808785904,27.2303115861498,27.4101672478894
"Q5JTJ3",3,3,3,3,3,3,0.685521720131933,0.785568974439055,26.7755659088469,26.7633868446607,26.9006192597967,26.5736505331513,27.0605768152759,27.0194198659211
"Q5JTV8",0,1,0,1,1,1,0.0396426916413276,0.125155681154143,NA,22.56962261018,NA,23.1355671722131,23.0735391045696,23.1334991528894
"Q5JTZ9",6,4,4,6,6,5,0.0400107185051763,0.125795243156867,25.2878431828117,24.3321306335028,24.6889761408829,25.5017010756359,25.6363962441128,25.285832676033
"Q5JVF3",2,3,3,2,2,3,0.403345360840194,0.554030364114761,23.9906792000492,24.2899029792643,24.8997900526554,24.8039121101564,24.5088084139958,24.559430551937
"Q5MIZ7",2,1,0,2,1,0,0.972118621484603,0.981803221432977,23.8990423406736,22.9904635716915,NA,23.4561638989112,23.4061041781774,NA
"Q5QJE6",11,10,12,13,11,9,0.0653963110735417,0.176635862118116,27.3127046460646,27.4398799214799,27.540278237571,28.0275274109497,27.8040332425901,27.5552648900234
"Q5R3I4",1,1,1,2,2,2,0.0160125901580798,0.0640222929896233,22.1224984331606,22.8694965176091,21.8704515872291,23.0386829749329,23.6148731987749,23.276010062086
"Q5RI15",2,2,2,2,2,2,0.791342674223065,0.86239384535333,26.0674796530008,25.6190416102225,25.7027955476255,25.8142552901328,25.8283684347188,25.8733432534196
"Q5RKV6",5,5,5,5,5,5,0.0167277766599411,0.0661283510594897,26.6232331695554,26.7079216053309,26.5368093255395,26.9501078379095,26.9810177521571,27.0245345664286
"Q5SRE5",11,15,13,13,9,16,0.362170772324391,0.516158407792525,26.6048107622807,27.3851309378502,27.1665906219584,27.3563902206277,26.9244910776475,27.7520790847371
"Q5SSJ5",2,3,3,3,3,3,0.629272590273796,0.74102776376589,25.2080700710912,28.8265966061714,25.8798816542019,27.8524227810937,27.8140777771684,25.8948604391217
"Q5SW79",5,4,4,6,6,4,0.170824256525174,0.325930680998679,25.3169427808608,24.674260740805,24.772841578031,25.256938804343,26.9364015259487,25.0681767496522
"Q5SY16",4,5,5,4,4,4,0.713978152341681,0.80579389334713,26.1558910478685,26.2365264393569,26.5378012946656,26.5337843592034,26.084203030017,26.0980715609387
"Q5T0F9",1,2,2,1,1,2,0.671106081215795,0.774456552270915,22.4645301661153,24.0046745140039,23.8109232224409,23.376321450141,23.3308484968703,24.2176600956358
"Q5T1M5",2,3,3,1,3,1,0.189429462111321,0.346919793718124,23.3315675166542,24.0169222591602,23.7299132739819,21.9434535647922,24.2545663797348,21.7858337193755
"Q5T200",1,2,2,1,2,2,0.998905706659336,0.999124716899779,22.894533038336,24.0877462201569,24.0824667146019,22.6057813958391,24.3007682093543,24.1606449691904
"Q5T3I0",2,2,1,1,2,2,0.497824505355013,0.641365544600274,23.1366629866066,24.6095325364321,23.8484252808991,23.389708641977,24.4716223704091,24.8624519053232
"Q5T3J3",1,3,3,2,2,3,0.800120886489482,0.86763762399929,23.5916164089482,24.7424942182949,24.6313134917691,24.0429892383431,23.9591182705857,24.6676994264397
"Q5T440",2,2,2,3,1,1,0.735077178465381,0.821607086235191,23.6910664956311,23.6327837189618,23.5403029855368,24.6263547016139,22.6494438233321,23.0391366458203
"Q5T4S7",45,48,49,48,46,47,0.0817676342281256,0.203838222594923,29.3227934636882,29.3778457028189,29.5050653210633,29.5716662372101,29.63068726465,29.7350043117956
"Q5T6F2",6,5,7,7,6,6,0.0207785677928961,0.077885439928428,26.0365741565373,26.3179002113858,26.3103551236932,26.8450153695999,26.6440222091808,26.5497800109113
"Q5T6V5",5,3,4,3,3,4,0.608441327667445,0.724917559890019,24.8436865567574,24.2095582084035,24.9609349897313,24.8193421507261,24.4658722241567,25.1808719417966
"Q5T8P6",5,7,7,7,6,6,0.560974356253279,0.68813256607353,25.4534612273376,25.844880135741,25.7871151165038,25.7362623208699,25.8610043951323,25.7574861499644
"Q5T9A4",3,4,4,3,2,3,0.97561030196921,0.984240202915422,25.8489589415785,26.1488715123916,26.2731645198011,25.6849874818972,26.1772989009589,26.3870868482489
"Q5TC12",1,0,1,1,1,1,0.289145451553596,0.450044882288469,22.8066395700021,NA,23.3180260490946,NA,23.2166144928781,23.5868622675993
"Q5TDH0",6,8,10,8,8,10,0.0372987820451741,0.119660368277134,27.505252372879,27.7306425653499,27.8875959674145,28.0974198301299,28.0928624165504,28.0370936878275
"Q5TFE4",4,6,6,5,4,5,0.32714338027436,0.487553002813378,25.3005434617553,26.1285349844798,25.9528511892433,26.0904509873717,26.0108658276615,26.0295513898111
"Q5U5X0",3,3,2,3,3,3,0.182425381077321,0.339544915738368,26.5639443294861,26.5886792210821,25.6555745915839,26.6298560938649,26.78032040192,26.6590583521963
"Q5UIP0",11,11,13,11,10,13,0.146485088654285,0.295823361859605,26.2758891935477,26.4627127679571,26.8240137513,26.7399141422841,26.7054363550781,27.1450009802447
"Q5VSL9,Q9ULQ0",0,1,1,1,1,1,0.695133158621637,0.792791508129767,NA,22.2714358023694,22.9590626906545,21.6524663720438,21.9141769757532,23.4867066133595
"Q5VT25",4,3,4,4,2,3,0.871148236780603,0.914866081075763,24.5820851330501,23.807941224887,24.4913217001267,24.5753069578427,23.9986636542084,24.4444093042213
"Q5VT52",7,8,5,10,7,10,0.0411754574690269,0.128395377288927,25.3753409789126,25.8380761249089,24.9349660016941,26.3517428410302,25.7575998539855,26.2875022302638
"Q5VTD9",0,1,1,1,2,2,0.116161720537534,0.257497458256671,NA,21.4774621704794,22.7032111862846,22.2976603606293,24.1008519040715,23.9027901755537
"Q5VTL8",4,4,3,4,5,4,0.43015170769214,0.579760199125832,25.427768450337,25.4179248462103,24.5667859958773,25.1393290671421,25.7006107595559,25.3170323002566
"Q5VTR2",2,1,3,4,3,3,0.0560391113425551,0.159085517078243,24.8376914093496,23.6820649773643,25.1959344759391,25.5421919493086,25.6266167859917,25.3957659767524
"Q5VVQ6",2,2,3,2,3,3,0.158794182002157,0.312249594092173,26.294443927791,25.4750453951207,25.9129813989342,26.3754136726422,26.1198011197232,26.3034654106135
"Q5VW32",3,2,4,4,3,3,0.908986360970768,0.939677266881633,25.9961450187258,25.2421912542106,26.181503773885,26.2886261423018,24.9673858865693,26.0118449541526
"Q5VWZ2",1,0,2,1,2,2,0.0993712407568537,0.233023662323811,24.0027009203778,NA,23.7618466628548,23.9916614780713,25.0731415490481,25.4084957667956
"Q5VYK3",17,18,14,17,13,14,0.348923908125855,0.505670959576221,27.7191010345489,27.75842678353,27.1429910283454,27.9879098706219,27.6350665787347,27.656476577991
"Q5VZL5",4,2,2,2,4,3,0.265384868812437,0.424653024034492,24.5575834901569,23.5927760818035,21.9903993107877,23.5264462868024,24.5968405329011,24.6066310567627
"Q63HN8",2,1,2,2,2,2,0.241145647802938,0.401938781613811,24.2972017497854,23.0234508956242,24.4322679872206,24.3160380604768,24.4675701640196,24.4988060909341
"Q9Y4E1,Q641Q2",4,2,3,3,3,4,0.067250533043615,0.179413410377176,25.0687944338088,23.3890437262231,23.3857017897043,24.8155715917074,25.0331214758723,25.3314766132648
"Q659C4",1,1,1,1,1,1,0.844236579370182,0.895884455707553,22.0777766296431,22.4794986771687,22.3893773917723,22.7066237602319,22.2298636299742,22.1362442472618
"Q66K74",2,2,2,1,2,2,0.36695078180242,0.519884927510136,23.2131355957241,23.6016656551591,23.7878449035051,23.3645615750881,23.9728021186277,23.9756008010978
"Q66PJ3",2,2,2,2,2,1,0.327491383772581,0.487603032888549,24.1047253469483,21.8660628389481,23.0726440721233,24.4263862828656,24.2648771704964,22.6677507067653
"Q68CP9",2,3,3,3,3,3,0.377256966658682,0.530205262445135,24.2177509441578,25.114065455598,26.2716895617903,24.7756093622333,27.7186551123561,25.6529061252147
"Q68CQ4",3,3,4,3,3,4,0.240142674154771,0.401574729394811,24.4358712843123,24.8033757304412,25.0261115846729,25.0343638193766,24.8079429085716,25.205242249577
"Q68E01",4,4,2,3,3,4,0.303677441831411,0.463181708336643,25.4635624744131,25.0071765106213,24.3779679181538,25.5363725275817,25.1831740002474,25.1432686328623
"Q69YH5",1,1,3,2,3,3,0.810861667409712,0.874187442362805,23.1968561611006,23.2297999900218,23.7151690666802,23.433530719885,22.8012491775433,23.6964867587738
"Q69YN2",4,3,5,3,4,5,0.961545226022436,0.974793182469856,25.1173089571062,25.0546909246232,25.3928737183006,24.6733237510757,25.353064056975,25.5781036328211
"Q69YN4",4,5,5,6,5,7,0.132886687852709,0.280531730672863,24.9162635216618,25.6716421874681,25.2864750037741,25.7131421525701,25.4328101443889,26.1413311012596
"Q69YU5",1,1,1,1,2,2,0.759221896681909,0.840060706442607,22.8863931636409,22.6876176299805,22.7733807080405,20.4048142535832,25.0001945818476,24.0766215155656
"Q6DKI1",1,2,2,1,2,2,0.536070571958464,0.668460605690375,23.6763732560977,25.1360855551996,24.7832097011868,23.1032027661775,23.9405271268661,25.2705165137742
"Q6FI81",8,9,10,9,10,10,0.610286174465706,0.725839423255597,27.8613243063764,28.1349252038374,28.0638132931837,27.787703023314,28.4312221058672,28.1589769185202
"Q6GMV2",2,1,1,1,1,1,0.405935165916703,0.556007183574786,25.2821669462217,23.1680048890744,21.4895284183037,24.3679825988712,24.1241604972195,23.9398671088104
"Q6GMV3",2,2,2,2,1,1,0.860367227037766,0.906674818606212,24.936671316011,25.2455607993165,25.064613635833,25.1234276420135,25.1930245369179,25.0034175945204
"Q6I9Y2",4,4,6,3,4,4,0.119498947356766,0.262851590087543,25.1098436803491,25.2999912704098,25.7084009963793,24.3854296086427,25.0890068938085,25.1550224127559
"Q6IA86",5,7,7,7,6,8,0.529261700225076,0.66377124444115,26.064777132621,26.4223426717972,26.5332077090531,26.5288383097228,26.0749103150753,26.934911472048
"Q6IAA8",4,2,3,4,3,3,0.241034712155092,0.401900715223512,26.1864301888595,24.9571686974623,25.2602109755265,26.0133950890802,25.7975619745922,25.8797989703787
"Q6IBS0",4,6,6,4,5,5,0.14583021388915,0.295285146809722,27.2089908779605,27.4724648063845,26.9545421489192,27.4018682447511,27.5688631912711,27.4937528632078
"Q6IN84",2,0,2,2,0,1,0.200870412413233,0.359643179524791,23.8631201511533,NA,23.5859024917349,23.59203462843,NA,22.5325713441455
"Q6JBY9",2,2,3,2,3,3,0.770294419379896,0.84819868955909,25.2067296656377,25.0485596753517,24.9720960272911,25.068128237913,25.347221396193,24.9505287159919
"Q6KC79",2,2,4,2,2,4,0.168503125017575,0.323667897402179,23.2813235301124,24.0600167558907,24.1132042999121,23.4955014430406,25.1101922236991,25.6559079671003
"Q6L8Q7",2,1,2,2,1,1,0.759418792570705,0.840074813702124,24.8236597338982,23.702369502896,24.6581084194919,25.1293306955208,24.1012323867112,24.3413158112572
"Q6NV74",0,0,1,1,2,2,0.00533606973410013,0.027852574515978,NA,NA,23.7936699476337,25.042109456809,25.1598026719184,25.4399724528718
"Q6NVY1",3,3,4,5,3,5,0.527178331643931,0.661983911081644,25.0020732312991,25.3452190424634,26.3688830642238,25.4412184499354,25.9212893025739,26.1557172909182
"Q6NXE6",3,2,2,3,2,2,0.986220844329755,0.991436644299767,25.66948716011,25.1846140803795,24.2073572991992,25.8364143216116,25.1742054346471,24.0814799880217
"Q6NXR4",2,2,3,2,3,3,0.213839267303825,0.374521922284052,23.5151678417441,22.8153672675453,23.9941623617838,23.434216397288,24.1179690661226,24.3761286880275
"Q6NYC1",2,4,4,4,2,3,0.677520130660771,0.779729272470846,24.7462552302126,25.5416617299045,25.7625681270978,26.1186831104073,24.8967043376843,25.5652781308486
"Q6NYC8",1,0,1,2,2,1,0.359403776649847,0.514465023243364,23.4766205230781,NA,23.3330752001932,23.7640953742163,24.3671330383209,23.2034393003456
"Q6NZI2",6,6,7,7,7,6,0.142340036797427,0.291168017576483,27.2948776490927,27.5329552803724,27.6411661775723,27.9416148389079,27.7769008108986,27.5632810348384
"Q6NZY4",7,7,10,9,9,11,0.0161730750050055,0.0644943777734574,26.9797831397847,26.7040713965001,26.9078305866222,27.3628636744625,27.1768251502278,27.4021757342861
"Q6P1J9",4,5,4,4,5,3,0.404100453346888,0.554437975389024,24.8726604176367,25.3115881273978,24.772335960605,25.5011676726495,25.5980879412048,24.6664681514821
"Q6P1L8",3,2,3,3,3,3,0.150620754927007,0.301295019234676,25.1892325286863,23.9453603336086,25.2596699648798,25.4272101450788,25.5617789332618,25.2753034771297
"Q6P1Q9,Q96IZ6",2,2,1,2,1,2,0.536292375455233,0.668460605690375,24.0867123568435,24.3230629750383,23.4264417160074,23.4381452996739,23.2549426115372,24.3894986407544
"Q6P2E9",20,19,18,21,19,19,0.0815905189842281,0.203507899183187,29.2012819422591,29.0094860831135,28.7977024741841,29.6290425745917,29.2350598415132,29.2530635742696
"Q96GK7,Q6P2I3",4,2,3,3,4,4,0.201126107946196,0.359818550764921,24.9156483436094,24.1669522111431,24.6321497020883,24.3202373437173,25.572452349867,25.5816461304044
"Q6P2Q9,P33334",54,54,54,52,54,50,0.517250985592998,0.655205925753821,30.7179437409026,30.8810723588294,30.8286566842948,30.9086094888231,30.8061680955377,30.9451416537132
"Q6P3W7",5,5,3,5,3,3,0.894268953366465,0.929518105549741,25.0859379266731,24.8888596854959,24.526577138077,25.1954466754613,24.5755705803719,24.8244995876434
"Q6P3X3",2,3,2,3,5,6,0.000875881454093746,0.00745544090967692,24.8460561336759,25.2023192535997,24.9408649127426,25.844651006663,25.978223986345,26.21878052675
"Q6P996",2,2,3,2,4,4,0.24442210696697,0.404738167689045,24.1890204206775,24.3698446191588,24.5909290586068,24.0211298043793,25.2739761734731,25.3568884672486
"Q6PCB5",1,1,1,1,1,2,0.0369642085843622,0.11892152296323,21.8191713213788,23.2224721598906,22.5982983484863,23.2830062294735,23.680508912938,23.6728695563055
"Q6PD62",4,4,4,3,4,5,0.33494809575537,0.494289212612074,25.4306060334611,25.588187798088,25.6770053595862,25.625930700898,25.5825365060553,25.9816569522718
"Q6PD74",5,4,3,4,4,5,0.231745242055922,0.392873204852887,26.3670961835699,25.8990985877931,26.2475342288211,26.4612480208946,26.2177773462388,26.5246597408111
"Q6PI48",5,6,6,4,4,6,0.888513745429093,0.926761056129255,26.2674560463832,26.2838614895311,26.3019427141461,26.174947403017,26.2542670343575,26.375453787024
"Q6PJ69",3,3,1,2,3,2,0.270336368187583,0.429413130804928,24.3874448814804,24.0614336633321,22.890283834138,24.7597017977096,24.877285695846,23.6003581100835
"Q6PJG6",3,4,3,4,2,3,0.891429674603611,0.927835312694883,24.6058598448021,25.0198404802126,24.9902181473491,25.6614058228699,24.3955641476021,24.7090492032522
"Q6PJT7",6,6,7,6,6,7,0.50630211726308,0.64761531875653,26.0835664975908,26.3649759662613,26.32746448976,26.1908012323847,26.3164808339429,26.6117311417122
"Q6PKG0",13,15,13,17,14,15,0.092504308509069,0.223242796077887,28.4450661307957,28.4583161970192,28.0765402020979,28.6225587242983,28.7428232256584,28.5355895680742
"Q6PL18",3,3,4,3,3,4,0.355169830011975,0.510322902174369,25.4382290382776,25.0896223319736,25.4634027022813,25.7336914530217,25.2119096421082,25.63076981855
"Q6RFH5",6,6,7,7,6,6,0.185690673651263,0.343261031893917,26.7567979546678,26.9795628586522,27.2628679976261,27.4396604237183,27.1566027766629,27.1878259116789
"Q6S8J3,A5A3E0",1,0,0,0,0,0,NA,NA,23.2158699313017,NA,NA,NA,NA,NA
"Q6SPF0",2,2,1,2,2,1,0.862308859640489,0.908091647663876,23.3913439798059,23.6976390527202,22.9808901649985,23.9169518809018,23.7630205823468,22.6067273509152
"Q6UB35",7,4,5,5,7,6,0.0479427746270556,0.142764319744535,25.5415908294866,23.6184160357383,24.5151894274993,25.7445786311012,25.877285695846,25.6412015742322
"Q6UN15",10,10,9,10,9,9,0.162414159570146,0.316463264233145,27.9989064829267,27.7259035477571,27.7733259618399,28.2177705260001,27.9475533605718,28.0031026410769
"Q6UVJ0",0,0,1,1,2,1,0.721859055072833,0.810700001082287,NA,NA,21.9137342885323,21.4955871366666,23.750946739671,21.7185557162114
"Q6UWE0",1,0,2,1,1,2,0.00285610000844273,0.0171035317045071,23.9670239090694,NA,24.8675667164085,26.0128713116468,26.111609316709,26.2862001437726
"Q6UWP2",2,3,3,2,3,3,0.521547596678334,0.659085910262205,24.6526959766736,24.9380126808271,24.7292187105499,24.4467691340886,25.2194651064135,25.1417926543808
"Q6UX04",1,3,2,2,1,2,0.811117329182496,0.874187442362805,23.023672143119,24.8101342837204,24.6403005432091,24.8607906053697,23.2687946596286,24.8358626968565
"Q6UXN9",5,5,4,6,5,5,0.0241671540526522,0.086471024931921,26.5185479450683,25.9350205978223,25.632660481007,26.7480746203789,26.6726099230286,26.8923172014565
"Q6UXV4",2,0,1,2,1,1,0.947715291268144,0.965708545625479,23.7200115209599,NA,22.863473872115,24.242458808864,22.7822970911841,22.7299168208543
"Q6WKZ4,Q7L804",5,5,5,4,5,5,0.381091345290981,0.53345772237418,27.584473861876,27.2424411202095,27.4507528634792,27.3372918832968,27.7867658111852,27.6367026303616
"Q6Y7W6",6,4,4,7,6,6,0.00349872540042329,0.0200014853091868,25.795570343669,25.5248894309406,25.4001738120685,26.2138151881242,26.2165266923096,26.3837035508415
"Q6YN16",4,5,4,4,3,2,0.773266439589298,0.850073358831163,25.605414872655,25.851775043022,25.6381977751568,26.1528175048009,25.6209228009264,25.0603074136325
"Q6YP21",5,6,6,6,6,6,0.0404176950316097,0.12663840984492,25.892022925081,26.0613097394705,25.934909526188,26.2342655353091,26.2390687504767,26.2686243214921
"Q6ZN17",7,7,7,7,6,7,0.677405333910301,0.779729272470846,26.532742109964,26.6716189932005,26.772062010493,26.817429537928,26.3631131454827,27.0674383907147
"Q709C8",1,1,0,0,2,0,0.0341481179427097,0.111833247706132,25.5791098362376,25.7153213302807,NA,NA,24.7558488270819,NA
"Q70CQ2",1,1,0,2,2,2,0.00223404314784988,0.0143141921917011,21.3820812009829,22.1801862351101,NA,23.6484897060069,23.3050685932852,23.7269274304203
"Q70J99",11,10,9,7,10,10,0.0261901037981336,0.0920487315308826,27.2295551609235,27.0852931743535,27.3936136111132,27.7840534007229,27.478759671018,27.939166271389
"Q71RC2",7,8,7,7,7,7,0.603609773173092,0.721837987113286,26.4553848563064,26.6711550295236,26.4535808399851,26.0610522958965,26.7196311992048,26.4736544243249
"Q71UM5",4,4,4,4,4,4,0.246204768240898,0.406158982623328,26.4361215318699,26.1952374216055,25.6261228053246,26.0984428638602,26.6264681013805,26.5482488567853
"Q76FK4",5,3,3,3,6,5,0.54756557837443,0.678488947818582,25.0031835723648,24.3661803389678,24.1197113117718,23.922380554964,25.4603586153659,24.9655824782951
"Q7KZ85",12,14,15,14,15,13,0.913063884523896,0.94206540899076,26.7414466995587,27.1119474117771,27.1931983754415,27.0241279608731,27.1561450688415,26.921963778991
"Q7KZF4",33,34,34,34,32,37,0.344101319916204,0.502072055088579,31.7164728224897,31.7161888174199,31.6113950962737,31.7769558753757,31.7399435748497,31.8586412025976
"Q7L014",24,28,26,22,23,29,0.441958429355489,0.591091865939531,28.6362672584508,29.3117778922911,29.3082275490393,28.9175649599975,29.4152687396814,29.5946883683935
"Q7L0Y3",8,7,7,11,10,10,0.0120160657054365,0.0514970704887285,27.2841939013916,27.2542601820115,27.1005715724949,27.8989233238532,27.7432422981213,27.5303112808593
"Q7L1Q6",6,6,6,7,7,6,0.125394554344343,0.270985294608664,27.2532835598051,27.028197633903,26.8266541906589,27.2608933553813,27.4562560126818,27.2236722075257
"Q7L2E3",13,15,15,16,18,14,0.452438789848735,0.601055841377382,27.6513571341581,27.9046251579543,27.8043125356897,27.7606231823095,28.2299854182353,27.786372262291
"Q7L2H7",9,11,11,10,11,10,0.834807605708683,0.890227278457927,29.1445764182659,28.7237798823899,28.8954288787197,29.1811933153528,29.1133433608257,28.6052528113132
"Q7L2J0",6,6,4,6,4,5,0.860332990049883,0.906674818606212,26.6302493294791,26.4435521144693,25.4872965138717,27.1228961051451,25.6968393343316,26.0047579174261
"Q7L4I2",3,3,3,3,3,3,0.324745915236961,0.485098515164053,25.4784961832005,24.8346206158336,24.0595113827121,25.3861231194249,25.0591086722989,25.1102166945698
"Q7L576,Q96F07",7,8,7,7,7,7,0.481403747113393,0.627654728302743,26.287882798245,27.10689598337,26.3267472662599,26.4979274602991,26.308717986381,26.3546285612608
"Q7L5D6",1,1,1,3,2,2,0.0111864000581105,0.0490695741010577,23.7605425808645,23.2988204344039,24.6896903463632,25.4098852431306,25.0445917923455,25.3507370557731
"Q7L5N1",6,6,5,6,7,5,0.213027027606166,0.37421271031047,26.6089549576636,26.673704985269,25.4410430463168,26.574631095823,27.0792865542365,26.636309614684
"Q7L5Y9",2,1,3,2,1,2,0.514264322756173,0.653207075704672,22.786929249897,23.4450455174587,24.5634290227464,24.2325527308328,23.3202485984833,24.322286717882
"Q7L775",1,1,2,2,1,2,0.0549753495549363,0.157338484736273,25.5932843388358,25.4797424410009,26.0065040813487,26.3862001556038,25.9572278640595,26.1470623416112
"Q9H8S9,Q7L9L4",4,3,4,4,4,4,0.113671901049777,0.252838231393995,26.997817062615,26.4593578177431,27.1071858027048,27.0512233486677,27.2972231712223,27.4083269775904
"Q7LBC6",8,5,4,5,6,5,0.500270356233247,0.64324502963249,26.1573445575776,25.196366404602,25.0518587286715,25.545955128456,26.0029207108055,25.5687698430392
"Q7RTV0",5,4,4,4,4,4,0.83474378120526,0.890227278457927,27.1286561425762,26.9393811783533,26.8364626334835,26.7521002544876,27.0686250039019,27.190951432163
"Q7Z2T5",4,6,7,5,5,6,0.946752192949734,0.965351805301036,25.6136247230059,26.6343792650871,26.4324013416637,26.0303767717405,26.4010408199724,26.310445463224
"Q7Z2W4",13,17,14,15,15,17,0.307494494253806,0.46681526564667,27.6166874692831,27.9485512371077,27.8288846402177,27.8728397603055,27.8520880165619,28.204800558657
"Q7Z3B4",9,12,9,11,10,10,0.249202605923965,0.409827789554841,27.760157133165,27.9091571364058,27.7110416835856,27.7901067265106,28.0274895752943,28.0730636961524
"Q7Z3K3",5,6,6,3,3,6,0.634499662215555,0.743913508621002,24.8505690924609,25.3768608831124,25.3825027857415,24.5400124160817,24.9713979345221,25.6219040079701
"Q7Z3U7",1,2,0,1,2,2,0.81575674003764,0.877708077370687,22.3421668314319,23.5613742222467,NA,22.7026948295521,23.3580237222574,23.1113332265501
"Q7Z406",1,1,2,1,2,1,0.0866442677415153,0.212969369308617,25.2682995750322,25.2307133572859,25.402762339679,25.7555631780106,27.6084635841998,25.7787953137558
"Q7Z417",9,10,9,9,8,7,0.626937212188602,0.739422844365151,26.9372270829005,27.4534340895812,27.2328628597884,27.4388250741683,27.0033279138822,26.8469558593169
"Q7Z434",3,4,4,4,3,4,0.795688007614574,0.865092633636246,25.025070218737,25.3065185005152,25.1274745933788,25.14512202338,25.1029433179129,25.3187314724339
"Q7Z460",6,6,6,7,7,6,0.194985857226841,0.352287319076773,25.8031292670582,25.8297232257038,25.3554430132217,26.1850784804179,26.1116801348341,25.6405224007589
"Q7Z478",2,2,2,2,2,2,0.0301678843198325,0.102248059633786,23.4611052691946,22.7493324000936,23.5656192388053,23.9226992534758,23.8529779020628,24.0808639452941
"Q7Z4H3",8,9,8,7,6,8,0.312803992040175,0.471739441880092,28.0302062486351,27.8813982981187,27.6089046542181,27.7364285134405,27.4002486664692,27.7990688129793
"Q7Z4V5",3,3,2,3,3,2,0.487532004001551,0.632571388582217,25.1119485953366,24.9682015153565,24.5095880930688,25.0003439236972,25.5505384485232,24.6647734307622
"Q7Z4W1",4,3,4,4,5,5,0.444750916461638,0.593782171758266,26.0181856525021,25.7203755021625,26.0126712493841,25.7287182061272,26.4070739434016,26.1286826333298
"Q7Z569",2,2,2,2,2,1,0.192632367300476,0.349666643632713,24.0499038561395,24.3634260082464,24.4021360694918,24.1089836191072,24.1560992900717,22.7845479622422
"Q7Z5K2",1,2,3,1,3,4,0.133138778877592,0.280804026463048,22.3238912110247,23.6884065042381,24.1597606179197,23.4990677054016,24.8216304898211,25.1794339560396
"Q7Z5L9",5,5,4,4,3,5,0.773692077642669,0.850297099061878,24.5237378648491,25.1608513143991,24.1972221058842,24.9018898910168,23.8315823322326,25.6001700370191
"Q7Z6E9",3,5,6,6,6,7,0.213346392354412,0.374340862277242,24.4885276706613,25.4664343339341,25.8123175666579,25.5554744999792,25.8054641256634,25.8993003454995
"Q7Z6M1",0,0,1,0,0,1,NA,NA,NA,NA,24.0227853627525,NA,NA,NA
"Q7Z6Z7",30,29,34,35,31,34,0.0929113499059514,0.223839487088351,28.5636416779159,28.3296191842656,28.6147922523374,28.839856677855,28.6586050164139,28.8033638122735
"Q7Z739",6,6,6,6,6,6,0.0553060637126321,0.157987640987494,25.3196967197229,25.4218187623148,25.5381731073151,25.5498116834418,26.0247719153268,25.8681979649366
"Q7Z7A3",2,1,1,2,1,2,0.0665009435575713,0.178247534964536,23.9097910317187,22.6217044830134,21.8502470877438,24.4575135969297,23.4394232670125,24.4343769899783
"Q7Z7C8",2,2,1,2,1,1,0.801002691853852,0.868271209132894,24.2703460936171,22.5137693754464,22.7441645756516,23.8954636218573,23.0786297564079,22.9735114283602
"Q7Z7K0",1,2,2,2,2,2,0.23322861515575,0.394483922458364,22.6009065663771,23.8177000016582,24.6180553932982,24.0257854208279,24.353862581953,24.7807881178521
"Q7Z7K6",4,4,4,3,3,3,0.781839476518267,0.856774367493715,25.5358645205187,25.28763470925,24.7930054174327,25.6267133741462,24.8217459331308,24.9094410555929
"Q86SX6",2,1,1,2,2,2,0.212522044210929,0.373756964414131,26.6879626829935,25.1789792454859,25.5388669013162,26.5464205278579,26.0855016504345,26.5028359679702
"Q86U06",1,1,1,0,1,1,0.570926709103076,0.696967526606431,19.4403263420189,21.1942302685526,22.0814874543974,NA,21.245059689778,21.5520820334956
"Q86U38",1,1,2,0,1,2,0.995554117173807,0.997522047561368,22.2473064597851,23.2412226145097,23.3757506041987,NA,21.9891149112805,23.9285270521709
"Q86U42",6,6,7,7,7,7,0.0618727588501456,0.170243381106372,28.916910457196,28.2450153422204,28.9320357715031,29.247227421046,29.3573160994695,29.0555582670239
"Q86U44",2,2,3,3,1,2,0.58544454007573,0.708817715670911,24.2153368091964,24.0467009005126,24.6279172168655,25.1114087875236,23.0830477186112,23.7838668030979
"Q86U70",1,2,2,2,1,2,0.554493459443544,0.683603618079088,22.8752782415704,24.3511977506199,24.6097303658049,24.9930784650361,23.3269334909506,24.7016551064473
"Q86U90",3,3,3,4,4,4,0.00154438230217859,0.0110777862618534,25.3710468515411,25.025985884202,25.1101064923932,25.8820329896646,26.1948751895845,25.9996947184762
"Q86UA1",2,1,1,2,2,0,0.11031662555108,0.249635141748029,23.5745704045758,21.9019999581545,22.1193270189061,23.7784882317518,23.4792391170018,NA
"Q86UE4",3,4,4,4,3,4,0.917159963476253,0.944024556595935,24.9222478005268,25.5428287742288,25.5109778389049,25.1091236435374,25.0384459061419,25.9289549865142
"Q86UK7",6,6,8,7,6,8,0.729537354233782,0.816723781598654,25.7328147744326,26.3510674121282,26.4598745300502,26.1430264730454,25.8753405012438,26.2701956916127
"Q86UP2",13,14,13,12,11,12,0.460741755612584,0.608514593829792,27.3855024804267,27.3058312396271,27.3550913336644,27.2177164164814,27.1918638811507,27.3729869292927
"Q86UV5",5,7,7,7,6,6,0.0158109512873038,0.0635502729274711,26.1341532236526,26.0348847384546,26.1239780287823,26.6992420152944,26.4939799963561,26.3911612063735
"Q86UX7",18,17,16,16,15,17,0.70839509728984,0.802308449313865,29.7230801772705,29.7672449741527,30.5844211035474,29.798669170658,29.8464251074083,30.8905743601483
"Q86V81",5,5,5,5,5,5,0.100736874563779,0.235069883253176,29.3194302828626,29.2991282461844,29.2416790070717,29.5557014071479,29.5090951893366,29.4182480958532
"Q86VD1",2,2,2,2,2,1,0.00174934383180194,0.012055145862055,30.1482905537256,30.2159063741095,30.147364221695,28.87753959969,29.4609655889235,29.2785139684704
"Q86VM9",7,6,7,7,7,7,0.424499215011329,0.574478023993379,27.0047028715695,26.7150287696886,26.9148151635822,26.8785324957526,27.0386445697392,27.0543575016227
"Q86VP6",22,22,21,22,20,20,0.0963026207172739,0.229536340497494,29.7587107864242,29.6185243276585,29.5869391581571,30.1002255589871,29.8942946838869,29.7717599759654
"Q86W42",4,5,4,5,5,5,0.266690353558837,0.425845779816386,26.3704670991754,26.7674077667402,26.3994918479618,26.6318066705229,26.6778169454576,26.7812858890678
"Q86W56",3,4,5,3,4,4,0.166255222263653,0.320738397113253,24.723003265667,24.7656703647047,24.890229465649,24.3690743681435,24.5340403175513,24.7796022565671
"Q86WB0",6,6,7,8,5,7,0.566781983505867,0.694074794168949,26.0048233823695,26.5225765955026,26.3140798928266,26.5690600859197,25.9646178499113,26.7797446113988
"Q86X55",7,6,7,6,6,6,0.784763606862726,0.858947114805123,28.7126967344917,28.6631864072285,28.4567638962176,28.4876603979427,28.6840295535927,28.551031565799
"Q86X83",3,2,3,1,2,3,0.471058577026478,0.618579070994806,24.451092878888,24.30499413207,24.8720177196147,23.5391119654424,24.4671274158066,24.7934866919262
"Q86XI2",3,2,3,3,2,3,0.0104662072752447,0.046673350527533,23.7848871865962,23.6191859350513,23.7596375887446,24.6444376408578,24.1519732408746,25.0276746221702
"Q86XP3",17,18,18,17,17,19,0.694223345113559,0.792791508129767,28.7540404475754,28.6644981470136,28.5648165456079,28.6061584473635,28.6497722447306,28.8906430157764
"Q86Y39",2,1,2,2,1,2,0.260218730544068,0.420218707519306,24.2145867727663,23.4365532875807,24.2398438899298,24.9414837860812,23.5722808230337,25.1911119902891
"Q86Y56",7,8,11,8,9,12,0.24879985739837,0.409313000162772,26.7224317939274,26.2471648062089,26.830504622187,26.802065534115,26.7015520773915,27.0729668937206
"Q86Y82",3,1,0,3,1,1,0.906861924444533,0.938544487140644,25.7225343824482,24.971031402837,NA,25.8369498693192,25.0119286237687,25.0528269154807
"Q86YP4",9,7,7,8,8,7,0.0185485147129145,0.0715891067007749,26.7221386436646,26.6155734758375,26.771324193835,27.0664466349774,27.1273630330367,26.9955128429703
"Q8IU81",2,5,3,2,4,3,0.51508266397653,0.653647801194729,24.089078624789,25.5256595528668,24.1999819250728,24.4397346536091,24.9783534468608,25.3400292413758
"Q8IUE6",1,1,1,1,1,1,0.947153590646085,0.965351805301036,27.2348048864611,27.2352401534495,27.0271538731682,26.9810404870229,27.3816731459195,27.1030480792987
"Q9BRT8,Q8IUF1,Q5RIA9,Q5JTY5,Q4V339",1,1,1,2,2,2,0.00180021798674098,0.0123127353156107,22.2185658429051,NA,22.72497461709,23.9949992954083,23.7766626244954,23.6906438409086
"Q8IUF8",3,2,2,4,3,3,0.609106907085327,0.72514240869605,24.3641871259188,23.8699817561497,28.2080740734034,25.0519033611566,24.4349625473828,25.0719403884159
"Q8IUI8",4,5,4,5,4,4,0.103097377541846,0.239101415501138,26.2151909993149,25.6086363246471,25.2417931488528,26.3520189511399,26.0895103727932,26.1623019942019
"Q8IV38",3,4,4,4,3,2,0.976314390554975,0.984379769237225,24.8852834223299,25.3760355345367,25.1857500733346,25.3269148232748,25.2516129747242,24.8864022105689
"Q8IV48",1,0,1,1,0,1,0.597666645353783,0.718081442218583,24.1621286149588,NA,24.2035493137126,24.5609786927618,NA,23.2109191740015
"Q8IVD9",1,1,2,2,2,2,0.0437469320323019,0.134139603178916,22.8079661658941,22.674436685436,24.7991406736777,24.9403824720868,24.6326832487794,25.4697185707604
"Q8IVM0",1,2,2,1,2,1,0.391248039908436,0.544999559713674,23.3274107341625,24.1318432226799,24.4226876284328,23.0911552956104,24.4076893291922,23.0796619048341
"Q8IVS2",1,1,2,0,0,2,0.0692635986422441,0.182964989580728,22.365178741224,22.7076637360298,22.0700407943594,NA,NA,23.1890769325422
"Q8IWA0",10,9,9,10,8,8,0.142086607382651,0.290862110504068,27.0472149865195,27.1284335921163,27.2055013815569,28.7612544368256,27.3459978467874,27.3505613715305
"Q8IWJ2",3,0,1,2,3,3,0.526539279630667,0.661857431501565,24.3484710090209,NA,21.1250410891753,22.9882956206756,23.9990720604506,23.2935299112596
"Q8IWS0",4,4,4,6,6,4,0.0230944778721608,0.0837499218928455,25.9225285028378,25.4862452458625,25.7951847625214,26.0436975612846,26.3939539642423,26.3769757911672
"Q8IWV7",0,2,2,2,0,0,0.388008136220074,0.541312879949841,NA,23.2171424685695,23.5190623016207,23.6405033380645,NA,NA
"Q8IWX8",11,12,11,12,11,9,0.647979999136175,0.755259263173027,28.10838635589,28.2041885234405,28.2338578483173,28.2173917167447,28.1799242678391,27.9734865366403
"Q8IWZ3",6,6,6,6,7,6,0.192768875216193,0.349666643632713,25.5556763374604,25.8850638008782,25.6117101475871,25.8898238505701,26.0725110534997,25.7580161097449
"Q8IWZ8",2,2,1,2,3,3,0.0492878551710842,0.146007269669147,23.5869874369314,24.0570367129427,23.2685708007065,23.834439533903,24.9273371075347,24.9197263082295
"Q8IX01",5,5,5,6,3,2,0.350664192166894,0.506230646939257,25.1077805727173,25.1043034770502,25.4223922500719,25.5447823458118,25.0071652427697,23.3789504330036
"Q8IX12",11,10,12,11,11,11,0.799657915977064,0.867341752897614,28.0972962252651,28.0362814982342,27.9215285962925,27.5543094333778,28.2529620184016,28.0835283626911
"Q8IX90",7,7,7,7,8,6,0.20878470947278,0.368747907322811,27.5846351199146,27.6700525174226,27.3778432846571,28.1312508933936,27.7974445797112,27.5188438441706
"Q8IXH7",4,3,5,5,4,5,0.120174750749926,0.263539310651155,25.6525113825922,25.0503447032215,25.7715772020561,26.0717490349732,25.8250609838866,25.7980150244028
"Q8IXI1,Q8IXI2",8,8,8,8,9,10,0.101411725240721,0.236282068717146,26.897796938072,27.0330804672829,26.8310104937307,26.9404349346785,27.3637475673114,27.6116645029888
"Q8IXK0,Q8NDX5",3,1,3,3,3,3,0.0877865706031563,0.215197385863299,24.4584326992521,23.199233273726,24.5461809602815,24.6359753043576,24.9635719260312,24.9979622409116
"Q8IXM3",2,2,2,2,2,2,0.179862205447335,0.33642123052511,24.385743110073,24.5035483558193,24.2792865843678,24.9065700401165,24.4434651687872,24.5595411032811
"Q8IXQ4",2,2,2,2,3,1,0.121177104524703,0.265236176668163,23.1376480856205,23.3424826399028,23.3854813963277,23.1246194213856,23.1234301656692,22.8652182366132
"Q8IXT5",8,8,7,7,8,6,0.484609742587344,0.630753108611545,26.8076954183162,26.8182658342824,26.780467511167,26.7560103635411,26.8918741260654,26.4100752901041
"Q8IY22",0,2,2,1,1,2,0.484804091887517,0.630826088759513,NA,23.763278015404,23.9580848735259,22.1300024805065,23.5991995853285,24.3197434891359
"Q8IY33",2,3,1,2,1,2,0.464733841232021,0.612042662731086,23.8383407357611,24.8522867422566,21.9036735701079,23.997825339487,23.7788048877777,24.5936259698186
"Q8IY37",2,2,2,2,1,2,0.91719495609897,0.944024556595935,24.1852822063606,23.6275321676289,23.450344651078,24.0322978368312,23.0774699714902,24.0427790172326
"Q8IY63",1,1,1,1,1,2,0.438653060103459,0.587877573499407,23.6117586303079,23.492456281572,23.1942682738784,22.9485332245369,23.3607752733169,26.0356042747345
"Q8IY67",14,14,14,15,13,14,0.100412401126021,0.234672835008661,28.3766360415663,28.4352081873119,28.21715864473,28.9079389356896,28.5793991733822,28.4674815143657
"Q8IY81",15,11,13,16,14,11,0.399587017774519,0.550896335777381,27.8379755256155,27.4206875721424,27.9411086159797,28.2160921865194,27.7568151736937,27.7902047502982
"Q8IYB3",4,5,6,4,5,6,0.305292174874661,0.464514000213891,27.5183960104632,27.8093333602158,28.018829928284,27.8644311374675,27.827937457855,28.3873048532853
"Q8IYB5",2,2,1,2,2,2,0.163231582488239,0.317229594413773,24.6673265938301,24.580919797624,23.0128317797195,24.953491087504,24.6987262793286,24.8313373439374
"Q8IYB8",9,9,8,8,8,9,0.779911406642118,0.855483490526892,27.0563135138614,26.9120560392939,26.3645567203512,26.921424036798,26.855827489846,26.7372509175559
"Q8IZ69",12,13,12,11,10,14,0.411134317633109,0.561387236468794,27.4925895667573,27.5266857430343,27.5143707699104,27.6191624612707,27.3874367048876,28.0068572831703
"Q8IZ73",5,5,5,5,5,5,0.41453418367455,0.565521813972278,26.1009873845833,26.3036627287783,25.9939816702964,26.5364419446554,26.4216189067655,25.9527820883599
"Q8IZ83",1,2,1,1,1,1,0.378864915279394,0.531319318630371,23.2843130454084,26.3455679971634,25.8723323149856,22.9083734896636,23.2279833069573,26.0587635776552
"Q8IZD9",2,2,1,2,1,1,0.508137645453826,0.648607705249119,24.8022975028144,24.8417295383433,23.2831958478633,24.6453390838298,23.6248315585083,23.5346198118473
"Q8IZL8",13,16,10,13,15,12,0.670497079544764,0.77398979678219,28.1540340666298,28.5832026898575,28.260165899054,28.946847214,28.6621552744583,27.8167508313043
"Q8IZP0,Q9NYB9",2,2,2,2,2,2,0.130763484720913,0.277332876474573,23.7655582766401,23.9827819081551,24.3602454013587,23.9838430742972,24.7569962916453,25.0426999329491
"Q8N0X7",3,3,3,4,4,4,0.996405750749449,0.998156134149975,25.0142881222804,25.5064901618898,24.8439809798881,25.0426960374395,25.0129906375178,25.3061363055723
"Q8N108",2,2,2,1,2,2,0.745198263124944,0.829776538046374,23.1323982004473,23.4801133069542,23.1408218928007,22.0126318071848,23.556551207129,23.7018053637031
"Q8N122",1,1,1,3,1,1,0.679657526806043,0.780613705259106,22.5611804823038,22.8498863257596,23.9986362858681,24.2928853122599,23.317565944256,22.5402325447315
"Q8N163",15,16,17,15,16,18,0.102153833772623,0.237647011560789,28.7875233736689,28.7230806244148,28.9745523654507,28.9596516105804,29.0691113329275,29.2713393496844
"Q8N183",2,3,4,3,3,4,0.626185485691371,0.73872722671943,25.0213104096507,25.2873017295604,25.696280039508,25.0534564728729,25.4656136667284,25.9238972548768
"Q8N1F7",20,21,21,23,20,20,0.282663057699132,0.443434961906272,29.5874542217485,29.5213544358657,29.4973416873938,29.7707824620968,29.6741532246825,29.56331549096
"Q8N1G2",3,4,4,5,6,5,0.0662068271750457,0.177949421676644,26.5081117571248,26.6973656683197,26.2231679839204,26.8111314247607,27.2883744889762,26.7441978046707
"Q8N1G4",13,13,13,14,14,15,0.0753423003522727,0.193313596291939,29.1767019318976,29.0690742164087,28.9894479488383,29.2918062775427,29.2810726036864,29.3980860443243
"Q8N201",2,2,3,3,3,4,0.024664642393073,0.0878377038229501,23.6556462743089,23.8540456029034,23.5208694355199,24.4014490726659,23.9143502048281,24.4058849980803
"Q8N2F6",1,2,2,2,2,2,0.215999174634558,0.376677459741152,21.5970493297618,23.0919813779179,23.1714403444241,23.642181566121,22.9807231099183,23.1883621963171
"Q8N392",2,2,2,2,2,3,0.0605594836522905,0.167765578204101,23.2931972389704,23.7698799550984,23.5597712573854,23.8152283244557,23.9793369673157,24.638692265995
"Q8N3C0",1,2,0,0,0,2,0.7277798200781,0.815156282640877,22.4536943171139,23.7198820967307,NA,NA,NA,23.3549470721443
"Q8N3D4",2,2,2,1,2,2,0.0937319492582397,0.225055343429521,23.5063423304648,24.2617060874337,23.7856753113868,22.4761766495771,23.4843092848149,23.4870553852797
"Q8N3U4,Q8WVM7",4,4,4,4,4,4,0.0500366316314264,0.147650138099979,24.9349015411039,25.1874719321064,25.3394608352066,25.3568619979507,25.7113367011489,25.6202090873953
"Q8N3X1",4,4,4,4,4,4,0.181588980277827,0.338402339880493,24.6061775980446,24.3983801346519,24.6285226183667,24.507874180766,24.9496941913741,24.9442343540437
"Q8N4Q1",3,4,4,3,4,4,0.396758402692164,0.548987513825191,27.1233378536289,27.165141124406,26.976016844745,26.996009232475,27.4024694603984,27.2742261103599
"Q8N543",2,3,5,5,4,4,0.178428317506564,0.334424808736626,25.1976492076393,25.3527608947406,26.2572479594249,26.2747327641838,25.9430764340367,25.9933662031256
"Q8N5F7,Q5M9Q1",2,2,1,3,2,1,0.377891977199857,0.530444061534077,NA,23.6508738790314,22.735578824396,24.3386658881601,23.1712910627806,NA
"Q8N5I9",2,2,2,2,2,1,0.686645251353283,0.786472374304527,23.854586625107,23.9575872835635,23.4574914029829,23.2523311418203,24.0446907053098,23.6545630861789
"Q8N5K1",1,1,1,0,2,2,0.00516434974491318,0.0271611291387079,22.6593991746979,NA,23.1155316032735,NA,24.275114793725,24.700502613951
"Q8N5M4",2,2,1,0,0,1,0.540440856025493,0.672712465262837,24.7125934440104,24.11686197193,23.8554441560658,NA,NA,23.9531397769999
"Q8N5N7",2,3,3,2,2,2,0.719285263872408,0.809018583280553,24.2596400358132,24.9030355961418,24.8956948868408,24.2829069307199,24.7539141898516,24.7478406692631
"Q8N684",8,7,6,8,7,7,0.168834332419873,0.323894964045189,27.6416248146103,27.5184557106773,27.2879938863955,27.623416753915,27.6928529199808,27.7758247262036
"Q8N6H7",6,6,5,6,5,6,0.234810294413817,0.395716499119259,26.6983126684808,26.5598963204531,26.2139196097028,26.6293680373512,26.6401815356586,26.878536721477
"Q8N6M0",3,2,2,3,2,4,0.177498639658069,0.333779641401915,25.381182836696,21.7885485227142,24.8898799050026,25.403733987684,25.1635421162092,25.9268354694783
"Q8N6R0",6,5,7,8,6,7,0.00922851670330962,0.0424152205629478,25.6492154822471,25.8791905006024,26.0536283321038,26.8574326271112,26.4252513443426,26.4228167262147
"Q8N6T3",2,1,1,2,1,1,0.960557880587933,0.974187456724602,24.7678891934153,23.7128664835797,23.5060445054469,24.571992204456,23.7421905766594,23.7364443760109
"Q8N7H5",7,5,5,7,6,6,0.0149188594062408,0.0608220166320561,26.0172301778304,25.3584491592332,25.2946551036286,26.5730077339854,26.4316003688585,26.1447062594672
"Q8N8A6",4,3,3,3,3,4,0.576230451364374,0.701003551766473,25.4387286729288,24.9968091764686,25.10940606593,25.1393290671421,25.1298127280549,25.6384829598337
"Q8N954",2,2,2,1,2,2,0.807952456234708,0.872810586157409,23.666412705178,23.5989362312947,23.6059045259059,23.1329436059141,23.6502761124051,23.92183478842
"Q8N983",0,1,0,0,0,1,0.0098347145356873,0.0445540890881881,NA,22.8969137642117,NA,NA,NA,26.8947290022386
"Q8N9N8",2,3,3,3,3,3,0.349205035169702,0.505670959576221,25.8153836374566,26.4423290884112,26.148570109997,26.3217283765594,26.3060591718267,26.33086145362
"Q8N9T8",5,5,6,5,6,8,0.449592946985878,0.598177233471396,25.9930138159576,25.5968857693165,25.9394956601746,25.528576602666,26.0921926305765,26.655183956239
"Q8NAV1",4,5,3,5,4,3,0.27689317105944,0.43724009912536,26.486544205055,26.8391710555774,26.3388918369578,27.0766263209657,26.8447928985749,26.5028359679702
"Q8NB37",3,3,2,3,3,2,0.126724741489413,0.272507290115031,24.8838164167872,24.5191003753473,24.3278086304306,25.5410506997112,25.0464699799948,24.6273987880781
"Q8NB90",6,7,7,8,7,7,0.529765695092115,0.66377124444115,26.0534268657283,26.2219337403879,26.3180837880753,26.6351328168314,26.155275023719,26.1595331497276
"Q8NBF6",1,1,2,1,1,1,0.43517647108626,0.58407621685658,22.2476323820819,22.6556661097761,22.7495176828179,22.401647241921,22.922253273174,22.8636432418706
"Q8NBJ5",1,2,2,2,2,2,0.206738683037635,0.365842463932387,22.1132279571258,23.7104300316415,24.0789273590747,24.0794638085114,24.2774735155598,23.7919819251239
"Q8NBJ7",1,2,1,1,0,0,0.929567793045574,0.953047926422589,22.5008569470305,23.5956149737245,22.2699086646543,22.847568931753,NA,NA
"Q8NBN7",5,5,5,5,5,5,0.402417261598351,0.553126709072514,26.0800020290943,26.1918775068781,26.2147881985682,26.0158866618821,26.4490435940663,26.4570452597631
"Q8NBS9",9,8,7,7,8,8,0.365587051745134,0.519065874829285,28.3181458514834,28.4569710580757,27.827769846481,28.6528906505597,28.3238557664176,28.2554113985934
"Q8NBT2",2,3,3,3,3,3,0.998535535268121,0.999124716899779,26.3458856696166,26.4907219886524,26.4700435775015,26.6384674814044,26.3993787287276,26.2696045165978
"Q8NBX0",2,2,1,2,1,1,0.28987134978097,0.450526344459582,24.7950687208639,24.8228889556529,23.924954198566,24.3607090823235,24.0711521264953,24.1504057846855
"Q8NC51",15,16,16,16,16,16,0.360055176469735,0.514751399265098,30.860775129849,30.915328722659,30.9341327637087,30.8155000844317,31.1282967407246,31.1788133820751
"Q8NCA5",2,2,4,3,3,4,0.032031998033632,0.106353693616761,24.4494645946933,25.2580342813203,24.9662131707136,25.6509924358383,25.3288598318953,25.7942619744603
"Q8NCF5",2,1,2,2,1,2,0.311951147856813,0.470919545960058,23.2102121328152,20.7143624103113,23.323903554295,23.8273078321759,22.6828241253406,23.2936628356658
"Q8NCW5",2,2,3,2,3,3,0.223324899656284,0.383876485392602,25.5723603734434,25.4279558500016,26.1273098513873,25.8431645739119,25.9666813245718,26.244416316751
"Q8ND24",4,3,3,4,5,2,0.454532509171294,0.602959379714871,25.2715485733696,24.4323978680813,24.7505534099253,25.2459438891668,25.7936240365268,24.3963231333328
"Q8ND56",6,6,4,5,5,5,0.13576346296019,0.284321032394307,26.3696251083878,26.6694138356353,26.4955399228057,26.8865873080092,26.8561093212673,26.5676160385806
"Q8NDH2",1,2,1,1,1,1,0.0988951623433971,0.232078050725606,22.6446256592827,23.4436336126875,22.9157960344995,21.1258009898717,22.2672018132525,22.8273212207656
"Q8NE71",13,12,11,12,14,15,0.120215981031358,0.263539310651155,28.399548909598,28.2495286313582,28.3432957147576,28.3101425135963,28.7787602897229,28.947453612562
"Q8NEJ9",3,3,3,4,3,3,0.000978605757007592,0.00805684977162202,25.1332715693086,25.3145322522855,25.4596390115006,26.038045731305,26.2570869687002,26.1489554615578
"Q8NEM2",2,0,1,2,1,2,0.395319172123174,0.547822093372408,23.3592942054344,NA,21.814251013265,23.7704837021788,22.5680479470301,23.0846484489471
"Q8NF50",6,4,5,5,5,5,0.594708474910193,0.715683540517635,25.5028652159022,25.1453349209411,25.0865398258361,25.4087860179763,25.3647977151664,25.2216476659926
"Q8NFF5",1,2,2,0,2,2,0.236361509362023,0.397404492506269,23.2409689535467,23.8051529176939,24.2265555333347,NA,23.9963130720329,24.4538371571313
"Q8NFH3",6,6,5,6,6,6,0.119651759554228,0.263060880523561,27.4535671819045,27.3238011152646,27.1946142476851,27.9263989665797,27.505506393852,27.4684385748724
"Q8NFH4",4,3,5,5,6,7,0.0461121752243844,0.138434015613546,26.8927264055155,27.2891472854432,27.2113417872373,27.4836158339231,27.4822329628346,27.5042724861024
"Q8NFH5",4,4,4,4,3,4,0.264090054074854,0.423552768944497,26.5291438014127,26.6369949977058,26.7483698108948,26.720248586385,26.7220144127937,26.9518558939835
"Q8NFW8",5,6,5,7,6,5,0.0201836293242467,0.0762232756433886,26.218956498441,26.1996676387161,26.4159055551605,27.0306724867677,27.0535897913528,26.5188438441706
"Q8NG31",2,1,2,2,2,2,0.213191327070783,0.37421271031047,26.1556956886806,21.8195601275922,26.2517570861536,26.1626324853426,26.6148398890294,26.6145271922259
"Q8NHP8",1,1,2,1,1,2,0.886328681685288,0.925733501175707,22.1375601576939,23.1771832034869,23.6182429755428,22.3843192975062,22.9220379166271,23.8610622631237
"Q8NHZ8",1,1,1,2,1,1,0.195604202680066,0.35292956759436,23.2665235742952,23.2628150472498,23.0072562778988,24.5882224843891,23.2462127513241,23.363710333194
"Q8NI22",1,2,2,2,2,2,0.00677742725151202,0.0331744883276801,24.8278072939914,24.8543317262143,25.2734623081153,25.5745634922036,25.6316629668523,25.7567631636599
"Q8NI27",17,16,19,17,18,21,0.0370435286374606,0.11906042412088,27.7992435912632,27.49969934011,27.6041772147759,28.0141928606416,27.8972932850526,28.0279842573215
"Q8NI36",16,18,16,18,15,17,0.554585048336411,0.683603618079088,28.0198085085859,28.3400183509061,28.174505019057,28.408046412618,28.1058377719251,28.2940449251271
"Q8TAC1",1,2,1,2,1,2,0.0133258601845729,0.0560300222691444,23.4050691471792,23.8125764613567,23.5870529663101,24.6666161783836,23.984399241621,24.478603037584
"Q8TAF3",4,2,3,4,3,3,0.377857780805823,0.530444061534077,24.7159539660477,24.0028320384133,24.6660235879228,25.019442151292,24.6930580241792,24.4175811827224
"Q8TAG9",2,3,2,1,4,4,0.69661955845197,0.792996135220094,23.4236638471375,24.268715145953,23.3823923486426,22.4372384351517,24.6089319156569,24.8852559898497
"Q8TAQ2",10,9,10,12,10,9,0.0931163790285122,0.223930902017961,27.2482025689897,26.8007694643196,26.5690681654434,27.5279308555418,27.2856569578486,27.1171057755294
"Q8TAT6",6,5,6,6,5,7,0.571576565237474,0.697574181544505,26.212355193208,25.9909469675884,26.636832802478,26.3260316306908,26.057933081259,26.9908065079066
"Q8TBC4",2,2,2,2,2,2,0.186998730455286,0.344575776698559,25.2028690483322,24.5138832265289,24.722385509106,25.2876160897947,25.010713935713,25.0788214228237
"Q8TBN0",3,2,2,3,3,3,0.128746176267906,0.27541781248101,25.1350783812034,24.390115418415,24.2714361344009,24.9259353649834,25.1313038376902,25.0774323980455
"Q8TBX8",2,2,1,2,2,1,0.46194439286721,0.609600902591904,25.2581445332345,25.1312698881929,24.0723018038384,25.4395861900081,25.3700172835677,24.5951906273584
"Q8TC07",3,3,4,4,3,5,0.281395385553741,0.442054321245236,25.3920222914171,25.5596958103795,25.285028367266,25.845323604841,25.6012185645835,25.3761914534684
"Q8TCC3",1,1,2,0,1,2,0.588759207958736,0.71177689058118,22.7612047394147,21.8201963767936,23.5191627573559,NA,22.2573345178396,23.9883859813286
"Q8TCD5",2,2,0,2,2,1,0.647851030003814,0.755259263173027,24.1889355687415,24.7869391934643,NA,25.1605171953278,24.56891477351,22.4707593851016
"Q8TCS8",11,12,12,11,11,10,0.52239219390316,0.659235782650572,27.8237690331172,28.0112971750832,28.1279193028131,27.9725357778456,28.132723618516,28.1252043818042
"Q8TD16",4,3,3,4,2,3,0.393398000748511,0.546492594218851,26.6649797813395,24.3275450463826,24.5736700674024,24.908073071252,23.9832643579175,24.8131389982075
"Q8TD57",0,1,1,0,1,2,0.065027021841724,0.176264571385588,NA,22.8351508600372,22.7260890304149,NA,23.2718060910038,24.1740648101552
"Q8TDN6",9,10,10,10,8,10,0.566883534211641,0.694074794168949,28.2565260279004,28.5423087949987,28.4232714940627,28.8266125882145,28.2853953868134,28.439108979488
"Q8TDP1",2,2,2,1,2,2,0.622443734501892,0.73602600228036,24.4730012553499,24.1881206550999,24.6500119787608,22.8272624387129,24.8446508800641,24.7520065309871
"Q8TEA8",1,2,2,2,2,1,0.045416304544709,0.137350642919303,22.7134431572603,23.2309337386388,22.8422395684028,24.4385465167983,24.6498210138102,23.0771621545229
"Q8TED0",9,10,12,11,11,10,0.054895592583327,0.157208847059095,27.1989138052726,27.1695003442311,27.3919688892468,27.499993491426,27.5224742191378,27.5765886053212
"Q8TEQ6",22,23,22,25,22,25,0.0354631764485535,0.11539444433545,28.3075848103815,28.5392294698269,28.3770814014713,28.8634284855504,28.8093917522185,28.6183463519371
"Q8TEX9",12,12,14,10,11,12,0.427171014289833,0.577408642130436,27.872462304203,27.7784886358629,27.9720318131268,27.8584741588909,27.9825675097576,28.0991081677147
"Q8TF05",6,8,8,7,3,7,0.301170594766623,0.460899112152074,26.2574568903158,26.676943878639,26.463924661419,26.2439261186831,25.4377897729343,26.6165210586338
"Q8WTS1",1,1,2,1,2,2,0.517491507611564,0.655205925753821,22.3319056903375,21.7983369428299,22.8461688064624,21.9218492342785,22.9245985769986,22.9367212952344
"Q8WTT2",3,2,3,2,3,3,0.808296376933623,0.872920353013858,25.0982340197274,23.9597923677246,24.5332574477247,23.7668197878459,24.7440800780287,24.7743728556953
"Q8WU76",2,2,2,3,2,3,0.303513671040925,0.463086744912608,24.3485469783235,23.650779754416,23.6896903463632,24.8654952604558,23.8567009881055,24.0915304448112
"Q8WU79",4,4,4,4,4,4,0.928140348152802,0.952142178608744,26.7868227301502,26.3000962989869,26.3736132161362,26.4775186091352,26.53254231068,26.4959929050426
"Q8WU90",6,6,6,5,7,6,0.0367809964474314,0.118582972292002,27.6552010430741,27.6013369356709,27.5189618388902,27.9901924157703,28.2007125794599,27.7739798854338
"Q8WUA2",3,5,5,6,4,5,0.170680201919189,0.325792084165415,24.7117668538273,25.696704775397,25.865178000834,26.1553283695901,25.6478038497232,26.078358563143
"Q8WUA4",1,1,1,2,2,2,0.00122866163445694,0.00934192396065425,22.3896911037011,22.8645377397424,22.5900207862138,23.8275347780693,23.545828941844,23.5210594860479
"Q8WUB8",3,3,0,3,2,3,0.768928891195406,0.847512346371936,24.5986598943558,24.6900104408876,NA,24.9749067876187,24.3141235388211,24.8724981023702
"Q8WUD4",3,3,3,4,4,4,0.00671363228008882,0.0329683428006084,26.6735257311031,26.3349453058569,26.4631416518796,27.1625650239766,27.0276772429422,26.9773189484508
"Q8WUH1",2,2,2,2,2,2,0.904669091585942,0.937551203047494,25.3124709923203,25.1579401863195,24.9922458795879,25.0632702693918,25.2442675016798,25.1049998056306
"Q8WUH6",2,1,1,2,2,2,0.0597318956006746,0.166562902035622,25.5544254552419,24.7378051124488,24.791009988289,25.7523094598386,25.5067275862317,25.5717599424992
"Q8WUI4",3,4,3,2,1,4,0.0027922529429301,0.0167829485186391,26.8722641635603,26.9671435993981,26.8933717059187,25.5879880767918,25.6978145640652,26.2974294706303
"Q8WUM0",15,12,14,12,13,11,0.724940144630843,0.81337357102949,28.0487938434999,27.6472338461732,27.7509384080853,28.0431846725131,28.0581903236667,27.5625917395358
"Q8WUM4",28,28,30,29,30,30,0.394233618847566,0.546970491257782,31.1075589495867,30.9347862778076,31.0035968287372,30.9551959691553,31.2289792693728,31.2244677202828
"Q8WUW1",2,2,2,2,2,2,0.0308363983521151,0.103666653855821,24.7715201868226,24.6951767261258,24.8585042086736,25.4506787791844,25.0575900200163,25.0920655265608
"Q8WUX9",1,2,2,1,2,2,0.307760793951666,0.466912119058031,23.0099814378774,24.7744661240327,23.6486811003503,22.8480612045907,25.8959095625118,25.8984484182652
"Q8WVC0",3,3,1,2,2,2,0.349738455488662,0.505707395860309,25.2202855971763,25.2305874099679,23.6470272655789,25.2005372548796,25.1732105036995,25.1001440302017
"Q8WVD3",3,2,1,3,2,2,0.907580823075489,0.939075462660554,24.8138987890932,24.2773983703942,23.3666238191428,24.4567802220457,23.9535449674581,24.1879331845557
"Q8WVJ2",4,3,4,4,3,4,0.123045222180455,0.268067002668212,26.859259650009,26.5423722171348,27.0214030804275,27.3754330755706,26.8542764321342,27.3057079763917
"Q8WVM8",9,10,8,10,10,10,0.0157978397218042,0.0635502729274711,27.1163277139193,27.2317834657907,27.1367848251307,27.7621822508188,27.4820503663224,27.5235976079199
"Q8WVT3",1,2,0,0,2,2,0.0601683898469647,0.167268857088271,23.3385148818374,24.3173814349422,NA,NA,24.9352015577295,24.8027159988587
"Q8WVV9",12,15,16,14,13,13,0.348312796648194,0.505670959576221,28.1000062547069,28.2726504742173,28.3032777087802,28.5867232931601,28.3106523355874,28.2220580397251
"Q8WVY7",4,5,3,3,3,3,0.140695776723595,0.289382331973921,25.7756789129428,25.3297220779959,25.5321379126348,24.750216039914,25.4108006979531,25.3187314724339
"Q8WW01",2,2,2,2,2,2,0.232353289921436,0.393757692652895,24.6894479482649,24.8367735216492,24.9754312314063,24.9952518459631,24.9427580168846,25.0593695836704
"Q8WW12",4,4,4,4,4,3,0.766786270839352,0.845968311383101,28.1837714305217,28.2534080976114,28.1347784372216,28.0607868750438,28.3148106268146,28.0812201270744
"Q8WW33",7,7,7,7,6,5,0.181574502143486,0.338402339880493,28.5826988328003,28.3906016476713,28.6070746093191,28.0697479293908,28.6077105899896,28.0148413951926
"Q8WWM7",21,20,20,20,20,19,0.34108469363368,0.500009117081249,29.0976352574712,29.1609958906114,28.9815182241038,29.0870309170566,29.2993491666354,29.2275258120057
"Q8WWY3",5,6,8,7,7,9,0.0753142420891233,0.193313596291939,26.7189982015868,27.2100693266201,27.5304694379437,27.5970353094883,27.5210530196229,27.9215337655628
"Q8WX92",3,5,4,4,3,5,0.661496935617084,0.766315139737211,25.5870196338369,26.0977068119153,25.9791056785889,25.7358089710748,25.593835585381,26.0589590912808
"Q8WXA9",3,3,3,3,3,3,0.689236647518074,0.788439715641287,25.8837377850912,25.7181313892148,25.322292504389,25.9093869402015,25.6776415544056,25.576165205167
"Q8WXE9",3,2,2,3,2,3,0.103529805767536,0.239504550665061,24.8224568956544,23.4270218356234,24.5129212367329,24.8918328351635,25.00838292109,24.9958396697353
"Q8WXF1",6,5,5,7,7,8,0.00405505674962974,0.0223150408827634,27.5782516818921,27.4171641681603,27.4332012095686,28.0905219064525,27.9033059465426,28.108158654848
"Q8WXI9",5,6,7,5,7,5,0.84168179085333,0.894630086177281,25.9745994603814,26.2827230409925,26.2008902555852,26.1175931374908,26.2476441905566,26.0063808835853
"Q8WXX5",8,7,9,9,9,8,0.0362075773690639,0.117397987176737,28.4466638981858,28.2501112167564,28.4515097259657,29.0245919941911,28.8737894142999,28.5610051094029
"Q8WYA6",3,5,4,4,4,4,0.544365453858045,0.676249833721474,25.7624255108456,26.5105675184361,25.8926158659138,26.6478794085264,25.9112343193859,26.1516346639861
"Q8WYP5",1,2,1,1,1,1,0.808501570528272,0.872920353013858,22.2406087750301,23.2934042284145,23.2248935484638,22.9451696887829,22.7328653856013,22.8487934397186
"Q8WYQ5",2,3,1,4,2,3,0.0310063770493557,0.104008155955265,23.2685003425134,24.5815618405126,23.5275761652209,24.919721992606,24.6757906768404,24.8001920063725
"Q8WZ42",3,3,1,3,4,2,0.960577558802007,0.974187456724602,25.3480531063346,25.0790285816568,24.0160386410187,24.9816524251216,25.389930358319,24.1439323308508
"Q8WZA0",3,3,3,4,3,2,0.810974745836501,0.874187442362805,26.6651780364815,26.6278191093292,26.7637132410322,27.2162005254254,26.7254276150177,26.2988373578447
"Q8WZA9",2,3,3,3,3,3,0.0721105711823628,0.188141494903546,23.871709224945,24.4732634197683,24.2982010707384,24.4665037463461,24.6631542257332,24.8241315414561
"Q92499",19,19,17,19,21,20,0.0249296249139282,0.0885050185660237,29.9605582360746,29.8317173906808,29.8105590356872,30.1985426594324,30.1756400923349,30.1912413157862
"Q92522",4,4,4,4,4,4,0.421291524535153,0.571833363561252,25.489871427409,25.7058165877574,25.6636399618282,25.4210948752466,25.9175133884758,26.0165839327797
"Q92530",2,2,3,2,2,3,0.455880254126565,0.60402472447563,25.799382545758,25.8190618155372,26.5925290946537,25.4389179146742,26.0213079394888,26.0518645622884
"Q92538",3,2,1,2,2,2,0.935387006318663,0.957066176081435,25.8772490287602,23.4093266190358,23.0229270604436,24.0660619932259,24.0196483106878,24.4167881076435
"Q92541",5,4,6,4,7,6,0.546748856560553,0.677974526672803,25.7959046620023,25.9717474272956,26.6158494730311,25.4473599485492,27.0480497173997,26.7994199048588
"Q92544",0,1,0,1,1,1,NA,NA,NA,NA,NA,23.0243012174383,24.6234415193624,24.2715629111778
"Q92552",4,4,4,4,4,4,0.0772312886986244,0.196065185889329,25.9515773744301,25.5911338282942,25.8585439069536,26.1740553086027,26.0033279138822,26.1293903115021
"Q92572",2,2,2,1,2,1,0.0465919506583694,0.139287338730984,24.5909101653948,24.7095265968064,24.4358376316638,23.818200597382,24.4536324056833,23.9353588160484
"Q92575",2,3,2,3,2,2,0.785483236979373,0.859322428561127,24.1069724659361,24.2313744003761,23.5849430615998,23.953491087504,24.1751093223033,23.5897880782016
"Q92598",27,27,26,27,28,28,0.0186167624741278,0.071670607938372,30.4609427706473,30.3868802911709,30.4346165552513,30.7856968735122,30.7385111454344,30.7454434848474
"Q92599",9,10,9,9,8,8,0.784315517815417,0.858754063022569,27.0839544016475,27.2471959343303,27.0613578614289,27.2055444539158,27.106785510531,27.1774183650052
"Q92600,P53829",2,2,2,2,2,3,0.202841734722723,0.361894405086063,24.5121867858417,24.6754178776842,24.6583364739084,24.6061253766111,24.814280857199,25.4425822546701
"Q92609",3,2,2,3,1,3,0.456049906718064,0.60402472447563,23.5723603734434,23.6260008472878,23.1981635465725,24.1288243494425,22.9624728892538,24.1763013793161
"Q92614",1,2,3,3,2,5,0.121620560741044,0.265875764403413,21.8462390754589,23.7116036517764,23.7693829886432,24.2215423646546,23.5437308828564,25.2499757098489
"Q92615",5,5,3,5,5,5,0.0395460865578226,0.125023733109346,25.2640769910956,25.5177591491248,24.7475554674803,25.8798461764968,25.7542468903101,25.649456654525
"Q92616",52,52,52,54,53,49,0.0525493745798929,0.152500157018748,30.3230109535818,30.2539697552283,30.2257247802251,30.5441826510992,30.5357303158401,30.477663667554
"Q92620",6,6,9,6,5,7,0.984977766699193,0.991060558377089,24.9837015127,25.3620756139846,26.0632192035311,25.6527225551291,25.0085350586412,25.7680246149701
"Q92621",19,21,23,20,21,22,0.163343340043392,0.317229594413773,28.4995764122235,28.3782188342859,28.578468241809,28.6477589245644,28.568003215661,28.9162556727676
"Q92625",1,2,2,1,1,0,0.0710527099417116,0.18618177068012,22.2508225301362,22.9707373530329,22.5029189321988,21.7733139042457,22.1270033944033,NA
"Q92665",2,3,2,3,4,4,0.00603705549559823,0.0303649913681578,24.4123701109017,24.2815381007552,24.7163524119612,25.1526590154013,25.4989517881679,26.0256753770387
"Q92667",2,3,2,3,3,2,0.893409102350754,0.9289375999221,23.2722855987166,24.9737428824767,23.3453651518157,23.5355045322238,24.3649957705791,23.4676287957747
"Q92688",4,4,4,4,4,4,0.922818899249529,0.948175634769448,31.3352821161366,30.8293802008315,30.7629048637244,31.0335187228085,30.8773169364979,30.9607903997818
"Q92696",2,2,2,2,2,2,0.11100204331493,0.250116706993847,23.362848867555,22.3698903638174,23.5852309576412,23.4401354290349,23.9006443356931,23.9908474988015
"Q92733",2,3,2,1,2,3,0.780801903291166,0.856254394907283,23.7763285147772,25.2131003672415,24.5973661598457,23.5605691658515,24.2277219570503,25.3103469240897
"Q92734",4,4,5,3,5,5,0.525945334225048,0.661857431501565,26.6663365216524,26.863234449923,27.1460841468601,26.30989888027,27.7698876443837,27.3976996254012
"Q92769",5,5,5,5,5,6,0.23855421453552,0.40025168323319,27.7416925687011,27.5587053831979,27.54762209729,27.8315005631254,27.7161731891964,27.7559433409445
"Q92783,O75886",4,5,5,5,3,6,0.517428668073445,0.655205925753821,26.1843035743221,26.0338926685596,26.2523615019027,26.4307810122636,25.7243628213549,25.8780935652637
"Q92785",4,3,3,2,2,2,0.412582354656348,0.563195901239455,25.7078340699443,25.6876726817193,25.3488170508323,25.8316702819704,25.4289883331987,24.6054536086005
"Q92797",11,10,8,11,10,10,0.0059673375695034,0.0301099597096528,27.1165507823451,27.0807588616378,27.0869973320632,27.6181789172893,27.4620075051588,27.5582415896595
"Q92804",2,2,2,2,2,2,0.70445057661047,0.79903121096394,26.4254475437068,26.1754830686274,26.1403158357977,26.5177000511424,25.7706652485956,26.190951432163
"Q92820",2,1,3,3,2,3,0.149254565002159,0.299428023544349,24.0392123143483,23.2102609492765,24.4716276583996,24.7136026802469,24.0754187367968,24.817767920717
"Q92841",24,26,25,27,23,25,0.0845493384437348,0.209172495650932,30.1247801604766,30.0134720638814,29.907398922018,30.5307429787382,30.2913995547016,30.1400656885934
"Q92878",18,16,21,19,20,20,0.209497080363152,0.369433970087631,28.3117795450128,28.1219975152818,28.488470618193,28.3023053559308,28.7129091718745,28.6206992300133
"Q92879",6,6,6,6,5,6,0.2536029487017,0.413510941497477,27.2512533103272,27.2186672476872,27.1954788193897,27.3126779172943,27.332591396397,27.4120817032261
"Q92888",15,15,16,17,12,14,0.468850622316976,0.616396697121051,27.7192479260667,27.4844638555598,27.8379231316163,27.844454773113,27.1538543490193,27.5490842332075
"Q92890",4,6,6,5,6,6,0.188771679158754,0.346410458697601,27.319599839285,27.4991112983742,27.3529794541408,27.4930355719732,27.5333531898573,27.6746441127295
"Q92896",3,3,3,4,3,2,0.945811054041048,0.964746998638902,24.5618490065875,23.2979792478167,23.931082871651,24.796917281478,24.0622877625812,23.0448178944312
"Q92900",26,27,24,26,27,26,0.550760092043851,0.68100552587734,29.9586309120961,29.8226069722361,29.9346035787707,29.9625767414115,30.0143865017423,29.9412359451579
"Q92905",5,5,5,5,5,5,0.0917385477225869,0.221904164745727,26.400914009361,26.4887486672657,26.5455893078864,26.6916727118829,26.637986948614,26.7722519283378
"Q92917",9,10,11,9,9,11,0.556333066830968,0.684648354702691,27.0302654494821,26.7064506797078,27.1030868780212,27.0864976498937,26.8270751176973,27.2557525822395
"Q92922",25,26,23,26,25,24,0.147648539808643,0.297251826393218,29.0689039448095,28.9761629012714,28.7758505473169,29.2361045349729,29.0532211142246,29.187132915512
"Q92925,Q6STE5",7,8,8,8,7,7,0.198637595376737,0.357187508911578,26.8754311529397,27.140968969175,26.9165322036378,27.0575254539617,27.2695608021656,27.1765176375983
"Q92945",23,22,22,23,23,22,0.430070188863042,0.579760199125832,31.0698258131151,30.9518974497696,30.9937467375246,30.9294913489429,31.2058770091291,31.2077022011158
"Q92973",17,18,17,18,18,18,0.0749759755188633,0.192916187432067,29.4354868910258,29.3596949819662,29.4422189651938,29.8074328031635,29.5695937677064,29.6267790312222
"Q92974",15,15,16,13,12,18,0.662191484749749,0.766535791278446,27.6170028469302,27.3557666309184,27.7013354418057,27.4426266443282,27.4127562710066,28.1507452067287
"Q92979",6,6,7,7,6,6,0.645062923952022,0.753206311509886,26.7873832721838,26.7993902653668,26.9518468248183,26.700791384547,26.9193756097934,26.7406676036783
"Q92990",3,1,2,3,3,3,0.0503455697031893,0.14827404066233,24.6033789646919,22.3056997263163,24.1689454937151,25.1092169856079,25.1046047802301,25.2963519231934
"Q93008",12,10,11,11,10,9,0.74257185083204,0.827255868985535,25.965662513962,26.227734909381,25.6659328552389,26.6530427200271,26.1612175040106,25.4034234806074
"Q93009",26,25,26,26,24,23,0.323626842309853,0.483902213902835,29.0167043969065,29.2359461840429,29.0351008069632,29.2009807323126,29.3956756299155,29.1230320524486
"Q93034",3,4,2,3,4,3,0.59017667830862,0.712292241644305,24.1863876872748,23.2001340332688,23.8638536203128,23.5746986962748,24.3912922541339,23.8479066241552
"Q93045",1,1,1,1,1,1,0.806769900489002,0.871739527719286,29.8557395981506,29.6894836298041,29.5370263770747,29.4866952268551,29.8754065419188,29.8453131823619
"Q93050",5,6,7,7,6,7,0.44059199368074,0.589610054318433,26.2313689903992,26.0383426265087,26.5411441638809,26.7337368610101,26.2951667921994,26.2797055780321
"Q969G3",8,8,8,8,7,7,0.224780657335373,0.385362404646362,27.5048263844385,27.4664610730391,27.6334727113165,27.6248048636915,27.6770673981988,27.7622608012256
"Q969H8",4,3,4,4,4,4,0.415375999597265,0.566331533222571,26.7094912858203,26.5408493158242,27.1575036356098,26.4466213926608,27.4581138392742,27.3578899690224
"Q969R2",2,1,1,1,1,1,0.0131372184795187,0.055338864915572,25.853596672702,26.9593744210144,25.7901569319733,24.7684756111603,25.1626765219375,25.0052855817175
"Q969S3",2,2,3,2,1,3,0.957747390214826,0.971806849234883,23.9172882358472,23.7981159873146,24.8811914092087,24.099711828355,23.3112156899694,25.2794706906556
"Q969T9",2,2,2,2,2,1,0.17770201561483,0.333779641401915,24.3474830438794,24.5319846457587,24.5423308754323,24.1313083449613,24.5178858186706,23.3133329542624
"Q969U7",1,1,3,1,1,1,0.163030939456724,0.317162961962292,23.8933253961813,23.7369186638551,25.201766722039,23.4620522191291,23.7118662391215,23.7106927327767
"Q969X6",10,8,7,10,9,10,0.103145116896269,0.239101415501138,27.2219037824913,26.9420758266682,26.5135516475102,27.5648974416655,27.2640490665566,27.1480367815466
"Q969Z0",10,11,12,11,11,12,0.948693564270472,0.966273730788545,27.8499654964515,27.9670963529131,27.894194927077,28.1907902064416,27.7547004491425,27.7332136932677
"Q96A00",2,2,2,1,2,2,0.64953129779636,0.756101500522326,25.1206935804554,24.6792529300937,24.7780979162446,23.1918637378909,25.4351134726932,25.0879709264097
"Q96A26",1,1,1,2,1,1,0.0393937057405405,0.124628353389976,24.7331057635703,24.6480474658484,24.8012075131489,25.2630763314751,24.9439782345071,25.0286332766432
"Q96A33",0,2,2,2,2,2,0.630568647454879,0.741221989075053,NA,23.8894980108383,23.969378187506,23.7893641912399,23.9007536266322,24.4926242994693
"Q96A35",1,2,2,1,2,2,0.952713782728307,0.968081602092446,23.0142402343731,23.9812107115336,24.2394781104964,22.8712527685089,24.0252732514826,24.432929469749
"Q96A49",5,5,6,4,5,6,0.296169740876504,0.456307449469305,26.8764852730274,26.7447669265461,26.8846263060884,26.9126262757545,26.8563910976434,27.2353969104415
"Q96A65",9,9,9,10,9,11,0.022556110894731,0.0825850544957969,25.6616511296125,25.7445905336996,25.9655682755078,26.0646668065833,26.3294080030276,26.5194122819404
"Q96A72,P61326",7,7,6,7,7,7,0.0893861355109754,0.217482426773904,28.5763473476619,28.757716809237,28.4674104173543,28.7129732555818,28.9838577039421,28.9776033838331
"Q96AB3",4,3,4,4,3,3,0.220725948039257,0.38123042570092,25.732523726591,25.8440982764053,25.8429981834035,26.4174056937663,25.781834325724,25.9920766843925
"Q96AE4",19,21,18,19,20,19,0.499088346725739,0.642341272632525,30.359044409738,30.3934874610294,30.3205463685695,30.3362455674954,30.5561479550408,30.4266817116719
"Q96AG4",5,4,3,5,3,3,0.110071839358368,0.24945242481514,26.5254524974242,26.6731258455073,26.5180824914568,27.3916400508827,26.6714093245796,26.8460497860946
"Q96AT1",2,1,2,2,1,2,0.343794793437108,0.501986561078122,22.9911464255648,22.4362256629532,24.1048617198166,24.1624076018541,22.808467281308,24.3805156876227
"Q96AT9",1,1,0,2,1,1,0.582987712242293,0.707525922652125,26.3400134522773,23.5533402600074,NA,26.5547036053294,22.6048187887265,22.959923253529
"Q96AX1",1,3,1,2,0,2,0.267818338087757,0.426601696353474,22.0912049526826,23.807012387803,20.782063220655,23.4870499461597,NA,23.2498044436544
"Q96B26",6,6,6,6,6,5,0.104413836682795,0.24088299611758,26.9331802498378,27.2600564736207,27.3596564947239,27.5572203376583,27.7533393446474,27.2987711351259
"Q96B36",3,3,2,3,3,3,0.661758543114351,0.766423577986207,25.0739956626504,25.2771239981393,23.9278326207933,25.1088902619362,24.9155946771591,24.770557713869
"Q96B54",3,3,3,2,3,4,0.952802804339123,0.968081602092446,25.5554789018319,25.5018534448176,25.5450960788078,24.5332105121125,26.1094122288188,26.0415329359303
"Q96BJ3",2,2,2,2,2,2,0.0535044763760069,0.154192938235846,22.2897672357237,22.8214011326389,22.9037351290361,23.8508326961952,23.3644411468918,22.9238457291339
"Q96BK5",0,0,2,0,1,1,0.0969591748084332,0.229837076425045,NA,NA,24.4991348385707,NA,22.5847149814272,23.5919515262203
"Q96BM9",4,4,3,3,4,4,0.0906837192735774,0.220052727301096,24.0119397434875,24.1599587518761,24.0102611483983,NA,24.6136735631564,24.2385247338921
"Q96BN8",3,1,1,2,3,2,0.329060215025682,0.489398888089921,24.1390366360926,22.7152628229083,22.078736531806,23.4476405006821,24.1278999887918,23.1773103074042
"Q96BP2",1,1,2,1,2,1,0.565039478461992,0.692188534034267,22.856852929766,22.7813783453359,24.1968453575253,23.5345317570305,24.3946331763668,22.8902749834271
"Q96BP3",8,7,7,7,5,6,0.976189702854726,0.984379769237225,26.3504638786592,25.9771063132009,26.3150782927323,26.2985856454532,26.122802534277,26.2349643571324
"Q96BR5",4,4,4,4,2,4,0.439898057808777,0.58902698553673,25.9383632124047,25.9665009145953,25.8459245435162,26.1246748290312,25.3038707360498,25.7657985103366
"Q96BY7,Q2TAZ0",1,1,2,1,2,2,0.355231299210089,0.510322902174369,23.4944445931388,23.5515264362904,25.1201087484247,22.2130206461167,24.2564465583612,23.6456344614285
"Q96C01",2,2,2,2,2,2,0.704075354453719,0.798804219601558,24.932116072482,24.8705476615834,24.6397462645159,24.6787429220476,24.9582258872839,24.9827909439304
"Q96C19,Q9BUP0",7,7,6,6,7,6,0.409238506519434,0.559300798904031,27.3202778657694,27.4369490680987,27.074918093114,27.3181392299644,27.6006636268923,27.3246953873724
"Q96C23",3,4,3,3,4,4,0.0978510961103799,0.23087854559418,25.255554052427,26.0975859651114,25.6613206621519,25.8794631431636,26.3621014587053,26.3080786644124
"Q96C36",7,7,6,7,7,6,0.8191191627529,0.880495198039285,28.2865253498651,28.3954198382376,28.1317430831783,28.2235485499073,28.3796651511397,28.2992263549409
"Q96C57",2,2,3,2,3,3,0.0662460099821286,0.177949421676644,24.8054556590127,24.6414782568933,24.8484652574856,24.9275771685881,25.1425307320816,25.6367550243636
"Q96C86",8,9,8,8,7,8,0.138842606942215,0.287585492898427,26.585666744756,26.7278010232304,26.5853508973711,26.8748313424942,26.7232199946895,26.8983391604333
"Q96C90",3,4,4,3,4,4,0.840666524594794,0.894175958312299,26.6350065082499,26.8079623278723,26.6146747355336,26.9481523480142,26.3779291679378,26.8477482068545
"Q96CN7",4,6,6,5,6,6,0.0578898933727287,0.163121490776028,27.0902148736002,27.4459950605597,27.5143707699104,27.8001876829832,27.6942722746392,27.6397775546339
"Q96CP2,Q4VC44",2,1,1,2,2,2,0.0689892812059888,0.182451652673461,23.9030824902708,23.3900590334057,23.0681195793345,23.7594639254846,24.0864147942189,24.1940701960119
"Q96CS3",3,3,2,3,3,2,0.181003817723159,0.337863918352312,24.6654372521044,24.3301335795486,23.9693046612699,24.617916525611,25.1414674624367,24.4167881076435
"Q96CT7",4,3,5,4,4,5,0.156229334230541,0.309071215420524,26.6033312136245,26.5297599412126,26.8492046245973,27.0686083361008,26.6560336983266,27.1269305681311
"Q96CW1",6,6,4,6,5,4,0.220400933830941,0.381134947146012,26.8718678006178,26.9287460642162,26.45620654831,27.2057627133777,26.9793369673157,26.827922516791
"Q96D46",6,7,7,9,7,8,0.032453214254653,0.107448411333788,26.5590942689022,26.5870814839395,26.4439562451864,27.587686639621,26.9979742064028,26.8363874501329
"Q96DB5",2,2,2,2,0,1,0.899190530144534,0.933357724350253,24.7917201041786,24.8483522287551,22.3010666367306,24.3816479681003,NA,23.3320915107197
"Q96DF8",3,2,3,3,2,1,0.775616974901551,0.852002080303606,24.7482720590287,23.9934357504125,24.8764158243459,25.1546049648724,24.3713980984845,23.7072042287845
"Q96DG6",6,7,7,7,7,9,0.177726676976119,0.333779641401915,28.9074014661678,29.110664826088,29.0745122807336,29.0361445834489,29.3399904314748,29.3790287360805
"Q96DH6",2,3,3,2,3,3,0.26049004558596,0.420339693165278,23.9707796426115,24.7312324585253,24.8810350830495,24.6215202346969,24.9368545876554,25.0643643134574
"Q96DI7",14,13,13,14,13,14,0.0235275166644186,0.0848047830882414,28.9673764247224,28.9976929327332,28.9648124600194,29.2301621123539,29.316117241842,29.3231293957734
"Q96E11",3,4,4,2,1,3,0.0286878698904373,0.0982538006307621,24.5735308116352,24.8894980108383,24.7834188147006,23.3942661481964,23.2032425523307,24.5051911076176
"Q96E39",1,1,1,1,0,1,0.4190887587168,0.569690976539345,23.9209711921426,24.0703986962268,24.4990329785049,24.1046829243352,NA,24.7221453111558
"Q96EB6",1,1,2,2,2,2,0.0887302921227333,0.216579771355757,23.0748959174664,23.6240844083226,23.7584466847517,24.2831551647902,23.7572377468828,23.8901870812159
"Q96EE3",3,5,5,3,3,5,0.545865179492409,0.677261325149191,26.5038887668787,27.1089529361917,26.7776361262056,26.7243525072823,26.9414570836446,27.1080641788949
"Q96EK5",2,3,3,2,2,3,0.349269880233378,0.505670959576221,24.2121673327783,25.0208968793101,24.8701680851077,24.3496110707091,23.9927287346838,24.8270273666705
"Q96EK6",4,4,4,2,4,4,0.36952556264874,0.522721121489474,25.3946367039526,25.2352087662911,25.4970197671695,23.7256468617806,25.3964170104752,25.5434779524676
"Q96EK9",3,3,3,3,3,3,0.258456363646223,0.418558015958136,24.3455050815856,24.6551969864211,24.3933944231698,24.5090773408688,24.8234764751706,24.6211097618776
"Q96EP5",10,10,9,9,10,10,0.430517665647295,0.579760199125832,29.2594329809668,29.0655480822343,28.8202988076086,29.1353815695739,29.2785778403092,29.115767239614
"Q96ER3",2,2,1,1,1,1,0.120571334991277,0.26419136898665,24.9954902128124,25.3094133520593,22.9797518518894,23.4588473832873,23.4570105787833,22.8884631157621
"Q96ES7",2,2,2,2,2,2,0.055520331494554,0.158219724941517,23.4518002557303,23.3465562440317,23.4412551137935,24.3535563122863,23.5330535702085,23.9533080703849
"Q96EV2",1,2,2,1,2,2,0.544468575023888,0.676249833721474,23.4512343820062,24.4484068016268,24.3450251741917,23.6345492678979,24.7907667179207,24.6148995898638
"Q96EY1",5,5,4,4,4,5,0.70253060996053,0.797646750283708,26.1354746957536,25.7925384139181,25.7912595679178,25.8766968139131,25.906915154588,26.1180631234067
"Q96EY7",4,5,3,5,4,3,0.166498331976474,0.320762411518867,25.1875347908058,26.4045896151286,25.9608240515913,25.6928565767578,25.308120695199,24.58962568874
"Q96EY8",2,2,2,2,1,2,0.196599497713092,0.354080895604866,26.5993304326483,27.4455203671297,26.5415151161112,26.2026603301395,26.6333246695299,26.5067112890194
"Q96F86",7,4,5,4,4,5,0.764620489540953,0.843987097335066,26.4306419164881,25.4339849011929,25.6510666307249,25.6289286452777,25.6971225334637,25.9247342903825
"Q96FF9",2,2,2,1,2,2,0.674104437719748,0.776189915415822,23.7257548812691,24.0076175893634,24.2682122335266,23.1408365617412,24.1078746408057,24.2996979766855
"Q96FJ2",1,1,1,1,1,1,0.902624897421726,0.935857905008617,24.6643390784676,24.8890192933112,24.89897966904,25.5755772140213,24.8980188662863,23.8078903795622
"Q96FV9",8,9,11,10,8,10,0.542542592120604,0.674960268681264,26.7235305771991,26.8405127615461,27.0112613827063,27.2193388198922,26.7081553851293,26.9831000597494
"Q96FW1",8,8,7,7,7,7,0.136955114184581,0.285851195243622,28.0859493183643,27.9254429226123,27.758084965728,28.3527484164416,28.1785727442233,28.0168556997411
"Q96FZ2",1,2,0,1,1,2,0.916002825630571,0.943936049362247,22.6293741732249,24.11686197193,NA,22.4232813407641,22.6779094157912,24.7256964408741
"Q96G03",7,7,9,8,7,8,0.301839831589329,0.461768380855305,27.1745877005081,27.2737204960174,27.4922175058313,27.3885670122909,27.5479065082595,27.4529001151682
"Q96G21",1,2,1,2,1,1,0.0105082784496198,0.0468152014523103,22.7910270865349,23.2802000756645,23.4739616553078,24.4677418924551,23.8839350932718,23.9711198627085
"Q96G28",2,1,1,2,0,2,0.222077043811505,0.382307725987957,23.9820864732197,22.8896415951264,22.6632082179023,23.8133961850989,NA,23.7666366948052
"Q96G46",5,5,5,4,6,4,0.823815606965054,0.883669597689766,25.061953717886,25.2506625142456,25.3766933790577,24.6552818870774,25.7946242329575,25.4548776015564
"Q96G74",3,3,2,2,3,3,0.58519453721196,0.708817715670911,24.4938265159965,24.2742857585269,23.8143656278759,23.6272675109078,24.4797659578252,23.9843564488544
"Q96GA3",10,12,9,10,12,9,0.271438044635375,0.430563407380592,27.8685605343928,27.9626956528841,27.6947910868008,27.9931669805284,28.2001576540584,27.8600864725848
"Q96GC5",2,2,2,2,2,2,0.366412411930949,0.519606286362756,24.9722594817411,24.300921257576,24.2698250844949,24.0711501926221,23.6535226483646,24.788071605532
"Q96GD0",7,7,7,6,6,7,0.333877804660797,0.493303327351705,25.2618602191652,25.8822604285531,25.7504036606679,25.8691928531973,25.7359253544249,25.891548963997
"Q96GD4",2,2,2,2,2,2,0.349464541847457,0.505707395860309,24.6197122525158,25.0203869901153,24.6963244622457,25.2921043773317,24.8116095215776,24.8254192925424
"Q96GG9",3,4,4,3,3,4,0.409892975985044,0.560027480216763,25.2235615764581,25.4381084893299,25.7792307745996,25.5315398397433,25.4758099541171,26.0247547931198
"Q96GM5",3,4,3,4,4,5,0.0317428936667073,0.105698134001223,24.5670816189009,25.2598867801828,24.4402475155325,25.1689598100857,25.8245426089462,25.7268782109999
"Q96GM8",4,6,6,5,5,5,0.655225766073786,0.760208531238202,25.5115084132139,26.3455679971634,26.2812721555396,25.8713408276572,26.1505263313016,26.5280533208313
"Q96GQ7",7,10,8,9,9,10,0.0315467116492198,0.105396960428442,26.6484906067269,27.4832750388502,26.7643490229187,27.8003322198806,27.5700662965691,27.6149261860172
"Q96GU1",5,5,5,5,5,5,0.0980877378043206,0.231134431747578,29.3528327587699,29.2043087797616,29.3815430810303,29.5160773134189,29.473556965082,29.6394834305349
"Q96GX9",3,3,2,2,3,3,0.706149771682103,0.800759447778711,26.4674328507281,25.9788694489688,26.0144182854073,25.9943171879979,26.3583659637293,26.3356785778635
"Q96HC4",12,12,12,13,12,11,0.486048017494523,0.631723947524221,28.3904919520457,28.4610362680812,28.2690412849268,28.218095140501,28.429944735566,28.1905053435905
"Q96HE7",3,3,3,3,2,3,0.29117371131544,0.451507298103684,25.0778957708847,25.1007591504721,25.0842331415267,25.1861850283874,25.1596656790203,25.2778254073613
"Q96HP4",3,2,2,3,2,2,0.209376599698284,0.369364287634793,23.5057974546049,23.2285392234985,23.3197572141048,23.5742930460427,23.4234001341498,23.6020764993773
"Q96HR8",1,1,1,1,1,1,0.160046011944722,0.313629684919167,21.4862369552213,20.9781532004852,21.9815610570726,21.7220868776197,23.8579398847389,21.9024415721834
"Q96HR9",1,2,1,2,2,1,0.0693184990168585,0.183004046594276,23.5317221061257,23.7439068076407,23.4467579549201,24.1982136150608,24.4493051380045,23.6414627096865
"Q96HS1",6,5,6,7,6,7,0.067827413893115,0.180109815006048,26.9796605189831,27.1764641601585,27.5041933193746,27.4214519989174,27.6970281399297,27.8040346636566
"Q96HW7",1,4,4,2,3,3,0.000724239445129954,0.00655551656484693,28.3893846708599,28.4254408751326,28.4351656684376,27.1065076106252,27.5721264314454,27.4993824772945
"Q96I24",11,12,11,14,12,12,0.0304622526289013,0.102939849254109,28.5900268744954,28.7575802356542,28.3609181432879,29.1057476051156,29.0102455015098,28.8697869437423
"Q96I25",8,7,9,8,7,9,0.407706479872224,0.558042892642389,27.5695604769693,27.3414770184798,27.4047346749861,27.3800822479031,27.5332650728904,27.8245915845215
"Q96I51",2,1,2,1,0,1,0.510522675189471,0.650559900618538,24.8447641196718,22.6583091129094,23.7319949602074,23.2120301123196,NA,23.3391923552707
"Q96I99",7,7,8,8,8,8,0.720014809060016,0.809440009593837,27.1070398254593,26.6661579737598,28.0959066646468,27.4021539740884,27.5053267195207,27.3770698830425
"Q96II8",1,1,1,2,2,2,0.00211898789145146,0.0137900467343817,23.4589957571345,23.5085432657397,23.1859399141193,24.1410191813669,24.1535333577974,24.5362497536295
"Q96IJ6",1,3,3,3,2,3,0.372316841769777,0.525528908463405,22.3491697757565,24.2683470958534,24.1837235490863,24.6997844838253,23.4378876841255,24.4699832557683
"Q96IU4",6,4,5,6,6,6,0.270807547647269,0.429862224205581,28.1564227250042,27.2510816699288,27.772114697247,27.8887639346036,28.1029314434399,28.0909091188162
"Q96IV0",2,2,2,2,2,2,0.477777747576531,0.624354650370705,24.1653235716147,24.2149159396345,24.0602709684877,23.8925380310013,24.4142116432278,24.6047573918143
"Q96IX5",1,1,2,1,1,2,0.276573455530932,0.436886462649623,26.8774069967193,26.4791064489076,27.0610991516567,26.9215569244728,26.9323977443571,27.2890531836583
"Q96IZ7",2,2,0,2,1,2,0.820615386953192,0.881272927325909,24.9559470244757,24.4539736165287,NA,25.6146983485543,23.9595380247467,24.1288130211842
"Q96J01",6,6,7,7,6,6,0.555681309038716,0.684400143583861,27.5305842019818,27.5781384298049,27.7237917881741,28.1929937198577,27.4929654555801,27.5535314230606
"Q96JB3",2,3,2,1,1,2,0.23271727473049,0.394228075499627,24.8432553061348,24.881217786995,24.2431925537214,23.5868154671705,23.7391377695596,24.9738183909311
"Q96JB5",2,2,1,2,2,3,0.196347910477108,0.353917091082436,24.0868945153085,24.3082203025467,23.5199661515245,23.94807407326,24.7084988059,24.5370921049356
"Q96JG6",2,2,1,2,2,2,0.815731643523746,0.877708077370687,23.8177452454895,23.4151014048331,22.5643347152311,23.6331218204732,23.2180712022881,22.6522635409001
"Q96JH7",3,2,1,3,2,3,0.213059256172204,0.37421271031047,24.2250519640296,23.9815101190352,22.9896165215418,24.0622099248781,24.0093461880692,24.7372753511713
"Q96JM3",2,2,3,1,3,3,0.736875712602669,0.822783977704482,23.875615679563,24.2066797895347,24.6943685666511,23.0092545561407,24.5895367595359,24.6489631990296
"Q96JP5",0,1,1,1,1,2,0.520249925486986,0.657810465651782,NA,23.4255921723946,23.2459266000152,23.3919968672867,23.2216453104777,23.9226085589083
"Q96K17",4,4,4,4,4,4,0.106307314263915,0.243583107821186,28.2506944904723,28.1484049120093,28.1389110057141,28.3721794407958,28.44749203757,28.3330052818969
"Q96K76",3,4,6,5,5,6,0.385715471809109,0.538608503946482,24.2089071925264,24.8515088876775,25.6380127697814,25.1423424827797,25.2077637103695,25.3708151197429
"Q96KB5",11,9,10,11,10,10,0.267421172234079,0.42626673226131,28.3805421320567,28.0759035807863,28.0330137490019,28.508245852015,28.1316763744189,28.4657498306079
"Q96KG9",5,3,7,7,5,6,0.630574866199097,0.741221989075053,25.7143041614511,24.9251511055245,26.3004238416757,25.7936975290626,25.7362009847472,25.9440649987929
"Q96KP1",2,2,3,2,3,3,0.137707729386991,0.287069650584747,25.2436755995362,25.3184188013505,25.673827888925,24.7814785173964,24.6226466095443,25.4710415104609
"Q96KP4",13,13,13,15,14,14,0.182044422431173,0.338974144951432,28.4524631066681,28.2468846228891,28.0845810764165,28.7522795752172,28.2803115016925,28.5487710237318
"Q96KR1",5,7,8,7,6,8,0.645744647596483,0.753616547028692,26.5828441445124,26.7449873872802,26.910034857549,26.6425524492476,26.6973427610281,27.1729090938438
"Q96L92",0,1,0,0,0,0,NA,NA,NA,22.1941010955027,NA,NA,NA,NA
"Q96MU7",2,2,2,2,2,1,0.251443114466296,0.411879169908526,24.9131850048648,24.5373405300471,24.6173986633057,23.8817598192245,24.9444024162268,24.0733734202929
"Q96MW1",1,0,1,2,0,1,0.0247551815044742,0.08802271085223,23.0187156680126,NA,22.3360434746488,23.7343875518413,NA,23.7344872502398
"Q96MX6",0,1,2,1,1,2,0.990725009274504,0.993774734456968,NA,23.0975169052496,23.7021320463456,22.8473674989869,23.2127462040402,24.1229899750802
"Q96NA2",2,1,3,2,2,1,0.91874326572654,0.945012135368263,23.7748594326363,22.5821937267727,24.5457372437341,23.9976236626794,23.7442628017375,23.3250856037678
"Q96NC0",0,0,0,1,2,2,NA,NA,NA,NA,NA,22.9568145531814,24.5090951893366,24.8956707020702
"Q96P11,Q63ZY6",3,4,3,3,3,5,0.026971404406022,0.0938547268499409,25.5196953785515,25.8412347021042,25.1103065517964,26.1762399608737,25.9413508332043,26.4689830797319
"Q96P16",1,1,0,1,1,1,0.748748634121993,0.832307814050811,23.2966978560322,22.1996451193014,NA,22.9169945383149,22.6471264914021,23.0554397052819
"Q96P47,Q9UPQ3",3,3,2,2,2,3,0.794687078673975,0.864622574030688,24.5866654283501,24.9715213526982,23.0746959783729,23.8121352382584,24.3313350992834,24.9509501746262
"Q96P48",3,3,3,3,3,2,0.913119033414034,0.94206540899076,24.8164276154039,24.5606229359511,24.5668345902839,25.2155286930235,24.5562737124098,24.262559365524
"Q96P70",5,6,5,5,6,6,0.0459626783659249,0.138221317538134,25.8200756004733,25.8312814025662,25.3945447885359,25.9643160772968,26.2061948549006,26.1454245359104
"Q96PK6",17,15,14,16,17,15,0.749444156589283,0.832878012755252,29.6010891143095,29.4505137728768,29.2687985939729,29.1200907393816,29.7855826074357,29.6261359168983
"Q96PM9",1,2,2,0,1,1,0.257245084096753,0.417040537899568,22.9803813798149,24.3078025020231,24.4625149381248,NA,23.2735120333919,23.27856433809
"Q96PU8",9,7,5,9,5,6,0.714336839140614,0.80579389334713,28.7465651408001,27.0845965146956,26.7881992383214,27.6086365957671,27.1924220052788,27.2063017563866
"Q96PZ0",11,11,10,12,10,10,0.130017504840632,0.276360761977654,28.0496118303423,28.0587580839189,27.7319407877034,28.5112069499877,28.1211032811437,28.1199196930216
"Q96Q11",3,3,4,3,3,3,0.452428101300741,0.601055841377382,25.8681366564557,25.6604424747533,25.5127698971477,26.0410823664747,25.3396226392966,24.9369766168953
"Q96QC0",2,3,2,3,2,2,0.1876111416873,0.345113721119945,24.3631346673983,24.1965920952215,24.3643889878681,25.298094417673,24.3319025947411,24.508974250661
"Q96QK1",11,11,11,12,13,13,0.034885471898819,0.113763798031127,28.8899234728928,28.553711560678,28.6436735840579,28.9991607367228,29.0516531844977,29.3698580140134
"Q96QU8",3,2,2,3,2,1,0.654334979072507,0.759368144118233,24.0962447188231,23.118632567907,23.1469457825034,24.0294399407373,23.3886139346884,22.1889911828889
"Q96R06",7,8,9,8,6,8,0.499990740184944,0.643066748441983,26.4094963966038,26.1961245540383,26.254158142969,26.2790745739384,26.1651807666921,26.1635207863048
"Q96RE7,Q96BF6",2,1,3,3,3,3,0.00657825251390293,0.0323383491039064,23.11413981616,22.8259767206212,22.7309891869039,23.6742073300251,24.813120014651,24.061322708601
"Q96RN5",1,2,2,2,2,2,0.33320074069752,0.492886439384594,23.7943996190319,24.3533394074763,24.4045307652958,24.8901498219609,23.941377396548,24.6956319475435
"Q96RP9",10,9,12,9,11,10,0.424327694027079,0.574416302715589,28.1034429212737,27.7432779347623,28.1124804083553,28.2492935228072,28.0990670528715,28.0067052578405
"Q96RQ3",2,2,2,2,2,2,0.748121674314335,0.832062279337915,24.2259619990657,23.6798526786123,23.8727647716387,24.1271659731991,23.9222317389659,23.5002466252933
"Q96RS6",10,9,9,9,6,9,0.99484810181026,0.997145380691002,27.221489036178,27.0700643908051,27.3060095001986,27.4205120099339,26.8463541801921,27.3345000306834
"Q96S44",1,2,2,1,2,2,0.787780914787594,0.86079834109418,21.417912192974,24.8011299604843,24.8427774635727,22.196949386815,24.8900035682245,25.0087714310103
"Q96S59,Q6VN20",4,9,6,6,4,6,0.886594217211594,0.925733501175707,26.3057959029067,27.0533385869837,26.5625032655835,27.0668071435065,26.3651343931922,26.6102643782927
"Q96S82",2,2,1,1,1,0,0.774977966884968,0.851505174597597,24.7777961024879,24.4913528818694,23.8228544944751,24.5257471372656,23.9887242407,NA
"Q96SB3",5,5,4,5,2,5,0.787964461290946,0.86079834109418,25.4812358186098,25.0904900767344,25.4122320991662,25.5655438637725,24.0028443474316,25.9752486387881
"Q96SB4,Q9UPE1",12,13,12,13,12,12,0.21294743979124,0.37421271031047,28.9860535424849,28.9962814408045,28.7687652643602,29.0167763560491,28.4894271016638,28.424957212439
"Q96SB8",3,4,1,2,2,3,0.343197821842971,0.501656027955025,23.4594179063813,24.243471360266,22.8977980088361,23.8387242116561,23.5754336568164,24.4243351289491
"Q96SI9",6,6,7,6,5,7,0.367716477973837,0.520646360185178,26.2391753561385,26.623269150246,26.3918317444165,26.1237048878745,26.2300289115514,26.4413229397735
"Q96ST2",3,3,3,3,3,3,0.109144825576736,0.248091028540642,25.5423880454071,25.3714448198119,25.2544900501818,25.8463039154378,25.5259502525352,25.6187509224268
"Q96ST3",2,3,3,3,5,5,0.037059579625526,0.11906042412088,23.2296954018022,24.7757614538186,24.2473826422322,24.7003422387397,25.8759799259595,25.6990732470119
"Q96SU4",3,2,3,3,3,3,0.0770256361252939,0.195979337425316,24.6346171652129,23.7837666435832,24.3771922458523,24.9252463102637,24.8732812968625,24.5946512819408
"Q96SY0",3,3,3,3,3,2,0.188297328336216,0.346096862155446,25.0437236771099,25.0944403898779,24.7467835600028,25.5478846945972,25.3886061416235,24.8959333923552
"Q96T23",1,2,3,2,3,3,0.171640426441144,0.327214218731509,23.5108297214571,24.158436816822,24.5286243997056,23.9606477906175,25.2227035787139,24.9745233279468
"Q96T37",9,8,7,8,8,7,0.0779260166144812,0.197200683586577,26.7297995844708,26.7423396323899,26.4057537913539,26.8575715414669,27.0132181102168,26.9090072927992
"Q96T51",4,5,4,5,4,5,0.398793849506288,0.550896335777381,25.022167937356,25.4141590284496,25.055742069827,25.26420849837,25.1591632604044,25.5398963958331
"Q96T58",2,2,3,2,3,2,0.932782219014103,0.955400198280722,23.8135686151494,23.3307799877975,24.4132053952091,23.3955525323448,24.5940721564788,23.676645846284
"Q96T60",3,3,3,2,2,3,0.863883435683459,0.909330003135196,24.5898180176039,24.2493266134932,24.3437211839298,24.3428793000083,24.0965645456684,24.6437065255565
"Q96T76",7,7,7,9,6,8,0.253331676613121,0.413510941497477,26.4625449971111,26.4294929096632,26.299312884287,26.9995384550234,26.3464191858515,26.5774759766218
"Q96T88,Q96PU4",12,10,8,12,11,11,0.0437526807387608,0.134139603178916,27.4805947247644,27.1812781796926,27.4897206622964,27.7510089062391,27.6362977923965,28.0649582375046
"Q96TA1",5,6,5,6,5,3,0.0740520469519616,0.190969721986913,26.0903511633401,26.3134177602248,26.0762842008479,25.8895793236838,25.9739712289435,25.7964915251726
"Q96TA2",5,5,5,4,6,4,0.570091545094568,0.696320650260085,25.9340411521817,26.3283985989089,25.9165894031267,26.4787654038976,26.0350893254152,26.0181936569773
"Q96TC7",3,3,3,4,4,4,0.0107841942971833,0.0477182292761882,24.5395293137163,24.8422654194738,24.8409301197093,25.1360345101284,25.4616556531598,25.3131362633524
"Q99081",2,1,1,0,1,2,0.119957599420302,0.263352535397217,22.8028742436669,23.2850596846077,23.1622070646461,NA,23.3718396802842,23.5483881197846
"Q99190",1,1,1,1,2,2,0.376986393704296,0.530089798039803,23.9213798297436,23.4727843047893,23.5217721543152,22.7799665593061,25.4144413046925,24.6476118255452
"Q99257",2,2,3,0,1,3,0.0552481038195318,0.157920958411469,24.7723132499246,23.7798987109234,24.4908095613067,NA,22.6482986413016,23.7318409119114
"Q99258",2,2,3,2,2,2,0.0063573180845197,0.0315583080539487,25.2756295238201,25.5874995245553,25.8398849215176,24.9510455324156,24.6260219555841,24.7954123835075
"Q99321",1,2,1,1,0,1,0.000511143745891719,0.00548667710296006,25.0606094984058,25.2947601873861,24.7118329481392,22.150864607081,NA,22.8674882133586
"Q99383",5,5,5,4,2,5,0.107450048239995,0.245338898934363,25.9285377250603,25.5128478861128,26.0036170226242,25.1187526551956,23.4329083941042,25.612956745167
"Q99417",4,4,4,4,4,4,0.0418899395221571,0.129661993610443,27.4038962406558,27.1356820605694,27.4105001721384,27.5570492704807,27.7267690617705,27.6984333346068
"Q99426",5,5,3,5,3,3,0.692628783976426,0.791327952041186,26.1042080141196,25.6891628679782,25.8062382095027,25.9579293141378,25.6943510867471,25.7505546892214
"Q99436",7,7,7,7,7,6,0.405244039359517,0.555505801549915,29.173703622296,29.1504451754778,29.0424145883918,29.1755492550549,29.2703275954242,29.2090792653832
"Q99439,Q15417",9,8,8,8,8,8,0.972873768518091,0.982348413452751,28.159619504237,27.8005043361297,28.1022489300155,27.9764426589925,28.023542904969,28.0770752797818
"Q99447",5,5,6,5,6,6,0.0431173017088218,0.132547931533453,26.315019666348,26.3094580722292,26.4904253378482,26.5835270807251,26.7946683433038,26.6814539438163
"Q99459",18,20,20,19,20,18,0.238282383349262,0.399942690522198,29.1832923332213,28.7743365270652,29.0374917178508,29.2429799810638,29.2499892382759,29.0847291076966
"Q99460",21,23,22,20,20,23,0.292077545390963,0.452293877146495,29.9519586850679,29.8298999036616,29.7706387403371,30.1178599090967,29.7955539406817,30.1338147334392
"Q99471",4,4,3,3,4,3,0.592618167411959,0.714461966102896,27.6636217639188,27.4468762199064,27.1174239238497,27.1565934556737,27.877924259193,27.6028410614377
"Q99496",5,6,7,6,6,6,0.846714686729461,0.897887587368619,25.2018602294291,25.9177777612959,26.0257404188482,25.3247862136388,26.3719697634327,25.6610689336146
"Q99497",11,11,11,11,11,11,0.111242174153993,0.250116706993847,31.630489513897,31.4684567504919,31.5012881317662,31.7327224086472,31.7372207418202,31.7349660739435
"Q99504",1,2,3,3,2,3,0.175942106991052,0.332910780627614,22.8984612865793,23.7259705599829,24.2840828414608,24.0133701516092,24.1532581656095,24.4299695986329
"Q99523",3,3,3,3,1,2,0.132575582984998,0.280264045216665,24.0561507116513,24.3661803389678,24.4022994705348,23.5654758329781,22.6027511013682,24.340994276334
"Q99536",7,9,8,6,8,9,0.578854036713048,0.703632324936031,28.0380587138657,28.4284294938228,28.2112640704791,27.56319494555,28.27420818753,28.3899882866691
"Q99541",5,5,5,4,4,5,0.151450938596432,0.302504020086219,25.7391740431138,25.7467058257765,25.6967464100467,25.7965115823577,25.955361284336,25.9799439664776
"Q99543",8,8,7,7,8,8,0.68456501252798,0.784866948266561,26.7717468207689,26.8077512841269,27.3436502811141,26.5170670047849,27.1550001635827,27.6811364423205
"Q99567",9,9,8,8,10,11,0.0187451999127897,0.0718618504219719,27.3787299051788,27.3143242791129,27.2628679976261,27.5434704595419,27.9821802264013,27.9775775283882
"Q99570",1,1,2,1,1,1,0.41683266309288,0.567469593861449,22.9376917417612,22.7940989002348,23.905795836703,23.201019051124,23.0239894828869,22.473883195884
"Q99575",3,2,3,1,3,3,0.661320427072096,0.766305254839447,23.9568941163566,23.5026098819061,24.1036564047901,21.3428475467142,24.2025866488928,24.7676897219877
"Q99584",2,2,2,2,1,2,0.557011384003419,0.684744255948154,25.9180818890311,25.4135211893131,25.8912388320069,25.8166294852021,24.7381595053818,25.9825229899692
"Q99590",10,11,8,10,10,9,0.273098079326443,0.432594943710845,26.8380431640993,26.8386546823871,26.1056981520712,26.750649926413,27.0205286546358,26.8679748102508
"Q99598",6,7,5,6,6,7,0.130324869026027,0.276659866215325,27.4493229178748,27.3340223466669,26.9461608605858,27.47059650098,27.5180283141066,27.6124639645882
"Q99613,B5ME19",17,18,15,15,16,15,0.364232888425121,0.517964600060911,29.4310769271893,29.5163101269963,29.3792966726027,29.4205590239316,29.6478404766261,29.612497265876
"Q99614",9,9,8,8,10,10,0.418755020045043,0.569406975095525,27.518142750559,27.8343616367027,27.4971345192508,27.4645898134801,28.0034551412769,27.8813033679753
"Q99615",9,9,8,9,10,11,0.0606668458085089,0.167836355717658,27.6900925874788,27.541420592219,28.0395504271377,27.935179209227,28.3141953394438,28.4165134800479
"Q99618",2,2,2,1,2,2,0.310634675332705,0.469624696578482,23.4592772036904,23.017871328624,22.977881902408,21.735839198827,22.858300091358,23.3962612376707
"Q99622",2,0,1,1,1,1,0.0835207444429227,0.207528124263951,23.9713717604285,NA,23.4743761930711,23.3022726969297,23.3365799738158,23.2711579441461
"Q99623",10,11,10,10,9,9,0.923582847235072,0.948746892386039,30.344119845183,30.2818724132194,30.2806426993541,30.325489403799,30.3216890788162,30.2282214114904
"Q99653",1,2,1,2,2,1,0.926349729123263,0.950732837853842,24.854212128404,25.2216486133984,22.3272809144973,24.7963956473656,24.9736335832661,22.9064975852382
"Q99661",13,14,13,13,14,12,0.067487653536401,0.179940780498575,28.1472810368572,28.5402460563377,28.5160705395353,28.6529706891196,28.8374250203896,28.7367927106301
"Q99700",8,8,7,8,9,9,0.142834156336393,0.291547839466051,26.7091954939956,26.7572797282548,26.5455893078864,26.7225994713508,26.9289187896883,27.0886605512034
"Q99707",3,3,4,4,2,4,0.584850466937543,0.708800489544725,24.10274498282,24.2077678672995,24.8308486341349,24.7716636278526,24.1308846188522,24.7137258517313
"Q99714",11,11,13,12,12,13,0.0772289168572411,0.196065185889329,29.7923311086641,29.6264885338574,29.7735365127803,29.9472715120752,29.970187679865,29.973616176308
"Q99719",3,3,5,3,6,5,0.180144443631249,0.336811045838425,24.943074900843,25.2826319262882,25.7539933597439,25.1458501975486,26.4540606957387,26.2154867810247
"Q99729",4,4,5,5,5,4,0.134821512741448,0.283094568880294,29.1173869818937,29.0080172005256,29.0393315550989,29.4578251684019,29.182763970566,29.1891215918015
"Q99733",10,10,10,10,9,10,0.0729453139169743,0.189400410978507,28.8119717083208,28.9632642400069,28.9971765696927,29.1886661414273,29.1577464113172,29.1502176921417
"Q99747",6,6,7,6,5,7,0.961797056771428,0.974831853586148,27.3341556004265,26.9624112752674,27.1045102736095,27.3166242712608,26.6863533922547,27.3641534310755
"Q99757",3,3,3,3,2,4,0.184007306007122,0.341931295317511,26.4434843743359,26.2725740137121,26.0680680830185,27.0830563029043,26.1443318785484,26.7618404967679
"Q99798",21,20,20,20,19,21,0.463792439556513,0.611168217708256,29.8661911819885,29.7248421058313,29.6503960989012,29.7079934344784,29.8741547306236,29.9607250025768
"Q99805",5,4,5,5,5,5,0.289457909146727,0.450223996429379,26.025759247269,25.8197736372233,26.1031371394279,26.1608549496446,25.9866920762504,26.3035644208763
"Q99816",2,2,1,2,1,1,0.985826486844382,0.991258636320051,25.6844911059706,24.1533299263889,23.9214620914158,25.6835464157677,24.0120803878912,24.1000680288825
"Q99829",3,3,3,3,3,2,0.403681922472044,0.554030364114761,25.5565973466377,25.6902623260288,25.820533182565,26.2189063573467,25.8479987943047,25.5436456199721
"Q99832",21,21,22,21,22,23,0.185491240395717,0.343261031893917,31.7912573143006,31.8289903008136,31.8762442747855,31.8499898684747,32.0570722106389,32.1597405417195
"Q99848",8,8,8,8,8,8,0.329513261997241,0.489398888089921,28.8654115933757,28.8598031214052,28.8044413373968,28.8837254928868,29.0635696427924,28.9331527050872
"Q99856",6,6,5,5,6,4,0.472945094007148,0.619636852056464,26.3545359471842,26.3067276019057,26.0381490719611,25.9064357647294,26.27568376704,26.1548394944408
"Q99873,Q9NR22",10,9,10,11,9,12,0.0523628246061232,0.152249334514426,29.2684451342412,29.1280744368415,29.1338562010126,29.6029719073893,29.3429846981547,29.4858488571364
"Q99961,Q99962",6,7,7,6,6,6,0.497458643723309,0.641075235216309,26.6220709596598,26.6224294324917,26.8591590906473,26.8790800081087,26.5447977774574,27.0537690067987
"Q99986",6,6,6,6,6,6,0.0145723396488236,0.0597295718579815,27.5041445411974,27.4343540464981,27.531714750961,28.1269931159941,27.9097688828165,27.7896747049646
"Q9BPX3",7,9,10,8,10,11,0.191528904906278,0.348804336998977,26.4758035014348,27.1164701042201,27.2404990129089,27.0972433716597,27.2219165110234,27.7263366865203
"Q9BPX5",3,3,3,3,2,3,0.0176715741414922,0.0691404127216875,28.2173870014099,27.8246944315127,27.8311116467573,27.6253760503332,27.0188933023631,26.9847475597967
"Q9BQ04",1,1,1,1,1,1,0.955674005590758,0.970782634937661,23.2875182952201,23.223864783881,23.2670163655529,22.8393995779979,23.7410923101341,23.2396290838003
"Q9BQ39",9,8,9,8,8,8,0.169530483265595,0.324411939873173,26.5759661789871,26.6284167213012,26.5389164452658,26.7348564725459,26.7517497647044,26.7343158753483
"Q9BQ48",2,2,2,2,1,1,0.161402126672211,0.315474079639515,24.507975724402,24.4601100049556,24.6682900524618,24.7630278972598,23.6274755527256,23.6360213351265
"Q9BQ52",8,7,7,10,9,9,0.00305456841602447,0.0179573983426593,26.5594881250446,26.691543968994,26.5078680090066,27.4797404052764,27.3128099826697,27.0881816800731
"Q9BQ61",3,2,2,3,3,3,0.146706341932871,0.29587724663915,26.432470768431,24.765974561139,24.6131226159209,26.0323470612897,26.1034656979923,26.1780665407034
"Q9BQ67",5,5,6,5,6,5,0.132053513252479,0.279419354108446,26.6958664866689,26.5653994551534,26.4282616113028,26.7829274546975,26.923550116488,26.6784030411918
"Q9BQ69",2,2,2,2,2,2,0.0284601348125345,0.0977674209448662,25.1165507823451,24.9352331438847,24.9135738069493,25.6251802403878,25.256873530172,25.3518226291648
"Q9BQ75",1,2,2,2,2,2,0.261229064747139,0.420695420445266,23.6316235033242,27.7958300872193,27.6882169099555,27.559015319426,27.9571096313651,27.9067278960298
"Q9BQA1",9,8,7,7,8,8,0.265708042862557,0.424729433729899,28.861823376423,28.3727722103872,28.4424672761692,28.7780479606409,28.7432422981213,28.7532273664632
"Q9BQC3",2,2,3,2,2,3,0.617035075780125,0.73152651135887,24.3715329158841,24.9241000749989,24.8821290106114,24.4643161871084,25.0949893164236,25.0023200397386
"Q9BQE3",4,4,4,4,4,4,0.453804002041044,0.602168079497162,29.6264126791656,29.3129494167015,29.2432761708101,29.8151782578234,29.2799439293858,29.5451293265351
"Q9BQG0",16,15,14,14,15,17,0.263586950048203,0.422962949743194,28.1712628991059,27.7171653463897,27.7839205635027,28.0798448941745,28.0467539665756,28.1223539898586
"Q9BQT8",2,2,2,1,2,2,0.555261043808384,0.684251994017787,23.2161197644879,24.1594957241888,24.2048613943496,23.1143508220807,24.6513157989943,24.8216447707877
"Q9BR61",1,1,2,2,1,1,0.664390048001196,0.768885692283474,23.1302787455296,23.3773729310471,23.7530754178685,24.1306647566839,22.8825412597279,22.6705785571629
"Q9BR76,A9Z1Z3",8,10,8,8,10,10,0.355911703756836,0.510909122888195,27.7879435965101,28.1207663112818,27.8823340297176,27.806821438362,28.298260633543,28.2344451219133
"Q9BRA2",4,4,4,4,4,4,0.483988966824789,0.630124904867206,28.0397652446129,28.1331576591539,28.0581638606322,28.1405854220052,28.1031095502742,28.2255458660067
"Q9BRF8",3,3,4,3,3,4,0.867469850196195,0.91254445503192,25.633775825489,25.6656689601103,25.868059760069,25.7252510648459,25.2635179805794,26.3262556200849
"Q9BRJ2",2,2,2,2,2,2,0.0694403059513045,0.183113685404538,24.1554568804088,24.749103809775,25.052691753619,25.4901713049132,25.0677491983124,25.161555658057
"Q9BRJ7,Q96DE0",1,1,2,1,1,2,0.701957133049027,0.797194035591153,22.2101954102785,22.4149684007728,23.2136403093294,22.6281276310086,22.2247741384936,23.4853106819096
"Q9BRK5",1,0,0,2,1,2,0.303826743881493,0.463254547321983,22.7848647302764,NA,NA,23.8741998279116,23.017452657351,23.0507285524787
"Q9BRP1",4,4,6,5,3,6,0.305390416787493,0.464514000213891,24.5679953780054,24.7510807967567,25.423385555157,25.5283672028339,24.6596064281326,25.8272799011499
"Q9BRP4",2,1,3,1,2,2,0.361707544270082,0.516143202051959,24.3870011346043,23.4292185548006,24.3538949815217,24.0078734023981,24.5331945754416,24.5764656954961
"Q9BRP8",5,3,5,3,4,3,0.786008545171913,0.859690957342188,25.7383045655828,24.7877954431427,25.8573127520396,24.9003264613245,25.8189727408964,25.3465147179315
"Q9BRS2",6,5,5,5,2,5,0.57700443933821,0.701757998469985,25.9763703930553,25.6130876719787,25.4683016786614,25.8080582848436,25.0003985828435,25.7678093355486
"Q9BRT2",1,1,2,2,2,2,0.0212809083079503,0.0792518397558118,23.8662011314608,23.9465110222939,24.2282156058017,24.5127513789055,24.3911366739503,24.4368464821449
"Q9BRT3",1,2,1,2,2,1,0.255262886454062,0.415451048163906,23.902254663514,24.9053650395239,24.2764368154592,24.587686639621,25.1803407323726,24.5161691824605
"Q9BRT9",1,3,1,2,3,3,0.0671194255991644,0.179346058016906,23.655769072542,25.3793056958813,22.9217812868684,25.1578574333866,25.5738923707033,25.443690741118
"Q9BRU9",2,2,2,1,2,2,0.245485033101658,0.405486694836321,24.1447350105692,24.0185280111675,23.9247267099254,22.3417992957439,22.8591552218081,24.616494491866
"Q9BRX2",4,4,5,4,4,4,0.201781665144562,0.360849845703447,25.6355202802238,25.5911583532883,25.862686367242,25.6863645473596,25.9499318654828,26.2078190271845
"Q9BRX5",1,3,3,2,3,2,0.339680361059031,0.498751788590698,23.2129853906147,24.5270703762401,24.7262630797626,25.0840302061228,25.0149103916811,23.9573412332889
"Q9BRZ2",1,1,1,1,0,1,0.239179530900534,0.40037582400089,23.0372152956775,22.7725642007647,21.4833218544734,22.7898767270283,NA,23.5740052974678
"Q9BS26",9,6,7,8,7,7,0.672848767845279,0.775103689265055,27.9652414590701,27.6241083795285,27.6969573376783,28.0671675619721,27.4927842124842,27.9928546272751
"Q9BSC4",4,2,2,4,3,5,0.754268175187073,0.836202045006909,25.8514539100544,24.5786951325095,24.3706934834518,25.3740548187781,24.2334607467232,25.7340710187555
"Q9BSD7",4,4,4,4,4,4,0.362334496297907,0.51616140539492,26.2390114461157,25.8102396352982,25.990091319405,26.2826172703112,26.3062448296075,25.9585154517464
"Q9BSH4",2,1,3,2,2,2,0.351981666547794,0.507342926632238,25.2072743555602,24.3762917277315,25.0448631971259,25.6102533567227,24.9641472779993,24.9533080703849
"Q9BSJ2",2,2,3,1,3,4,0.347856869112365,0.505389502194461,23.7237648760289,23.9560645697793,24.3854262927224,23.6390817725399,24.624037414429,24.9825848299161
"Q9BSJ8",9,7,11,11,9,9,0.079838670302188,0.200895760572852,27.3622695731656,27.2930725778462,27.5081210912002,27.7336309068138,27.7959763371248,27.4971476962721
"Q9BSL1",9,8,8,9,8,9,0.217750569372535,0.378285642603771,28.222940126937,28.4238237545635,27.9806293808952,28.4409588957168,28.3897746311913,28.4036390311299
"Q9BSU3",1,0,0,1,0,0,0.802924558272984,0.86902534634433,23.4307136798647,NA,NA,23.3407502825688,NA,NA
"Q9BT25",1,2,1,1,0,1,0.0880067712258748,0.215621315968013,23.5989153742645,23.586687923263,22.9627753177746,22.9293757106533,NA,22.7517936856022
"Q9BT73",4,4,4,4,2,3,0.740345827321867,0.825582416094441,26.3022114195649,26.4155723622882,26.4784633704378,26.8872678566519,25.9084921975158,26.1180255923182
"Q9BT78",7,8,8,10,8,9,0.0123042647388459,0.0523619922934841,27.1320804806387,27.2050301072602,27.4060254341792,27.7298417176815,27.6361336912713,27.6974289782745
"Q9BTA9",3,4,3,4,4,4,0.005816286822241,0.0296137282177048,24.393348501139,24.7866393859765,24.2734623081153,25.1005571850229,25.3671725875085,25.2269473395585
"Q9BTC8",1,1,1,1,1,0,0.727489618255811,0.815041249331801,21.2071151597754,21.273882458725,21.3223846128638,21.8216909075252,20.9304130918417,NA
"Q9BTD8",2,1,3,1,3,1,0.366817352422971,0.519857335120719,25.6809055708843,24.5223965527992,25.3949554111132,25.069616022555,25.536820721867,22.5318728497697
"Q9BTE3",4,5,5,4,4,4,0.833140562331951,0.889602727518283,25.5765176245244,25.8491112774187,26.0379212231202,25.8895249787468,25.927739394535,25.7494163917917
"Q9BTE6",3,3,4,3,3,4,0.914077952692275,0.942378219250205,25.573043244448,25.7507734433268,25.4032794883375,25.7275938189464,25.3700172835677,25.6836111029055
"Q9BTE7",2,3,3,4,3,4,0.0329549669818167,0.108942434326846,23.3200841764302,24.0995183003031,24.0972109955249,24.7230264937132,24.2830181489902,24.8011273333467
"Q9BTT0",4,6,5,5,6,5,0.0556408616062287,0.158219724941517,27.8307198232935,27.5378623027124,27.781567106388,28.3384369782043,28.0608213605838,27.9142578911833
"Q9BTU6",1,1,2,2,1,0,0.166492479499297,0.320762411518867,21.3798825591046,22.2839919742365,23.1989162570457,25.0315100169941,22.5487053128056,NA
"Q9BTW9",7,5,9,7,8,8,0.231671925258454,0.392873204852887,26.2402198449884,25.5855804579128,26.316552923781,26.3063819199342,26.2477301176872,26.495328481292
"Q9BTY7",5,4,4,4,4,3,0.969534231346227,0.980605609856955,26.5711401564192,25.8429040946278,26.2131281181668,26.005543463994,26.3745492929681,26.2207217135262
"Q9BU61",2,3,2,2,2,3,0.0969238755675662,0.229837076425045,26.0203570029012,25.5319079888902,25.4525029167342,24.3765386113595,25.5595309092742,25.0647148555784
"Q9BU76",2,2,2,2,2,1,0.351423391515958,0.506858524216187,23.3953796578385,23.7479603145756,23.5003565987348,22.5599136809003,24.1063591052022,22.6403760753831
"Q9BU89",6,7,7,7,6,6,0.605753426730257,0.722847798258811,27.3711777311286,27.0058340666198,27.3269624707514,27.8627711976429,27.1021593929725,27.1447246812798
"Q9BUB7",1,2,1,2,2,1,0.0512602350852977,0.149903328499441,22.9594829824708,23.8468329322959,23.2872125251541,24.8067351071638,24.4530363122792,23.6179814779781
"Q9BUF5",10,10,9,10,10,11,0.0568601854782252,0.161015621447339,28.3225517697906,28.5197447520791,28.959663312115,29.3969304852255,28.827865615859,29.2427950862355
"Q9BUH6",1,1,1,1,2,2,0.0929968075948738,0.223879385882752,22.9494201347787,23.0330876888643,22.5005397735528,22.8069422933611,23.8661348052665,23.8519742485935
"Q9BUJ2",11,10,9,12,13,10,0.184669097496153,0.342671161359589,28.4931909939933,28.5845275778116,28.4301994155442,28.8113465864585,28.9128201976963,28.4749371294794
"Q9BUL8",6,3,4,4,5,5,0.354655458002433,0.509908036371604,27.1801476378814,26.2822066482321,26.6585416920652,26.8355965232104,27.0938187145659,26.9366148978716
"Q9BUP3",2,2,3,3,2,3,0.100688142729904,0.235069883253176,24.6409581455665,24.6705516535909,25.2691682147035,26.0240041934437,24.9307128370392,25.5591264920527
"Q9BUQ8",11,9,11,9,11,12,0.0268134200976212,0.0933762003704946,27.9700638425269,27.5121227054795,27.6587126848996,28.040372758065,28.2494797694484,28.4875929101862
"Q9BUR5",2,2,2,3,1,3,0.186436658479058,0.344063121351724,24.3014463606825,24.6758804726928,24.5813395052639,25.4126485562216,24.2807524648774,25.4039161202027
"Q9BV20",7,6,7,7,6,5,0.873448402828131,0.916648634391979,26.9551739361301,26.5685169096723,26.6332406921714,27.1035823185713,26.6038558030842,26.551031565799
"Q9BV38",8,7,8,7,8,9,0.58913092960624,0.71177689058118,26.9503014390462,26.9369709819277,27.3112400836482,26.7987849231009,27.3687931714315,27.4026379883884
"Q9BV40",5,3,4,5,4,3,0.532858135302335,0.666547522141281,26.5087577374525,26.5079718087743,26.7437562728273,26.3454173018343,26.626385492197,26.5164254818536
"Q9BV44",8,8,8,7,6,7,0.502240409450348,0.643963110711773,27.4962800941726,27.2820243478244,27.1173409793566,27.3466252492176,26.9890069734074,27.2154517007207
"Q9BV57",2,1,2,2,0,1,0.150833482120639,0.301534770128989,25.3226387842583,25.2252560648769,25.2770012792037,23.0123124060398,NA,25.2391460347304
"Q9BV68",3,3,3,1,2,3,0.4418774142169,0.591091865939531,26.3327546180822,26.1134508599213,26.1319155310804,26.001324981015,25.9111529452825,26.2939618708085
"Q9BV86",4,5,5,6,5,4,0.111052566916842,0.250116706993847,25.8974075291783,26.5075820492039,26.4513452244158,27.0146912439407,26.6285317951382,26.50656794409
"Q9BVC4",2,2,2,1,2,2,0.727209128958553,0.815041249331801,24.0206430910881,23.9409793272144,24.1180541462045,22.5233394720807,24.4976517374799,24.4506219047807
"Q9BVC5",1,1,2,1,1,2,0.783228367956043,0.857884229199393,23.4757861129676,23.9904635716915,24.6520289009525,23.755175505064,23.7247641402301,25.0463333305378
"Q9BVG4",3,4,4,3,3,4,0.579948068174989,0.704373015610725,25.6249590504422,25.5974474951294,25.7239770095883,25.4248496467512,25.4231795030967,25.8287941804349
"Q9BVI4",5,5,4,4,5,5,0.97922698411472,0.98641662550999,26.5633880560877,26.3086528970026,26.0902465322478,26.4647539643962,26.0144306925775,26.467083779442
"Q9BVJ6,Q5TAP6",12,12,12,13,14,13,0.0169909086292519,0.0669365502302653,28.036998471678,28.1379922212566,27.9685875840215,28.3691620637501,28.3921087749512,28.5482140389349
"Q9BVL2",4,4,4,3,3,4,0.943871611083786,0.963298051401394,26.3310062808564,25.6651797806493,25.0427334483637,25.4581000285382,25.959747856038,25.6977178023404
"Q9BVP2",8,9,9,10,7,11,0.509580656013886,0.649904096375552,28.0854935805391,27.9764680522293,27.9592237446715,28.3996280716158,27.9851467453439,27.9680311243851
"Q9BVQ7",2,3,3,4,3,3,0.298721690964213,0.458844563696545,22.9851974809622,24.2305559214203,24.4241904359029,24.7808340778636,24.7082490534471,23.7741823380271
"Q9BVS4",7,6,6,9,7,7,0.0144111046138932,0.059335252029405,26.5429026799931,26.4105779326948,26.4858066570273,27.1090769702374,26.8339594494764,26.8353605802752
"Q9BW19",7,7,8,8,9,8,0.735912166965773,0.822044883863334,26.9834569259331,25.4401250253582,26.1383715796316,26.1718226562012,26.5642477205148,26.248656435402
"Q9BW27",7,7,8,6,6,8,0.649465794218008,0.756101500522326,26.844656399591,27.1055230503779,26.9061031527209,26.9182310549541,26.9177564232701,27.2322796280648
"Q9BW85",3,4,2,3,4,3,0.290958299066042,0.451326678116044,24.6904672453459,24.404198814852,24.0425587392991,24.4967863132822,24.8783405613286,24.5043873457848
"Q9BW92",3,3,1,3,3,1,0.549818732886405,0.680671115177146,25.2482840058694,25.0265300715423,24.3604136162532,25.1655976667769,25.024621480502,23.4600685981236
"Q9BWD1",11,11,12,11,11,12,0.913530895422216,0.94224009606967,29.9434175983147,29.9312184668135,29.6827061094741,29.8401554725528,29.7457922049445,29.9273817034878
"Q9BWE0",4,6,4,6,6,6,0.0835172582596678,0.207528124263951,25.1558476370017,25.7887367312007,25.3459882361203,25.6293192226177,25.9739971984151,26.011400507187
"Q9BWF3",9,9,9,8,9,9,0.620814024771237,0.734670189625521,26.6627208000692,26.5188425440463,26.4598745300502,26.3258910729158,26.8933853051256,26.7010038107742
"Q9BWH2",1,2,1,1,1,1,0.274121343638513,0.433617419413705,24.3360342346627,26.3684143671919,24.174249878011,23.7744915184167,24.5330535702085,24.3012854639385
"Q9BWH6",3,4,3,4,3,4,0.308333590133342,0.467350960220014,24.2377405116279,24.7112426395653,24.1424531259191,24.7830005947597,24.306224202145,24.7303195215958
"Q9BWJ5",4,4,4,4,4,4,0.746939005430655,0.831294469053948,27.8836460426957,27.6216492566982,27.59729479406,27.3347994065342,28.0241700818866,27.9701637885681
"Q9BWU0",9,8,8,9,9,9,0.0587340019984678,0.16478752590222,26.3649759662613,26.2571380534505,26.2735516326249,26.600940438542,26.7512498204983,26.440722879438
"Q9BX40",6,6,6,6,5,5,0.935457711343078,0.957066176081435,25.9029014437528,25.7777238204167,25.8566967803711,26.0180508354459,25.9298027037612,25.5492512504618
"Q9BX68",1,1,1,1,1,2,0.748716378708961,0.832307814050811,22.9706019598672,23.7106106507391,23.5966999418515,23.2596828996394,20.139638655767,25.543170511424
"Q9BXJ9,Q6N069",16,19,19,21,18,18,0.0524016418800092,0.152258344849497,28.9343512043845,29.1488631815652,29.0066563432598,29.2883067123558,29.3807184725227,29.2673050771747
"Q9BXK5",3,2,3,4,3,3,0.594439044511446,0.715683540517635,25.2966112315664,25.0193666707794,25.103522418717,26.3124144428151,24.8167155904372,24.9873180180915
"Q9BXL5",11,13,12,13,13,10,0.474638823239203,0.621498941336752,29.2985688557754,29.5718296080011,29.3483754139963,29.5348966245979,29.6211010785448,29.37365512573
"Q9BXM0",2,1,1,1,1,0,0.37616068525187,0.529480112964835,24.6273092019825,24.2292958156184,23.5913590933978,23.3443391965621,24.1537167900979,NA
"Q9BXP5",15,16,16,17,17,16,0.533343435872489,0.666967922639975,29.452816502681,29.3770458102762,29.4047856479057,29.4310284019635,29.5053491800359,29.502260959975
"Q9BXR0",2,1,2,2,3,4,0.0210115234243617,0.0784463018253814,24.4855600843219,23.839749174215,24.6729929241116,24.825888610938,25.6107703188168,25.4708064098263
"Q9BXS5",4,4,6,5,3,6,0.639861228996448,0.748665536466221,25.9581393433849,25.517036433592,26.4310672422151,26.0674318116328,25.8312669984519,26.423500205215
"Q9BXV9",3,3,3,3,3,1,0.424686078492588,0.574560465623721,25.0980081008994,24.9121345725424,24.9978074924708,25.0602800268699,25.1224745585263,23.9799852671673
"Q9BXW7",2,1,0,2,2,2,0.89754921234553,0.932078194108879,24.1302257192421,23.2958139417539,NA,23.9683867590777,23.6120724957129,23.6798021724851
"Q9BXW9",2,2,1,0,0,1,0.403577312449664,0.554030364114761,23.5959746202937,23.139846073168,26.1291045248985,NA,NA,23.0001468584185
"Q9BXY0",2,2,2,2,3,4,0.0592421429904042,0.165805310627131,25.7345598295291,25.3557955018531,25.6277075956036,25.6687077300448,26.3305848520193,26.3356624398838
"Q9BY32",4,4,3,3,4,4,0.457910305009688,0.60559023334229,26.6098425846958,26.5119931705712,25.955414726166,26.6153064114946,26.5237343621451,26.4208251975776
"Q9BY42",2,2,2,2,2,2,0.446151716475859,0.595129862737681,24.0084821144128,23.8807764424751,23.7856753113868,24.0694241365348,23.9814053476569,23.9151113363761
"Q9BY43",1,3,1,2,2,3,0.000268520982582227,0.00399613699256041,23.2118500018311,23.7072655314894,23.1319155310804,24.9341784532395,25.4713280479639,25.6396599121898
"Q9BY44",15,14,14,15,17,14,0.0813920217398347,0.203346332517594,28.2853352937405,28.2941652289786,28.2720621682752,28.4848303941527,28.7037774191443,28.430030064906
"Q9BY77",7,6,7,8,6,7,0.379380027189137,0.531714803083516,26.6367961341227,26.5234764721445,26.8267556495739,26.8232735904458,26.65700454551,26.898011337283
"Q9BYB4",5,6,4,5,6,6,0.118552554714757,0.261607566373904,25.7444665385496,26.2900842868959,25.6209835827881,26.0695680534426,26.4926754556965,26.3197271719173
"Q9BYC9",2,2,2,2,2,2,0.0456221823172951,0.137560076491408,24.3183785880269,24.4409145213762,24.3714170154976,24.5553032256518,24.9089812743183,24.691198927414
"Q9BYD1",3,2,1,3,3,3,0.124650710138349,0.270297815072489,25.0149583861331,24.4591428350595,22.7891450943889,25.3835014387787,24.9944708108052,24.9954311247092
"Q9BYD2",3,4,3,3,3,4,0.82202484198847,0.882163568372477,24.5508643832594,25.2391894818728,24.4135296813621,24.6837031231357,24.5154612404028,25.2113062243666
"Q9BYD3",4,3,3,2,3,4,0.714182037500819,0.80579389334713,24.9749193729725,24.6150911304499,25.9246129521521,23.9156715716556,26.3166037175954,26.1217925935064
"Q9BYD6",3,3,3,3,3,3,0.00431271758665395,0.0234221638456135,25.1172643696186,25.2381875015546,24.9806567380842,25.6408262258796,25.6159387047619,25.7862069415524
"Q9BYG3",7,7,6,7,7,7,0.126205819679587,0.271837086580866,27.4260236207968,27.2354755353738,27.2211779423806,27.5569637292846,27.7716067848582,27.3607475777405
"Q9BYJ9",1,1,1,1,1,1,0.633721556144476,0.743579665414377,22.0966789821207,21.8875023056634,22.0928170107636,22.3689964120177,21.0744889155878,22.1069829335273
"Q9BYT8",3,3,3,5,4,4,0.0987629149577866,0.231962885252211,25.2143783600937,25.0440515851039,25.4653330085527,26.2320170621423,25.7823386141601,25.2901695047929
"Q9BZD4",3,3,3,3,2,3,0.373023351280821,0.526200534490757,25.3682394319489,25.014949117698,25.2302419925806,25.2378558193044,24.3958743378937,25.2114469442127
"Q9BZE1",4,5,4,5,5,5,0.00318789645480648,0.0185351423040692,25.654909265332,26.037514928811,25.9260153381837,26.49364349682,26.6940200469578,26.5536701770921
"Q9BZE4",4,5,5,4,4,5,0.761958161690615,0.842067135085413,25.4368720142029,26.1620735594608,25.9026805695524,25.9806578938607,25.6138069052741,26.136318366558
"Q9BZE9",4,3,1,4,3,2,0.333547962418742,0.493080299596339,24.7864021806527,23.8747445955712,22.4671045292849,24.7434966097698,24.5029169220757,23.8301465101588
"Q9BZG8",1,0,1,2,1,0,0.203565575766985,0.362256658392791,22.777028627443,NA,22.3871555421969,24.3017337166463,22.7348774786794,NA
"Q9BZI7",1,1,0,0,1,1,NA,NA,NA,NA,NA,NA,23.1934260849209,23.0828651231151
"Q9BZJ0",2,0,0,1,1,3,0.556560988187729,0.684744128401407,23.8859116826277,NA,NA,22.9293545643636,23.3054979274961,24.257184673107
"Q9BZK7,O60907,Q9BQ87",8,10,9,8,9,11,0.369120758744425,0.522310453285381,27.2664109937907,27.1780978315378,26.7805722706371,27.1534286580127,27.269137569294,27.2778422054452
"Q9BZQ8",1,1,1,2,2,2,0.0100565619369411,0.0452892749815648,22.5111012364746,21.9993913704005,22.5576992899484,24.2549996411524,22.987716233344,24.0720566332322
"Q9BZX2,Q9HA47",3,2,4,4,3,5,0.0439441904695596,0.13436554753494,25.8759056022942,25.7159512593556,26.7012247674901,27.0651239991012,26.6580878866583,26.8116546007482
"Q9BZZ5",10,11,11,12,12,11,0.343377900865251,0.501758482942753,28.6166086140979,28.9538299344652,28.955725570332,28.8648458241737,28.9500968939133,29.2134111909202
"Q9C099",0,1,1,1,2,1,0.143994749808418,0.292522021465242,NA,23.4421115529704,23.4397699864143,23.7864485945948,25.3727775930759,23.9495167126482
"Q9C0C2",3,2,2,2,3,3,0.122059263963441,0.26642792449819,24.6887280106074,24.4682514650697,23.6009774133981,24.5874856465112,24.9518582211458,24.8988635225814
"Q9C0C9",10,8,9,8,11,12,0.532376256876253,0.666310146466246,26.9225029867026,26.580425723975,26.9986182736822,26.7760209811925,27.012459728366,27.0347098882503
"Q9C0E2",2,2,2,2,2,2,0.43626395757499,0.585019451633481,24.7989100458608,24.3845225848205,24.3217742846166,24.4424784780509,24.4385051246923,24.1870032211899
"Q9C0G6",1,2,2,1,2,2,0.756964038551985,0.838172316474309,25.7235305771991,26.1213353430269,25.9516049289207,25.3595717277041,26.068065522776,26.1275458972519
"Q9C0J8",4,4,3,5,4,4,0.0952595532662943,0.227525697382636,24.7438890678454,24.697137808406,24.3690224079281,25.6169321315676,24.6464357795451,25.1771662180117
"Q9GZL7",10,10,10,9,9,11,0.59742423683418,0.717979285679012,28.8835149720096,28.916809407802,28.7991251611892,28.8448051714439,29.0025324883651,28.9364552871133
"Q9GZM5",2,1,2,1,2,2,0.373506871689137,0.526483722997451,24.0296733316651,23.5477908439788,24.1477256879414,23.8528409333717,24.1961002192193,24.295124196392
"Q9GZN8",2,2,1,2,1,3,0.23570881291418,0.396790997975826,24.1667029861249,25.108147645684,23.9981318596355,25.2804222380323,24.263347991768,25.4563626503153
"Q9GZP4",7,7,6,7,7,7,0.185650032000606,0.343261031893917,27.3285820031145,27.4529618379327,27.2654153410066,27.4141037909726,27.5769220031602,27.5926134337792
"Q9GZR2",7,7,5,6,7,6,0.659047897437739,0.764060103713079,26.639375511384,26.5424990530433,25.8458844964644,26.417575301763,26.8127715796678,26.1837794804021
"Q9GZS3",6,4,5,6,6,4,0.0645031856995379,0.175090197856292,26.8726604176367,26.317025594677,26.6267289601291,27.0175536115771,27.2242109259762,26.8629446825935
"Q9GZT3",3,3,3,3,3,3,0.233384339304853,0.394483922458364,28.3110975118208,28.5331148617056,28.4674754915555,28.2211753408407,29.1283550773955,29.0154459819131
"Q9GZT8",2,2,1,1,1,1,0.128949497374051,0.27541781248101,23.2471923695839,22.3248220786985,22.9606465328214,23.6024166469571,22.9141769757532,23.7783679259425
"Q9GZU8",2,3,2,2,1,3,0.625085231510592,0.737619975724604,25.5130343033081,25.7859324502896,25.4275660400344,25.8303119718398,24.7346690383752,25.6735336747122
"Q9GZZ1",6,5,5,4,5,5,0.96492557668488,0.977343716702192,27.9381108164907,27.9670963529131,27.9330257431419,27.500082478013,28.1377746093515,28.1717795703994
"Q9GZZ9",4,5,4,4,4,4,0.055653801342029,0.158219724941517,25.2863369897096,26.0046929268822,25.6154736610942,26.195688445211,26.095490712317,26.0663106927506
"Q9H074",5,4,3,6,6,6,0.03073486147191,0.103449081149324,26.7337166497837,26.3250255948521,25.9229244909901,27.033134424295,27.088071394992,26.8192922116475
"Q9H078",5,6,2,5,4,5,0.202653661750762,0.361817375941851,26.0021939619485,26.0894139955453,24.7831260472936,26.1097302590726,26.0280274905825,26.3514715036235
"Q9H089",2,3,3,3,3,2,0.735241394034975,0.821607086235191,23.9653405418654,24.7826073522572,25.2071079029341,25.1081431870068,24.8756741494971,23.3823292579946
"Q9H0A0",10,10,11,12,12,13,0.00761435052459222,0.0362461094455862,27.1974383335556,27.3636844502485,27.6821174202558,28.0277743314999,28.0095488991895,28.0808350618359
"Q9H0B6",1,1,2,1,1,2,0.729237496186779,0.816588477566049,21.7636452501643,22.6660043016159,23.2883917757028,22.1727161318233,22.547533116043,23.5598174445851
"Q9H0C8",2,2,2,2,2,2,0.191324185755396,0.348570661108673,24.0774833169702,22.3423893943598,24.06818823823,24.1149459472768,24.1828594673399,24.3950227664461
"Q9H0D6",9,10,9,8,11,11,0.133609578129276,0.281265812517344,26.7586571901698,26.7628426162635,27.0231749979198,26.7440677777086,27.6612685286728,27.5646586382287
"Q9H0E2",2,2,2,1,1,2,0.0703747024516404,0.185111736074246,23.8178549936954,23.9446694796026,23.9691575975551,23.1038587198178,22.8227729718253,23.892295257491
"Q9H0E9",2,2,3,2,2,4,0.517615553795873,0.655205925753821,23.8311820207721,24.0287772040789,24.4617834278208,23.3538399537528,24.8044422111589,25.2055955049757
"Q9H0G5",2,1,2,0,2,2,0.14663276149185,0.29587724663915,18.8769182931539,21.9403325790077,23.8919759995464,NA,24.3698199163648,23.995349401819
"Q9H0H0",1,1,0,2,1,0,0.390614683525407,0.544449797202232,23.6160565070859,22.0830522146857,NA,24.8756820771755,22.7198913775366,NA
"Q9H0H5",2,2,1,2,0,2,0.146265702587668,0.295677813049628,23.5445118033262,23.8484753448604,23.0981527464127,23.800852432846,NA,24.1455534194783
"Q9H0L4",2,2,1,2,2,3,0.249801005955855,0.410368091166947,24.4636326188177,24.324007726869,22.8279077222014,24.4327402960111,24.0572959025797,25.1065517216306
"Q9H0P0",0,2,1,1,1,1,0.131010345560089,0.277598326263412,NA,28.6698203022129,23.42954486248,22.9229754019167,23.6258897377367,22.9896172650432
"Q9H0S4",6,7,7,9,7,7,0.0577954520274809,0.162976527564662,26.5714656485502,26.7052048778916,26.5587209854123,27.1802217754654,26.8388160512301,26.8321611918941
"Q9H0U4,Q92928",6,8,8,7,8,7,0.264233051384489,0.423552768944497,25.8773806699272,26.2193020970004,25.4378317185448,26.5882559680798,26.8283684347188,25.5592923508428
"Q9H0W9",2,2,2,1,1,2,0.172706889403721,0.328560812952366,25.1670907089386,24.002758290424,24.551200233172,23.878149113434,22.0607431105952,24.5604252091977
"Q9H115",0,1,0,1,1,1,0.589454864668062,0.71177689058118,NA,22.3387481093182,NA,20.8627961108549,24.7013638629526,24.8254192925424
"Q9H1A4",3,4,4,5,6,6,0.00216231806945159,0.0139723725677594,25.1525010715177,25.4462933593634,25.4754896734635,26.0257359719739,26.0452840407247,26.2049772512525
"Q9H1B7",0,0,0,1,0,0,NA,NA,NA,NA,NA,21.5559471116443,NA,NA
"Q9H1E3",3,3,2,3,3,2,0.942793012572978,0.963059051356454,27.3773343338183,27.1308819150368,25.9887680202856,27.1195405952564,27.3520053301333,26.1342415855123
"Q9H1K1",2,2,1,2,2,1,0.796726028942401,0.865602320560903,24.0798647581219,24.27141131484,22.9863357872135,23.0403287018987,24.4499774619192,23.4479370431949
"Q9H1Y0",0,3,2,2,3,3,0.108252869899125,0.246678118121783,NA,24.6239405727224,23.8182081296188,24.5828550595461,24.959957656815,24.8479066241552
"Q9H223",3,3,1,2,2,2,0.519097373030641,0.656899366370536,24.6618956956481,24.8988806505462,22.6449665088794,24.4269855020387,24.6220501396198,24.4078511926482
"Q9H267",1,1,3,2,1,2,0.752520618655634,0.835076395598882,22.7868844004359,22.6692419238829,25.0903648545223,25.3203582956959,21.8604369678665,24.4500257005236
"Q9H269",1,0,0,1,1,1,0.00713871796878951,0.0343531976514955,21.2416235932897,NA,NA,22.3013579446087,22.3832266885163,22.6249075966545
"Q9H299",3,3,3,3,3,3,0.212488202904197,0.373756964414131,28.2577400770948,28.0179260635873,28.0522753012697,28.4245027402549,28.2686612838553,28.1850967115195
"Q9H2G2",12,10,15,13,9,14,0.985615988093629,0.991258636320051,27.2870704643568,26.8123871299182,27.2314074102914,27.3046507875087,26.6352472225042,27.4054852871663
"Q9H2H8",2,2,2,1,0,1,0.360784880641257,0.51531015199919,24.3261922221161,23.6541643777652,23.3901026015996,23.3299616988336,NA,NA
"Q9H2J4",7,6,5,6,6,4,0.808628104304376,0.872920353013858,26.7721716634834,26.8089116428668,26.4495015244321,26.9144969558881,26.8416652573322,26.4178708514395
"Q9H2K8",2,4,2,2,3,1,0.832108377267502,0.889011338897973,23.5067508523537,24.3974267686692,24.0261115846729,23.9328606105178,24.7160955602561,22.9578278111789
"Q9H2M9",6,4,4,6,7,5,0.0291833601024886,0.0992800065529852,25.3770922974442,24.2399092256314,24.7857588175971,25.7594936616577,25.8197821394338,25.4668627682063
"Q9H2P0",6,6,6,7,5,5,0.000672571796015912,0.0063125510015406,25.5627660848318,25.6012273458618,25.8273642532703,26.7863172541027,26.5686224497681,26.4780475307673
"Q9H2P9",4,4,5,4,3,5,0.891186231874108,0.927835312694883,25.9442064362841,25.9199468606113,26.0729691517992,26.4210948752466,25.1231772724306,26.2405602219421
"Q9H2U1",1,3,2,3,2,3,0.0757898170972642,0.194134276023425,22.8967998413459,24.1860437138869,24.2179788722443,25.0237566267265,24.2632629898507,24.7343893242231
"Q9H2U2",7,7,5,6,6,6,0.763317402266461,0.843160772188764,27.1531101156594,27.0645106405488,26.5760862378564,26.9222211793034,27.2518914521304,26.8184840761256
"Q9H2W6",2,3,3,4,3,3,0.0364610804896737,0.117801309627402,24.9584878144373,25.436826251281,25.5246020247664,26.072850255853,25.636560315378,25.88829588708
"Q9H307",12,14,13,13,11,11,0.308574984353758,0.46752543295312,28.5330930920249,28.8930336026844,28.5263522615991,28.81764376245,28.7935872513806,28.8155363197632
"Q9H3H3",2,1,2,2,1,0,0.176811138536263,0.333310914877038,24.0761993724081,24.0274003445537,23.7053140732128,23.9762891454122,21.5903636703787,NA
"Q9H3K6",4,4,3,4,4,4,0.0864049290332006,0.212495572102135,27.8841702063931,27.9762333264521,27.7715350371004,27.9917121087207,28.2589425527109,28.1798025764946
"Q9H3M7",2,1,1,2,2,2,0.300153813669707,0.459960261323884,23.4561782676326,21.7637655064921,21.9114706132232,22.1050574071513,23.490712799963,23.6412538051045
"Q9H3P2",5,5,4,6,5,6,0.241574586747309,0.402277775170917,25.8312092042483,25.8186429327792,25.5357173711447,25.8402152240672,25.7834059375575,26.2700774759879
"Q9H3P7",6,8,6,7,7,8,0.11313398941101,0.25255159350519,26.7703297741558,26.6229093310545,26.3237310278314,26.8246953852203,26.8954434561821,26.8310168315256
"Q9H3R5",3,2,2,3,3,2,0.34386409543383,0.501986561078122,24.4137503675984,23.6741218219905,23.984372491323,24.0248950820354,24.7256898348662,24.1621017955697
"Q9H3S7",3,3,3,3,4,4,0.00247778050901633,0.0153373604913602,24.6700039990356,24.8062519851402,24.962930418875,25.3672412846208,25.664281243243,25.612717035099
"Q9H3U1",7,11,11,11,8,12,0.220782723520787,0.38123042570092,26.5988355416529,26.8499724165455,27.1277546115982,27.0228898085135,26.9711637709067,27.3819229662654
"Q9H3Z4",2,2,2,1,2,3,0.391389676466876,0.545030434689221,23.353764084244,22.8175658458267,24.1023159837693,22.0727976079023,25.2826827165216,25.7463117863463
"Q9H444",5,5,5,5,5,5,0.897316174477565,0.932048357915904,27.1624311437644,27.5900911304746,27.3348312156894,27.3834628490838,27.2937942426501,27.4705712708736
"Q9H446",2,1,0,1,1,1,0.658552511816677,0.763679857373584,24.6291865706532,23.7576949583325,NA,24.181531812684,23.9534396035698,24.030548676658
"Q9H479",2,2,2,2,1,1,0.526642366582789,0.661857431501565,26.4838838077557,24.4700129651072,24.3417345867267,26.2707742933513,23.6577969196914,23.4238494139236
"Q9H4A4",16,17,16,17,17,15,0.0792124282724239,0.199540087122473,28.780853481803,28.894326162077,28.9114706132232,29.1365555050514,29.1720507695664,29.0018065446144
"Q9H4A6",2,2,2,2,2,2,0.0776507184087101,0.196801431878075,25.268259418183,25.0094172626407,25.0245555843799,25.6626783774561,25.3832970865871,25.262559365524
"Q9H4E7",0,0,1,0,2,2,0.0036082824879858,0.0204484282114177,NA,NA,22.5421430444671,NA,24.5638164189669,24.5631294181261
"Q9H4L4",3,2,3,2,2,3,0.479637293126423,0.625563775004646,24.6781878909949,23.7746389018822,24.2473220031367,24.0148656374287,23.9120749164695,24.2069723751409
"Q9H4L5",2,4,2,3,2,2,0.994874729753294,0.997145380691002,24.0840684712298,25.1627668057612,23.7159580713708,24.1605171953278,24.2927952039761,24.5017432567591
"Q9H4L7",4,6,3,5,5,4,0.137871460857339,0.287069650584747,25.2042130438095,25.6212289872229,24.7704383154798,25.973138511819,25.5209463731995,25.4665975100237
"Q9H4M9,Q9NZN3",14,15,12,14,14,14,0.304479647957796,0.463939931190202,28.1608637899029,28.07063618196,27.9055749128731,28.3362455674954,28.2942103046691,28.0013233872905
"Q9H501",5,6,8,7,8,9,0.511369885208597,0.651246867859679,25.5392298164343,26.2213158940069,26.4501602592232,25.7001253596729,26.4630255406406,26.8303297793461
"Q9H583",27,25,29,27,26,31,0.0736578822610907,0.190599693065851,28.6482360427518,28.5020817219299,28.6179909062683,28.9447565406286,28.7151248458966,28.9003318146072
"Q9H5X1",2,3,3,2,2,3,0.360724057510196,0.51531015199919,24.3698871137404,24.7742933254889,24.8837293380533,25.0968903899573,24.4550471411985,25.2552749025395
"Q9H6F5",8,10,6,9,7,8,0.487371372936237,0.632542874348539,27.6909916029563,27.7512563978939,27.557987784461,27.7463651947989,27.5982227315762,27.9728641040251
"Q9H6R4",11,12,11,12,11,11,0.432415911831664,0.581235528519681,27.2922141202768,27.4771171646274,27.9599177373287,27.6510886080277,27.9650360072392,27.6502614039591
"Q9H6T3",10,9,10,10,10,9,0.294420871086487,0.454841860445835,27.1521311692376,26.8767781346128,27.238441231525,27.2508808208448,27.1975466417005,27.2904692648191
"Q9H6V9",3,2,1,3,3,3,0.0702616849122046,0.185065708180992,25.2585084468386,24.9750215341268,24.0681195793345,25.3120698266463,25.4679758972206,25.7257210709612
"Q9H6Y2",2,3,1,3,3,3,0.0556948883460056,0.158219724941517,23.3251271094499,24.9989921353364,22.2634228024837,25.1073957250169,25.1245348828556,25.1775984430234
"Q9H6Z4",6,8,7,8,7,8,0.049412990255347,0.146205672091275,26.9835792244998,26.9736488192304,26.9384819515475,27.1640259811049,27.2275912643405,27.2698410156741
"Q9H773",7,7,7,7,7,7,0.0507986531339957,0.149031161155813,28.0694513751576,28.024206773707,27.9700121958011,28.3912562788405,28.3112691355287,28.1926007615927
"Q9H7B2",2,1,2,2,1,2,0.551878632225471,0.681924533522833,24.4681147817733,23.4696928523051,24.0151841747536,24.5761175745467,21.6678239992623,24.1859294411213
"Q9H7D7",3,4,2,3,3,3,0.501510711676194,0.643941828273701,25.0577314417695,25.5134432976347,24.7313447558664,25.7100989773966,25.2490827953556,24.9501492979231
"Q9H7N4",3,3,3,2,3,4,0.320668714559137,0.480263428790307,24.3829270822859,24.2853022358929,24.028230702329,23.9620955529476,24.5350263904585,25.4715409721383
"Q9H7Z7",6,4,6,5,5,3,0.696097818022846,0.792996135220094,26.4475507827289,25.5499374677191,26.2185976032401,26.2908293121387,26.4976156082325,25.7978744610848
"Q9H814",2,1,1,2,1,1,0.335937259493185,0.495150041884125,23.9441813006915,22.7414515467719,23.7620164516088,24.1881746784626,23.6150064300666,23.7698890255414
"Q9H832",2,2,2,1,2,2,0.607941146503113,0.724510843873355,24.4067628798496,24.7067676212029,23.8432188694714,23.1367947561574,24.6280037705954,24.4494292497788
"Q9H845",2,2,0,1,1,0,0.66820202198473,0.77231761446525,22.9781440647515,24.3631962431495,NA,22.5077608904883,24.1035131777126,NA
"Q9H871",3,1,2,3,2,2,0.821059954852963,0.88154283691203,24.4313593896683,24.2934042284145,24.1755888653945,24.8922668426246,24.1963673602331,23.9930592793842
"Q9H8H0",10,9,8,10,8,9,0.140831595775742,0.289402585553575,27.6173181556498,27.17450130946,27.1558893408896,27.8533286245648,27.4039159646881,27.683103826163
"Q9H8W4",2,1,1,1,1,2,0.749941425603278,0.833227662835401,24.7992991746672,24.7394878656877,24.8500634132788,24.2001429382406,25.0482963951879,25.4692773211396
"Q9H8Y8",6,6,6,5,5,6,0.537426599158108,0.66950850501346,27.2504404098741,27.3299131468851,27.3830272465441,27.3615908953408,27.3147593628885,27.5142169657675
"Q9H900",1,2,2,2,2,2,0.142115660743877,0.290862110504068,22.5272993299972,22.8162739576606,23.1207046981919,23.040407023042,23.0642211337773,23.3311852545508
"Q9H910",6,8,8,7,8,7,0.471347515793918,0.618579070994806,28.0522379369607,28.4027742893767,28.3067007336038,28.0797258157179,28.3407710493106,27.9695919197492
"Q9H936,Q9H1K4",2,3,3,1,0,2,0.0449489966682848,0.13606988905157,24.5763878915949,24.8073079917465,24.9673180351187,23.4518716916846,NA,24.3763797334088
"Q9H939",1,2,2,2,1,2,0.715294063124386,0.806119445645615,23.4327216064809,23.9125271746731,24.1644567065192,24.2896766709444,23.2393150890883,24.4076055648208
"Q9H944",2,1,1,2,1,3,0.452738673589976,0.601191753180936,23.6369827498445,23.5765165823735,23.4431623196188,23.4593307595525,23.3358688248041,24.9214047365371
"Q9H967",2,2,1,2,2,3,0.1698105131781,0.324782840488126,24.7948457213982,24.6141259556081,24.1413440880976,25.0360832143679,25.1203643607913,30.3345000306834
"Q9H974",2,1,1,2,2,1,0.479491199349522,0.625563775004646,24.4447108309439,23.3907355081168,23.2776249033472,24.3509536637002,24.2460751207736,23.4351002058215
"Q9H993",1,3,3,2,3,4,0.111825246016204,0.250809622579116,22.5466324395054,24.7226161298118,24.3336464966965,24.4554592070619,25.1281800603055,25.5466881920728
"Q9H9A5",2,4,4,2,3,4,0.891267694282364,0.927835312694883,22.8474652625218,24.2391581805192,24.458172698218,22.7880587324553,24.2789037174844,24.7595807636839
"Q9H9A6",3,4,2,4,4,5,0.100148057358289,0.234362979373697,25.0288202548446,26.2368086413632,25.2201741672575,26.0160858019401,26.0915704079031,26.379561084325
"Q9H9A7",2,2,2,2,2,1,0.260463222298006,0.420339693165278,25.8899104232653,25.8702041026156,26.0520670300061,25.6865522272143,26.0615547478948,22.1557684792302
"Q9H9B1",4,4,4,4,3,4,0.718769752130724,0.808638128044479,25.032040346209,25.1121867015353,24.9009469544636,24.8320662149816,24.9635196099272,25.1029911933099
"Q9H9B4",5,5,5,5,5,5,0.35377680880173,0.508965563466884,27.8233591183422,27.7165471889959,27.8637646257969,27.7514575054469,28.0340434611103,28.010753794357
"Q9H9H4",1,2,1,0,1,2,0.26166047830287,0.42087119000405,23.1765275581579,23.8768384929502,23.7203335904378,NA,22.6723634816483,23.5772848966089
"Q9H9J2",4,4,4,4,4,4,0.461127803593581,0.608699374998239,25.760085742659,25.7046382485136,25.5380243937539,26.3410523494027,25.706030603762,25.5168525463515
"Q9H9Q2",1,4,1,1,2,2,0.817793498719045,0.879484663167441,22.3354977315999,25.0031269926777,NA,22.1785280668652,24.8182207497191,24.9002608906096
"Q9H9T3",2,2,1,2,2,2,0.429879703839396,0.579760199125832,24.3069301125533,24.2531136241878,23.4851125778089,23.9561919862668,24.3598374726304,24.4199577955049
"Q9H9Y6",1,2,2,2,2,2,0.0881722262768389,0.215679193713104,22.259898560147,24.1411867433146,24.0298532538284,24.5116219018867,24.6517704263772,24.4676877041286
"Q9HA64",2,2,1,1,1,1,0.337252406561246,0.496144946382588,24.5002005798486,24.4681980526915,23.6309416871047,23.9275771685881,23.7904128415343,24.0501149710803
"Q9HAN9",2,1,2,2,2,3,0.15041430118642,0.301295019234676,23.600064474318,21.8809048475342,23.7429608250262,23.7121899292691,23.7820123300066,24.4378691795042
"Q9HAU5",4,5,3,3,3,4,0.513357594302159,0.652531999221635,25.2250105851582,25.2398153663715,23.5910724177802,25.1690493600712,24.6863533922547,25.2203546622481
"Q9HAV4",18,19,21,22,19,18,0.0418124114313242,0.129661993610443,28.9386155641704,28.8423169360173,28.9775483804199,29.3628392085272,29.2731005116312,29.0917932329696
"Q9HAV7",4,4,5,4,4,5,0.811955813823535,0.874856500392765,27.4875966437971,27.7304199014546,27.7044308806288,27.5241728109053,27.6955327520117,27.8045011589651
"Q9HB71",9,10,10,10,10,11,0.132954581099276,0.280545235418547,31.2734179411793,31.2703836117826,31.1630189471307,31.5795091991253,31.3696694057272,31.3781475813337
"Q9HBH1",2,1,2,2,1,1,0.168326787507464,0.323465376836164,25.9801999725705,24.5321890441638,25.293187279311,25.1396489703788,24.3714769622908,24.2644595239033
"Q9HBM1",5,5,5,4,4,5,0.503003279171968,0.644760033600033,26.5118645986159,26.6463489562183,26.412799934986,26.6029304774219,26.5402273233102,26.6828501208883
"Q9HC07",3,2,3,3,3,3,0.0532347590977094,0.153609722330013,26.0201423995246,25.6619376893355,25.8226510200039,26.3244847414737,26.2154726684886,26.0427790172326
"Q9HC35",4,4,3,4,5,5,0.916752082969523,0.944024556595935,27.4212460328032,27.4447062434076,27.5094490448261,27.5260967543862,27.2810463654731,27.5281945469135
"Q9HC38",9,9,9,9,8,10,0.112769593739025,0.252307448081133,27.6724488722487,27.6774059846779,27.3049174042814,27.8216367923449,27.7329206329323,27.9576348775127
"Q9HCC0",3,3,4,3,4,3,0.271018008462491,0.430046662471612,25.2771070200122,25.0702227556613,25.5447507180933,25.3259111534364,25.9052274415607,25.4350098236652
"Q9HCD5",2,4,3,4,3,5,0.0583835536440748,0.163905090291858,24.9790963290205,25.8057025560779,25.4084136881455,25.908582672681,25.7960938515355,26.3362594249398
"Q9HCE1",14,13,13,11,13,15,0.997834883182147,0.998929720666438,27.6326844691624,27.5540576023811,27.5593317016899,27.3510720678236,27.4993848781919,27.8941812196292
"Q9HCG8",3,3,3,3,3,4,0.184705915340471,0.342671161359589,24.5104223530961,24.3557666309184,24.5013230922842,24.5561936301965,24.6004113119051,24.7388870555435
"Q9HCN4",2,2,2,2,1,1,0.00144516605733616,0.0105299618742351,26.2590339378163,26.5741114082025,26.3237310278314,25.4273224534829,24.5662300485747,24.6167070123114
"Q9HCN8",3,4,4,4,4,4,0.149599736493713,0.299988570498602,26.7757071625838,27.5021143299975,27.267584526441,27.5076263467277,27.5046077983443,27.5536701770921
"Q9HCS7",5,8,5,8,7,8,0.0089330599852611,0.0413312572543216,25.4660505146684,25.685859457578,25.2124293824949,25.9982790092508,26.2356935682054,26.0292520692763
"Q9HD15",3,3,2,3,3,2,0.931518592564841,0.954534550602158,24.9056147588272,26.1129384967794,24.592743889737,25.8659648832557,25.1763286730232,24.7006529912811
"Q9HD26",3,2,2,2,3,2,0.366078969570317,0.519294856710133,24.925408923241,24.2486426507414,24.0042451357374,24.5029093927749,24.9858423490986,24.5218540154167
"Q9HD33",4,4,2,4,2,3,0.850683549857087,0.900630855058721,25.565317733151,25.2188577318159,24.2584369049726,25.4889522673291,24.3497054172608,24.9454615854271
"Q9HD42",2,2,2,2,2,1,0.153011264246739,0.304686768875435,25.2727500516953,25.4804840775955,25.185560207566,24.6816332140243,25.3820450527356,24.7935806877591
"Q9HD45",1,0,1,2,1,2,0.0241638645399617,0.086471024931921,23.2574407065351,NA,23.5122148494711,25.0561704016618,23.9495357202126,24.9262568785461
"Q9NNW5",3,3,3,3,4,3,0.00645172882144885,0.0318678878312701,24.1643744584888,24.3337731929916,24.5463288354759,25.1795774225514,25.0602833061793,24.8218291230917
"Q9NNW7",4,4,4,4,4,5,0.403250358069438,0.554030364114761,26.1506723948969,26.0252418293828,25.9819510519827,25.8026428430627,26.0554317650986,25.9642887497406
"Q9NP58",1,0,2,2,1,2,0.408614927111925,0.558950913788486,23.0778866065231,NA,23.5026954176393,23.2128295434226,23.0655476065009,29.8726816311922
"Q9NP66",2,2,2,2,2,2,0.587032974777496,0.710356612980089,24.9682109867893,25.1173388846536,25.0898576907206,25.111268984719,25.2316806867108,25.0333772179675
"Q9NP77",4,4,4,4,3,4,0.58545049378518,0.708817715670911,26.0112200871446,26.2526950585316,26.2444842768217,26.1995731794261,25.5147473529911,26.3650550314747
"Q9NP79",3,3,4,3,3,4,0.169902981663694,0.324782840488126,26.6041904911163,26.5690150778543,26.8581667291824,26.9717017944294,26.8955805619119,26.7875525740977
"Q9NP81",6,5,4,5,6,7,0.018707107393621,0.0718349626154446,25.9114633042065,25.6603489723688,25.1841354172725,26.0872797076256,26.3900276792384,26.4946637514045
"Q9NP92",2,2,2,2,2,2,0.283159579090365,0.444061189346939,24.8643958376626,25.1876341402042,24.6725413904968,25.1433455575594,25.0456794621444,25.1090464265254
"Q9NP97,Q8TF09",4,4,4,4,4,4,0.189329742586433,0.346919793718124,26.8299038192893,26.4641864780216,26.4263881549062,26.9566070607258,26.7476694031807,26.7238726465689
"Q9NPA8",3,3,3,3,3,3,0.501800350616617,0.643941828273701,27.2663104680588,27.328222043262,26.6746398235607,26.2581599820457,27.5254896275873,26.6922076287597
"Q9NPD3",4,4,4,4,4,4,0.688063632778316,0.787647047176541,27.2536892670746,27.1519007420079,27.110606588894,27.4218278230917,27.3008510300461,26.9850562567147
"Q9NPD8",3,2,3,2,3,3,0.193931293484013,0.351077206696058,25.6675701997306,25.0703283225753,25.7005383971663,25.5280181355588,25.8346174762385,26.2088942643854
"Q9NPE3",2,2,2,2,2,2,0.0843812789544459,0.208983384685224,25.6841299431338,25.4922199098109,25.4000647194721,25.8807212995723,25.6978460121157,25.803556349369
"Q9NPF4",4,3,1,5,5,3,0.04892406169745,0.14530701136964,25.9469686813405,25.2401594871422,24.2416713972985,26.5093072425656,26.6598486007686,25.817767920717
"Q9NPH2,P11986",6,6,6,5,6,6,0.455699148107425,0.603980102750166,27.1309767432726,27.0888582846073,27.3186899078986,27.1983233048568,27.1911938470613,27.4872297396265
"Q9NPI6",2,2,3,2,2,2,0.226453322447602,0.387151467101854,23.8865396694517,23.7955640496665,24.5176551863794,24.3156336383507,24.4951205025808,24.2852645871799
"Q9NPJ3",2,3,3,1,2,3,0.139881660136877,0.288620594095175,25.2762286911468,26.0732986220598,26.0234760075823,23.6510565513435,23.1071170720107,26.264629059262
"Q9NPJ6",2,1,1,1,1,1,0.339283485302596,0.498329446217141,23.8121369875726,23.4520843888176,23.6105320333593,24.0546686791056,23.5085932950749,23.9027030326077
"Q9NPL8",1,2,2,2,2,2,0.915022864489353,0.943139247130689,23.8802474662338,24.4533801257875,24.2430709202131,23.9835376019367,24.3156818349719,24.3431793019818
"Q9NPQ8",6,4,4,5,6,4,0.4577303951845,0.60559023334229,26.2562426026919,24.8310945101756,25.1310613015671,25.090805547919,26.4376767902253,25.8764527026454
"Q9NQ29",2,2,2,2,2,2,0.689188302393817,0.788439715641287,24.6872269856047,25.1958181517772,25.1400055840659,24.7623158068994,24.9795956770879,25.6261326181372
"Q9NQ50",2,3,1,2,2,2,0.878260340715947,0.92001271949164,24.683437461544,25.1897735796089,23.2455623597336,24.4108700437953,24.5286048362276,23.9300670221171
"Q9NQC3",7,7,6,7,7,7,0.952053753999234,0.967967289000336,28.1545772909155,28.1808708343357,28.0681539091907,28.0137566339785,28.2065817030876,28.2051097564992
"Q9NQG5",9,8,8,9,8,8,0.236508811300859,0.397404492506269,27.1324114372544,26.8897971286474,27.1184188859863,27.5138975996247,27.1910821444526,27.0756749096089
"Q9NQP4",1,1,2,2,2,2,0.083985297787253,0.20845534739143,26.1856011820282,25.474673223927,27.4198790892837,27.1638013147429,27.5289407352283,27.4780475307673
"Q9NQR4",4,2,3,6,5,4,0.0227483113924601,0.0830032224645352,24.9643989804485,23.7746389018822,25.4457806176463,26.0917978541291,26.164520978532,25.9137715257237
"Q9NQS7",3,2,2,2,2,3,0.534698729512795,0.668068978773313,25.0656554295057,24.3291340149539,24.4502919700957,24.534948741004,24.6205910630048,25.2569460899937
"Q9NQT4",5,4,2,4,4,3,0.722024135115592,0.810700001082287,27.0985954162826,26.7932208013921,26.5339536091339,26.9243447418445,26.7856121993591,26.9088988317202
"Q9NQT5",7,7,7,9,9,8,0.252145046416852,0.412475524969164,27.8747059983424,27.4168874584897,27.4516742087606,28.2734422461059,27.8141503090324,27.5555420515517
"Q9NQW6",1,2,2,1,0,1,0.510805372743814,0.650738372090834,22.8378212980138,21.4199476803786,23.3573265558324,21.7747269259462,NA,22.4007356340811
"Q9NQW7",5,4,3,4,6,5,0.0120831330399377,0.051661905274785,25.3918748594982,25.2635538805064,24.9676493295099,25.6416976621885,25.9961852132087,25.8006831286424
"Q9NQZ2",2,2,2,2,2,2,0.586269743589924,0.709621270962386,25.141844802509,25.2226621423382,25.3567926666356,25.1399688026959,25.3685561264863,25.4475488165387
"Q9NR09",3,3,3,3,2,4,0.801276148717554,0.868271209132894,24.4836244157606,23.5215732141888,24.302409737997,24.6216511091961,23.3617759811712,24.6767987308325
"Q9NR12",5,9,8,9,10,10,0.0224102234390732,0.0822590224283026,25.9345473254522,26.426334674362,26.786322358125,26.9235487721465,27.3166037175954,27.2198301412313
"Q9NR19",1,2,2,1,1,2,0.892347213982657,0.928366702437601,23.7006208023444,24.3644594985894,24.7032819213663,24.1394661772153,24.053663515474,24.7091488644184
"Q9NR28",5,6,6,6,6,5,0.545876784869262,0.677261325149191,28.8777689414008,29.0531382976714,28.984795371032,28.8071451343526,29.32695992442,29.0999397675769
"Q9NR30",25,25,27,27,26,26,0.0504170883729744,0.148293202551585,30.8157202654995,30.6072151725195,30.6546889855469,30.9737377900579,30.9742990592234,30.9594818921044
"Q9NR31",4,3,4,3,3,3,0.316753585744209,0.475808316814317,26.7423721065823,26.5854819753938,26.4810442209309,26.9687468990609,26.685005545853,26.6352610491498
"Q9NR45",9,9,9,10,10,10,0.00244638607883267,0.0152049227406466,28.9153727100213,29.0133347994392,28.7053968448041,29.5886284217351,29.5033038398885,29.497778831972
"Q9NR46",5,6,5,6,6,6,0.601108215197715,0.720636851969267,26.6372159855562,26.6113474757089,26.1753020441261,26.6690243674582,26.6871456552544,26.3683876399427
"Q9NR50",8,9,7,10,6,7,0.830161096287805,0.887762522565627,27.5818104986207,27.1885097489237,27.2743701830246,27.4967863132822,27.1966567071879,27.2431607747706
"Q9NR56,Q5VZF2,Q9NUK0",3,3,3,3,4,4,0.0336302911309671,0.110454563095372,26.2579018731576,26.4097438441915,26.1164614744245,26.5329495970508,26.6476247714781,26.6516880814207
"Q9NRF8",1,0,1,2,1,1,0.71127280666469,0.804192839925372,23.7502285680993,NA,23.4312540904218,24.1994416646621,23.6035033306016,23.329371032577
"Q9NRF9",1,1,2,1,1,1,0.135803491799035,0.284321032394307,25.7981870995016,25.8737569935376,25.9290050670511,26.709221720532,26.1719885135679,25.892141640386
"Q9NRG9",6,5,7,7,7,7,0.0270361943021029,0.0940084743949646,26.5543101878396,26.2296424544468,26.7569140765613,27.3933657628598,26.8790341313823,27.0769304769204
"Q9NRK6",2,2,2,1,0,2,0.138728233109673,0.287559831052306,24.4397987363009,24.4914054438528,24.4349327368532,23.5550976696151,NA,24.3813914889926
"Q9NRN7",5,5,4,5,5,4,0.641735203775715,0.75008864966047,27.3879069727181,27.2339841341812,27.1891002550126,27.0551048241306,27.5610184556972,27.4437955538639
"Q9NRR5",3,5,6,6,5,6,0.0506468875140969,0.148777270340831,25.8234411106153,26.4543781293705,26.579582513013,26.7193621941328,26.8962658951825,26.9007409234473
"Q9NRW3,Q8IUX4",4,5,4,5,5,4,0.0396939465363525,0.125230832710125,25.4852837191966,25.3581609545416,24.7212071040518,26.1549893187928,25.6578939152009,25.7694350961697
"Q9NRW7",2,2,1,2,1,2,0.475610832024267,0.622235909290137,24.2503997528255,23.6433244372051,22.9388987846524,24.6538108260167,23.1293184579882,24.198194419451
"Q9NRX1",6,7,6,6,6,6,0.29675706277647,0.456903719333869,26.7546497013683,27.2182703249563,26.9173899579401,27.272504856233,27.0887910633014,27.0776060992968
"Q9NRX4",1,2,1,2,2,2,0.33136070411795,0.490870983916847,24.2663305737655,25.067686829544,24.1191149514295,24.531609489732,24.9353616111705,24.8960209451553
"Q9NRY5",7,7,6,8,6,9,0.0203465229797478,0.0766480906966221,25.9207412826173,25.4408873045665,25.6103198705902,26.5718059464768,26.0336697543239,26.2805776821962
"Q9NS69",5,5,4,5,5,4,0.501733484123388,0.643941828273701,28.0973527361659,27.9730843109249,27.5623204801398,28.2607883213424,27.8428033660913,27.9529609437652
"Q9NS86",2,2,2,3,3,3,0.000181375906086039,0.00358802674542242,24.3164379686484,23.9850981707272,24.333132340025,25.5810053855921,25.3864614496345,25.4036082401698
"Q9NS87",0,1,1,1,2,2,0.18508019056294,0.343086480840363,NA,22.9189975481874,22.6904041984515,22.6181395615797,24.2401272763128,24.1453324691691
"Q9NS91",3,4,5,4,4,4,0.67840985565487,0.780122052212294,24.9096880593022,25.0956510382924,25.412799934986,24.827761688268,25.3287786036401,25.5790037063239
"Q9NSD9",16,16,17,18,13,17,0.229912058876584,0.390490995009299,29.3357372665489,29.2871617037833,29.314571944346,29.5641954054454,29.2973269510333,29.5831626558871
"Q9NSE4",7,8,8,10,8,10,0.123171091494943,0.268122644777304,26.9551739361301,27.4410369906663,27.3801265230949,27.4917831547945,27.4677361595756,27.874932130889
"Q9NSI2",3,3,3,3,3,3,0.0679321665721252,0.180200231003759,25.3084930779203,25.0100411149072,25.2791976142441,25.4475814416089,25.4569436873876,25.5789491723969
"Q9NSI8,O94885",6,6,7,7,6,7,0.644382802103713,0.752604798565576,28.4289005608235,28.4193068704954,27.6835746880977,28.2283370030395,27.932464565183,28.020574765168
"Q9NSY1,Q2M2I8",7,5,7,5,7,8,0.400336325184901,0.551429443083791,26.0176602197429,25.6500265363393,25.9327806705797,25.6327647378264,26.3100969900846,26.2813319624469
"Q9NT62",3,3,2,4,3,3,0.215120116646672,0.375862877113028,26.0468873034237,25.9846501519749,25.3095422232401,26.2576968983828,25.8200711003258,26.344318700457
"Q9NTI5",1,2,2,2,2,2,0.0694298189544926,0.183113685404538,22.1790245474122,22.5025472952673,22.9029192599886,22.93444187739,23.1178750519138,22.9200277084152
"Q9NTJ3",19,17,21,22,21,24,0.0809365484310753,0.202541159595483,28.2129081957943,28.1623789590009,28.4640225077374,28.3813871327082,28.6860522182014,28.870316214672
"Q9NTK5",13,13,13,13,14,13,0.103448400154097,0.239437646627595,30.1642935392826,30.0602869612449,29.9729259674585,30.2841011655461,30.284217729919,30.2633231228059
"Q9NTM9",2,1,1,2,2,2,0.0160973682298133,0.0642486385515383,24.1422830851751,23.4367716626724,22.826447192345,24.7000324015199,24.7123644503121,24.4358230593018
"Q9NTZ6",12,14,14,13,13,14,0.104704539848915,0.241243490298359,27.9128382602822,28.2513920771251,28.2689292787903,28.538540233974,28.3882164346949,28.3514395788817
"Q9NU22",20,23,23,21,22,21,0.890277896483275,0.927482933034186,27.6855890875181,27.6399024019678,27.7029945385204,27.7445636085831,27.821457307534,27.5169237114787
"Q9NUJ1",4,4,2,4,2,3,0.570353641109685,0.696454312297211,24.4801613919162,24.8035027450155,23.7387397706937,25.0539414775978,24.0030479741138,24.6507284719093
"Q9NUL3",5,4,5,5,5,4,0.249623011582689,0.410223407363194,25.7530148867777,25.0418999142488,26.1611613944343,26.130687746924,26.2352602809074,25.7866556252042
"Q9NUP9",2,2,1,2,2,1,0.142759900388354,0.291526707955091,23.8433092195129,22.7371669243689,23.1888476823507,24.0673117041508,24.0123838682501,23.4024376964619
"Q9NUQ3",5,3,6,6,7,7,0.15482939216343,0.307234313636176,25.8048190436071,24.9867397168521,26.2648163706141,26.0180508354459,26.5189719910505,26.2329036236228
"Q9NUQ8",5,3,4,4,6,5,0.450069269217766,0.598331373536331,25.5812125840824,25.4878268594404,25.9024302871685,25.6442444012048,26.2920871327761,25.6063635392777
"Q9NUQ9,Q9H0Q0",7,6,8,6,7,8,0.0761651085928752,0.194388957307803,27.9070468807978,27.9561883502783,27.8888112779412,28.1604271141538,28.0499603679521,28.3007978282246
"Q9NUU7,Q9UMR2,Q9UHL0",10,11,11,9,9,12,0.399911068429959,0.551131500454836,28.1115793377339,28.390214086879,28.0618751418364,27.637885280008,28.129463026189,28.2435908779371
"Q9NUY8",2,3,2,1,1,2,0.910485650413481,0.9408008011747,23.5120511368321,24.2619525966254,24.02858358618,23.7158724677466,23.595558287195,24.6108512626206
"Q9NV06",3,3,3,3,3,3,0.870380722104967,0.914481081124564,25.6765548223327,25.6646904352643,25.7400978854709,25.9260413441975,25.3576495514784,25.8916587372548
"Q9NV31",5,6,3,4,4,5,0.917031431053343,0.944024556595935,26.119425277041,25.7772065322811,24.7867605152876,25.2651303482678,25.0855016504345,26.1860726579816
"Q9NV35",2,2,2,2,2,2,0.0978907233457631,0.23087854559418,23.7979645815647,24.0398169109154,23.9273785147017,23.4003815392888,23.6383966398893,23.819569182507
"Q9NV56",3,2,2,3,3,2,0.138368070063228,0.287559831052306,24.7896512428465,24.3418997563585,23.6073226868781,24.8028159907085,25.0049809955078,24.5849627346838
"Q9NV70",1,2,2,3,2,3,0.00705688493444269,0.0342138347647344,22.8328338457003,23.8704668315393,23.5750236213532,25.2494629178279,24.3479430043091,25.1611914514912
"Q9NV88",2,1,2,2,2,1,0.330615777863447,0.490334583424267,23.6198381476283,23.8494598956545,23.7309544925566,23.2506735130634,23.8880203304953,23.4431515838245
"Q9NVA1",1,1,1,2,1,2,0.170952579880022,0.326039159453453,22.2858689569702,22.6241419385476,22.2471885881542,23.5894943186335,22.2126757754214,23.0575860254345
"Q9NVA2,Q9P0V9",10,11,10,10,11,10,0.604683762447912,0.722152379104151,27.6564289340283,27.5397060839468,27.6781866746799,27.3673583595664,28.0296775136833,27.7941445341866
"Q9NVE7",4,5,3,4,5,4,0.292363160271637,0.452582537210454,24.6589581633716,24.9306274147684,24.5874362540491,24.4340077473572,26.4023922727499,25.0821342453175
"Q9NVG8",2,2,1,2,1,0,0.362512306638606,0.51616140539492,23.4348698597804,23.859105691393,22.9136731547961,23.973728177933,23.5073019075136,NA
"Q9NVH1",7,7,7,6,6,6,0.185308696071166,0.343091830956436,26.6577477522659,26.394787708758,26.5281003776666,26.8168581169715,26.6345737989141,26.6963610830003
"Q9NVH2",2,0,2,1,1,1,0.352903333377617,0.508189711764107,23.084086721526,NA,23.9950293660412,22.1646907885608,23.934667917982,22.5998851939828
"Q9NVI1",12,13,16,15,14,14,0.113626960604174,0.252838231393995,26.5502700157442,26.6757879655567,27.1916235526228,27.1268202380756,27.348403842827,27.0802091115371
"Q9NVI7",12,12,10,12,12,10,0.269153959347445,0.428280558961647,27.6151884832419,27.5647127102003,27.4487106454497,27.8398918333845,27.5852760866553,27.6595096880489
"Q9NVJ2",1,1,0,1,1,1,0.600167938986394,0.720138384443958,22.7476730671153,22.317820183761,NA,23.0912309055859,22.6265771382603,22.3555074805647
"Q9NVM6",2,1,3,2,3,3,0.116664583613509,0.25811049003144,24.2061428464143,23.1315059946938,24.3062569270525,24.4270603869387,24.5068711879878,24.5375411579439
"Q9NVM9",2,2,3,2,3,3,0.219197818414546,0.379787484848901,23.8179647335533,24.1325848468965,24.3520351482134,23.7796616316058,24.984192965521,25.2172046718244
"Q9NVN8",2,1,2,3,2,1,0.574918073175623,0.699966973532744,23.3475894726383,22.5417937039921,23.7957446338333,24.2918165578713,23.7018657135676,22.6188517157794
"Q9NVP1",13,13,14,13,13,13,0.0544412107709014,0.156595714714282,28.3788693880943,28.4049384545145,28.5756938854062,28.856981063056,28.7195072882676,28.6615711414609
"Q9NVS2",2,2,1,2,1,1,0.986869813028796,0.991732272250285,23.0166135607911,24.1565155639866,23.1413440880976,23.6877715515096,23.2582389914188,23.3857001881859
"Q9NVS9",3,2,2,2,3,2,0.910994632282027,0.941113567135554,26.7478977182278,24.9958461450833,25.047268473747,24.4492784262799,26.5441157554853,25.551031565799
"Q9NVT9",3,2,3,2,2,3,0.767062084337146,0.846067995344792,26.8556560803383,25.0486668393288,25.05543040157,24.8197985192679,25.5454794771617,26.04376720517
"Q9NVU0",3,2,2,3,2,3,0.225282308638747,0.385932366507684,24.4651048640488,23.9737052579141,24.3706934834518,24.4890598709123,24.3432862963665,24.7366399426427
"Q9NVV4",4,2,3,4,4,4,0.0705650286787045,0.185329683841249,25.5360980121967,24.0959276153439,24.5389164452658,25.5727031501781,25.6218844097554,25.4454266563611
"Q9NVX2",6,7,8,7,8,7,0.124868167787664,0.270522311867452,26.5497910415478,26.7880950105106,26.823302037322,27.211425900398,27.0284276695083,26.7835355678672
"Q9NVZ3",5,6,5,6,6,6,0.0307018770584605,0.103449081149324,26.6223851627799,26.7905533912455,26.3780510011704,27.4253932783113,26.9309269026291,27.0418495029963
"Q9NW13",7,6,6,6,7,6,0.0265745152862382,0.0929700450428057,26.1695868706606,25.9982525192836,25.7692985291378,26.3748896949109,26.4798574036491,26.347507438441
"Q9NW64",3,4,3,3,3,4,0.883379392316571,0.923671049220307,25.7078932890167,25.9736111922145,25.7001175571204,25.0568964808132,25.9715280089987,26.5273469829759
"Q9NW68",1,0,1,2,1,1,0.295591144734012,0.455877891236161,22.6180241972122,NA,22.9707891650622,25.0982547741574,23.153936878077,22.7866084019168
"Q9NW82",1,1,1,2,1,1,0.00229124727666193,0.0145842569556266,22.5779957559474,23.1092098492082,23.2843783848483,24.1889697708172,23.9832643579175,24.061322708601
"Q9NWH9",6,7,9,7,7,7,0.831151160654944,0.888612982167297,26.6140987687624,27.2454049754744,27.0390250784492,27.0616312264985,27.0080278710667,26.9532239261464
"Q9NWK9",1,1,1,0,2,1,0.146644867924273,0.29587724663915,23.1785289139342,23.513520941894,22.9597290043761,NA,23.6863533922547,23.4883334947701
"Q9NWS0",1,2,1,1,1,1,0.218133067178338,0.378373784208204,NA,24.4488399458291,NA,25.0348061452711,NA,NA
"Q9NWU1",1,2,3,3,2,2,0.108449820987873,0.246933821588311,22.7659678810647,24.4323978680813,24.261262360255,25.4690880804732,24.3712403579375,24.6385352892209
"Q9NWU2",3,2,3,3,2,4,0.463838686206428,0.611168217708256,25.2661697202654,24.5344865329919,25.9121592687491,25.7595531321652,24.8770079714259,26.1902019245547
"Q9NWV4",4,4,4,4,4,3,0.0151349532097104,0.0613194107839243,27.3135805107323,27.3969638786116,27.2831219071083,27.918830277584,27.6855765521763,27.6593807493553
"Q9NWV8",2,2,1,2,2,1,0.0267481579565382,0.0932913582551431,23.3443170012238,23.1298862021873,23.2656997648517,23.6401157772721,24.1583864509567,23.6005730207112
"Q9NWX6",3,3,3,3,2,2,0.403666720629635,0.554030364114761,24.9919928863314,24.9034701844941,25.0059307158663,25.0123722991411,25.160898147055,25.0251951456753
"Q9NWY4",2,2,2,1,2,2,0.956791323598103,0.9714849806932,24.1400903391517,24.4701729948766,24.5394117912075,23.9863861651035,24.6313666207702,24.5697855258644
"Q9NWZ8",1,1,1,2,1,2,0.036206422364357,0.117397987176737,23.3189370025947,22.6326312162156,22.8357046063014,23.3806120767912,23.4396940826431,23.7574138676359
"Q9NX02",2,3,3,4,2,2,0.973266047038226,0.982527042838767,23.8027411700866,24.1853940560919,24.3711944288983,24.7977862527578,23.3108209537616,24.2088061603334
"Q9NX14",1,0,2,1,2,1,0.15414823477783,0.306282337568144,21.9038684859541,NA,24.8779833323539,24.9304854557991,25.1768702760482,24.6545113349443
"Q9NX20",1,0,0,1,2,1,0.00149396889167099,0.0107499780501625,22.1941193358408,NA,NA,24.2448397749322,24.7413364416248,24.4353411972262
"Q9NX24",4,4,4,3,4,4,0.0321431281465003,0.106640978669286,27.6045722280068,27.3680565825409,27.5028605169633,27.8693995282268,27.7249956195793,27.9519085345994
"Q9NX40",4,5,4,4,4,3,0.833246921237533,0.889602727518283,26.7195269787532,27.2473515648634,27.2145245750803,26.7106066192441,27.4407430133105,26.8621606396189
"Q9NX46",2,3,2,1,1,2,0.223698472171004,0.383939966156554,24.2154201225127,24.6933043710626,23.8202478514924,23.677358558924,23.0214989257373,24.3841405514414
"Q9NX55",3,3,3,4,3,3,0.0600370246114693,0.167005430657026,27.5183115954349,26.8816990998102,27.5711287258184,27.8919549129591,27.7171819854902,27.8651265582046
"Q9NX58",7,7,8,7,7,7,0.111198937206715,0.250116706993847,27.4118249090155,27.378751711888,27.5238512727768,27.4656838002934,27.8116821776369,27.8972461267869
"Q9NX63",5,5,6,5,5,6,0.420356387494387,0.570733880877796,28.0891922899489,28.2508100088355,28.1911113648512,28.0252413901929,28.4182540799862,28.5148228631218
"Q9NX70",2,1,2,2,2,1,0.9009688969804,0.934565736249337,23.3748934928541,22.7476786997705,23.7232141804947,23.1217352875294,23.7449934652329,23.1009190150486
"Q9NXF1",2,4,4,3,4,3,0.229427070928149,0.389957636950154,23.4488269394162,24.7242719567951,24.8656718613788,24.5445752851669,25.4186071356187,24.8635716103302
"Q9NXF7",1,2,2,1,1,1,0.604475181347838,0.722152379104151,23.7137734661938,24.8204223451614,24.3677957211842,24.6529786927313,24.2765473346969,24.4649754272189
"Q9NXG2",8,8,7,6,6,7,0.298573957927215,0.458772110496448,27.9710510601112,27.5293760244922,27.4926652001843,27.9774656656235,27.7440039363191,27.8593008743323
"Q9NXH9",7,7,7,9,8,9,0.0114940485254701,0.0497966280847052,26.1238927576862,26.3664096293435,26.1556955040833,26.6443088172984,26.6728339241222,26.6239405737735
"Q9NXR1,Q9GZM8",2,1,2,2,2,3,0.0426841453859189,0.131460888119875,23.3012265764586,22.7632083603711,22.0709456234133,23.3447039399887,23.5507125798002,24.2233233512694
"Q9NXU5",2,2,2,2,2,3,0.10444247398522,0.24088299611758,24.0725246505006,23.9839778628712,23.7425306705637,24.2850568750086,24.0324732416773,24.7986473899106
"Q9NXV2",2,2,2,2,2,2,0.53480664412103,0.668068978773313,24.4831400925522,24.222535490153,24.3646126268456,24.0060699081194,24.351545640783,24.4025609563227
"Q9NXV6",6,5,7,6,6,6,0.219085565992617,0.379787484848901,24.9907278764344,24.6520969405368,25.5948662544535,25.3745208557287,25.2774735155598,25.7216020069007
"Q9NY12",4,4,4,3,3,3,0.752480737901931,0.835076395598882,28.1695976206358,27.6682518711388,28.0798215255863,28.0365127431245,27.5038885187378,28.1470255574029
"Q9NY27",5,5,5,4,3,5,0.457216964113329,0.605112790915291,25.8988867241297,25.9525562168196,25.2877138244202,25.9277888781844,24.9066974960743,25.5373727794449
"Q9NY33",9,6,12,9,9,8,0.684771154051395,0.784906031352377,27.805483331572,27.3169217913982,28.0779900184169,27.9356398503369,27.6729139160848,27.8745989449659
"Q9NY61",7,6,6,6,7,5,0.886486462222237,0.925733501175707,26.8380431640993,26.5955416244304,26.6281268076741,26.9375466553537,26.6337521249877,26.5585181799673
"Q9NY93",6,7,7,6,8,8,0.329215873344408,0.489398888089921,26.3733261977072,26.5384347628909,26.4134756387317,26.2638312081161,26.8331007024029,26.8437821103041
"Q9NYB0",6,6,7,7,6,7,0.804358517536731,0.869958169038068,25.8471588134458,25.9540254245057,26.5010179537381,26.0704791939531,25.9743347590133,26.4349043706593
"Q9NYF8",9,10,10,9,10,10,0.143912729967168,0.292522021465242,28.5333437412291,28.5959999963481,28.7825351035321,28.6489231815932,29.149118221058,28.9720856854306
"Q9NYH9",5,6,7,6,8,7,0.167128655198089,0.321433779516729,25.9869017756366,26.0555621548861,26.3084818612568,26.0687523344082,26.8518760581334,26.51443084095
"Q9NYJ1",3,3,3,3,3,3,0.24261897907911,0.403232333147952,26.594421915154,26.5150988028568,26.6427230117636,26.707095623784,26.7052642900295,26.7473554851184
"Q9NYK5",3,3,3,4,4,3,0.167091659839582,0.321433779516729,25.4332589697742,25.4472149840944,24.9708846501389,26.2905823951102,25.4147091968688,25.4970755488943
"Q9NYL2",1,1,1,1,2,3,0.261707889333796,0.42087119000405,22.1418798700225,22.1893394651865,22.546210536533,21.5579727923563,23.9206157565983,23.9014824783548
"Q9NYL9",4,4,4,4,3,6,0.196989041157069,0.354642464782379,27.1330731228068,27.2031057652319,26.3414505636839,26.2756479159041,25.7370275598959,26.9650609531328
"Q9NYM9",0,1,2,1,1,0,0.426216102952081,0.576288637127266,NA,23.3570940962948,24.0785865783856,23.2406364175492,23.6045772638723,NA
"Q9NYP9",2,2,2,2,2,2,0.12792123269814,0.274237153932761,24.509131593903,24.7374949173933,24.564354186245,25.1502569025624,24.8198977307359,24.6975922337643
"Q9NYU2",6,7,4,5,6,6,0.336689604603642,0.495956724637331,25.1704466156525,26.0058340666198,25.2675546288141,25.7110525813347,25.717244042228,25.7761101681674
"Q9NYV4,Q96Q40,O94921,Q07002,Q00536,Q00537,P32581,P23293,Q14004",3,5,4,4,3,5,0.0941301694536418,0.22589260023541,24.8938460555542,24.7651487358313,24.793877550564,25.2760637021312,24.8441963268593,25.3125788267708
"Q9NYY8",3,2,2,3,3,3,0.129262002141202,0.275815366589413,24.9439802001837,25.1400472531308,24.5742503174601,25.4653739215775,25.0149608770464,25.2495303754467
"Q9NZ01",1,2,1,0,0,1,NA,NA,22.0317754336186,25.5874749372837,25.5772204416152,NA,NA,NA
"Q9NZ45",3,3,2,3,3,2,0.121631459953951,0.265875764403413,26.8249980790875,27.1965114954818,26.6775680112219,27.0748351171919,27.367212135612,27.220878992634
"Q9NZ63",7,6,6,6,5,5,0.485701228114752,0.631633125045467,27.7009183572677,27.3277805595923,27.5876278597391,27.7803212498635,27.6062034214988,27.5572039034745
"Q9NZB2",5,5,6,6,6,5,0.138604681138506,0.287559831052306,24.9689029979915,25.0627076913174,25.2823083085915,25.3679825988712,25.509811878393,25.1939633785057
"Q9NZD4",1,1,2,1,1,2,0.442830029545214,0.591737139655907,24.0744550465234,23.690788852894,24.1591161260435,24.2009314637737,23.9356283274533,24.2159778157357
"Q9NZD8",2,1,2,1,0,0,0.697531168768811,0.793748364161466,23.8966543738127,23.3435312371925,24.1891633912696,23.6411490414458,NA,NA
"Q9NZI7",1,1,1,1,1,2,0.826150401402826,0.884925600187765,23.1416694521544,23.1006902423432,22.8441814683667,22.4408031407685,23.2165442528508,23.253772592994
"Q9NZI8",18,19,20,19,20,19,0.197751934312459,0.355735143664605,30.5443501426574,30.5986251879979,30.6455153349038,30.6476183472237,30.8851922596571,30.7660979178381
"Q9NZL4",7,9,8,7,7,7,0.228785288215385,0.389316064139691,26.8507031906198,27.0504874100855,27.153221799222,27.1108261864411,27.1880629001538,27.2819518531391
"Q9NZL9",5,4,4,6,6,5,0.141898213645011,0.290808468395571,27.0348756469072,26.697137808406,26.4521346608464,27.2213912485096,27.143847175664,26.8329617044021
"Q9NZM5",2,2,2,1,2,2,0.937881334348325,0.958685782499901,24.6880677520013,24.7168282024643,22.3067574727947,23.3339290167128,24.0191450157094,24.1857145891701
"Q9NZN4",3,1,3,2,3,2,0.628051918519509,0.740163485478171,23.965934895777,21.8952461563564,23.7736838801573,22.8784996384028,24.2051553775031,23.5404566004923
"Q9NZN8",2,3,3,2,2,2,0.295585430727881,0.455877891236161,25.0451305897861,25.2983698597286,25.3404560424681,25.2334950249286,24.9929850543151,24.9583058399599
"Q9NZT2",8,8,7,7,6,8,0.471399498635137,0.618579070994806,26.2083003279122,25.908596337298,26.0655597048802,25.9471866624425,25.9088454362811,26.034351978348
"Q9NZZ3",2,2,2,2,2,2,0.0516319992215091,0.15070069126585,25.0409997493379,24.6863875934767,24.4837234168056,25.2346078523212,25.0764350430349,25.1664634688735
"Q9P000",1,1,2,1,1,2,0.920880302090578,0.946610170828575,22.5795759401067,22.8074853250441,23.8153476654934,22.2329297223293,22.845230227768,23.9573412332889
"Q9P013",2,2,3,2,3,3,0.0142455293569915,0.0589728719842061,24.0731684028802,24.3267793628222,24.2926878786545,25.1780653965386,24.6083966672935,25.512119309369
"Q9P015",3,4,3,4,3,3,0.520169734244349,0.657810465651782,24.8857546432007,25.5086990783623,25.6498514206347,25.2751488142043,25.6188315773776,25.6451657411252
"Q9P016",2,2,2,3,1,3,0.601670859150088,0.720993553833123,25.4832092915373,25.2798045124674,25.1440499469223,26.3133060084807,24.2335475227625,26.3500022338392
"Q9P0J0",2,2,3,3,3,4,0.0120220035226865,0.0514970704887285,25.4987637347009,25.5947345359709,25.6243962002371,26.1400144872394,25.877924259193,26.0184952804111
"Q9P0J7",2,2,1,2,1,1,0.981662944083473,0.988379243193292,24.6167505503281,23.9977345623458,23.5787875534206,24.3899698981568,24.0720258693549,23.7536501873453
"Q9P0L0,O95292",6,6,6,6,5,6,0.0251139963827048,0.0890902422223169,27.7737283506176,27.3372428128106,27.799667999067,28.196457443157,28.0907084255451,28.0873193112786
"Q9P0U4",2,2,2,2,2,1,0.567222603850051,0.694303600419622,23.552843841664,23.5523328617116,22.8553645876329,23.3896779028453,23.3257780785487,22.7393750955471
"Q9P0W2",1,1,2,1,0,2,0.601215225470195,0.720636851969267,22.9069669258738,23.8137539656821,23.7653233446253,20.7076104882923,NA,24.8592222909737
"Q9P258",14,14,13,14,14,14,0.0760253520603701,0.194265496999338,30.6356058911008,30.6297753670401,30.5373053953599,30.81773301328,30.8238367436307,30.8251233265098
"Q9P265",0,1,0,0,0,1,NA,NA,NA,22.1815420780851,NA,NA,NA,NA
"Q9P270",2,1,2,2,2,2,0.88617394155221,0.925733501175707,24.3091958602875,23.7019153253255,24.0225727901177,23.7817713493215,24.3784786314928,23.7638568423664
"Q9P287",8,8,8,8,6,9,0.138945942640787,0.287600449331792,27.940569795151,28.1594047548568,28.1260242178186,28.6344033437763,28.087351367507,28.4041392921486
"Q9P289",7,7,7,8,7,9,0.744920723729062,0.829670005286128,26.2735704867826,26.3776857597861,27.3060822772078,26.0891501860107,27.0193966851459,27.2778422054452
"Q9P2E9",5,3,4,4,4,3,0.573728898153952,0.699452494221894,25.1156583016232,24.1822064972705,24.9115854119745,24.7738439495792,24.777377065765,24.0855546403356
"Q9P2I0",4,5,7,5,6,4,0.616940159811522,0.73152651135887,25.965662513962,25.0600876343225,26.5351959195877,26.1861186594378,26.2391335805052,25.7584977224886
"Q9P2J5",23,23,25,26,27,26,0.0116723992281027,0.0504256489380723,29.4008544849664,29.3178112915287,29.4924733481872,29.7734169838687,29.7961415890308,29.8230383508804
"Q9P2K6",1,1,0,0,0,1,NA,NA,22.398611832035,NA,NA,NA,NA,NA
"Q9P2N5",6,7,7,7,7,6,0.770469126943241,0.84819868955909,25.759057327474,27.0555621548861,26.0733967766463,26.0669753499956,26.6276241335501,26.5328472688889
"Q9P2R3",1,2,3,3,2,3,0.307387418943747,0.46681526564667,23.0015805455207,23.8829417485378,24.308990351244,24.3273963368936,23.7705755464199,24.3415729876099
"Q9P2R7",4,3,3,3,2,3,0.257548581910225,0.417384238250248,27.9098167736745,25.5642255474352,25.9711967687946,25.7506948037765,25.2097499515803,26.0516680847807
"Q9P305",0,1,1,0,0,0,NA,NA,NA,23.3034980879671,22.0795541852998,NA,NA,NA
"Q9UBB4",11,11,9,9,11,9,0.214447696079702,0.375119014384817,27.1575613737849,27.4625787196373,27.3185456167507,27.2891823998127,27.7265378668168,27.6124639645882
"Q9UBB6",3,4,4,3,5,5,0.262235482858197,0.421238828450386,25.1262874936415,25.3751812284988,25.4468371694729,25.2613974123506,25.6187651396599,25.705306931001
"Q9UBB9",2,2,2,2,3,3,0.00745653046657581,0.0356943252765151,24.984679445319,24.7260152330709,24.9966175218633,25.5098906746961,25.3626966544895,25.7865611770836
"Q9UBC2",3,8,3,8,4,5,0.320293348353082,0.480019137709186,24.4082942872701,26.2521988234133,24.8101434427256,26.3477926303566,25.7228800607602,25.2003939205172
"Q9UBD5",6,4,6,6,5,6,0.244587433860513,0.404743345429562,25.4441777170471,25.2096860049348,25.7263718499429,25.8848709002497,25.5039244912364,25.7056566207579
"Q9UBE0",10,8,11,9,7,10,0.795913868795596,0.865132015593402,28.4029363788858,28.3141385634424,28.3857499962678,28.3379890058234,28.4319785326984,28.417695532585
"Q9UBF1",2,3,1,2,1,1,0.377548960502108,0.530288903266815,24.7657858490108,25.913763173519,23.3321606549703,24.9471866624425,23.496263724265,23.3981169533674
"Q9UBF2",8,8,6,8,9,9,0.221420688588021,0.381609815390461,27.4062702963221,27.1147650930414,26.8237087740151,27.2009533611098,27.3911366739503,27.5317911489025
"Q9UBF6",1,1,1,2,1,1,0.053047476682887,0.153263197357397,22.1970586825142,21.8614501608961,23.1704173377932,23.1946287538002,23.3791534003592,23.1784625047627
"Q9UBI1",3,3,2,3,3,2,0.270022324116758,0.429063686039934,25.0985954162826,24.3716161646575,24.3689109340414,25.1795329738095,24.8276788099251,24.7505062693244
"Q9UBL3",9,10,9,9,9,11,0.421693655654929,0.572208940243243,27.0834980331057,27.4574083658151,27.2648912555141,27.4504761806376,27.3360304803637,27.3740087515333
"Q9UBP6",2,2,2,2,1,2,0.77181271919355,0.848910734439676,24.4279122596514,24.8272266369851,24.5575232310547,25.143299978378,24.1806108072617,24.7361998804351
"Q9UBQ0",5,5,5,5,5,5,0.689756578835908,0.788656432417977,27.6568124357294,27.6710970235714,27.6434143991767,27.4794696376493,27.936068301547,27.7427380793783
"Q9UBQ5",7,7,7,7,7,7,0.0461244418528254,0.138434015613546,28.6269021165684,28.5988386563029,28.6039700351904,29.0608170389636,28.777533302642,28.9070265934673
"Q9UBQ7",5,6,5,5,5,6,0.755949433490118,0.837658808739839,27.6543562614125,27.444502640673,27.6199535377674,27.7435116434025,27.2980532007546,27.8545219654799
"Q9UBR2",4,3,4,4,4,4,0.0853300238687998,0.210646952862264,26.5660366136193,26.025568534851,26.6170232547579,26.5796418352807,26.9737634563401,27.0277345567409
"Q9UBS4",6,6,6,6,6,5,0.719912233930454,0.809440009593837,26.3056589552131,26.3619606284273,26.0505214123191,26.2522128029077,26.5510085547446,26.1046210361567
"Q9UBT2",16,17,16,17,17,16,0.176485378673516,0.333177740978562,29.4428440697938,29.4662103744719,29.4586638173035,29.6803615706263,29.5628541518916,29.6014994562442
"Q9UBU8",3,3,3,3,3,3,0.149126619863384,0.299302965163553,24.4340109422867,23.7476082874791,24.2584369049726,24.4324419102725,24.4523654126692,24.5588223680718
"Q9UBU9",8,6,10,7,7,11,0.143854289127895,0.292522021465242,25.7472639970512,26.0351551846155,26.9708846501389,26.5299195288593,26.8209953864411,27.3004257918515
"Q9UBV8",3,4,3,3,3,3,0.462564818570048,0.610243118078819,25.6406169399135,25.4298494930029,25.4489479546712,25.6129549102263,25.3341703469143,26.0758488225789
"Q9UBX3",4,4,4,4,4,4,0.470050689680781,0.61744061224409,25.7962946021667,25.8386340236147,25.5937696917457,25.6695941397353,25.9951875252933,25.8935455311233
"Q9UDW1",2,2,2,2,2,2,0.17770355324344,0.333779641401915,26.4674678293931,26.4166798914019,26.670801665476,26.5699250872928,26.7782101336608,26.8322755780222
"Q9UDY2",0,1,2,0,2,2,0.00814394967830828,0.0384603503441433,NA,22.1025908995756,22.4870243445628,NA,23.3149275017554,23.5224212686151
"Q9UDY4",1,1,2,0,0,1,0.742565083463478,0.827255868985535,23.200530874421,23.427461447127,23.5704745137685,NA,NA,23.4822815221871
"Q9UER7",1,0,1,1,2,2,0.00167571949231103,0.01169138030988,22.9576314205504,NA,23.5604547446092,25.2990767060307,24.9736335832661,24.7398141904379
"Q9UEY8",1,3,2,1,2,2,0.402175688588463,0.553126709072514,22.8654792850021,24.4979083332732,23.7626954068733,24.0712460241038,24.3747853553168,23.8366383516355
"Q9UFC0",3,4,3,2,4,4,0.233482487154771,0.394483922458364,23.8636518242903,25.076227775029,24.8448228443332,24.9954033550779,24.8665265454224,25.2873019857404
"Q9UG63",12,10,11,15,12,13,0.880146173492882,0.921557687278982,32.3744866728517,28.4959382741159,28.231100812683,31.2108279596781,28.6801348866357,28.5807817459526
"Q9UGI8",6,6,6,6,6,5,0.9711587617289,0.981050990037033,26.9016852569495,26.8001330747897,26.3780510011704,26.828952381643,26.7497034421684,26.5219674839008
"Q9UGJ1",1,2,3,2,2,1,0.597999258719329,0.718291895281089,22.0709784717893,24.0245700357109,24.2208228402482,23.7655174492855,24.2238833757328,23.3599067585129
"Q9UGL1",1,0,1,1,0,1,0.568746438822749,0.695608915257207,22.025554948992,NA,21.2303524409525,21.9841281234897,NA,21.6997805844988
"Q9UGP4",2,2,2,2,2,2,0.695508743838004,0.792791508129767,24.1591864575458,23.7426708676206,24.2719131372291,24.2019821611856,24.1316298125883,24.0509802027094
"Q9UGV2",5,4,5,5,3,4,0.599994851674954,0.720120103483594,25.7633090698452,25.4893277880066,25.4645246810644,25.8195418297268,24.9425456997332,25.5383827557904
"Q9UH17",0,0,0,1,1,1,NA,NA,NA,NA,NA,23.4403580339515,23.559600131501,23.6167070123114
"Q9UHA3",2,2,2,2,1,1,0.269600704187955,0.42854300087298,25.3560482062753,25.3046352229444,25.4654894067361,25.8543174348506,25.4013691463441,25.456095454328
"Q9UHA4",3,2,3,3,3,3,0.00115886235115289,0.00902172362791723,24.8357958696722,24.6446011794869,24.9687163164421,26.3945533869714,25.7067808839795,26.0804787849637
"Q9UHB6",4,5,3,6,5,5,0.896015872746322,0.931121733819754,25.4818939429121,25.8565574619016,25.440459699971,26.0201869474956,25.8192907730513,24.7963508133327
"Q9UHB9",10,10,11,10,12,13,0.364979378290902,0.518379801918772,27.8594595846495,28.0112055288476,27.9841814727524,27.7407277516152,28.3838249626505,28.325020575031
"Q9UHD1",10,11,10,11,11,11,0.15590670564608,0.308968892770381,29.4601959203704,29.4830107242722,29.3296140233698,29.6197973105839,29.5600456700924,29.6217749727303
"Q9UHD2",3,1,3,2,3,3,0.394341504986156,0.546970491257782,24.1938487501897,23.1402484050435,24.4729247894871,23.7531459780054,24.6665647778319,24.5676435208418
"Q9UHD8",15,15,13,14,14,14,0.365689987220807,0.519065874829285,28.524124675671,28.375195471079,28.2551234792653,28.4143871075135,28.5617530144892,28.5451467728282
"Q9UHD9",9,9,7,8,8,8,0.370059436402234,0.52319902352985,26.4343867816133,25.7280463966019,25.6134755170359,26.331662742559,26.1233177741471,26.0405432158975
"Q9UHI6",6,8,7,8,7,9,0.0195207325516502,0.0741495269780418,26.2620820496991,26.2176667931809,26.195038738538,26.4962510897402,26.6115217181525,26.8578969554179
"Q9UHJ6",2,1,2,3,1,1,0.970287970822949,0.980605609856955,23.8132383656251,23.085449876426,23.8700893246305,24.6683910231217,23.0711132811948,23.0875646597551
"Q9UHL4",2,0,2,2,1,2,0.19110017230837,0.348570661108673,23.070941637806,NA,23.7236501322222,24.167257303396,23.3900315719386,24.4713353323883
"Q9UHQ1,Q9H6Q4",4,4,3,4,6,5,0.00583021154302461,0.0296515329534875,25.1291647840006,25.2011627845672,24.7963250117203,25.5913331478281,26.2517629307761,26.0924476063429
"Q9UHQ9",1,2,1,1,2,0,0.198997728923332,0.357694105338156,22.4958445884363,23.1111266883032,22.7122372047154,22.7805527776468,24.1265922690149,NA
"Q9UHR4",0,2,2,1,2,2,0.239130339750704,0.40037582400089,NA,24.227529816397,24.2431317382491,24.3443867770216,24.3525048263959,24.7047572472185
"Q9UHR5",2,3,0,3,1,2,0.393534843240867,0.546516272409386,25.1322570002817,25.5070102112947,NA,25.6522421745212,24.4484829830568,24.7034071347825
"Q9UHR6",0,0,3,2,2,2,0.200629968013645,0.359494860203554,NA,NA,24.5566426141622,24.3761508005347,23.7370581646974,24.0656102986722
"Q9UHV9",3,4,4,4,5,4,0.0498405007455019,0.14716657890031,28.3186306769209,28.1912628300414,28.3925858796988,28.7382780017441,28.7621260602021,28.4416228763735
"Q9UHX1",14,12,12,13,11,14,0.0208127361112683,0.0778898294828598,29.3866821072103,28.9540444952866,29.0372506129445,29.7079549133035,29.4926029466163,29.6814856901231
"Q9UHY1",6,5,7,7,5,6,0.233277054768061,0.394483922458364,26.7088700529277,25.8648177324804,26.6498514206347,27.2825758855048,26.4763600481924,26.7324784371365
"Q9UHY7",5,5,5,5,5,5,0.0409726861724469,0.127937983791035,26.7609421956618,26.5066722005061,26.772062010493,27.3196525994947,26.9366680500657,27.0157985405313
"Q9UI09",2,2,2,2,2,1,0.000658050104132284,0.00624200133727354,25.3254204798056,25.6009837831444,25.665728685834,24.178510274596,24.5613987445877,23.9837798815043
"Q9UI10",3,4,4,4,4,4,0.349720267974796,0.505707395860309,25.3956296750741,25.4743807363353,25.2747420979144,25.2221466709966,25.696052378266,25.7838668030979
"Q9UI12",5,4,5,5,6,6,0.0136216996474856,0.0570635388354724,25.9655139203847,25.7109718211105,26.365814092761,26.6020850462843,26.6653752178569,26.8776502728833
"Q9UI15",0,0,0,0,0,1,NA,NA,NA,NA,NA,NA,NA,26.0010792041493
"Q9UI26",10,12,10,12,9,10,0.226145554345405,0.386830153327235,27.78675264708,27.6836874765344,27.3329037671183,27.8627711976429,27.7355271287468,27.8343900871656
"Q9UI30",3,4,3,3,4,3,0.240382073436982,0.401574729394811,26.6883529007419,27.2483627543121,26.9089810611975,26.8465558876756,27.3623594070275,27.6532428494643
"Q9UIA9",12,12,11,11,12,13,0.0433185139588,0.133076808538751,28.0449899602432,28.0108847211687,27.9006674548573,28.2443617711592,28.2372523258856,28.3019133620546
"Q9UIJ7",2,3,1,1,3,1,0.524428385788218,0.660713144425808,24.7152471379402,25.7954363342136,24.7174034602116,24.831104474825,25.8307508490042,23.0403887583327
"Q9UJC5",1,1,1,1,1,2,0.138396657044998,0.287559831052306,22.3451548519012,22.7004973716423,22.9841687372817,23.1139973503061,22.9124652208386,24.9501914604142
"Q9UJS0",9,7,6,7,7,7,0.179478687645311,0.336117312412935,25.6694567520534,25.7195231503978,25.6716153045475,25.834100727285,25.7422820611419,26.0942229492924
"Q9UJU6",3,4,5,4,3,5,0.748162970154346,0.832062279337915,25.8328935802406,25.4491647186607,25.7263065888188,25.9043394489136,25.4385804042478,25.8517711395185
"Q9UJV9",7,7,9,8,6,9,0.541506915904164,0.673855578383741,26.4748816237512,26.1990401806332,26.7967187066445,26.6456287137784,26.3341298825829,26.9316053500121
"Q9UJW0",2,1,0,1,1,0,0.305837942842055,0.464922590884856,23.919437769457,23.0018139830551,NA,23.3135288138337,22.474018862139,NA
"Q9UJX2",1,0,1,0,1,1,0.0684445514242834,0.18122115124642,22.5391965351203,NA,23.0722333404363,NA,23.3890502791525,23.480647797951
"Q9UJX3",7,8,6,6,8,7,0.584910134783172,0.708800489544725,26.5441304209134,27.0778739077087,26.2212705633467,26.6252128772243,26.7000299739218,26.9415010733478
"Q9UJX4",4,4,3,5,2,3,0.395525149398498,0.547822093372408,25.6610395330791,25.5695130740764,24.9872801257851,26.0400790248739,23.7215504590638,24.8202152411358
"Q9UJY4",1,1,2,1,1,1,0.583342828000513,0.707692253490337,22.4147520426101,22.5961234262946,22.5009263995878,22.4072760614487,22.5346602134789,22.8328016374312
"Q9UJZ1",10,10,10,10,10,10,0.128318218997216,0.274829913176198,27.9950292452434,28.2346515305684,28.0778195273932,28.1829404401293,28.435283244797,28.3932095856977
"Q9UK41",3,5,5,5,5,5,0.341254329655516,0.50009709344313,25.5939894213979,25.9170540028623,26.3420185538649,26.3376106096786,26.0012142984867,26.2038106800109
"Q9UK59",2,2,1,1,1,1,0.253491246571647,0.413510941497477,23.6431895011184,22.9680051038979,22.900468880859,22.7380863689999,23.0539976842465,22.8261638239599
"Q9UK76",5,5,6,6,5,5,0.0889223250814953,0.216812067293164,28.5317555603117,28.4156069854458,28.6082555491312,28.9627866055743,28.8028275714506,28.6258225009071
"Q9UKD2",7,7,6,6,6,6,0.329614408360272,0.489398888089921,27.83858415784,27.6419755378912,27.3082638821008,27.8524227810937,28.3264515035517,27.4575050970709
"Q9UKF6",14,11,15,15,14,13,0.791674488756226,0.86239384535333,28.100626586797,27.8484856040617,28.1626170822142,28.1062153481927,28.0222249452967,28.0904788132448
"Q9UKI8,Q86UE8",1,2,2,3,2,1,0.612584925745262,0.727384807717305,21.3777996742865,23.2233585306813,22.6235601544546,23.8985993290079,22.651419726456,21.7842452645483
"Q9UKK9",8,8,9,8,9,8,0.0841547197024961,0.20853548684562,28.9045623400061,28.8275597652071,29.0024632741578,29.0671675619721,29.2418160684611,29.1482665063987
"Q9UKL0,Q9P2K3",6,5,7,6,6,8,0.116816071756826,0.258195212865621,27.2975362695157,26.747520267282,27.1289893376949,27.4562666377197,27.2067474634188,27.5578266047463
"Q9UKM9",8,6,6,7,8,6,0.103931135906406,0.24006776810381,28.6715002674508,28.5257878665629,28.5216906820592,28.7301072851081,28.9877535318771,28.7422511758837
"Q9UKN8",3,3,2,3,3,1,0.665681908289968,0.769990077489562,25.1594896038775,25.0338024465502,24.6875019744977,25.4660300565814,25.4275857260722,23.0547183263821
"Q9UKV3",18,19,19,20,18,20,0.0790279436128687,0.199405685155922,29.1084704723276,28.8148044973246,29.0097205546455,29.2432723932047,29.1621409602043,29.3812194985355
"Q9UKV8",2,2,4,4,3,2,0.370689815824972,0.523880712451525,26.0865074010747,25.6171158982659,26.1644567065192,26.4163121858877,24.6120724957129,25.4764382779056
"Q9UKX2,P13535,Q9Y623",1,0,0,0,0,0,NA,NA,22.4678630293831,NA,NA,NA,NA,NA
"Q9UKX3",2,2,2,1,2,1,0.438320581876219,0.58760461196571,25.5218190961516,25.7104751885359,25.6124165546134,25.3487416678039,25.7508861158643,25.3573654595629
"Q9UKX7",10,10,11,10,10,9,0.355279600461595,0.510322902174369,27.5825373581747,27.8597776736821,27.7462258143033,27.7420827483616,27.5769220031602,27.4514859635459
"Q9UKY7",7,7,8,7,7,8,0.0969829838049564,0.229837076425045,28.1179998870087,27.9295706692885,27.948960036941,28.3620805586659,28.0889109731249,28.331104311131
"Q9UKZ1",1,2,1,3,2,3,0.00162116471348523,0.0114840891660243,23.330075532162,24.2767275905166,23.8830269738618,25.9101103978217,25.150595264673,25.9226730210535
"Q9UL25",1,1,2,1,1,2,0.43199295130778,0.580999953969957,23.4547674568016,23.4926663572973,24.5950807018772,23.7223554018119,24.0313755659924,24.9073578037654
"Q9UL40",2,3,3,2,1,2,0.356917103995392,0.511869169577799,24.0592176072791,24.8349520412982,25.0470594783764,24.919509095824,23.5000631246089,24.2141531294457
"Q9UL46",4,4,4,3,3,4,0.339199586761537,0.498329446217141,27.093958158033,27.7444361722653,27.2108754238776,26.9291113597518,27.1303953761953,27.3163782392499
"Q9UL63",1,1,2,2,1,2,0.0629738050529665,0.172234111901459,24.9226560767447,24.3084589913905,24.8168194696755,25.3524133025093,25.0015200729851,25.1127427452535
"Q9ULA0",5,6,4,6,6,4,0.603641368004644,0.721837987113286,26.2005982129839,26.1477380781445,25.9714537569951,26.3453182448909,26.6630575832537,25.7317673331766
"Q9ULC4,A0A3B3IRV3",4,4,5,3,5,6,0.714651927330664,0.80579389334713,27.8474813896175,26.9114669036262,27.1298941323567,26.6440189222245,27.7929617603494,27.9446259119347
"Q9ULH0",5,5,4,5,5,5,0.139499157868636,0.288091968400506,24.9998499822199,24.8444892590386,24.0028808850061,24.9959587524092,25.1188149184232,25.1729452239959
"Q9ULK4",3,2,3,2,2,2,0.016717620768185,0.0661283510594897,23.9566947802539,23.406876464757,23.5544877294585,23.1214021315279,22.4223042545057,22.9402067862599
"Q9ULR0",4,4,4,2,3,4,0.188196045981023,0.346050125661196,25.9943496560391,26.4712660568009,26.0313155133201,24.3535563122863,26.0172056891402,25.9624504956462
"Q9ULU4",7,7,8,6,5,8,0.66193834576655,0.766437241976397,25.6315922866319,25.7129115642778,26.0227676495625,25.9944940616294,25.5001785390581,26.175472088798
"Q9ULV3",2,1,1,2,4,3,0.0741745383027732,0.191177538834605,23.5882747530165,21.7980649927742,22.292252965512,23.0140482972749,24.5756390372767,23.9662080597348
"Q9ULV4",9,10,10,9,9,11,0.531025030787271,0.664983856835447,29.1422502185933,29.3169588648552,29.3837170362015,29.3760635287306,29.3775561984513,29.3226002352695
"Q9ULW0",8,10,8,8,9,7,0.745402879675254,0.829801839209006,27.3612345399923,27.4662605176706,27.1426650508169,27.3861616380285,27.5282334884265,27.2077132228471
"Q9ULW3",0,1,1,2,2,1,0.208203214640218,0.36800583695803,NA,22.7396117804259,22.5148166810332,24.6129219949038,24.3063892135876,22.2877491602374
"Q9ULX3",7,6,6,7,6,6,0.357725179229119,0.512866834583042,27.6411597291643,27.4683315799294,27.9921192297852,27.7354461886398,27.7272313405593,28.345120554102
"Q9ULX6",5,5,5,4,5,5,0.0507428644056306,0.148963286627083,26.2268301337068,26.4054266879928,26.3596564947239,26.6354407058556,26.5968236686439,26.5699501638288
"Q9UMS0",2,2,1,2,2,2,0.123858835897437,0.269196764823301,24.7573416713782,24.4942409509424,23.7431328509062,24.9541667863808,24.7074995365677,24.8385984425153
"Q9UMS4",13,13,14,13,14,13,0.0378004447051349,0.120675737400158,30.2654557164107,30.3864387354362,30.2984937363324,30.8232558091412,30.4723395299168,30.7602482340329
"Q9UMX0",4,5,5,6,6,6,0.00366676569167042,0.0207027043136144,26.2692028087589,26.4644542636448,26.6226441516379,27.1906248071819,26.9888784654092,27.2634927917513
"Q9UMY1",1,1,1,2,1,2,0.0443942096994625,0.135197856004183,24.7965173778065,24.8918892186358,24.5401049899226,25.9338622807551,24.8694332898721,25.8058880912796
"Q9UMY4",1,1,1,1,1,1,0.0583477355319867,0.163905090291858,24.0149105204692,23.8830218826807,23.913688438473,24.7586310637002,24.2203848713427,24.1683494398325
"Q9UN36",3,4,4,5,5,5,0.00325487007095584,0.0188674933465064,25.5056271386874,25.5692142969717,25.5295222806119,26.3026114981157,26.1709240864261,25.9780014991808
"Q9UN37,Q6PIW4",3,3,2,4,2,2,0.0987660525747147,0.231962885252211,25.5721001470645,25.3188927776725,25.4563901690506,25.9871228237077,25.6292245341987,25.6326625674174
"Q9UN86",7,7,7,7,7,7,0.67848407809723,0.780122052212294,29.0037987195579,29.275686501987,28.8700548655696,28.9835885184887,29.020874357123,28.9603325570811
"Q9UNE7",2,2,2,2,2,3,0.051682002625723,0.150750189244596,25.0163936180868,25.2146294221653,25.474453905643,25.8569602182255,25.4038774100564,25.928548451903
"Q9UNF0",7,6,5,6,5,5,0.36208374383478,0.516158407792525,26.3705419190248,26.2453738086863,26.1868413168608,26.3062190783469,26.0690870203695,26.043806718612
"Q9UNF1",4,3,3,4,4,3,0.19913957267066,0.357808086066778,24.906853433857,23.953395947269,24.4512399335793,24.7810098626504,24.9454093482459,24.7039573331164
"Q9UNH7,Q86XE0",5,5,5,6,6,6,0.0306972560448627,0.103449081149324,26.4330798709147,26.6723146590699,26.3407402613502,26.806389730701,27.0804931237146,26.8264302912109
"Q9UNM6",14,13,14,13,11,12,0.847988831138454,0.8986120900473,29.5104393290746,29.5598963204531,29.4774297361175,29.3857282444316,29.6733937747424,29.4124451627139
"Q9UNN5",4,7,6,6,8,6,0.130062813670764,0.276360761977654,26.5864238747393,27.403472761935,27.1842779596384,27.5522511355027,28.3251287701541,27.1962048869674
"Q9UNP9",5,4,4,5,5,4,0.550790372368192,0.68100552587734,26.3452576455148,26.0294108424785,25.757020560308,26.4703603464874,26.2156264282659,25.873610040397
"Q9UNQ2",6,6,6,6,5,5,0.631718107726078,0.741956502716211,26.674253293232,26.4213774277673,26.3766656591772,26.9725999104517,26.513800907724,26.3009879431059
"Q9UNS2",6,7,6,6,6,6,0.310681134211718,0.469624696578482,26.8967582806903,26.6837449784791,26.7572335042258,26.8461359094938,26.8617344187177,27.041453783309
"Q9UNX3",0,0,0,1,1,1,NA,NA,NA,NA,NA,22.7358633805727,23.5274020301603,23.4586466398573
"Q9UNX4,Q12220",11,13,13,12,12,15,0.0636055450562021,0.173442018258454,27.5544913181944,27.5823393175751,27.5152523819226,27.7948296124316,27.7126757449602,27.9037919412872
"Q9UNZ2",12,12,11,12,12,12,0.0951165094251615,0.227303046620004,28.6852507576262,28.6610267274,28.4733849906681,28.8506791741994,28.7930353616065,28.8647910997375
"Q9UPN3,O94854",24,29,25,22,25,29,0.439552458029867,0.588737026873826,27.6848371355357,27.8983455740466,27.8877904859089,27.7405017950446,28.0141655272599,28.0722890947695
"Q9UPN6",5,5,3,3,5,5,0.459804508165489,0.607655899840951,25.9090443151298,26.2149159396345,25.5589164427502,24.7730193504479,26.0487896242666,25.9385926056141
"Q9UPN7",5,6,8,7,5,7,0.213473996181513,0.374371390768862,26.17106961055,26.3443899366182,26.5214713108064,26.8198555551864,26.3293674049006,26.6275042520966
"Q9UPN9",6,6,8,6,7,8,0.268061294025689,0.426711549151738,26.5604067047815,26.6177420366413,26.4483150433155,26.1036057444595,26.5504513750026,26.4074827352229
"Q9UPT5",0,1,1,2,2,2,0.00104067490960508,0.00843260912543228,NA,21.8750508164168,21.5911870948631,23.3063330693879,24.0435033019169,23.5593752730879
"Q9UPT8",5,8,6,7,6,7,0.217612513190208,0.378285642603771,25.7987710458471,26.3287516453958,25.9282487591829,26.2583493825284,26.1299059675716,26.4118674105181
"Q9UPU5",6,8,8,5,6,8,0.789894113045851,0.861899350469265,25.6695783804344,25.83250598679,26.0272421681002,25.7937265679411,25.6245999783047,26.2883196070671
"Q9UPW6",0,2,3,1,2,2,0.185275680019949,0.343091830956436,NA,24.6941723499294,25.0834521040483,23.6067866476686,24.4898993838919,24.7477436454869
"Q9UPY8",1,0,1,2,2,3,0.0028902054602673,0.0172129468795554,22.7160364067738,NA,23.2312847790669,24.0132703974145,24.1546336019239,24.2294509324487
"Q9UQ35",25,24,24,24,24,23,0.138498729702539,0.287559831052306,29.9016205374357,29.780882793816,29.8713342214086,29.9671223419355,30.0338099057131,30.1191229734699
"Q9UQ80",18,17,17,17,17,17,0.166274947210181,0.320738397113253,32.225101099898,32.1299168010573,32.1139257498435,32.2252653429019,32.3900970163885,32.3898280042196
"Q9UQB8",3,3,3,2,3,2,0.0448823567085467,0.1359583740401,24.731125879046,24.8330867819029,24.9400772823566,24.6606417509794,24.4644680693561,24.3342900513894
"Q9UQE7",18,21,20,16,17,17,0.914074532749447,0.942378219250205,28.3964290717538,28.4793383535016,28.7343224556663,28.3246857299166,28.5782465370605,28.6548606197575
"Q9UQR0",5,5,5,7,3,3,0.726112149550967,0.814488228731623,24.760085742659,25.0792733937318,25.1088054296142,25.5853735265133,24.4452646015629,24.5505032639404
"Q9Y221",3,2,3,4,4,4,0.00197848087687432,0.0131571862395053,25.8447641196718,25.2275613710616,25.6204920621289,26.8893075785255,26.5786479297642,26.5131471140011
"Q9Y223",2,2,1,1,1,2,0.871592234198023,0.91512169675751,23.7334548730797,23.690788852894,21.573495946867,22.867019595947,22.2361830262983,24.2942608439814
"Q9Y224",8,7,7,7,9,7,0.0854851145015886,0.210915680019604,28.1548488263741,28.0573829267307,27.9070151116892,28.1918923838441,28.5402974779477,28.2871350940702
"Q9Y230",14,15,15,14,15,15,0.491649257749965,0.636104343124033,30.2652042224607,30.3238011152646,30.156979187929,30.1393576328153,30.4389802610354,30.4735444250842
"Q9Y232,Q9Y6F8,Q9Y6F7",2,2,2,2,2,1,0.751108876512414,0.834118474841682,24.5900108096541,23.7947123996767,23.8579086033529,24.5200715041018,24.1001858179015,23.9016569064823
"Q9Y237",3,3,3,3,3,3,0.840091665693669,0.893772896197415,26.1505634719713,25.9047336976656,25.8613002646777,26.0528014577511,26.0265508706995,25.9188432738635
"Q9Y244",5,5,5,5,6,6,0.226872590706382,0.387369602037604,27.4493229178748,27.2601336004038,27.1623357101534,27.5318532382159,27.4295186940106,27.4179623136894
"Q9Y262",16,14,16,15,16,14,0.0913253986533616,0.22102199928734,29.1060010164797,29.0846836155524,29.075942795169,29.3640375516964,29.4822329628346,29.1748498079297
"Q9Y263",4,2,3,2,2,3,0.650341789580812,0.756835035151636,24.8765116161639,24.0681450349773,24.5783055464531,24.4625637483373,24.5973800850708,24.8000516550105
"Q9Y265",15,16,14,16,15,15,0.0399391639338115,0.125656873011067,30.4305387503799,30.361583267683,30.3681164331848,30.7452582364132,30.6220542826225,30.6325706161909
"Q9Y266",12,12,12,12,12,11,0.629537734251591,0.741073810662809,31.3284977535803,31.3670990722363,31.2513206161078,31.1835916039757,31.5119486329802,31.4548144531073
"Q9Y276",2,3,2,2,3,3,0.700846196056645,0.796328853402345,24.4644039822623,24.650779754416,24.1403648168148,24.22257816346,24.6338671875135,24.6367026303616
"Q9Y277",9,9,9,9,9,9,0.601929958629977,0.721008322975531,28.9193099106329,28.7079216053309,28.7529419474555,28.9928508288297,29.0000160573101,28.6365716370314
"Q9Y285",15,14,14,15,13,15,0.0739554839290226,0.190828573350793,28.7805719665983,28.6966819805852,28.6643441088679,29.04440553663,28.8398495387365,29.4597465584774
"Q9Y289",2,3,3,3,2,2,0.634334389023639,0.743913508621002,24.3894400551077,24.7701399391882,24.9254469675973,25.0452351344913,24.5217993239309,24.8321154349033
"Q9Y294",3,3,2,3,4,3,0.325287953046476,0.485749146251399,26.2496677299561,26.3430070338169,26.1334584328014,26.1231965630898,26.6145400667068,26.5321432748082
"Q9Y295",6,5,7,6,6,5,0.251324923003897,0.411839627950293,27.0409997493379,26.9077301138911,27.8034879323502,28.1779986529962,27.5951868980108,27.2672204690732
"Q9Y296",1,0,1,0,1,1,NA,NA,NA,NA,NA,NA,23.8128877340127,NA
"Q9Y2A7",3,4,5,4,5,6,0.122042914432571,0.26642792449819,25.0270176566568,25.1300887757348,25.3058493778544,25.2164821685118,25.4959888549414,25.5589329660282
"Q9Y2B0",5,4,5,4,4,5,0.233260185312088,0.394483922458364,26.8985754406761,26.7580445330958,27.123878945987,27.0175536115771,27.0227899325923,27.4691007834964
"Q9Y2I9",1,1,1,1,1,0,0.014218444930668,0.0589677688851887,23.217434839126,24.2515007038674,23.1287589356939,22.1510459618148,21.9301989499937,NA
"Q9Y2K7",2,2,2,2,2,2,0.0386467184975034,0.122820317691293,24.1075112540816,24.6800832847478,24.3171019109954,24.6624875658115,25.2436213741594,24.9689157823995
"Q9Y2L1",6,4,5,9,6,9,0.0154000429569041,0.0621725628047756,26.0747765282216,25.4185054576699,25.4975297065704,26.6515533499207,26.1971462391024,26.4644294073936
"Q9Y2P8",4,4,3,4,5,5,0.26349112452962,0.422957955701663,25.7998271102253,25.6657621183476,25.4541851762008,25.7211038969427,25.9082475969262,25.8011974584307
"Q9Y2Q3",7,6,7,6,7,7,0.130295529815228,0.276659866215325,27.7473216195715,27.7839168539057,27.7087313467317,28.1741556967671,27.8597681284432,27.8958239438826
"Q9Y2Q5",2,2,2,2,2,2,0.16520318071122,0.319617010349696,23.0037046552108,24.2611512877017,24.3410528374626,24.433262322601,24.436395700758,24.5269512826703
"Q9Y2Q9",2,2,2,1,2,2,0.858286891949113,0.905528399877857,24.7466588215944,24.7006428669445,24.6419159741203,24.6018197108583,24.7579015404927,24.6685196930001
"Q9Y2R5",2,2,2,2,2,1,0.529405383561514,0.66377124444115,25.0346868001184,24.8447772837179,23.6309416871047,25.4450322160433,25.116322932301,24.0046361213314
"Q9Y2R9",6,6,6,5,7,7,0.672125176145819,0.774888818189847,27.0860062754713,27.0703283225753,27.0290951144947,26.701255871042,27.4333957649165,27.3401418620556
"Q9Y2S7",3,4,3,3,3,3,0.619634573680457,0.734036075079264,24.6875273155683,24.9938068425875,25.8278103995313,25.4664308811202,25.4469869544674,25.0950049340247
"Q9Y2T2,P53677",4,3,4,4,3,3,0.699482816287773,0.795408714043143,25.4326857751439,25.4627931909709,25.5743711735199,25.759285495574,25.3132616525073,25.5810744695476
"Q9Y2V2",3,3,3,3,3,3,0.0966438270380495,0.22965796799042,27.1475539489215,26.7985408717356,26.7018886860664,27.563109767983,27.0279274285044,27.2383348385885
"Q9Y2W1",15,13,13,15,14,15,0.302247414802825,0.461927204800833,29.1063660886596,29.0991561845443,29.1090014981245,28.9585187522255,29.4470243740952,29.5041827456122
"Q9Y2W2",7,7,8,7,7,7,0.00985008988129839,0.0445751730543118,27.3308909313868,26.9123505169355,27.2729560314023,27.8282437539747,27.6315312649976,27.9577397359668
"Q9Y2X3",11,11,11,11,11,10,0.677979374693804,0.780061010681749,28.6625527615108,28.4510712839511,28.433234527776,28.5352874517616,28.665978157994,28.5073919830009
"Q9Y2Y0",2,2,2,1,2,2,0.269386073633981,0.42850044209143,23.8367168714383,23.3238306330197,23.088572077251,23.5553717378228,23.6552079642351,23.8497158732523
"Q9Y2Z0",12,12,10,11,10,11,0.707571268195312,0.80217199938047,28.5884999152811,28.6802907987582,28.5089749159811,28.7145463026542,28.4002486664692,28.8447179585132
"Q9Y2Z4",2,2,0,1,1,2,0.0179316891350569,0.0699182613966921,27.4872516665021,27.4155723622882,NA,24.4442554698578,23.9082747768175,26.2285299763597
"Q9Y305",1,1,2,2,2,2,0.0955882099184979,0.228191215933118,23.7971854983993,24.0943365727267,24.4296517485731,24.3858149335672,24.4711808642216,24.5889759480463
"Q9Y312",2,1,3,3,2,3,0.213527917312709,0.374371390768862,23.3431736928406,20.893115167582,24.5158943601733,24.0655810467799,24.0295775659856,24.444768451607
"Q9Y314",6,5,7,6,6,5,0.339906552242107,0.498762847001766,27.2739305304683,26.5894160418544,26.8433994056938,27.4202298937694,26.8343886314046,27.2033862383027
"Q9Y316",2,2,2,2,2,2,0.190221248240671,0.347530992279818,24.940456396036,25.2929218023806,25.2491400682024,24.4046469413869,24.6915427207147,25.2671358560096
"Q9Y333",2,2,2,2,2,2,0.0808530450615708,0.202443244550431,27.3273297890127,27.950177509788,27.9868625138065,28.5020387955526,28.0301771483345,28.2170732728498
"Q9Y371",2,3,5,3,4,4,0.493817382695473,0.638185524038739,24.1809371210148,25.092293315729,25.7789581307282,24.8254341651207,25.7860412140532,25.4547587315919
"Q9Y376,Q9H9S4",6,7,7,6,6,7,0.250610487031893,0.41125361217248,26.7639357836,26.8943758527805,26.9724445686051,26.8835890742738,27.0502683005568,27.2292424655686
"Q9Y383",12,12,12,12,12,12,0.642581844079129,0.750885853660089,29.5114151120275,29.3538345747165,29.2321544691021,29.2098217728846,29.6238967391775,29.4947287928454
"Q9Y3A2",1,2,1,0,1,1,0.287605711817917,0.448260081077328,23.1283862686662,24.0788886703886,22.336134709395,NA,22.8093990291669,22.2123542575906
"Q9Y3A4",3,3,3,2,2,3,0.38587643080551,0.538668383517361,25.3748561960833,25.0201319779236,25.4299723593468,24.9339149809812,24.9332795301536,25.4055467883617
"Q9Y3A5",8,9,9,6,9,8,0.339904083667793,0.498762847001766,28.5222737720523,28.4142907209714,28.5306563034373,28.3890956568595,28.8284402516808,28.7227007516849
"Q9Y3B2",5,6,6,4,4,5,0.760611337071777,0.840782389077162,26.4707171439218,26.8665816540363,26.8280739665765,26.5144791787186,26.6287132589501,26.8614882634808
"Q9Y3B4",4,4,4,3,4,4,0.87826729359625,0.92001271949164,27.6172393349302,27.2913377079045,27.4285290494425,27.211643271958,27.5568633249021,27.6494826211921
"Q9Y3B7",3,3,3,3,3,2,0.410323600106863,0.560447983139972,26.0272549693481,25.2149796024565,25.4615743567327,25.9040704700477,25.4527009014729,23.8188304753527
"Q9Y3B8",1,1,2,3,2,2,0.0682823857706834,0.180896773452879,24.0109801219004,25.6422359500226,25.9987083323632,26.5661389964212,26.2212821718575,26.4035928444433
"Q9Y3C1",4,4,4,5,4,4,0.429148003970753,0.579402216652696,27.1701887459471,27.2490623935945,27.1268484737062,27.4329640448224,27.1904117471167,27.2308920042335
"Q9Y3C6",3,2,4,3,3,4,0.333316227530819,0.492897448945088,27.5049115921898,27.3459168674797,27.5097650441792,25.9083413049687,27.4142882011116,27.5872689851815
"Q9Y3C8",1,2,2,2,2,2,0.335409062829038,0.494549497293495,23.8071703547486,23.8037990688758,23.5970806755189,24.6262894788448,23.6545599987892,23.8011740837815
"Q9Y3D0",4,3,3,4,2,3,0.507582320052217,0.648443165521762,25.8686929707119,25.3426574590537,25.5823734453702,26.3064633338357,25.1712638825479,26.0064822583748
"Q9Y3D3",1,2,1,1,1,1,0.326613030574202,0.487090109669666,24.3995947392663,25.484873110153,24.5976991535093,25.5851050994054,25.3416367891754,24.7269766481616
"Q9Y3D6",1,2,2,1,1,3,0.522441828536729,0.659235782650572,24.5118476394002,23.9914302015708,25.338635714513,24.501274369025,24.1928014063916,26.627108722268
"Q9Y3D7",2,2,2,2,2,1,0.423681548275289,0.574080031476025,25.6309678108984,25.6386570889505,24.91449060421,25.9619921895199,25.1080166406786,23.3759403753193
"Q9Y3D8",2,1,1,2,1,1,0.969742784570961,0.980605609856955,25.6045563243195,22.3110224054968,22.8077028829985,25.5028028172556,22.5471701001302,22.5316699977205
"Q9Y3D9",5,4,6,4,4,6,0.80270848755125,0.868997655483816,26.929629935061,26.4938736994436,26.6247463547732,26.567600280478,26.2627528731475,27.0318241986869
"Q9Y3E1",1,1,1,1,1,1,0.373570322521427,0.526483722997451,22.7465435212914,22.3893822413491,22.8849615509433,22.7853274378832,22.6808144284245,23.1068013863323
"Q9Y3E5",3,3,3,3,3,3,0.486014627999038,0.631723947524221,25.2393802174825,25.3901999917973,26.0212257689246,25.8632278715204,25.7158160614797,25.5907349859333
"Q9Y3F4",14,15,16,14,15,16,0.348962976367542,0.505670959576221,30.0013848736091,29.9368986137884,29.7366192034188,30.1151609223847,29.9926326030802,29.9524611451336
"Q9Y3I0",11,13,12,12,12,12,0.238049139406192,0.399698260570868,29.1304797858332,29.7038729456654,29.6525441389639,29.6648669304385,29.7586441746767,29.7934984417402
"Q9Y3I1",3,2,2,2,2,3,0.252259253543176,0.412475524969164,24.6640338818256,24.1044753103311,24.2923352564332,24.7797789191178,24.2664895471107,24.9170540114408
"Q9Y3L3",2,2,2,3,3,2,0.0488525849454801,0.145189245942202,NA,NA,24.454763000143,23.1792929269362,22.3034987849364,NA
"Q9Y3Q8",5,3,4,4,3,4,0.788559641284676,0.861036161689969,25.9205624387638,25.1078734016454,25.6404621677227,25.8463599130717,25.2930866617264,25.7519339735882
"Q9Y3S2",2,2,1,2,2,1,0.560131355478044,0.687653187214972,24.6286236165232,24.3968656707153,22.9915002951274,23.9121448514024,24.4369987080984,22.4349073837093
"Q9Y3T9",7,8,7,7,7,6,0.852274658470302,0.901447190310904,26.8334365081013,27.3448263675102,27.235769361225,27.1636889684405,27.2534970037754,27.0947761043148
"Q9Y3U8",2,3,2,3,3,3,0.620485210635848,0.73448583599866,28.9252433911382,29.1598595441669,28.9923227686869,28.876580292591,29.3073325103589,29.1370824997661
"Q9Y3X0",5,4,2,4,5,5,0.341913205197224,0.500639746583819,26.0176602197429,24.9951419846229,24.7870942600213,24.964831988846,26.1411205745765,26.1438770343454
"Q9Y3Y2",2,2,2,2,2,2,0.582396661627929,0.706996692481802,25.6975524098642,25.7120998961081,25.7844639278575,25.5409469049674,25.7585348768853,25.6939963385592
"Q9Y446",9,10,9,9,11,8,0.125202468447769,0.27082677148351,26.4422568742117,26.8618120744154,26.454763000143,27.3808556554353,27.4618223305929,26.5095752007111
"Q9Y448",1,1,2,1,2,2,0.163728553015103,0.31757213386688,23.6328716174611,23.5313201508743,23.7158704254888,23.5661559966044,24.0714434329155,24.1204443502882
"Q9Y450",11,13,11,15,14,11,0.203375374676573,0.362138352566169,27.6828802241827,28.1849391215076,27.8006497582345,28.4442462203601,28.18138699106,27.9213724774774
"Q9Y478",5,4,4,4,4,2,0.837340836930294,0.891469987882381,25.6893279836015,25.2750187421783,25.2745338373882,25.6666478911943,25.4798756921184,24.9396547697845
"Q9Y483",1,1,1,1,1,0,0.621434721939224,0.735182328942888,21.9578505464502,22.5392332833647,22.7116923105995,21.994514274378,22.4923527623117,NA
"Q9Y490,Q9Y4G6",68,67,67,71,71,67,0.092108147661775,0.222680111093279,31.5062316692095,31.4025122749605,31.4439066376363,31.687236269987,31.6361234343312,31.6522227219468
"Q9Y4A5",2,3,3,1,3,4,0.850544160909534,0.900630855058721,25.0380351613914,24.6557130137226,24.7890534526517,24.4266110192226,25.1248156083388,25.0680213370655
"Q9Y4B6",0,1,2,2,1,1,0.574851622826629,0.699966973532744,NA,21.9743372203747,22.9982039313249,23.4706073994849,21.1798364572677,21.3106819296897
"Q9Y4C2",4,3,3,2,2,3,0.503443579824362,0.645143149201893,25.5534041947947,24.7602274583736,24.7305207428042,24.4694880564174,24.6418007680739,25.2559572537043
"Q9Y4C8",6,6,5,6,6,6,0.177059530234537,0.333641295716629,25.6798493036147,25.3503865641825,25.1908354960998,25.7617518193241,25.564471946373,25.6460249453871
"Q9Y4E5",3,1,3,3,2,3,0.44946037950529,0.598177233471396,24.4494645946933,22.784058466458,24.6823529247695,24.4417374183259,24.0389425138508,24.7396190536519
"Q9Y4E8",25,26,25,22,25,26,0.107633273256368,0.245634313454502,29.3178548779961,29.281720462612,29.3466782711054,29.3684067323936,29.6040865419957,29.859553434712
"Q9Y4L1",18,20,22,22,21,22,0.128818281685477,0.27541781248101,29.0385296826256,29.1553881216466,29.2618553036432,29.4087338787399,29.3043148853497,29.3563596164429
"Q9Y4P1",1,1,3,2,1,2,0.483466855586015,0.629804624552656,25.0406236312256,22.6414877305138,25.1690095181694,23.5303552751765,22.650900014265,24.7425433376994
"Q9Y4R8",7,5,7,5,6,6,0.789820889154339,0.861899350469265,26.1385314638484,25.506464154498,26.2842306207225,25.5997617050211,26.1036556074988,26.0103696714047
"Q9Y4W2",15,13,13,14,13,14,0.509201072141371,0.649601591473416,27.9551115722405,27.6247674316569,27.8404880128832,27.9931669805284,27.7372111789672,27.9995419364677
"Q9Y4W6",6,6,7,5,10,9,0.30940725780656,0.468475243980594,26.3240882532724,26.7054314673441,26.4513452244158,26.4294733432864,27.0001435770911,26.6983705828163
"Q9Y4X5",2,2,2,2,2,2,0.350877094612435,0.506230646939257,24.2443698410242,24.4508415479093,22.0478743891671,23.9829264631077,24.5664367433444,24.2168192008922
"Q9Y4Z0",2,2,1,2,0,0,0.326042222472624,0.486716171112602,25.8721056314506,26.0806016491814,23.1683691457318,26.5998447459541,NA,NA
"Q9Y508",7,5,7,5,6,7,0.665051106638485,0.769455528400905,26.7813460012687,26.6101377699187,27.008759495473,26.6612307588,27.1909704331946,26.8090997187394
"Q9Y512",2,2,2,2,2,3,0.556209781211845,0.684648354702691,25.74319579775,26.020423416749,25.831799299316,24.9141230138615,26.105268829774,25.9497276052272
"Q9Y520",16,14,17,16,15,15,0.146223345481969,0.295677813049628,28.0020490839568,27.7857395895125,27.9433094527369,27.9781046765924,28.2096727599494,28.1911744247351
"Q9Y547",4,4,4,4,3,3,0.797061204304995,0.865760289056997,27.362551726113,25.6317587813003,24.7845057166402,26.3597875018022,25.7791318980605,25.0638188563612
"Q9Y570",5,6,6,6,5,6,0.134845352515756,0.283094568880294,26.7550796080139,26.9081239162795,26.3964873702668,27.4871217774246,26.7867658111852,27.0139844633983
"Q9Y5A7",5,4,3,6,3,5,0.247815441529605,0.408282428406666,24.5316551954265,24.4602711369199,24.5413914759653,24.7416312241679,24.4249664050664,25.1319759705296
"Q9Y5A9",10,10,9,9,11,11,0.460854432635233,0.608514593829792,27.7737990692295,27.9441895251616,27.3910772147215,27.3410722200036,28.3839715606192,28.1209032689337
"Q9Y5B6",5,4,4,6,5,5,0.00509793210341695,0.0269445703484211,24.4191135523655,24.5791897990807,24.1723348805515,25.7400648453001,25.5664367433444,24.9832442911353
"Q9Y5B9",21,20,20,21,21,18,0.272364317439038,0.431732458706356,29.4500975430237,29.3950862488606,29.4515426240249,29.6326389262944,29.5661094629487,29.4849578500182
"Q9Y5J1",7,6,6,7,6,6,0.0638964699279379,0.174109407387968,26.8017427267872,26.3165658377301,25.9645911708034,27.1381859761697,26.8716652687213,26.7529252756605
"Q9Y5J7",3,3,3,3,3,3,0.375775741993058,0.529101523139608,27.3189214939972,27.3272653245017,27.5726419683588,27.428295426934,27.5064942028881,27.6727290305356
"Q9Y5J9",4,3,3,4,3,3,0.177667345808526,0.333779641401915,27.0976917550938,26.7128890241048,26.7076298845917,27.3798888312195,27.04050571174,26.9425610991419
"Q9Y5K5",8,10,11,11,11,10,0.204797445383847,0.36362090794234,29.2055086037285,29.1448379360084,29.2739795691757,29.4392196050637,29.3245433279424,29.3257519793766
"Q9Y5K6",11,11,11,11,12,12,0.10101275342953,0.2355893263318,28.0126350702173,27.8011405619491,27.9839540367106,28.0498866759716,28.1840273869187,28.3548276388034
"Q9Y5K8",3,4,4,2,4,4,0.618082375524482,0.732577759714909,24.5750899202605,24.8752280724661,25.0697664916605,24.2529733837394,25.3634898670897,25.4732437176938
"Q9Y5L0",16,15,16,14,14,15,0.220460412178704,0.381134947146012,28.8857415558101,29.5958166650567,29.2592264854216,28.8274638613125,29.0217539534735,29.0430854278906
"Q9Y5L4",4,4,4,5,4,5,0.0279147523502439,0.0962563115811132,27.8184995958548,27.8116506047017,27.8926934061925,28.7731592710004,28.0499603679521,28.4724806664724
"Q9Y5P4",3,3,1,3,5,2,0.101790806243429,0.236923294940062,24.5333270326369,24.0672990035553,22.406009137052,24.4486883971154,25.7463928701015,24.5850170417754
"Q9Y5Q8",5,5,6,5,5,5,0.715115150033049,0.806116954398509,26.3460569014804,25.9490967210819,26.0921554067483,26.1081198346805,26.0967553657256,26.0210063596985
"Q9Y5Q9",2,2,1,2,2,2,0.00577657804388291,0.029498088045975,23.1346555256507,22.8665978640019,22.9375464551672,23.4538429888004,23.8177577910177,23.57804906486
"Q9Y5S9",4,4,4,4,4,4,0.169171249368121,0.324132397991334,28.5899867120567,28.7092498066905,28.6390588941606,28.7697679020942,28.8012550320546,28.8658251795856
"Q9Y5T5",2,1,0,1,2,2,0.920018891992097,0.945937837563207,24.1286340236632,22.4063190307093,NA,22.593289761311,23.2235513822743,24.2121854983007
"Q9Y5X1",8,9,10,9,9,8,0.10291524070622,0.238959594630632,27.3477110958925,27.4087005549759,27.4586965526322,27.5925354772602,27.6117220252314,27.6071926820673
"Q9Y5X3",4,5,3,5,6,6,0.015015883796207,0.0609607127691585,25.5514585060053,25.970616699876,25.1780404525919,26.2313739970653,26.4962962711118,26.28878647169
"Q9Y5Y2",3,2,4,1,2,3,0.329363447532592,0.489398888089921,24.8021310924052,24.3467886743594,25.8032920197757,24.2100992241783,23.2290630512471,25.4358832807465
"Q9Y5Z4",3,4,3,4,3,3,0.402335719681607,0.553126709072514,25.9496755681236,26.3281631865779,26.1342620575771,26.3925031649023,26.1013274916943,26.3350006272405
"Q9Y606",5,6,5,3,5,5,0.513536831405056,0.652578001356508,26.1771778756213,26.7289160206125,25.9942346320426,25.7455997955321,26.4100522777551,26.1908979088166
"Q9Y608",2,2,1,1,3,2,0.860349721008412,0.906674818606212,23.5846673693595,23.9031541332215,23.9248783730048,22.3097323738308,24.7316616964654,24.0316648200919
"Q9Y613",6,6,6,7,8,8,0.136702147048957,0.285678055353798,26.4464332188722,26.3263374373847,26.6238124204206,26.5888585416624,26.8683160042086,26.669083355848
"Q9Y617",14,14,16,14,16,15,0.463100190354817,0.610772786469695,29.7751420646366,29.8210393932616,29.7734049220436,29.7158303251851,30.2540585249875,29.8033346377446
"Q9Y624",2,1,1,2,1,2,0.138657937402915,0.287559831052306,24.4176660079297,23.4533801257875,23.6238591314999,25.0179016862781,23.8046174479193,24.7805984455375
"Q9Y676",4,5,4,3,5,4,0.631850287823866,0.741956502716211,25.7755376564398,26.0916693726453,25.7692351812638,25.4187619997569,25.9731139740255,25.9406312706367
"Q9Y678",15,15,15,14,14,15,0.422825864474891,0.573404159849718,27.5035476639002,27.6053494908365,27.4590238650734,27.6422460743837,27.4581138392742,27.8222899008155
"Q9Y696",10,10,10,8,10,11,0.795127351477174,0.864689148376369,27.6754802229272,27.6635363211378,27.6142045725701,27.4977670410306,27.7452977991737,27.8148997387765
"Q9Y697",6,7,4,6,4,6,0.361126588967556,0.515636775859152,25.5201675860365,25.4356521407668,24.6896457188776,25.8383301019037,25.3905141853841,25.2571165105291
"Q9Y6A4",2,1,1,1,1,2,0.741408819362771,0.826565746317927,24.516520833535,23.9162124217609,23.8620330848099,23.4684115051309,24.2254549391136,25.0481072088394
"Q9Y6A5",11,9,10,10,12,10,0.149019767093564,0.299220148539102,27.6084633577637,27.4365396380399,27.4671175471198,27.6088016544071,27.888227045009,27.6633082045308
"Q9Y6B6",0,0,1,1,0,2,0.331796201361251,0.491286683093161,NA,NA,24.976931389968,25.1588497824409,NA,26.3975450288471
"Q9Y6C9",5,5,4,6,5,4,0.88794015946689,0.926528592746559,27.7403904319865,27.7692514667239,27.5708258867483,27.7632948405561,27.6239381156754,27.7451093835301
"Q9Y6D9",5,4,3,6,3,4,0.0871292112986796,0.214046021510273,25.4584326992521,25.5621501406247,24.8554839386366,26.3377898623293,25.713080327611,25.5858042649645
"Q9Y6E0,O00506",3,4,4,3,3,3,0.764359235135691,0.843902911589793,25.1159261038158,25.2535165726705,25.186857125918,24.9280005567176,25.3546207715172,25.4313294771773
"Q9Y6E2",10,9,9,8,8,9,0.400633350412604,0.551672002590492,28.6401903193357,28.3883100041827,28.3050994776869,28.5814764367314,28.5712683993986,28.5356246919355
"Q9Y6G9",10,11,8,11,9,10,0.536154547447904,0.668460605690375,28.1011339329141,28.3832909458877,28.079778958793,28.0914671612224,28.2849767744886,28.509610963655
"Q9Y6H1,Q5T1J5",3,3,3,3,3,3,0.936015548615533,0.95708104100562,27.5671142631222,27.4924956731007,27.277268579703,27.1263591289895,27.5738409661304,27.6839280603163
"Q9Y6I3,Q9H201",1,1,2,1,1,2,0.653890590092356,0.75934107292159,24.6516496311129,22.6961439184506,25.1185514957748,24.5637740196767,24.0879514153636,24.7323803746677
"Q9Y6I4",2,3,3,2,2,3,0.191192431196311,0.348570661108673,23.4391567935238,23.3510818947644,23.9019488528202,23.770011461572,23.6834341121542,24.2465808493149
"Q9Y6K9",2,2,1,2,3,1,0.140163687842284,0.288941140504518,23.8937419387108,23.8883807560766,22.2013473366722,24.525607266691,24.9035922888968,23.5576052306411
"Q9Y6M1",9,6,7,8,6,8,0.104877356012816,0.241397829531013,26.8088001910636,26.3490819153825,26.7800483972006,26.8845437337865,26.975450743252,27.0114611216544
"Q9Y6R4",0,1,1,1,1,2,0.225476927956546,0.386029832484521,NA,20.6344411462496,22.6432899738924,22.0569351947723,22.6083832835398,23.0979992559846
"Q9Y6V7,P38719",2,2,2,2,2,3,0.463935891697433,0.611168217708256,24.3238757555926,23.9411332721583,24.0928305097278,24.79361040892,23.8869173525816,24.2833916519602
"Q9Y6W5",2,2,2,2,2,2,0.189758718921114,0.347238995611848,23.9173906672463,24.4896172612248,24.5962238834275,24.2804222380323,24.9140795252571,25.0950812025297
"Q9Y6Y8",2,2,1,3,1,2,0.245253854898994,0.405379741322177,23.1443849905418,23.6545399573419,22.9268182535966,24.3847357643262,22.8874689469454,24.1613007231153
"Cont_A0A3Q1M3L6",1,1,1,1,1,1,0.62156910187039,0.735182328942888,26.0458569574597,26.1755484954904,26.1898419315882,26.6832956485682,25.8796164726624,26.1955825949846
"Cont_Q1WEI2",13,12,13,13,12,13,0.802068279657686,0.868716878394673,33.5882636950358,33.408004609453,33.3365334373096,33.3802544878081,33.4566277694425,33.4025705855559
